time_s,Test_ID,command_pct,rpm,thrust_n,torque_nm,shaft_power_w,voltage_v,current_a,electrical_power_w,motor_temp_c,esc_temp_c,vibration_x_g,vibration_y_g,vibration_z_g,airflow_mps,ambient_temp_c
0.000000,0,0,0.00,0.0867,0.00000,0.00,50.319,1.229,61.86,22.001,22.001,0.001449,0.003202,0.002632,0.010,22.000
0.003906,0,0,0.00,0.0000,0.00442,0.00,50.306,1.157,58.22,22.002,22.001,-0.000034,0.001654,-0.001250,0.055,22.000
0.007813,0,0,0.00,0.0712,0.00522,0.00,50.304,1.281,64.44,22.002,22.002,0.000976,0.006975,-0.001873,0.000,22.000
0.011719,0,0,0.00,0.0000,0.00000,0.00,50.302,1.205,60.63,22.003,22.003,-0.000090,0.001189,0.001485,0.000,22.000
0.015625,0,0,2.81,0.0028,0.00000,0.00,50.277,1.238,62.24,22.004,22.003,0.000828,0.005167,0.002026,0.000,22.000
0.019531,0,0,0.00,0.0962,0.00063,0.00,50.316,1.015,51.06,22.005,22.004,0.000914,0.006899,0.002892,0.026,22.000
0.023438,0,0,1.81,0.0000,0.00114,0.00,50.332,1.158,58.27,22.005,22.005,0.000465,0.004472,0.002625,0.026,22.000
0.027344,0,0,0.31,0.0478,0.00000,0.00,50.295,1.155,58.07,22.006,22.005,0.002400,0.004829,0.002002,0.000,22.000
0.031250,0,0,5.64,0.0000,0.00000,0.00,50.274,1.199,60.27,22.007,22.006,0.003318,0.003856,0.003256,0.041,22.001
0.035156,0,0,2.71,0.0365,0.00000,0.00,50.308,1.212,60.95,22.008,22.007,0.000790,0.004557,0.000612,0.000,22.001
0.039063,0,0,0.00,0.0000,0.00172,0.00,50.300,1.170,58.86,22.008,22.007,0.000362,0.005434,0.003012,0.000,22.001
0.042969,0,0,1.86,0.0356,0.00000,0.00,50.316,1.142,57.45,22.009,22.008,-0.000769,0.006666,-0.000778,0.000,22.001
0.046875,0,0,4.18,0.0000,0.00000,0.00,50.332,1.026,51.62,22.010,22.008,0.000506,0.005901,0.000520,0.077,22.001
0.050781,0,0,3.03,0.0000,0.00000,0.00,50.306,1.215,61.11,22.010,22.009,-0.000413,0.001887,0.000469,0.075,22.001
0.054688,0,0,1.53,0.0363,0.00000,0.00,50.315,1.158,58.29,22.011,22.010,0.000629,0.002720,0.003025,0.000,22.001
0.058594,0,0,1.89,0.0320,0.00000,0.00,50.300,1.163,58.52,22.012,22.010,0.000077,0.003483,0.002013,0.113,22.001
0.062500,0,0,1.29,0.0117,0.00000,0.00,50.306,1.161,58.42,22.013,22.011,0.002473,0.004248,0.000344,0.091,22.001
0.066406,0,0,7.42,0.0000,0.00221,0.00,50.290,1.112,55.90,22.013,22.012,-0.001113,0.006437,0.000648,0.056,22.001
0.070313,0,0,0.04,0.0000,0.00000,0.00,50.312,1.045,52.57,22.014,22.012,0.000125,0.004027,0.000236,0.000,22.001
0.074219,0,0,7.93,0.0000,0.00276,0.00,50.294,1.145,57.59,22.015,22.013,0.003424,0.005493,0.000640,0.003,22.001
0.078125,0,0,0.00,0.0118,0.00448,0.00,50.312,1.254,63.08,22.015,22.013,0.000778,0.003093,0.000753,0.089,22.001
0.082031,0,0,3.86,0.0450,0.00894,0.00,50.291,1.152,57.95,22.016,22.014,0.003300,0.001976,0.003961,0.049,22.001
0.085938,0,0,0.00,0.0193,0.00277,0.00,50.310,1.128,56.77,22.017,22.015,-0.001866,0.001195,0.000638,0.063,22.001
0.089844,0,0,5.44,0.0364,0.00000,0.00,50.306,1.281,64.43,22.018,22.015,0.000705,0.002390,0.004459,0.000,22.001
0.093750,0,0,5.72,0.0026,0.00792,0.00,50.318,1.078,54.23,22.018,22.016,0.005179,0.005318,-0.000183,0.000,22.002
0.097656,0,0,1.85,0.0000,0.00326,0.00,50.299,1.058,53.19,22.019,22.017,-0.000676,0.003334,-0.001305,0.000,22.002
0.101563,0,0,0.00,0.0000,0.00000,0.00,50.293,1.249,62.82,22.020,22.017,-0.001034,0.004794,0.001878,0.018,22.002
0.105469,0,0,0.00,0.0000,0.00071,0.00,50.290,1.186,59.62,22.021,22.018,0.002516,0.005763,0.001436,0.028,22.002
0.109375,0,0,0.00,0.0000,0.00012,0.00,50.322,1.154,58.05,22.021,22.018,0.003403,0.003791,0.001552,0.000,22.002
0.113281,0,0,0.00,0.0000,0.00055,0.00,50.292,1.208,60.74,22.022,22.019,0.000469,0.004954,0.004471,0.000,22.002
0.117188,0,0,0.00,0.0182,0.01087,0.00,50.316,1.166,58.65,22.023,22.020,0.003007,0.005192,0.003085,0.076,22.002
0.121094,0,0,0.00,0.0000,0.00205,0.00,50.299,1.200,60.36,22.024,22.020,0.002225,0.004462,0.002249,0.089,22.002
0.125000,0,0,0.00,0.0505,0.00000,0.00,50.334,1.182,59.51,22.024,22.021,0.000136,0.007506,0.001762,0.000,22.002
0.128906,0,0,2.63,0.0000,0.00000,0.00,50.290,1.193,60.02,22.025,22.022,0.002619,0.005266,0.000881,0.000,22.002
0.132813,0,0,4.24,0.0290,0.00210,0.00,50.310,1.061,53.36,22.026,22.022,0.004068,0.004302,0.004172,0.100,22.002
0.136719,0,0,0.00,0.0041,0.00000,0.00,50.284,1.103,55.44,22.026,22.023,0.002473,0.003461,0.001309,0.118,22.002
0.140625,0,0,1.30,0.0000,0.00000,0.00,50.281,1.230,61.84,22.027,22.024,0.003872,0.004058,0.000999,0.067,22.002
0.144531,0,0,0.00,0.0000,0.00000,0.00,50.316,1.152,57.94,22.028,22.024,0.002343,0.001770,0.002109,0.000,22.002
0.148438,0,0,1.88,0.0000,0.00000,0.00,50.323,1.067,53.70,22.028,22.025,0.000233,0.008029,0.000079,0.010,22.002
0.152344,0,0,0.00,0.0413,0.00339,0.00,50.268,1.214,61.04,22.029,22.025,0.002565,0.005034,0.000291,0.000,22.003
0.156250,0,0,0.00,0.0408,0.00000,0.00,50.300,1.172,58.94,22.030,22.026,0.000379,0.003714,0.002277,0.000,22.003
0.160156,0,0,0.00,0.0472,0.00000,0.00,50.313,1.114,56.04,22.031,22.027,0.000299,0.004102,0.000735,0.050,22.003
0.164063,0,0,0.00,0.0807,0.00000,0.00,50.301,1.141,57.37,22.031,22.027,0.001652,0.005901,0.003266,0.000,22.003
0.167969,0,0,0.00,0.0671,0.00000,0.00,50.298,1.244,62.58,22.032,22.028,0.002455,0.004695,-0.000321,0.018,22.003
0.171875,0,0,1.50,0.0000,0.00000,0.00,50.307,1.211,60.90,22.033,22.029,0.000044,0.005490,-0.000426,0.000,22.003
0.175781,0,0,1.43,0.0068,0.00617,0.00,50.295,1.096,55.10,22.034,22.029,0.002763,0.002231,-0.000324,0.092,22.003
0.179688,0,0,2.32,0.0000,0.00000,0.00,50.286,1.228,61.77,22.034,22.030,-0.000279,0.007094,0.003069,0.000,22.003
0.183594,0,0,6.31,0.0000,0.00000,0.00,50.291,1.198,60.23,22.035,22.030,0.003297,0.004460,0.003344,0.000,22.003
0.187500,0,0,0.00,0.0855,0.00000,0.00,50.326,1.090,54.85,22.036,22.031,0.001041,0.002651,0.002126,0.000,22.003
0.191406,0,0,0.14,0.0442,0.00000,0.00,50.328,1.245,62.65,22.037,22.032,0.002454,0.000482,0.000250,0.000,22.003
0.195313,0,0,2.13,0.0788,0.00437,0.00,50.305,1.106,55.63,22.037,22.032,0.000172,0.002925,0.001991,0.096,22.003
0.199219,0,0,0.00,0.1040,0.00829,0.00,50.311,1.169,58.83,22.038,22.033,0.000092,0.003523,0.000985,0.000,22.003
0.203125,0,0,0.00,0.0000,0.00226,0.00,50.319,1.045,52.59,22.039,22.033,-0.003165,0.002478,0.001144,0.086,22.003
0.207031,0,0,0.00,0.1126,0.00000,0.00,50.301,1.182,59.44,22.039,22.034,0.001089,0.004593,0.002829,0.017,22.003
0.210938,0,0,0.00,0.1069,0.00633,0.00,50.297,1.071,53.87,22.040,22.035,0.000906,0.006479,0.001754,0.000,22.004
0.214844,0,0,5.49,0.0017,0.00000,0.00,50.327,1.134,57.06,22.041,22.035,0.000785,0.001024,0.001956,0.000,22.004
0.218750,0,0,4.04,0.0000,0.00000,0.00,50.312,1.140,57.34,22.041,22.036,0.003116,0.005005,0.002518,0.000,22.004
0.222656,0,0,2.60,0.0078,0.01319,0.00,50.287,1.162,58.44,22.042,22.036,0.005392,0.003854,0.000163,0.022,22.004
0.226563,0,0,0.00,0.0059,0.00545,0.00,50.307,1.279,64.36,22.043,22.037,0.000930,0.004011,0.001925,0.046,22.004
0.230469,0,0,3.24,0.0000,0.00411,0.00,50.296,1.156,58.14,22.044,22.038,0.005455,0.002453,0.002264,0.062,22.004
0.234375,0,0,2.11,0.0789,0.00224,0.00,50.312,1.046,52.64,22.044,22.038,0.003050,0.002158,0.000984,0.131,22.004
0.238281,0,0,0.00,0.0000,0.00000,0.00,50.310,1.077,54.17,22.045,22.039,0.002303,0.003925,0.000343,0.000,22.004
0.242188,0,0,1.60,0.0554,0.00010,0.00,50.296,1.120,56.31,22.046,22.040,0.002662,0.004707,0.003565,0.000,22.004
0.246094,0,0,3.61,0.0000,0.00090,0.00,50.315,1.191,59.94,22.046,22.040,0.002648,0.005402,0.001507,0.098,22.004
0.250000,0,0,0.70,0.0437,0.00000,0.00,50.306,1.233,62.04,22.047,22.041,0.000412,0.007106,0.001899,0.000,22.004
0.253906,0,0,0.00,0.0123,0.00582,0.00,50.294,1.254,63.08,22.048,22.041,-0.001631,0.004028,0.000374,0.000,22.004
0.257813,0,0,0.00,0.0000,0.00000,0.00,50.299,1.097,55.16,22.049,22.042,0.001950,0.001137,-0.000609,0.118,22.004
0.261719,0,0,0.00,0.0000,0.00000,0.00,50.295,1.110,55.81,22.049,22.043,-0.000200,0.004875,-0.000114,0.000,22.004
0.265625,0,0,3.05,0.0808,0.00000,0.00,50.311,1.097,55.21,22.050,22.043,0.000934,0.006052,0.001773,0.020,22.004
0.269531,0,0,0.23,0.0560,0.00363,0.00,50.320,1.099,55.32,22.051,22.044,0.002416,0.005716,0.002541,0.000,22.004
0.273438,0,0,0.00,0.0086,0.00590,0.00,50.333,1.131,56.93,22.051,22.044,0.002218,0.001582,0.003030,0.000,22.005
0.277344,0,0,0.84,0.0629,0.00392,0.00,50.309,1.251,62.94,22.052,22.045,0.004039,0.007033,0.002385,0.000,22.005
0.281250,0,0,1.00,0.0000,0.00137,0.00,50.317,1.257,63.24,22.053,22.046,0.002976,0.006234,-0.000911,0.039,22.005
0.285156,0,0,0.74,0.0000,0.00000,0.00,50.319,1.202,60.50,22.054,22.046,0.000684,0.003120,0.000567,0.057,22.005
0.289063,0,0,0.05,0.0262,0.00057,0.00,50.311,1.099,55.30,22.054,22.047,-0.000144,0.002583,0.001508,0.000,22.005
0.292969,0,0,0.00,0.0150,0.00000,0.00,50.324,1.083,54.50,22.055,22.047,0.000980,0.002316,0.000800,0.000,22.005
0.296875,0,0,0.00,0.0298,0.00263,0.00,50.325,1.145,57.64,22.056,22.048,0.001575,0.001062,0.003141,0.128,22.005
0.300781,0,0,1.88,0.0080,0.00753,0.00,50.309,1.234,62.07,22.056,22.049,0.003916,0.001457,0.002580,0.123,22.005
0.304688,0,0,0.00,0.0583,0.00000,0.00,50.297,1.169,58.81,22.057,22.049,0.000969,0.002286,0.001746,0.011,22.005
0.308594,0,0,2.94,0.0460,0.00071,0.00,50.309,1.134,57.07,22.058,22.050,0.002846,0.003244,0.001160,0.002,22.005
0.312500,0,0,0.17,0.0000,0.00804,0.00,50.308,1.091,54.91,22.058,22.050,0.004654,0.000248,0.001580,0.019,22.005
0.316406,0,0,2.57,0.0693,0.00000,0.00,50.318,1.353,68.07,22.059,22.051,0.001154,0.003770,0.002829,0.000,22.005
0.320313,0,0,0.00,0.0063,0.00013,0.00,50.319,1.215,61.15,22.060,22.052,0.001670,0.001167,0.000671,0.000,22.005
0.324219,0,0,0.38,0.0000,0.00344,0.00,50.316,1.201,60.45,22.061,22.052,-0.001386,0.003427,0.003668,0.000,22.005
0.328125,0,0,3.83,0.0742,0.00000,0.00,50.307,1.212,60.97,22.061,22.053,0.002215,0.001586,0.004712,0.003,22.005
0.332031,0,0,0.00,0.0000,0.00295,0.00,50.326,1.099,55.33,22.062,22.054,0.000548,0.002354,0.000652,0.030,22.006
0.335938,0,0,5.81,0.0000,0.00445,0.00,50.292,1.193,59.99,22.063,22.054,0.002676,0.005649,0.003826,0.000,22.006
0.339844,0,0,0.00,0.0191,0.00000,0.00,50.309,1.069,53.76,22.063,22.055,0.000263,0.000420,0.003951,0.037,22.006
0.343750,0,0,0.00,0.0031,0.00000,0.00,50.295,1.236,62.14,22.064,22.055,0.000305,0.005209,-0.000504,0.000,22.006
0.347656,0,0,0.00,0.0000,0.00399,0.00,50.294,1.222,61.48,22.065,22.056,0.001858,0.003284,0.001395,0.000,22.006
0.351563,0,0,1.02,0.0026,0.00952,0.00,50.297,1.167,58.68,22.066,22.057,-0.002659,0.001259,0.000807,0.021,22.006
0.355469,0,0,0.00,0.0000,0.00085,0.00,50.300,1.125,56.57,22.066,22.057,0.001844,0.001786,0.003230,0.000,22.006
0.359375,0,0,1.57,0.0000,0.00056,0.00,50.305,1.254,63.06,22.067,22.058,0.003893,0.006350,0.003178,0.023,22.006
0.363281,0,0,2.65,0.0896,0.00000,0.00,50.315,1.051,52.86,22.068,22.059,0.002567,0.004138,0.001198,0.000,22.006
0.367188,0,0,0.15,0.0000,0.00000,0.00,50.295,1.244,62.58,22.068,22.059,-0.000847,0.003312,0.000262,0.019,22.006
0.371094,0,0,0.50,0.0000,0.00000,0.00,50.288,1.100,55.32,22.069,22.060,0.002418,0.001926,0.001384,0.047,22.006
0.375000,0,0,1.80,0.0000,0.00007,0.00,50.305,1.134,57.02,22.070,22.060,0.003622,0.002766,0.002966,0.096,22.006
0.378906,0,0,0.00,0.0332,0.00284,0.00,50.323,1.114,56.03,22.070,22.061,0.003043,0.004249,0.001257,0.000,22.006
0.382813,0,0,2.92,0.0571,0.00169,0.00,50.328,1.065,53.60,22.071,22.061,0.000680,0.001037,0.003575,0.044,22.006
0.386719,0,0,0.00,0.0000,0.00000,0.00,50.301,1.053,52.95,22.072,22.062,0.000256,0.001918,0.000631,0.000,22.006
0.390625,0,0,1.66,0.0000,0.00000,0.00,50.298,1.314,66.09,22.073,22.063,0.001672,0.003325,0.000069,0.015,22.007
0.394531,0,0,4.94,0.0286,0.00659,0.00,50.316,1.185,59.60,22.073,22.063,0.004127,0.003158,0.003964,0.141,22.007
0.398438,0,0,3.91,0.0197,0.00000,0.00,50.277,1.117,56.15,22.074,22.064,0.002818,0.003139,0.000963,0.000,22.007
0.402344,0,0,0.00,0.0000,0.00582,0.00,50.290,1.156,58.14,22.075,22.064,0.000831,0.003305,0.001798,0.000,22.007
0.406250,0,0,0.00,0.0593,0.00000,0.00,50.297,1.064,53.51,22.075,22.065,0.002248,0.004256,0.001525,0.078,22.007
0.410156,0,0,1.09,0.0233,0.00000,0.00,50.342,1.130,56.87,22.076,22.066,0.000486,0.006621,-0.000219,0.152,22.007
0.414063,0,0,1.30,0.0203,0.00087,0.00,50.316,1.064,53.56,22.077,22.066,-0.000900,0.005623,-0.000032,0.000,22.007
0.417969,0,0,2.50,0.0304,0.00526,0.00,50.324,1.126,56.67,22.077,22.067,0.002783,0.001373,0.001549,0.085,22.007
0.421875,0,0,0.00,0.0000,0.00000,0.00,50.319,1.084,54.56,22.078,22.067,0.002965,0.001621,0.000570,0.000,22.007
0.425781,0,0,7.92,0.0158,0.00100,0.00,50.301,1.255,63.11,22.079,22.068,0.006001,0.001671,0.001316,0.038,22.007
0.429688,0,0,3.58,0.0398,0.00000,0.00,50.301,1.178,59.26,22.079,22.068,0.001808,0.005445,0.001657,0.000,22.007
0.433594,0,0,0.00,0.0880,0.00633,0.00,50.297,1.148,57.76,22.080,22.069,-0.001671,0.003014,0.001218,0.043,22.007
0.437500,0,0,0.00,0.0000,0.00553,0.00,50.308,1.091,54.88,22.081,22.070,0.001861,0.004160,0.000800,0.019,22.007
0.441406,0,0,5.29,0.0000,0.00000,0.00,50.302,1.090,54.85,22.081,22.070,0.003558,0.004000,0.002097,0.000,22.007
0.445313,0,0,4.53,0.0000,0.00442,0.00,50.311,1.152,57.96,22.082,22.071,0.004799,0.003151,0.003637,0.000,22.007
0.449219,0,0,1.74,0.0434,0.00671,0.00,50.306,1.209,60.84,22.083,22.071,0.002958,0.004642,0.000627,0.000,22.007
0.453125,0,0,3.48,0.0582,0.00000,0.00,50.317,1.096,55.17,22.083,22.072,0.002150,0.001120,0.003961,0.114,22.008
0.457031,0,0,2.06,0.0000,0.00000,0.00,50.295,1.173,59.00,22.084,22.073,0.002437,0.001769,0.003390,0.000,22.008
0.460938,0,0,5.38,0.0275,0.00000,0.00,50.310,1.137,57.22,22.085,22.073,0.005422,0.003197,0.001424,0.036,22.008
0.464844,0,0,3.74,0.0287,0.00000,0.00,50.304,1.200,60.38,22.086,22.074,0.001335,0.004125,0.000830,0.000,22.008
0.468750,0,0,0.00,0.0467,0.00000,0.00,50.303,1.176,59.17,22.086,22.074,0.000572,0.002135,-0.000408,0.000,22.008
0.472656,0,0,1.67,0.0135,0.00824,0.00,50.315,1.180,59.38,22.087,22.075,0.000931,0.003146,0.003193,0.000,22.008
0.476563,0,0,2.62,0.0901,0.00114,0.00,50.307,1.113,55.99,22.088,22.076,-0.001027,0.006098,0.001889,0.124,22.008
0.480469,0,0,1.42,0.0187,0.00000,0.00,50.309,1.263,63.55,22.088,22.076,-0.000960,0.008064,0.000948,0.024,22.008
0.484375,0,0,0.00,0.0385,0.00000,0.00,50.288,1.087,54.65,22.089,22.077,0.002640,0.004243,-0.000339,0.140,22.008
0.488281,0,0,1.91,0.0745,0.00541,0.00,50.299,1.157,58.21,22.090,22.077,0.001452,0.002997,0.003582,0.000,22.008
0.492188,0,0,0.00,0.0294,0.00214,0.00,50.308,1.134,57.07,22.090,22.078,0.000091,0.005759,0.001875,0.103,22.008
0.496094,0,0,0.00,0.0055,0.00000,0.00,50.314,1.130,56.85,22.091,22.078,0.000496,0.002893,0.002911,0.000,22.008
0.500000,0,0,0.00,0.0500,0.00000,0.00,50.312,1.041,52.37,22.092,22.079,0.002571,0.000339,0.000363,0.000,22.008
0.503906,0,0,5.91,0.0623,0.00273,0.00,50.286,1.189,59.77,22.092,22.080,0.001904,0.005327,0.001982,0.000,22.008
0.507813,0,0,0.00,0.0000,0.00157,0.00,50.297,1.113,55.97,22.093,22.080,-0.000444,0.002165,0.001486,0.062,22.008
0.511719,0,0,0.00,0.0039,0.00192,0.00,50.325,1.098,55.25,22.094,22.081,0.000759,0.004603,0.001891,0.087,22.009
0.515625,0,0,2.86,0.0267,0.00000,0.00,50.296,1.091,54.87,22.094,22.081,0.001621,0.003122,0.002277,0.058,22.009
0.519531,0,0,3.06,0.0611,0.00224,0.00,50.272,1.131,56.87,22.095,22.082,0.002824,0.002705,0.002516,0.000,22.009
0.523438,0,0,0.00,0.0000,0.00763,0.00,50.304,1.098,55.22,22.096,22.082,0.000902,0.005052,0.002438,0.095,22.009
0.527344,0,0,0.00,0.0448,0.00484,0.00,50.319,1.020,51.32,22.096,22.083,-0.001887,0.002184,0.001388,0.020,22.009
0.531250,0,0,2.63,0.0000,0.00712,0.00,50.321,1.128,56.76,22.097,22.083,0.001079,0.008284,0.001948,0.141,22.009
0.535156,0,0,0.00,0.0833,0.00000,0.00,50.317,1.086,54.65,22.098,22.084,0.000108,0.005155,0.002240,0.000,22.009
0.539063,0,0,0.00,0.0088,0.00000,0.00,50.338,1.217,61.24,22.098,22.085,0.002663,0.005457,0.002989,0.000,22.009
0.542969,0,0,0.00,0.0000,0.00255,0.00,50.312,1.146,57.67,22.099,22.085,0.001704,0.002641,0.001932,0.019,22.009
0.546875,0,0,3.06,0.0000,0.00000,0.00,50.324,1.105,55.61,22.100,22.086,0.001536,0.003219,0.000167,0.000,22.009
0.550781,0,0,2.25,0.0970,0.00000,0.00,50.300,1.010,50.81,22.100,22.086,0.000547,0.005459,0.004013,0.000,22.009
0.554688,0,0,0.48,0.0087,0.00317,0.00,50.295,1.206,60.65,22.101,22.087,0.001815,0.001206,0.000440,0.026,22.009
0.558594,0,0,2.50,0.0459,0.00000,0.00,50.303,1.182,59.46,22.102,22.087,0.001419,0.004526,0.005669,0.015,22.009
0.562500,0,0,1.09,0.0000,0.00000,0.00,50.311,1.165,58.63,22.102,22.088,0.000955,0.004444,0.000805,0.000,22.009
0.566406,0,0,0.00,0.0000,0.00000,0.00,50.295,1.050,52.81,22.103,22.088,0.004162,0.003463,0.002133,0.000,22.009
0.570313,0,0,1.55,0.0000,0.00237,0.00,50.300,1.189,59.81,22.104,22.089,0.004436,0.001452,-0.000462,0.016,22.010
0.574219,0,0,0.00,0.0000,0.00000,0.00,50.322,1.119,56.31,22.104,22.090,-0.000506,0.005609,0.000711,0.000,22.010
0.578125,0,0,3.02,0.0240,0.00317,0.00,50.303,1.220,61.35,22.105,22.090,0.004431,0.003402,0.002255,0.000,22.010
0.582031,0,0,4.77,0.0927,0.00440,0.00,50.305,1.180,59.35,22.106,22.091,0.003615,0.003932,0.003550,0.037,22.010
0.585938,0,0,2.11,0.0000,0.00397,0.00,50.298,1.184,59.53,22.106,22.091,0.001271,0.007232,0.001695,0.000,22.010
0.589844,0,0,0.00,0.0167,0.00231,0.00,50.313,1.082,54.43,22.107,22.092,0.001655,0.002563,0.000026,0.000,22.010
0.593750,0,0,0.00,0.0900,0.00013,0.00,50.303,1.207,60.73,22.108,22.093,0.001047,0.003348,0.003280,0.090,22.010
0.597656,0,0,6.79,0.0374,0.00000,0.00,50.282,1.249,62.78,22.108,22.093,0.001805,0.009183,0.002332,0.085,22.010
0.601563,0,0,0.00,0.1028,0.00000,0.00,50.290,1.237,62.19,22.109,22.094,0.002285,0.005283,0.000107,0.000,22.010
0.605469,0,0,0.62,0.0000,0.00109,0.00,50.269,1.202,60.41,22.110,22.094,0.005659,0.006465,0.001937,0.000,22.010
0.609375,0,0,2.95,0.0000,0.00000,0.00,50.315,1.142,57.44,22.111,22.095,0.003530,0.007454,0.002714,0.001,22.010
0.613281,0,0,2.60,0.0222,0.00000,0.00,50.301,1.266,63.68,22.111,22.096,0.004355,0.005048,0.003619,0.000,22.010
0.617188,0,0,0.33,0.0272,0.00000,0.00,50.292,1.215,61.09,22.112,22.096,0.001861,0.004956,0.001730,0.000,22.010
0.621094,0,0,0.00,0.0759,0.00000,0.00,50.315,1.158,58.25,22.113,22.097,0.003735,0.003593,0.003984,0.056,22.010
0.625000,0,0,0.00,0.0431,0.00000,0.00,50.290,1.257,63.20,22.113,22.097,0.001669,0.002626,0.002738,0.050,22.010
0.628906,0,0,0.00,0.0000,0.01190,0.00,50.319,1.194,60.08,22.114,22.098,0.000612,0.005637,-0.000538,0.106,22.010
0.632813,0,0,1.19,0.0349,0.00024,0.00,50.298,1.221,61.40,22.115,22.099,0.001160,0.005224,0.003696,0.000,22.011
0.636719,0,0,0.00,0.0604,0.00000,0.00,50.316,1.150,57.87,22.116,22.099,0.001610,0.004807,0.000411,0.000,22.011
0.640625,0,0,0.38,0.0000,0.00455,0.00,50.278,1.186,59.65,22.116,22.100,0.000487,0.001896,0.000960,0.000,22.011
0.644531,0,0,5.80,0.0000,0.00000,0.00,50.294,1.081,54.36,22.117,22.100,0.001614,0.009026,0.002524,0.000,22.011
0.648438,0,0,0.31,0.0117,0.00282,0.00,50.302,1.081,54.37,22.117,22.101,0.001783,0.004225,0.001116,0.000,22.011
0.652344,0,0,0.00,0.0580,0.00790,0.00,50.314,1.127,56.71,22.118,22.101,-0.000468,0.000531,0.001629,0.000,22.011
0.656250,0,0,0.00,0.0065,0.00000,0.00,50.278,1.126,56.63,22.119,22.102,0.000811,0.004223,0.001480,0.079,22.011
0.660156,0,0,2.64,0.0000,0.00980,0.00,50.313,1.050,52.82,22.119,22.102,0.004078,0.004589,0.003592,0.131,22.011
0.664063,0,0,0.00,0.0000,0.00317,0.00,50.295,1.199,60.30,22.120,22.103,0.002073,0.002389,0.003015,0.000,22.011
0.667969,0,0,4.28,0.0000,0.00354,0.00,50.291,1.193,60.00,22.121,22.104,0.003419,0.004862,0.002631,0.000,22.011
0.671875,0,0,0.00,0.0000,0.00000,0.00,50.327,1.232,61.99,22.121,22.104,-0.001554,0.002913,0.002719,0.135,22.011
0.675781,0,0,0.00,0.0000,0.00000,0.00,50.285,1.110,55.80,22.122,22.105,0.001821,0.002222,0.001129,0.025,22.011
0.679688,0,0,0.00,0.0000,0.00000,0.00,50.297,1.223,61.50,22.123,22.105,-0.000618,0.003087,0.000159,0.073,22.011
0.683594,0,0,1.88,0.0000,0.00000,0.00,50.295,1.259,63.31,22.124,22.106,0.000019,0.002257,0.000651,0.000,22.011
0.687500,0,0,1.39,0.0225,0.00452,0.00,50.302,1.196,60.17,22.124,22.107,0.001931,0.002940,0.002291,0.088,22.011
0.691406,0,0,0.00,0.0000,0.00000,0.00,50.309,1.154,58.05,22.125,22.107,0.005904,0.001832,0.002237,0.000,22.012
0.695313,0,0,2.14,0.0558,0.00409,0.00,50.276,1.148,57.71,22.126,22.108,0.001714,0.002966,0.000285,0.000,22.012
0.699219,0,0,0.00,0.0230,0.00739,0.00,50.284,1.192,59.91,22.126,22.108,0.003607,0.005343,0.001719,0.000,22.012
0.703125,0,0,0.00,0.0205,0.00041,0.00,50.310,1.076,54.14,22.127,22.109,0.002446,0.003961,0.001171,0.065,22.012
0.707031,0,0,1.79,0.0308,0.00000,0.00,50.287,1.192,59.97,22.128,22.109,0.001896,0.004120,0.004474,0.000,22.012
0.710938,0,0,0.57,0.0044,0.00000,0.00,50.302,1.118,56.24,22.128,22.110,-0.000917,0.003719,0.001729,0.000,22.012
0.714844,0,0,0.00,0.0000,0.00000,0.00,50.327,0.951,47.88,22.129,22.110,-0.001290,0.002026,0.002311,0.000,22.012
0.718750,0,0,3.18,0.0050,0.00000,0.00,50.328,1.030,51.81,22.129,22.111,0.002775,0.004848,0.001409,0.000,22.012
0.722656,0,0,1.21,0.0000,0.00000,0.00,50.292,1.205,60.60,22.130,22.111,0.005282,0.003574,0.004695,0.051,22.012
0.726563,0,0,0.00,0.0000,0.00091,0.00,50.295,1.080,54.34,22.131,22.112,0.003968,0.004588,0.001014,0.000,22.012
0.730469,0,0,0.00,0.0303,0.00998,0.00,50.291,1.188,59.75,22.131,22.113,0.002100,0.003279,0.003113,0.000,22.012
0.734375,0,0,0.00,0.0000,0.00000,0.00,50.315,1.275,64.14,22.132,22.113,0.000666,0.000790,-0.001046,0.000,22.012
0.738281,0,0,0.00,0.0000,0.00067,0.00,50.327,1.187,59.74,22.133,22.114,0.001710,0.003158,-0.000026,0.000,22.012
0.742188,0,0,0.32,0.0000,0.00342,0.00,50.299,1.148,57.73,22.133,22.114,0.001142,0.003321,-0.001289,0.000,22.012
0.746094,0,0,0.00,0.0000,0.00792,0.00,50.319,1.117,56.19,22.134,22.115,0.002658,0.006300,0.002298,0.000,22.012
0.750000,0,0,0.00,0.0000,0.00000,0.00,50.304,1.209,60.80,22.135,22.115,0.000584,0.004983,0.001461,0.073,22.012
0.753906,0,0,5.10,0.0000,0.00918,0.00,50.289,1.273,64.02,22.136,22.116,0.006642,0.005214,0.000972,0.000,22.013
0.757813,0,0,0.00,0.0000,0.00232,0.00,50.332,1.068,53.75,22.136,22.117,0.000902,0.002671,0.001559,0.000,22.013
0.761719,0,0,0.00,0.0293,0.00463,0.00,50.288,1.273,64.01,22.137,22.117,0.002192,0.005468,0.002967,0.000,22.013
0.765625,0,0,4.93,0.0233,0.00000,0.00,50.317,1.084,54.53,22.137,22.118,0.001077,0.002465,0.000648,0.000,22.013
0.769531,0,0,0.00,0.0000,0.00000,0.00,50.309,1.101,55.37,22.138,22.118,0.000014,0.004463,0.000619,0.071,22.013
0.773438,0,0,0.00,0.0031,0.00441,0.00,50.290,1.200,60.33,22.139,22.119,0.003105,0.003515,0.001292,0.000,22.013
0.777344,0,0,0.00,0.0404,0.00682,0.00,50.303,1.181,59.42,22.139,22.119,-0.000980,0.003362,0.002638,0.047,22.013
0.781250,0,0,0.00,0.0248,0.00000,0.00,50.306,0.979,49.26,22.140,22.120,0.001977,0.001109,-0.000273,0.079,22.013
0.785156,0,0,0.04,0.0000,0.00000,0.00,50.317,1.086,54.67,22.141,22.120,0.002715,0.006044,0.000695,0.000,22.013
0.789063,0,0,0.00,0.0004,0.00307,0.00,50.298,1.106,55.65,22.141,22.121,0.001035,0.005740,0.002218,0.000,22.013
0.792969,0,0,3.30,0.0000,0.00000,0.00,50.337,1.093,55.00,22.142,22.121,0.004630,0.005077,0.004898,0.117,22.013
0.796875,0,0,0.00,0.0000,0.00350,0.00,50.284,1.147,57.68,22.143,22.122,0.002537,0.005616,-0.000793,0.000,22.013
0.800781,0,0,0.00,0.0000,0.00476,0.00,50.328,1.132,56.98,22.143,22.122,0.000775,0.004605,0.001225,0.000,22.013
0.804688,0,0,0.00,0.0000,0.00198,0.00,50.297,1.207,60.69,22.144,22.123,0.002340,0.003731,0.003387,0.000,22.013
0.808594,0,0,2.13,0.0000,0.00387,0.00,50.315,1.264,63.60,22.145,22.124,0.002627,0.003703,0.003306,0.020,22.013
0.812500,0,0,2.87,0.0000,0.00301,0.00,50.292,1.189,59.81,22.145,22.124,0.003473,0.005652,0.002031,0.000,22.014
0.816406,0,0,0.66,0.0000,0.00229,0.00,50.326,1.149,57.80,22.146,22.125,0.002807,0.002124,0.001078,0.000,22.014
0.820313,0,0,5.88,0.0000,0.00000,0.00,50.300,1.253,63.03,22.147,22.125,0.004847,0.006581,0.000746,0.000,22.014
0.824219,0,0,0.00,0.0000,0.00345,0.00,50.321,1.182,59.45,22.147,22.126,0.004139,0.004099,0.000232,0.001,22.014
0.828125,0,0,0.59,0.0000,0.00000,0.00,50.304,1.265,63.64,22.148,22.127,0.000610,0.002275,-0.001337,0.160,22.014
0.832031,0,0,1.36,0.0342,0.00000,0.00,50.307,1.194,60.06,22.149,22.127,0.002494,0.002958,-0.000597,0.000,22.014
0.835938,0,0,3.44,0.0000,0.00000,0.00,50.306,1.178,59.27,22.149,22.128,0.004357,0.005966,0.003699,0.004,22.014
0.839844,0,0,0.82,0.0000,0.00000,0.00,50.318,1.135,57.11,22.150,22.128,0.000919,0.007118,0.001025,0.120,22.014
0.843750,0,0,0.00,0.0000,0.00000,0.00,50.270,1.191,59.86,22.151,22.129,0.002242,0.004967,0.000311,0.156,22.014
0.847656,0,0,2.22,0.0000,0.00597,0.00,50.309,1.207,60.71,22.151,22.129,0.006537,0.005739,0.001411,0.051,22.014
0.851563,0,0,0.00,0.0097,0.00800,0.00,50.323,1.117,56.21,22.152,22.130,-0.000754,0.005009,0.001814,0.037,22.014
0.855469,0,0,0.00,0.0000,0.00555,0.00,50.300,1.159,58.31,22.153,22.130,-0.000660,0.001731,0.000311,0.000,22.014
0.859375,0,0,0.00,0.0000,0.00007,0.00,50.328,1.004,50.51,22.153,22.131,0.000177,0.000166,0.004082,0.000,22.014
0.863281,0,0,2.64,0.0332,0.00000,0.00,50.315,1.099,55.31,22.154,22.131,0.006745,0.003401,0.003350,0.000,22.014
0.867188,0,0,2.71,0.0051,0.00551,0.00,50.312,1.185,59.63,22.155,22.132,0.004894,0.003631,0.000348,0.006,22.014
0.871094,0,0,0.71,0.0320,0.00000,0.00,50.303,1.273,64.05,22.155,22.133,-0.001017,0.004643,0.002434,0.000,22.015
0.875000,0,0,0.00,0.0000,0.00000,0.00,50.315,1.154,58.07,22.156,22.133,0.000408,0.003795,0.002929,0.030,22.015
0.878906,0,0,0.88,0.0601,0.00000,0.00,50.301,1.211,60.90,22.157,22.134,0.003065,0.004384,0.001769,0.000,22.015
0.882813,0,0,0.00,0.0000,0.00000,0.00,50.302,1.197,60.20,22.157,22.134,0.001376,0.001040,-0.000571,0.000,22.015
0.886719,0,0,0.00,0.0560,0.00111,0.00,50.309,1.077,54.21,22.158,22.135,0.003390,0.004282,0.002862,0.000,22.015
0.890625,0,0,0.00,0.0478,0.00000,0.00,50.290,1.119,56.25,22.159,22.135,-0.001183,0.002083,0.003110,0.000,22.015
0.894531,0,0,2.20,0.0996,0.00000,0.00,50.292,1.233,62.03,22.159,22.136,0.003673,0.003514,0.003887,0.000,22.015
0.898438,0,0,0.00,0.0000,0.00288,0.00,50.314,1.147,57.71,22.160,22.136,0.000047,0.002495,0.003182,0.000,22.015
0.902344,0,0,5.09,0.0000,0.00000,0.00,50.314,1.154,58.08,22.161,22.137,0.003419,0.007104,0.003985,0.168,22.015
0.906250,0,0,2.17,0.0083,0.00000,0.00,50.277,1.199,60.30,22.161,22.138,0.000984,0.002823,0.003757,0.033,22.015
0.910156,0,0,0.00,0.0838,0.00000,0.00,50.298,1.183,59.53,22.162,22.138,0.000232,0.005925,0.001224,0.036,22.015
0.914063,0,0,0.90,0.0000,0.00414,0.00,50.313,1.036,52.13,22.162,22.139,0.002292,0.003383,0.002761,0.109,22.015
0.917969,0,0,4.27,0.0006,0.00000,0.00,50.302,1.096,55.15,22.163,22.139,0.004186,0.004184,0.003499,0.120,22.015
0.921875,0,0,0.00,0.1035,0.00000,0.00,50.309,1.109,55.79,22.164,22.140,0.000907,0.004495,0.000762,0.000,22.015
0.925781,0,0,0.15,0.0098,0.00279,0.00,50.324,1.225,61.65,22.164,22.140,-0.001851,0.003095,0.003322,0.047,22.015
0.929688,0,0,0.34,0.0000,0.00000,0.00,50.310,1.123,56.48,22.165,22.141,-0.001712,0.005144,0.000413,0.031,22.015
0.933594,0,0,4.34,0.0000,0.00000,0.00,50.295,1.199,60.32,22.166,22.141,0.005674,0.002980,0.003364,0.047,22.016
0.937500,0,0,1.40,0.0000,0.00231,0.00,50.286,1.207,60.70,22.166,22.142,0.004077,0.003163,0.002426,0.000,22.016
0.941406,0,0,0.00,0.0203,0.00396,0.00,50.320,1.150,57.87,22.167,22.142,-0.001259,0.002915,0.002224,0.153,22.016
0.945313,0,0,1.72,0.0000,0.00000,0.00,50.313,1.136,57.17,22.168,22.143,0.003294,0.005587,0.001234,0.048,22.016
0.949219,0,0,0.00,0.0000,0.00209,0.00,50.282,1.240,62.37,22.168,22.144,-0.000381,0.005097,-0.001250,0.000,22.016
0.953125,0,0,4.98,0.0000,0.00000,0.00,50.305,1.156,58.16,22.169,22.144,0.006085,0.005263,0.002840,0.000,22.016
0.957031,0,0,0.00,0.0541,0.01042,0.00,50.309,1.227,61.72,22.170,22.145,0.004240,0.002864,0.000585,0.000,22.016
0.960938,0,0,2.93,0.0000,0.00260,0.00,50.289,1.201,60.38,22.170,22.145,0.003269,0.003966,0.002894,0.058,22.016
0.964844,0,0,0.25,0.0024,0.00269,0.00,50.310,1.115,56.08,22.171,22.146,0.002469,0.005723,0.003847,0.000,22.016
0.968750,0,0,1.21,0.0933,0.00405,0.00,50.304,1.082,54.41,22.172,22.146,0.001740,0.003916,0.003475,0.013,22.016
0.972656,0,0,3.38,0.0007,0.00000,0.00,50.319,1.123,56.51,22.172,22.147,0.005555,0.006813,0.000411,0.000,22.016
0.976563,0,0,0.00,0.0000,0.00430,0.00,50.314,1.168,58.78,22.173,22.147,0.002397,0.004460,0.000936,0.083,22.016
0.980469,0,0,0.00,0.0000,0.00627,0.00,50.330,1.245,62.64,22.174,22.148,0.000836,0.001397,0.000592,0.089,22.016
0.984375,0,0,0.02,0.0149,0.00407,0.00,50.307,1.156,58.18,22.174,22.148,-0.001025,0.003287,0.002752,0.050,22.016
0.988281,0,0,2.47,0.0000,0.00764,0.00,50.283,1.219,61.31,22.175,22.149,0.006336,0.004852,0.003111,0.000,22.016
0.992188,0,0,0.00,0.0000,0.00000,0.00,50.296,1.267,63.72,22.176,22.150,0.000095,0.008753,-0.000260,0.060,22.017
0.996094,0,0,0.00,0.0388,0.00000,0.00,50.322,1.160,58.36,22.176,22.150,-0.001638,0.002268,0.002422,0.106,22.017
1.000000,0,0,0.00,0.0190,0.00236,0.00,50.286,1.083,54.45,22.177,22.151,0.001693,0.003705,0.002590,0.000,22.017
1.003906,0,0,0.00,0.0000,0.00284,0.00,50.315,1.196,60.15,22.178,22.151,0.001535,0.003517,0.000983,0.000,22.017
1.007813,0,0,0.27,0.0000,0.00000,0.00,50.287,1.129,56.78,22.178,22.152,0.000538,0.005742,0.003109,0.023,22.017
1.011719,0,0,0.00,0.0000,0.00000,0.00,50.322,1.170,58.85,22.179,22.152,-0.000745,0.006847,-0.000298,0.143,22.017
1.015625,0,0,0.03,0.0601,0.00000,0.00,50.287,1.114,56.01,22.179,22.153,-0.002511,0.003100,0.002444,0.000,22.017
1.019531,0,0,0.00,0.0000,0.00000,0.00,50.336,1.211,60.97,22.180,22.153,0.001070,0.004094,0.000223,0.000,22.017
1.023438,0,0,0.64,0.0580,0.00245,0.00,50.281,1.184,59.54,22.181,22.154,0.001387,0.004437,0.003044,0.000,22.017
1.027344,0,0,0.00,0.0000,0.00000,0.00,50.293,1.182,59.42,22.181,22.154,0.003677,0.003376,0.000821,0.161,22.017
1.031250,0,0,0.00,0.0000,0.00726,0.00,50.320,1.033,52.00,22.182,22.155,0.000058,0.005403,0.001772,0.081,22.017
1.035156,0,0,3.37,0.0156,0.00000,0.00,50.310,1.027,51.67,22.183,22.155,0.002715,0.002404,0.001605,0.000,22.017
1.039063,0,0,1.91,0.0365,0.00000,0.00,50.303,1.202,60.44,22.183,22.156,-0.001374,0.008459,0.000043,0.057,22.017
1.042969,0,0,2.62,0.0134,0.00623,0.00,50.342,1.049,52.80,22.184,22.156,0.002956,0.006706,0.003895,0.000,22.017
1.046875,0,0,0.00,0.0000,0.00000,0.00,50.299,1.179,59.33,22.184,22.157,0.000201,0.006489,0.003486,0.000,22.017
1.050781,0,0,0.76,0.0116,0.00000,0.00,50.286,1.219,61.28,22.185,22.157,0.002295,0.003775,0.002737,0.000,22.017
1.054688,0,0,0.77,0.0000,0.00000,0.00,50.302,1.142,57.44,22.186,22.158,0.003260,0.002956,0.005341,0.000,22.018
1.058594,0,0,0.00,0.0000,0.00000,0.00,50.307,1.215,61.13,22.186,22.158,0.004172,0.002539,0.000828,0.141,22.018
1.062500,0,0,4.50,0.0064,0.00000,0.00,50.320,1.205,60.62,22.187,22.159,0.003066,0.002579,0.001731,0.016,22.018
1.066406,0,0,0.00,0.0190,0.00939,0.00,50.309,1.231,61.95,22.188,22.160,0.002363,0.002557,0.000825,0.000,22.018
1.070313,0,0,3.28,0.0554,0.00578,0.00,50.329,1.074,54.04,22.188,22.160,0.004978,0.008786,0.002234,0.103,22.018
1.074219,0,0,0.00,0.0590,0.00460,0.00,50.292,1.222,61.46,22.189,22.161,0.000735,0.002147,0.001066,0.000,22.018
1.078125,0,0,0.00,0.0000,0.00000,0.00,50.309,1.232,62.00,22.190,22.161,-0.000676,0.005354,0.003501,0.083,22.018
1.082031,0,0,0.07,0.0048,0.00242,0.00,50.300,1.236,62.19,22.190,22.162,0.000367,0.005117,-0.001116,0.085,22.018
1.085938,0,0,0.00,0.0024,0.00000,0.00,50.330,1.042,52.44,22.191,22.162,0.001500,0.003547,0.002681,0.039,22.018
1.089844,0,0,0.00,0.0075,0.00000,0.00,50.284,1.221,61.41,22.192,22.163,0.002304,0.004986,0.001413,0.000,22.018
1.093750,0,0,0.00,0.0000,0.00000,0.00,50.308,1.176,59.17,22.192,22.163,0.001252,0.004437,0.001812,0.089,22.018
1.097656,0,0,0.00,0.0413,0.00000,0.00,50.266,1.194,60.03,22.193,22.164,-0.000755,0.003607,0.001524,0.105,22.018
1.101563,0,0,4.89,0.0518,0.00000,0.00,50.318,1.192,59.99,22.194,22.164,0.009296,0.006572,0.003571,0.032,22.018
1.105469,0,0,2.11,0.0582,0.00000,0.00,50.312,1.135,57.10,22.194,22.165,0.006011,0.004970,0.003922,0.000,22.018
1.109375,0,0,6.43,0.0000,0.00000,0.00,50.309,1.077,54.16,22.195,22.165,0.003176,0.001714,0.002386,0.026,22.018
1.113281,0,0,0.00,0.0000,0.00521,0.00,50.320,1.116,56.17,22.195,22.166,0.003776,0.002880,0.001297,0.071,22.019
1.117188,0,0,2.39,0.0298,0.00000,0.00,50.315,1.212,60.98,22.196,22.166,0.004603,0.006315,0.000966,0.000,22.019
1.121094,0,0,0.00,0.0000,0.00099,0.00,50.328,0.984,49.51,22.197,22.167,0.000113,0.000782,0.002124,0.000,22.019
1.125000,0,0,0.00,0.0202,0.00000,0.00,50.325,1.100,55.35,22.197,22.167,0.000890,0.003606,0.002437,0.000,22.019
1.128906,0,0,7.08,0.0458,0.00423,0.00,50.332,1.155,58.12,22.198,22.168,0.006507,0.005912,0.001981,0.046,22.019
1.132813,0,0,2.66,0.0026,0.00000,0.00,50.304,1.169,58.81,22.198,22.168,0.001144,0.005424,0.001198,0.119,22.019
1.136719,0,0,1.36,0.0375,0.00300,0.00,50.291,1.094,55.01,22.199,22.169,0.003143,0.008433,-0.000244,0.000,22.019
1.140625,0,0,0.00,0.0220,0.00000,0.00,50.296,1.011,50.84,22.200,22.169,0.000729,0.003000,0.003193,0.143,22.019
1.144531,0,0,3.09,0.0102,0.00010,0.00,50.306,1.134,57.06,22.200,22.170,0.005026,0.004668,0.002841,0.000,22.019
1.148438,0,0,0.90,0.0575,0.00559,0.00,50.294,1.216,61.17,22.201,22.170,0.004269,0.002117,0.001127,0.033,22.019
1.152344,0,0,0.00,0.0000,0.00000,0.00,50.323,1.069,53.79,22.201,22.171,0.001693,0.004431,0.000680,0.061,22.019
1.156250,0,0,1.73,0.0250,0.00064,0.00,50.318,1.190,59.90,22.202,22.171,0.001172,0.007176,0.002349,0.137,22.019
1.160156,0,0,1.92,0.0000,0.00000,0.00,50.319,1.182,59.49,22.203,22.172,0.002496,0.007984,0.002132,0.031,22.019
1.164063,0,0,0.00,0.0000,0.00065,0.00,50.293,1.276,64.15,22.203,22.173,0.000029,0.004477,0.003017,0.000,22.019
1.167969,0,0,6.26,0.0000,0.00000,0.00,50.306,1.101,55.38,22.204,22.173,0.001987,0.004786,0.002816,0.000,22.019
1.171875,0,0,1.13,0.0000,0.00612,0.00,50.310,1.074,54.04,22.205,22.174,0.001830,0.003843,0.003407,0.000,22.020
1.175781,0,0,0.00,0.0040,0.00000,0.00,50.293,1.126,56.64,22.205,22.174,0.000656,0.002338,0.003750,0.002,22.020
1.179688,0,0,0.00,0.0134,0.00635,0.00,50.304,1.246,62.69,22.206,22.175,-0.000007,0.002915,0.000331,0.000,22.020
1.183594,0,0,0.00,0.0584,0.00278,0.00,50.282,1.241,62.40,22.207,22.175,0.001016,0.004188,0.001103,0.000,22.020
1.187500,0,0,3.51,0.0000,0.00602,0.00,50.302,1.186,59.64,22.207,22.176,0.002173,0.004667,0.003303,0.000,22.020
1.191406,0,0,0.00,0.0279,0.00000,0.00,50.311,1.233,62.01,22.208,22.176,0.001726,0.004379,0.005377,0.054,22.020
1.195313,0,0,0.00,0.0437,0.00244,0.00,50.288,1.157,58.17,22.209,22.177,0.002321,0.003200,0.002277,0.000,22.020
1.199219,0,0,0.00,0.1036,0.00169,0.00,50.305,1.150,57.87,22.209,22.177,0.001170,0.003779,0.000227,0.007,22.020
1.203125,0,0,0.38,0.0000,0.00000,0.00,50.312,1.076,54.13,22.210,22.178,-0.000024,0.005595,0.000938,0.000,22.020
1.207031,0,0,0.00,0.0000,0.00000,0.00,50.306,1.134,57.04,22.210,22.178,-0.001197,0.003156,0.005235,0.028,22.020
1.210938,0,0,2.98,0.0956,0.00000,0.00,50.330,1.137,57.20,22.211,22.179,0.002648,0.004864,0.005186,0.064,22.020
1.214844,0,0,0.00,0.0000,0.00719,0.00,50.287,1.240,62.37,22.212,22.179,-0.000434,0.002026,0.003028,0.038,22.020
1.218750,0,0,1.68,0.0000,0.00165,0.00,50.313,1.021,51.35,22.212,22.180,0.003999,0.003232,0.004489,0.141,22.020
1.222656,0,0,1.64,0.0000,0.00000,0.00,50.326,1.142,57.46,22.213,22.180,0.004614,0.003587,0.005009,0.069,22.020
1.226563,0,0,6.84,0.0000,0.00000,0.00,50.294,1.211,60.93,22.213,22.181,0.005396,0.002985,0.004382,0.044,22.020
1.230469,0,0,5.44,0.0000,0.00715,0.00,50.319,1.234,62.07,22.214,22.181,0.007872,0.002569,0.002898,0.081,22.020
1.234375,0,0,0.00,0.0067,0.00086,0.00,50.302,1.238,62.30,22.215,22.182,0.003607,0.002258,-0.000645,0.000,22.021
1.238281,0,0,1.97,0.0000,0.00528,0.00,50.317,1.122,56.43,22.215,22.182,0.001593,0.004461,0.000999,0.063,22.021
1.242188,0,0,0.00,0.0386,0.00037,0.00,50.306,1.160,58.34,22.216,22.183,-0.001710,0.004546,0.001346,0.113,22.021
1.246094,0,0,0.00,0.0000,0.00694,0.00,50.300,1.099,55.26,22.217,22.183,0.002268,0.003408,0.001407,0.000,22.021
1.250000,0,0,0.00,0.0000,0.00000,0.00,50.315,1.216,61.19,22.217,22.184,0.000196,0.001703,0.001326,0.031,22.021
1.253906,0,0,0.80,0.0073,0.00605,0.00,50.290,1.214,61.03,22.218,22.184,0.001336,0.005669,0.003077,0.000,22.021
1.257813,0,0,0.00,0.0000,0.00000,0.00,50.315,1.232,61.99,22.219,22.185,0.000685,0.004463,-0.000531,0.067,22.021
1.261719,0,0,0.00,0.0000,0.00075,0.00,50.306,1.088,54.75,22.219,22.185,0.001736,0.003924,0.004069,0.006,22.021
1.265625,0,0,0.45,0.0313,0.00000,0.00,50.315,0.990,49.79,22.220,22.186,0.004791,0.001390,0.002421,0.008,22.021
1.269531,0,0,7.00,0.0000,0.00000,0.00,50.283,1.250,62.84,22.220,22.186,0.007762,0.002055,0.001934,0.000,22.021
1.273438,0,0,0.00,0.0000,0.00000,0.00,50.290,1.162,58.43,22.221,22.187,-0.003623,0.003799,0.002070,0.000,22.021
1.277344,0,0,0.19,0.0487,0.00000,0.00,50.333,1.039,52.31,22.222,22.187,0.001730,-0.000506,0.002643,0.000,22.021
1.281250,0,0,0.00,0.1059,0.00046,0.00,50.305,1.158,58.26,22.222,22.188,0.003724,0.003597,0.002315,0.071,22.021
1.285156,0,0,0.00,0.0000,0.00367,0.00,50.316,1.216,61.18,22.223,22.188,0.001952,0.004955,0.001429,0.027,22.021
1.289063,0,0,0.00,0.0000,0.00059,0.00,50.321,1.094,55.07,22.223,22.189,0.002997,0.007541,0.002225,0.027,22.021
1.292969,0,0,0.00,0.0000,0.00000,0.00,50.320,1.244,62.61,22.224,22.190,-0.002001,0.005937,0.004572,0.059,22.022
1.296875,0,0,7.30,0.0000,0.00000,0.00,50.307,1.103,55.50,22.225,22.190,0.006687,0.001961,-0.001920,0.000,22.022
1.300781,0,0,3.76,0.1110,0.00000,0.00,50.318,1.073,54.01,22.225,22.190,0.003918,0.007630,0.003699,0.119,22.022
1.304688,0,0,0.00,0.0000,0.00000,0.00,50.287,1.199,60.30,22.226,22.191,0.002012,0.003834,0.002230,0.000,22.022
1.308594,0,0,3.64,0.0510,0.00000,0.00,50.291,1.070,53.81,22.226,22.191,0.005115,0.006923,0.003783,0.000,22.022
1.312500,0,0,2.59,0.0000,0.00000,0.00,50.299,1.169,58.79,22.227,22.192,0.006782,0.005712,0.002364,0.000,22.022
1.316406,0,0,2.92,0.0000,0.00000,0.00,50.306,1.099,55.30,22.228,22.192,0.006446,0.004076,0.002874,0.091,22.022
1.320313,0,0,1.98,0.0609,0.00442,0.00,50.299,1.074,54.01,22.228,22.193,0.002671,0.004923,0.002540,0.000,22.022
1.324219,0,0,3.44,0.0000,0.00000,0.00,50.279,1.157,58.18,22.229,22.193,0.004373,0.004696,0.002223,0.061,22.022
1.328125,0,0,2.83,0.0445,0.00005,0.00,50.325,1.079,54.31,22.229,22.194,0.002236,0.005473,0.001029,0.023,22.022
1.332031,0,0,0.00,0.0000,0.00124,0.00,50.314,1.048,52.72,22.230,22.194,0.000393,0.003934,0.002166,0.094,22.022
1.335938,0,0,3.82,0.0016,0.00413,0.00,50.310,1.139,57.30,22.231,22.195,0.002294,0.004519,0.002877,0.004,22.022
1.339844,0,0,2.24,0.0000,0.00000,0.00,50.289,1.214,61.07,22.231,22.195,0.003618,0.004500,0.003077,0.045,22.022
1.343750,0,0,0.00,0.0488,0.00000,0.00,50.310,1.207,60.73,22.232,22.196,-0.000464,0.002335,0.003135,0.000,22.022
1.347656,0,0,0.00,0.0312,0.00000,0.00,50.310,1.169,58.80,22.232,22.196,0.001406,0.006079,0.001900,0.000,22.022
1.351563,0,0,0.00,0.0425,0.00203,0.00,50.293,1.157,58.19,22.233,22.197,0.001072,0.004500,0.003431,0.035,22.022
1.355469,0,0,0.00,0.0000,0.00079,0.00,50.291,1.321,66.43,22.234,22.197,-0.001301,0.005718,0.001412,0.074,22.023
1.359375,0,0,3.11,0.0592,0.00500,0.00,50.331,1.044,52.57,22.234,22.198,0.006469,0.006371,0.002892,0.001,22.023
1.363281,0,0,0.58,0.0261,0.00000,0.00,50.305,1.246,62.69,22.235,22.198,-0.000639,0.006244,0.000324,0.000,22.023
1.367188,0,0,1.38,0.0700,0.00447,0.00,50.331,1.065,53.60,22.236,22.199,0.001621,0.002437,0.002338,0.000,22.023
1.371094,0,0,2.61,0.0000,0.00000,0.00,50.310,1.288,64.78,22.236,22.199,0.003986,0.008268,0.004544,0.120,22.023
1.375000,0,0,0.38,0.0000,0.00018,0.00,50.276,1.256,63.15,22.237,22.200,0.002344,0.004675,0.002856,0.000,22.023
1.378906,0,0,0.85,0.0000,0.00716,0.00,50.305,1.126,56.63,22.238,22.200,0.001437,0.006052,-0.001579,0.000,22.023
1.382813,0,0,0.51,0.0710,0.00181,0.00,50.300,1.160,58.34,22.238,22.201,0.000825,0.003609,0.004898,0.000,22.023
1.386719,0,0,0.00,0.0600,0.00000,0.00,50.315,1.229,61.85,22.239,22.202,0.000232,0.003261,0.001520,0.105,22.023
1.390625,0,0,1.38,0.0000,0.00068,0.00,50.281,1.116,56.12,22.239,22.202,0.002656,0.007060,0.002866,0.022,22.023
1.394531,0,0,0.00,0.0000,0.00776,0.00,50.277,1.186,59.64,22.240,22.203,0.002627,0.004208,0.002345,0.057,22.023
1.398438,0,0,0.00,0.0000,0.00330,0.00,50.302,1.086,54.63,22.241,22.203,0.003622,0.001799,0.000903,0.000,22.023
1.402344,0,0,0.00,0.0000,0.00000,0.00,50.291,1.150,57.85,22.241,22.203,0.002639,0.005049,-0.000597,0.068,22.023
1.406250,0,0,2.23,0.0000,0.00120,0.00,50.312,1.211,60.94,22.242,22.204,0.003070,0.002251,0.001710,0.053,22.023
1.410156,0,0,0.00,0.0416,0.00216,0.00,50.285,1.268,63.75,22.242,22.205,0.002727,0.003889,0.001774,0.000,22.023
1.414063,0,0,0.00,0.0410,0.00000,0.00,50.294,1.201,60.42,22.243,22.205,-0.000134,0.004534,0.000719,0.042,22.024
1.417969,0,0,0.00,0.0079,0.00000,0.00,50.305,1.095,55.08,22.244,22.206,-0.003204,0.001122,0.001546,0.051,22.024
1.421875,0,0,0.00,0.0000,0.00000,0.00,50.323,1.050,52.82,22.244,22.206,0.001479,0.004532,0.002056,0.084,22.024
1.425781,0,0,0.00,0.0185,0.00000,0.00,50.271,1.241,62.40,22.245,22.206,0.002571,0.003150,0.002337,0.005,22.024
1.429688,0,0,4.07,0.0000,0.00565,0.00,50.299,1.105,55.59,22.245,22.207,0.004597,0.004269,0.001205,0.002,22.024
1.433594,0,0,0.00,0.0000,0.00185,0.00,50.309,1.059,53.30,22.246,22.207,-0.000561,0.004448,0.001052,0.082,22.024
1.437500,0,0,0.00,0.0424,0.00000,0.00,50.327,1.093,54.99,22.247,22.208,-0.000141,0.003813,0.000616,0.019,22.024
1.441406,0,0,0.00,0.0084,0.00027,0.00,50.320,1.251,62.93,22.247,22.208,-0.002893,0.003923,0.002916,0.000,22.024
1.445313,0,0,0.00,0.0119,0.00000,0.00,50.312,1.239,62.35,22.248,22.209,0.000155,0.006029,0.001272,0.000,22.024
1.449219,0,0,0.09,0.0609,0.00000,0.00,50.307,1.060,53.33,22.248,22.209,0.003688,0.005525,0.000163,0.053,22.024
1.453125,0,0,2.57,0.0000,0.00000,0.00,50.297,1.121,56.37,22.249,22.210,0.006100,0.002526,0.004353,0.000,22.024
1.457031,0,0,0.00,0.0022,0.00319,0.00,50.278,1.173,58.97,22.250,22.210,0.003098,0.004650,-0.000617,0.000,22.024
1.460938,0,0,5.38,0.0000,0.00000,0.00,50.305,1.134,57.04,22.250,22.211,0.004218,0.006301,0.000559,0.057,22.024
1.464844,0,0,4.87,0.0000,0.00000,0.00,50.289,1.161,58.36,22.251,22.211,0.003063,0.003906,0.003356,0.138,22.024
1.468750,0,0,0.00,0.0000,0.00000,0.00,50.305,1.130,56.86,22.251,22.212,0.004822,0.003892,0.002018,0.000,22.024
1.472656,0,0,1.18,0.0000,0.00124,0.00,50.281,1.184,59.55,22.252,22.212,0.004285,0.005711,0.001856,0.000,22.024
1.476563,0,0,0.00,0.0000,0.00158,0.00,50.324,1.126,56.67,22.253,22.213,0.000324,0.005322,0.001617,0.076,22.025
1.480469,0,0,0.00,0.0000,0.00000,0.00,50.341,1.150,57.88,22.253,22.213,0.003615,0.002276,0.000836,0.047,22.025
1.484375,0,0,2.10,0.0884,0.00000,0.00,50.302,1.218,61.29,22.254,22.214,0.001937,0.006654,-0.000403,0.040,22.025
1.488281,0,0,0.00,0.0000,0.00000,0.00,50.277,1.263,63.51,22.255,22.214,0.000264,0.004805,0.001220,0.000,22.025
1.492188,0,0,0.00,0.0000,0.00000,0.00,50.345,1.096,55.17,22.255,22.215,-0.002151,0.006971,0.001421,0.080,22.025
1.496094,0,0,0.00,0.0000,0.00000,0.00,50.277,1.265,63.61,22.256,22.215,0.002335,0.001942,0.005052,0.000,22.025
1.500000,0,0,0.00,0.0000,0.00000,0.00,50.312,1.133,57.01,22.256,22.216,0.004712,0.006535,0.001700,0.041,22.025
1.503906,0,0,0.00,0.0000,0.00000,0.00,50.287,1.196,60.15,22.257,22.216,-0.001084,0.001834,0.004807,0.000,22.025
1.507813,0,0,0.00,0.0368,0.00000,0.00,50.286,1.121,56.39,22.258,22.217,0.001646,0.001044,0.002796,0.000,22.025
1.511719,0,0,0.00,0.0000,0.00103,0.00,50.316,1.250,62.92,22.258,22.217,0.001227,0.005853,0.001814,0.005,22.025
1.515625,0,0,0.00,0.0000,0.00200,0.00,50.280,1.132,56.90,22.259,22.218,-0.000360,0.002964,0.004588,0.017,22.025
1.519531,0,0,0.00,0.0000,0.00367,0.00,50.319,1.221,61.46,22.259,22.218,0.001267,0.003844,0.001865,0.079,22.025
1.523438,0,0,5.63,0.0000,0.00112,0.00,50.296,1.106,55.64,22.260,22.219,0.007259,0.006386,0.001960,0.009,22.025
1.527344,0,0,1.95,0.0000,0.00156,0.00,50.306,1.254,63.07,22.261,22.219,0.007998,0.004315,0.004521,0.110,22.025
1.531250,0,0,0.00,0.0158,0.00000,0.00,50.299,1.183,59.52,22.261,22.220,0.000900,0.005262,0.003877,0.041,22.025
1.535156,0,0,5.64,0.0402,0.00000,0.00,50.294,1.161,58.40,22.262,22.220,0.006543,0.003681,0.000719,0.025,22.026
1.539063,0,0,0.00,0.0000,0.00000,0.00,50.331,1.189,59.84,22.263,22.221,0.004198,0.004180,0.000672,0.021,22.026
1.542969,0,0,5.54,0.0526,0.00000,0.00,50.312,1.108,55.73,22.263,22.221,0.006520,0.003192,0.004066,0.014,22.026
1.546875,0,0,0.00,0.0000,0.00000,0.00,50.284,1.229,61.78,22.264,22.222,0.000077,0.000085,0.002242,0.000,22.026
1.550781,0,0,0.00,0.0458,0.00355,0.00,50.308,1.156,58.17,22.264,22.222,0.000379,0.002904,0.000624,0.026,22.026
1.554688,0,0,6.67,0.0000,0.00000,0.00,50.309,1.235,62.13,22.265,22.223,0.002251,0.004088,0.001227,0.000,22.026
1.558594,0,0,0.00,0.0000,0.00000,0.00,50.309,1.152,57.97,22.266,22.223,0.002486,0.006826,0.001473,0.000,22.026
1.562500,0,0,2.26,0.0171,0.00677,0.00,50.307,1.215,61.13,22.266,22.224,0.004221,0.005999,0.001271,0.010,22.026
1.566406,0,0,0.00,0.0042,0.00000,0.00,50.294,1.164,58.57,22.267,22.224,0.000018,0.003539,0.004313,0.000,22.026
1.570313,0,0,0.71,0.0030,0.00000,0.00,50.307,1.074,54.02,22.267,22.225,0.004949,0.003503,0.001718,0.000,22.026
1.574219,0,0,0.00,0.0330,0.00000,0.00,50.320,1.165,58.64,22.268,22.225,0.000344,0.003089,0.001538,0.020,22.026
1.578125,0,0,0.59,0.0000,0.00000,0.00,50.303,1.224,61.59,22.269,22.226,0.004051,0.003754,0.000662,0.071,22.026
1.582031,0,0,4.38,0.0342,0.00000,0.00,50.296,1.147,57.67,22.269,22.226,0.005253,0.007532,0.001941,0.000,22.026
1.585938,0,0,0.00,0.0258,0.00000,0.00,50.314,1.237,62.25,22.270,22.227,0.002197,0.001882,0.000653,0.082,22.026
1.589844,0,0,0.00,0.0000,0.00522,0.00,50.316,1.115,56.12,22.270,22.227,-0.000258,0.005026,0.004144,0.030,22.026
1.593750,0,0,0.00,0.0000,0.00581,0.00,50.297,1.198,60.24,22.271,22.228,0.002507,0.005291,-0.001103,0.000,22.026
1.597656,0,0,5.45,0.0000,0.00000,0.00,50.311,1.135,57.09,22.272,22.228,0.006088,0.004388,0.000855,0.105,22.027
1.601563,0,0,1.60,0.0000,0.00707,0.00,50.326,1.065,53.60,22.272,22.229,0.002582,0.003305,0.003909,0.032,22.027
1.605469,0,0,2.85,0.0000,0.00505,0.00,50.289,1.236,62.14,22.273,22.229,0.005067,0.005375,0.004374,0.077,22.027
1.609375,0,0,0.00,0.0000,0.00410,0.00,50.306,1.065,53.58,22.273,22.230,-0.001615,0.005083,0.003313,0.081,22.027
1.613281,0,0,2.66,0.0000,0.00441,0.00,50.321,1.118,56.27,22.274,22.230,0.007488,0.006300,0.002299,0.000,22.027
1.617188,0,0,0.00,0.0651,0.00000,0.00,50.322,1.044,52.54,22.274,22.230,0.002273,0.001859,0.000860,0.083,22.027
1.621094,0,0,0.00,0.1006,0.00000,0.00,50.308,1.126,56.64,22.275,22.231,0.003214,0.004879,0.002147,0.003,22.027
1.625000,0,0,0.00,0.0140,0.01104,0.00,50.300,1.115,56.10,22.276,22.231,0.002659,0.001994,0.000787,0.000,22.027
1.628906,0,0,1.07,0.0000,0.00000,0.00,50.308,1.132,56.97,22.276,22.232,0.002839,0.003140,0.004197,0.000,22.027
1.632813,0,0,0.62,0.1039,0.00934,0.00,50.305,1.221,61.40,22.277,22.232,0.003790,0.004517,-0.000675,0.096,22.027
1.636719,0,0,2.27,0.0000,0.00000,0.00,50.292,1.236,62.16,22.277,22.233,0.002228,0.009633,0.002835,0.077,22.027
1.640625,0,0,0.64,0.0000,0.00225,0.00,50.297,1.067,53.65,22.278,22.233,0.001443,0.001800,0.001372,0.000,22.027
1.644531,0,0,1.10,0.0137,0.00000,0.00,50.304,1.137,57.21,22.278,22.234,0.002516,0.004001,0.003805,0.021,22.027
1.648438,0,0,0.00,0.0000,0.00059,0.00,50.310,1.079,54.29,22.279,22.234,0.001502,0.005241,0.002154,0.062,22.027
1.652344,0,0,0.02,0.0000,0.00406,0.00,50.292,1.193,59.99,22.280,22.235,0.002647,0.002027,0.001357,0.000,22.027
1.656250,0,0,0.00,0.0179,0.00001,0.00,50.321,1.046,52.65,22.280,22.235,-0.003120,0.003824,0.002090,0.020,22.028
1.660156,0,0,0.31,0.0000,0.00000,0.00,50.306,1.243,62.51,22.281,22.236,0.003441,0.004445,0.000976,0.068,22.028
1.664063,0,0,0.00,0.0357,0.00000,0.00,50.298,1.260,63.39,22.281,22.236,0.000248,0.003289,0.001373,0.051,22.028
1.667969,0,0,0.69,0.0423,0.00000,0.00,50.315,1.166,58.67,22.282,22.237,0.000625,0.003204,0.003705,0.033,22.028
1.671875,0,0,3.48,0.0000,0.00000,0.00,50.286,1.300,65.37,22.283,22.237,0.004447,0.003845,0.002985,0.000,22.028
1.675781,0,0,2.54,0.0100,0.00555,0.00,50.287,1.165,58.59,22.283,22.238,0.007824,0.004050,0.005582,0.000,22.028
1.679688,0,0,0.00,0.0000,0.00168,0.00,50.283,1.201,60.38,22.284,22.238,0.001492,0.003729,0.001697,0.023,22.028
1.683594,0,0,0.00,0.0644,0.00000,0.00,50.321,1.168,58.77,22.285,22.239,0.001060,0.000475,0.001632,0.000,22.028
1.687500,0,0,1.09,0.1182,0.00000,0.00,50.291,1.263,63.52,22.285,22.239,0.003197,0.005046,0.002625,0.000,22.028
1.691406,0,0,1.96,0.0808,0.00000,0.00,50.326,1.223,61.56,22.286,22.240,0.003528,0.002471,0.003864,0.000,22.028
1.695313,0,0,1.41,0.0000,0.00000,0.00,50.314,1.149,57.83,22.286,22.240,0.004169,0.005074,0.002342,0.027,22.028
1.699219,0,0,1.32,0.0000,0.00000,0.00,50.285,1.220,61.37,22.287,22.241,0.001092,0.003840,0.004862,0.076,22.028
1.703125,0,0,0.38,0.1007,0.00597,0.00,50.304,1.093,55.00,22.288,22.241,0.003378,0.002169,0.001818,0.000,22.028
1.707031,0,0,1.57,0.0831,0.00402,0.00,50.332,1.022,51.44,22.288,22.241,0.004445,0.005550,0.002963,0.000,22.028
1.710938,0,0,2.17,0.0000,0.00000,0.00,50.318,1.018,51.24,22.289,22.242,0.004716,0.008398,0.003293,0.108,22.028
1.714844,0,0,0.00,0.0000,0.00052,0.00,50.302,1.129,56.80,22.289,22.242,0.000004,0.004686,-0.000568,0.000,22.028
1.718750,0,0,0.00,0.0580,0.00000,0.00,50.331,1.074,54.08,22.290,22.243,0.000713,0.003436,0.000510,0.000,22.029
1.722656,0,0,5.15,0.0000,0.00607,0.00,50.308,1.079,54.26,22.290,22.243,0.008402,0.004564,0.001467,0.000,22.029
1.726563,0,0,1.43,0.0992,0.00166,0.00,50.309,1.142,57.47,22.291,22.244,0.007214,0.004230,0.003584,0.076,22.029
1.730469,0,0,0.89,0.0046,0.00054,0.00,50.279,1.291,64.93,22.291,22.244,0.003222,0.000974,0.002748,0.000,22.029
1.734375,0,0,0.60,0.0000,0.00000,0.00,50.333,1.132,56.98,22.292,22.245,0.001973,0.002771,0.000944,0.117,22.029
1.738281,0,0,0.00,0.0000,0.00171,0.00,50.308,1.156,58.16,22.293,22.245,0.000121,0.006766,0.005175,0.053,22.029
1.742188,0,0,0.00,0.0000,0.00703,0.00,50.326,1.133,57.00,22.293,22.245,0.000949,-0.000760,-0.001520,0.000,22.029
1.746094,0,0,4.97,0.0016,0.00000,0.00,50.325,1.140,57.36,22.294,22.246,0.005874,0.003186,0.002005,0.000,22.029
1.750000,0,0,1.22,0.0235,0.00000,0.00,50.329,1.001,50.35,22.294,22.246,0.000949,0.002738,0.003095,0.000,22.029
1.753906,0,0,0.00,0.0187,0.00000,0.00,50.305,1.194,60.09,22.295,22.247,0.002508,0.004980,0.000843,0.024,22.029
1.757813,0,0,1.00,0.0000,0.00079,0.00,50.295,1.155,58.09,22.295,22.247,0.001585,0.003445,0.003295,0.000,22.029
1.761719,0,0,0.00,0.0000,0.00830,0.00,50.299,1.114,56.03,22.296,22.248,-0.000386,0.000888,-0.000428,0.000,22.029
1.765625,0,0,0.00,0.0000,0.00000,0.00,50.317,1.123,56.51,22.297,22.248,0.002502,0.002955,0.001920,0.000,22.029
1.769531,0,0,0.00,0.0353,0.00000,0.00,50.305,1.186,59.68,22.297,22.249,0.001668,0.005147,0.002179,0.045,22.029
1.773438,0,0,0.00,0.0000,0.00000,0.00,50.318,1.055,53.06,22.298,22.249,0.002843,0.001912,0.003301,0.108,22.029
1.777344,0,0,1.84,0.0000,0.00329,0.00,50.292,1.190,59.83,22.298,22.250,0.005285,0.006433,0.000571,0.023,22.030
1.781250,0,0,0.08,0.0265,0.00385,0.00,50.329,1.138,57.26,22.299,22.250,0.000649,0.003751,0.000288,0.000,22.030
1.785156,0,0,0.00,0.0000,0.00078,0.00,50.316,1.120,56.36,22.299,22.250,0.002743,0.004664,0.003703,0.033,22.030
1.789063,0,0,1.69,0.0000,0.00000,0.00,50.306,1.158,58.25,22.300,22.251,0.003959,0.003244,0.004891,0.006,22.030
1.792969,0,0,0.00,0.0130,0.00022,0.00,50.305,1.136,57.16,22.300,22.251,-0.000900,0.000434,0.001622,0.000,22.030
1.796875,0,0,3.60,0.0000,0.00016,0.00,50.290,1.170,58.82,22.301,22.252,0.002375,0.006097,0.002328,0.026,22.030
1.800781,0,0,0.00,0.0556,0.00000,0.00,50.281,1.141,57.39,22.302,22.252,0.003337,0.006383,-0.000132,0.059,22.030
1.804688,0,0,0.00,0.0000,0.00000,0.00,50.298,1.186,59.66,22.302,22.253,0.002889,0.003588,0.004144,0.130,22.030
1.808594,0,0,0.00,0.0149,0.00000,0.00,50.291,1.172,58.94,22.303,22.253,0.001523,0.004387,-0.002184,0.000,22.030
1.812500,0,0,0.94,0.0804,0.00000,0.00,50.289,1.114,56.03,22.303,22.254,0.001906,0.005213,0.002337,0.000,22.030
1.816406,0,0,0.00,0.0107,0.00894,0.00,50.322,1.123,56.49,22.304,22.254,0.000536,0.006035,0.001082,0.000,22.030
1.820313,0,0,0.54,0.0000,0.00032,0.00,50.329,1.048,52.75,22.304,22.254,0.002358,0.002536,-0.000033,0.135,22.030
1.824219,0,0,1.93,0.0000,0.00000,0.00,50.322,1.191,59.92,22.305,22.255,0.007377,0.005815,0.003935,0.050,22.030
1.828125,0,0,0.00,0.0000,0.00000,0.00,50.289,1.283,64.51,22.306,22.255,0.001969,0.005494,-0.002094,0.070,22.030
1.832031,0,0,0.00,0.0980,0.00000,0.00,50.311,1.146,57.65,22.306,22.256,0.002021,0.004289,0.001989,0.035,22.030
1.835938,0,0,0.00,0.0075,0.00717,0.00,50.324,1.064,53.54,22.307,22.256,0.001892,0.005017,0.000646,0.067,22.030
1.839844,0,0,0.00,0.0482,0.00000,0.00,50.327,1.060,53.34,22.307,22.257,0.000588,0.002683,0.002369,0.101,22.031
1.843750,0,0,0.00,0.0000,0.00281,0.00,50.311,1.148,57.78,22.308,22.257,0.003852,0.004575,-0.000497,0.056,22.031
1.847656,0,0,0.00,0.0000,0.00446,0.00,50.309,1.157,58.18,22.308,22.258,0.003609,0.005048,0.002153,0.000,22.031
1.851563,0,0,4.09,0.0070,0.00060,0.00,50.321,1.045,52.59,22.309,22.258,0.003940,0.007095,0.001767,0.058,22.031
1.855469,0,0,5.69,0.0027,0.00000,0.00,50.305,1.057,53.16,22.309,22.258,0.007606,0.000298,-0.001725,0.146,22.031
1.859375,0,0,1.58,0.0389,0.00000,0.00,50.304,0.990,49.80,22.310,22.259,0.000330,0.004837,0.003968,0.000,22.031
1.863281,0,0,3.80,0.0208,0.00163,0.00,50.295,1.228,61.77,22.311,22.259,0.008890,0.006298,0.000380,0.000,22.031
1.867188,0,0,2.70,0.0312,0.00000,0.00,50.276,1.243,62.47,22.311,22.260,0.006238,0.004121,0.000731,0.047,22.031
1.871094,0,0,3.89,0.0000,0.00000,0.00,50.300,1.120,56.35,22.312,22.260,0.003234,0.003141,0.004391,0.095,22.031
1.875000,0,0,1.79,0.0000,0.00099,0.00,50.318,1.168,58.77,22.312,22.261,0.003499,0.004300,0.002526,0.000,22.031
1.878906,0,0,1.51,0.0000,0.00000,0.00,50.327,1.060,53.32,22.313,22.261,0.000420,0.000617,0.000872,0.000,22.031
1.882813,0,0,0.00,0.0000,0.00000,0.00,50.309,1.011,50.88,22.313,22.261,0.003513,0.005489,0.004086,0.000,22.031
1.886719,0,0,0.00,0.0454,0.00444,0.00,50.338,1.074,54.07,22.314,22.262,-0.000965,0.001883,0.001049,0.000,22.031
1.890625,0,0,0.00,0.0432,0.01331,0.00,50.308,1.181,59.43,22.314,22.262,0.002094,0.006080,-0.000120,0.000,22.031
1.894531,0,0,0.35,0.0000,0.00000,0.00,50.314,1.227,61.74,22.315,22.263,0.001969,0.003533,0.002454,0.000,22.031
1.898438,0,0,1.71,0.0000,0.00000,0.00,50.302,1.189,59.83,22.316,22.263,0.005133,0.003526,0.003324,0.034,22.032
1.902344,0,0,0.00,0.0390,0.00621,0.00,50.305,1.207,60.73,22.316,22.264,-0.001920,0.003474,-0.000937,0.000,22.032
1.906250,0,0,4.26,0.0186,0.00000,0.00,50.281,1.188,59.76,22.317,22.264,0.007877,0.004393,0.000451,0.000,22.032
1.910156,0,0,0.00,0.1269,0.00741,0.00,50.288,1.212,60.97,22.317,22.265,-0.001473,0.005306,0.002640,0.026,22.032
1.914063,0,0,0.00,0.0000,0.00000,0.00,50.309,1.105,55.61,22.318,22.265,0.000683,0.001888,0.000341,0.044,22.032
1.917969,0,0,2.02,0.0585,0.00219,0.00,50.284,1.222,61.45,22.319,22.266,0.007252,0.008018,0.002842,0.048,22.032
1.921875,0,0,0.34,0.0000,0.00354,0.00,50.312,1.133,57.02,22.319,22.266,0.002212,0.005725,0.000017,0.000,22.032
1.925781,0,0,0.00,0.0422,0.00000,0.00,50.302,1.100,55.35,22.320,22.267,0.001871,0.001523,0.001227,0.000,22.032
1.929688,0,0,3.33,0.0245,0.00033,0.00,50.327,1.202,60.47,22.320,22.267,0.007245,0.004080,0.003345,0.000,22.032
1.933594,0,0,5.63,0.0086,0.00050,0.00,50.335,1.053,53.00,22.321,22.267,0.004687,0.005634,-0.000176,0.048,22.032
1.937500,0,0,0.00,0.0000,0.00000,0.00,50.320,1.086,54.66,22.321,22.268,0.001978,0.003182,0.002208,0.000,22.032
1.941406,0,0,0.00,0.0000,0.00000,0.00,50.300,1.085,54.57,22.322,22.268,-0.002068,0.001327,0.001926,0.000,22.032
1.945313,0,0,0.67,0.0337,0.00000,0.00,50.314,1.108,55.75,22.322,22.269,0.000912,0.004154,0.000890,0.032,22.032
1.949219,0,0,0.00,0.0000,0.00000,0.00,50.294,1.154,58.05,22.323,22.269,-0.000207,0.002403,0.002200,0.000,22.032
1.953125,0,0,0.00,0.0523,0.00875,0.00,50.322,1.209,60.85,22.323,22.270,0.001300,0.002419,0.002689,0.004,22.032
1.957031,0,0,3.25,0.0489,0.00243,0.00,50.274,1.267,63.71,22.324,22.270,0.005874,0.008490,0.002594,0.099,22.032
1.960938,0,0,0.93,0.0000,0.00000,0.00,50.326,1.139,57.31,22.325,22.271,0.003926,0.004532,0.001993,0.002,22.033
1.964844,0,0,2.23,0.0000,0.00000,0.00,50.324,1.085,54.62,22.325,22.271,0.005873,0.005733,0.003512,0.000,22.033
1.968750,0,0,0.00,0.0087,0.00000,0.00,50.287,1.283,64.52,22.326,22.271,0.001974,0.003937,0.002201,0.018,22.033
1.972656,0,0,0.00,0.0205,0.00620,0.00,50.281,1.228,61.73,22.326,22.272,0.001564,0.004930,-0.000887,0.000,22.033
1.976563,0,0,0.00,0.0000,0.00289,0.00,50.300,1.181,59.42,22.327,22.272,0.001683,0.004385,0.001024,0.000,22.033
1.980469,0,0,6.47,0.0040,0.00000,0.00,50.316,1.107,55.68,22.328,22.273,0.006293,0.001885,0.000365,0.000,22.033
1.984375,0,0,0.00,0.0000,0.00000,0.00,50.305,1.226,61.67,22.328,22.273,0.001550,0.004393,0.003062,0.094,22.033
1.988281,0,0,0.31,0.0389,0.00280,0.00,50.298,1.191,59.89,22.329,22.274,-0.001128,0.004271,0.002157,0.015,22.033
1.992188,0,0,0.15,0.0000,0.00100,0.00,50.303,1.145,57.61,22.329,22.274,0.000160,0.004800,0.000666,0.000,22.033
1.996094,0,0,0.00,0.0550,0.00563,0.00,50.288,1.254,63.04,22.330,22.275,0.002445,0.002767,0.002523,0.026,22.033
2.000000,1,25,16.08,0.0000,0.00173,0.00,50.296,1.260,63.36,22.331,22.275,0.002103,-0.005022,0.003329,0.090,22.033
2.003906,1,25,35.87,0.0000,0.00154,0.01,50.304,1.118,56.22,22.331,22.276,0.006549,0.003391,0.000083,0.120,22.033
2.007813,1,25,50.39,0.0000,0.00664,0.04,50.305,1.132,56.92,22.332,22.276,-0.004198,-0.005031,0.001183,0.243,22.033
2.011719,1,25,70.91,0.0000,0.00513,0.04,50.286,1.200,60.34,22.332,22.277,0.001911,-0.000043,-0.002647,0.188,22.033
2.015625,1,25,84.34,0.0739,0.00000,0.00,50.284,1.160,58.35,22.333,22.277,-0.006766,0.003406,-0.004311,0.450,22.033
2.019531,1,25,96.87,0.0179,0.00430,0.04,50.291,1.376,69.18,22.334,22.278,0.007211,0.001196,-0.000327,0.396,22.034
2.023438,1,25,110.11,0.1170,0.00000,0.00,50.295,1.244,62.58,22.334,22.278,-0.004808,-0.002684,0.000658,0.479,22.034
2.027344,1,25,125.19,0.0711,0.00663,0.09,50.299,1.190,59.84,22.335,22.279,0.007968,0.004720,-0.000205,0.463,22.034
2.031250,1,25,148.88,0.0285,0.00000,0.00,50.287,1.274,64.06,22.335,22.279,0.003469,0.010300,0.003913,0.561,22.034
2.035156,1,25,155.39,0.0744,0.00339,0.06,50.290,1.276,64.19,22.336,22.280,0.006443,0.003346,-0.003757,0.771,22.034
2.039063,1,25,174.69,0.0290,0.00117,0.02,50.276,1.292,64.94,22.337,22.280,-0.006443,0.003411,0.000886,0.720,22.034
2.042969,1,25,193.36,0.0453,0.00827,0.17,50.279,1.385,69.63,22.337,22.281,-0.002096,-0.008917,0.002806,0.876,22.034
2.046875,1,25,204.79,0.0764,0.00363,0.08,50.278,1.459,73.33,22.338,22.281,0.000575,0.003443,0.003419,0.952,22.034
2.050781,1,25,225.88,0.0711,0.00000,0.00,50.283,1.400,70.40,22.339,22.282,-0.008135,-0.000614,-0.002892,0.982,22.034
2.054688,1,25,234.24,0.0845,0.00000,0.00,50.279,1.400,70.40,22.339,22.282,0.005071,0.004712,0.002298,1.023,22.034
2.058594,1,25,250.82,0.0000,0.00695,0.18,50.305,1.317,66.24,22.340,22.283,-0.003694,-0.009303,0.003694,0.995,22.034
2.062500,1,25,267.69,0.0768,0.00000,0.00,50.264,1.405,70.63,22.341,22.283,0.007392,0.003023,0.003156,1.076,22.034
2.066406,1,25,276.53,0.0844,0.00689,0.20,50.299,1.409,70.85,22.342,22.284,-0.001637,-0.007598,0.004230,1.124,22.034
2.070313,1,25,290.46,0.0792,0.00867,0.26,50.291,1.406,70.72,22.342,22.285,0.004130,0.006979,0.003290,1.287,22.034
2.074219,1,25,303.52,0.1849,0.01118,0.36,50.270,1.433,72.06,22.343,22.285,-0.002215,-0.007883,0.002403,1.342,22.034
2.078125,1,25,316.17,0.1277,0.00232,0.08,50.306,1.550,77.96,22.344,22.286,-0.000708,0.002029,-0.000863,1.378,22.034
2.082031,1,25,334.09,0.1113,0.00717,0.25,50.243,1.468,73.76,22.345,22.286,-0.004911,-0.012935,0.002766,1.454,22.035
2.085938,1,25,351.10,0.1042,0.00993,0.36,50.257,1.520,76.41,22.345,22.287,0.013260,0.001790,0.000131,1.351,22.035
2.089844,1,25,358.85,0.1126,0.01266,0.48,50.278,1.600,80.44,22.346,22.288,-0.002887,-0.009213,0.003923,1.623,22.035
2.093750,1,25,369.50,0.1396,0.00280,0.11,50.282,1.563,78.60,22.347,22.288,-0.007852,0.000369,-0.002080,1.561,22.035
2.097656,1,25,383.50,0.2152,0.00794,0.32,50.289,1.635,82.23,22.348,22.289,-0.002664,-0.003209,-0.004599,1.702,22.035
2.101563,1,25,394.90,0.0837,0.00000,0.00,50.294,1.479,74.36,22.349,22.290,-0.007824,0.001827,-0.004426,1.671,22.035
2.105469,1,25,409.03,0.1913,0.00447,0.19,50.295,1.495,75.18,22.349,22.290,0.006031,0.000687,-0.006499,1.854,22.035
2.109375,1,25,423.92,0.1006,0.00320,0.14,50.274,1.561,78.45,22.350,22.291,-0.008761,0.001460,-0.005200,1.842,22.035
2.113281,1,25,430.42,0.1388,0.01273,0.57,50.287,1.727,86.86,22.351,22.292,0.013335,0.008338,0.001230,1.897,22.035
2.117188,1,25,447.31,0.2018,0.01108,0.52,50.256,1.657,83.28,22.352,22.293,-0.009493,0.001202,-0.003126,1.879,22.035
2.121094,1,25,462.47,0.2463,0.02041,0.99,50.232,1.669,83.85,22.353,22.293,0.002258,0.001142,-0.004134,2.000,22.035
2.125000,1,25,470.11,0.2846,0.00506,0.25,50.267,1.659,83.37,22.354,22.294,-0.005920,-0.005923,0.004679,2.149,22.035
2.128906,1,25,486.45,0.2719,0.00975,0.50,50.251,1.639,82.37,22.355,22.295,0.011382,-0.001671,-0.005671,2.121,22.035
2.132813,1,25,499.54,0.2434,0.02065,1.08,50.275,1.725,86.70,22.356,22.295,-0.009073,0.001163,-0.004877,2.046,22.035
2.136719,1,25,511.56,0.2407,0.01909,1.02,50.243,1.751,87.99,22.356,22.296,0.014023,0.002474,-0.000136,2.170,22.035
2.140625,1,25,528.52,0.3214,0.00427,0.24,50.233,1.768,88.82,22.357,22.297,-0.008506,-0.001980,-0.003760,2.322,22.035
2.144531,1,25,533.63,0.3620,0.01200,0.67,50.239,1.739,87.36,22.358,22.298,0.007598,0.011932,0.009445,2.193,22.036
2.148438,1,25,545.54,0.3309,0.02019,1.15,50.263,1.728,86.84,22.359,22.298,-0.004581,-0.007725,0.004565,2.390,22.036
2.152344,1,25,555.43,0.2749,0.00552,0.32,50.266,1.805,90.72,22.360,22.299,-0.005133,0.002608,-0.001941,2.375,22.036
2.156250,1,25,572.79,0.2904,0.01006,0.60,50.233,1.766,88.71,22.361,22.300,-0.006954,-0.013414,0.006500,2.615,22.036
2.160156,1,25,589.37,0.3262,0.00499,0.31,50.260,1.871,94.06,22.362,22.301,0.013718,0.004418,-0.001194,2.716,22.036
2.164063,1,25,596.72,0.4263,0.01819,1.14,50.258,1.737,87.28,22.363,22.302,-0.004997,-0.010773,0.005906,2.585,22.036
2.167969,1,25,604.57,0.4430,0.01883,1.19,50.239,1.773,89.08,22.364,22.302,-0.008656,0.003375,-0.008970,2.597,22.036
2.171875,1,25,615.99,0.3819,0.01704,1.10,50.265,1.786,89.79,22.365,22.303,0.008869,-0.001343,-0.003373,2.693,22.036
2.175781,1,25,631.40,0.4500,0.01575,1.04,50.232,1.995,100.19,22.366,22.304,-0.009527,-0.001985,-0.004689,2.771,22.036
2.179688,1,25,636.38,0.4813,0.01834,1.22,50.242,1.945,97.70,22.367,22.305,0.017774,0.009988,0.006201,2.741,22.036
2.183594,1,25,646.86,0.5260,0.01841,1.25,50.265,1.872,94.12,22.368,22.306,-0.003693,-0.012398,0.006834,2.809,22.036
2.187500,1,25,660.43,0.4344,0.02495,1.73,50.227,2.007,100.81,22.369,22.307,0.013058,0.013037,0.007093,2.807,22.036
2.191406,1,25,665.79,0.3988,0.02484,1.73,50.238,1.970,98.96,22.370,22.307,0.008139,-0.001178,-0.006286,2.791,22.036
2.195313,1,25,677.44,0.4864,0.02305,1.63,50.256,1.922,96.61,22.371,22.308,-0.011309,-0.000098,-0.006452,2.919,22.036
2.199219,1,25,689.97,0.4402,0.03030,2.19,50.257,1.821,91.51,22.372,22.309,0.011528,0.000367,-0.005044,3.046,22.036
2.203125,1,25,702.61,0.5098,0.01478,1.09,50.230,1.964,98.65,22.373,22.310,-0.011362,0.000410,-0.006694,3.161,22.037
2.207031,1,25,707.85,0.5148,0.01664,1.23,50.236,2.069,103.96,22.374,22.311,0.007352,0.014112,0.006833,3.013,22.037
2.210938,1,25,725.19,0.5458,0.01947,1.48,50.191,2.150,107.93,22.376,22.312,-0.012320,-0.004281,-0.004304,3.195,22.037
2.214844,1,25,734.15,0.5341,0.02977,2.29,50.220,2.019,101.39,22.377,22.313,0.018368,0.017078,0.005904,3.195,22.037
2.218750,1,25,737.54,0.6024,0.03203,2.47,50.227,2.112,106.10,22.378,22.314,0.010684,0.000147,-0.005065,3.286,22.037
2.222656,1,25,746.82,0.6549,0.02093,1.64,50.199,2.104,105.62,22.379,22.315,-0.008519,-0.010093,0.003376,3.225,22.037
2.226563,1,25,760.89,0.5808,0.03024,2.41,50.213,2.011,100.99,22.380,22.316,0.014692,0.002861,-0.002015,3.348,22.037
2.230469,1,25,772.20,0.6165,0.03169,2.56,50.241,2.026,101.77,22.381,22.316,-0.009312,-0.004049,0.000061,3.374,22.037
2.234375,1,25,778.89,0.5904,0.02828,2.31,50.218,2.249,112.92,22.382,22.317,0.003531,0.010613,0.003188,3.493,22.037
2.238281,1,25,784.51,0.5306,0.02581,2.12,50.208,2.162,108.56,22.383,22.318,0.012443,0.002731,-0.003692,3.287,22.037
2.242188,1,25,796.84,0.6498,0.03136,2.62,50.209,2.206,110.75,22.385,22.319,-0.014697,0.002756,-0.005943,3.455,22.037
2.246094,1,25,806.87,0.7113,0.02115,1.79,50.235,2.114,106.22,22.386,22.320,0.013383,0.003713,-0.000079,3.474,22.037
2.250000,1,25,811.63,0.6448,0.02482,2.11,50.220,2.046,102.73,22.387,22.321,0.002021,-0.002971,-0.003579,3.597,22.037
2.253906,1,25,832.00,0.7089,0.04201,3.66,50.217,2.165,108.71,22.388,22.322,0.012148,0.001240,-0.003463,3.688,22.037
2.257813,1,25,832.75,0.6747,0.02313,2.02,50.230,2.243,112.69,22.389,22.323,0.004884,0.000254,-0.007214,3.730,22.037
2.261719,1,25,840.19,0.7342,0.02412,2.12,50.222,2.237,112.35,22.391,22.324,-0.009711,-0.009265,0.001459,3.627,22.037
2.265625,1,25,853.05,0.7044,0.04096,3.66,50.229,2.246,112.80,22.392,22.325,0.014650,0.004945,0.000149,3.727,22.038
2.269531,1,25,861.95,0.8066,0.03697,3.34,50.220,2.036,102.26,22.393,22.326,-0.005216,-0.016994,0.005746,3.641,22.038
2.273438,1,25,875.00,0.7434,0.02784,2.55,50.238,2.190,110.04,22.394,22.327,0.019604,0.011624,0.004663,3.866,22.038
2.277344,1,25,878.39,0.7869,0.02358,2.17,50.199,2.443,122.64,22.395,22.328,0.004959,-0.001107,-0.011359,3.883,22.038
2.281250,1,25,893.15,0.8348,0.03586,3.35,50.216,2.381,119.59,22.397,22.329,-0.004602,0.006711,0.000688,3.768,22.038
2.285156,1,25,892.55,0.8357,0.03237,3.03,50.202,2.337,117.32,22.398,22.330,0.002823,0.010002,0.004601,3.885,22.038
2.289063,1,25,906.64,0.8396,0.03433,3.26,50.207,2.258,113.38,22.399,22.331,-0.008703,-0.016796,0.010928,3.903,22.038
2.292969,1,25,916.68,0.8893,0.03831,3.68,50.194,2.375,119.23,22.400,22.332,0.008094,0.014669,0.007577,3.879,22.038
2.296875,1,25,915.86,0.8785,0.03532,3.39,50.199,2.259,113.41,22.402,22.334,0.011661,0.015352,0.005911,4.087,22.038
2.300781,1,25,927.90,0.8744,0.04653,4.52,50.218,2.333,117.14,22.403,22.335,-0.004439,-0.019029,0.008754,4.074,22.038
2.304688,1,25,942.18,1.0275,0.04209,4.15,50.214,2.433,122.18,22.404,22.336,0.017541,0.008768,0.001505,4.052,22.038
2.308594,1,25,945.18,0.9429,0.04082,4.04,50.224,2.558,128.48,22.406,22.337,0.002826,-0.002926,-0.008447,4.066,22.038
2.312500,1,25,958.68,0.9443,0.04318,4.33,50.182,2.395,120.18,22.407,22.338,-0.007476,0.005704,0.000883,3.993,22.038
2.316406,1,25,962.22,0.9094,0.04625,4.66,50.203,2.236,112.26,22.408,22.339,0.017896,0.013919,0.005610,4.364,22.038
2.320313,1,25,976.48,0.9616,0.04287,4.38,50.204,2.400,120.47,22.410,22.340,-0.016172,-0.000719,-0.006323,4.203,22.038
2.324219,1,25,973.36,1.0223,0.03945,4.02,50.203,2.398,120.38,22.411,22.341,-0.010890,-0.004166,0.000754,4.172,22.038
2.328125,1,25,981.23,1.0445,0.03871,3.98,50.201,2.398,120.37,22.412,22.342,0.015544,0.019705,0.010129,4.365,22.039
2.332031,1,25,990.90,1.0824,0.04432,4.60,50.229,2.490,125.05,22.414,22.343,-0.006971,-0.012880,0.005336,4.252,22.039
2.335938,1,25,1005.73,1.0924,0.04643,4.89,50.216,2.414,121.25,22.415,22.344,0.019708,0.009737,0.005478,4.303,22.039
2.339844,1,25,1012.72,0.9891,0.03916,4.15,50.218,2.438,122.42,22.416,22.346,-0.006144,-0.014074,0.003789,4.467,22.039
2.343750,1,25,1015.13,1.0881,0.04912,5.22,50.207,2.475,124.25,22.418,22.347,-0.010731,-0.014722,0.004843,4.321,22.039
2.347656,1,25,1017.84,1.1912,0.05158,5.50,50.205,2.536,127.31,22.419,22.348,-0.018611,-0.000852,-0.008967,4.365,22.039
2.351563,1,25,1029.35,1.2164,0.05192,5.60,50.207,2.444,122.69,22.420,22.349,0.003362,-0.000251,-0.010653,4.406,22.039
2.355469,1,25,1038.76,1.1028,0.04646,5.05,50.193,2.590,130.02,22.422,22.350,-0.015038,-0.000743,-0.008164,4.461,22.039
2.359375,1,25,1047.51,1.1543,0.04102,4.50,50.197,2.495,125.22,22.423,22.351,0.020210,0.008840,-0.000352,4.511,22.039
2.363281,1,25,1052.54,1.1516,0.04736,5.22,50.188,2.554,128.20,22.424,22.352,-0.002244,-0.005306,0.000809,4.461,22.039
2.367188,1,25,1049.66,1.2120,0.05074,5.58,50.203,2.458,123.42,22.426,22.354,-0.001058,0.000673,-0.001790,4.549,22.039
2.371094,1,25,1068.67,1.0910,0.05238,5.86,50.186,2.477,124.32,22.427,22.355,0.019807,0.001398,-0.003972,4.598,22.039
2.375000,1,25,1069.29,1.1790,0.05568,6.23,50.194,2.581,129.53,22.429,22.356,0.007887,0.003759,-0.010371,4.625,22.039
2.378906,1,25,1079.71,1.1787,0.04715,5.33,50.183,2.498,125.36,22.430,22.357,-0.018070,0.001370,-0.007380,4.774,22.039
2.382813,1,25,1086.96,1.2154,0.05358,6.10,50.191,2.432,122.07,22.431,22.358,0.021290,0.009212,0.008365,4.793,22.039
2.386719,1,25,1093.73,1.3295,0.05456,6.25,50.176,2.680,134.49,22.433,22.359,-0.003600,-0.013186,0.006728,4.749,22.040
2.390625,1,25,1090.65,1.2940,0.05462,6.24,50.171,2.717,136.30,22.434,22.361,-0.004292,-0.005356,-0.001229,4.714,22.040
2.394531,1,25,1101.67,1.2326,0.04884,5.63,50.206,2.581,129.59,22.436,22.362,0.000158,0.008871,0.003753,4.723,22.040
2.398438,1,25,1117.43,1.3488,0.05049,5.91,50.163,2.760,138.45,22.437,22.363,-0.012187,-0.010408,0.005366,5.000,22.040
2.402344,1,25,1118.41,1.2887,0.06954,8.14,50.158,2.770,138.94,22.439,22.364,-0.018049,0.000292,-0.006865,4.850,22.040
2.406250,1,25,1119.45,1.3589,0.06003,7.04,50.173,2.623,131.62,22.440,22.365,-0.010163,0.000634,-0.007502,4.687,22.040
2.410156,1,25,1125.96,1.3490,0.05692,6.71,50.185,2.578,129.40,22.442,22.367,0.018014,0.001570,-0.003405,5.071,22.040
2.414063,1,25,1131.07,1.3755,0.04649,5.51,50.189,2.524,126.67,22.443,22.368,-0.002869,-0.012263,0.006714,4.948,22.040
2.417969,1,25,1138.76,1.3228,0.06456,7.70,50.165,2.801,140.52,22.444,22.369,-0.013792,0.001945,-0.008999,4.906,22.040
2.421875,1,25,1145.26,1.3367,0.05878,7.05,50.186,2.639,132.46,22.446,22.370,0.014720,0.002591,0.000371,4.974,22.040
2.425781,1,25,1158.36,1.2977,0.05675,6.88,50.210,2.608,130.97,22.447,22.371,-0.016246,0.001557,-0.010475,4.991,22.040
2.429688,1,25,1159.94,1.3695,0.06366,7.73,50.144,2.748,137.78,22.449,22.373,-0.001460,0.006074,0.003454,5.002,22.040
2.433594,1,25,1167.59,1.4174,0.05512,6.74,50.188,2.787,139.90,22.450,22.374,0.005755,-0.004483,-0.009338,5.097,22.040
2.437500,1,25,1166.46,1.3893,0.06017,7.35,50.174,2.681,134.49,22.452,22.375,0.001257,-0.002173,-0.009130,5.167,22.040
2.441406,1,25,1174.22,1.3677,0.05859,7.20,50.165,2.726,136.75,22.453,22.376,-0.018829,0.001072,-0.008754,5.116,22.040
2.445313,1,25,1182.48,1.3869,0.06715,8.32,50.175,2.768,138.86,22.455,22.378,0.022514,0.009761,0.003860,4.967,22.040
2.449219,1,25,1185.55,1.5460,0.06204,7.70,50.199,2.723,136.68,22.456,22.379,0.001146,-0.001517,-0.008309,5.058,22.041
2.453125,1,25,1192.83,1.4507,0.06347,7.93,50.165,2.781,139.52,22.458,22.380,-0.016961,-0.000358,-0.008592,5.097,22.041
2.457031,1,25,1198.63,1.5101,0.07207,9.05,50.167,2.828,141.89,22.459,22.381,0.019431,0.019861,0.012514,5.237,22.041
2.460938,1,25,1209.75,1.5606,0.06734,8.53,50.199,2.747,137.87,22.461,22.383,-0.008243,-0.017132,0.009661,5.345,22.041
2.464844,1,25,1205.63,1.5183,0.06384,8.06,50.155,2.771,138.98,22.462,22.384,-0.007173,-0.016701,0.006804,5.168,22.041
2.468750,1,25,1217.12,1.5026,0.06848,8.73,50.164,2.971,149.04,22.464,22.385,0.016726,0.019785,0.011204,5.281,22.041
2.472656,1,25,1219.52,1.5056,0.06888,8.80,50.158,2.984,149.68,22.466,22.387,0.015869,0.001460,-0.007302,5.259,22.041
2.476563,1,25,1233.30,1.5749,0.06651,8.59,50.159,2.875,144.22,22.467,22.388,-0.013725,0.005116,-0.006255,5.380,22.041
2.480469,1,25,1231.61,1.5977,0.07257,9.36,50.160,2.865,143.70,22.469,22.389,-0.008623,0.005450,-0.005622,5.264,22.041
2.484375,1,25,1232.44,1.5780,0.06196,8.00,50.186,2.981,149.59,22.471,22.391,0.008322,0.017100,0.006865,5.271,22.041
2.488281,1,25,1246.18,1.5398,0.06366,8.31,50.154,2.949,147.90,22.472,22.392,-0.012459,-0.012605,0.003822,5.393,22.041
2.492188,1,25,1248.00,1.6608,0.07339,9.59,50.150,2.995,150.21,22.474,22.393,-0.017112,0.003351,-0.013832,5.468,22.041
2.496094,1,25,1249.62,1.6799,0.08083,10.58,50.148,2.934,147.14,22.476,22.395,0.000497,0.012374,0.004451,5.509,22.041
2.500000,1,25,1256.14,1.6173,0.06846,9.01,50.142,2.973,149.09,22.477,22.396,0.006578,0.000181,-0.009750,5.507,22.041
2.503906,1,25,1264.72,1.7023,0.07022,9.30,50.170,2.958,148.41,22.479,22.398,-0.018580,0.000094,-0.005228,5.517,22.041
2.507813,1,25,1266.91,1.7605,0.07723,10.25,50.150,2.888,144.83,22.480,22.399,-0.004169,0.007868,-0.000769,5.489,22.041
2.511719,1,25,1268.21,1.7492,0.07382,9.80,50.175,2.842,142.62,22.482,22.400,0.019637,0.020680,0.011791,5.493,22.042
2.515625,1,25,1273.78,1.6893,0.06154,8.21,50.146,2.837,142.28,22.483,22.401,0.000859,-0.004393,-0.007840,5.487,22.042
2.519531,1,25,1279.56,1.7008,0.07424,9.95,50.172,2.954,148.21,22.485,22.403,-0.016686,-0.003257,-0.000143,5.505,22.042
2.523438,1,25,1283.46,1.7354,0.06655,8.94,50.165,2.914,146.18,22.487,22.404,-0.003846,0.010949,0.001898,5.625,22.042
2.527344,1,25,1290.42,1.7269,0.07161,9.68,50.171,3.014,151.20,22.488,22.406,0.003321,0.001232,-0.009621,5.568,22.042
2.531250,1,25,1295.31,1.7417,0.08208,11.13,50.127,3.045,152.63,22.490,22.407,-0.011981,-0.019026,0.007587,5.600,22.042
2.535156,1,25,1300.16,1.8070,0.08095,11.02,50.159,3.063,153.63,22.492,22.408,-0.011062,0.004787,-0.002756,5.620,22.042
2.539063,1,25,1303.60,1.7787,0.07333,10.01,50.147,3.068,153.87,22.493,22.410,0.025091,0.012065,0.004124,5.548,22.042
2.542969,1,25,1303.43,1.7703,0.06841,9.34,50.148,2.981,149.47,22.495,22.411,0.019282,0.003880,-0.005895,5.664,22.042
2.546875,1,25,1310.19,1.7455,0.07453,10.23,50.132,3.058,153.32,22.497,22.412,-0.010330,-0.021603,0.012473,5.697,22.042
2.550781,1,25,1314.26,1.8016,0.08983,12.36,50.165,3.027,151.86,22.498,22.414,-0.017200,0.001095,-0.007924,5.774,22.042
2.554688,1,25,1318.96,1.8918,0.07090,9.79,50.156,2.987,149.81,22.500,22.415,0.021875,0.014941,0.004431,5.777,22.042
2.558594,1,25,1326.98,1.9335,0.08881,12.34,50.139,3.095,155.17,22.502,22.417,-0.009581,-0.018930,0.008366,5.802,22.042
2.562500,1,25,1328.18,1.7980,0.07344,10.21,50.171,3.017,151.35,22.503,22.418,-0.015910,-0.004070,-0.004628,5.736,22.042
2.566406,1,25,1339.38,1.9212,0.07952,11.15,50.158,2.970,148.96,22.505,22.419,0.012515,-0.002705,-0.011535,5.841,22.042
2.570313,1,25,1336.99,1.8593,0.08403,11.77,50.137,3.031,151.95,22.507,22.421,0.016544,0.000944,-0.010268,5.820,22.043
2.574219,1,25,1345.56,1.9038,0.08323,11.73,50.125,3.144,157.59,22.508,22.422,-0.015394,-0.000860,-0.007256,5.913,22.043
2.578125,1,25,1350.50,1.8821,0.08346,11.80,50.167,3.069,153.96,22.510,22.424,0.008912,0.018412,0.008960,5.786,22.043
2.582031,1,25,1356.96,1.9060,0.08760,12.45,50.134,3.161,158.46,22.512,22.425,0.000772,-0.000062,-0.008275,5.742,22.043
2.585938,1,25,1353.45,1.9124,0.08434,11.95,50.145,3.105,155.69,22.514,22.426,0.008888,0.003392,-0.011603,5.852,22.043
2.589844,1,25,1359.53,2.0153,0.07589,10.80,50.152,2.998,150.36,22.515,22.428,-0.015134,-0.011587,0.005058,5.888,22.043
2.593750,1,25,1364.32,1.9288,0.07868,11.24,50.178,3.063,153.70,22.517,22.429,0.000967,0.007725,0.005359,5.956,22.043
2.597656,1,25,1369.77,2.0216,0.09247,13.26,50.160,3.104,155.70,22.519,22.431,0.011132,-0.001755,-0.010843,5.858,22.043
2.601563,1,25,1367.92,1.9791,0.09909,14.19,50.141,3.241,162.49,22.520,22.432,0.010120,-0.002470,-0.010741,5.825,22.043
2.605469,1,25,1382.52,2.0219,0.08737,12.65,50.129,3.183,159.56,22.522,22.434,0.010167,0.017787,0.010345,6.055,22.043
2.609375,1,25,1379.05,2.0071,0.09198,13.28,50.123,3.210,160.88,22.524,22.435,0.000172,0.014130,0.003675,6.126,22.043
2.613281,1,25,1386.69,1.9724,0.08260,11.99,50.147,3.089,154.90,22.526,22.436,0.000670,-0.002144,-0.007043,6.123,22.043
2.617188,1,25,1388.47,2.0707,0.09643,14.02,50.142,3.220,161.44,22.527,22.438,-0.009342,-0.016993,0.009950,5.830,22.043
2.621094,1,25,1395.36,2.0408,0.08390,12.26,50.140,3.211,160.98,22.529,22.439,-0.005821,0.010052,0.000100,5.970,22.043
2.625000,1,25,1396.34,2.0846,0.08576,12.54,50.143,3.053,153.09,22.531,22.441,0.021393,0.021130,0.009880,6.071,22.043
2.628906,1,25,1403.61,2.0439,0.08403,12.35,50.137,3.189,159.87,22.533,22.442,-0.003279,-0.014451,0.007171,6.162,22.043
2.632813,1,25,1399.47,2.0252,0.09282,13.60,50.153,3.268,163.92,22.534,22.444,0.002351,-0.004131,-0.005538,5.963,22.044
2.636719,1,25,1404.88,2.0535,0.08522,12.54,50.125,3.253,163.06,22.536,22.445,-0.018129,-0.004191,-0.007568,6.129,22.044
2.640625,1,25,1410.68,2.1425,0.09350,13.81,50.149,3.094,155.17,22.538,22.447,0.021916,0.020878,0.012783,6.151,22.044
2.644531,1,25,1411.28,2.1124,0.08686,12.84,50.128,3.267,163.77,22.540,22.448,0.021965,0.008395,0.003750,6.178,22.044
2.648438,1,25,1417.87,2.1254,0.09717,14.43,50.118,3.239,162.34,22.541,22.450,-0.008279,-0.023866,0.013229,5.983,22.044
2.652344,1,25,1419.33,2.0789,0.08283,12.31,50.146,3.225,161.70,22.543,22.451,-0.019889,-0.003557,-0.005838,6.311,22.044
2.656250,1,25,1427.22,2.1667,0.09144,13.67,50.117,3.204,160.57,22.545,22.452,0.025181,0.009317,0.004801,6.268,22.044
2.660156,1,25,1430.93,2.1521,0.08964,13.43,50.148,3.302,165.60,22.547,22.454,-0.003115,-0.005103,-0.001699,6.160,22.044
2.664063,1,25,1435.41,2.2341,0.09892,14.87,50.091,3.379,169.26,22.549,22.456,-0.022930,-0.004104,-0.002778,6.360,22.044
2.667969,1,25,1439.17,2.2255,0.08043,12.12,50.146,3.235,162.20,22.550,22.457,0.002925,0.012988,0.005461,6.315,22.044
2.671875,1,25,1435.49,2.2188,0.09949,14.96,50.136,3.319,166.41,22.552,22.459,-0.008346,0.006167,-0.004581,6.310,22.044
2.675781,1,25,1450.06,2.2038,0.09969,15.14,50.146,3.214,161.16,22.554,22.460,-0.015508,-0.017974,0.004332,6.436,22.044
2.679688,1,25,1445.44,2.2193,0.09522,14.41,50.111,3.298,165.28,22.556,22.461,-0.005281,-0.022748,0.010741,6.378,22.044
2.683594,1,25,1449.05,2.1888,0.09086,13.79,50.152,3.234,162.18,22.557,22.463,-0.024119,-0.001107,-0.010466,6.320,22.044
2.687500,1,25,1447.93,2.1858,0.08831,13.39,50.136,3.370,168.94,22.559,22.464,-0.019457,-0.000259,-0.011542,6.395,22.044
2.691406,1,25,1458.87,2.3066,0.09866,15.07,50.134,3.214,161.11,22.561,22.466,-0.001268,-0.007979,-0.000053,6.440,22.044
2.695313,1,25,1460.57,2.1984,0.10182,15.57,50.158,3.329,166.96,22.563,22.467,-0.009313,-0.023845,0.011659,6.415,22.045
2.699219,1,25,1463.28,2.2202,0.10406,15.95,50.124,3.373,169.05,22.565,22.469,-0.020047,0.000349,-0.011681,6.371,22.045
2.703125,1,25,1466.29,2.2557,0.08231,12.64,50.147,3.224,161.69,22.567,22.470,0.018622,0.021107,0.012688,6.276,22.045
2.707031,1,25,1467.94,2.3333,0.09559,14.69,50.103,3.516,176.17,22.568,22.472,0.024992,0.003255,-0.005792,6.505,22.045
2.710938,1,25,1474.52,2.2307,0.09375,14.48,50.126,3.266,163.70,22.570,22.474,-0.013578,-0.022168,0.008713,6.323,22.045
2.714844,1,25,1470.21,2.3552,0.10107,15.56,50.147,3.248,162.87,22.572,22.475,-0.005453,-0.021139,0.008033,6.331,22.045
2.718750,1,25,1485.10,2.3604,0.09371,14.57,50.136,3.160,158.45,22.574,22.476,0.015411,-0.000079,-0.009587,6.550,22.045
2.722656,1,25,1481.24,2.2027,0.08656,13.43,50.143,3.361,168.51,22.576,22.478,0.024730,0.008405,-0.000599,6.330,22.045
2.726563,1,25,1482.71,2.2763,0.09422,14.63,50.132,3.469,173.88,22.577,22.479,0.001749,-0.001775,-0.007337,6.435,22.045
2.730469,1,25,1481.92,2.3036,0.09714,15.08,50.104,3.357,168.21,22.579,22.481,-0.001305,-0.006593,-0.001978,6.529,22.045
2.734375,1,25,1489.86,2.3238,0.09794,15.28,50.132,3.377,169.31,22.581,22.483,-0.018833,0.005037,-0.008595,6.494,22.045
2.738281,1,25,1482.67,2.2703,0.10170,15.79,50.097,3.348,167.72,22.583,22.484,-0.011761,-0.016470,0.007074,6.355,22.045
2.742188,1,25,1490.58,2.2832,0.10383,16.21,50.115,3.365,168.66,22.585,22.486,0.024384,0.023731,0.010237,6.517,22.045
2.746094,1,25,1498.03,2.3587,0.10207,16.01,50.132,3.407,170.82,22.587,22.487,-0.008164,-0.023899,0.011850,6.517,22.045
2.750000,1,25,1497.00,2.3557,0.08972,14.06,50.113,3.384,169.57,22.588,22.489,-0.008800,-0.023570,0.010817,6.419,22.045
2.753906,1,25,1502.04,2.4313,0.10213,16.06,50.106,3.367,168.70,22.590,22.490,-0.003997,0.007055,-0.002785,6.585,22.045
2.757813,1,25,1515.22,2.4652,0.10151,16.11,50.121,3.345,167.65,22.592,22.492,-0.012051,-0.017774,0.005534,6.705,22.046
2.761719,1,25,1511.54,2.3610,0.10505,16.63,50.094,3.500,175.34,22.594,22.493,-0.009327,-0.025471,0.010725,6.527,22.046
2.765625,1,25,1512.80,2.4271,0.10814,17.13,50.092,3.464,173.53,22.596,22.495,-0.019261,-0.003630,-0.003449,6.626,22.046
2.769531,1,25,1512.13,2.4345,0.10478,16.59,50.106,3.462,173.46,22.598,22.496,-0.022663,0.004173,-0.010267,6.521,22.046
2.773438,1,25,1517.03,2.4408,0.10360,16.46,50.146,3.438,172.39,22.600,22.498,0.025842,0.019742,0.011799,6.536,22.046
2.777344,1,25,1517.08,2.4137,0.10721,17.03,50.095,3.540,177.33,22.602,22.500,0.022831,0.004169,-0.003036,6.520,22.046
2.781250,1,25,1516.05,2.3750,0.11220,17.81,50.101,3.443,172.50,22.604,22.501,0.020188,0.001448,-0.010642,6.512,22.046
2.785156,1,25,1529.14,2.5493,0.10624,17.01,50.134,3.505,175.70,22.605,22.503,-0.000784,0.011659,0.003507,6.480,22.046
2.789063,1,25,1524.01,2.5092,0.10592,16.90,50.094,3.496,175.13,22.607,22.504,-0.024223,0.003389,-0.012758,6.597,22.046
2.792969,1,25,1526.17,2.4634,0.10908,17.43,50.103,3.475,174.10,22.609,22.506,0.016453,0.017811,0.009364,6.672,22.046
2.796875,1,25,1527.17,2.3984,0.10425,16.67,50.124,3.400,170.40,22.611,22.507,0.026148,0.013300,0.000595,6.601,22.046
2.800781,1,25,1533.60,2.4310,0.10624,17.06,50.142,3.361,168.51,22.613,22.509,-0.011158,-0.024940,0.012426,6.723,22.046
2.804688,1,25,1533.26,2.5188,0.10183,16.35,50.144,3.401,170.56,22.615,22.510,-0.014998,-0.015171,0.006883,6.548,22.046
2.808594,1,25,1545.77,2.5461,0.10095,16.34,50.089,3.565,178.59,22.617,22.512,0.007101,-0.002011,-0.009061,6.710,22.046
2.812500,1,25,1542.22,2.5057,0.11479,18.54,50.126,3.538,177.35,22.619,22.514,0.013337,-0.000380,-0.009794,6.669,22.046
2.816406,1,25,1548.59,2.4612,0.11216,18.19,50.105,3.553,178.00,22.621,22.515,-0.018932,-0.012261,0.002531,6.749,22.047
2.820313,1,25,1546.05,2.4633,0.12134,19.64,50.098,3.393,169.97,22.622,22.517,-0.014948,-0.012237,0.003967,6.747,22.047
2.824219,1,25,1547.41,2.5658,0.10919,17.69,50.131,3.457,173.28,22.624,22.518,-0.019225,0.004249,-0.012704,6.695,22.047
2.828125,1,25,1553.69,2.5486,0.10866,17.68,50.119,3.475,174.17,22.626,22.520,0.025078,0.004970,-0.006513,6.763,22.047
2.832031,1,25,1550.90,2.5388,0.11347,18.43,50.137,3.416,171.25,22.628,22.521,0.027755,0.008474,-0.002236,6.712,22.047
2.835938,1,25,1559.72,2.4213,0.11547,18.86,50.117,3.469,173.86,22.630,22.523,-0.015669,-0.005634,-0.001675,6.680,22.047
2.839844,1,25,1563.45,2.5833,0.12332,20.19,50.086,3.458,173.18,22.632,22.524,0.006482,0.013049,0.008410,6.786,22.047
2.843750,1,25,1566.16,2.6106,0.10654,17.47,50.101,3.578,179.29,22.634,22.526,0.028379,0.004376,-0.004698,6.872,22.047
2.847656,1,25,1564.76,2.5128,0.09779,16.02,50.130,3.537,177.29,22.636,22.528,0.016964,-0.000038,-0.006343,6.798,22.047
2.851563,1,25,1561.58,2.4625,0.11141,18.22,50.115,3.525,176.64,22.637,22.529,0.024874,0.008863,0.000400,6.753,22.047
2.855469,1,25,1568.53,2.5300,0.11342,18.63,50.087,3.613,180.97,22.639,22.531,-0.012932,-0.021590,0.006987,6.876,22.047
2.859375,1,25,1564.86,2.5919,0.11590,18.99,50.126,3.451,173.00,22.641,22.532,-0.010042,-0.024394,0.010918,6.778,22.047
2.863281,1,25,1572.85,2.7249,0.10377,17.09,50.136,3.492,175.06,22.643,22.534,0.016468,0.023170,0.011359,6.794,22.047
2.867188,1,25,1576.87,2.5790,0.10567,17.45,50.120,3.476,174.23,22.645,22.535,0.007463,0.001172,-0.012943,6.896,22.047
2.871094,1,25,1576.47,2.6665,0.10801,17.83,50.084,3.603,180.44,22.647,22.537,0.001743,-0.007614,-0.003436,6.898,22.047
2.875000,1,25,1574.84,2.6220,0.10730,17.70,50.096,3.521,176.38,22.649,22.539,-0.003929,-0.008644,0.000336,6.900,22.047
2.878906,1,25,1576.21,2.6652,0.11059,18.25,50.129,3.607,180.81,22.651,22.540,-0.012387,-0.018512,0.006912,6.865,22.048
2.882813,1,25,1578.27,2.6394,0.10384,17.16,50.116,3.507,175.77,22.653,22.542,-0.023251,-0.000550,-0.013665,6.920,22.048
2.886719,1,25,1580.75,2.5646,0.11387,18.85,50.101,3.591,179.93,22.655,22.543,0.014779,0.024452,0.012778,6.964,22.048
2.890625,1,25,1589.89,2.7160,0.12183,20.28,50.119,3.588,179.81,22.657,22.545,-0.007129,-0.026033,0.012680,6.912,22.048
2.894531,1,25,1581.40,2.6505,0.11965,19.81,50.112,3.540,177.41,22.659,22.547,0.012985,0.002395,-0.013665,6.884,22.048
2.898438,1,25,1586.89,2.5586,0.10580,17.58,50.109,3.538,177.26,22.660,22.548,-0.011775,-0.019482,0.005323,6.904,22.048
2.902344,1,25,1591.46,2.5787,0.12563,20.94,50.107,3.495,175.13,22.662,22.550,-0.000247,0.013428,0.004510,6.922,22.048
2.906250,1,25,1600.46,2.6685,0.12032,20.17,50.107,3.587,179.72,22.664,22.551,-0.007867,-0.018746,0.008826,6.895,22.048
2.910156,1,25,1604.95,2.6910,0.12100,20.34,50.126,3.566,178.73,22.666,22.553,-0.021930,0.001212,-0.010268,7.029,22.048
2.914063,1,25,1595.08,2.6997,0.11826,19.75,50.119,3.748,187.82,22.668,22.555,-0.003563,-0.008862,0.005212,6.994,22.048
2.917969,1,25,1601.31,2.7403,0.10593,17.76,50.121,3.605,180.69,22.670,22.556,-0.018935,0.000958,-0.011728,7.052,22.048
2.921875,1,25,1598.30,2.7153,0.12292,20.57,50.114,3.748,187.84,22.672,22.558,-0.023242,-0.001941,-0.013820,6.960,22.048
2.925781,1,25,1606.00,2.7290,0.12328,20.73,50.144,3.461,173.57,22.674,22.559,0.011686,-0.001036,-0.013693,7.040,22.048
2.929688,1,25,1601.90,2.6517,0.11054,18.54,50.105,3.610,180.89,22.676,22.561,0.023955,0.006795,-0.001538,6.804,22.048
2.933594,1,25,1604.68,2.7604,0.11809,19.84,50.086,3.555,178.08,22.678,22.563,-0.007191,-0.005137,0.003596,7.014,22.048
2.937500,1,25,1612.21,2.7170,0.11761,19.86,50.122,3.636,182.24,22.680,22.564,-0.009015,0.005584,-0.003842,6.939,22.048
2.941406,1,25,1606.89,2.6502,0.11142,18.75,50.108,3.652,182.97,22.682,22.566,-0.022773,0.001168,-0.011290,6.825,22.049
2.945313,1,25,1609.30,2.6190,0.11526,19.42,50.106,3.626,181.70,22.684,22.567,0.006196,0.017751,0.006985,6.955,22.049
2.949219,1,25,1618.93,2.7033,0.11967,20.29,50.098,3.557,178.20,22.686,22.569,-0.009367,-0.024853,0.014430,7.112,22.049
2.953125,1,25,1616.90,2.7660,0.12336,20.89,50.092,3.651,182.87,22.688,22.571,-0.009581,-0.025815,0.011676,6.911,22.049
2.957031,1,25,1621.61,2.7572,0.12082,20.52,50.097,3.561,178.42,22.690,22.572,-0.013219,0.002772,-0.003052,7.050,22.049
2.960938,1,25,1617.25,2.8660,0.11929,20.20,50.086,3.697,185.17,22.691,22.574,-0.021612,-0.002203,-0.014587,7.075,22.049
2.964844,1,25,1615.98,2.7376,0.10908,18.46,50.104,3.583,179.53,22.693,22.575,-0.023254,0.000920,-0.015051,7.035,22.049
2.968750,1,25,1629.89,2.7158,0.11827,20.19,50.089,3.660,183.31,22.695,22.577,-0.012119,-0.019005,0.009784,7.032,22.049
2.972656,1,25,1631.71,2.8342,0.12543,21.43,50.088,3.660,183.30,22.697,22.579,-0.024210,0.001213,-0.011893,7.064,22.049
2.976563,1,25,1618.21,2.8601,0.11567,19.60,50.085,3.542,177.42,22.699,22.580,0.019365,0.000302,-0.010437,7.028,22.049
2.980469,1,25,1621.18,2.7803,0.11880,20.17,50.087,3.671,183.89,22.701,22.582,-0.005708,-0.018005,0.012124,7.112,22.049
2.984375,1,25,1625.80,2.8839,0.12972,22.09,50.113,3.578,179.31,22.703,22.583,-0.019098,-0.003261,-0.012061,6.980,22.049
2.988281,1,25,1628.87,2.8096,0.12763,21.77,50.083,3.601,180.36,22.705,22.585,0.028300,0.020541,0.013766,7.049,22.049
2.992188,1,25,1625.95,2.7655,0.10928,18.61,50.085,3.597,180.17,22.707,22.586,0.024097,0.025229,0.014024,7.103,22.049
2.996094,1,25,1637.04,2.7533,0.12228,20.96,50.107,3.743,187.57,22.709,22.588,-0.023034,-0.004390,-0.007664,7.038,22.049
3.000000,1,25,1631.53,2.8578,0.12859,21.97,50.105,3.668,183.78,22.711,22.590,-0.008617,-0.026988,0.011221,7.037,22.049
3.003906,1,25,1636.99,2.8202,0.13026,22.33,50.082,3.668,183.70,22.713,22.591,-0.001611,0.010755,-0.000439,7.194,22.050
3.007813,1,25,1631.36,2.7490,0.12475,21.31,50.095,3.627,181.69,22.715,22.593,-0.022879,0.001680,-0.010769,7.149,22.050
3.011719,1,25,1644.31,2.8512,0.12943,22.29,50.103,3.589,179.82,22.717,22.595,-0.007373,-0.023890,0.011596,7.110,22.050
3.015625,1,25,1641.89,2.9190,0.12205,20.99,50.127,3.706,185.78,22.719,22.596,-0.009022,-0.018188,0.012073,6.992,22.050
3.019531,1,25,1636.07,2.8612,0.12375,21.20,50.107,3.631,181.96,22.721,22.598,0.009943,-0.001414,-0.013214,7.074,22.050
3.023438,1,25,1643.79,2.7474,0.11824,20.35,50.104,3.654,183.10,22.723,22.599,-0.022282,-0.001660,-0.012900,7.135,22.050
3.027344,1,25,1653.29,2.8067,0.11511,19.93,50.103,3.624,181.58,22.725,22.601,-0.001639,-0.003745,-0.005785,7.182,22.050
3.031250,1,25,1653.80,2.8422,0.12529,21.70,50.090,3.654,183.05,22.726,22.603,-0.009472,-0.028087,0.014631,7.153,22.050
3.035156,1,25,1649.89,2.9130,0.11119,19.21,50.098,3.685,184.61,22.728,22.604,-0.003288,-0.007646,0.000884,7.176,22.050
3.039063,1,25,1647.88,2.9310,0.12313,21.25,50.085,3.820,191.34,22.730,22.606,-0.005580,-0.010456,0.003521,7.079,22.050
3.042969,1,25,1651.27,2.8774,0.12440,21.51,50.108,3.641,182.46,22.732,22.607,-0.020454,-0.003458,-0.007558,7.199,22.050
3.046875,1,25,1658.32,2.7936,0.11956,20.76,50.078,3.691,184.82,22.734,22.609,0.025270,0.004684,-0.002127,7.245,22.050
3.050781,1,25,1657.67,2.9148,0.12920,22.43,50.085,3.716,186.12,22.736,22.611,0.018278,0.000101,-0.012220,7.202,22.050
3.054688,1,25,1659.42,2.9132,0.12179,21.16,50.108,3.607,180.75,22.738,22.612,-0.003599,-0.014024,0.003618,7.138,22.050
3.058594,1,25,1662.58,2.8980,0.13785,24.00,50.088,3.638,182.24,22.740,22.614,-0.020227,-0.002805,-0.008209,7.290,22.050
3.062500,1,25,1655.55,2.9154,0.12603,21.85,50.074,3.712,185.87,22.742,22.615,-0.004185,-0.019273,0.008222,7.259,22.050
3.066406,1,25,1657.69,2.8514,0.12136,21.07,50.108,3.759,188.35,22.744,22.617,-0.017438,-0.010331,-0.001028,7.134,22.051
3.070313,1,25,1663.34,2.9710,0.12441,21.67,50.092,3.777,189.21,22.746,22.619,0.025614,0.025436,0.013572,7.140,22.051
3.074219,1,25,1660.06,2.8539,0.12450,21.64,50.098,3.701,185.41,22.748,22.620,0.015901,0.026678,0.012420,7.157,22.051
3.078125,1,25,1658.37,2.7815,0.12397,21.53,50.092,3.635,182.10,22.750,22.622,0.024260,0.025865,0.010790,7.118,22.051
3.082031,1,25,1667.62,2.9536,0.12991,22.69,50.081,3.753,187.94,22.752,22.624,-0.016576,-0.016821,0.007114,7.293,22.051
3.085938,1,25,1667.52,2.8623,0.13691,23.91,50.103,3.747,187.76,22.754,22.625,-0.023171,0.002380,-0.007238,7.363,22.051
3.089844,1,25,1668.89,2.9257,0.12547,21.93,50.094,3.713,186.02,22.756,22.627,-0.011103,0.008589,-0.000918,7.280,22.051
3.093750,1,25,1665.32,2.9467,0.12074,21.06,50.086,3.746,187.60,22.758,22.628,-0.021229,0.003434,-0.013435,7.268,22.051
3.097656,1,25,1675.97,2.9500,0.13148,23.08,50.096,3.681,184.38,22.760,22.630,-0.005110,-0.019912,0.008178,7.305,22.051
3.101563,1,25,1670.73,3.0600,0.13458,23.55,50.072,3.858,193.17,22.762,22.632,0.007074,-0.003567,-0.011934,7.316,22.051
3.105469,1,25,1664.76,2.8864,0.12601,21.97,50.082,3.808,190.74,22.764,22.633,0.030635,0.017686,0.004583,7.277,22.051
3.109375,1,25,1673.98,2.8379,0.13598,23.84,50.097,3.717,186.22,22.766,22.635,-0.024401,-0.001753,-0.006251,7.254,22.051
3.113281,1,25,1673.28,2.8470,0.13124,23.00,50.103,3.710,185.87,22.768,22.637,-0.025349,0.001822,-0.012004,7.115,22.051
3.117188,1,25,1675.75,2.9789,0.12176,21.37,50.101,3.757,188.25,22.770,22.638,0.015643,0.026544,0.011894,7.416,22.051
3.121094,1,25,1684.31,3.0108,0.12289,21.67,50.111,3.847,192.78,22.772,22.640,-0.009209,-0.022300,0.010360,7.411,22.051
3.125000,1,25,1676.28,3.0125,0.12778,22.43,50.092,3.679,184.30,22.774,22.641,0.014050,-0.001702,-0.014292,7.372,22.051
3.128906,1,25,1683.85,2.9891,0.11935,21.05,50.114,3.727,186.79,22.776,22.643,-0.025375,-0.002608,-0.014054,7.284,22.052
3.132813,1,25,1678.78,3.0387,0.12852,22.59,50.107,3.874,194.09,22.778,22.645,-0.012481,-0.018445,0.008931,7.292,22.052
3.136719,1,25,1679.72,2.9272,0.12834,22.58,50.095,3.819,191.30,22.780,22.646,-0.025841,0.002018,-0.013763,7.113,22.052
3.140625,1,25,1680.41,2.9624,0.12318,21.68,50.080,3.833,191.98,22.782,22.648,-0.005189,0.008933,0.001458,7.351,22.052
3.144531,1,25,1685.81,2.9842,0.12233,21.60,50.097,3.783,189.53,22.784,22.650,0.007544,-0.001160,-0.013710,7.424,22.052
3.148438,1,25,1681.02,2.9901,0.12995,22.88,50.082,3.776,189.13,22.786,22.651,0.025761,0.005011,-0.000645,7.388,22.052
3.152344,1,25,1689.70,2.9512,0.13345,23.61,50.078,3.800,190.28,22.788,22.653,-0.024093,-0.003494,-0.009864,7.267,22.052
3.156250,1,25,1687.98,2.9748,0.12706,22.46,50.092,3.826,191.67,22.790,22.655,-0.024635,-0.000381,-0.013340,7.310,22.052
3.160156,1,25,1684.73,2.9587,0.11904,21.00,50.060,3.820,191.23,22.792,22.656,-0.024007,-0.009019,-0.003661,7.356,22.052
3.164063,1,25,1682.63,2.9466,0.13290,23.42,50.100,3.715,186.13,22.794,22.658,-0.021422,-0.000620,-0.004014,7.318,22.052
3.167969,1,25,1689.23,2.9522,0.13465,23.82,50.080,3.877,194.17,22.796,22.660,0.028675,0.014413,0.002112,7.216,22.052
3.171875,1,25,1692.96,2.9342,0.13007,23.06,50.105,3.794,190.10,22.798,22.661,-0.007653,-0.021186,0.007409,7.234,22.052
3.175781,1,25,1690.40,2.9926,0.12450,22.04,50.068,3.737,187.10,22.800,22.663,0.000294,-0.013376,0.003360,7.365,22.052
3.179688,1,25,1691.97,2.9904,0.12703,22.51,50.097,3.798,190.26,22.802,22.664,-0.014076,-0.016098,0.005342,7.262,22.052
3.183594,1,25,1697.02,2.9849,0.12978,23.06,50.075,3.793,189.95,22.804,22.666,0.017430,0.023059,0.010429,7.467,22.052
3.187500,1,25,1693.86,3.0292,0.12155,21.56,50.091,3.770,188.85,22.806,22.668,-0.001499,0.013127,0.004832,7.513,22.053
3.191406,1,25,1696.85,2.9774,0.13981,24.84,50.099,3.910,195.90,22.808,22.669,0.021938,0.002145,-0.009858,7.425,22.053
3.195313,1,25,1694.83,3.0612,0.12945,22.98,50.093,3.796,190.17,22.810,22.671,0.022648,0.004082,-0.010525,7.388,22.053
3.199219,1,25,1697.66,2.9045,0.13273,23.60,50.079,3.746,187.57,22.812,22.673,-0.006048,-0.019144,0.009714,7.364,22.053
3.203125,1,25,1700.26,3.0625,0.13254,23.60,50.096,3.698,185.26,22.814,22.674,-0.024912,-0.000984,-0.011131,7.418,22.053
3.207031,1,25,1699.90,3.0182,0.12583,22.40,50.096,3.852,192.96,22.816,22.676,-0.023823,-0.001022,-0.013609,7.373,22.053
3.210938,1,25,1696.49,3.0732,0.11997,21.31,50.068,3.876,194.07,22.818,22.677,-0.023946,0.000991,-0.013653,7.514,22.053
3.214844,1,25,1707.28,3.0625,0.12375,22.12,50.082,3.766,188.62,22.820,22.679,-0.005960,-0.010996,0.007368,7.523,22.053
3.218750,1,25,1695.64,3.0048,0.14233,25.27,50.081,3.905,195.58,22.822,22.681,-0.003364,0.011063,0.005326,7.344,22.053
3.222656,1,25,1704.54,3.1061,0.12585,22.46,50.065,3.948,197.67,22.824,22.682,-0.009926,-0.022968,0.013691,7.435,22.053
3.226563,1,25,1701.29,2.9935,0.12298,21.91,50.084,3.802,190.44,22.826,22.684,-0.002166,-0.014688,0.005538,7.370,22.053
3.230469,1,25,1699.88,3.0003,0.12126,21.59,50.116,3.871,194.01,22.828,22.686,-0.006554,-0.019794,0.012304,7.393,22.053
3.234375,1,25,1700.67,3.0073,0.11986,21.35,50.094,3.763,188.50,22.830,22.687,-0.018185,-0.013391,0.007122,7.494,22.053
3.238281,1,25,1703.50,3.0475,0.13402,23.91,50.065,3.876,194.06,22.832,22.689,-0.012282,0.007749,-0.001162,7.474,22.053
3.242188,1,25,1706.00,3.0482,0.12476,22.29,50.070,3.931,196.84,22.834,22.691,0.029584,0.012814,0.003290,7.414,22.053
3.246094,1,25,1711.30,3.1635,0.13104,23.48,50.081,3.922,196.43,22.836,22.692,-0.008768,-0.027835,0.013935,7.396,22.053
3.250000,1,25,1712.35,3.1229,0.13484,24.18,50.098,3.912,195.97,22.838,22.694,-0.021925,-0.002371,-0.006316,7.459,22.054
3.253906,1,25,1709.95,3.1795,0.13479,24.14,50.110,3.737,187.28,22.840,22.696,-0.019512,-0.003149,-0.008024,7.494,22.054
3.257813,1,25,1716.18,3.0272,0.13301,23.90,50.077,3.824,191.52,22.842,22.697,0.030792,0.015160,0.004496,7.421,22.054
3.261719,1,25,1715.01,3.0418,0.13633,24.48,50.101,3.821,191.43,22.844,22.699,0.025522,0.005943,-0.005322,7.438,22.054
3.265625,1,25,1716.88,3.0518,0.13663,24.56,50.071,3.917,196.15,22.846,22.701,-0.003599,-0.006855,0.000441,7.561,22.054
3.269531,1,25,1711.15,3.0911,0.12637,22.64,50.095,3.854,193.05,22.848,22.702,0.023915,0.004236,-0.006808,7.468,22.054
3.273438,1,25,1718.38,3.1331,0.13037,23.46,50.069,3.929,196.73,22.850,22.704,-0.026372,-0.000359,-0.007815,7.519,22.054
3.277344,1,25,1717.49,3.1092,0.13584,24.43,50.082,3.956,198.15,22.852,22.706,-0.024962,0.000712,-0.011985,7.512,22.054
3.281250,1,25,1722.83,3.2090,0.13186,23.79,50.121,3.747,187.80,22.854,22.707,0.030008,0.007210,-0.004240,7.464,22.054
3.285156,1,25,1714.41,3.0381,0.13127,23.57,50.079,3.791,189.86,22.856,22.709,-0.020880,0.001735,-0.011755,7.362,22.054
3.289063,1,25,1716.49,3.0844,0.13121,23.58,50.112,3.885,194.66,22.858,22.710,0.024326,0.027995,0.013897,7.571,22.054
3.292969,1,25,1716.61,3.0236,0.13011,23.39,50.099,3.737,187.24,22.860,22.712,0.027446,0.005632,-0.003870,7.386,22.054
3.296875,1,25,1714.11,3.1587,0.13427,24.10,50.077,3.770,188.78,22.862,22.714,0.028486,0.016697,0.003874,7.379,22.054
3.300781,1,25,1720.48,3.1062,0.12696,22.87,50.063,3.847,192.57,22.864,22.715,-0.016250,-0.021518,0.007339,7.560,22.054
3.304688,1,25,1727.14,3.1054,0.13864,25.07,50.096,3.866,193.65,22.866,22.717,0.030690,0.023186,0.012223,7.548,22.054
3.308594,1,25,1718.16,3.1281,0.12633,22.73,50.104,3.902,195.49,22.868,22.718,-0.023977,0.000445,-0.006143,7.556,22.054
3.312500,1,25,1719.99,3.0867,0.13049,23.50,50.071,3.871,193.83,22.870,22.720,-0.003954,0.007371,-0.000394,7.517,22.055
3.316406,1,25,1717.13,3.0835,0.12785,22.99,50.087,3.913,196.01,22.872,22.722,-0.012827,0.002984,-0.005050,7.437,22.055
3.320313,1,25,1719.67,3.1928,0.13239,23.84,50.107,3.827,191.76,22.874,22.723,0.028259,0.018800,0.006032,7.390,22.055
3.324219,1,25,1725.46,3.1734,0.13630,24.63,50.075,3.839,192.25,22.876,22.725,-0.009663,-0.026178,0.014579,7.557,22.055
3.328125,1,25,1722.57,3.1844,0.12815,23.12,50.082,3.843,192.47,22.878,22.727,-0.006566,-0.025163,0.015131,7.545,22.055
3.332031,1,25,1724.73,3.1020,0.13906,25.12,50.078,3.846,192.62,22.880,22.728,-0.024274,0.001676,-0.012956,7.480,22.055
3.335938,1,25,1723.97,3.1208,0.12951,23.38,50.054,4.014,200.90,22.882,22.730,-0.020310,0.000371,-0.014970,7.547,22.055
3.339844,1,25,1726.56,3.1385,0.12747,23.05,50.103,3.904,195.59,22.884,22.731,0.026670,0.027245,0.011602,7.547,22.055
3.343750,1,25,1721.48,3.0933,0.14573,26.27,50.068,3.884,194.46,22.886,22.733,-0.008300,0.005847,0.000789,7.425,22.055
3.347656,1,25,1736.56,3.1717,0.13101,23.82,50.072,3.909,195.71,22.888,22.735,-0.017435,0.001846,-0.009446,7.494,22.055
3.351563,1,25,1727.37,3.2038,0.13654,24.70,50.072,3.950,197.78,22.890,22.736,-0.008708,-0.016267,0.008838,7.521,22.055
3.355469,1,25,1732.43,3.1302,0.12796,23.21,50.048,4.007,200.54,22.892,22.738,-0.018913,0.001926,-0.010659,7.491,22.055
3.359375,1,25,1736.44,3.1451,0.13037,23.71,50.089,3.832,191.96,22.894,22.740,0.026516,0.003638,-0.004413,7.673,22.055
3.363281,1,25,1730.27,3.1166,0.12636,22.90,50.078,3.979,199.24,22.896,22.741,-0.001035,0.013003,0.009832,7.521,22.055
3.367188,1,25,1726.34,3.1353,0.13864,25.06,50.112,3.813,191.07,22.898,22.743,-0.020362,-0.000792,-0.011437,7.575,22.055
3.371094,1,25,1729.80,3.1096,0.13624,24.68,50.096,3.933,197.02,22.900,22.745,0.029948,0.011183,0.001606,7.542,22.055
3.375000,1,25,1739.18,3.1279,0.13476,24.54,50.081,3.897,195.18,22.902,22.746,-0.024330,0.003430,-0.014969,7.604,22.056
3.378906,1,25,1728.96,3.1444,0.14548,26.34,50.090,3.878,194.25,22.904,22.748,0.004196,0.001486,-0.013503,7.515,22.056
3.382813,1,25,1726.49,3.1172,0.13884,25.10,50.095,3.890,194.88,22.906,22.750,0.007587,0.000852,-0.011167,7.584,22.056
3.386719,1,25,1730.90,3.2298,0.14090,25.54,50.114,3.830,191.92,22.908,22.751,-0.018140,-0.009179,-0.000159,7.631,22.056
3.390625,1,25,1729.09,3.1239,0.12974,23.49,50.093,3.863,193.52,22.910,22.753,-0.019782,-0.005553,-0.000863,7.615,22.056
3.394531,1,25,1736.99,3.2322,0.13592,24.72,50.074,3.930,196.77,22.912,22.754,0.020643,0.003312,-0.012105,7.571,22.056
3.398438,1,25,1731.39,3.0827,0.13648,24.75,50.053,3.899,195.15,22.914,22.756,0.019708,0.029024,0.013391,7.556,22.056
3.402344,1,25,1737.92,3.1032,0.13714,24.96,50.108,3.970,198.93,22.916,22.758,-0.005931,-0.020467,0.012745,7.566,22.056
3.406250,1,25,1739.59,3.1733,0.12988,23.66,50.075,3.885,194.52,22.918,22.759,-0.024339,-0.001484,-0.008766,7.531,22.056
3.410156,1,25,1734.94,3.1627,0.13698,24.89,50.062,3.988,199.63,22.920,22.761,-0.014107,-0.027895,0.013440,7.637,22.056
3.414063,1,25,1731.93,3.1257,0.12607,22.87,50.082,3.794,190.00,22.922,22.762,-0.010617,-0.028021,0.012706,7.678,22.056
3.417969,1,25,1736.55,3.2168,0.14626,26.60,50.093,4.054,203.06,22.924,22.764,-0.010941,0.006712,-0.004632,7.546,22.056
3.421875,1,25,1744.02,3.1059,0.13861,25.31,50.073,3.886,194.59,22.926,22.766,-0.005446,-0.013518,0.004116,7.653,22.056
3.425781,1,25,1738.77,3.1232,0.14126,25.72,50.074,3.998,200.21,22.928,22.767,0.016636,-0.001975,-0.010447,7.621,22.056
3.429688,1,25,1733.47,3.0372,0.13404,24.33,50.087,3.962,198.43,22.931,22.769,0.025233,0.024074,0.014122,7.593,22.056
3.433594,1,25,1737.27,3.1305,0.12709,23.12,50.109,3.859,193.35,22.932,22.771,-0.000642,-0.002810,-0.006018,7.542,22.056
3.437500,1,25,1747.56,3.3029,0.13845,25.34,50.073,3.850,192.78,22.934,22.772,0.029383,0.026903,0.012588,7.646,22.057
3.441406,1,25,1739.63,3.2780,0.15201,27.69,50.084,3.946,197.66,22.936,22.774,-0.025242,0.001800,-0.008977,7.536,22.057
3.445313,1,25,1748.42,3.0994,0.13735,25.15,50.063,3.948,197.63,22.938,22.776,0.001639,-0.003594,-0.010317,7.649,22.057
3.449219,1,25,1742.63,3.2145,0.13947,25.45,50.084,3.920,196.35,22.940,22.777,0.028066,0.014598,0.003369,7.581,22.057
3.453125,1,25,1743.58,3.2143,0.14617,26.69,50.083,3.913,195.96,22.942,22.779,0.005511,0.000634,-0.014232,7.549,22.057
3.457031,1,25,1745.24,3.2685,0.14417,26.35,50.095,3.902,195.46,22.944,22.780,-0.008119,-0.026740,0.015479,7.709,22.057
3.460938,1,25,1745.27,3.1907,0.15082,27.56,50.076,3.954,197.98,22.946,22.782,-0.014003,-0.015132,0.003563,7.563,22.057
3.464844,1,25,1742.27,3.1090,0.13652,24.91,50.077,3.892,194.89,22.948,22.784,-0.013391,-0.024897,0.013699,7.581,22.057
3.468750,1,25,1744.13,3.1242,0.13269,24.24,50.094,3.890,194.87,22.950,22.785,-0.023684,-0.000901,-0.015811,7.602,22.057
3.472656,1,25,1741.71,3.1777,0.13093,23.88,50.059,3.932,196.84,22.952,22.787,-0.023777,0.002794,-0.011025,7.608,22.057
3.476563,1,25,1757.45,3.1706,0.13796,25.39,50.074,3.980,199.29,22.954,22.789,-0.026528,-0.001286,-0.015617,7.598,22.057
3.480469,1,25,1740.80,3.2864,0.14299,26.07,50.073,3.939,197.22,22.956,22.790,-0.001498,0.015598,0.006066,7.519,22.057
3.484375,1,25,1747.46,3.1803,0.14242,26.06,50.055,3.810,190.70,22.958,22.792,-0.005921,-0.013692,0.006996,7.634,22.057
3.488281,1,25,1749.42,3.2680,0.13589,24.89,50.092,3.838,192.27,22.960,22.793,-0.022422,-0.007766,-0.002074,7.609,22.057
3.492188,1,25,1745.54,3.1860,0.13745,25.13,50.069,3.804,190.46,22.962,22.795,-0.008924,-0.026294,0.012364,7.593,22.057
3.496094,1,25,1748.03,3.2657,0.14320,26.21,50.058,3.955,197.97,22.964,22.796,-0.025752,-0.000368,-0.011623,7.669,22.057
3.500000,1,25,1753.76,3.2729,0.14947,27.45,50.069,3.898,195.18,22.966,22.798,0.018386,0.000185,-0.015238,7.544,22.058
3.503906,1,25,1752.98,3.3238,0.15073,27.67,50.093,3.932,196.95,22.968,22.800,0.004040,0.000183,-0.013849,7.730,22.058
3.507813,1,25,1752.35,3.1835,0.13524,24.82,50.088,4.115,206.10,22.970,22.801,-0.002664,-0.013169,0.001464,7.628,22.058
3.511719,1,25,1747.41,3.2113,0.12854,23.52,50.089,3.870,193.84,22.972,22.803,0.022298,-0.000985,-0.009160,7.602,22.058
3.515625,1,25,1748.14,3.2482,0.13785,25.24,50.099,3.893,195.04,22.974,22.804,-0.001275,-0.006327,-0.002885,7.549,22.058
3.519531,1,25,1758.30,3.2969,0.12787,23.54,50.089,3.905,195.62,22.976,22.806,0.033608,0.019610,0.008462,7.604,22.058
3.523438,1,25,1749.72,3.1963,0.13717,25.13,50.082,3.941,197.37,22.978,22.808,-0.023720,-0.003710,-0.010036,7.569,22.058
3.527344,1,25,1757.21,3.2253,0.13239,24.36,50.081,3.959,198.26,22.980,22.809,0.014508,-0.005474,-0.016060,7.647,22.058
3.531250,1,25,1746.80,3.3570,0.14476,26.48,50.068,3.736,187.08,22.982,22.811,-0.026846,0.003847,-0.013690,7.523,22.058
3.535156,1,25,1755.16,3.2707,0.14051,25.83,50.064,3.968,198.65,22.984,22.812,0.001037,-0.007831,-0.004741,7.558,22.058
3.539063,1,25,1747.21,3.2677,0.13967,25.56,50.060,3.921,196.28,22.986,22.814,0.021162,0.027530,0.015734,7.576,22.058
3.542969,1,25,1755.17,3.2861,0.15203,27.94,50.077,3.840,192.31,22.988,22.816,-0.015423,-0.022070,0.009202,7.577,22.058
3.546875,1,25,1749.36,3.2084,0.14823,27.15,50.043,4.012,200.77,22.990,22.817,-0.000531,-0.005073,-0.004366,7.609,22.058
3.550781,1,25,1756.24,3.2276,0.13981,25.71,50.055,3.997,200.05,22.992,22.819,-0.010658,0.004933,-0.005595,7.583,22.058
3.554688,1,25,1758.64,3.2065,0.14289,26.31,50.100,3.913,196.02,22.994,22.820,0.033886,0.015525,0.000521,7.699,22.058
3.558594,1,25,1754.05,3.1318,0.14243,26.16,50.064,4.061,203.31,22.996,22.822,0.012586,0.027328,0.011221,7.628,22.058
3.562500,1,25,1753.56,3.2163,0.13921,25.56,50.100,4.021,201.43,22.998,22.824,0.028345,0.024515,0.011864,7.577,22.059
3.566406,1,25,1756.85,3.1935,0.13323,24.51,50.065,3.882,194.37,23.000,22.825,-0.001801,-0.004690,-0.005147,7.509,22.059
3.570313,1,25,1755.50,3.2161,0.13894,25.54,50.124,3.872,194.07,23.002,22.827,-0.005944,-0.011983,0.001639,7.745,22.059
3.574219,1,25,1760.28,3.2354,0.14337,26.43,50.083,3.986,199.64,23.004,22.828,-0.023763,0.001083,-0.010746,7.664,22.059
3.578125,1,25,1754.76,3.2766,0.14431,26.52,50.079,3.946,197.59,23.006,22.830,-0.015119,-0.019129,0.008353,7.532,22.059
3.582031,1,25,1763.01,3.3327,0.13818,25.51,50.093,3.956,198.17,23.008,22.832,0.022219,0.001339,-0.007016,7.681,22.059
3.585938,1,25,1753.53,3.2363,0.14034,25.77,50.063,3.925,196.48,23.010,22.833,-0.027728,-0.000171,-0.014051,7.639,22.059
3.589844,1,25,1763.01,3.1458,0.14080,26.00,50.089,3.932,196.97,23.012,22.835,-0.005292,-0.013533,0.004825,7.682,22.059
3.593750,1,25,1760.56,3.2917,0.14552,26.83,50.089,3.828,191.74,23.014,22.836,-0.001464,-0.008263,0.000950,7.571,22.059
3.597656,1,25,1757.63,3.2421,0.14643,26.95,50.100,3.928,196.77,23.016,22.838,0.000480,-0.001365,-0.008806,7.681,22.059
3.601563,1,25,1761.03,3.3393,0.14138,26.07,50.086,3.938,197.22,23.018,22.840,-0.020496,-0.009212,0.000837,7.629,22.059
3.605469,1,25,1764.92,3.2431,0.14371,26.56,50.071,3.887,194.60,23.020,22.841,0.022285,0.027035,0.014185,7.624,22.059
3.609375,1,25,1763.49,3.1987,0.14270,26.35,50.083,3.805,190.58,23.022,22.843,0.026550,0.027788,0.012035,7.685,22.059
3.613281,1,25,1763.19,3.3693,0.14741,27.22,50.092,3.864,193.54,23.024,22.844,0.031858,0.012818,0.001999,7.725,22.059
3.617188,1,25,1769.28,3.2993,0.13937,25.82,50.060,3.976,199.04,23.026,22.846,-0.017404,-0.019024,0.007759,7.658,22.059
3.621094,1,25,1757.06,3.2545,0.13586,25.00,50.061,3.961,198.28,23.028,22.847,0.017383,0.023659,0.009234,7.723,22.059
3.625000,1,25,1767.21,3.3336,0.14313,26.49,50.050,4.058,203.11,23.030,22.849,-0.025666,0.000629,-0.011099,7.701,22.060
3.628906,1,25,1765.02,3.3633,0.14880,27.50,50.074,4.014,200.99,23.032,22.851,-0.025844,-0.003159,-0.008603,7.680,22.060
3.632813,1,25,1756.65,3.1816,0.13631,25.07,50.056,3.991,199.76,23.034,22.852,0.006508,-0.004647,-0.014010,7.709,22.060
3.636719,1,25,1757.21,3.2161,0.14682,27.02,50.083,3.894,195.02,23.036,22.854,-0.004285,-0.018174,0.010119,7.682,22.060
3.640625,1,25,1764.73,3.2822,0.13364,24.70,50.069,4.031,201.82,23.038,22.855,0.025351,0.026256,0.016153,7.827,22.060
3.644531,1,25,1763.63,3.3000,0.13932,25.73,50.063,4.011,200.79,23.040,22.857,0.031076,0.025932,0.013148,7.744,22.060
3.648438,1,25,1764.50,3.2149,0.14206,26.25,50.099,3.849,192.85,23.041,22.859,0.017230,0.000044,-0.011613,7.809,22.060
3.652344,1,25,1768.29,3.3170,0.14860,27.52,50.082,3.954,198.01,23.043,22.860,-0.015438,-0.020314,0.008439,7.625,22.060
3.656250,1,25,1766.35,3.3040,0.14596,27.00,50.066,3.940,197.24,23.045,22.862,-0.012856,-0.023493,0.010747,7.686,22.060
3.660156,1,25,1765.47,3.2597,0.12598,23.29,50.063,4.061,203.30,23.047,22.863,-0.020214,-0.009497,0.001139,7.590,22.060
3.664063,1,25,1771.39,3.3118,0.13895,25.77,50.071,4.024,201.47,23.049,22.865,0.029635,0.015772,0.003524,7.772,22.060
3.667969,1,25,1767.01,3.2342,0.14461,26.76,50.055,4.070,203.71,23.051,22.867,0.012835,0.021150,0.012536,7.796,22.060
3.671875,1,25,1765.93,3.1981,0.13816,25.55,50.080,3.918,196.22,23.053,22.868,0.023807,0.025786,0.012173,7.808,22.060
3.675781,1,25,1763.74,3.3136,0.14752,27.25,50.101,3.876,194.20,23.055,22.870,0.017628,0.026779,0.013175,7.731,22.060
3.679688,1,25,1770.95,3.3230,0.13810,25.61,50.065,3.996,200.08,23.057,22.871,-0.012983,-0.022993,0.013147,7.560,22.060
3.683594,1,25,1771.48,3.3260,0.13595,25.22,50.084,3.942,197.44,23.059,22.873,-0.023805,-0.003407,-0.007735,7.668,22.060
3.687500,1,25,1771.99,3.3035,0.13251,24.59,50.067,4.051,202.81,23.061,22.874,-0.014849,0.001766,-0.007853,7.641,22.060
3.691406,1,25,1771.69,3.3826,0.14475,26.86,50.085,4.083,204.51,23.063,22.876,0.001727,0.016492,0.008191,7.702,22.061
3.695313,1,25,1770.05,3.2211,0.13649,25.30,50.085,4.009,200.78,23.065,22.878,0.011472,0.019693,0.011476,7.698,22.061
3.699219,1,25,1767.41,3.2306,0.14173,26.23,50.050,4.035,201.95,23.067,22.879,-0.004676,0.012353,0.003861,7.669,22.061
3.703125,1,25,1772.90,3.3518,0.13159,24.43,50.053,4.015,200.96,23.069,22.881,-0.001490,-0.005393,-0.004000,7.639,22.061
3.707031,1,25,1771.13,3.3028,0.14346,26.61,50.070,3.999,200.24,23.071,22.882,-0.003773,-0.004921,-0.007208,7.754,22.061
3.710938,1,25,1769.82,3.1975,0.14437,26.76,50.079,3.957,198.18,23.073,22.884,-0.006194,-0.011086,0.001441,7.702,22.061
3.714844,1,25,1773.15,3.3383,0.14759,27.41,50.072,3.999,200.26,23.075,22.886,-0.024930,0.000861,-0.009096,7.772,22.061
3.718750,1,25,1770.17,3.2348,0.13931,25.82,50.097,3.925,196.63,23.077,22.887,-0.022581,-0.009033,-0.001290,7.613,22.061
3.722656,1,25,1771.74,3.2669,0.13829,25.66,50.057,4.071,203.80,23.079,22.889,-0.013814,0.005883,-0.004496,7.617,22.061
3.726563,1,25,1765.45,3.2477,0.14234,26.32,50.104,3.989,199.87,23.081,22.890,-0.015672,-0.018553,0.007678,7.656,22.061
3.730469,1,25,1767.07,3.2909,0.14152,26.19,50.085,3.898,195.24,23.083,22.892,-0.025062,0.002444,-0.013838,7.697,22.061
3.734375,1,25,1768.44,3.2432,0.13717,25.40,50.066,3.910,195.75,23.085,22.893,0.021699,0.023639,0.013047,7.714,22.061
3.738281,1,25,1763.03,3.4073,0.13905,25.67,50.077,3.934,197.01,23.087,22.895,-0.025176,0.001948,-0.012716,7.618,22.061
3.742188,1,25,1768.97,3.3110,0.14335,26.56,50.055,4.039,202.16,23.089,22.897,0.007253,-0.002766,-0.015369,7.601,22.061
3.746094,1,25,1776.51,3.2895,0.13128,24.42,50.071,3.789,189.71,23.091,22.898,-0.012508,0.002374,-0.003457,7.683,22.061
3.750000,1,25,1770.99,3.3556,0.14617,27.11,50.080,3.825,191.56,23.093,22.900,-0.018399,-0.012689,0.002780,7.651,22.061
3.753906,1,25,1768.58,3.3529,0.13197,24.44,50.091,3.954,198.05,23.095,22.901,-0.015881,-0.020660,0.008320,7.706,22.062
3.757813,1,25,1770.69,3.3307,0.14387,26.68,50.071,3.932,196.86,23.097,22.903,-0.017850,0.001024,-0.008606,7.682,22.062
3.761719,1,25,1775.64,3.3256,0.13738,25.55,50.073,3.976,199.08,23.098,22.904,0.011832,-0.001614,-0.013175,7.738,22.062
3.765625,1,25,1777.61,3.3106,0.13686,25.48,50.069,4.001,200.33,23.100,22.906,-0.006412,-0.027947,0.014975,7.836,22.062
3.769531,1,25,1781.31,3.3206,0.13698,25.55,50.066,3.936,197.06,23.102,22.907,-0.016346,0.002401,-0.005152,7.777,22.062
3.773438,1,25,1774.80,3.3640,0.15559,28.92,50.078,4.020,201.32,23.104,22.909,-0.012878,-0.027628,0.011777,7.701,22.062
3.777344,1,25,1779.10,3.3105,0.14348,26.73,50.091,4.029,201.83,23.106,22.910,0.007945,0.022611,0.011005,7.657,22.062
3.781250,1,25,1772.32,3.3000,0.13765,25.55,50.052,3.942,197.32,23.108,22.912,-0.019009,-0.008009,0.002963,7.724,22.062
3.785156,1,25,1775.85,3.2284,0.14442,26.86,50.071,4.003,200.41,23.110,22.914,0.014803,0.021557,0.011042,7.732,22.062
3.789063,1,25,1775.37,3.3114,0.13752,25.57,50.073,3.814,190.96,23.112,22.915,0.029188,0.023080,0.012815,7.751,22.062
3.792969,1,25,1780.20,3.3536,0.13921,25.95,50.064,4.031,201.83,23.114,22.917,-0.007446,-0.022132,0.012056,7.745,22.062
3.796875,1,25,1770.42,3.3403,0.12975,24.05,50.069,3.923,196.41,23.116,22.918,0.011473,0.023951,0.012261,7.574,22.062
3.800781,1,25,1774.37,3.3526,0.14091,26.18,50.053,3.972,198.80,23.118,22.920,0.001150,-0.002854,-0.009972,7.765,22.062
3.804688,1,25,1769.57,3.3111,0.14275,26.45,50.088,3.997,200.18,23.120,22.921,0.027321,0.008922,-0.002700,7.560,22.062
3.808594,1,25,1771.14,3.3293,0.14385,26.68,50.080,3.947,197.69,23.122,22.923,0.000197,-0.007038,-0.006347,7.596,22.062
3.812500,1,25,1772.00,3.3718,0.14715,27.31,50.100,3.907,195.72,23.124,22.924,-0.010755,-0.025991,0.012779,7.610,22.062
3.816406,1,25,1772.55,3.3221,0.13554,25.16,50.041,4.027,201.54,23.126,22.926,-0.025245,0.001486,-0.006263,7.661,22.063
3.820313,1,25,1771.87,3.2884,0.13671,25.37,50.075,3.983,199.43,23.128,22.927,-0.027018,0.002462,-0.014598,7.697,22.063
3.824219,1,25,1765.91,3.3166,0.14299,26.44,50.069,3.868,193.66,23.129,22.929,-0.007663,-0.023008,0.014007,7.623,22.063
3.828125,1,25,1774.73,3.3434,0.14677,27.28,50.067,3.849,192.73,23.131,22.930,0.028296,0.003132,-0.004774,7.673,22.063
3.832031,1,25,1779.73,3.3965,0.15148,28.23,50.082,4.019,201.26,23.133,22.932,-0.017941,-0.019523,0.008094,7.700,22.063
3.835938,1,25,1780.32,3.3014,0.14043,26.18,50.057,4.086,204.53,23.135,22.934,-0.026672,-0.001080,-0.015090,7.789,22.063
3.839844,1,25,1775.27,3.2608,0.13253,24.64,50.108,3.868,193.83,23.137,22.935,-0.011933,-0.023671,0.013339,7.745,22.063
3.843750,1,25,1780.05,3.3171,0.14465,26.96,50.063,4.039,202.18,23.139,22.937,0.016976,0.025873,0.012000,7.805,22.063
3.847656,1,25,1780.82,3.2885,0.14687,27.39,50.087,3.910,195.86,23.141,22.938,0.032633,0.010757,0.000070,7.668,22.063
3.851563,1,25,1781.95,3.2919,0.12915,24.10,50.084,3.982,199.44,23.143,22.940,0.004907,-0.001914,-0.009945,7.670,22.063
3.855469,1,25,1777.75,3.2630,0.13575,25.27,50.049,4.093,204.84,23.145,22.941,0.025119,0.004264,-0.005209,7.750,22.063
3.859375,1,25,1778.74,3.3314,0.14053,26.18,50.071,3.972,198.90,23.147,22.943,-0.002006,-0.004013,-0.006692,7.769,22.063
3.863281,1,25,1775.47,3.3049,0.13801,25.66,50.070,3.985,199.54,23.149,22.944,0.013110,-0.001916,-0.016832,7.725,22.063
3.867188,1,25,1781.47,3.3276,0.14397,26.86,50.118,3.802,190.54,23.151,22.946,-0.029033,-0.000876,-0.014876,7.811,22.063
3.871094,1,25,1779.09,3.3386,0.14544,27.10,50.058,4.147,207.58,23.153,22.947,-0.024045,0.000411,-0.011405,7.596,22.063
3.875000,1,25,1784.36,3.4149,0.13386,25.01,50.045,4.115,205.91,23.155,22.949,0.029068,0.000968,-0.006052,7.636,22.063
3.878906,1,25,1784.93,3.3223,0.14136,26.42,50.090,3.941,197.42,23.157,22.950,0.000872,-0.002819,-0.009542,7.763,22.064
3.882813,1,25,1777.92,3.3235,0.14145,26.34,50.080,3.903,195.46,23.158,22.952,0.018833,0.025687,0.012519,7.800,22.064
3.886719,1,25,1781.82,3.3383,0.14697,27.42,50.053,4.087,204.57,23.160,22.954,-0.000900,-0.005165,-0.005849,7.774,22.064
3.890625,1,25,1778.83,3.2689,0.14089,26.24,50.043,3.965,198.42,23.162,22.955,0.009208,-0.001068,-0.012145,7.766,22.064
3.894531,1,25,1782.70,3.3343,0.14249,26.60,50.067,3.974,198.95,23.164,22.957,-0.020560,-0.008273,-0.002155,7.778,22.064
3.898438,1,25,1778.07,3.3123,0.14184,26.41,50.066,3.971,198.79,23.166,22.958,-0.006067,-0.022187,0.012122,7.792,22.064
3.902344,1,25,1778.70,3.3366,0.14352,26.73,50.065,4.118,206.18,23.168,22.960,-0.018586,-0.013344,0.003475,7.716,22.064
3.906250,1,25,1780.42,3.3535,0.14138,26.36,50.097,4.020,201.37,23.170,22.961,-0.015189,0.004701,-0.005586,7.721,22.064
3.910156,1,25,1778.27,3.3853,0.13677,25.47,50.055,3.971,198.75,23.172,22.963,-0.019693,0.004275,-0.009962,7.704,22.064
3.914063,1,25,1778.61,3.2545,0.13334,24.84,50.074,3.937,197.16,23.174,22.964,0.010792,0.023845,0.011760,7.765,22.064
3.917969,1,25,1781.39,3.3744,0.14031,26.17,50.084,4.081,204.37,23.176,22.966,0.011166,-0.002580,-0.014695,7.867,22.064
3.921875,1,25,1776.90,3.2629,0.13169,24.50,50.065,3.896,195.05,23.178,22.967,0.031922,0.019955,0.008341,7.725,22.064
3.925781,1,25,1781.75,3.3029,0.14188,26.47,50.093,3.949,197.84,23.180,22.969,-0.008087,-0.027924,0.014446,7.646,22.064
3.929688,1,25,1780.94,3.3168,0.15409,28.74,50.088,3.884,194.54,23.182,22.970,-0.015888,-0.021497,0.011874,7.715,22.064
3.933594,1,25,1786.59,3.2937,0.15021,28.10,50.073,4.107,205.65,23.184,22.972,0.031805,0.022513,0.011529,7.819,22.064
3.937500,1,25,1778.06,3.2940,0.14320,26.66,50.090,3.983,199.49,23.185,22.973,-0.016579,-0.012403,0.006542,7.845,22.064
3.941406,1,25,1775.38,3.3074,0.14244,26.48,50.087,3.990,199.84,23.187,22.975,-0.011900,-0.021477,0.009939,7.740,22.065
3.945313,1,25,1777.00,3.3254,0.14723,27.40,50.077,3.837,192.14,23.189,22.976,-0.023360,0.000981,-0.012027,7.875,22.065
3.949219,1,25,1780.95,3.2762,0.14282,26.64,50.093,4.008,200.79,23.191,22.978,0.030336,0.007385,-0.003496,7.763,22.065
3.953125,1,25,1782.30,3.2821,0.15992,29.85,50.093,3.970,198.85,23.193,22.979,-0.002856,-0.004644,-0.004566,7.678,22.065
3.957031,1,25,1785.73,3.3201,0.13956,26.10,50.079,3.993,199.98,23.195,22.981,-0.022325,-0.003437,-0.010956,7.912,22.065
3.960938,1,25,1786.23,3.3435,0.13939,26.07,50.061,4.024,201.46,23.197,22.982,-0.010981,0.007702,-0.003409,7.603,22.065
3.964844,1,25,1788.72,3.3387,0.13947,26.13,50.065,3.952,197.85,23.199,22.984,0.031673,0.009831,0.003784,7.766,22.065
3.968750,1,25,1785.54,3.3326,0.15307,28.62,50.044,3.981,199.20,23.201,22.985,0.026134,0.024327,0.012467,7.732,22.065
3.972656,1,25,1781.63,3.3138,0.14728,27.48,50.076,3.897,195.12,23.203,22.987,-0.004718,0.009236,0.000883,7.782,22.065
3.976563,1,25,1789.99,3.3263,0.14379,26.95,50.060,3.911,195.80,23.204,22.988,-0.013319,-0.023684,0.010382,7.881,22.065
3.980469,1,25,1786.56,3.2835,0.14658,27.42,50.100,3.914,196.11,23.206,22.990,-0.006782,-0.023065,0.012433,7.801,22.065
3.984375,1,25,1786.36,3.3618,0.14200,26.56,50.087,3.962,198.43,23.208,22.991,-0.012612,-0.024397,0.011595,7.772,22.065
3.988281,1,25,1786.35,3.3684,0.14435,27.00,50.060,3.998,200.14,23.210,22.993,-0.022260,-0.001296,-0.006701,7.862,22.065
3.992188,1,25,1788.50,3.4880,0.15309,28.67,50.084,3.950,197.83,23.212,22.994,0.006422,0.021480,0.008738,7.739,22.065
3.996094,1,25,1785.67,3.3507,0.14343,26.82,50.055,4.011,200.77,23.214,22.996,-0.014457,0.004340,-0.002106,7.634,22.065
4.000000,1,25,1785.54,3.3378,0.14632,27.36,50.110,3.847,192.77,23.216,22.997,0.016185,0.023190,0.012860,7.782,22.065
4.003906,1,25,1777.90,3.2936,0.15378,28.63,50.091,4.007,200.70,23.218,22.999,-0.013336,-0.020698,0.011149,7.895,22.066
4.007813,1,25,1788.08,3.3328,0.13896,26.02,50.066,4.022,201.36,23.219,23.000,-0.001757,-0.002913,-0.003312,7.672,22.066
4.011719,1,25,1786.11,3.4308,0.14992,28.04,50.075,4.008,200.68,23.221,23.002,-0.004306,-0.005145,-0.006787,7.827,22.066
4.015625,1,25,1789.46,3.3975,0.13772,25.81,50.110,3.980,199.45,23.223,23.003,-0.024647,-0.001584,-0.009495,7.682,22.066
4.019531,1,25,1786.05,3.3081,0.14773,27.63,50.085,3.990,199.85,23.225,23.005,-0.012493,-0.021730,0.009420,7.733,22.066
4.023438,1,25,1778.54,3.3991,0.14246,26.53,50.066,3.875,194.01,23.227,23.006,0.022222,0.001281,-0.010208,7.842,22.066
4.027344,1,25,1785.53,3.2944,0.14450,27.02,50.069,3.891,194.80,23.229,23.008,-0.022844,-0.001206,-0.016725,7.717,22.066
4.031250,1,25,1786.62,3.3268,0.15413,28.84,50.108,3.912,196.00,23.231,23.009,0.014602,0.025645,0.013692,7.881,22.066
4.035156,1,25,1788.09,3.4112,0.14233,26.65,50.086,3.905,195.59,23.233,23.010,0.024261,0.000300,-0.008597,7.674,22.066
4.039063,1,25,1784.35,3.2746,0.14918,27.88,50.077,4.113,205.98,23.234,23.012,0.027010,0.023695,0.014004,7.746,22.066
4.042969,1,25,1786.60,3.3460,0.15017,28.10,50.089,3.962,198.46,23.236,23.014,0.002656,-0.002350,-0.010526,7.826,22.066
4.046875,1,25,1789.04,3.3309,0.14689,27.52,50.088,3.979,199.28,23.238,23.015,-0.016427,-0.017928,0.007299,7.717,22.066
4.050781,1,25,1782.75,3.4085,0.14015,26.16,50.097,3.984,199.57,23.240,23.017,0.009782,0.000944,-0.011188,7.811,22.066
4.054688,1,25,1781.62,3.3575,0.14096,26.30,50.100,3.812,190.97,23.242,23.018,-0.000095,-0.001233,-0.008917,7.837,22.066
4.058594,1,25,1782.61,3.2827,0.14157,26.43,50.058,3.961,198.29,23.244,23.019,-0.009310,-0.026510,0.013381,7.824,22.066
4.062500,1,25,1788.97,3.3949,0.15007,28.11,50.089,4.062,203.44,23.246,23.021,0.028194,0.022403,0.012515,7.727,22.066
4.066406,1,25,1788.20,3.3016,0.14599,27.34,50.100,3.804,190.56,23.247,23.022,0.030811,0.015845,0.001600,7.743,22.066
4.070313,1,25,1792.15,3.4019,0.14369,26.97,50.083,3.861,193.37,23.249,23.024,-0.012504,-0.028778,0.012234,7.863,22.067
4.074219,1,25,1788.03,3.3485,0.14836,27.78,50.087,4.033,201.98,23.251,23.025,0.001512,-0.002779,-0.007212,7.693,22.067
4.078125,1,25,1783.03,3.3116,0.14737,27.52,50.098,3.941,197.46,23.253,23.027,0.032254,0.013380,0.000984,7.818,22.067
4.082031,1,25,1785.31,3.3519,0.14361,26.85,50.081,3.991,199.90,23.255,23.028,-0.000138,-0.013101,0.003350,7.666,22.067
4.085938,1,25,1789.18,3.2755,0.14883,27.88,50.096,3.971,198.93,23.257,23.030,-0.024491,0.003213,-0.015171,7.777,22.067
4.089844,1,25,1788.04,3.3841,0.15012,28.11,50.060,4.052,202.83,23.259,23.031,-0.020781,0.002596,-0.010038,7.755,22.067
4.093750,1,25,1785.07,3.2884,0.15832,29.59,50.063,3.971,198.78,23.261,23.033,-0.026717,0.003381,-0.014110,7.768,22.067
4.097656,1,25,1791.76,3.3540,0.14843,27.85,50.089,4.002,200.46,23.262,23.034,0.006460,0.000419,-0.013491,7.756,22.067
4.101563,1,25,1780.14,3.3348,0.14311,26.68,50.099,4.013,201.07,23.264,23.036,-0.020181,-0.010610,0.003638,7.760,22.067
4.105469,1,25,1794.43,3.3182,0.14334,26.93,50.059,4.082,204.35,23.266,23.037,-0.024916,0.001846,-0.011138,7.705,22.067
4.109375,1,25,1792.88,3.3665,0.14100,26.47,50.068,3.966,198.58,23.268,23.039,-0.026363,-0.000167,-0.013404,7.784,22.067
4.113281,1,25,1788.69,3.3256,0.14203,26.60,50.095,4.015,201.14,23.270,23.040,-0.015019,-0.025704,0.009221,7.854,22.067
4.117188,1,25,1785.91,3.2341,0.14205,26.57,50.074,3.957,198.12,23.272,23.041,-0.010255,-0.024283,0.013452,7.715,22.067
4.121094,1,25,1793.08,3.3584,0.14828,27.84,50.073,3.982,199.39,23.274,23.043,0.030413,0.020530,0.009348,7.811,22.067
4.125000,1,25,1782.53,3.3396,0.14756,27.54,50.079,3.899,195.24,23.276,23.044,-0.003339,-0.024555,0.014661,7.815,22.067
4.128906,1,25,1791.45,3.3686,0.14624,27.44,50.059,3.964,198.41,23.277,23.046,0.020301,0.000190,-0.011515,7.879,22.067
4.132813,1,25,1793.72,3.3627,0.14139,26.56,50.084,3.942,197.42,23.279,23.047,-0.007218,-0.024398,0.013803,7.851,22.068
4.136719,1,25,1781.67,3.3714,0.14468,26.99,50.109,3.949,197.87,23.281,23.049,-0.025693,-0.000737,-0.013654,7.755,22.068
4.140625,1,25,1791.50,3.3998,0.14587,27.37,50.088,4.105,205.59,23.283,23.050,-0.014556,-0.023731,0.013051,7.843,22.068
4.144531,1,25,1782.58,3.4433,0.14758,27.55,50.068,3.993,199.93,23.285,23.052,0.031555,0.025044,0.009215,7.761,22.068
4.148438,1,25,1789.70,3.3707,0.14251,26.71,50.090,3.896,195.13,23.287,23.053,-0.024641,-0.006246,-0.005744,7.700,22.068
4.152344,1,25,1784.90,3.4004,0.14176,26.50,50.074,3.933,196.96,23.289,23.055,-0.008913,-0.019721,0.013894,7.830,22.068
4.156250,1,25,1798.61,3.3571,0.14258,26.85,50.081,4.075,204.09,23.290,23.056,-0.010356,-0.027988,0.014309,7.816,22.068
4.160156,1,25,1785.77,3.3695,0.13720,25.66,50.070,4.071,203.85,23.292,23.058,-0.027957,0.002436,-0.013498,7.701,22.068
4.164063,1,25,1792.17,3.4065,0.13965,26.21,50.093,3.915,196.11,23.294,23.059,0.004796,-0.002693,-0.010072,7.875,22.068
4.167969,1,25,1790.95,3.2931,0.14550,27.29,50.068,4.117,206.11,23.296,23.060,-0.002960,-0.003778,-0.004524,7.827,22.068
4.171875,1,25,1799.18,3.2850,0.13616,25.65,50.044,4.077,204.04,23.298,23.062,0.026792,0.026891,0.012864,7.790,22.068
4.175781,1,25,1791.98,3.3651,0.14755,27.69,50.068,3.964,198.48,23.300,23.063,-0.022784,-0.010189,-0.003796,7.816,22.068
4.179688,1,25,1794.26,3.4450,0.15054,28.29,50.067,3.881,194.33,23.302,23.065,0.002911,0.015210,0.006224,7.909,22.068
4.183594,1,25,1788.91,3.3828,0.14829,27.78,50.071,4.014,200.99,23.304,23.066,-0.020350,-0.002295,-0.007113,7.692,22.068
4.187500,1,25,1787.70,3.4398,0.14968,28.02,50.055,4.106,205.52,23.306,23.068,-0.024484,-0.002479,-0.008778,7.709,22.068
4.191406,1,25,1789.39,3.3249,0.13600,25.48,50.099,4.125,206.64,23.307,23.069,0.005498,0.018317,0.007926,7.820,22.068
4.195313,1,25,1785.86,3.2511,0.13862,25.92,50.082,4.052,202.94,23.309,23.071,-0.020971,0.003092,-0.012561,7.828,22.069
4.199219,1,25,1794.38,3.3316,0.15799,29.69,50.060,4.072,203.83,23.311,23.072,-0.010051,-0.025583,0.012954,7.742,22.069
4.203125,1,25,1794.52,3.4177,0.14545,27.33,50.065,4.049,202.69,23.313,23.074,-0.022702,-0.008017,-0.000405,7.821,22.069
4.207031,1,25,1791.37,3.3504,0.15171,28.46,50.085,3.974,199.06,23.315,23.075,-0.012190,-0.028095,0.015181,7.695,22.069
4.210938,1,25,1791.33,3.3013,0.15660,29.38,50.072,4.059,203.26,23.317,23.077,-0.017885,-0.006712,-0.004122,7.692,22.069
4.214844,1,25,1788.26,3.3856,0.14104,26.41,50.034,4.003,200.31,23.319,23.078,-0.012372,-0.024758,0.010302,7.820,22.069
4.218750,1,25,1791.07,3.3164,0.14698,27.57,50.087,3.991,199.88,23.321,23.080,-0.010713,0.007871,-0.003443,7.712,22.069
4.222656,1,25,1793.46,3.3943,0.13833,25.98,50.064,4.061,203.32,23.322,23.081,0.028203,0.006398,-0.003491,7.911,22.069
4.226563,1,25,1797.72,3.4829,0.13754,25.89,50.076,3.880,194.28,23.324,23.082,-0.016047,-0.018486,0.010158,7.791,22.069
4.230469,1,25,1793.34,3.3864,0.14553,27.33,50.064,4.066,203.58,23.326,23.084,-0.003055,-0.008998,-0.000611,7.811,22.069
4.234375,1,25,1793.00,3.3985,0.14341,26.93,50.081,3.996,200.11,23.328,23.085,-0.004613,-0.025679,0.012981,7.792,22.069
4.238281,1,25,1797.32,3.4530,0.14246,26.81,50.065,4.076,204.08,23.330,23.087,-0.004002,0.009721,0.002156,7.802,22.069
4.242188,1,25,1796.24,3.3851,0.15232,28.65,50.089,4.013,200.99,23.332,23.088,0.006437,0.016485,0.007696,7.892,22.069
4.246094,1,25,1784.88,3.3398,0.14036,26.23,50.077,3.973,198.95,23.334,23.090,0.010856,-0.002187,-0.014445,7.603,22.069
4.250000,1,25,1792.35,3.3410,0.13760,25.83,50.080,3.995,200.08,23.335,23.091,-0.004844,0.010737,0.001172,7.906,22.069
4.253906,1,25,1797.10,3.4091,0.15059,28.34,50.055,3.982,199.30,23.337,23.093,0.002576,-0.003173,-0.007363,7.952,22.069
4.257813,1,25,1787.59,3.2989,0.14844,27.79,50.042,3.987,199.54,23.339,23.094,-0.024571,0.003009,-0.012910,7.821,22.069
4.261719,1,25,1788.65,3.2987,0.14979,28.06,50.048,4.084,204.39,23.341,23.096,0.018179,0.028495,0.015325,7.781,22.070
4.265625,1,25,1790.17,3.2614,0.15042,28.20,50.077,4.011,200.84,23.343,23.097,0.022457,0.001428,-0.010210,7.751,22.070
4.269531,1,25,1792.88,3.3822,0.15117,28.38,50.069,3.984,199.45,23.345,23.098,-0.009158,-0.025462,0.015428,7.874,22.070
4.273438,1,25,1782.88,3.2687,0.13833,25.83,50.081,3.981,199.39,23.346,23.100,0.000468,0.014848,0.006810,7.745,22.070
4.277344,1,25,1788.01,3.3509,0.14890,27.88,50.073,3.881,194.31,23.348,23.101,-0.003229,-0.011835,0.001740,7.716,22.070
4.281250,1,25,1788.01,3.3359,0.13806,25.85,50.068,4.073,203.94,23.350,23.103,-0.008373,-0.029261,0.014300,7.661,22.070
4.285156,1,25,1796.49,3.4126,0.14672,27.60,50.069,4.134,206.97,23.352,23.104,0.011571,-0.001804,-0.012673,7.875,22.070
4.289063,1,25,1793.44,3.3062,0.14687,27.58,50.075,3.991,199.83,23.354,23.106,0.030346,0.011459,-0.000828,7.801,22.070
4.292969,1,25,1794.27,3.3798,0.14935,28.06,50.059,4.004,200.45,23.356,23.107,0.005267,-0.003173,-0.013088,7.852,22.070
4.296875,1,25,1784.79,3.3809,0.14471,27.05,50.061,4.105,205.50,23.358,23.109,-0.027168,0.002172,-0.012165,7.741,22.070
4.300781,1,25,1793.11,3.3796,0.14346,26.94,50.061,4.088,204.65,23.360,23.110,-0.008151,-0.024929,0.009792,7.704,22.070
4.304688,1,25,1790.49,3.2705,0.13678,25.65,50.083,3.977,199.16,23.361,23.111,-0.005822,-0.008690,0.000146,7.788,22.070
4.308594,1,25,1792.34,3.4140,0.14337,26.91,50.062,4.157,208.12,23.363,23.113,-0.023021,-0.008042,-0.001600,7.820,22.070
4.312500,1,25,1791.45,3.3833,0.15011,28.16,50.053,4.034,201.90,23.365,23.114,-0.020252,-0.001879,-0.008239,7.845,22.070
4.316406,1,25,1790.85,3.4243,0.14775,27.71,50.040,4.113,205.82,23.367,23.116,-0.027564,0.001489,-0.012768,7.885,22.070
4.320313,1,25,1796.31,3.3562,0.14963,28.15,50.056,4.037,202.07,23.369,23.117,0.009043,-0.002344,-0.011259,7.972,22.070
4.324219,1,25,1796.06,3.3200,0.14006,26.34,50.084,3.922,196.43,23.371,23.119,-0.004119,-0.008780,0.000284,7.674,22.071
4.328125,1,25,1791.84,3.4441,0.14460,27.13,50.076,3.897,195.16,23.372,23.120,0.024371,0.001693,-0.009806,7.751,22.071
4.332031,1,25,1784.94,3.3908,0.15326,28.65,50.071,3.988,199.69,23.374,23.121,-0.022887,0.003138,-0.009989,7.770,22.071
4.335938,1,25,1793.90,3.2781,0.14304,26.87,50.102,3.999,200.34,23.376,23.123,-0.010819,-0.023905,0.010169,7.829,22.071
4.339844,1,25,1794.29,3.4361,0.15259,28.67,50.051,4.051,202.74,23.378,23.124,-0.024870,0.002452,-0.012983,7.786,22.071
4.343750,1,25,1799.10,3.4099,0.15344,28.91,50.115,3.920,196.46,23.380,23.126,0.024507,0.005358,-0.009819,7.755,22.071
4.347656,1,25,1793.23,3.3170,0.15412,28.94,50.081,3.990,199.80,23.382,23.127,-0.009349,0.006545,-0.000519,7.744,22.071
4.351563,1,25,1799.58,3.3838,0.15215,28.67,50.080,4.113,205.97,23.383,23.129,-0.006259,-0.021659,0.010058,7.687,22.071
4.355469,1,25,1790.99,3.3732,0.14583,27.35,50.048,4.093,204.83,23.385,23.130,0.010873,0.019218,0.006739,7.721,22.071
4.359375,1,25,1796.67,3.4261,0.14048,26.43,50.081,3.965,198.55,23.387,23.131,-0.005645,-0.024873,0.010469,7.869,22.071
4.363281,1,25,1800.59,3.4253,0.15540,29.30,50.059,4.079,204.18,23.389,23.133,-0.004397,0.007441,-0.001475,7.942,22.071
4.367188,1,25,1794.08,3.3672,0.14259,26.79,50.080,4.111,205.88,23.391,23.134,-0.015223,-0.029515,0.014703,7.868,22.071
4.371094,1,25,1803.80,3.4397,0.14159,26.74,50.091,3.985,199.59,23.393,23.136,0.002221,-0.000803,-0.006406,7.906,22.071
4.375000,1,25,1790.24,3.4712,0.14265,26.74,50.061,3.971,198.81,23.394,23.137,-0.007235,-0.026190,0.013098,7.743,22.071
4.378906,1,25,1793.34,3.2477,0.14311,26.88,50.066,4.060,203.29,23.396,23.139,-0.021170,0.003462,-0.010846,7.786,22.071
4.382813,1,25,1792.10,3.3999,0.13531,25.39,50.058,4.002,200.32,23.398,23.140,-0.017840,0.005520,-0.005726,7.824,22.071
4.386719,1,25,1788.10,3.3492,0.16198,30.33,50.087,3.882,194.42,23.400,23.141,-0.023895,-0.006517,-0.005177,7.673,22.071
4.390625,1,25,1794.60,3.3442,0.14216,26.72,50.072,4.115,206.03,23.402,23.143,0.013729,-0.000951,-0.013279,7.767,22.072
4.394531,1,25,1789.87,3.3511,0.14292,26.79,50.045,4.048,202.58,23.404,23.144,0.029016,0.026653,0.013740,7.698,22.072
4.398438,1,25,1794.73,3.4252,0.14213,26.71,50.079,3.920,196.30,23.405,23.146,-0.009634,-0.027259,0.016187,7.841,22.072
4.402344,1,25,1789.47,3.4339,0.14270,26.74,50.079,4.125,206.58,23.407,23.147,0.019056,0.000335,-0.012049,7.698,22.072
4.406250,1,25,1791.75,3.3650,0.14472,27.16,50.064,3.999,200.20,23.409,23.148,-0.010708,-0.025996,0.011552,7.856,22.072
4.410156,1,25,1790.77,3.3215,0.15177,28.46,50.054,4.063,203.35,23.411,23.150,-0.011437,-0.024419,0.010699,7.785,22.072
4.414063,1,25,1789.43,3.3846,0.13774,25.81,50.081,3.923,196.45,23.413,23.151,-0.017897,-0.019655,0.009325,7.885,22.072
4.417969,1,25,1798.22,3.4693,0.14514,27.33,50.088,3.969,198.78,23.414,23.153,-0.000249,-0.003784,-0.006612,7.864,22.072
4.421875,1,25,1791.89,3.3692,0.14487,27.18,50.060,3.936,197.03,23.416,23.154,0.021944,0.028062,0.014315,7.794,22.072
4.425781,1,25,1795.79,3.4156,0.15028,28.26,50.086,3.923,196.50,23.418,23.155,-0.004410,-0.011737,0.002932,7.798,22.072
4.429688,1,25,1792.83,3.3030,0.15137,28.42,50.078,3.908,195.69,23.420,23.157,0.004327,0.001050,-0.012488,7.736,22.072
4.433594,1,25,1799.71,3.3968,0.14575,27.47,50.075,4.085,204.56,23.422,23.158,-0.000593,0.013927,0.007500,7.812,22.072
4.437500,1,25,1796.01,3.3901,0.13970,26.27,50.074,3.973,198.93,23.423,23.160,-0.027626,-0.001393,-0.014912,7.910,22.072
4.441406,1,25,1791.81,3.3120,0.13771,25.84,50.077,3.960,198.31,23.425,23.161,-0.013297,-0.022386,0.008673,7.897,22.072
4.445313,1,25,1792.64,3.3809,0.14732,27.65,50.114,3.891,194.99,23.427,23.162,-0.027292,0.002641,-0.014422,7.750,22.072
4.449219,1,25,1804.07,3.3988,0.16112,30.44,50.075,3.977,199.12,23.429,23.164,-0.027512,-0.002149,-0.010986,7.812,22.072
4.453125,1,25,1787.46,3.3355,0.13898,26.02,50.029,4.133,206.77,23.430,23.165,-0.014354,-0.017544,0.005744,7.688,22.073
4.457031,1,25,1794.38,3.3930,0.15096,28.37,50.061,4.178,209.17,23.432,23.167,0.018845,-0.003494,-0.015489,7.762,22.073
4.460938,1,25,1795.06,3.3450,0.14202,26.70,50.073,4.193,209.98,23.434,23.168,-0.004379,-0.009022,0.003280,7.730,22.073
4.464844,1,25,1802.66,3.3977,0.13773,26.00,50.078,4.038,202.22,23.436,23.169,0.029980,0.022281,0.009757,7.867,22.073
4.468750,1,25,1797.65,3.3484,0.14734,27.74,50.058,4.058,203.13,23.438,23.171,-0.020960,0.000935,-0.010387,7.759,22.073
4.472656,1,25,1800.25,3.3852,0.14910,28.11,50.060,3.929,196.70,23.440,23.172,0.029751,0.011271,0.000822,7.913,22.073
4.476563,1,25,1793.14,3.3782,0.13784,25.88,50.082,3.924,196.54,23.441,23.174,-0.023773,-0.001047,-0.014279,7.774,22.073
4.480469,1,25,1801.60,3.5006,0.14805,27.93,50.077,3.961,198.36,23.443,23.175,-0.006302,-0.024315,0.010534,7.770,22.073
4.484375,1,25,1805.73,3.4655,0.15175,28.70,50.091,3.978,199.28,23.445,23.176,-0.003669,0.010699,0.002177,7.960,22.073
4.488281,1,25,1792.71,3.3962,0.14578,27.37,50.103,3.885,194.67,23.447,23.178,0.029427,0.023964,0.013221,7.858,22.073
4.492188,1,25,1801.18,3.4642,0.14180,26.75,50.066,4.051,202.80,23.449,23.179,-0.022686,0.004211,-0.012882,7.848,22.073
4.496094,1,25,1797.57,3.4675,0.13981,26.32,50.066,4.044,202.47,23.450,23.180,-0.017102,-0.008691,0.002636,7.872,22.073
4.500000,1,25,1804.16,3.4447,0.14316,27.05,50.075,3.959,198.23,23.452,23.182,0.015857,0.001081,-0.015681,7.973,22.073
4.503906,1,25,1797.51,3.4081,0.14747,27.76,50.095,4.020,201.40,23.454,23.183,-0.010830,0.002322,-0.001509,7.872,22.073
4.507813,1,25,1800.99,3.4933,0.14762,27.84,50.083,4.021,201.40,23.456,23.185,0.013814,-0.000009,-0.013227,7.776,22.073
4.511719,1,25,1796.11,3.4104,0.14946,28.11,50.059,4.107,205.57,23.458,23.186,0.019616,0.027476,0.013197,7.773,22.073
4.515625,1,25,1799.35,3.4277,0.14532,27.38,50.045,4.155,207.95,23.459,23.187,-0.000857,-0.009261,-0.007121,7.705,22.073
4.519531,1,25,1787.22,3.3602,0.15610,29.22,50.056,3.966,198.52,23.461,23.189,-0.013512,-0.024171,0.012617,7.717,22.074
4.523438,1,25,1798.34,3.4375,0.14358,27.04,50.069,3.947,197.64,23.463,23.190,-0.011041,-0.025848,0.016612,7.832,22.074
4.527344,1,25,1802.53,3.3898,0.15012,28.34,50.093,4.020,201.38,23.465,23.192,0.009035,0.023208,0.010295,7.714,22.074
4.531250,1,25,1797.36,3.4134,0.14524,27.34,50.088,4.070,203.84,23.467,23.193,-0.023225,-0.005422,-0.006770,7.889,22.074
4.535156,1,25,1794.29,3.4354,0.14440,27.13,50.066,4.039,202.24,23.468,23.194,-0.012728,-0.025665,0.013290,7.735,22.074
4.539063,1,25,1793.21,3.3788,0.14521,27.27,50.058,3.975,198.98,23.470,23.196,-0.014716,-0.017723,0.007946,7.961,22.074
4.542969,1,25,1795.83,3.3365,0.14780,27.79,50.040,4.091,204.73,23.472,23.197,-0.001074,0.015609,0.003030,7.855,22.074
4.546875,1,25,1795.63,3.3798,0.14607,27.47,50.087,4.012,200.93,23.474,23.198,0.025146,0.025827,0.013873,7.950,22.074
4.550781,1,25,1797.24,3.4573,0.13985,26.32,50.066,4.004,200.46,23.476,23.200,0.015040,0.003564,-0.015943,7.788,22.074
4.554688,1,25,1799.97,3.4074,0.13839,26.08,50.062,4.023,201.38,23.477,23.201,-0.015853,-0.021125,0.009529,7.795,22.074
4.558594,1,25,1796.35,3.4570,0.13965,26.27,50.093,3.918,196.24,23.479,23.203,-0.004656,-0.016233,0.001731,7.841,22.074
4.562500,1,25,1794.37,3.3041,0.15395,28.93,50.048,3.948,197.58,23.481,23.204,-0.003722,-0.007604,-0.000355,7.847,22.074
4.566406,1,25,1796.54,3.3670,0.14275,26.86,50.082,4.104,205.53,23.483,23.205,-0.021719,-0.003886,-0.004552,7.850,22.074
4.570313,1,25,1796.07,3.3211,0.14422,27.13,50.066,4.000,200.26,23.484,23.207,-0.025216,-0.000293,-0.013817,7.919,22.074
4.574219,1,25,1792.69,3.4036,0.14975,28.11,50.069,4.035,202.04,23.486,23.208,-0.016795,-0.015066,0.005932,7.856,22.074
4.578125,1,25,1806.00,3.3595,0.14812,28.01,50.081,4.004,200.54,23.488,23.209,-0.028959,0.000699,-0.012069,7.971,22.074
4.582031,1,25,1797.20,3.3579,0.13918,26.19,50.070,3.957,198.14,23.490,23.211,0.025470,0.004424,-0.008750,7.621,22.075
4.585938,1,25,1797.76,3.4023,0.14287,26.90,50.099,3.978,199.31,23.491,23.212,0.001689,-0.003513,-0.009463,7.898,22.075
4.589844,1,25,1794.98,3.2315,0.13587,25.54,50.040,3.979,199.10,23.493,23.213,0.013600,-0.001850,-0.012556,7.764,22.075
4.593750,1,25,1799.12,3.3679,0.14042,26.46,50.074,4.099,205.23,23.495,23.215,-0.025644,-0.005777,-0.007433,7.693,22.075
4.597656,1,25,1797.20,3.2907,0.13472,25.36,50.089,4.015,201.09,23.497,23.216,-0.020402,-0.004741,-0.002868,7.922,22.075
4.601563,1,25,1800.89,3.3537,0.13947,26.30,50.064,4.058,203.16,23.499,23.218,0.026198,0.025479,0.012663,7.757,22.075
4.605469,1,25,1798.46,3.3520,0.15033,28.31,50.044,4.060,203.18,23.500,23.219,0.016038,0.022796,0.012082,7.910,22.075
4.609375,1,25,1797.01,3.3577,0.14603,27.48,50.086,3.969,198.77,23.502,23.220,0.016786,0.024933,0.014774,7.744,22.075
4.613281,1,25,1796.59,3.4588,0.13911,26.17,50.077,3.949,197.74,23.504,23.222,0.034478,0.021100,0.010942,7.805,22.075
4.617188,1,25,1790.55,3.2930,0.14686,27.54,50.062,4.112,205.87,23.506,23.223,-0.023923,0.000142,-0.013429,7.759,22.075
4.621094,1,25,1793.75,3.2999,0.13957,26.22,50.047,4.031,201.74,23.507,23.224,0.029878,0.020842,0.006722,7.797,22.075
4.625000,1,25,1795.36,3.4314,0.14652,27.55,50.098,3.885,194.65,23.509,23.226,0.000540,-0.000789,-0.010885,7.845,22.075
4.628906,1,25,1790.63,3.3426,0.14431,27.06,50.061,4.091,204.79,23.511,23.227,0.031452,0.019408,0.011252,7.811,22.075
4.632813,1,25,1796.35,3.4089,0.14658,27.57,50.069,4.164,208.47,23.513,23.228,-0.020409,-0.007461,-0.001192,7.685,22.075
4.636719,1,25,1796.78,3.3719,0.14081,26.49,50.070,4.050,202.77,23.515,23.230,-0.024827,0.001222,-0.016396,7.790,22.075
4.640625,1,25,1793.78,3.3800,0.14266,26.80,50.064,4.084,204.48,23.516,23.231,-0.025269,-0.003015,-0.007824,7.803,22.075
4.644531,1,25,1802.82,3.4123,0.14629,27.62,50.093,3.919,196.31,23.518,23.233,-0.010501,-0.023287,0.013708,7.711,22.075
4.648438,1,25,1794.74,3.3502,0.14320,26.91,50.071,4.021,201.34,23.520,23.234,0.018950,0.026991,0.012649,7.843,22.076
4.652344,1,25,1793.96,3.4630,0.14234,26.74,50.079,3.933,196.94,23.522,23.235,0.024849,0.026123,0.011047,7.742,22.076
4.656250,1,25,1795.00,3.4102,0.15240,28.65,50.057,3.959,198.19,23.523,23.236,0.016671,-0.002368,-0.012352,7.785,22.076
4.660156,1,25,1803.48,3.4148,0.15637,29.53,50.051,4.000,200.18,23.525,23.238,0.023703,0.024758,0.013330,7.931,22.076
4.664063,1,25,1794.90,3.3837,0.14190,26.67,50.078,4.008,200.73,23.527,23.239,-0.005361,-0.022546,0.012336,7.673,22.076
4.667969,1,25,1791.61,3.3906,0.14685,27.55,50.041,4.136,206.98,23.529,23.241,0.004600,-0.000017,-0.010386,7.831,22.076
4.671875,1,25,1798.33,3.5070,0.14427,27.17,50.043,4.151,207.74,23.530,23.242,0.011246,0.022321,0.012029,7.827,22.076
4.675781,1,25,1801.69,3.3767,0.15594,29.42,50.071,3.956,198.10,23.532,23.243,0.000225,-0.006190,-0.006655,7.727,22.076
4.679688,1,25,1795.98,3.3992,0.14427,27.13,50.072,3.922,196.39,23.534,23.245,0.022745,0.026339,0.014026,7.803,22.076
4.683594,1,25,1789.36,3.3823,0.13797,25.85,50.086,4.073,204.00,23.536,23.246,-0.017724,-0.017151,0.003445,7.757,22.076
4.687500,1,25,1800.94,3.4278,0.14834,27.98,50.078,4.068,203.71,23.537,23.247,-0.018727,-0.012366,0.001143,7.787,22.076
4.691406,1,25,1802.41,3.4635,0.14124,26.66,50.101,4.034,202.12,23.539,23.249,-0.011656,0.007270,-0.002901,7.854,22.076
4.695313,1,25,1799.68,3.4023,0.15338,28.91,50.088,3.993,199.99,23.541,23.250,-0.022769,0.002492,-0.015206,7.890,22.076
4.699219,1,25,1800.66,3.3475,0.15422,29.08,50.063,4.023,201.40,23.543,23.251,0.012065,0.022255,0.009405,7.835,22.076
4.703125,1,25,1799.76,3.4688,0.13848,26.10,50.058,4.080,204.24,23.544,23.253,0.024952,0.030144,0.015195,7.941,22.076
4.707031,1,25,1803.25,3.3280,0.14847,28.04,50.065,4.142,207.37,23.546,23.254,-0.002137,-0.009185,0.002974,7.941,22.076
4.710938,1,25,1795.06,3.4209,0.13851,26.04,50.061,4.036,202.07,23.548,23.255,-0.007037,0.006145,-0.000823,7.687,22.077
4.714844,1,25,1799.35,3.3340,0.15028,28.32,50.077,3.940,197.30,23.550,23.257,0.004278,-0.004014,-0.010188,7.869,22.077
4.718750,1,25,1789.30,3.3537,0.14474,27.12,50.096,4.046,202.70,23.552,23.258,-0.020220,-0.006873,-0.001051,7.791,22.077
4.722656,1,25,1791.30,3.3724,0.14689,27.55,50.054,4.049,202.68,23.553,23.259,0.006859,0.015211,0.007680,7.874,22.077
4.726563,1,25,1799.64,3.3230,0.15442,29.10,50.046,4.136,207.01,23.555,23.261,-0.023351,0.001011,-0.010753,7.808,22.077
4.730469,1,25,1797.07,3.3836,0.14114,26.56,50.078,3.902,195.41,23.557,23.262,-0.016666,-0.010003,0.000808,7.743,22.077
4.734375,1,25,1800.87,3.4262,0.13836,26.09,50.058,3.940,197.21,23.558,23.263,0.027721,0.027701,0.012734,7.715,22.077
4.738281,1,25,1805.15,3.4793,0.15283,28.89,50.087,4.052,202.93,23.560,23.265,-0.011495,-0.024505,0.012159,7.897,22.077
4.742188,1,25,1794.08,3.3121,0.13780,25.89,50.084,3.906,195.63,23.562,23.266,-0.027863,0.001414,-0.014075,7.906,22.077
4.746094,1,25,1793.53,3.3498,0.13891,26.09,50.083,4.048,202.74,23.564,23.267,-0.022296,0.002286,-0.012162,7.770,22.077
4.750000,1,25,1795.50,3.3633,0.14884,27.99,50.053,4.039,202.15,23.565,23.269,0.031586,0.021788,0.010443,7.870,22.077
4.753906,1,25,1801.82,3.4058,0.15430,29.11,50.056,4.098,205.11,23.567,23.270,-0.021184,-0.000331,-0.007338,7.945,22.077
4.757813,1,25,1797.52,3.3664,0.13762,25.91,50.075,3.959,198.23,23.569,23.271,-0.008375,-0.025054,0.011820,7.787,22.077
4.761719,1,25,1805.84,3.3382,0.15831,29.94,50.077,4.042,202.41,23.571,23.273,0.012815,0.001449,-0.012645,7.816,22.077
4.765625,1,25,1797.11,3.3453,0.15574,29.31,50.083,3.866,193.63,23.572,23.274,-0.020886,0.000668,-0.005308,7.826,22.077
4.769531,1,25,1802.46,3.3847,0.14199,26.80,50.056,4.079,204.19,23.574,23.275,0.020865,-0.000684,-0.010832,7.910,22.077
4.773438,1,25,1795.31,3.3709,0.13583,25.54,50.041,4.163,208.32,23.576,23.277,-0.026323,0.000201,-0.012726,7.782,22.077
4.777344,1,25,1792.96,3.4394,0.14996,28.16,50.078,4.009,200.76,23.578,23.278,-0.025974,-0.000798,-0.011364,7.703,22.078
4.781250,1,25,1800.79,3.4484,0.14959,28.21,50.073,4.185,209.57,23.579,23.279,-0.002520,-0.018342,0.007952,7.779,22.078
4.785156,1,25,1798.90,3.4058,0.14142,26.64,50.065,3.991,199.80,23.581,23.281,-0.004594,-0.010886,0.004267,7.799,22.078
4.789063,1,25,1797.69,3.4250,0.14845,27.95,50.068,4.060,203.29,23.583,23.282,-0.007467,-0.016822,0.004251,7.870,22.078
4.792969,1,25,1797.87,3.3979,0.15319,28.84,50.060,4.052,202.86,23.585,23.283,-0.008722,-0.026916,0.015507,7.809,22.078
4.796875,1,25,1796.10,3.3369,0.15373,28.91,50.057,3.959,198.15,23.586,23.285,-0.012395,-0.027499,0.015482,7.851,22.078
4.800781,1,25,1794.47,3.3493,0.14664,27.56,50.074,4.085,204.55,23.588,23.286,-0.007310,-0.027552,0.015587,7.787,22.078
4.804688,1,25,1790.90,3.3342,0.15718,29.48,50.069,3.922,196.36,23.590,23.287,0.001320,-0.002507,-0.008515,7.695,22.078
4.808594,1,25,1794.09,3.4196,0.15158,28.48,50.087,4.060,203.37,23.592,23.289,-0.026117,-0.000591,-0.014121,7.847,22.078
4.812500,1,25,1791.09,3.4471,0.15061,28.25,50.116,3.909,195.90,23.593,23.290,-0.015385,-0.020099,0.005939,7.712,22.078
4.816406,1,25,1799.99,3.4100,0.15394,29.02,50.054,3.978,199.13,23.595,23.291,-0.005482,-0.016290,0.005552,7.723,22.078
4.820313,1,25,1791.08,3.3975,0.14057,26.37,50.045,3.883,194.34,23.597,23.292,-0.018860,0.001482,-0.008655,7.784,22.078
4.824219,1,25,1798.60,3.3899,0.14271,26.88,50.061,4.145,207.50,23.598,23.294,-0.012448,-0.027203,0.012702,7.882,22.078
4.828125,1,25,1797.14,3.4132,0.14290,26.89,50.079,3.980,199.30,23.600,23.295,-0.011153,-0.022231,0.011538,7.886,22.078
4.832031,1,25,1800.96,3.4430,0.14653,27.63,50.080,4.123,206.47,23.602,23.296,0.016363,0.024501,0.013413,7.698,22.078
4.835938,1,25,1806.66,3.3822,0.15125,28.62,50.059,3.981,199.31,23.603,23.298,-0.011752,-0.020438,0.011554,7.723,22.078
4.839844,1,25,1802.43,3.3956,0.13990,26.41,50.075,3.961,198.36,23.605,23.299,0.000305,-0.000433,-0.011267,7.945,22.078
4.843750,1,25,1795.81,3.4510,0.15156,28.50,50.075,3.969,198.73,23.607,23.300,-0.000352,0.011379,0.002903,7.880,22.079
4.847656,1,25,1805.92,3.4526,0.14829,28.04,50.055,4.196,210.03,23.609,23.302,-0.018285,0.004949,-0.007453,7.920,22.079
4.851563,1,25,1795.71,3.3595,0.14570,27.40,50.046,4.021,201.25,23.610,23.303,0.030426,0.010373,0.000781,7.876,22.079
4.855469,1,25,1795.34,3.3990,0.14319,26.92,50.066,4.030,201.77,23.612,23.304,0.015347,-0.001742,-0.012049,7.777,22.079
4.859375,1,25,1799.40,3.4090,0.13430,25.31,50.048,4.048,202.61,23.614,23.306,-0.021101,-0.002171,-0.007160,7.777,22.079
4.863281,1,25,1795.49,3.3724,0.14268,26.83,50.078,4.007,200.66,23.616,23.307,-0.005613,-0.022893,0.013754,7.778,22.079
4.867188,1,25,1794.25,3.3710,0.14810,27.83,50.084,4.032,201.96,23.617,23.308,-0.006275,-0.026578,0.014517,7.796,22.079
4.871094,1,25,1796.05,3.4168,0.14807,27.85,50.080,3.926,196.64,23.619,23.309,-0.028068,0.000790,-0.015698,7.892,22.079
4.875000,1,25,1791.85,3.3643,0.13969,26.21,50.093,3.896,195.18,23.621,23.311,-0.010753,-0.030214,0.015242,7.763,22.079
4.878906,1,25,1799.42,3.3672,0.14489,27.30,50.058,4.087,204.58,23.622,23.312,0.011758,-0.002536,-0.013384,7.831,22.079
4.882813,1,25,1796.63,3.3841,0.14782,27.81,50.068,4.037,202.14,23.624,23.313,0.027081,0.007412,-0.002944,7.777,22.079
4.886719,1,25,1793.73,3.5126,0.14348,26.95,50.070,4.146,207.58,23.626,23.315,0.026371,0.026949,0.014309,7.800,22.079
4.890625,1,25,1801.02,3.4145,0.15938,30.06,50.060,4.103,205.39,23.628,23.316,-0.024601,0.001414,-0.012731,7.940,22.079
4.894531,1,25,1798.76,3.3908,0.13968,26.31,50.077,4.041,202.34,23.629,23.317,-0.022818,-0.001811,-0.005366,7.938,22.079
4.898438,1,25,1795.87,3.3833,0.14622,27.50,50.083,4.000,200.35,23.631,23.319,-0.008984,-0.024512,0.010035,7.703,22.079
4.902344,1,25,1793.27,3.2938,0.14515,27.26,50.078,3.928,196.68,23.633,23.320,-0.008207,-0.022354,0.006942,7.873,22.079
4.906250,1,25,1797.09,3.4555,0.14508,27.30,50.074,4.012,200.89,23.634,23.321,-0.007926,0.008575,-0.000754,7.673,22.080
4.910156,1,25,1800.21,3.4438,0.15825,29.83,50.053,4.063,203.36,23.636,23.322,0.009037,-0.002397,-0.012595,7.833,22.080
4.914063,1,25,1799.22,3.3473,0.14729,27.75,50.063,3.997,200.09,23.638,23.324,0.007578,0.001432,-0.012472,7.766,22.080
4.917969,1,25,1798.19,3.3777,0.14633,27.55,50.082,3.894,195.03,23.639,23.325,0.004675,-0.000886,-0.010900,7.962,22.080
4.921875,1,25,1803.34,3.4375,0.14715,27.79,50.055,4.160,208.23,23.641,23.326,-0.010951,0.006422,-0.006469,7.825,22.080
4.925781,1,25,1794.65,3.5034,0.14773,27.76,50.073,4.004,200.51,23.643,23.328,0.009921,-0.001700,-0.010614,7.793,22.080
4.929688,1,25,1796.12,3.3944,0.14385,27.06,50.092,3.930,196.87,23.644,23.329,-0.009236,-0.025842,0.015588,7.822,22.080
4.933594,1,25,1807.15,3.4929,0.14820,28.05,50.090,3.999,200.33,23.646,23.330,-0.009612,-0.027805,0.015181,7.888,22.080
4.937500,1,25,1794.62,3.4106,0.14480,27.21,50.046,4.026,201.50,23.648,23.331,-0.016929,-0.016101,0.002255,7.747,22.080
4.941406,1,25,1797.30,3.3593,0.14293,26.90,50.051,4.028,201.63,23.650,23.333,0.013642,0.021239,0.008233,7.843,22.080
4.945313,1,25,1799.08,3.3812,0.14185,26.72,50.080,3.954,198.00,23.651,23.334,0.018520,-0.000716,-0.012995,7.772,22.080
4.949219,1,25,1807.76,3.4132,0.14762,27.95,50.085,4.076,204.17,23.653,23.335,0.030388,0.025921,0.014226,7.920,22.080
4.953125,1,25,1790.99,3.3577,0.14612,27.41,50.035,3.962,198.26,23.655,23.336,-0.025087,-0.000664,-0.013881,7.822,22.080
4.957031,1,25,1795.97,3.3992,0.14212,26.73,50.064,4.097,205.13,23.656,23.338,0.007445,-0.003286,-0.014750,7.745,22.080
4.960938,1,25,1796.66,3.2941,0.14499,27.28,50.096,4.027,201.73,23.658,23.339,-0.007994,-0.024279,0.015778,7.938,22.080
4.964844,1,25,1798.85,3.3604,0.13706,25.82,50.062,4.030,201.76,23.660,23.340,-0.021947,0.001992,-0.014026,7.805,22.080
4.968750,1,25,1799.70,3.3795,0.14573,27.47,50.085,3.956,198.15,23.661,23.342,0.012518,0.026347,0.012871,7.873,22.080
4.972656,1,25,1798.08,3.4021,0.14952,28.15,50.057,4.099,205.20,23.663,23.343,0.010773,0.022048,0.011849,7.808,22.081
4.976563,1,25,1793.93,3.4415,0.14031,26.36,50.039,4.021,201.20,23.665,23.344,-0.029291,0.002587,-0.013856,7.824,22.081
4.980469,1,25,1803.99,3.4587,0.14958,28.26,50.094,3.909,195.80,23.666,23.345,-0.027431,-0.003473,-0.007786,7.792,22.081
4.984375,1,25,1800.40,3.3635,0.14622,27.57,50.058,3.961,198.26,23.668,23.347,-0.009387,-0.028270,0.012386,7.854,22.081
4.988281,1,25,1793.07,3.3570,0.15975,30.00,50.076,3.947,197.64,23.670,23.348,0.024756,0.030744,0.013150,7.886,22.081
4.992188,1,25,1799.24,3.3248,0.13861,26.12,50.078,4.000,200.29,23.671,23.349,-0.018343,-0.007288,-0.000897,7.860,22.081
4.996094,1,25,1797.32,3.4360,0.14793,27.84,50.056,3.868,193.61,23.673,23.350,-0.012758,-0.020638,0.007943,7.776,22.081
5.000000,1,25,1801.94,3.3718,0.14616,27.58,50.073,3.997,200.15,23.675,23.351,0.030927,0.018466,0.010254,7.872,22.081
5.003906,1,25,1792.03,3.4161,0.14510,27.23,50.069,3.956,198.08,23.676,23.353,-0.004399,-0.012027,-0.000483,7.777,22.081
5.007813,1,25,1798.87,3.4076,0.13786,25.97,50.076,4.035,202.07,23.678,23.354,0.030092,0.022255,0.007703,7.783,22.081
5.011719,1,25,1798.33,3.4203,0.13858,26.10,50.101,3.918,196.29,23.680,23.355,0.025495,0.009073,-0.000265,7.650,22.081
5.015625,1,25,1800.19,3.3728,0.13868,26.14,50.086,4.004,200.53,23.681,23.356,-0.002571,-0.015704,0.005530,8.019,22.081
5.019531,1,25,1793.59,3.4622,0.14442,27.12,50.079,3.951,197.88,23.683,23.358,0.018352,0.026583,0.010477,7.797,22.081
5.023438,1,25,1791.49,3.3237,0.15190,28.50,50.094,4.056,203.20,23.685,23.359,0.002249,0.016024,0.004405,7.870,22.081
5.027344,1,25,1799.50,3.4539,0.14873,28.03,50.060,3.983,199.38,23.686,23.360,-0.029126,-0.000250,-0.012843,7.809,22.081
5.031250,1,25,1805.41,3.3214,0.15194,28.73,50.083,3.993,199.99,23.688,23.361,0.004747,-0.003099,-0.009962,7.877,22.081
5.035156,1,25,1801.68,3.3590,0.14301,26.98,50.075,4.029,201.73,23.690,23.363,0.026742,0.013075,0.002737,7.806,22.081
5.039063,1,25,1803.49,3.4687,0.15506,29.28,50.078,3.981,199.35,23.691,23.364,-0.004731,-0.012277,0.002637,7.742,22.082
5.042969,1,25,1788.83,3.3544,0.15281,28.63,50.079,3.971,198.88,23.693,23.365,0.011158,-0.001439,-0.011498,7.803,22.082
5.046875,1,25,1789.50,3.3746,0.15015,28.14,50.081,3.988,199.74,23.695,23.366,-0.009177,-0.024674,0.013940,7.920,22.082
5.050781,1,25,1794.48,3.3751,0.14770,27.76,50.078,3.949,197.76,23.696,23.368,0.022822,0.026219,0.011959,7.799,22.082
5.054688,1,25,1801.41,3.3376,0.14098,26.60,50.063,4.107,205.63,23.698,23.369,-0.024895,-0.004049,-0.011789,7.869,22.082
5.058594,1,25,1801.71,3.4160,0.15171,28.62,50.084,3.969,198.81,23.700,23.370,-0.018101,0.001472,-0.008812,7.835,22.082
5.062500,1,25,1796.00,3.3367,0.14274,26.85,50.075,3.973,198.95,23.701,23.371,-0.007473,-0.023270,0.013204,7.753,22.082
5.066406,1,25,1796.85,3.4163,0.13676,25.73,50.062,4.053,202.90,23.703,23.373,-0.020575,-0.005946,-0.002958,7.903,22.082
5.070313,1,25,1795.29,3.3400,0.14843,27.90,50.074,4.023,201.43,23.705,23.374,-0.019903,-0.007823,-0.003145,7.806,22.082
5.074219,1,25,1800.35,3.4799,0.14598,27.52,50.048,4.048,202.61,23.706,23.375,0.023929,-0.001198,-0.010064,7.878,22.082
5.078125,1,25,1800.19,3.3500,0.14486,27.31,50.083,3.979,199.27,23.708,23.376,0.007078,0.000362,-0.012629,7.805,22.082
5.082031,1,25,1803.51,3.3867,0.15059,28.44,50.064,4.077,204.10,23.710,23.378,-0.023559,0.000029,-0.009752,7.762,22.082
5.085938,1,25,1798.34,3.4046,0.15137,28.51,50.065,4.145,207.52,23.711,23.379,-0.001821,-0.005299,-0.004519,7.828,22.082
5.089844,1,25,1798.13,3.3276,0.14670,27.62,50.075,3.928,196.69,23.713,23.380,-0.007172,-0.024675,0.014250,7.827,22.082
5.093750,1,25,1799.11,3.4593,0.14667,27.63,50.052,4.144,207.41,23.715,23.382,-0.024180,-0.003776,-0.007438,7.777,22.082
5.097656,1,25,1800.61,3.3988,0.14844,27.99,50.061,4.179,209.22,23.716,23.383,0.004530,0.015045,0.005582,7.727,22.082
5.101563,1,25,1802.20,3.3957,0.15063,28.43,50.034,4.194,209.84,23.718,23.384,0.022944,0.000983,-0.004714,7.826,22.082
5.105469,1,25,1801.98,3.3990,0.14184,26.77,50.056,4.123,206.38,23.720,23.385,0.012820,-0.001868,-0.014313,7.899,22.083
5.109375,1,25,1796.77,3.4010,0.14454,27.20,50.103,4.010,200.90,23.722,23.387,0.008976,0.018785,0.009170,7.784,22.083
5.113281,1,25,1800.73,3.3758,0.15355,28.96,50.056,4.037,202.06,23.723,23.388,-0.004102,-0.011690,0.002215,7.862,22.083
5.117188,1,25,1794.08,3.3631,0.14399,27.05,50.095,4.035,202.16,23.725,23.389,0.012127,0.019538,0.009216,7.740,22.083
5.121094,1,25,1797.25,3.3568,0.15274,28.75,50.072,4.086,204.61,23.727,23.391,0.001780,-0.000904,-0.010090,7.861,22.083
5.125000,1,25,1802.58,3.4983,0.15248,28.78,50.092,3.903,195.51,23.728,23.392,-0.004281,0.010414,0.003001,7.884,22.083
5.128906,1,25,1797.96,3.3934,0.14332,26.98,50.061,4.022,201.36,23.730,23.393,-0.017582,-0.009398,0.000504,7.797,22.083
5.132813,1,25,1791.09,3.4212,0.14384,26.98,50.090,4.102,205.45,23.732,23.394,0.024327,0.005329,-0.002286,7.905,22.083
5.136719,1,25,1795.51,3.3219,0.14499,27.26,50.090,4.024,201.55,23.733,23.395,-0.022522,-0.004412,-0.003523,7.830,22.083
5.140625,1,25,1792.95,3.3176,0.14474,27.18,50.048,4.022,201.29,23.735,23.397,-0.010315,-0.024270,0.010370,7.734,22.083
5.144531,1,25,1801.59,3.3203,0.15260,28.79,50.071,4.052,202.89,23.737,23.398,-0.007104,-0.013418,0.003427,7.940,22.083
5.148438,1,25,1802.52,3.3995,0.15805,29.83,50.097,3.956,198.18,23.738,23.399,-0.017373,-0.015522,0.006455,7.781,22.083
5.152344,1,25,1798.14,3.3148,0.15116,28.46,50.076,4.058,203.21,23.740,23.400,0.000665,-0.005801,-0.007524,7.748,22.083
5.156250,1,25,1801.45,3.3263,0.14214,26.82,50.058,4.057,203.07,23.741,23.402,-0.025632,0.001953,-0.012757,7.832,22.083
5.160156,1,25,1801.52,3.3984,0.14286,26.95,50.051,4.078,204.12,23.743,23.403,-0.008485,0.005840,-0.004271,7.779,22.083
5.164063,1,25,1794.34,3.3830,0.15222,28.60,50.087,3.978,199.26,23.745,23.404,-0.002907,-0.006909,-0.003701,7.806,22.083
5.167969,1,25,1794.72,3.3986,0.14255,26.79,50.079,4.054,203.02,23.746,23.405,-0.007366,-0.028875,0.016096,7.727,22.083
5.171875,1,25,1806.98,3.3788,0.14197,26.86,50.081,3.996,200.11,23.748,23.407,-0.024560,-0.003715,-0.009798,7.832,22.084
5.175781,1,25,1795.98,3.3992,0.14927,28.07,50.043,4.061,203.20,23.750,23.408,-0.014306,0.006414,-0.005695,7.892,22.084
5.179688,1,25,1800.25,3.4046,0.15034,28.34,50.102,3.960,198.39,23.751,23.409,0.000705,-0.004135,-0.008500,7.837,22.084
5.183594,1,25,1805.26,3.4459,0.14559,27.52,50.043,3.997,200.00,23.753,23.410,-0.003760,0.011456,0.001664,7.797,22.084
5.187500,1,25,1798.11,3.4593,0.13378,25.19,50.066,4.083,204.42,23.755,23.411,-0.006429,-0.011108,0.001433,7.783,22.084
5.191406,1,25,1794.17,3.4080,0.14727,27.67,50.053,4.071,203.78,23.756,23.413,0.024479,0.004619,-0.004612,7.741,22.084
5.195313,1,25,1801.03,3.3794,0.14727,27.78,50.057,3.963,198.37,23.758,23.414,-0.006941,0.008479,-0.000404,7.932,22.084
5.199219,1,25,1797.68,3.4192,0.13903,26.17,50.091,3.866,193.63,23.759,23.415,-0.021294,-0.002400,-0.012716,7.770,22.084
5.203125,1,25,1805.21,3.3509,0.14287,27.01,50.062,4.130,206.77,23.761,23.416,-0.006763,-0.024339,0.014970,7.714,22.084
5.207031,1,25,1796.28,3.4668,0.14133,26.58,50.058,4.047,202.59,23.763,23.418,-0.019341,0.000664,-0.011854,7.829,22.084
5.210938,1,25,1800.51,3.4540,0.15471,29.17,50.078,4.003,200.44,23.764,23.419,0.003023,-0.001551,-0.014122,7.768,22.084
5.214844,1,25,1801.30,3.3515,0.14865,28.04,50.071,4.036,202.06,23.766,23.420,-0.009317,-0.026375,0.014530,7.844,22.084
5.218750,1,25,1802.33,3.5062,0.14636,27.62,50.060,4.051,202.78,23.768,23.421,-0.023473,0.001542,-0.009818,7.845,22.084
5.222656,1,25,1798.19,3.3479,0.14267,26.87,50.084,4.013,201.00,23.769,23.422,-0.007237,-0.025436,0.010958,7.796,22.084
5.226563,1,25,1808.51,3.3633,0.15429,29.22,50.073,4.007,200.65,23.771,23.424,-0.008528,-0.023620,0.011460,7.926,22.084
5.230469,1,25,1809.12,3.4372,0.14935,28.29,50.041,4.070,203.68,23.773,23.425,-0.020102,-0.010699,-0.001475,7.873,22.084
5.234375,1,25,1795.33,3.4379,0.14997,28.20,50.078,3.926,196.60,23.774,23.426,-0.011576,-0.021737,0.009522,7.742,22.084
5.238281,1,25,1798.21,3.4312,0.14924,28.10,50.065,4.035,202.01,23.776,23.427,0.003271,0.016527,0.007508,7.798,22.085
5.242188,1,25,1802.61,3.3435,0.15308,28.90,50.082,3.931,196.86,23.777,23.428,-0.006226,-0.017616,0.006497,7.739,22.085
5.246094,1,25,1801.43,3.3552,0.14478,27.31,50.101,3.908,195.78,23.779,23.430,-0.008060,-0.018572,0.009570,7.885,22.085
5.250000,1,25,1794.39,3.3919,0.13586,25.53,50.049,4.030,201.71,23.781,23.431,0.009862,0.019191,0.008806,7.877,22.085
5.253906,1,25,1802.14,3.4093,0.14499,27.36,50.061,4.006,200.54,23.782,23.432,-0.026480,0.003373,-0.014512,7.943,22.085
5.257813,1,25,1806.90,3.3503,0.15151,28.67,50.081,4.061,203.39,23.784,23.433,0.008881,-0.000876,-0.013256,7.860,22.085
5.261719,1,25,1790.67,3.3513,0.14001,26.25,50.067,4.022,201.39,23.786,23.434,0.015865,0.024517,0.010214,7.738,22.085
5.265625,1,25,1796.34,3.4899,0.13836,26.03,50.087,3.936,197.14,23.787,23.436,-0.015057,-0.022164,0.008212,7.889,22.085
5.269531,1,25,1798.21,3.5106,0.14711,27.70,50.088,3.946,197.66,23.789,23.437,-0.013334,0.006098,-0.007612,7.964,22.085
5.273438,1,25,1804.16,3.4334,0.14663,27.70,50.071,4.059,203.23,23.790,23.438,-0.008973,-0.024071,0.013569,7.735,22.085
5.277344,1,25,1803.12,3.4400,0.14661,27.68,50.072,4.118,206.18,23.792,23.439,-0.013958,-0.027092,0.016176,7.858,22.085
5.281250,1,25,1797.90,3.3351,0.15225,28.67,50.087,3.982,199.47,23.794,23.440,0.024149,0.004309,-0.008652,7.877,22.085
5.285156,1,25,1802.68,3.4564,0.14498,27.37,50.056,3.925,196.49,23.795,23.442,-0.027732,0.001372,-0.015414,7.880,22.085
5.289063,1,25,1799.25,3.4148,0.14150,26.66,50.072,4.123,206.42,23.797,23.443,-0.008237,-0.027921,0.014038,7.918,22.085
5.292969,1,25,1795.98,3.3612,0.14717,27.68,50.066,4.172,208.89,23.799,23.444,-0.003936,-0.003465,-0.003611,7.687,22.085
5.296875,1,25,1801.73,3.4470,0.13646,25.75,50.108,3.891,194.97,23.800,23.445,0.021642,0.025988,0.013740,7.939,22.085
5.300781,1,25,1798.55,3.4535,0.13998,26.36,50.085,4.050,202.83,23.802,23.447,-0.019507,0.002120,-0.010751,7.818,22.086
5.304688,1,25,1793.51,3.4047,0.14835,27.86,50.079,3.968,198.71,23.803,23.448,-0.006793,-0.025484,0.012735,7.867,22.086
5.308594,1,25,1802.49,3.4370,0.14933,28.19,50.047,4.173,208.83,23.805,23.449,-0.005521,-0.012913,0.002955,7.939,22.086
5.312500,1,25,1802.96,3.4963,0.14427,27.24,50.085,3.985,199.57,23.807,23.450,-0.017236,-0.022563,0.008304,7.923,22.086
5.316406,1,25,1796.24,3.4415,0.15090,28.38,50.102,3.989,199.86,23.808,23.451,0.028689,0.016578,0.006813,7.841,22.086
5.320313,1,25,1806.17,3.3532,0.15078,28.52,50.056,4.063,203.39,23.810,23.453,0.030385,0.019342,0.009320,7.798,22.086
5.324219,1,25,1799.57,3.3847,0.14463,27.26,50.071,3.973,198.92,23.811,23.454,-0.021443,-0.011703,0.002559,7.859,22.086
5.328125,1,25,1806.65,3.4976,0.14772,27.95,50.057,4.086,204.52,23.813,23.455,-0.002425,-0.005224,-0.002054,7.851,22.086
5.332031,1,25,1798.49,3.3456,0.15797,29.75,50.063,4.105,205.50,23.815,23.456,-0.024984,-0.002368,-0.013199,7.774,22.086
5.335938,1,25,1798.59,3.3292,0.14195,26.74,50.068,4.073,203.93,23.816,23.457,-0.007300,0.012428,0.000987,7.837,22.086
5.339844,1,25,1790.88,3.4002,0.14310,26.84,50.075,4.015,201.03,23.818,23.459,-0.000103,-0.002016,-0.011107,7.674,22.086
5.343750,1,25,1800.38,3.3823,0.14854,28.00,50.060,4.036,202.02,23.820,23.460,0.006095,-0.000864,-0.012313,7.758,22.086
5.347656,1,25,1797.73,3.4168,0.14233,26.79,50.090,4.021,201.39,23.821,23.461,0.030269,0.004777,-0.005591,7.892,22.086
5.351563,1,25,1802.20,3.4157,0.15609,29.46,50.077,4.017,201.14,23.823,23.462,-0.024305,0.002162,-0.008752,7.781,22.086
5.355469,1,25,1807.42,3.3667,0.15105,28.59,50.045,4.005,200.43,23.824,23.463,0.011386,-0.002158,-0.016234,7.801,22.086
5.359375,1,25,1796.30,3.4570,0.13924,26.19,50.084,3.985,199.59,23.826,23.465,-0.004632,-0.010421,0.001179,7.865,22.086
5.363281,1,25,1802.71,3.3719,0.15152,28.60,50.049,4.138,207.10,23.828,23.466,0.031499,0.020385,0.007903,7.779,22.086
5.367188,1,25,1800.01,3.3717,0.13568,25.58,50.064,3.966,198.57,23.829,23.467,0.009726,0.020839,0.010030,7.702,22.087
5.371094,1,25,1804.83,3.3354,0.13662,25.82,50.091,3.944,197.57,23.831,23.468,-0.013311,-0.030216,0.017553,7.919,22.087
5.375000,1,25,1797.03,3.3337,0.15439,29.05,50.079,3.994,200.03,23.832,23.469,0.003354,0.017235,0.006777,7.802,22.087
5.378906,1,25,1802.42,3.4173,0.13642,25.75,50.076,4.002,200.39,23.834,23.470,-0.008687,-0.027227,0.014672,7.851,22.087
5.382813,1,25,1796.68,3.3147,0.13440,25.29,50.063,3.948,197.64,23.836,23.472,0.033280,0.012115,0.005752,7.768,22.087
5.386719,1,25,1804.40,3.3463,0.14622,27.63,50.079,3.972,198.91,23.837,23.473,0.006575,0.014848,0.009378,7.698,22.087
5.390625,1,25,1798.39,3.4265,0.15414,29.03,50.090,3.914,196.04,23.839,23.474,-0.009722,-0.027805,0.013086,7.844,22.087
5.394531,1,25,1798.19,3.3923,0.14801,27.87,50.086,4.045,202.61,23.840,23.475,-0.018051,-0.015382,0.002546,7.792,22.087
5.398438,1,25,1800.32,3.3984,0.13870,26.15,50.090,3.939,197.32,23.842,23.476,-0.001094,0.015235,0.005514,7.848,22.087
5.402344,1,25,1803.59,3.3810,0.13892,26.24,50.060,3.972,198.84,23.843,23.477,0.002395,-0.003844,-0.008628,7.784,22.087
5.406250,1,25,1796.09,3.3642,0.14367,27.02,50.065,4.072,203.88,23.845,23.479,-0.028802,0.002390,-0.014905,7.859,22.087
5.410156,1,25,1792.93,3.3666,0.14386,27.01,50.042,4.051,202.70,23.847,23.480,-0.018975,-0.019223,0.006746,7.837,22.087
5.414063,1,25,1799.69,3.3991,0.15227,28.70,50.064,4.034,201.96,23.848,23.481,0.001182,0.000972,-0.010999,7.902,22.087
5.417969,1,25,1806.06,3.3212,0.14488,27.40,50.055,3.978,199.11,23.850,23.482,0.024954,0.024976,0.011079,7.825,22.087
5.421875,1,25,1800.78,3.3554,0.14395,27.15,50.089,4.002,200.45,23.851,23.483,-0.024782,-0.005820,-0.003769,7.852,22.087
5.425781,1,25,1805.69,3.4675,0.14615,27.64,50.091,4.010,200.85,23.853,23.484,0.015895,0.002353,-0.014793,7.871,22.087
5.429688,1,25,1796.25,3.3691,0.14904,28.03,50.059,4.114,205.95,23.855,23.486,-0.010404,-0.023458,0.012099,7.742,22.087
5.433594,1,25,1804.26,3.3781,0.14615,27.61,50.063,4.029,201.68,23.856,23.487,0.001413,-0.000128,-0.010655,7.828,22.087
5.437500,1,25,1798.95,3.4542,0.14113,26.59,50.086,3.970,198.85,23.858,23.488,0.013994,0.022348,0.010426,7.891,22.088
5.441406,1,25,1799.81,3.4520,0.13953,26.30,50.078,3.998,200.20,23.859,23.489,0.026938,0.004636,-0.002898,7.749,22.088
5.445313,1,25,1798.62,3.4358,0.14275,26.89,50.062,4.122,206.36,23.861,23.490,0.026368,0.004193,-0.003118,7.869,22.088
5.449219,1,25,1796.90,3.4495,0.15353,28.89,50.042,4.162,208.29,23.863,23.492,0.029062,0.009755,0.001689,7.761,22.088
5.453125,1,25,1801.37,3.3097,0.13969,26.35,50.063,3.871,193.79,23.864,23.493,-0.021252,-0.007374,-0.002528,7.850,22.088
5.457031,1,25,1796.98,3.3152,0.14580,27.44,50.079,3.893,194.97,23.866,23.494,-0.002776,-0.007966,-0.002278,7.700,22.088
5.460938,1,25,1791.82,3.2795,0.14407,27.03,50.080,3.898,195.20,23.867,23.495,0.025093,0.027109,0.013473,7.824,22.088
5.464844,1,25,1799.66,3.3968,0.13346,25.15,50.089,3.979,199.31,23.869,23.496,-0.016138,0.002749,-0.007554,7.750,22.088
5.468750,1,25,1807.58,3.4062,0.14939,28.28,50.032,4.125,206.40,23.870,23.497,-0.024458,-0.001366,-0.009469,7.768,22.088
5.472656,1,25,1805.99,3.4053,0.14293,27.03,50.043,4.185,209.43,23.872,23.498,-0.022918,-0.006066,-0.007155,7.915,22.088
5.476563,1,25,1801.80,3.3745,0.14331,27.04,50.062,4.016,201.06,23.874,23.500,-0.002400,-0.010673,0.001595,7.860,22.088
5.480469,1,25,1799.98,3.3658,0.14571,27.47,50.077,4.116,206.13,23.875,23.501,0.001752,-0.003307,-0.005168,7.944,22.088
5.484375,1,25,1796.97,3.3453,0.14783,27.82,50.094,4.044,202.57,23.877,23.502,0.024850,0.003230,-0.008774,7.807,22.088
5.488281,1,25,1798.40,3.3504,0.13952,26.28,50.057,4.050,202.72,23.878,23.503,-0.003962,-0.017260,0.009783,7.801,22.088
5.492188,1,25,1803.16,3.4566,0.14934,28.20,50.048,4.164,208.37,23.880,23.504,0.018403,0.024227,0.014300,7.765,22.088
5.496094,1,25,1798.17,3.4123,0.14856,27.97,50.080,4.090,204.82,23.882,23.506,-0.021393,-0.007134,-0.000504,7.895,22.088
5.500000,1,25,1797.99,3.4202,0.14611,27.51,50.091,4.046,202.68,23.883,23.507,-0.024348,-0.002362,-0.012332,7.910,22.088
5.503906,1,25,1798.48,3.4124,0.14274,26.88,50.044,4.067,203.51,23.885,23.508,-0.004682,0.012794,0.004425,7.866,22.089
5.507813,1,25,1798.16,3.4310,0.14456,27.22,50.069,3.927,196.62,23.886,23.509,0.020365,0.027728,0.012417,7.815,22.089
5.511719,1,25,1800.54,3.3607,0.14428,27.20,50.066,4.059,203.21,23.888,23.510,0.004815,-0.000132,-0.007131,7.754,22.089
5.515625,1,25,1795.48,3.4074,0.14818,27.86,50.054,4.050,202.71,23.890,23.511,0.019734,0.027478,0.010565,7.732,22.089
5.519531,1,25,1793.14,3.3405,0.14567,27.35,50.049,3.971,198.75,23.891,23.513,-0.005725,0.009341,-0.000943,7.790,22.089
5.523438,1,25,1795.54,3.4609,0.14976,28.16,50.055,4.070,203.72,23.893,23.514,0.019753,-0.001760,-0.011919,7.788,22.089
5.527344,1,25,1806.51,3.5004,0.13932,26.36,50.093,3.976,199.16,23.894,23.515,0.000473,-0.003236,-0.004715,7.819,22.089
5.531250,1,25,1799.22,3.5247,0.15886,29.93,50.081,4.009,200.77,23.896,23.516,-0.021495,0.002129,-0.013063,7.772,22.089
5.535156,1,25,1799.76,3.4181,0.14996,28.26,50.035,4.065,203.38,23.897,23.517,0.013971,0.025893,0.012428,7.833,22.089
5.539063,1,25,1797.46,3.4043,0.13613,25.62,50.064,4.091,204.82,23.899,23.518,-0.009883,0.008316,-0.001809,7.822,22.089
5.542969,1,25,1801.10,3.4514,0.15908,30.00,50.083,4.006,200.64,23.901,23.520,0.004547,-0.001885,-0.010630,7.803,22.089
5.546875,1,25,1794.00,3.4013,0.13784,25.90,50.078,4.084,204.50,23.902,23.521,-0.024094,-0.000032,-0.015571,7.806,22.089
5.550781,1,25,1805.91,3.3820,0.14731,27.86,50.087,3.974,199.07,23.904,23.522,0.019268,0.026727,0.015920,7.845,22.089
5.554688,1,25,1799.51,3.3567,0.14831,27.95,50.080,4.072,203.91,23.905,23.523,-0.009795,-0.024699,0.015032,7.774,22.089
5.558594,1,25,1789.89,3.4249,0.14749,27.64,50.067,4.031,201.81,23.907,23.524,-0.027200,0.005501,-0.014572,7.795,22.089
5.562500,1,25,1804.38,3.4503,0.14155,26.75,50.071,4.073,203.96,23.908,23.525,0.018983,-0.001096,-0.011769,7.995,22.089
5.566406,1,25,1799.85,3.4675,0.14471,27.28,50.052,4.106,205.51,23.910,23.527,-0.001810,0.014491,0.003019,7.925,22.089
5.570313,1,25,1792.48,3.3333,0.13636,25.60,50.101,3.973,199.05,23.912,23.528,-0.003682,-0.004299,-0.006455,7.731,22.090
5.574219,1,25,1798.39,3.4546,0.13464,25.36,50.070,4.032,201.90,23.913,23.529,0.021204,0.025523,0.013918,7.759,22.090
5.578125,1,25,1798.73,3.4428,0.13328,25.10,50.101,3.991,199.93,23.915,23.530,0.026547,0.004679,-0.004139,7.913,22.090
5.582031,1,25,1797.49,3.3639,0.14106,26.55,50.104,3.921,196.48,23.916,23.531,0.026592,0.004414,-0.005073,7.816,22.090
5.585938,1,25,1803.99,3.3767,0.14534,27.46,50.092,3.999,200.31,23.918,23.532,-0.006821,0.008169,0.000538,7.898,22.090
5.589844,1,25,1795.94,3.4070,0.15554,29.25,50.076,3.993,199.94,23.919,23.533,0.011197,-0.001502,-0.013258,7.864,22.090
5.593750,1,25,1800.40,3.3002,0.14589,27.51,50.083,3.918,196.20,23.921,23.534,-0.025233,-0.000549,-0.013716,7.795,22.090
5.597656,1,25,1801.06,3.4111,0.14724,27.77,50.072,3.939,197.22,23.922,23.535,0.011363,0.022050,0.011393,7.879,22.090
5.601563,1,25,1788.33,3.3784,0.14753,27.63,50.066,4.010,200.78,23.924,23.537,-0.005869,0.007470,0.001314,7.660,22.090
5.605469,1,25,1798.88,3.4005,0.14126,26.61,50.060,4.066,203.52,23.925,23.538,0.020624,0.026500,0.014165,7.781,22.090
5.609375,1,25,1796.71,3.3786,0.14688,27.63,50.072,3.917,196.12,23.927,23.539,-0.000522,0.013064,0.002175,7.751,22.090
5.613281,1,25,1795.67,3.4263,0.13662,25.69,50.049,4.195,209.97,23.929,23.540,0.007731,0.019152,0.006323,7.795,22.090
5.617188,1,25,1799.67,3.4214,0.15469,29.15,50.058,4.109,205.68,23.930,23.541,-0.003046,-0.014535,0.005770,7.795,22.090
5.621094,1,25,1802.53,3.4590,0.15684,29.61,50.063,4.056,203.04,23.932,23.542,-0.022642,0.002096,-0.011257,7.835,22.090
5.625000,1,25,1800.21,3.3746,0.13853,26.11,50.062,4.080,204.27,23.933,23.543,-0.025212,-0.002208,-0.008289,7.916,22.090
5.628906,1,25,1798.12,3.3315,0.14658,27.60,50.058,3.967,198.58,23.935,23.545,-0.020294,-0.010675,0.002484,7.860,22.090
5.632813,1,25,1801.33,3.4401,0.14786,27.89,50.061,4.052,202.87,23.936,23.546,0.027583,0.023681,0.012988,7.732,22.090
5.636719,1,25,1803.25,3.3952,0.14600,27.57,50.048,4.054,202.88,23.938,23.547,0.002645,-0.000322,-0.007388,7.854,22.091
5.640625,1,25,1796.80,3.2915,0.13395,25.20,50.078,4.015,201.06,23.940,23.548,-0.013778,0.004954,-0.006221,7.828,22.091
5.644531,1,25,1799.45,3.3539,0.14778,27.85,50.058,4.159,208.19,23.941,23.549,0.017977,0.000349,-0.012357,7.856,22.091
5.648438,1,25,1798.39,3.3715,0.14995,28.24,50.086,4.056,203.17,23.943,23.550,0.016986,-0.003692,-0.013744,7.771,22.091
5.652344,1,25,1806.72,3.4901,0.13698,25.92,50.044,4.087,204.55,23.944,23.552,0.030223,0.010456,0.000363,7.950,22.091
5.656250,1,25,1801.44,3.4118,0.15280,28.82,50.074,4.103,205.45,23.946,23.553,-0.030257,0.001347,-0.016157,7.763,22.091
5.660156,1,25,1790.55,3.3377,0.14676,27.52,50.059,4.026,201.53,23.947,23.554,-0.011499,0.006641,-0.006944,7.789,22.091
5.664063,1,25,1795.93,3.4350,0.14736,27.71,50.063,4.034,201.94,23.949,23.555,-0.006230,-0.022572,0.014989,7.712,22.091
5.667969,1,25,1801.25,3.3904,0.14977,28.25,50.050,4.078,204.13,23.951,23.556,0.033550,0.018699,0.009630,7.920,22.091
5.671875,1,25,1796.11,3.3875,0.13830,26.01,50.051,4.066,203.50,23.952,23.557,-0.024814,-0.001738,-0.011021,7.861,22.091
5.675781,1,25,1802.92,3.3557,0.15293,28.87,50.092,4.043,202.50,23.954,23.558,-0.007841,-0.025465,0.014121,7.778,22.091
5.679688,1,25,1786.49,3.3116,0.15364,28.74,50.089,3.923,196.48,23.955,23.559,0.029428,0.024671,0.014769,7.803,22.091
5.683594,1,25,1793.46,3.3196,0.14383,27.01,50.072,4.032,201.87,23.957,23.561,-0.019076,0.001137,-0.012510,7.880,22.091
5.687500,1,25,1803.99,3.4014,0.14958,28.26,50.059,4.088,204.62,23.958,23.562,0.010288,0.016503,0.007158,7.765,22.091
5.691406,1,25,1800.66,3.4655,0.13443,25.35,50.060,4.078,204.15,23.960,23.563,-0.026579,0.000857,-0.012303,7.831,22.091
5.695313,1,25,1798.14,3.3988,0.14986,28.22,50.081,3.958,198.22,23.961,23.564,-0.018199,-0.014018,0.001954,7.736,22.091
5.699219,1,25,1792.17,3.2968,0.14393,27.01,50.076,3.976,199.11,23.963,23.565,0.027094,0.002766,-0.003458,7.939,22.091
5.703125,1,25,1802.53,3.3819,0.14587,27.53,50.053,4.053,202.87,23.964,23.566,0.007863,-0.000382,-0.015266,7.760,22.092
5.707031,1,25,1802.03,3.3648,0.14668,27.68,50.075,4.000,200.30,23.966,23.567,0.002616,-0.003113,-0.006851,7.834,22.092
5.710938,1,25,1803.90,3.4695,0.15340,28.98,50.091,4.082,204.49,23.967,23.568,-0.020384,-0.010889,0.000040,7.924,22.092
5.714844,1,25,1797.33,3.3540,0.14497,27.29,50.090,3.918,196.24,23.969,23.570,0.029507,0.013938,0.000732,7.836,22.092
5.718750,1,25,1805.36,3.4142,0.14901,28.17,50.066,4.006,200.57,23.970,23.571,0.024690,0.024651,0.013429,7.873,22.092
5.722656,1,25,1801.47,3.4573,0.14275,26.93,50.091,4.026,201.69,23.972,23.572,-0.026519,0.000454,-0.015713,7.782,22.092
5.726563,1,25,1796.35,3.3697,0.15016,28.25,50.039,4.101,205.21,23.974,23.573,-0.001421,-0.009152,0.000638,7.703,22.092
5.730469,1,25,1799.69,3.3809,0.14082,26.54,50.046,4.051,202.74,23.975,23.574,-0.018865,0.000002,-0.007141,7.778,22.092
5.734375,1,25,1791.89,3.4012,0.14837,27.84,50.055,4.037,202.07,23.977,23.575,0.024137,0.002038,-0.007792,7.827,22.092
5.738281,1,25,1798.20,3.4371,0.14607,27.51,50.064,3.976,199.03,23.978,23.576,0.000651,0.012277,0.003732,7.817,22.092
5.742188,1,25,1796.10,3.3530,0.15707,29.54,50.067,4.096,205.07,23.980,23.577,-0.021825,-0.000124,-0.008831,7.735,22.092
5.746094,1,25,1802.41,3.3404,0.14612,27.58,50.034,4.044,202.33,23.981,23.578,-0.011431,-0.026762,0.011032,7.842,22.092
5.750000,1,25,1789.55,3.2854,0.14915,27.95,50.101,3.908,195.77,23.983,23.580,-0.008725,-0.019920,0.007079,7.777,22.092
5.753906,1,25,1800.07,3.3376,0.15031,28.33,50.079,4.137,207.18,23.984,23.581,-0.016247,-0.023518,0.012508,7.779,22.092
5.757813,1,25,1795.34,3.3997,0.14463,27.19,50.085,4.022,201.43,23.986,23.582,0.019550,-0.002469,-0.010686,7.830,22.092
5.761719,1,25,1799.91,3.4187,0.13987,26.36,50.049,4.115,205.96,23.987,23.583,-0.023806,-0.001842,-0.013182,7.867,22.092
5.765625,1,25,1800.76,3.5038,0.13865,26.15,50.088,4.013,201.02,23.989,23.584,0.014381,0.024478,0.014486,7.887,22.092
5.769531,1,25,1802.69,3.3903,0.14473,27.32,50.086,3.908,195.75,23.990,23.585,0.008620,-0.002771,-0.013018,7.856,22.092
5.773438,1,25,1794.95,3.3322,0.14761,27.75,50.080,3.997,200.20,23.992,23.586,-0.019718,-0.006764,-0.005629,7.740,22.093
5.777344,1,25,1800.53,3.3847,0.14473,27.29,50.076,4.051,202.84,23.993,23.587,0.004435,-0.003211,-0.014022,7.823,22.093
5.781250,1,25,1801.20,3.2830,0.14997,28.29,50.071,4.179,209.23,23.995,23.588,-0.007709,-0.025395,0.013235,7.914,22.093
5.785156,1,25,1804.39,3.3808,0.14905,28.16,50.079,4.089,204.76,23.997,23.590,-0.001285,0.012022,0.004706,7.866,22.093
5.789063,1,25,1803.64,3.4549,0.15072,28.47,50.086,3.919,196.28,23.998,23.591,0.011430,0.022489,0.010576,7.866,22.093
5.792969,1,25,1803.60,3.3280,0.14549,27.48,50.055,3.971,198.77,24.000,23.592,0.028151,0.026468,0.011934,7.783,22.093
5.796875,1,25,1800.16,3.3305,0.14821,27.94,50.062,4.040,202.26,24.001,23.593,-0.014720,0.004539,-0.006443,7.973,22.093
5.800781,1,25,1797.92,3.3762,0.14924,28.10,50.099,3.979,199.35,24.003,23.594,-0.026101,-0.000640,-0.013399,7.959,22.093
5.804688,1,25,1796.24,3.3718,0.14067,26.46,50.089,3.881,194.42,24.004,23.595,-0.026627,-0.001461,-0.012157,7.812,22.093
5.808594,1,25,1800.86,3.3353,0.15386,29.02,50.064,4.035,202.00,24.005,23.596,0.008312,-0.000180,-0.015101,7.876,22.093
5.812500,1,25,1795.52,3.4764,0.14968,28.14,50.061,3.933,196.91,24.007,23.597,-0.008709,0.008930,-0.001969,7.664,22.093
5.816406,1,25,1796.86,3.4051,0.14478,27.24,50.045,4.100,205.19,24.008,23.598,0.030260,0.013513,0.002708,7.827,22.093
5.820313,1,25,1792.12,3.3538,0.13459,25.26,50.056,4.088,204.61,24.010,23.599,-0.025359,0.000346,-0.013264,7.838,22.093
5.824219,1,25,1793.34,3.3283,0.14171,26.61,50.087,4.151,207.93,24.012,23.601,0.027687,0.028075,0.014522,7.759,22.093
5.828125,1,25,1793.43,3.3024,0.14603,27.43,50.081,3.999,200.27,24.013,23.602,0.027209,0.011170,-0.002310,7.643,22.093
5.832031,1,25,1800.44,3.3767,0.14632,27.59,50.062,4.001,200.28,24.015,23.603,0.005920,0.019264,0.009100,7.707,22.093
5.835938,1,25,1805.74,3.4619,0.13931,26.34,50.075,4.066,203.63,24.016,23.604,-0.012340,-0.022375,0.009189,7.930,22.093
5.839844,1,25,1793.54,3.4484,0.15101,28.36,50.107,3.951,197.97,24.018,23.605,-0.008844,-0.026893,0.014701,7.910,22.094
5.843750,1,25,1805.14,3.3393,0.14991,28.34,50.084,4.008,200.74,24.019,23.606,-0.026068,0.003367,-0.014290,7.811,22.094
5.847656,1,25,1798.23,3.3692,0.14257,26.85,50.075,4.089,204.74,24.021,23.607,0.023737,0.002748,-0.007634,7.904,22.094
5.851563,1,25,1798.88,3.4931,0.14351,27.03,50.065,4.021,201.32,24.022,23.608,-0.000124,-0.006759,-0.001551,7.866,22.094
5.855469,1,25,1800.56,3.4633,0.14647,27.62,50.073,3.929,196.73,24.024,23.609,-0.025847,-0.006476,-0.004626,7.765,22.094
5.859375,1,25,1799.70,3.4071,0.14165,26.70,50.092,3.932,196.98,24.025,23.610,-0.020427,-0.002542,-0.004862,7.816,22.094
5.863281,1,25,1798.87,3.4721,0.13526,25.48,50.037,4.090,204.65,24.027,23.611,-0.023470,-0.000382,-0.012681,7.837,22.094
5.867188,1,25,1800.75,3.3543,0.14319,27.00,50.069,4.146,207.60,24.028,23.612,0.025481,0.027903,0.014341,7.771,22.094
5.871094,1,25,1796.92,3.3511,0.15621,29.39,50.067,3.996,200.07,24.030,23.614,-0.024846,-0.000289,-0.017968,7.722,22.094
5.875000,1,25,1803.37,3.3135,0.15059,28.44,50.048,3.982,199.30,24.031,23.615,-0.008872,-0.029168,0.012541,7.882,22.094
5.878906,1,25,1799.84,3.3867,0.14963,28.20,50.076,3.973,198.93,24.033,23.616,0.006095,-0.001148,-0.013269,7.784,22.094
5.882813,1,25,1802.15,3.4936,0.13916,26.26,50.046,4.085,204.43,24.034,23.617,-0.020075,-0.011478,0.001189,7.772,22.094
5.886719,1,25,1795.25,3.4040,0.15860,29.82,50.104,4.121,206.46,24.036,23.618,0.029406,0.022338,0.009880,7.816,22.094
5.890625,1,25,1797.50,3.3653,0.14253,26.83,50.053,4.072,203.81,24.037,23.619,-0.004763,-0.014948,0.003722,7.757,22.094
5.894531,1,25,1804.76,3.4197,0.14252,26.94,50.056,4.046,202.54,24.039,23.620,0.015942,0.003189,-0.013345,7.868,22.094
5.898438,1,25,1807.23,3.5326,0.14205,26.88,50.051,4.114,205.93,24.040,23.621,-0.014993,-0.017231,0.007718,7.936,22.094
5.902344,1,25,1806.00,3.3973,0.15241,28.82,50.058,3.966,198.53,24.042,23.622,-0.016806,-0.019215,0.009827,7.855,22.094
5.906250,1,25,1796.48,3.3820,0.15564,29.28,50.069,4.019,201.23,24.043,23.623,-0.024956,-0.001138,-0.016863,7.770,22.095
5.910156,1,25,1802.42,3.4785,0.14004,26.43,50.082,4.042,202.41,24.045,23.624,-0.008151,-0.025005,0.013994,7.836,22.095
5.914063,1,25,1801.57,3.3520,0.14086,26.58,50.073,3.979,199.22,24.046,23.625,-0.012829,-0.025306,0.014965,7.896,22.095
5.917969,1,25,1797.15,3.4242,0.13928,26.21,50.063,4.030,201.75,24.048,23.627,0.024513,0.001101,-0.006827,7.720,22.095
5.921875,1,25,1799.31,3.4642,0.14959,28.19,50.046,4.159,208.16,24.049,23.628,-0.010313,-0.026459,0.013928,7.938,22.095
5.925781,1,25,1799.04,3.4348,0.14415,27.16,50.042,4.093,204.83,24.051,23.629,-0.018450,-0.015052,0.003409,7.708,22.095
5.929688,1,25,1806.19,3.3822,0.15408,29.14,50.080,4.080,204.32,24.052,23.630,-0.007578,-0.017284,0.007977,7.838,22.095
5.933594,1,25,1798.01,3.3042,0.15112,28.45,50.074,4.014,201.00,24.054,23.631,-0.027901,0.001365,-0.013740,7.839,22.095
5.937500,1,25,1804.89,3.3581,0.15049,28.44,50.062,4.061,203.30,24.055,23.632,-0.011859,-0.029125,0.013866,7.865,22.095
5.941406,1,25,1804.03,3.4661,0.13892,26.24,50.070,4.042,202.37,24.057,23.633,-0.012584,-0.020664,0.009463,7.879,22.095
5.945313,1,25,1798.64,3.5115,0.13724,25.85,50.087,4.010,200.84,24.058,23.634,0.030870,0.004539,-0.002319,7.733,22.095
5.949219,1,25,1799.64,3.4231,0.14540,27.40,50.063,3.997,200.11,24.060,23.635,-0.003808,-0.007470,-0.003802,7.726,22.095
5.953125,1,25,1796.09,3.4252,0.14856,27.94,50.071,4.188,209.68,24.061,23.636,0.027822,0.009427,-0.002350,7.741,22.095
5.957031,1,25,1793.50,3.4579,0.15068,28.30,50.071,4.025,201.53,24.063,23.637,0.022337,0.028115,0.016043,7.744,22.095
5.960938,1,25,1795.72,3.3391,0.14056,26.43,50.060,4.063,203.40,24.064,23.639,0.001574,-0.000423,-0.006459,7.785,22.095
5.964844,1,25,1798.80,3.4359,0.14706,27.70,50.072,3.950,197.77,24.066,23.640,-0.027178,0.000313,-0.013327,7.924,22.095
5.968750,1,25,1795.28,3.3927,0.14923,28.06,50.091,4.065,203.61,24.067,23.641,-0.007118,-0.027880,0.013407,7.726,22.095
5.972656,1,25,1803.34,3.3725,0.14803,27.95,50.071,3.917,196.13,24.069,23.642,-0.007015,-0.019297,0.009862,7.913,22.095
5.976563,1,25,1802.00,3.3408,0.14262,26.91,50.061,4.096,205.03,24.070,23.643,-0.005667,-0.018395,0.009995,7.861,22.096
5.980469,1,25,1792.11,3.3283,0.14116,26.49,50.074,3.922,196.37,24.072,23.644,-0.011128,-0.021885,0.012175,7.780,22.096
5.984375,1,25,1792.96,3.3025,0.13887,26.07,50.098,3.974,199.09,24.073,23.645,-0.028264,0.000379,-0.014080,7.731,22.096
5.988281,1,25,1803.84,3.4635,0.14364,27.13,50.056,4.097,205.06,24.075,23.646,0.013673,0.023466,0.011853,7.820,22.096
5.992188,1,25,1801.31,3.3243,0.14857,28.02,50.067,4.010,200.77,24.076,23.647,-0.017751,0.001565,-0.010954,7.879,22.096
5.996094,1,25,1789.86,3.3799,0.14841,27.82,50.068,4.013,200.92,24.078,23.648,-0.023073,0.000704,-0.012341,7.787,22.096
6.000000,1,25,1798.89,3.3966,0.15295,28.81,50.062,3.950,197.73,24.079,23.649,-0.022120,-0.001685,-0.011541,7.963,22.096
6.003906,1,25,1798.71,3.4478,0.14220,26.79,50.076,3.971,198.85,24.080,23.650,0.003148,0.012794,0.006355,7.754,22.096
6.007813,1,25,1803.94,3.3811,0.14185,26.80,50.076,4.060,203.33,24.082,23.651,-0.014948,-0.022163,0.011615,7.859,22.096
6.011719,1,25,1798.72,3.4426,0.15283,28.79,50.063,4.127,206.60,24.083,23.652,0.027698,0.007024,-0.006221,7.722,22.096
6.015625,1,25,1795.40,3.4107,0.15013,28.23,50.072,3.945,197.56,24.085,23.653,0.005554,0.021548,0.009107,7.888,22.096
6.019531,1,25,1804.93,3.4746,0.13958,26.38,50.075,3.957,198.15,24.086,23.654,0.023566,0.027569,0.016032,7.950,22.096
6.023438,1,25,1802.53,3.4214,0.14555,27.47,50.036,4.098,205.03,24.088,23.655,-0.004363,0.007302,0.003174,7.778,22.096
6.027344,1,25,1797.81,3.3910,0.14826,27.91,50.067,3.977,199.10,24.089,23.656,-0.011532,-0.025567,0.012369,7.850,22.096
6.031250,1,25,1802.42,3.2983,0.14048,26.51,50.070,4.048,202.66,24.091,23.657,0.031739,0.014198,0.002979,7.828,22.096
6.035156,1,25,1795.93,3.4708,0.15440,29.04,50.091,3.985,199.59,24.092,23.659,-0.014968,-0.021489,0.008625,7.788,22.096
6.039063,1,25,1805.58,3.4325,0.14441,27.30,50.082,4.028,201.73,24.094,23.660,-0.025390,-0.003488,-0.004593,7.948,22.096
6.042969,1,25,1797.38,3.3520,0.14855,27.96,50.082,3.950,197.83,24.095,23.661,0.012052,0.024140,0.011024,7.746,22.097
6.046875,1,25,1804.86,3.4704,0.15598,29.48,50.107,3.864,193.63,24.096,23.662,-0.018771,0.003241,-0.007489,7.818,22.097
6.050781,1,25,1807.03,3.5337,0.14173,26.82,50.049,4.144,207.40,24.098,23.663,0.025869,0.004883,-0.007137,7.939,22.097
6.054688,1,25,1806.62,3.4776,0.15111,28.59,50.065,4.150,207.75,24.099,23.664,0.013715,0.001067,-0.012693,7.835,22.097
6.058594,1,25,1795.45,3.3482,0.14891,28.00,50.058,4.045,202.49,24.101,23.665,0.014934,-0.002461,-0.016022,7.778,22.097
6.062500,1,25,1797.20,3.4677,0.14864,27.97,50.060,3.918,196.14,24.102,23.666,-0.009237,-0.026083,0.015544,7.765,22.097
6.066406,1,25,1800.75,3.4023,0.14752,27.82,50.071,3.903,195.44,24.104,23.667,0.021316,0.025651,0.017121,7.807,22.097
6.070313,1,25,1804.73,3.4435,0.15021,28.39,50.069,4.119,206.26,24.105,23.668,-0.005931,-0.024070,0.014430,7.866,22.097
6.074219,1,25,1798.42,3.4287,0.15442,29.08,50.074,3.981,199.35,24.107,23.669,0.018469,0.023553,0.012700,7.824,22.097
6.078125,1,25,1804.00,3.5009,0.15146,28.61,50.061,4.107,205.59,24.108,23.670,-0.022136,-0.002590,-0.008943,7.784,22.097
6.082031,1,25,1800.51,3.4579,0.15377,28.99,50.078,4.003,200.46,24.110,23.671,-0.006408,-0.019378,0.011387,7.731,22.097
6.085938,1,25,1804.22,3.4250,0.14964,28.27,50.062,4.015,201.00,24.111,23.672,0.006065,0.017908,0.011412,7.793,22.097
6.089844,1,25,1802.94,3.4364,0.15038,28.39,50.072,4.046,202.61,24.113,23.673,0.007561,0.015304,0.007639,7.897,22.097
6.093750,1,25,1808.39,3.4326,0.14512,27.48,50.049,4.081,204.25,24.114,23.674,-0.017398,-0.019830,0.006524,7.731,22.097
6.097656,1,25,1793.74,3.3642,0.13796,25.91,50.081,3.931,196.89,24.115,23.675,0.019139,-0.001475,-0.015886,7.735,22.097
6.101563,1,25,1798.44,3.5293,0.14632,27.56,50.090,4.050,202.88,24.117,23.676,-0.016662,0.003540,-0.011930,7.818,22.097
6.105469,1,25,1797.87,3.3667,0.14604,27.49,50.076,3.972,198.92,24.118,23.677,-0.008114,0.006564,-0.001028,7.850,22.097
6.109375,1,25,1798.80,3.4735,0.14365,27.06,50.063,4.094,204.96,24.120,23.678,0.031637,0.017647,0.007898,7.907,22.097
6.113281,1,25,1803.06,3.4203,0.15403,29.08,50.049,3.935,196.92,24.121,23.679,-0.018298,-0.007112,-0.001569,7.805,22.098
6.117188,1,25,1801.85,3.3272,0.14632,27.61,50.067,4.068,203.68,24.123,23.680,-0.021443,-0.007422,-0.000113,7.898,22.098
6.121094,1,25,1802.75,3.3984,0.15141,28.58,50.107,3.930,196.94,24.124,23.681,-0.014421,0.004207,-0.007597,7.806,22.098
6.125000,1,25,1806.97,3.3565,0.14097,26.67,50.083,4.035,202.10,24.126,23.682,-0.000875,-0.010334,0.000073,7.883,22.098
6.128906,1,25,1799.00,3.4114,0.15331,28.88,50.100,3.955,198.14,24.127,23.683,-0.025581,0.001057,-0.012984,7.949,22.098
6.132813,1,25,1803.58,3.4359,0.14612,27.60,50.091,4.071,203.93,24.128,23.684,0.008270,-0.000043,-0.013271,7.871,22.098
6.136719,1,25,1800.16,3.3823,0.14803,27.91,50.067,4.034,201.99,24.130,23.685,0.030115,0.022879,0.011697,7.949,22.098
6.140625,1,25,1794.81,3.4061,0.14539,27.33,50.072,4.036,202.07,24.131,23.687,-0.017352,-0.009404,0.001857,7.899,22.098
6.144531,1,25,1806.70,3.4496,0.14772,27.95,50.057,4.036,202.02,24.133,23.688,0.009878,0.022591,0.009861,7.827,22.098
6.148438,1,25,1795.90,3.4342,0.14344,26.98,50.076,4.106,205.61,24.134,23.689,0.014170,0.024608,0.013521,7.710,22.098
6.152344,1,25,1803.44,3.4623,0.13746,25.96,50.047,4.045,202.45,24.136,23.690,-0.016795,0.004273,-0.002579,7.675,22.098
6.156250,1,25,1801.33,3.3315,0.14649,27.63,50.059,4.094,204.93,24.137,23.691,-0.026163,0.000719,-0.016215,7.931,22.098
6.160156,1,25,1796.35,3.3706,0.14533,27.34,50.070,4.012,200.87,24.139,23.692,-0.001766,-0.006245,-0.002481,7.936,22.098
6.164063,1,25,1798.85,3.3338,0.15177,28.59,50.069,3.961,198.30,24.140,23.693,-0.025142,-0.000915,-0.013637,7.916,22.098
6.167969,1,25,1804.27,3.4185,0.15097,28.52,50.075,4.086,204.61,24.142,23.694,-0.008552,-0.014698,0.004371,7.801,22.098
6.171875,1,25,1793.54,3.3213,0.14544,27.32,50.079,4.031,201.86,24.143,23.695,-0.002494,-0.019935,0.005649,7.870,22.098
6.175781,1,25,1794.85,3.3852,0.15061,28.31,50.082,3.995,200.08,24.144,23.696,-0.019473,-0.004160,-0.004938,7.772,22.098
6.179688,1,25,1802.63,3.4366,0.15545,29.34,50.095,4.064,203.57,24.146,23.697,-0.019437,-0.016978,0.008532,7.728,22.099
6.183594,1,25,1800.03,3.4193,0.15085,28.44,50.063,4.170,208.77,24.147,23.698,-0.005420,-0.019674,0.010176,7.776,22.099
6.187500,1,25,1803.31,3.3430,0.14406,27.20,50.088,3.913,195.97,24.149,23.699,-0.003359,0.010265,0.001296,7.878,22.099
6.191406,1,25,1798.32,3.3711,0.14409,27.14,50.054,4.016,201.04,24.150,23.700,-0.012002,-0.028801,0.013029,7.907,22.099
6.195313,1,25,1799.14,3.4400,0.14330,27.00,50.059,4.080,204.22,24.152,23.701,-0.026695,-0.001588,-0.010282,7.746,22.099
6.199219,1,25,1806.85,3.4660,0.14066,26.62,50.043,4.154,207.87,24.153,23.702,-0.020517,-0.016178,0.002907,7.930,22.099
6.203125,1,25,1801.72,3.4045,0.14615,27.57,50.041,4.065,203.42,24.155,23.703,0.019105,0.000217,-0.010147,7.772,22.099
6.207031,1,25,1803.04,3.4715,0.15333,28.95,50.082,4.166,208.62,24.156,23.704,-0.006936,-0.023423,0.013002,7.761,22.099
6.210938,1,25,1795.76,3.3570,0.13992,26.31,50.066,4.060,203.28,24.158,23.705,-0.017660,0.003711,-0.010933,7.825,22.099
6.214844,1,25,1796.16,3.3609,0.15721,29.57,50.065,4.047,202.61,24.159,23.706,0.019359,0.022822,0.010382,7.883,22.099
6.218750,1,25,1802.28,3.3260,0.14560,27.48,50.078,4.015,201.06,24.161,23.707,-0.027854,0.003620,-0.013939,7.770,22.099
6.222656,1,25,1799.77,3.3776,0.14770,27.84,50.081,3.994,200.04,24.162,23.708,-0.015394,-0.019824,0.005125,7.696,22.099
6.226563,1,25,1802.01,3.4768,0.14523,27.41,50.059,4.075,204.00,24.163,23.709,0.007114,0.021072,0.008109,7.870,22.099
6.230469,1,25,1799.71,3.3870,0.14395,27.13,50.069,4.109,205.73,24.165,23.710,-0.020543,-0.000101,-0.012047,7.809,22.099
6.234375,1,25,1796.44,3.3629,0.13631,25.64,50.059,4.059,203.20,24.166,23.711,-0.016931,-0.015543,0.008608,7.785,22.099
6.238281,1,25,1796.47,3.4257,0.14110,26.54,50.103,3.953,198.05,24.168,23.712,-0.025855,0.000775,-0.012872,7.785,22.099
6.242188,1,25,1805.32,3.5154,0.15118,28.58,50.061,3.989,199.69,24.169,23.713,-0.025775,0.003515,-0.015895,7.718,22.099
6.246094,1,25,1797.17,3.3496,0.14971,28.18,50.070,3.928,196.66,24.171,23.714,0.026800,0.030385,0.014464,7.764,22.099
6.250000,1,25,1801.66,3.4609,0.15407,29.07,50.099,3.925,196.66,24.172,23.715,-0.017788,-0.015181,0.003217,7.816,22.100
6.253906,1,25,1801.91,3.3703,0.14135,26.67,50.065,4.099,205.23,24.173,23.716,-0.028748,0.002103,-0.013651,7.827,22.100
6.257813,1,25,1795.81,3.4512,0.15329,28.83,50.074,3.994,199.99,24.175,23.717,0.018011,-0.003094,-0.014310,7.845,22.100
6.261719,1,25,1797.33,3.3778,0.14496,27.28,50.064,4.110,205.75,24.176,23.718,-0.009368,-0.028502,0.014743,7.853,22.100
6.265625,1,25,1793.82,3.4499,0.14337,26.93,50.068,4.000,200.27,24.178,23.719,0.010582,0.001735,-0.012500,7.840,22.100
6.269531,1,25,1803.92,3.3975,0.14575,27.53,50.057,3.884,194.40,24.179,23.720,-0.004662,-0.015914,0.005771,7.780,22.100
6.273438,1,25,1794.77,3.3942,0.14449,27.16,50.042,3.980,199.18,24.180,23.721,-0.014879,-0.021931,0.009911,7.807,22.100
6.277344,1,25,1800.79,3.3474,0.16222,30.59,50.069,3.987,199.65,24.182,23.722,-0.000548,-0.003421,-0.008985,7.710,22.100
6.281250,1,25,1799.91,3.3334,0.14800,27.90,50.053,4.125,206.46,24.183,23.723,-0.001204,-0.003885,-0.005984,7.840,22.100
6.285156,1,25,1796.87,3.3339,0.15290,28.77,50.081,4.082,204.42,24.185,23.724,0.026094,0.004547,-0.005373,7.737,22.100
6.289063,1,25,1802.18,3.4295,0.14990,28.29,50.095,4.068,203.79,24.186,23.726,-0.018331,0.003483,-0.009777,7.860,22.100
6.292969,1,25,1794.21,3.3233,0.14719,27.66,50.069,3.963,198.41,24.188,23.726,0.033800,0.015419,0.004886,7.725,22.100
6.296875,1,25,1798.34,3.3761,0.14914,28.09,50.079,4.165,208.57,24.189,23.728,-0.023628,-0.001033,-0.004037,7.737,22.100
6.300781,1,25,1795.07,3.3768,0.15399,28.95,50.059,4.070,203.73,24.190,23.729,-0.004442,-0.019835,0.010493,7.796,22.100
6.304688,1,25,1803.27,3.4817,0.15429,29.14,50.088,4.102,205.45,24.192,23.730,-0.004319,-0.018329,0.007233,7.935,22.100
6.308594,1,25,1798.83,3.4407,0.15526,29.25,50.079,4.045,202.56,24.193,23.731,0.031237,0.020735,0.009049,7.861,22.100
6.312500,1,25,1800.84,3.4294,0.14415,27.18,50.070,4.060,203.29,24.195,23.732,-0.005768,-0.013278,0.001724,7.762,22.100
6.316406,1,25,1803.78,3.3927,0.14567,27.52,50.084,3.984,199.55,24.196,23.733,-0.023391,0.003387,-0.009236,7.848,22.100
6.320313,1,25,1805.90,3.4484,0.14324,27.09,50.061,4.067,203.59,24.198,23.734,0.027603,0.003545,-0.003494,7.927,22.101
6.324219,1,25,1798.19,3.3906,0.14551,27.40,50.070,3.974,198.98,24.199,23.735,-0.008953,-0.022294,0.011093,7.761,22.101
6.328125,1,25,1795.13,3.3778,0.14628,27.50,50.090,3.890,194.86,24.200,23.736,0.012137,-0.001720,-0.013551,7.804,22.101
6.332031,1,25,1803.09,3.4474,0.14100,26.62,50.054,3.966,198.51,24.202,23.737,0.017621,0.001337,-0.011651,7.831,22.101
6.335938,1,25,1803.97,3.4569,0.14567,27.52,50.107,3.894,195.12,24.203,23.737,-0.010894,-0.015009,0.009149,7.857,22.101
6.339844,1,25,1799.19,3.4446,0.14354,27.04,50.040,3.992,199.77,24.204,23.738,0.026877,0.027718,0.010385,7.862,22.101
6.343750,1,25,1800.15,3.4642,0.14780,27.86,50.069,4.048,202.68,24.206,23.739,0.013993,0.000205,-0.013172,7.813,22.101
6.347656,1,25,1797.73,3.3923,0.15051,28.33,50.068,4.039,202.20,24.207,23.740,0.032490,0.010350,0.003013,7.923,22.101
6.351563,1,25,1805.42,3.4528,0.15238,28.81,50.051,4.053,202.88,24.209,23.741,0.028889,0.027449,0.011228,7.859,22.101
6.355469,1,25,1794.72,3.3885,0.14377,27.02,50.088,4.003,200.48,24.210,23.742,0.024752,0.028284,0.012764,7.874,22.101
6.359375,1,25,1799.47,3.4760,0.14562,27.44,50.057,3.939,197.19,24.211,23.743,-0.023174,-0.004364,-0.002897,7.700,22.101
6.363281,1,25,1799.52,3.3927,0.13685,25.79,50.081,4.016,201.11,24.213,23.744,-0.021746,0.000645,-0.011867,7.825,22.101
6.367188,1,25,1800.96,3.4455,0.14976,28.24,50.084,4.103,205.49,24.214,23.745,0.028062,0.025299,0.010553,7.843,22.101
6.371094,1,25,1802.65,3.4194,0.14902,28.13,50.079,4.040,202.30,24.216,23.746,-0.002457,-0.004967,-0.006385,7.717,22.101
6.375000,1,25,1803.96,3.4252,0.13548,25.59,50.057,3.968,198.65,24.217,23.747,-0.017286,-0.017014,0.002885,7.884,22.101
6.378906,1,25,1801.95,3.3925,0.14651,27.65,50.107,3.916,196.23,24.218,23.748,-0.009046,-0.025550,0.015275,7.833,22.101
6.382813,1,25,1802.54,3.4554,0.15601,29.45,50.029,4.048,202.53,24.220,23.749,-0.023913,-0.001483,-0.007814,7.879,22.101
6.386719,1,25,1800.01,3.4307,0.14222,26.81,50.069,4.085,204.52,24.221,23.750,-0.011295,-0.025686,0.015480,7.802,22.101
6.390625,1,25,1806.64,3.3596,0.14335,27.12,50.065,4.085,204.50,24.223,23.751,-0.001710,-0.007996,-0.003562,7.969,22.102
6.394531,1,25,1799.67,3.5426,0.15096,28.45,50.082,4.010,200.85,24.224,23.752,-0.025250,0.000922,-0.016318,7.941,22.102
6.398438,1,25,1803.19,3.4704,0.14759,27.87,50.087,3.930,196.82,24.225,23.753,0.016262,-0.001496,-0.013588,7.927,22.102
6.402344,1,25,1803.49,3.4370,0.14443,27.28,50.086,4.003,200.50,24.227,23.754,-0.002584,-0.005941,-0.004560,7.931,22.102
6.406250,1,25,1793.96,3.3938,0.14607,27.44,50.079,4.031,201.85,24.228,23.755,-0.010468,-0.025787,0.012953,7.716,22.102
6.410156,1,25,1800.69,3.4023,0.15146,28.56,50.062,4.048,202.65,24.230,23.756,0.002690,-0.000361,-0.009369,7.859,22.102
6.414063,1,25,1796.02,3.3467,0.14226,26.76,50.072,3.962,198.37,24.231,23.757,0.006579,0.018709,0.008575,7.833,22.102
6.417969,1,25,1797.59,3.3482,0.14674,27.62,50.052,4.079,204.16,24.232,23.758,0.018767,-0.003367,-0.008935,7.744,22.102
6.421875,1,25,1792.64,3.3427,0.14263,26.77,50.087,4.040,202.37,24.234,23.759,-0.023504,-0.000631,-0.013722,7.728,22.102
6.425781,1,25,1804.63,3.4782,0.15067,28.47,50.055,4.110,205.74,24.235,23.760,0.022335,-0.000753,-0.010503,7.857,22.102
6.429688,1,25,1804.79,3.4057,0.14456,27.32,50.052,3.987,199.54,24.237,23.761,0.001993,0.000947,-0.007009,7.915,22.102
6.433594,1,25,1806.00,3.4335,0.13854,26.20,50.091,4.070,203.89,24.238,23.762,-0.015702,-0.019348,0.010606,7.755,22.102
6.437500,1,25,1793.87,3.3934,0.14269,26.81,50.083,4.060,203.33,24.239,23.763,-0.006872,-0.010415,0.003012,7.627,22.102
6.441406,1,25,1799.30,3.5100,0.14492,27.31,50.073,4.102,205.39,24.241,23.764,0.034058,0.019509,0.005750,7.849,22.102
6.445313,1,25,1802.13,3.3913,0.13363,25.22,50.062,3.915,196.00,24.242,23.765,-0.009621,-0.030527,0.012434,7.750,22.102
6.449219,1,25,1798.92,3.4951,0.16035,30.21,50.050,4.079,204.17,24.244,23.766,0.004403,-0.002264,-0.013498,7.783,22.102
6.453125,1,25,1796.04,3.5000,0.14065,26.45,50.092,4.066,203.67,24.245,23.767,0.032561,0.019469,0.004124,7.963,22.102
6.457031,1,25,1802.44,3.4707,0.14303,27.00,50.053,4.106,205.53,24.247,23.768,0.000883,0.013878,0.005438,8.007,22.102
6.460938,1,25,1793.43,3.3128,0.14395,27.04,50.071,4.132,206.88,24.248,23.769,0.030648,0.022283,0.011892,7.821,22.103
6.464844,1,25,1792.60,3.3712,0.14805,27.79,50.080,4.066,203.61,24.249,23.770,0.027689,0.023122,0.007995,7.646,22.103
6.468750,1,25,1801.74,3.3771,0.15732,29.68,50.062,4.020,201.26,24.251,23.771,0.023332,0.004991,-0.009690,7.889,22.103
6.472656,1,25,1803.25,3.4418,0.13682,25.84,50.060,4.098,205.17,24.252,23.772,-0.008625,-0.025118,0.010477,7.939,22.103
6.476563,1,25,1795.97,3.3159,0.14274,26.84,50.067,4.032,201.87,24.254,23.773,-0.019970,0.000531,-0.014172,7.856,22.103
6.480469,1,25,1807.86,3.4526,0.14635,27.71,50.093,4.071,203.92,24.255,23.774,0.021587,0.000672,-0.010541,7.902,22.103
6.484375,1,25,1800.58,3.4387,0.14772,27.85,50.105,3.872,193.99,24.256,23.775,-0.011844,-0.025635,0.010954,7.824,22.103
6.488281,1,25,1807.06,3.4320,0.15179,28.72,50.048,4.104,205.39,24.258,23.776,-0.000754,-0.003934,-0.006108,7.801,22.103
6.492188,1,25,1796.76,3.4419,0.14735,27.72,50.068,4.053,202.94,24.259,23.777,-0.002030,-0.005334,-0.004798,7.834,22.103
6.496094,1,25,1794.73,3.3104,0.14642,27.52,50.063,4.012,200.83,24.260,23.778,0.011052,-0.000060,-0.012225,7.760,22.103
6.500000,1,25,1796.04,3.3641,0.14977,28.17,50.079,4.099,205.29,24.262,23.779,-0.010603,-0.027767,0.013698,7.883,22.103
6.503906,1,25,1802.04,3.3736,0.15234,28.75,50.068,4.014,200.96,24.263,23.780,0.008267,-0.000539,-0.012970,7.841,22.103
6.507813,1,25,1800.53,3.4652,0.15008,28.30,50.066,4.181,209.32,24.265,23.781,0.017802,-0.002657,-0.011373,7.778,22.103
6.511719,1,25,1794.80,3.4930,0.13987,26.29,50.040,4.021,201.21,24.266,23.782,-0.024513,0.001392,-0.013039,7.854,22.103
6.515625,1,25,1799.95,3.4114,0.13545,25.53,50.063,3.881,194.30,24.267,23.783,-0.008695,-0.006294,0.000017,7.857,22.103
6.519531,1,25,1802.09,3.3869,0.14456,27.28,50.060,4.020,201.24,24.269,23.784,-0.028883,0.000484,-0.016532,7.755,22.103
6.523438,1,25,1799.84,3.4528,0.14159,26.69,50.044,4.085,204.43,24.270,23.785,-0.016547,-0.015459,0.002624,7.731,22.103
6.527344,1,25,1800.38,3.3742,0.13135,24.76,50.060,4.031,201.80,24.272,23.786,-0.023102,0.004777,-0.011421,7.834,22.104
6.531250,1,25,1801.00,3.3546,0.13827,26.08,50.081,4.001,200.38,24.273,23.787,0.019150,0.025771,0.012160,7.815,22.104
6.535156,1,25,1809.24,3.4642,0.14553,27.57,50.077,4.065,203.54,24.274,23.788,0.022884,0.025811,0.014254,7.890,22.104
6.539063,1,25,1802.97,3.5343,0.15138,28.58,50.066,4.045,202.50,24.276,23.789,-0.007173,-0.015758,0.005107,7.774,22.104
6.542969,1,25,1789.39,3.3635,0.13934,26.11,50.080,4.079,204.27,24.277,23.790,0.031096,0.022932,0.012023,7.814,22.104
6.546875,1,25,1799.47,3.3286,0.14028,26.43,50.078,4.033,201.98,24.279,23.791,0.006571,-0.001310,-0.015897,7.907,22.104
6.550781,1,25,1807.29,3.4320,0.14987,28.36,50.053,4.118,206.13,24.280,23.792,0.012687,-0.003068,-0.013284,7.800,22.104
6.554688,1,25,1803.06,3.5315,0.14219,26.85,50.076,4.128,206.72,24.281,23.793,0.000636,0.013998,0.000663,8.010,22.104
6.558594,1,25,1794.52,3.4164,0.14820,27.85,50.072,3.992,199.87,24.283,23.793,0.034056,0.020326,0.006577,7.826,22.104
6.562500,1,25,1801.43,3.3868,0.14110,26.62,50.086,4.073,204.01,24.284,23.794,0.011791,0.025582,0.014474,7.854,22.104
6.566406,1,25,1795.43,3.3913,0.14139,26.58,50.082,4.071,203.87,24.286,23.795,-0.007112,-0.015661,0.006579,7.780,22.104
6.570313,1,25,1797.96,3.2870,0.14311,26.94,50.101,4.011,200.95,24.287,23.796,-0.023018,0.001878,-0.011979,7.722,22.104
6.574219,1,25,1801.83,3.3645,0.15682,29.59,50.088,3.917,196.20,24.288,23.797,-0.002141,-0.005019,-0.006822,7.812,22.104
6.578125,1,25,1802.31,3.3779,0.14436,27.25,50.075,4.126,206.59,24.290,23.798,-0.010289,-0.028170,0.012586,7.692,22.104
6.582031,1,25,1797.02,3.3301,0.14928,28.09,50.068,4.009,200.73,24.291,23.799,0.029676,0.024840,0.008454,7.797,22.104
6.585938,1,25,1803.77,3.4260,0.13990,26.43,50.067,3.952,197.86,24.292,23.800,0.001275,0.012206,0.008644,7.869,22.104
6.589844,1,25,1798.66,3.4467,0.14625,27.55,50.086,3.924,196.52,24.294,23.801,-0.006492,-0.025175,0.011430,7.696,22.104
6.593750,1,25,1795.68,3.3469,0.14831,27.89,50.036,4.030,201.63,24.295,23.802,0.009539,-0.002002,-0.012501,7.700,22.104
6.597656,1,25,1793.91,3.4078,0.14397,27.04,50.099,3.974,199.08,24.296,23.803,0.023376,-0.000670,-0.008547,7.832,22.105
6.601563,1,25,1802.50,3.3704,0.14350,27.09,50.077,3.914,196.02,24.298,23.804,0.013575,-0.002386,-0.014131,7.878,22.105
6.605469,1,25,1795.45,3.3507,0.13522,25.42,50.078,3.940,197.31,24.299,23.805,-0.016029,-0.015373,0.007696,7.905,22.105
6.609375,1,25,1802.88,3.4203,0.15153,28.61,50.080,4.097,205.18,24.300,23.806,-0.011181,-0.027378,0.012193,7.785,22.105
6.613281,1,25,1797.55,3.4099,0.13753,25.89,50.070,4.034,201.97,24.302,23.807,0.031487,0.025155,0.012055,7.815,22.105
6.617188,1,25,1807.74,3.3682,0.14924,28.25,50.060,3.961,198.28,24.303,23.808,0.003326,0.000592,-0.010605,7.828,22.105
6.621094,1,25,1800.32,3.4078,0.14319,27.00,50.090,4.041,202.42,24.304,23.809,-0.018881,-0.017544,0.004727,7.892,22.105
6.625000,1,25,1805.72,3.4108,0.14192,26.84,50.037,4.090,204.63,24.306,23.809,0.005144,-0.002614,-0.009402,7.748,22.105
6.628906,1,25,1799.64,3.3273,0.14193,26.75,50.072,4.047,202.65,24.307,23.810,-0.025474,0.002916,-0.016015,7.818,22.105
6.632813,1,25,1792.02,3.4173,0.13918,26.12,50.088,4.007,200.73,24.308,23.811,0.027682,0.024072,0.013062,7.766,22.105
6.636719,1,25,1805.64,3.4533,0.14992,28.35,50.080,4.076,204.10,24.310,23.812,-0.024631,-0.005120,-0.002788,7.976,22.105
6.640625,1,25,1807.02,3.4922,0.15195,28.75,50.066,3.968,198.65,24.311,23.813,0.005638,0.020840,0.006528,7.908,22.105
6.644531,1,25,1802.07,3.4309,0.14552,27.46,50.044,3.980,199.19,24.312,23.814,-0.007311,-0.026304,0.016627,7.888,22.105
6.648438,1,25,1797.55,3.3682,0.14054,26.45,50.058,4.072,203.82,24.314,23.815,0.030779,0.014656,0.005014,7.821,22.105
6.652344,1,25,1797.76,3.4425,0.13711,25.81,50.084,4.074,204.03,24.315,23.816,0.011891,-0.001862,-0.013543,7.888,22.105
6.656250,1,25,1796.90,3.4319,0.14424,27.14,50.087,3.977,199.21,24.317,23.817,0.007337,-0.000442,-0.015948,7.833,22.105
6.660156,1,25,1789.35,3.3336,0.13781,25.82,50.099,4.041,202.47,24.318,23.818,-0.010376,-0.024140,0.013701,7.810,22.105
6.664063,1,25,1797.14,3.4182,0.14026,26.40,50.071,4.047,202.65,24.319,23.819,-0.014738,-0.027220,0.015455,7.822,22.105
6.667969,1,25,1801.10,3.3812,0.14850,28.01,50.069,4.100,205.28,24.321,23.820,0.033468,0.019040,0.006253,7.884,22.106
6.671875,1,25,1800.60,3.3749,0.13783,25.99,50.069,4.006,200.59,24.322,23.821,0.026495,0.006308,-0.006075,7.743,22.106
6.675781,1,25,1794.55,3.4152,0.14528,27.30,50.049,4.120,206.18,24.323,23.822,-0.016346,-0.015652,0.008315,7.772,22.106
6.679688,1,25,1805.45,3.3314,0.14470,27.36,50.088,4.014,201.06,24.325,23.823,0.002934,0.015878,0.010152,7.900,22.106
6.683594,1,25,1801.42,3.4357,0.14122,26.64,50.100,3.910,195.87,24.326,23.824,-0.017553,-0.017189,0.006282,7.787,22.106
6.687500,1,25,1795.28,3.3254,0.14745,27.72,50.068,3.971,198.83,24.327,23.825,0.030688,0.028736,0.013375,7.711,22.106
6.691406,1,25,1802.71,3.3979,0.14314,27.02,50.060,4.064,203.45,24.329,23.825,0.015793,0.023940,0.014974,7.899,22.106
6.695313,1,25,1801.76,3.3887,0.13237,24.98,50.081,4.075,204.10,24.330,23.826,0.019464,0.025350,0.013768,7.853,22.106
6.699219,1,25,1800.56,3.3336,0.14745,27.80,50.092,3.928,196.75,24.331,23.827,0.017255,0.024349,0.012603,7.764,22.106
6.703125,1,25,1803.13,3.4245,0.14311,27.02,50.063,4.062,203.37,24.333,23.828,-0.001608,-0.010331,-0.002849,7.798,22.106
6.707031,1,25,1796.16,3.3995,0.14622,27.50,50.068,3.871,193.83,24.334,23.829,-0.023805,0.001082,-0.009725,7.944,22.106
6.710938,1,25,1809.85,3.4632,0.14599,27.67,50.079,4.128,206.75,24.335,23.830,-0.002078,-0.002899,-0.002795,7.920,22.106
6.714844,1,25,1796.96,3.4080,0.14596,27.47,50.081,4.057,203.17,24.337,23.831,0.027398,0.025977,0.015012,7.705,22.106
6.718750,1,25,1793.49,3.3327,0.13447,25.26,50.070,3.980,199.29,24.338,23.832,-0.025511,0.004014,-0.016025,7.901,22.106
6.722656,1,25,1792.47,3.3500,0.14105,26.48,50.083,4.077,204.19,24.339,23.833,-0.024948,0.001603,-0.013391,7.921,22.106
6.726563,1,25,1802.28,3.3865,0.14963,28.24,50.070,3.967,198.61,24.341,23.834,0.020922,0.026438,0.013663,7.808,22.106
6.730469,1,25,1804.83,3.5183,0.14847,28.06,50.095,4.153,208.03,24.342,23.835,-0.004213,-0.005907,0.000789,7.876,22.106
6.734375,1,25,1799.66,3.4536,0.15158,28.57,50.071,4.081,204.33,24.344,23.836,0.001971,0.015547,0.006785,7.749,22.106
6.738281,1,25,1802.86,3.3696,0.14935,28.20,50.057,4.061,203.27,24.345,23.837,-0.003719,-0.014341,0.002253,7.774,22.106
6.742188,1,25,1800.76,3.4371,0.14726,27.77,50.047,4.117,206.02,24.346,23.838,0.003573,-0.000794,-0.014910,7.906,22.107
6.746094,1,25,1800.11,3.3470,0.14371,27.09,50.094,3.975,199.14,24.348,23.839,-0.000285,0.001130,-0.009808,7.769,22.107
6.750000,1,25,1791.06,3.4212,0.14685,27.54,50.078,4.143,207.48,24.349,23.840,-0.003567,-0.018169,0.007457,7.775,22.107
6.753906,1,25,1792.99,3.3260,0.14691,27.58,50.052,3.988,199.61,24.350,23.840,-0.023735,-0.000777,-0.015011,7.726,22.107
6.757813,1,25,1800.20,3.4539,0.13714,25.85,50.078,4.124,206.50,24.352,23.841,-0.023881,0.000115,-0.010365,7.816,22.107
6.761719,1,25,1793.89,3.4468,0.14012,26.32,50.065,3.994,199.95,24.353,23.842,0.033864,0.014651,0.004758,7.842,22.107
6.765625,1,25,1796.10,3.3788,0.14433,27.15,50.069,3.995,200.00,24.354,23.843,-0.005723,-0.020619,0.011142,7.800,22.107
6.769531,1,25,1798.35,3.3341,0.13949,26.27,50.060,3.978,199.13,24.356,23.844,-0.016530,0.005567,-0.007525,7.769,22.107
6.773438,1,25,1801.48,3.4320,0.14864,28.04,50.084,4.070,203.84,24.357,23.845,0.007927,-0.001945,-0.011195,7.895,22.107
6.777344,1,25,1794.47,3.3576,0.14891,27.98,50.085,4.009,200.77,24.358,23.846,-0.022028,-0.011389,0.001353,7.861,22.107
6.781250,1,25,1802.44,3.4143,0.14248,26.89,50.070,4.120,206.30,24.360,23.847,-0.019431,-0.006614,-0.004411,7.908,22.107
6.785156,1,25,1798.73,3.3723,0.14695,27.68,50.106,3.931,196.98,24.361,23.848,-0.000071,-0.002074,-0.003707,7.731,22.107
6.789063,1,25,1794.35,3.4258,0.15441,29.01,50.106,3.979,199.38,24.362,23.849,0.014023,0.025685,0.012741,7.763,22.107
6.792969,1,25,1798.34,3.4100,0.14274,26.88,50.059,4.107,205.61,24.364,23.850,-0.012350,-0.027410,0.015357,7.779,22.107
6.796875,1,25,1801.10,3.3419,0.14749,27.82,50.069,3.934,196.96,24.365,23.851,0.014077,0.023359,0.013554,7.876,22.107
6.800781,1,25,1802.39,3.3561,0.14142,26.69,50.069,3.992,199.86,24.366,23.851,0.018082,0.001775,-0.014048,7.932,22.107
6.804688,1,25,1803.57,3.3558,0.15102,28.52,50.086,3.990,199.83,24.368,23.852,-0.006969,-0.025049,0.014743,7.831,22.107
6.808594,1,25,1804.85,3.3770,0.14420,27.25,50.062,3.888,194.64,24.369,23.853,-0.024084,-0.002255,-0.013874,7.960,22.107
6.812500,1,25,1811.38,3.3969,0.14243,27.02,50.062,4.012,200.87,24.370,23.854,-0.016641,-0.017442,0.006015,7.883,22.108
6.816406,1,25,1805.64,3.4074,0.14488,27.40,50.092,3.879,194.29,24.371,23.855,0.031482,0.020439,0.010829,7.948,22.108
6.820313,1,25,1802.98,3.4464,0.14764,27.88,50.063,3.978,199.16,24.373,23.856,-0.008894,0.006964,-0.000847,7.773,22.108
6.824219,1,25,1796.75,3.4439,0.14514,27.31,50.055,4.039,202.17,24.374,23.857,0.007948,-0.002119,-0.012450,7.740,22.108
6.828125,1,25,1793.43,3.3248,0.15936,29.93,50.066,3.924,196.45,24.375,23.858,0.026028,0.024139,0.014480,7.828,22.108
6.832031,1,25,1803.72,3.4192,0.14723,27.81,50.074,3.952,197.89,24.376,23.858,0.003910,-0.001147,-0.011926,7.908,22.108
6.835938,1,25,1800.65,3.4377,0.14231,26.83,50.065,4.023,201.39,24.378,23.859,0.032031,0.019737,0.007392,7.721,22.108
6.839844,1,25,1793.79,3.3469,0.13978,26.26,50.080,4.107,205.68,24.379,23.860,-0.007984,-0.014662,0.007640,7.893,22.108
6.843750,1,25,1797.54,3.4353,0.14684,27.64,50.082,3.873,193.99,24.380,23.861,0.014612,0.018864,0.010685,7.811,22.108
6.847656,1,25,1800.36,3.3252,0.13409,25.28,50.059,4.035,202.00,24.382,23.862,-0.006119,-0.014744,0.001421,7.848,22.108
6.851563,1,25,1799.10,3.4180,0.13804,26.01,50.077,4.081,204.36,24.383,23.863,-0.003507,-0.008915,-0.002860,7.770,22.108
6.855469,1,25,1802.18,3.3690,0.15540,29.33,50.090,3.960,198.36,24.384,23.864,-0.014972,0.002075,-0.005297,7.853,22.108
6.859375,1,25,1804.52,3.4911,0.13534,25.58,50.079,3.905,195.54,24.386,23.865,0.015615,-0.000969,-0.013853,7.799,22.108
6.863281,1,25,1796.15,3.3537,0.14819,27.87,50.061,4.008,200.65,24.387,23.866,-0.002578,-0.011289,-0.000965,7.780,22.108
6.867188,1,25,1789.92,3.4329,0.14694,27.54,50.084,3.975,199.07,24.388,23.866,-0.021174,-0.000806,-0.012109,7.755,22.108
6.871094,1,25,1799.21,3.4815,0.15136,28.52,50.056,4.078,204.14,24.389,23.867,0.017437,0.024878,0.013144,7.884,22.108
6.875000,1,25,1804.17,3.3609,0.15173,28.67,50.074,4.065,203.56,24.391,23.868,-0.023238,-0.002884,-0.002688,7.975,22.108
6.878906,1,25,1799.96,3.4640,0.13166,24.82,50.050,4.083,204.34,24.392,23.869,0.007330,0.000669,-0.012125,7.798,22.108
6.882813,1,25,1795.33,3.3795,0.14253,26.80,50.099,3.956,198.18,24.393,23.870,-0.009031,0.007287,-0.001575,7.854,22.109
6.886719,1,25,1796.48,3.3533,0.15007,28.23,50.107,3.888,194.82,24.395,23.871,0.029294,0.007295,0.001611,8.022,22.109
6.890625,1,25,1803.31,3.3453,0.15157,28.62,50.055,4.000,200.20,24.396,23.872,0.026122,0.029395,0.012410,7.777,22.109
6.894531,1,25,1798.27,3.4119,0.14720,27.72,50.024,4.112,205.70,24.397,23.873,-0.013741,-0.025103,0.011084,7.876,22.109
6.898438,1,25,1797.67,3.4209,0.13485,25.38,50.055,4.080,204.21,24.399,23.874,-0.019481,-0.012777,0.005149,7.909,22.109
6.902344,1,25,1793.78,3.3350,0.14154,26.59,50.081,3.987,199.69,24.400,23.875,0.006239,0.001190,-0.012061,7.921,22.109
6.906250,1,25,1803.49,3.2732,0.15057,28.44,50.058,4.088,204.62,24.401,23.876,-0.010284,-0.026189,0.017053,7.870,22.109
6.910156,1,25,1802.68,3.3982,0.14725,27.80,50.063,3.921,196.30,24.403,23.876,-0.011789,-0.026278,0.012845,7.795,22.109
6.914063,1,25,1801.42,3.4014,0.14225,26.83,50.087,3.996,200.15,24.404,23.877,-0.009864,-0.029727,0.015412,7.846,22.109
6.917969,1,25,1794.51,3.3857,0.14343,26.95,50.063,3.938,197.14,24.405,23.878,-0.017694,0.003932,-0.008739,7.766,22.109
6.921875,1,25,1795.26,3.3209,0.14441,27.15,50.070,4.036,202.06,24.406,23.879,0.027759,0.029564,0.015338,7.763,22.109
6.925781,1,25,1797.52,3.4410,0.14718,27.71,50.087,3.942,197.43,24.408,23.880,-0.005377,-0.013692,0.005146,7.825,22.109
6.929688,1,25,1799.56,3.4703,0.14695,27.69,50.059,4.101,205.28,24.409,23.881,-0.023262,-0.001275,-0.015060,7.780,22.109
6.933594,1,25,1798.72,3.3974,0.15624,29.43,50.081,3.928,196.70,24.410,23.882,-0.021610,0.002000,-0.015748,7.822,22.109
6.937500,1,25,1798.44,3.3710,0.14268,26.87,50.066,4.100,205.27,24.412,23.883,-0.009756,0.006973,-0.003293,7.857,22.109
6.941406,1,25,1796.04,3.4239,0.14772,27.78,50.073,3.967,198.62,24.413,23.883,-0.022733,0.000723,-0.010236,7.752,22.109
6.945313,1,25,1793.65,3.3701,0.14393,27.03,50.065,3.906,195.56,24.414,23.884,-0.010608,-0.022771,0.012897,7.830,22.109
6.949219,1,25,1791.71,3.4310,0.15168,28.46,50.043,3.905,195.42,24.415,23.885,-0.007637,-0.025049,0.009720,7.834,22.109
6.953125,1,25,1802.87,3.4418,0.14413,27.21,50.066,4.045,202.54,24.417,23.886,-0.009821,0.002590,-0.006022,7.930,22.110
6.957031,1,25,1797.21,3.3695,0.14469,27.23,50.053,4.104,205.44,24.418,23.887,0.001168,-0.000272,-0.012565,7.784,22.110
6.960938,1,25,1797.20,3.4445,0.15373,28.93,50.050,4.036,201.99,24.419,23.888,-0.006622,-0.018166,0.011617,7.790,22.110
6.964844,1,25,1799.49,3.4057,0.15510,29.23,50.053,3.939,197.17,24.421,23.889,-0.020615,0.003457,-0.012338,7.908,22.110
6.968750,1,25,1800.85,3.3570,0.15084,28.45,50.052,4.091,204.75,24.422,23.890,0.031095,0.017286,0.005429,7.886,22.110
6.972656,1,25,1803.55,3.3910,0.14941,28.22,50.082,4.089,204.77,24.423,23.890,-0.011370,-0.027887,0.013559,7.736,22.110
6.976563,1,25,1798.28,3.3739,0.15825,29.80,50.048,4.093,204.83,24.425,23.891,0.024833,0.027112,0.013880,7.939,22.110
6.980469,1,25,1799.46,3.4075,0.14112,26.59,50.078,4.052,202.92,24.426,23.892,0.007434,-0.001538,-0.015073,7.778,22.110
6.984375,1,25,1794.17,3.3282,0.14123,26.54,50.075,4.048,202.68,24.427,23.893,-0.025585,0.003353,-0.014284,7.946,22.110
6.988281,1,25,1794.91,3.3508,0.14848,27.91,50.062,4.038,202.16,24.428,23.894,0.022109,0.026685,0.012439,7.824,22.110
6.992188,1,25,1802.68,3.4131,0.14019,26.47,50.074,4.107,205.66,24.430,23.895,0.024093,0.027780,0.014894,7.927,22.110
6.996094,1,25,1800.44,3.2642,0.14475,27.29,50.054,4.090,204.72,24.431,23.896,-0.009211,0.009311,-0.002706,8.010,22.110
7.000000,1,25,1799.29,3.3942,0.14282,26.91,50.067,4.066,203.58,24.432,23.897,-0.015979,0.002902,-0.004912,7.730,22.110
7.003906,1,25,1799.53,3.4421,0.13793,25.99,50.086,3.980,199.35,24.434,23.898,0.022112,0.027260,0.013989,7.777,22.110
7.007813,1,25,1799.49,3.3977,0.14873,28.03,50.088,4.075,204.13,24.435,23.899,0.030485,0.014186,0.006750,7.852,22.110
7.011719,1,25,1804.86,3.3713,0.15381,29.07,50.072,3.911,195.83,24.436,23.899,-0.014634,0.004724,-0.007738,7.823,22.110
7.015625,1,25,1805.71,3.4858,0.14771,27.93,50.064,3.940,197.26,24.437,23.900,0.031461,0.023206,0.010212,7.812,22.110
7.019531,1,25,1797.78,3.2989,0.13545,25.50,50.080,3.930,196.82,24.439,23.901,0.013373,-0.003535,-0.014757,7.834,22.110
7.023438,1,25,1794.72,3.4860,0.15416,28.97,50.065,4.118,206.14,24.440,23.902,0.026457,0.027371,0.014303,7.781,22.110
7.027344,1,25,1803.17,3.4193,0.14376,27.14,50.080,3.999,200.29,24.441,23.903,0.029669,0.013801,0.001317,7.909,22.111
7.031250,1,25,1798.76,3.4168,0.14796,27.87,50.084,3.962,198.43,24.443,23.904,-0.025344,0.000977,-0.011441,7.827,22.111
7.035156,1,25,1803.37,3.3768,0.14000,26.44,50.074,3.988,199.71,24.444,23.905,-0.004739,-0.007533,-0.000418,7.959,22.111
7.039063,1,25,1801.86,3.3496,0.14019,26.45,50.048,4.080,204.18,24.445,23.906,-0.001478,-0.000878,-0.009901,7.878,22.111
7.042969,1,25,1795.00,3.3503,0.14791,27.80,50.081,4.104,205.56,24.446,23.906,-0.019397,-0.009487,-0.000852,7.780,22.111
7.046875,1,25,1796.16,3.3432,0.14705,27.66,50.102,3.931,196.95,24.448,23.907,-0.003443,0.006980,-0.001035,7.849,22.111
7.050781,1,25,1802.96,3.3924,0.15049,28.41,50.072,3.948,197.70,24.449,23.908,-0.020443,0.002160,-0.013930,7.810,22.111
7.054688,1,25,1792.03,3.2895,0.14536,27.28,50.050,4.113,205.86,24.450,23.909,-0.017636,-0.007742,0.001609,7.857,22.111
7.058594,1,25,1803.66,3.4358,0.13051,24.65,50.060,4.034,201.94,24.452,23.910,0.027801,0.013315,0.003725,7.744,22.111
7.062500,1,25,1793.27,3.2847,0.14441,27.12,50.055,3.975,198.98,24.453,23.911,0.025332,0.030680,0.013931,7.709,22.111
7.066406,1,25,1798.81,3.2945,0.14472,27.26,50.056,4.022,201.34,24.454,23.912,-0.026686,-0.001421,-0.013419,7.820,22.111
7.070313,1,25,1805.20,3.4617,0.14556,27.52,50.083,4.010,200.82,24.455,23.912,-0.023266,-0.007802,-0.004893,7.868,22.111
7.074219,1,25,1805.10,3.4145,0.14502,27.41,50.058,4.086,204.55,24.457,23.913,-0.024798,-0.001057,-0.016029,7.823,22.111
7.078125,1,25,1805.01,3.4580,0.15347,29.01,50.057,4.062,203.35,24.458,23.914,-0.010563,0.009534,-0.001678,7.914,22.111
7.082031,1,25,1803.07,3.4527,0.14237,26.88,50.072,4.114,205.98,24.459,23.915,-0.025581,0.002953,-0.012944,7.689,22.111
7.085938,1,25,1795.40,3.3371,0.14880,27.98,50.077,4.138,207.20,24.461,23.916,0.015158,0.025591,0.010734,7.721,22.111
7.089844,1,25,1801.93,3.3320,0.15421,29.10,50.105,3.907,195.77,24.462,23.917,-0.012029,0.007271,-0.006432,7.868,22.111
7.093750,1,25,1801.17,3.4081,0.13906,26.23,50.077,4.093,204.96,24.463,23.918,-0.008390,0.012229,0.000954,7.885,22.111
7.097656,1,25,1796.53,3.4253,0.15063,28.34,50.087,3.919,196.29,24.464,23.919,-0.009145,-0.022344,0.009415,7.753,22.112
7.101563,1,25,1802.87,3.4258,0.14484,27.35,50.029,4.160,208.13,24.466,23.920,0.003224,0.000306,-0.010146,7.871,22.112
7.105469,1,25,1800.60,3.4389,0.14786,27.88,50.075,4.020,201.29,24.467,23.920,0.027276,0.006517,-0.006205,7.813,22.112
7.109375,1,25,1798.08,3.4152,0.15439,29.07,50.069,4.125,206.52,24.468,23.921,0.019960,0.025796,0.013095,7.873,22.112
7.113281,1,25,1793.62,3.3508,0.16030,30.11,50.074,3.966,198.59,24.470,23.922,-0.012405,-0.018016,0.009148,7.755,22.112
7.117188,1,25,1803.28,3.4255,0.15238,28.77,50.064,4.133,206.90,24.471,23.923,-0.012599,0.003318,-0.008511,7.869,22.112
7.121094,1,25,1800.62,3.4911,0.14365,27.09,50.053,4.079,204.18,24.472,23.924,-0.021528,-0.008743,-0.000336,7.865,22.112
7.125000,1,25,1798.38,3.3783,0.15695,29.56,50.088,4.061,203.39,24.474,23.925,-0.010066,-0.026954,0.012364,7.892,22.112
7.128906,1,25,1791.42,3.4424,0.13731,25.76,50.081,3.888,194.72,24.475,23.926,-0.023006,0.000496,-0.011705,7.724,22.112
7.132813,1,25,1800.19,3.4299,0.14348,27.05,50.060,4.066,203.56,24.476,23.927,0.007963,0.020724,0.008068,7.919,22.112
7.136719,1,25,1797.08,3.4427,0.15580,29.32,50.045,4.132,206.81,24.477,23.927,-0.024288,-0.001925,-0.009085,7.757,22.112
7.140625,1,25,1805.61,3.3874,0.14130,26.72,50.061,4.013,200.91,24.479,23.928,-0.018472,0.001346,-0.007349,7.955,22.112
7.144531,1,25,1803.54,3.4195,0.14786,27.92,50.067,4.032,201.85,24.480,23.929,-0.023877,-0.003572,-0.010696,7.804,22.112
7.148438,1,25,1797.45,3.3360,0.13703,25.79,50.066,4.001,200.30,24.481,23.930,0.031342,0.020344,0.008156,7.886,22.112
7.152344,1,25,1804.33,3.3489,0.14984,28.31,50.086,4.067,203.71,24.482,23.931,0.023579,0.028191,0.015046,7.870,22.112
7.156250,1,25,1796.99,3.4498,0.15148,28.51,50.052,4.053,202.88,24.484,23.932,0.012335,0.002436,-0.013780,7.844,22.112
7.160156,1,25,1796.49,3.4184,0.14292,26.89,50.072,4.038,202.21,24.485,23.933,-0.001799,-0.002933,-0.011180,7.800,22.112
7.164063,1,25,1793.36,3.4280,0.14182,26.63,50.063,3.955,198.00,24.486,23.933,0.031513,0.020999,0.013386,7.792,22.112
7.167969,1,25,1804.40,3.4145,0.14705,27.79,50.084,3.896,195.13,24.487,23.934,-0.007211,-0.027820,0.013352,7.951,22.112
7.171875,1,25,1790.23,3.4641,0.14147,26.52,50.104,3.914,196.13,24.489,23.935,0.004740,0.013097,0.003361,7.899,22.113
7.175781,1,25,1801.78,3.3724,0.14103,26.61,50.081,4.103,205.47,24.490,23.936,-0.006817,-0.017145,0.005664,7.830,22.113
7.179688,1,25,1805.84,3.4512,0.16209,30.65,50.047,4.120,206.21,24.491,23.937,0.027551,0.029499,0.016242,7.872,22.113
7.183594,1,25,1807.97,3.4421,0.15374,29.11,50.073,4.024,201.49,24.492,23.938,-0.003611,-0.014575,-0.000292,7.761,22.113
7.187500,1,25,1798.49,3.4263,0.14343,27.01,50.064,4.055,203.02,24.494,23.939,-0.004236,-0.008669,-0.002228,7.798,22.113
7.191406,1,25,1804.09,3.4448,0.15464,29.21,50.046,4.085,204.45,24.495,23.939,0.026022,0.005705,-0.005177,7.861,22.113
7.195313,1,25,1807.17,3.4926,0.14244,26.96,50.079,4.030,201.84,24.496,23.940,-0.018853,-0.006734,-0.005184,7.880,22.113
7.199219,1,25,1796.91,3.4479,0.14736,27.73,50.048,4.036,201.97,24.498,23.941,-0.012543,-0.027381,0.012056,7.837,22.113
7.203125,1,25,1799.09,3.2703,0.13602,25.63,50.072,4.124,206.52,24.499,23.942,0.001333,0.013060,0.003831,7.700,22.113
7.207031,1,25,1797.58,3.3972,0.14442,27.19,50.069,4.113,205.92,24.500,23.943,-0.015992,0.005662,-0.004748,7.913,22.113
7.210938,1,25,1807.06,3.5763,0.15457,29.25,50.072,4.046,202.61,24.501,23.944,0.029680,0.016943,0.003982,7.826,22.113
7.214844,1,25,1799.36,3.4692,0.15076,28.41,50.064,4.080,204.26,24.503,23.945,0.003660,0.000186,-0.009790,7.806,22.113
7.218750,1,25,1804.73,3.4012,0.15040,28.42,50.082,4.037,202.16,24.504,23.946,0.030465,0.023853,0.010428,7.952,22.113
7.222656,1,25,1801.35,3.4909,0.14597,27.54,50.077,3.973,198.98,24.505,23.946,-0.023131,0.001954,-0.015633,7.896,22.113
7.226563,1,25,1809.17,3.4724,0.14707,27.86,50.059,3.988,199.62,24.506,23.947,-0.016261,-0.000619,-0.006737,7.745,22.113
7.230469,1,25,1798.00,3.4106,0.13792,25.97,50.079,4.008,200.74,24.508,23.948,-0.016298,-0.016555,0.005100,7.761,22.113
7.234375,1,25,1805.11,3.3544,0.14370,27.16,50.089,4.051,202.90,24.509,23.949,-0.015999,-0.019069,0.010356,7.751,22.113
7.238281,1,25,1802.98,3.3959,0.14759,27.87,50.066,4.050,202.78,24.510,23.950,-0.005869,-0.020576,0.008647,7.843,22.113
7.242188,1,25,1792.10,3.3901,0.14051,26.37,50.092,3.969,198.79,24.511,23.951,0.015986,0.000125,-0.017747,7.901,22.114
7.246094,1,25,1795.52,3.4712,0.14155,26.62,50.079,3.928,196.72,24.513,23.951,-0.024796,0.003305,-0.013117,7.867,22.114
7.250000,1,25,1805.49,3.4021,0.15401,29.12,50.041,4.056,202.96,24.514,23.952,0.028573,0.017233,0.008161,7.768,22.114
7.253906,1,25,1807.28,3.4561,0.15076,28.53,50.069,4.106,205.56,24.515,23.953,-0.004766,-0.020033,0.004635,7.873,22.114
7.257813,1,25,1798.35,3.3438,0.14113,26.58,50.058,4.038,202.15,24.516,23.954,-0.009855,-0.025121,0.010390,7.772,22.114
7.261719,1,25,1803.50,3.3962,0.14112,26.65,50.052,4.159,208.19,24.518,23.955,0.021558,-0.004271,-0.011376,7.868,22.114
7.265625,1,25,1795.37,3.4597,0.14331,26.94,50.071,4.032,201.89,24.519,23.956,0.000940,-0.003222,-0.005468,7.855,22.114
7.269531,1,25,1798.00,3.2791,0.13910,26.19,50.061,4.037,202.10,24.520,23.957,-0.026768,0.001942,-0.014849,7.801,22.114
7.273438,1,25,1798.33,3.3594,0.14051,26.46,50.051,3.980,199.18,24.521,23.957,0.007274,0.020305,0.007630,7.875,22.114
7.277344,1,25,1806.32,3.4012,0.15013,28.40,50.065,4.011,200.83,24.523,23.958,0.027321,0.027104,0.013784,7.733,22.114
7.281250,1,25,1796.53,3.3628,0.15277,28.74,50.078,3.963,198.44,24.524,23.959,0.010593,0.023316,0.010598,7.744,22.114
7.285156,1,25,1790.81,3.2898,0.14460,27.12,50.068,3.915,196.04,24.525,23.960,-0.000147,-0.005151,-0.000384,7.625,22.114
7.289063,1,25,1804.11,3.3191,0.15212,28.74,50.077,4.030,201.80,24.526,23.961,0.032247,0.016792,0.005430,7.835,22.114
7.292969,1,25,1798.02,3.4188,0.14818,27.90,50.036,4.099,205.11,24.528,23.962,-0.007267,-0.025825,0.013623,7.786,22.114
7.296875,1,25,1801.71,3.3363,0.14209,26.81,50.077,3.998,200.22,24.529,23.962,0.031207,0.023123,0.012107,7.808,22.114
7.300781,1,25,1800.05,3.4958,0.15580,29.37,50.068,4.108,205.66,24.530,23.963,0.013496,0.022919,0.010507,7.769,22.114
7.304688,1,25,1806.62,3.3434,0.13877,26.25,50.088,3.904,195.57,24.531,23.964,-0.010373,0.006999,-0.001990,7.967,22.114
7.308594,1,25,1799.04,3.3326,0.15059,28.37,50.074,3.911,195.82,24.532,23.965,0.029688,0.023983,0.012390,7.834,22.114
7.312500,1,25,1799.78,3.4135,0.15254,28.75,50.056,3.999,200.20,24.534,23.966,0.007821,-0.000768,-0.013456,7.858,22.114
7.316406,1,25,1802.19,3.3829,0.14396,27.17,50.058,3.992,199.84,24.535,23.966,-0.024894,-0.002390,-0.008481,7.758,22.115
7.320313,1,25,1801.82,3.3843,0.14735,27.80,50.071,4.024,201.47,24.536,23.967,-0.026467,0.000650,-0.014757,7.781,22.115
7.324219,1,25,1802.83,3.3483,0.13291,25.09,50.087,4.026,201.67,24.537,23.968,0.023963,0.029292,0.017197,7.806,22.115
7.328125,1,25,1801.42,3.4014,0.14250,26.88,50.085,3.978,199.21,24.539,23.969,0.006904,0.021642,0.013425,7.816,22.115
7.332031,1,25,1804.45,3.3608,0.14740,27.85,50.060,4.154,207.94,24.540,23.970,-0.005440,-0.018222,0.008877,7.835,22.115
7.335938,1,25,1798.46,3.4221,0.13923,26.22,50.049,4.012,200.81,24.541,23.971,-0.017916,0.003842,-0.012097,7.824,22.115
7.339844,1,25,1791.91,3.3246,0.14909,27.98,50.061,4.155,207.98,24.542,23.972,0.029651,0.011392,0.001576,7.780,22.115
7.343750,1,25,1797.94,3.4063,0.13476,25.37,50.091,4.028,201.76,24.544,23.972,0.020300,0.030373,0.014175,7.852,22.115
7.347656,1,25,1803.60,3.3603,0.14685,27.74,50.066,4.112,205.89,24.545,23.973,-0.022279,0.000199,-0.011051,7.933,22.115
7.351563,1,25,1798.15,3.4554,0.15748,29.65,50.058,4.097,205.09,24.546,23.974,0.009578,-0.001970,-0.014059,7.882,22.115
7.355469,1,25,1800.93,3.3523,0.15400,29.04,50.096,3.945,197.62,24.547,23.975,-0.026940,0.001664,-0.012884,7.804,22.115
7.359375,1,25,1801.55,3.5292,0.14063,26.53,50.062,4.096,205.04,24.549,23.976,-0.001662,0.012065,0.001625,7.792,22.115
7.363281,1,25,1804.29,3.4867,0.14234,26.89,50.061,3.991,199.81,24.550,23.977,-0.001842,-0.000565,-0.006146,7.840,22.115
7.367188,1,25,1802.58,3.4690,0.15577,29.40,50.072,4.000,200.30,24.551,23.977,0.009730,0.002217,-0.015237,7.934,22.115
7.371094,1,25,1798.79,3.3600,0.14617,27.53,50.067,3.989,199.71,24.552,23.978,0.004381,0.014309,0.006674,7.914,22.115
7.375000,1,25,1803.52,3.4188,0.14917,28.17,50.055,4.071,203.79,24.554,23.979,-0.020214,-0.015290,0.002444,7.866,22.115
7.378906,1,25,1802.27,3.5296,0.13469,25.42,50.059,4.082,204.36,24.555,23.980,-0.015934,-0.020912,0.007215,7.876,22.115
7.382813,1,25,1806.24,3.4065,0.15313,28.96,50.050,4.144,207.40,24.556,23.981,0.020441,0.001786,-0.009126,7.799,22.115
7.386719,1,25,1802.27,3.4097,0.14951,28.22,50.084,4.007,200.68,24.557,23.982,-0.020349,0.000455,-0.010757,7.876,22.115
7.390625,1,25,1803.37,3.4075,0.13858,26.17,50.056,4.056,203.03,24.559,23.982,0.032086,0.025822,0.011366,7.963,22.116
7.394531,1,25,1791.54,3.3724,0.14522,27.24,50.062,4.077,204.13,24.560,23.983,-0.025456,0.001625,-0.013066,7.828,22.116
7.398438,1,25,1800.40,3.3456,0.14152,26.68,50.054,4.029,201.66,24.561,23.984,0.005823,0.022045,0.008118,7.889,22.116
7.402344,1,25,1794.11,3.3544,0.14643,27.51,50.068,4.002,200.39,24.562,23.985,0.009411,-0.001329,-0.013312,7.706,22.116
7.406250,1,25,1798.18,3.4095,0.15048,28.34,50.058,3.986,199.51,24.564,23.986,-0.003095,0.010943,0.001524,7.906,22.116
7.410156,1,25,1808.04,3.4685,0.14582,27.61,50.098,3.886,194.70,24.565,23.986,0.015768,-0.001170,-0.011166,7.874,22.116
7.414063,1,25,1796.12,3.3367,0.14811,27.86,50.046,4.059,203.13,24.566,23.987,-0.010345,0.006275,-0.002035,7.804,22.116
7.417969,1,25,1799.16,3.4235,0.14971,28.21,50.063,4.130,206.77,24.567,23.988,-0.001078,-0.006614,-0.003247,7.826,22.116
7.421875,1,25,1799.95,3.3455,0.13959,26.31,50.069,4.041,202.31,24.568,23.989,-0.013124,-0.020439,0.010125,7.840,22.116
7.425781,1,25,1797.81,3.3225,0.15205,28.63,50.080,4.074,204.02,24.570,23.990,-0.006724,-0.017282,0.006857,7.816,22.116
7.429688,1,25,1802.61,3.4665,0.14535,27.44,50.091,3.965,198.62,24.571,23.991,0.029058,0.006920,-0.003477,7.836,22.116
7.433594,1,25,1806.80,3.3693,0.15516,29.36,50.109,3.963,198.58,24.572,23.991,-0.022483,-0.000256,-0.013220,7.895,22.116
7.437500,1,25,1799.18,3.3506,0.14599,27.51,50.052,4.153,207.87,24.573,23.992,0.010435,0.026133,0.011360,7.952,22.116
7.441406,1,25,1803.20,3.4372,0.14726,27.81,50.060,3.946,197.52,24.574,23.993,-0.012519,-0.020550,0.011353,7.803,22.116
7.445313,1,25,1794.54,3.4225,0.15561,29.24,50.066,3.976,199.05,24.576,23.994,-0.016389,-0.014535,0.003822,7.780,22.116
7.449219,1,25,1798.22,3.3629,0.14526,27.35,50.088,4.057,203.20,24.577,23.995,0.022680,0.004347,-0.008321,7.859,22.116
7.453125,1,25,1796.37,3.3252,0.14628,27.52,50.083,3.987,199.68,24.578,23.995,0.030143,0.019620,0.008389,7.839,22.116
7.457031,1,25,1804.53,3.4376,0.15163,28.65,50.054,4.034,201.90,24.579,23.996,0.020006,-0.001807,-0.010532,7.774,22.116
7.460938,1,25,1804.05,3.4241,0.14951,28.25,50.058,4.045,202.50,24.581,23.997,0.008089,0.001660,-0.014066,7.791,22.116
7.464844,1,25,1799.09,3.3345,0.14740,27.77,50.060,3.969,198.71,24.582,23.998,-0.028404,0.005427,-0.015159,7.829,22.117
7.468750,1,25,1802.12,3.3612,0.14455,27.28,50.069,4.086,204.60,24.583,23.999,0.009040,0.000482,-0.016462,7.752,22.117
7.472656,1,25,1808.43,3.3539,0.14658,27.76,50.068,4.080,204.30,24.584,24.000,0.025825,0.002905,-0.003710,7.876,22.117
7.476563,1,25,1803.98,3.4138,0.14246,26.91,50.077,4.125,206.55,24.585,24.000,-0.027880,-0.000884,-0.012496,8.010,22.117
7.480469,1,25,1804.16,3.4164,0.14983,28.31,50.096,4.007,200.74,24.587,24.001,-0.009449,0.007254,-0.005672,7.938,22.117
7.484375,1,25,1800.80,3.3956,0.14247,26.87,50.073,4.148,207.68,24.588,24.002,-0.009239,-0.022461,0.011409,7.959,22.117
7.488281,1,25,1796.46,3.4030,0.15202,28.60,50.106,3.933,197.04,24.589,24.003,0.031152,0.011922,0.000330,7.892,22.117
7.492188,1,25,1799.58,3.4373,0.13641,25.71,50.079,4.028,201.70,24.590,24.004,-0.021702,-0.007421,-0.001654,7.851,22.117
7.496094,1,25,1801.44,3.3443,0.13671,25.79,50.065,4.046,202.54,24.592,24.004,0.022461,0.026093,0.013618,7.756,22.117
7.500000,1,25,1805.26,3.4087,0.14723,27.83,50.056,4.186,209.55,24.593,24.005,-0.018447,-0.019739,0.008194,7.846,22.117
7.503906,1,25,1808.82,3.4732,0.13805,26.15,50.049,4.096,205.01,24.594,24.006,0.029313,0.006640,-0.003917,7.852,22.117
7.507813,1,25,1796.63,3.3490,0.14769,27.79,50.077,4.061,203.38,24.595,24.007,-0.022642,0.002204,-0.012677,7.780,22.117
7.511719,1,25,1807.28,3.5316,0.15174,28.72,50.075,3.953,197.97,24.597,24.008,0.024438,0.001480,-0.011948,7.968,22.117
7.515625,1,25,1804.70,3.3553,0.14938,28.23,50.078,3.987,199.68,24.598,24.009,0.020910,0.026751,0.016042,7.978,22.117
7.519531,1,25,1800.09,3.3793,0.14680,27.67,50.064,4.099,205.21,24.599,24.009,-0.013219,-0.028451,0.013194,7.874,22.117
7.523438,1,25,1803.25,3.3774,0.14011,26.46,50.062,4.016,201.03,24.600,24.010,0.030046,0.025500,0.013441,7.970,22.117
7.527344,1,25,1800.08,3.3441,0.13696,25.82,50.064,4.089,204.72,24.601,24.011,-0.023089,0.004977,-0.012669,7.841,22.117
7.531250,1,25,1799.86,3.4032,0.14046,26.47,50.054,4.124,206.41,24.603,24.012,-0.012164,0.004251,-0.006451,7.748,22.117
7.535156,1,25,1803.72,3.3539,0.15890,30.01,50.036,4.130,206.66,24.604,24.013,-0.006910,-0.020253,0.010335,7.769,22.117
7.539063,1,25,1791.92,3.3459,0.14643,27.48,50.086,3.954,198.07,24.605,24.014,0.032759,0.018284,0.006436,7.860,22.118
7.542969,1,25,1796.26,3.3545,0.15131,28.46,50.063,4.048,202.64,24.606,24.014,-0.026603,-0.000520,-0.013412,7.954,22.118
7.546875,1,25,1802.29,3.4107,0.14085,26.58,50.043,4.141,207.25,24.608,24.015,-0.018502,-0.011262,0.002161,7.907,22.118
7.550781,1,25,1795.49,3.3493,0.14255,26.80,50.046,4.013,200.84,24.609,24.016,-0.006179,0.008178,-0.003017,7.961,22.118
7.554688,1,25,1809.59,3.4984,0.15846,30.03,50.047,4.127,206.56,24.610,24.017,-0.023716,0.003608,-0.012088,7.866,22.118
7.558594,1,25,1803.22,3.4721,0.14862,28.07,50.054,3.995,199.97,24.611,24.018,0.033103,0.016499,0.006234,7.793,22.118
7.562500,1,25,1796.28,3.4141,0.14058,26.44,50.058,3.853,192.87,24.612,24.018,0.000320,-0.005099,-0.006621,7.689,22.118
7.566406,1,25,1797.63,3.4111,0.14690,27.65,50.077,3.933,196.96,24.613,24.019,-0.020586,-0.009771,0.000756,7.813,22.118
7.570313,1,25,1798.39,3.4245,0.15723,29.61,50.074,3.995,200.05,24.615,24.020,-0.015899,0.002737,-0.009660,7.844,22.118
7.574219,1,25,1808.30,3.3420,0.14567,27.59,50.056,4.023,201.37,24.616,24.021,0.017729,-0.001422,-0.012568,7.817,22.118
7.578125,1,25,1795.35,3.4179,0.14215,26.73,50.057,4.045,202.50,24.617,24.021,-0.022896,-0.002528,-0.008249,7.757,22.118
7.582031,1,25,1793.10,3.3627,0.14162,26.59,50.050,3.952,197.80,24.618,24.022,-0.010260,-0.024598,0.014799,7.938,22.118
7.585938,1,25,1793.72,3.3715,0.14845,27.88,50.041,4.130,206.68,24.619,24.023,-0.026946,-0.002421,-0.010035,7.856,22.118
7.589844,1,25,1800.16,3.3590,0.14911,28.11,50.065,4.030,201.76,24.621,24.024,-0.021232,-0.007216,-0.003658,7.898,22.118
7.593750,1,25,1799.81,3.3144,0.14197,26.76,50.074,4.035,202.02,24.622,24.025,-0.024379,0.004251,-0.014510,7.791,22.118
7.597656,1,25,1799.03,3.3827,0.14783,27.85,50.093,3.954,198.05,24.623,24.025,-0.026555,0.000614,-0.016203,7.857,22.118
7.601563,1,25,1799.28,3.3721,0.14645,27.59,50.079,4.076,204.15,24.624,24.026,-0.003571,0.009328,0.002950,7.792,22.118
7.605469,1,25,1795.54,3.2860,0.13726,25.81,50.091,4.007,200.72,24.625,24.027,-0.010003,-0.027327,0.012053,7.888,22.118
7.609375,1,25,1800.70,3.5224,0.13315,25.11,50.081,4.010,200.81,24.627,24.028,0.003653,-0.000905,-0.014043,7.856,22.118
7.613281,1,25,1803.52,3.3863,0.15068,28.46,50.072,4.060,203.30,24.628,24.029,-0.025686,0.001068,-0.016504,7.803,22.119
7.617188,1,25,1800.64,3.4124,0.13406,25.28,50.092,3.914,196.05,24.629,24.029,-0.009128,-0.027932,0.015076,7.906,22.119
7.621094,1,25,1802.04,3.2776,0.14753,27.84,50.072,4.115,206.06,24.630,24.030,-0.018270,0.000160,-0.009485,7.832,22.119
7.625000,1,25,1796.05,3.3801,0.15126,28.45,50.051,3.989,199.63,24.631,24.031,0.025671,0.000668,-0.007291,7.828,22.119
7.628906,1,25,1807.75,3.5096,0.14850,28.11,50.070,4.115,206.04,24.633,24.032,-0.024597,0.003545,-0.014112,7.781,22.119
7.632813,1,25,1796.85,3.3475,0.15493,29.15,50.060,3.994,199.92,24.634,24.033,-0.008132,-0.027713,0.015726,7.814,22.119
7.636719,1,25,1801.63,3.4691,0.14666,27.67,50.055,4.081,204.27,24.635,24.033,0.015231,0.001235,-0.014918,7.808,22.119
7.640625,1,25,1791.92,3.3160,0.15079,28.30,50.055,4.073,203.85,24.636,24.034,0.030221,0.015468,0.002187,7.846,22.119
7.644531,1,25,1797.35,3.4610,0.14600,27.48,50.066,3.985,199.51,24.637,24.035,0.006182,0.014640,0.006624,7.809,22.119
7.648438,1,25,1803.35,3.5032,0.14326,27.05,50.070,4.020,201.30,24.638,24.036,-0.022263,0.001722,-0.008989,7.822,22.119
7.652344,1,25,1795.86,3.3680,0.14462,27.20,50.086,3.983,199.48,24.640,24.036,0.016502,0.024649,0.014532,7.719,22.119
7.656250,1,25,1800.22,3.4371,0.15108,28.48,50.077,4.030,201.82,24.641,24.037,-0.020837,-0.004286,-0.003372,7.778,22.119
7.660156,1,25,1799.74,3.4621,0.14393,27.13,50.077,3.951,197.88,24.642,24.038,-0.027891,0.000251,-0.012604,7.902,22.119
7.664063,1,25,1803.18,3.4259,0.14512,27.40,50.086,3.979,199.27,24.643,24.039,0.009167,-0.001110,-0.012832,7.778,22.119
7.667969,1,25,1798.94,3.4171,0.14512,27.34,50.070,3.992,199.85,24.644,24.040,-0.016587,0.002220,-0.008103,7.854,22.119
7.671875,1,25,1804.10,3.3785,0.14343,27.10,50.037,4.135,206.90,24.645,24.040,-0.021032,-0.015398,0.003380,7.909,22.119
7.675781,1,25,1796.71,3.4096,0.15400,28.98,50.073,4.101,205.36,24.647,24.041,-0.019471,-0.003119,-0.010658,7.762,22.119
7.679688,1,25,1797.54,3.3314,0.14689,27.65,50.091,3.983,199.50,24.648,24.042,0.026658,0.025381,0.015862,7.723,22.119
7.683594,1,25,1806.50,3.3985,0.13825,26.15,50.054,3.952,197.81,24.649,24.043,0.009273,-0.001145,-0.014202,7.884,22.119
7.687500,1,25,1800.92,3.4251,0.14301,26.97,50.074,3.984,199.50,24.650,24.043,-0.023162,-0.000067,-0.005764,7.802,22.120
7.691406,1,25,1807.65,3.3655,0.15002,28.40,50.076,4.067,203.66,24.651,24.044,-0.023650,-0.004825,-0.002854,7.839,22.120
7.695313,1,25,1799.83,3.3414,0.15574,29.35,50.072,4.014,200.98,24.653,24.045,-0.025525,0.002864,-0.013228,7.781,22.120
7.699219,1,25,1804.37,3.3687,0.15568,29.42,50.033,4.058,203.01,24.654,24.046,-0.004822,-0.025040,0.014296,7.873,22.120
7.703125,1,25,1803.49,3.4571,0.15395,29.07,50.060,4.121,206.30,24.655,24.047,-0.010493,-0.024186,0.013744,7.923,22.120
7.707031,1,25,1801.24,3.4124,0.15460,29.16,50.089,4.038,202.26,24.656,24.047,0.006947,0.001189,-0.012165,7.880,22.120
7.710938,1,25,1807.67,3.3772,0.15148,28.68,50.054,4.061,203.27,24.657,24.048,0.011679,-0.000889,-0.015043,7.763,22.120
7.714844,1,25,1796.76,3.3251,0.15477,29.12,50.098,3.923,196.51,24.658,24.049,0.014182,0.024662,0.011369,7.894,22.120
7.718750,1,25,1798.76,3.2944,0.14530,27.37,50.068,4.004,200.48,24.660,24.050,-0.002294,-0.001429,-0.009121,7.805,22.120
7.722656,1,25,1803.35,3.4019,0.14654,27.67,50.080,3.866,193.59,24.661,24.050,0.027996,0.024976,0.014009,7.782,22.120
7.726563,1,25,1803.41,3.5000,0.14738,27.83,50.070,4.039,202.25,24.662,24.051,0.025079,0.003284,-0.007570,7.807,22.120
7.730469,1,25,1803.35,3.3830,0.14660,27.69,50.049,4.022,201.29,24.663,24.052,0.009154,-0.001567,-0.015063,7.859,22.120
7.734375,1,25,1802.60,3.3589,0.14660,27.67,50.056,3.948,197.64,24.664,24.053,0.006599,-0.000661,-0.015115,7.834,22.120
7.738281,1,25,1799.36,3.3927,0.14876,28.03,50.073,3.936,197.11,24.665,24.053,0.024186,0.028440,0.012192,7.827,22.120
7.742188,1,25,1801.76,3.4016,0.15072,28.44,50.071,4.104,205.47,24.666,24.054,-0.007101,-0.016634,0.005882,7.880,22.120
7.746094,1,25,1799.23,3.3346,0.14982,28.23,50.068,4.018,201.17,24.668,24.055,0.019836,0.000922,-0.012167,7.789,22.120
7.750000,1,25,1801.77,3.4926,0.14373,27.12,50.067,4.086,204.58,24.669,24.056,-0.022156,-0.002265,-0.004839,7.786,22.120
7.753906,1,25,1802.47,3.4795,0.14754,27.85,50.060,4.105,205.48,24.670,24.057,-0.012580,0.007372,0.000479,7.825,22.120
7.757813,1,25,1799.49,3.3816,0.15148,28.55,50.069,3.982,199.37,24.671,24.057,-0.017070,-0.018096,0.003149,7.775,22.120
7.761719,1,25,1805.93,3.4308,0.14002,26.48,50.080,4.065,203.58,24.672,24.058,-0.011948,-0.025690,0.013829,7.827,22.121
7.765625,1,25,1798.06,3.4425,0.14195,26.73,50.092,4.011,200.93,24.674,24.059,-0.019083,-0.006397,-0.002884,7.772,22.121
7.769531,1,25,1803.34,3.4582,0.14788,27.93,50.088,4.020,201.37,24.675,24.060,-0.006192,-0.022817,0.010009,7.835,22.121
7.773438,1,25,1802.35,3.4293,0.14225,26.85,50.074,3.962,198.37,24.676,24.060,-0.004542,-0.019913,0.005416,7.877,22.121
7.777344,1,25,1799.89,3.3659,0.14655,27.62,50.071,3.989,199.73,24.677,24.061,0.015960,0.000202,-0.011627,7.829,22.121
7.781250,1,25,1789.83,3.2796,0.13450,25.21,50.083,4.057,203.18,24.678,24.062,0.029614,0.022673,0.014329,7.770,22.121
7.785156,1,25,1794.42,3.4379,0.13968,26.25,50.062,3.926,196.54,24.679,24.063,-0.026582,0.004520,-0.014208,7.758,22.121
7.789063,1,25,1803.15,3.4321,0.14595,27.56,50.060,3.980,199.24,24.680,24.063,0.025309,0.029374,0.015081,7.937,22.121
7.792969,1,25,1800.15,3.4654,0.14745,27.80,50.081,4.003,200.46,24.682,24.064,-0.026207,0.001606,-0.013535,7.881,22.121
7.796875,1,25,1789.34,3.3256,0.14980,28.07,50.073,3.910,195.77,24.683,24.065,-0.007426,-0.022340,0.009154,7.749,22.121
7.800781,1,25,1804.69,3.3810,0.15920,30.09,50.063,4.157,208.09,24.684,24.066,-0.011161,-0.021057,0.010923,7.821,22.121
7.804688,1,25,1794.85,3.3730,0.13917,26.16,50.070,4.094,204.97,24.685,24.066,-0.003866,-0.012029,0.002272,7.866,22.121
7.808594,1,25,1797.18,3.4991,0.14509,27.31,50.091,3.930,196.85,24.686,24.067,-0.019324,0.002393,-0.007221,7.849,22.121
7.812500,1,25,1798.66,3.4761,0.14140,26.63,50.069,4.050,202.80,24.687,24.068,0.028845,0.010738,0.000126,7.756,22.121
7.816406,1,25,1801.47,3.4511,0.14653,27.64,50.072,3.980,199.31,24.688,24.069,-0.018622,-0.013836,0.003870,7.751,22.121
7.820313,1,25,1802.74,3.3977,0.13918,26.28,50.051,4.117,206.08,24.690,24.069,-0.000710,0.012108,0.002713,7.806,22.121
7.824219,1,25,1803.99,3.4079,0.14395,27.19,50.069,3.990,199.78,24.691,24.070,0.024329,0.003738,-0.006764,7.892,22.121
7.828125,1,25,1798.31,3.3790,0.15020,28.29,50.046,4.076,204.00,24.692,24.071,-0.011054,-0.026280,0.012097,7.751,22.121
7.832031,1,25,1802.26,3.4153,0.15669,29.57,50.092,4.011,200.92,24.693,24.072,0.022372,0.002014,-0.010434,7.877,22.121
7.835938,1,25,1797.16,3.3704,0.15264,28.73,50.081,3.989,199.78,24.694,24.073,-0.020790,-0.008755,-0.002520,7.750,22.122
7.839844,1,25,1793.22,3.4071,0.14710,27.62,50.065,3.956,198.05,24.695,24.073,0.015575,-0.003525,-0.013305,7.905,22.122
7.843750,1,25,1796.81,3.3884,0.14738,27.73,50.046,3.995,199.93,24.697,24.074,-0.020389,-0.001204,-0.008660,7.873,22.122
7.847656,1,25,1805.71,3.4582,0.14630,27.67,50.069,4.082,204.41,24.698,24.075,0.032125,0.016416,0.006274,7.830,22.122
7.851563,1,25,1800.61,3.3666,0.14081,26.55,50.078,4.089,204.77,24.699,24.076,-0.011026,-0.023489,0.010548,7.876,22.122
7.855469,1,25,1803.39,3.3795,0.14751,27.86,50.094,3.957,198.22,24.700,24.076,0.028474,0.025473,0.014007,7.871,22.122
7.859375,1,25,1803.41,3.3902,0.15157,28.62,50.033,4.117,205.96,24.701,24.077,0.025819,0.004135,-0.005805,7.831,22.122
7.863281,1,25,1806.31,3.3251,0.14332,27.11,50.056,4.003,200.36,24.702,24.078,-0.024192,-0.007888,-0.003137,7.913,22.122
7.867188,1,25,1792.43,3.3753,0.14706,27.60,50.046,4.079,204.13,24.704,24.079,0.010084,0.021617,0.011658,7.799,22.122
7.871094,1,25,1800.01,3.4290,0.13460,25.37,50.097,3.980,199.40,24.705,24.079,0.030605,0.021653,0.013347,7.736,22.122
7.875000,1,25,1796.75,3.3501,0.14277,26.86,50.061,4.008,200.64,24.706,24.080,-0.025013,0.000671,-0.014876,7.874,22.122
7.878906,1,25,1801.91,3.3916,0.15178,28.64,50.054,4.077,204.05,24.707,24.081,-0.015006,-0.023112,0.011211,7.917,22.122
7.882813,1,25,1800.57,3.4276,0.15344,28.93,50.052,4.025,201.45,24.708,24.082,-0.008559,-0.025725,0.014816,7.783,22.122
7.886719,1,25,1799.94,3.3355,0.14019,26.42,50.045,4.064,203.37,24.709,24.082,-0.009708,-0.024700,0.012328,7.786,22.122
7.890625,1,25,1802.14,3.3212,0.13849,26.14,50.072,4.007,200.62,24.710,24.083,0.005160,0.020158,0.007917,7.732,22.122
7.894531,1,25,1793.82,3.3623,0.14490,27.22,50.092,4.034,202.07,24.712,24.084,0.010846,0.018328,0.009273,7.658,22.122
7.898438,1,25,1800.58,3.3782,0.13227,24.94,50.061,3.923,196.39,24.713,24.085,0.011446,0.025640,0.012680,7.853,22.122
7.902344,1,25,1794.91,3.2577,0.14099,26.50,50.092,3.918,196.28,24.714,24.085,0.002953,-0.003177,-0.010506,7.937,22.122
7.906250,1,25,1797.72,3.3921,0.14428,27.16,50.089,3.994,200.04,24.715,24.086,-0.021667,-0.000501,-0.012608,7.665,22.122
7.910156,1,25,1799.79,3.3196,0.14875,28.04,50.080,4.104,205.51,24.716,24.087,0.021098,0.000745,-0.012822,7.806,22.122
7.914063,1,25,1795.18,3.3471,0.14312,26.91,50.078,4.049,202.77,24.717,24.088,-0.029035,0.000658,-0.011138,7.825,22.123
7.917969,1,25,1806.66,3.4522,0.15298,28.94,50.070,3.987,199.63,24.718,24.088,0.002842,-0.002077,-0.006293,7.857,22.123
7.921875,1,25,1796.94,3.2962,0.14640,27.55,50.083,4.044,202.52,24.720,24.089,0.022197,0.002213,-0.006175,7.817,22.123
7.925781,1,25,1800.07,3.3253,0.14928,28.14,50.033,4.125,206.39,24.721,24.090,-0.025792,-0.001364,-0.012039,7.696,22.123
7.929688,1,25,1796.43,3.3316,0.15651,29.44,50.071,4.077,204.14,24.722,24.091,0.000250,-0.006963,-0.003916,7.899,22.123
7.933594,1,25,1804.53,3.4458,0.14499,27.40,50.054,4.045,202.48,24.723,24.091,-0.008372,-0.026439,0.015240,7.826,22.123
7.937500,1,25,1802.54,3.2981,0.14246,26.89,50.068,3.978,199.17,24.724,24.092,-0.004122,-0.008836,0.002432,7.718,22.123
7.941406,1,25,1802.70,3.4850,0.15887,29.99,50.048,4.134,206.90,24.725,24.093,-0.009592,-0.027570,0.012453,7.907,22.123
7.945313,1,25,1799.18,3.5258,0.14309,26.96,50.111,3.936,197.23,24.726,24.094,0.023156,0.002377,-0.008113,7.745,22.123
7.949219,1,25,1794.15,3.3024,0.14354,26.97,50.077,3.862,193.41,24.727,24.094,-0.021860,-0.007001,-0.002791,7.920,22.123
7.953125,1,25,1797.84,3.4025,0.15300,28.81,50.079,3.982,199.43,24.729,24.095,0.011992,0.000684,-0.011511,7.958,22.123
7.957031,1,25,1804.92,3.3700,0.14157,26.76,50.037,4.001,200.19,24.730,24.096,0.007176,-0.002779,-0.012949,7.815,22.123
7.960938,1,25,1801.05,3.3698,0.14288,26.95,50.063,4.021,201.32,24.731,24.096,-0.006671,0.011359,0.003823,7.796,22.123
7.964844,1,25,1799.57,3.5477,0.14572,27.46,50.070,4.018,201.18,24.732,24.097,-0.020664,0.000604,-0.011144,7.769,22.123
7.968750,1,25,1801.27,3.4092,0.15315,28.89,50.088,4.024,201.53,24.733,24.098,0.025986,0.003539,-0.005716,7.836,22.123
7.972656,1,25,1802.54,3.3015,0.14552,27.47,50.065,4.030,201.77,24.734,24.099,-0.007433,-0.022366,0.009961,7.919,22.123
7.976563,1,25,1806.83,3.3885,0.14525,27.48,50.050,4.036,202.01,24.735,24.099,0.028334,0.009513,-0.001742,7.860,22.123
7.980469,1,25,1797.83,3.4208,0.14921,28.09,50.078,4.031,201.89,24.737,24.100,0.030158,0.019189,0.011403,7.724,22.123
7.984375,1,25,1798.32,3.4027,0.14486,27.28,50.050,4.070,203.70,24.738,24.101,0.012386,-0.000606,-0.013743,7.808,22.123
7.988281,1,25,1792.80,3.3072,0.14441,27.11,50.052,4.049,202.65,24.739,24.102,-0.018667,-0.010615,0.001172,7.831,22.124
7.992188,1,25,1801.75,3.3591,0.14780,27.89,50.054,4.142,207.33,24.740,24.102,0.004725,0.017662,0.008329,7.911,22.124
7.996094,1,25,1800.00,3.4573,0.14325,27.00,50.056,3.982,199.32,24.741,24.103,-0.019017,0.003852,-0.012081,7.933,22.124
8.000000,0,0,1787.53,3.3373,0.13937,26.09,50.062,4.091,204.81,24.742,24.104,0.007757,-0.000264,-0.012695,7.781,22.124
8.003906,0,0,1777.71,3.3122,0.14050,26.16,50.073,4.031,201.86,24.743,24.105,0.028997,0.019806,0.008127,7.634,22.124
8.007813,0,0,1769.23,3.2314,0.14665,27.17,50.088,4.026,201.64,24.745,24.105,0.028955,0.025100,0.013197,7.610,22.124
8.011719,0,0,1760.56,3.1977,0.13883,25.59,50.067,3.982,199.34,24.746,24.106,0.025605,0.024088,0.013540,7.651,22.124
8.015625,0,0,1759.32,3.2045,0.14515,26.74,50.058,4.029,201.69,24.747,24.107,0.015988,0.022378,0.013237,7.652,22.124
8.019531,0,0,1744.06,3.1952,0.12838,23.45,50.077,3.874,193.97,24.748,24.107,0.028633,0.024699,0.014257,7.681,22.124
8.023438,0,0,1733.10,3.2248,0.12637,22.93,50.097,3.844,192.59,24.749,24.108,-0.023866,-0.001207,-0.010118,7.557,22.124
8.027344,0,0,1724.13,3.0669,0.13743,24.81,50.059,3.898,195.13,24.750,24.109,-0.013746,-0.012999,0.004510,7.489,22.124
8.031250,0,0,1720.33,3.1422,0.13884,25.01,50.085,3.808,190.72,24.751,24.109,0.022189,-0.000915,-0.011640,7.598,22.124
8.035156,0,0,1708.75,3.0543,0.13058,23.37,50.072,3.928,196.70,24.752,24.110,-0.024092,-0.000496,-0.015311,7.533,22.124
8.039063,0,0,1695.25,3.0477,0.12171,21.61,50.074,3.838,192.19,24.753,24.111,0.029606,0.020811,0.011269,7.244,22.124
8.042969,0,0,1682.90,3.0000,0.12868,22.68,50.095,3.759,188.30,24.754,24.111,-0.011681,-0.025214,0.012771,7.298,22.124
8.046875,0,0,1674.55,3.0241,0.11664,20.45,50.086,3.732,186.93,24.755,24.112,-0.009416,-0.025002,0.012142,7.446,22.124
8.050781,0,0,1666.71,2.8934,0.11745,20.50,50.102,3.630,181.85,24.756,24.112,-0.012017,-0.022897,0.010170,7.199,22.124
8.054688,0,0,1653.25,2.8588,0.13177,22.81,50.112,3.705,185.65,24.757,24.113,-0.007968,0.003382,-0.001077,7.127,22.124
8.058594,0,0,1648.26,2.8070,0.11916,20.57,50.100,3.641,182.42,24.757,24.113,0.001975,0.000281,-0.011353,7.138,22.124
8.062500,0,0,1633.49,2.8754,0.11156,19.08,50.096,3.740,187.34,24.758,24.114,-0.006066,-0.019152,0.005172,7.081,22.124
8.066406,0,0,1636.97,2.8159,0.12426,21.30,50.075,3.735,187.04,24.759,24.115,0.021587,0.025427,0.013554,7.191,22.125
8.070313,0,0,1614.43,2.6507,0.11926,20.16,50.096,3.546,177.65,24.760,24.115,0.030087,0.017976,0.010059,7.124,22.125
8.074219,0,0,1609.48,2.7482,0.11989,20.21,50.091,3.591,179.86,24.761,24.115,-0.011356,-0.024540,0.011958,7.051,22.125
8.078125,0,0,1609.07,2.7553,0.12723,21.44,50.101,3.607,180.71,24.762,24.116,-0.012571,-0.017794,0.008371,7.044,22.125
8.082031,0,0,1590.10,2.6066,0.11380,18.95,50.079,3.505,175.51,24.763,24.116,0.029133,0.009840,0.003715,6.856,22.125
8.085938,0,0,1586.01,2.5897,0.11702,19.44,50.110,3.617,181.26,24.764,24.117,-0.023324,-0.002797,-0.005609,6.842,22.125
8.089844,0,0,1578.20,2.6596,0.11799,19.50,50.091,3.617,181.16,24.764,24.117,-0.026347,-0.000760,-0.011540,6.911,22.125
8.093750,0,0,1558.35,2.5057,0.09935,16.21,50.103,3.436,172.15,24.765,24.118,0.026829,0.005790,-0.003727,6.661,22.125
8.097656,0,0,1552.35,2.5414,0.11137,18.11,50.110,3.465,173.64,24.766,24.118,-0.006869,-0.015449,0.008381,6.662,22.125
8.101563,0,0,1540.58,2.4834,0.11138,17.97,50.108,3.512,175.97,24.767,24.119,0.009035,0.021328,0.010271,6.764,22.125
8.105469,0,0,1545.68,2.4314,0.10878,17.61,50.121,3.486,174.71,24.767,24.119,-0.021427,0.001226,-0.012452,6.631,22.125
8.109375,0,0,1536.49,2.4519,0.10900,17.54,50.111,3.442,172.50,24.768,24.120,-0.014742,-0.014584,0.004966,6.731,22.125
8.113281,0,0,1522.05,2.4567,0.10762,17.15,50.128,3.464,173.66,24.769,24.120,-0.024792,-0.001190,-0.011375,6.634,22.125
8.117188,0,0,1514.82,2.3786,0.10191,16.17,50.124,3.287,164.74,24.770,24.120,-0.008370,0.008282,-0.002004,6.566,22.125
8.121094,0,0,1498.94,2.3551,0.11508,18.06,50.115,3.406,170.69,24.770,24.121,-0.016850,0.003240,-0.008007,6.486,22.125
8.125000,0,0,1498.83,2.2635,0.10000,15.70,50.111,3.397,170.24,24.771,24.121,-0.003013,0.011840,0.002263,6.411,22.125
8.128906,0,0,1493.40,2.3660,0.09778,15.29,50.120,3.396,170.20,24.772,24.121,0.005988,-0.000881,-0.011048,6.581,22.125
8.132813,0,0,1481.37,2.2803,0.09863,15.30,50.129,3.304,165.61,24.772,24.122,-0.020608,0.002670,-0.011596,6.527,22.125
8.136719,0,0,1472.06,2.2837,0.09936,15.32,50.142,3.326,166.79,24.773,24.122,-0.010381,-0.020427,0.009344,6.433,22.125
8.140625,0,0,1469.12,2.1628,0.10278,15.81,50.107,3.330,166.87,24.774,24.122,0.009413,-0.001332,-0.008407,6.423,22.126
8.144531,0,0,1462.47,2.2373,0.09372,14.35,50.128,3.300,165.40,24.774,24.123,-0.003049,-0.018856,0.010267,6.282,22.126
8.148438,0,0,1450.71,2.2952,0.09756,14.82,50.101,3.382,169.44,24.775,24.123,0.008423,0.017028,0.010798,6.412,22.126
8.152344,0,0,1441.09,2.0821,0.09800,14.79,50.134,3.354,168.14,24.776,24.123,-0.023331,0.000739,-0.011201,6.289,22.126
8.156250,0,0,1439.02,2.1665,0.09638,14.52,50.117,3.241,162.42,24.776,24.124,-0.011641,-0.019294,0.009397,6.233,22.126
8.160156,0,0,1418.81,2.2236,0.09344,13.88,50.117,3.275,164.13,24.777,24.124,-0.004948,0.009235,0.000919,6.132,22.126
8.164063,0,0,1408.86,2.1244,0.09105,13.43,50.137,3.190,159.93,24.778,24.124,-0.015401,-0.007945,0.001650,6.167,22.126
8.167969,0,0,1405.78,2.0563,0.08869,13.06,50.140,3.082,154.55,24.778,24.124,0.004177,0.000519,-0.010321,6.225,22.126
8.171875,0,0,1406.85,2.1100,0.08701,12.82,50.145,3.244,162.69,24.779,24.125,-0.011171,-0.020204,0.011828,5.989,22.126
8.175781,0,0,1394.54,2.1186,0.07588,11.08,50.129,3.131,156.93,24.779,24.125,0.013511,0.017368,0.006633,6.080,22.126
8.179688,0,0,1377.78,2.0010,0.09431,13.61,50.141,3.236,162.27,24.780,24.125,-0.020335,0.003275,-0.012721,6.004,22.126
8.183594,0,0,1375.51,1.9616,0.08997,12.96,50.111,3.137,157.18,24.780,24.125,-0.010977,-0.021342,0.013229,6.028,22.126
8.187500,0,0,1370.82,1.9683,0.08443,12.12,50.147,3.010,150.96,24.781,24.126,0.016383,0.022550,0.010965,5.989,22.126
8.191406,0,0,1364.28,1.9837,0.08836,12.62,50.160,3.080,154.48,24.781,24.126,0.022230,0.002481,-0.007190,5.918,22.126
8.195313,0,0,1352.18,1.9082,0.08455,11.97,50.155,3.032,152.05,24.782,24.126,-0.014588,-0.006574,0.000262,5.783,22.126
8.199219,0,0,1351.25,1.9054,0.07637,10.81,50.132,3.096,155.19,24.782,24.126,-0.011141,-0.016020,0.006089,5.871,22.126
8.203125,0,0,1342.31,1.9150,0.07339,10.32,50.115,3.132,156.97,24.783,24.126,-0.005875,-0.020966,0.008695,5.912,22.126
8.207031,0,0,1332.19,1.8802,0.07639,10.66,50.125,3.069,153.81,24.783,24.127,0.018983,0.005122,-0.004626,5.853,22.126
8.210938,0,0,1323.40,1.7731,0.08309,11.52,50.150,3.162,158.56,24.784,24.127,0.020488,0.019129,0.011317,5.714,22.126
8.214844,0,0,1316.09,1.7602,0.08586,11.83,50.178,2.921,146.55,24.784,24.127,0.025921,0.010508,0.001386,5.768,22.126
8.218750,0,0,1314.63,1.8630,0.06903,9.50,50.144,2.986,149.75,24.785,24.127,0.017774,0.020150,0.008212,5.607,22.127
8.222656,0,0,1299.57,1.7048,0.07585,10.32,50.135,2.973,149.06,24.785,24.127,0.024284,0.020167,0.011179,5.631,22.127
8.226563,0,0,1293.19,1.7008,0.07137,9.66,50.144,2.945,147.68,24.786,24.127,0.012259,-0.002522,-0.010004,5.571,22.127
8.230469,0,0,1288.95,1.8699,0.08100,10.93,50.152,3.057,153.30,24.786,24.128,-0.019955,-0.000857,-0.010050,5.660,22.127
8.234375,0,0,1279.74,1.6456,0.06836,9.16,50.141,3.032,152.01,24.787,24.128,-0.009643,-0.019414,0.009569,5.654,22.127
8.238281,0,0,1274.50,1.7962,0.06561,8.76,50.165,3.137,157.34,24.787,24.128,0.003273,0.014344,0.006142,5.420,22.127
8.242188,0,0,1267.03,1.7650,0.07145,9.48,50.161,2.877,144.32,24.788,24.128,0.009290,0.019579,0.008943,5.450,22.127
8.246094,0,0,1260.33,1.5568,0.08157,10.77,50.169,2.918,146.37,24.788,24.128,0.024250,0.004408,-0.003966,5.527,22.127
8.250000,0,0,1254.13,1.7174,0.06944,9.12,50.169,2.908,145.89,24.788,24.128,0.000847,-0.005749,-0.001523,5.551,22.127
8.253906,0,0,1248.10,1.5766,0.06997,9.15,50.143,2.947,147.79,24.789,24.128,-0.017268,-0.010676,0.003011,5.508,22.127
8.257813,0,0,1238.16,1.7085,0.06486,8.41,50.182,2.941,147.57,24.789,24.128,-0.002891,-0.002240,-0.004255,5.455,22.127
8.261719,0,0,1228.31,1.5243,0.06276,8.07,50.156,2.864,143.62,24.790,24.129,0.025025,0.018571,0.008464,5.376,22.127
8.265625,0,0,1233.70,1.7249,0.06743,8.71,50.159,3.024,151.67,24.790,24.129,-0.003011,0.009253,-0.002543,5.222,22.127
8.269531,0,0,1222.30,1.5775,0.06702,8.58,50.149,2.898,145.34,24.790,24.129,-0.005137,-0.010850,-0.000970,5.385,22.127
8.273438,0,0,1208.93,1.5096,0.05887,7.45,50.169,2.869,143.95,24.791,24.129,-0.013798,-0.006295,-0.000555,5.258,22.127
8.277344,0,0,1206.35,1.5529,0.05900,7.45,50.170,2.895,145.22,24.791,24.129,0.000053,-0.001040,-0.007041,5.132,22.127
8.281250,0,0,1197.47,1.5096,0.06332,7.94,50.173,2.774,139.16,24.792,24.129,0.013770,0.001667,-0.007986,5.255,22.127
8.285156,0,0,1191.31,1.5634,0.05655,7.06,50.174,2.883,144.66,24.792,24.129,-0.003400,-0.013832,0.006053,5.297,22.127
8.289063,0,0,1183.06,1.4197,0.06119,7.58,50.163,2.943,147.61,24.792,24.129,-0.000029,-0.006445,-0.000289,5.178,22.127
8.292969,0,0,1169.07,1.4979,0.06640,8.13,50.163,2.647,132.77,24.793,24.129,-0.006415,-0.021593,0.013768,5.144,22.127
8.296875,0,0,1170.18,1.4540,0.06201,7.60,50.170,2.800,140.49,24.793,24.129,-0.019605,-0.002019,-0.007751,5.096,22.128
8.300781,0,0,1160.69,1.3609,0.06373,7.75,50.169,2.772,139.06,24.793,24.129,-0.007934,-0.017004,0.008827,5.099,22.128
8.304688,0,0,1164.04,1.3419,0.06624,8.07,50.184,2.600,130.48,24.793,24.129,0.020783,0.017622,0.010110,4.971,22.128
8.308594,0,0,1154.70,1.3491,0.06072,7.34,50.193,2.745,137.79,24.794,24.129,-0.013428,0.001220,-0.007050,5.090,22.128
8.312500,0,0,1147.51,1.2867,0.05225,6.28,50.188,2.821,141.59,24.794,24.129,0.002246,0.008096,0.002943,5.041,22.128
8.316406,0,0,1138.29,1.3871,0.06283,7.49,50.205,2.590,130.01,24.794,24.129,-0.019403,-0.001757,-0.007620,5.026,22.128
8.320313,0,0,1140.57,1.2842,0.06364,7.60,50.181,2.810,141.00,24.795,24.129,0.022377,0.010867,0.002663,4.961,22.128
8.324219,0,0,1125.58,1.4060,0.05638,6.65,50.157,2.797,140.28,24.795,24.129,0.020782,0.013676,0.005812,4.823,22.128
8.328125,0,0,1121.80,1.2766,0.05467,6.42,50.187,2.680,134.49,24.795,24.129,-0.014171,-0.005015,0.000350,4.915,22.128
8.332031,0,0,1108.03,1.3643,0.06286,7.29,50.179,2.692,135.08,24.795,24.129,-0.015635,0.000761,-0.008659,4.865,22.128
8.335938,0,0,1107.18,1.2987,0.04913,5.70,50.180,2.663,133.61,24.796,24.129,-0.014850,0.000841,-0.008715,4.810,22.128
8.339844,0,0,1098.61,1.2248,0.05985,6.89,50.163,2.612,131.02,24.796,24.129,-0.014179,-0.008480,-0.002390,4.801,22.128
8.343750,0,0,1090.21,1.2482,0.05600,6.39,50.189,2.527,126.85,24.796,24.129,-0.008289,-0.015393,0.012269,4.687,22.128
8.347656,0,0,1091.29,1.2759,0.04286,4.90,50.189,2.565,128.75,24.796,24.129,-0.018019,-0.001455,-0.009629,4.837,22.128
8.351563,0,0,1085.92,1.1621,0.05914,6.73,50.172,2.653,133.08,24.796,24.129,0.022041,0.011744,0.007871,4.765,22.128
8.355469,0,0,1078.45,1.1992,0.04555,5.14,50.194,2.521,126.52,24.796,24.129,0.025004,0.012019,0.002642,4.717,22.128
8.359375,0,0,1072.97,1.2565,0.04995,5.61,50.195,2.592,130.09,24.797,24.129,-0.004104,-0.013093,0.005562,4.689,22.128
8.363281,0,0,1068.59,1.2200,0.05774,6.46,50.176,2.483,124.60,24.797,24.128,-0.002319,0.003257,-0.000248,4.735,22.128
8.367188,0,0,1057.02,1.2385,0.05002,5.54,50.187,2.544,127.65,24.797,24.128,0.000084,-0.003918,-0.004766,4.636,22.128
8.371094,0,0,1053.54,1.1195,0.05571,6.15,50.188,2.445,122.72,24.797,24.128,-0.000136,0.010082,0.004240,4.560,22.128
8.375000,0,0,1047.01,1.1615,0.05526,6.06,50.202,2.439,122.46,24.797,24.128,0.019571,0.015118,0.006595,4.483,22.129
8.378906,0,0,1044.31,1.1425,0.04847,5.30,50.177,2.541,127.51,24.797,24.128,-0.015208,-0.000510,-0.010506,4.597,22.129
8.382813,0,0,1036.49,1.2082,0.05103,5.54,50.181,2.434,122.16,24.797,24.128,-0.017229,0.001257,-0.010592,4.521,22.129
8.386719,0,0,1030.78,1.0802,0.04999,5.40,50.186,2.609,130.91,24.798,24.128,0.018020,0.019482,0.012205,4.430,22.129
8.390625,0,0,1020.07,1.0718,0.04135,4.42,50.196,2.489,124.93,24.798,24.128,-0.010421,-0.010605,0.007184,4.402,22.129
8.394531,0,0,1019.46,1.0170,0.04894,5.22,50.207,2.489,124.97,24.798,24.127,-0.011230,-0.014261,0.009718,4.451,22.129
8.398438,0,0,1013.99,1.0892,0.04376,4.65,50.230,2.479,124.53,24.798,24.127,-0.005119,0.002351,-0.003086,4.386,22.129
8.402344,0,0,1008.33,1.1449,0.04734,5.00,50.219,2.405,120.79,24.798,24.127,0.017491,0.003887,-0.001851,4.233,22.129
8.406250,0,0,1004.64,1.0243,0.04867,5.12,50.196,2.420,121.49,24.798,24.127,-0.014692,-0.000434,-0.004076,4.446,22.129
8.410156,0,0,998.36,0.9827,0.03312,3.46,50.202,2.420,121.51,24.798,24.127,-0.008353,0.002443,-0.002042,4.344,22.129
8.414063,0,0,989.82,1.0468,0.04971,5.15,50.201,2.483,124.65,24.798,24.127,-0.015637,0.001073,-0.006279,4.295,22.129
8.417969,0,0,989.95,0.9803,0.03401,3.53,50.200,2.382,119.58,24.798,24.126,-0.012653,0.002847,-0.004711,4.256,22.129
8.421875,0,0,984.39,0.9990,0.04280,4.41,50.249,2.272,114.17,24.798,24.126,0.022482,0.009248,0.004022,4.152,22.129
8.425781,0,0,974.01,1.0085,0.03609,3.68,50.183,2.460,123.46,24.798,24.126,-0.016601,0.001022,-0.005612,4.209,22.129
8.429688,0,0,970.41,0.9568,0.04018,4.08,50.184,2.414,121.13,24.799,24.126,0.006352,-0.000442,-0.009384,4.290,22.129
8.433594,0,0,957.51,0.9885,0.03686,3.70,50.188,2.504,125.68,24.799,24.126,-0.005104,-0.016985,0.009436,4.134,22.129
8.437500,0,0,959.00,0.9789,0.04288,4.31,50.190,2.358,118.36,24.799,24.126,-0.017615,0.000691,-0.008222,4.134,22.129
8.441406,0,0,957.31,0.9493,0.04132,4.14,50.226,2.341,117.57,24.799,24.125,-0.012490,-0.008039,0.000834,4.051,22.129
8.445313,0,0,945.67,0.9604,0.03555,3.52,50.238,2.272,114.14,24.799,24.125,0.014565,0.017980,0.008358,4.219,22.129
8.449219,0,0,946.24,0.9139,0.03638,3.61,50.236,2.304,115.76,24.799,24.125,0.016591,0.002564,-0.006110,4.190,22.129
8.453125,0,0,935.50,0.9748,0.03891,3.81,50.186,2.497,125.31,24.799,24.125,-0.015906,0.000115,-0.007692,4.041,22.130
8.457031,0,0,927.04,0.8949,0.03409,3.31,50.220,2.339,117.47,24.799,24.125,-0.008478,-0.008310,0.003208,4.021,22.130
8.460938,0,0,922.42,0.9367,0.04306,4.16,50.224,2.296,115.29,24.799,24.124,0.017027,0.016874,0.008864,4.018,22.130
8.464844,0,0,922.28,0.8807,0.03732,3.60,50.224,2.273,114.14,24.799,24.124,0.016625,0.014120,0.006185,3.960,22.130
8.468750,0,0,916.36,0.9222,0.03865,3.71,50.225,2.325,116.76,24.799,24.124,0.003747,-0.002961,-0.008251,3.940,22.130
8.472656,0,0,909.10,0.7861,0.03984,3.79,50.205,2.264,113.68,24.799,24.124,0.002533,-0.003086,-0.004266,4.024,22.130
8.476563,0,0,910.34,0.8465,0.03302,3.15,50.226,2.228,111.91,24.799,24.123,-0.008694,-0.017402,0.006407,3.960,22.130
8.480469,0,0,908.22,0.7905,0.03663,3.48,50.176,2.422,121.53,24.799,24.123,0.004355,-0.003044,-0.005385,3.972,22.130
8.484375,0,0,900.17,0.8412,0.04251,4.01,50.218,2.297,115.33,24.799,24.123,0.008098,-0.002376,-0.007844,3.930,22.130
8.488281,0,0,887.75,0.8871,0.03414,3.17,50.206,2.186,109.75,24.799,24.123,-0.005857,-0.018554,0.006807,3.888,22.130
8.492188,0,0,886.07,0.8455,0.02225,2.06,50.198,2.375,119.22,24.799,24.122,0.000674,-0.001710,-0.003414,3.844,22.130
8.496094,0,0,887.16,0.7922,0.02879,2.67,50.223,2.198,110.39,24.799,24.122,-0.007292,-0.018209,0.008958,3.822,22.130
8.500000,0,0,882.69,0.7504,0.03512,3.25,50.248,2.190,110.04,24.799,24.122,0.008953,0.016898,0.007046,3.842,22.130
8.503906,0,0,876.54,0.8066,0.02643,2.43,50.214,2.333,117.14,24.799,24.122,0.015718,0.002765,-0.002393,3.830,22.130
8.507813,0,0,869.96,0.8335,0.03257,2.97,50.202,2.286,114.75,24.799,24.121,0.003964,-0.002003,-0.008956,3.765,22.130
8.511719,0,0,860.47,0.8467,0.03046,2.74,50.237,2.219,111.48,24.799,24.121,0.012095,0.011983,0.006677,3.731,22.130
8.515625,0,0,856.63,0.7386,0.02930,2.63,50.233,2.220,111.53,24.799,24.121,-0.005608,-0.013598,0.007842,3.756,22.130
8.519531,0,0,857.43,0.8385,0.02728,2.45,50.223,2.241,112.57,24.799,24.121,-0.015570,0.001894,-0.004341,3.702,22.130
8.523438,0,0,846.81,0.6890,0.02615,2.32,50.223,2.116,106.29,24.799,24.120,0.007678,0.000467,-0.005407,3.632,22.130
8.527344,0,0,846.12,0.7756,0.03049,2.70,50.217,2.241,112.52,24.799,24.120,0.017120,0.001492,-0.004134,3.563,22.130
8.531250,0,0,842.55,0.6923,0.04187,3.69,50.196,2.106,105.71,24.798,24.120,-0.014837,-0.002010,-0.004381,3.578,22.131
8.535156,0,0,831.82,0.7907,0.03747,3.26,50.224,2.133,107.13,24.798,24.119,0.007482,0.002051,-0.010132,3.720,22.131
8.539063,0,0,828.11,0.7831,0.02796,2.42,50.227,2.212,111.08,24.798,24.119,-0.009588,0.004386,-0.007704,3.524,22.131
8.542969,0,0,822.25,0.7156,0.03461,2.98,50.192,2.278,114.35,24.798,24.119,0.010439,0.016829,0.008685,3.592,22.131
8.546875,0,0,821.98,0.7759,0.03857,3.32,50.225,2.240,112.48,24.798,24.119,0.015976,0.014429,0.008146,3.677,22.131
8.550781,0,0,813.75,0.6368,0.03682,3.14,50.233,2.258,113.44,24.798,24.118,-0.000952,0.006229,0.001086,3.596,22.131
8.554688,0,0,813.54,0.6811,0.03647,3.11,50.225,2.185,109.73,24.798,24.118,0.004372,0.008130,0.005069,3.500,22.131
8.558594,0,0,808.82,0.6169,0.02586,2.19,50.239,2.148,107.91,24.798,24.118,0.004070,-0.002675,-0.004876,3.514,22.131
8.562500,0,0,803.93,0.7206,0.02597,2.19,50.232,2.153,108.14,24.798,24.117,-0.013538,-0.002344,-0.005566,3.337,22.131
8.566406,0,0,802.20,0.7651,0.02051,1.72,50.202,2.187,109.79,24.798,24.117,-0.003475,-0.012530,0.007000,3.569,22.131
8.570313,0,0,799.38,0.6146,0.03061,2.56,50.223,2.058,103.33,24.798,24.117,0.018646,0.004103,0.002653,3.594,22.131
8.574219,0,0,787.29,0.7375,0.03725,3.07,50.214,2.274,114.19,24.798,24.116,-0.002414,-0.007792,0.006488,3.493,22.131
8.578125,0,0,790.21,0.7127,0.03340,2.76,50.208,2.144,107.64,24.798,24.116,0.001210,0.009544,0.002336,3.475,22.131
8.582031,0,0,780.63,0.5390,0.02893,2.36,50.239,2.060,103.51,24.797,24.116,-0.010627,-0.009506,0.003795,3.286,22.131
8.585938,0,0,768.94,0.6909,0.03155,2.54,50.247,2.177,109.37,24.797,24.115,0.010317,0.010592,0.007036,3.323,22.131
8.589844,0,0,773.25,0.5539,0.02501,2.03,50.191,2.050,102.88,24.797,24.115,-0.009692,-0.005348,0.000229,3.395,22.131
8.593750,0,0,761.86,0.6206,0.02489,1.99,50.232,2.076,104.28,24.797,24.115,0.017136,0.012508,0.009037,3.241,22.131
8.597656,0,0,762.31,0.6263,0.01169,0.93,50.221,2.128,106.88,24.797,24.114,0.012762,0.000841,-0.004687,3.353,22.131
8.601563,0,0,758.84,0.6537,0.02728,2.17,50.216,1.991,99.98,24.797,24.114,-0.015479,0.002346,-0.005559,3.306,22.131
8.605469,0,0,754.50,0.6472,0.02536,2.00,50.255,1.980,99.52,24.797,24.114,0.014772,0.003297,-0.000575,3.313,22.131
8.609375,0,0,752.21,0.6150,0.02360,1.86,50.239,2.018,101.39,24.796,24.113,-0.002582,0.004794,-0.001133,3.161,22.131
8.613281,0,0,743.33,0.5108,0.02859,2.23,50.220,2.164,108.67,24.796,24.113,-0.013377,-0.006955,0.000143,3.243,22.132
8.617188,0,0,745.01,0.5801,0.03396,2.65,50.239,2.098,105.38,24.796,24.113,0.004548,0.010827,0.006020,3.279,22.132
8.621094,0,0,732.60,0.5631,0.01875,1.44,50.235,1.969,98.92,24.796,24.112,0.010435,-0.000793,-0.006769,3.057,22.132
8.625000,0,0,730.43,0.4840,0.01848,1.41,50.230,2.071,104.03,24.796,24.112,0.006436,0.008836,0.002593,3.207,22.132
8.628906,0,0,724.09,0.5629,0.02627,1.99,50.236,2.067,103.84,24.796,24.112,0.015729,0.011923,0.007091,3.113,22.132
8.632813,0,0,731.25,0.4758,0.02737,2.10,50.262,2.012,101.11,24.796,24.111,0.016912,0.001791,-0.000450,3.223,22.132
8.636719,0,0,716.58,0.5208,0.02190,1.64,50.246,1.969,98.91,24.795,24.111,0.016922,0.009727,0.004705,3.192,22.132
8.640625,0,0,718.04,0.5620,0.02809,2.11,50.246,2.025,101.73,24.795,24.110,0.000996,-0.002605,-0.004939,3.138,22.132
8.644531,0,0,709.32,0.5552,0.03152,2.34,50.246,1.989,99.93,24.795,24.110,0.017746,0.003294,0.001350,3.218,22.132
8.648438,0,0,711.00,0.4897,0.02513,1.87,50.231,2.035,102.20,24.795,24.110,0.001235,-0.006880,0.004708,3.254,22.132
8.652344,0,0,703.94,0.5159,0.01799,1.33,50.236,1.944,97.68,24.795,24.109,-0.002997,-0.009854,0.004925,3.072,22.132
8.656250,0,0,698.95,0.4868,0.03024,2.21,50.238,1.868,93.85,24.794,24.109,-0.012993,0.000827,-0.006507,2.936,22.132
8.660156,0,0,695.91,0.5417,0.01477,1.08,50.245,1.972,99.09,24.794,24.108,-0.002779,-0.002047,-0.000497,2.998,22.132
8.664063,0,0,694.28,0.4752,0.01557,1.13,50.222,2.089,104.90,24.794,24.108,0.010112,0.000883,-0.003343,2.982,22.132
8.667969,0,0,689.67,0.5345,0.02416,1.74,50.247,1.974,99.20,24.794,24.108,-0.008258,-0.010230,0.007078,3.025,22.132
8.671875,0,0,687.52,0.5028,0.01743,1.26,50.266,1.930,96.99,24.794,24.107,0.003085,-0.002093,-0.009114,3.061,22.132
8.675781,0,0,687.60,0.5255,0.02459,1.77,50.216,1.931,96.95,24.793,24.107,-0.000986,-0.001030,0.000366,2.933,22.132
8.679688,0,0,678.51,0.4078,0.02826,2.01,50.234,1.967,98.81,24.793,24.106,0.014799,0.007994,0.000207,3.054,22.132
8.683594,0,0,680.23,0.5877,0.02046,1.46,50.236,1.942,97.56,24.793,24.106,-0.001245,-0.004480,-0.000406,2.948,22.132
8.687500,0,0,666.69,0.4708,0.01645,1.15,50.235,1.893,95.09,24.793,24.105,-0.001637,-0.010226,0.008222,3.002,22.132
8.691406,0,0,663.25,0.4558,0.01184,0.82,50.220,2.049,102.90,24.793,24.105,0.009440,0.012327,0.006226,2.891,22.133
8.695313,0,0,661.04,0.4730,0.02083,1.44,50.257,1.964,98.71,24.792,24.105,-0.015053,-0.000060,-0.007518,2.830,22.133
8.699219,0,0,661.44,0.4463,0.01558,1.08,50.212,1.984,99.60,24.792,24.104,-0.012187,-0.002222,-0.005148,2.823,22.133
8.703125,0,0,657.09,0.4563,0.02400,1.65,50.263,1.899,95.46,24.792,24.104,0.005600,-0.000194,-0.006666,2.974,22.133
8.707031,0,0,649.55,0.3707,0.01667,1.13,50.253,1.781,89.52,24.792,24.103,0.011471,-0.000153,-0.004179,2.841,22.133
8.710938,0,0,646.51,0.4626,0.02220,1.50,50.226,1.819,91.37,24.791,24.103,-0.013770,0.000592,-0.007410,2.831,22.133
8.714844,0,0,645.81,0.4686,0.02364,1.60,50.243,1.862,93.54,24.791,24.102,-0.010712,0.002904,-0.005652,2.798,22.133
8.718750,0,0,635.34,0.4964,0.01471,0.98,50.225,1.938,97.35,24.791,24.102,0.001167,-0.001088,-0.007838,2.723,22.133
8.722656,0,0,640.29,0.3695,0.01007,0.68,50.251,1.853,93.11,24.790,24.101,0.013250,0.009977,0.005892,2.713,22.133
8.726563,0,0,634.73,0.4096,0.01673,1.11,50.240,1.854,93.17,24.790,24.101,0.005438,-0.000972,-0.006156,2.755,22.133
8.730469,0,0,631.85,0.4724,0.01394,0.92,50.263,1.931,97.08,24.790,24.101,-0.000393,0.003110,0.000083,2.847,22.133
8.734375,0,0,626.35,0.3625,0.01772,1.16,50.237,1.910,95.97,24.790,24.100,0.015410,0.006650,0.003654,2.811,22.133
8.738281,0,0,626.20,0.3532,0.02777,1.82,50.237,1.915,96.22,24.790,24.100,0.017574,0.002905,-0.001326,2.779,22.133
8.742188,0,0,615.81,0.3751,0.00845,0.55,50.255,1.851,93.00,24.789,24.099,-0.012085,-0.001739,-0.004592,2.652,22.133
8.746094,0,0,619.85,0.3430,0.01202,0.78,50.223,1.937,97.29,24.789,24.099,0.004861,-0.000064,-0.007373,2.805,22.133
8.750000,0,0,610.11,0.4318,0.02150,1.37,50.268,1.807,90.83,24.789,24.098,-0.001706,0.004609,0.002258,2.628,22.133
8.753906,0,0,609.89,0.4409,0.02163,1.38,50.238,1.880,94.47,24.788,24.098,-0.001609,0.004163,0.002767,2.593,22.133
8.757813,0,0,606.41,0.3411,0.02151,1.37,50.247,1.963,98.61,24.788,24.097,0.001361,-0.009643,0.001858,2.726,22.133
8.761719,0,0,607.39,0.3630,0.01499,0.95,50.248,1.865,93.71,24.788,24.097,-0.011281,-0.001149,-0.001350,2.791,22.133
8.765625,0,0,600.76,0.4570,0.01769,1.11,50.263,1.757,88.30,24.788,24.097,-0.010115,-0.000621,-0.002112,2.683,22.133
8.769531,0,0,599.87,0.2927,0.00822,0.52,50.248,1.864,93.67,24.787,24.096,-0.008392,-0.005661,0.003228,2.644,22.133
8.773438,0,0,590.38,0.3528,0.02213,1.37,50.288,1.791,90.05,24.787,24.096,0.004287,0.003321,-0.009364,2.487,22.134
8.777344,0,0,591.28,0.2949,0.01864,1.15,50.263,1.829,91.95,24.787,24.095,-0.003675,-0.004240,0.003241,2.606,22.134
8.781250,0,0,586.91,0.3707,0.01642,1.01,50.249,1.709,85.88,24.786,24.095,-0.009085,-0.001185,-0.006120,2.481,22.134
8.785156,0,0,586.03,0.3471,0.01416,0.87,50.240,1.775,89.16,24.786,24.094,-0.009635,0.003144,-0.006517,2.527,22.134
8.789063,0,0,585.11,0.2811,0.01134,0.70,50.243,1.859,93.40,24.786,24.094,-0.009108,-0.005341,-0.001215,2.541,22.134
8.792969,0,0,572.06,0.3443,0.01955,1.17,50.273,1.764,88.69,24.785,24.093,-0.009850,0.000176,-0.006249,2.531,22.134
8.796875,0,0,572.59,0.3463,0.01589,0.95,50.253,1.822,91.55,24.785,24.093,-0.001238,0.003279,-0.002135,2.414,22.134
8.800781,0,0,568.49,0.3801,0.02005,1.19,50.276,1.726,86.76,24.785,24.092,0.000719,-0.001051,-0.006520,2.537,22.134
8.804688,0,0,569.45,0.3223,0.01472,0.88,50.274,1.850,93.01,24.785,24.092,-0.007953,-0.013137,0.006679,2.558,22.134
8.808594,0,0,563.28,0.2843,0.01339,0.79,50.245,1.895,95.24,24.784,24.091,-0.008446,-0.006877,0.001497,2.552,22.134
8.812500,0,0,558.92,0.2659,0.01123,0.66,50.265,1.799,90.45,24.784,24.091,0.011136,0.012526,0.006712,2.474,22.134
8.816406,0,0,554.39,0.2431,0.01569,0.91,50.254,1.652,83.02,24.784,24.090,-0.005104,-0.003937,-0.000038,2.437,22.134
8.820313,0,0,556.04,0.3251,0.00964,0.56,50.240,1.760,88.41,24.783,24.090,-0.011747,-0.002033,-0.000491,2.340,22.134
8.824219,0,0,555.09,0.3605,0.01876,1.09,50.262,1.850,92.97,24.783,24.089,-0.008607,-0.009713,0.002221,2.372,22.134
8.828125,0,0,545.98,0.2547,0.00143,0.08,50.262,1.813,91.11,24.783,24.089,0.005297,0.000781,-0.007358,2.438,22.134
8.832031,0,0,545.75,0.3617,0.00680,0.39,50.265,1.732,87.06,24.782,24.088,0.000875,0.002465,-0.005489,2.383,22.134
8.835938,0,0,544.68,0.3486,0.01210,0.69,50.240,1.848,92.86,24.782,24.088,0.011318,0.006100,0.001009,2.377,22.134
8.839844,0,0,537.28,0.3224,0.01517,0.85,50.235,1.738,87.33,24.782,24.087,0.013190,0.010973,0.002873,2.455,22.134
8.843750,0,0,536.78,0.2371,0.00654,0.37,50.248,1.717,86.26,24.781,24.087,0.014335,0.009962,0.006358,2.466,22.134
8.847656,0,0,531.20,0.2988,0.01736,0.97,50.254,1.684,84.64,24.781,24.086,0.007889,0.000910,-0.003889,2.117,22.134
8.851563,0,0,532.36,0.2958,0.00761,0.42,50.276,1.724,86.70,24.781,24.086,-0.004573,-0.011724,0.005095,2.359,22.135
8.855469,0,0,526.70,0.2697,0.00741,0.41,50.275,1.675,84.21,24.780,24.085,-0.008096,-0.000816,-0.004243,2.236,22.135
8.859375,0,0,526.27,0.3262,0.01106,0.61,50.260,1.611,80.97,24.780,24.084,-0.009169,-0.006998,0.002278,2.317,22.135
8.863281,0,0,517.68,0.2940,0.01536,0.83,50.254,1.677,84.27,24.779,24.084,-0.002850,-0.006034,0.002709,2.216,22.135
8.867188,0,0,515.19,0.3296,0.01160,0.63,50.250,1.760,88.45,24.779,24.083,0.013752,0.009558,0.003341,2.282,22.135
8.871094,0,0,510.52,0.2836,0.01436,0.77,50.256,1.810,90.98,24.779,24.083,-0.002925,-0.009582,0.001930,2.309,22.135
8.875000,0,0,515.24,0.2462,0.00748,0.40,50.262,1.609,80.89,24.778,24.082,0.011894,0.003748,0.000576,2.281,22.135
8.878906,0,0,511.73,0.2602,0.01078,0.58,50.250,1.759,88.40,24.778,24.082,-0.009142,-0.003906,-0.003203,2.296,22.135
8.882813,0,0,506.68,0.2896,0.02192,1.16,50.274,1.708,85.86,24.778,24.081,0.003236,0.005027,0.005285,2.153,22.135
8.886719,0,0,509.31,0.3323,0.01579,0.84,50.257,1.736,87.24,24.777,24.081,-0.000515,-0.002554,-0.001820,2.318,22.135
8.890625,0,0,501.32,0.2962,0.00754,0.40,50.262,1.801,90.52,24.777,24.080,0.006655,0.000465,-0.006366,2.223,22.135
8.894531,0,0,500.14,0.1899,0.01155,0.60,50.260,1.666,83.72,24.777,24.080,0.012397,0.007059,0.002135,2.099,22.135
8.898438,0,0,499.64,0.3618,0.00324,0.17,50.246,1.748,87.82,24.776,24.079,0.012836,0.009082,0.004674,2.197,22.135
8.902344,0,0,496.39,0.2789,0.01502,0.78,50.236,1.747,87.74,24.776,24.079,-0.004415,-0.008506,0.002384,2.292,22.135
8.906250,0,0,487.75,0.2835,0.01579,0.81,50.272,1.620,81.43,24.776,24.078,-0.002854,-0.002711,-0.004007,2.123,22.135
8.910156,0,0,485.94,0.2555,0.01132,0.58,50.244,1.766,88.72,24.775,24.078,0.011000,0.006204,0.002292,2.058,22.135
8.914063,0,0,479.97,0.1892,0.00307,0.15,50.255,1.678,84.32,24.775,24.077,0.006029,0.000088,-0.004447,2.129,22.135
8.917969,0,0,476.05,0.2557,0.00805,0.40,50.277,1.666,83.78,24.775,24.077,-0.011544,-0.000231,-0.003834,2.115,22.135
8.921875,0,0,479.79,0.2655,0.00488,0.25,50.272,1.748,87.90,24.774,24.076,0.004115,0.003169,-0.006020,2.139,22.135
8.925781,0,0,479.56,0.1915,0.01409,0.71,50.283,1.665,83.71,24.774,24.075,0.001925,-0.003654,-0.006390,2.017,22.135
8.929688,0,0,475.71,0.1400,0.00902,0.45,50.277,1.709,85.93,24.773,24.075,-0.010493,-0.001885,-0.009921,2.140,22.135
8.933594,0,0,471.39,0.2270,0.01413,0.70,50.269,1.803,90.64,24.773,24.074,0.013378,0.006433,0.000226,1.937,22.136
8.937500,0,0,467.46,0.2019,0.00659,0.32,50.260,1.625,81.68,24.773,24.074,-0.005255,-0.009732,0.005225,1.987,22.136
8.941406,0,0,471.39,0.2479,0.01021,0.50,50.257,1.733,87.10,24.772,24.073,0.011130,-0.001881,-0.001237,1.977,22.136
8.945313,0,0,462.55,0.3094,0.00826,0.40,50.272,1.643,82.59,24.772,24.073,0.000747,0.003232,0.000014,2.056,22.136
8.949219,0,0,455.72,0.2083,0.00964,0.46,50.253,1.675,84.18,24.772,24.072,-0.000070,0.004690,0.000403,1.928,22.136
8.953125,0,0,455.55,0.2103,0.00699,0.33,50.265,1.567,78.78,24.771,24.072,-0.000232,0.006185,0.002293,1.958,22.136
8.957031,0,0,456.00,0.2337,0.00332,0.16,50.272,1.665,83.71,24.771,24.071,0.009238,0.010443,0.006586,1.903,22.136
8.960938,0,0,451.64,0.1976,0.01401,0.66,50.265,1.587,79.79,24.770,24.071,-0.004296,-0.002648,-0.000437,2.010,22.136
8.964844,0,0,448.94,0.1539,0.01031,0.48,50.261,1.680,84.44,24.770,24.070,0.007475,0.008513,0.008954,1.921,22.136
8.968750,0,0,452.88,0.2347,0.00700,0.33,50.239,1.704,85.60,24.770,24.069,-0.008312,-0.003528,0.000452,1.887,22.136
8.972656,0,0,442.70,0.2095,0.02074,0.96,50.256,1.594,80.13,24.769,24.069,0.011703,0.003832,0.001930,1.952,22.136
8.976563,0,0,444.46,0.1649,0.01378,0.64,50.262,1.672,84.04,24.769,24.068,-0.000087,-0.009269,0.001686,1.818,22.136
8.980469,0,0,437.36,0.1188,0.00870,0.40,50.262,1.707,85.77,24.768,24.068,-0.003350,-0.002460,0.000678,1.915,22.136
8.984375,0,0,437.06,0.2234,0.00000,0.00,50.270,1.610,80.92,24.768,24.067,-0.000728,-0.001735,0.000582,1.892,22.136
8.988281,0,0,436.83,0.2430,0.01529,0.70,50.241,1.729,86.88,24.768,24.067,-0.002336,0.000129,0.000264,1.806,22.136
8.992188,0,0,433.86,0.2052,0.00519,0.24,50.262,1.666,83.72,24.767,24.066,0.005305,0.008082,0.005893,1.955,22.136
8.996094,0,0,433.90,0.2469,0.00779,0.35,50.281,1.672,84.05,24.767,24.066,0.007974,0.011461,0.006327,1.940,22.136
9.000000,2,45,455.27,0.2151,0.00312,0.15,50.269,1.573,79.07,24.766,24.065,0.005748,0.001341,-0.006508,2.120,22.136
9.003906,2,45,474.21,0.2355,0.00695,0.35,50.277,1.768,88.88,24.766,24.065,0.015031,0.005164,0.002201,1.961,22.136
9.007813,2,45,499.65,0.2728,0.01033,0.54,50.244,1.704,85.62,24.766,24.064,0.002977,0.008450,0.004802,2.283,22.136
9.011719,2,45,522.54,0.2060,0.01425,0.78,50.237,1.686,84.72,24.765,24.063,-0.001771,-0.004219,0.001469,2.273,22.136
9.015625,2,45,538.94,0.3783,0.02388,1.35,50.233,1.824,91.63,24.765,24.063,0.004574,0.008888,0.002695,2.408,22.137
9.019531,2,45,566.62,0.2916,0.01301,0.77,50.253,1.694,85.13,24.765,24.063,0.012424,0.006212,0.003330,2.511,22.137
9.023438,2,45,584.75,0.4163,0.01264,0.77,50.262,1.765,88.71,24.764,24.062,-0.006854,0.004762,-0.002376,2.518,22.137
9.027344,2,45,606.16,0.3607,0.01751,1.11,50.232,1.881,94.46,24.764,24.062,0.013055,0.005193,-0.002160,2.653,22.137
9.031250,2,45,629.72,0.3589,0.01924,1.27,50.259,1.843,92.61,24.764,24.061,-0.010238,0.000072,-0.007508,2.783,22.137
9.035156,2,45,649.59,0.3645,0.01911,1.30,50.242,1.993,100.14,24.764,24.061,-0.011190,0.000290,-0.004316,2.777,22.137
9.039063,2,45,669.85,0.5129,0.02123,1.49,50.233,1.926,96.75,24.764,24.060,-0.006178,0.000591,-0.003678,2.827,22.137
9.042969,2,45,685.64,0.5672,0.01609,1.16,50.205,2.061,103.45,24.763,24.060,0.006746,0.000637,-0.004440,2.884,22.137
9.046875,2,45,710.67,0.5531,0.02205,1.64,50.249,1.918,96.38,24.763,24.060,0.017539,0.009728,0.003324,3.135,22.137
9.050781,2,45,734.07,0.5951,0.01818,1.40,50.238,2.126,106.80,24.763,24.059,-0.009768,-0.001874,-0.000749,3.102,22.137
9.054688,2,45,750.78,0.6117,0.03032,2.38,50.239,2.051,103.05,24.763,24.059,0.007449,-0.000056,-0.007070,3.304,22.137
9.058594,2,45,773.42,0.6075,0.02885,2.34,50.234,2.151,108.06,24.763,24.059,-0.015595,0.002333,-0.004536,3.469,22.137
9.062500,2,45,787.98,0.6330,0.02704,2.23,50.229,2.301,115.55,24.763,24.059,0.003182,0.014295,0.004941,3.349,22.137
9.066406,2,45,805.36,0.6622,0.03209,2.71,50.222,2.166,108.77,24.763,24.058,-0.012310,-0.004845,0.001157,3.442,22.137
9.070313,2,45,825.86,0.6697,0.02272,1.96,50.198,2.086,104.73,24.763,24.058,-0.016251,-0.001321,-0.009836,3.670,22.137
9.074219,2,45,851.53,0.7300,0.04076,3.63,50.236,2.275,114.31,24.763,24.058,-0.014124,-0.001461,-0.008674,3.921,22.137
9.078125,2,45,866.60,0.7175,0.03290,2.99,50.211,2.273,114.15,24.763,24.058,0.016624,0.017238,0.005279,3.818,22.137
9.082031,2,45,886.62,0.8054,0.03648,3.39,50.225,2.286,114.83,24.763,24.057,0.018212,0.005306,-0.001354,3.810,22.137
9.085938,2,45,903.34,0.9100,0.03688,3.49,50.188,2.335,117.19,24.763,24.057,-0.015250,0.001246,-0.006983,3.831,22.137
9.089844,2,45,930.71,0.9096,0.03931,3.83,50.228,2.402,120.66,24.763,24.057,0.003674,0.013060,0.003575,4.082,22.137
9.093750,2,45,941.39,0.8821,0.04034,3.98,50.203,2.399,120.46,24.763,24.057,-0.011365,-0.009888,0.001016,3.998,22.137
9.097656,2,45,956.76,1.0045,0.04537,4.55,50.177,2.455,123.16,24.763,24.057,0.015098,0.016282,0.009821,4.144,22.138
9.101563,2,45,981.00,1.0003,0.04717,4.85,50.167,2.404,120.62,24.763,24.057,-0.017914,0.000275,-0.007737,4.209,22.138
9.105469,2,45,988.88,1.0311,0.04389,4.55,50.210,2.364,118.71,24.763,24.057,0.014710,0.017265,0.006703,4.447,22.138
9.109375,2,45,1018.62,1.0878,0.04178,4.46,50.195,2.568,128.88,24.763,24.057,-0.010915,-0.012401,0.004535,4.490,22.138
9.113281,2,45,1021.43,1.1506,0.05258,5.62,50.222,2.455,123.29,24.764,24.056,0.021014,0.015980,0.008583,4.402,22.138
9.117188,2,45,1044.17,1.1901,0.05950,6.51,50.210,2.621,131.60,24.764,24.056,-0.008572,-0.009900,0.004350,4.482,22.138
9.121094,2,45,1066.90,1.2191,0.04499,5.03,50.215,2.578,129.44,24.764,24.056,0.022058,0.006625,0.000075,4.684,22.138
9.125000,2,45,1080.49,1.1546,0.05089,5.76,50.188,2.557,128.35,24.764,24.056,0.008013,0.002506,-0.008685,4.832,22.138
9.128906,2,45,1099.19,1.2927,0.05060,5.82,50.174,2.627,131.79,24.764,24.056,0.016416,0.003541,-0.004653,4.676,22.138
9.132813,2,45,1113.51,1.3406,0.06228,7.26,50.157,2.628,131.80,24.765,24.056,-0.003559,-0.013402,0.004321,4.787,22.138
9.136719,2,45,1131.23,1.3384,0.06041,7.16,50.171,2.686,134.77,24.765,24.056,0.018463,0.001635,-0.007477,4.866,22.138
9.140625,2,45,1145.02,1.4127,0.06349,7.61,50.177,2.775,139.25,24.765,24.057,-0.001174,-0.002302,-0.001598,5.001,22.138
9.144531,2,45,1159.87,1.3979,0.06729,8.17,50.183,2.750,137.99,24.766,24.057,-0.018977,0.000022,-0.007724,4.977,22.138
9.148438,2,45,1176.35,1.4948,0.06062,7.47,50.183,2.849,142.96,24.766,24.057,0.003795,-0.001120,-0.009503,5.044,22.138
9.152344,2,45,1193.65,1.4516,0.07258,9.07,50.182,2.888,144.95,24.766,24.057,0.015890,0.021576,0.009236,5.128,22.138
9.156250,2,45,1208.14,1.4721,0.06788,8.59,50.143,2.964,148.64,24.767,24.057,0.002004,-0.003078,-0.009539,5.173,22.138
9.160156,2,45,1225.01,1.6429,0.07000,8.98,50.185,2.754,138.22,24.767,24.057,0.008535,0.018640,0.007669,5.355,22.138
9.164063,2,45,1240.06,1.6977,0.06517,8.46,50.155,2.880,144.47,24.767,24.057,-0.000600,-0.000315,-0.005560,5.402,22.138
9.167969,2,45,1248.42,1.6144,0.06361,8.32,50.167,3.013,151.15,24.768,24.057,-0.018065,-0.003443,-0.005253,5.610,22.138
9.171875,2,45,1272.90,1.7045,0.06283,8.37,50.154,3.001,150.49,24.768,24.058,-0.005076,-0.022000,0.012891,5.645,22.138
9.175781,2,45,1279.91,1.7055,0.07948,10.65,50.146,2.888,144.81,24.769,24.058,-0.015211,-0.002971,-0.003146,5.602,22.138
9.179688,2,45,1299.24,1.6646,0.08419,11.46,50.174,3.082,154.64,24.769,24.058,-0.015164,0.002437,-0.008597,5.591,22.139
9.183594,2,45,1313.05,1.8479,0.07271,10.00,50.141,2.924,146.63,24.770,24.058,-0.000699,0.010894,0.001138,5.740,22.139
9.187500,2,45,1325.70,1.8347,0.07515,10.43,50.146,2.957,148.30,24.770,24.058,0.005914,0.012108,0.006827,5.688,22.139
9.191406,2,45,1335.97,1.8482,0.09092,12.72,50.185,2.913,146.20,24.771,24.058,-0.008809,-0.015794,0.004293,5.715,22.139
9.195313,2,45,1353.05,1.8873,0.07760,11.00,50.138,3.064,153.62,24.771,24.059,0.005910,-0.001459,-0.010962,5.939,22.139
9.199219,2,45,1371.41,1.9137,0.07865,11.30,50.149,3.171,159.00,24.772,24.059,0.015351,-0.000572,-0.009765,5.973,22.139
9.203125,2,45,1389.07,2.1175,0.09432,13.72,50.119,3.156,158.20,24.772,24.059,0.018478,0.022843,0.012893,6.134,22.139
9.207031,2,45,1401.37,2.0089,0.09218,13.53,50.121,3.128,156.80,24.773,24.060,0.012435,0.020225,0.010728,6.053,22.139
9.210938,2,45,1412.38,2.0300,0.07874,11.65,50.154,3.121,156.54,24.773,24.060,-0.020525,0.002876,-0.010990,6.223,22.139
9.214844,2,45,1424.33,2.1126,0.08841,13.19,50.140,3.155,158.21,24.774,24.060,-0.019713,-0.002051,-0.004881,6.292,22.139
9.218750,2,45,1439.29,2.2097,0.09368,14.12,50.137,3.254,163.14,24.774,24.060,0.024983,0.018618,0.008428,6.185,22.139
9.222656,2,45,1448.61,2.2879,0.09415,14.28,50.140,3.248,162.85,24.775,24.061,-0.012501,-0.015616,0.005019,6.309,22.139
9.226563,2,45,1461.14,2.2679,0.09840,15.06,50.146,3.247,162.81,24.776,24.061,-0.016813,-0.011454,-0.000731,6.369,22.139
9.230469,2,45,1477.45,2.2886,0.09145,14.15,50.158,3.373,169.18,24.776,24.062,0.016416,0.002081,-0.010362,6.437,22.139
9.234375,2,45,1493.35,2.4168,0.09978,15.60,50.125,3.227,161.76,24.777,24.062,-0.023335,0.000409,-0.012078,6.483,22.139
9.238281,2,45,1505.61,2.4009,0.10404,16.40,50.125,3.358,168.31,24.778,24.062,-0.022633,-0.002265,-0.014123,6.493,22.139
9.242188,2,45,1508.60,2.3713,0.10780,17.03,50.122,3.347,167.77,24.778,24.063,0.005232,-0.001565,-0.010669,6.684,22.139
9.246094,2,45,1532.41,2.5195,0.10862,17.43,50.125,3.369,168.88,24.779,24.063,0.030464,0.015989,0.010014,6.708,22.139
9.250000,2,45,1537.86,2.5013,0.10571,17.02,50.090,3.492,174.92,24.780,24.064,0.020861,0.025490,0.011952,6.519,22.139
9.253906,2,45,1555.92,2.5727,0.10655,17.36,50.118,3.520,176.42,24.781,24.064,-0.002259,0.011607,0.003875,6.836,22.139
9.257813,2,45,1567.99,2.5740,0.11058,18.16,50.131,3.482,174.56,24.781,24.064,-0.011371,0.007281,-0.003274,6.764,22.139
9.261719,2,45,1579.32,2.6147,0.10996,18.19,50.115,3.484,174.62,24.782,24.065,-0.027979,0.001710,-0.008429,6.766,22.139
9.265625,2,45,1592.36,2.6549,0.12561,20.95,50.081,3.599,180.24,24.783,24.065,-0.016306,0.003064,-0.008886,6.875,22.140
9.269531,2,45,1604.10,2.6647,0.12090,20.31,50.073,3.470,173.74,24.784,24.066,-0.024284,0.000155,-0.012303,6.864,22.140
9.273438,2,45,1619.34,2.7588,0.11332,19.22,50.116,3.583,179.57,24.785,24.066,0.021041,0.001521,-0.011990,6.885,22.140
9.277344,2,45,1632.23,2.7301,0.12255,20.95,50.115,3.673,184.09,24.785,24.067,0.004311,-0.002101,-0.009348,7.187,22.140
9.281250,2,45,1628.69,2.7849,0.10757,18.35,50.080,3.665,183.56,24.786,24.068,-0.009932,0.006624,-0.001336,7.100,22.140
9.285156,2,45,1646.78,2.8261,0.12659,21.83,50.077,3.797,190.14,24.787,24.068,-0.020905,0.001543,-0.013225,7.069,22.140
9.289063,2,45,1656.74,2.9641,0.12160,21.10,50.102,3.731,186.93,24.788,24.069,-0.005589,-0.015679,0.007786,7.314,22.140
9.292969,2,45,1672.48,2.8760,0.12344,21.62,50.089,3.747,187.71,24.789,24.069,0.012844,0.019413,0.012613,7.153,22.140
9.296875,2,45,1685.08,2.9076,0.13067,23.06,50.086,3.775,189.05,24.790,24.070,0.027617,0.023814,0.010336,7.211,22.140
9.300781,2,45,1690.28,2.9203,0.13649,24.16,50.085,3.803,190.48,24.791,24.071,0.007863,0.021401,0.009897,7.385,22.140
9.304688,2,45,1698.75,3.0926,0.11569,20.58,50.072,3.990,199.77,24.792,24.071,-0.003416,-0.006269,-0.003148,7.305,22.140
9.308594,2,45,1719.60,3.0039,0.12910,23.25,50.077,3.979,199.26,24.793,24.072,-0.024405,0.000828,-0.012910,7.525,22.140
9.312500,2,45,1733.62,3.1879,0.13938,25.30,50.055,3.813,190.85,24.794,24.073,0.021203,0.027542,0.014287,7.447,22.140
9.316406,2,45,1736.87,3.1619,0.13022,23.69,50.090,3.829,191.81,24.795,24.073,-0.017058,-0.012038,0.000182,7.423,22.140
9.320313,2,45,1747.08,3.2315,0.12735,23.30,50.101,3.928,196.80,24.796,24.074,-0.000190,-0.002203,-0.009856,7.520,22.140
9.324219,2,45,1754.57,3.2056,0.14201,26.09,50.051,3.912,195.78,24.797,24.075,-0.017190,-0.016811,0.006267,7.543,22.140
9.328125,2,45,1769.83,3.3261,0.14346,26.59,50.045,3.984,199.36,24.798,24.076,0.031619,0.018994,0.010559,7.648,22.140
9.332031,2,45,1778.42,3.2910,0.14007,26.09,50.073,3.950,197.79,24.799,24.076,-0.010349,-0.027148,0.011917,7.793,22.140
9.335938,2,45,1789.59,3.3318,0.13911,26.07,50.068,3.969,198.71,24.800,24.077,-0.004818,-0.013428,0.001249,7.884,22.140
9.339844,2,45,1796.52,3.3780,0.15353,28.88,50.084,3.951,197.86,24.801,24.078,-0.018599,-0.020366,0.006990,7.778,22.140
9.343750,2,45,1808.73,3.5458,0.14629,27.71,50.049,4.120,206.19,24.803,24.078,-0.017184,-0.015946,0.003338,7.893,22.140
9.347656,2,45,1815.35,3.5014,0.15403,29.28,50.067,4.137,207.10,24.804,24.079,-0.025337,-0.000678,-0.015364,7.940,22.141
9.351563,2,45,1838.78,3.3984,0.16473,31.72,50.072,4.146,207.60,24.805,24.080,-0.011603,-0.028780,0.017528,7.868,22.141
9.355469,2,45,1842.54,3.5770,0.15630,30.16,50.038,4.207,210.53,24.806,24.081,0.019727,-0.003306,-0.014110,8.093,22.141
9.359375,2,45,1847.00,3.5756,0.15364,29.72,50.070,4.060,203.29,24.807,24.082,0.029989,0.027809,0.012686,7.994,22.141
9.363281,2,45,1853.08,3.6101,0.14339,27.83,50.057,4.225,211.51,24.809,24.083,0.031853,0.012023,0.003083,8.022,22.141
9.367188,2,45,1864.04,3.7347,0.15672,30.59,50.064,4.290,214.76,24.810,24.084,0.006852,0.024542,0.008205,8.084,22.141
9.371094,2,45,1877.50,3.6904,0.15670,30.81,50.050,4.202,210.31,24.811,24.084,0.030611,0.002426,-0.008657,8.235,22.141
9.375000,2,45,1891.07,3.7029,0.15917,31.52,50.033,4.330,216.63,24.812,24.085,-0.004592,-0.018588,0.006597,8.280,22.141
9.378906,2,45,1893.46,3.6731,0.16452,32.62,50.059,4.236,212.06,24.813,24.086,-0.002621,0.012569,0.005988,8.126,22.141
9.382813,2,45,1895.45,3.7751,0.16286,32.33,50.050,4.185,209.47,24.815,24.087,0.002337,-0.003884,-0.006739,8.300,22.141
9.386719,2,45,1911.48,3.7660,0.16679,33.39,50.053,4.201,210.27,24.816,24.088,0.016728,0.028177,0.011850,8.282,22.141
9.390625,2,45,1922.13,3.8932,0.15764,31.73,50.030,4.339,217.07,24.817,24.089,-0.025022,0.002713,-0.015835,8.326,22.141
9.394531,2,45,1929.87,3.8687,0.15775,31.88,50.046,4.281,214.24,24.818,24.090,0.033948,0.016769,0.004587,8.502,22.141
9.398438,2,45,1939.46,4.0272,0.16664,33.84,50.033,4.406,220.43,24.820,24.091,-0.025231,-0.001002,-0.012613,8.592,22.141
9.402344,2,45,1950.62,4.0654,0.16901,34.52,50.051,4.423,221.37,24.821,24.092,-0.017251,-0.013814,0.006268,8.492,22.141
9.406250,2,45,1959.05,4.0247,0.17049,34.98,50.022,4.440,222.08,24.822,24.093,0.032873,0.027407,0.012370,8.580,22.141
9.410156,2,45,1969.21,4.0540,0.18129,37.38,50.028,4.345,217.35,24.824,24.093,-0.029545,0.002860,-0.017545,8.570,22.141
9.414063,2,45,1975.76,4.1141,0.16871,34.91,50.030,4.492,224.71,24.825,24.094,0.005434,0.018742,0.012713,8.672,22.141
9.417969,2,45,1982.97,4.1501,0.17815,36.99,50.041,4.479,224.12,24.827,24.095,0.024389,0.003709,-0.009053,8.628,22.141
9.421875,2,45,1992.73,4.1168,0.17583,36.69,50.016,4.501,225.10,24.828,24.096,-0.017300,0.003023,-0.006429,8.663,22.141
9.425781,2,45,1999.21,4.1435,0.17810,37.29,50.026,4.425,221.38,24.829,24.097,0.021607,0.025816,0.018181,8.766,22.141
9.429688,2,45,1998.62,4.1922,0.17045,35.68,50.032,4.492,224.73,24.831,24.098,0.030525,0.027387,0.013681,8.695,22.141
9.433594,2,45,2014.77,4.2121,0.16846,35.54,49.997,4.595,229.75,24.832,24.099,-0.026434,-0.001549,-0.013950,8.754,22.142
9.437500,2,45,2021.38,4.2008,0.18760,39.71,50.009,4.635,231.80,24.834,24.101,-0.005248,0.008663,-0.000519,8.936,22.142
9.441406,2,45,2026.46,4.3457,0.17285,36.68,50.011,4.577,228.88,24.835,24.102,-0.022265,0.002023,-0.014243,8.796,22.142
9.445313,2,45,2042.38,4.3968,0.18592,39.76,50.008,4.704,235.24,24.836,24.103,-0.008626,-0.021866,0.011436,9.004,22.142
9.449219,2,45,2046.76,4.3110,0.19072,40.88,50.031,4.650,232.66,24.838,24.104,0.010857,-0.004371,-0.016844,8.885,22.142
9.453125,2,45,2059.09,4.4396,0.18630,40.17,50.025,4.585,229.34,24.839,24.105,-0.002100,-0.004896,-0.005713,9.050,22.142
9.457031,2,45,2064.50,4.4204,0.19137,41.37,50.009,4.711,235.61,24.841,24.106,0.000997,-0.002248,-0.011592,9.017,22.142
9.460938,2,45,2066.97,4.4448,0.20081,43.47,50.005,4.637,231.89,24.842,24.107,-0.013444,0.004715,-0.006456,9.001,22.142
9.464844,2,45,2077.93,4.6517,0.19488,42.41,50.009,4.655,232.81,24.844,24.108,-0.030797,0.003568,-0.011124,8.988,22.142
9.468750,2,45,2082.59,4.4692,0.18863,41.14,50.025,4.662,233.24,24.845,24.109,-0.016619,-0.016719,0.005590,9.036,22.142
9.472656,2,45,2096.50,4.5906,0.19984,43.87,50.033,4.621,231.20,24.847,24.110,0.001177,0.016754,0.006893,9.073,22.142
9.476563,2,45,2098.60,4.5364,0.19612,43.10,50.036,4.630,231.66,24.848,24.111,-0.003123,-0.009935,-0.000210,9.075,22.142
9.480469,2,45,2103.42,4.6591,0.19257,42.42,50.014,4.740,237.07,24.850,24.112,0.009949,-0.000677,-0.013855,9.140,22.142
9.484375,2,45,2116.63,4.7055,0.19877,44.06,50.023,4.737,236.98,24.851,24.114,-0.008845,-0.032901,0.016405,9.120,22.142
9.488281,2,45,2118.34,4.7709,0.20271,44.97,50.006,4.741,237.09,24.853,24.115,0.001993,0.018154,0.009185,9.160,22.142
9.492188,2,45,2134.28,4.8384,0.21000,46.93,50.007,4.803,240.21,24.854,24.116,-0.018618,-0.025192,0.012651,9.283,22.142
9.496094,2,45,2131.84,4.7234,0.20272,45.26,49.996,4.744,237.15,24.856,24.117,0.001698,-0.004570,-0.009638,9.337,22.142
9.500000,2,45,2142.66,4.7608,0.20584,46.19,49.987,4.876,243.72,24.858,24.118,0.026964,0.001250,-0.008996,9.248,22.142
9.503906,2,45,2149.35,4.9132,0.20755,46.72,50.028,4.753,237.78,24.859,24.119,-0.006242,-0.009041,-0.000475,9.282,22.142
9.507813,2,45,2154.70,4.8809,0.20649,46.59,49.993,4.936,246.77,24.861,24.121,-0.005028,-0.010656,-0.003690,9.397,22.142
9.511719,2,45,2158.14,4.8066,0.21522,48.64,49.985,4.809,240.38,24.862,24.122,0.034653,0.026526,0.012992,9.395,22.142
9.515625,2,45,2164.92,4.9874,0.20673,46.87,50.015,4.917,245.93,24.864,24.123,0.009701,-0.001147,-0.016127,9.413,22.142
9.519531,2,45,2176.65,5.0859,0.21460,48.92,50.001,4.821,241.07,24.865,24.124,0.010504,-0.001738,-0.017321,9.458,22.143
9.523438,2,45,2185.59,5.0236,0.21326,48.81,49.996,4.983,249.12,24.867,24.125,-0.019320,0.006066,-0.009608,9.526,22.143
9.527344,2,45,2197.43,5.1251,0.21925,50.45,50.012,4.932,246.68,24.869,24.127,-0.013125,0.007052,-0.003246,9.478,22.143
9.531250,2,45,2198.46,5.0812,0.21105,48.59,49.979,5.055,252.63,24.870,24.128,0.032605,0.003734,-0.006168,9.693,22.143
9.535156,2,45,2203.47,5.0689,0.21674,50.01,50.000,4.936,246.79,24.872,24.129,0.034239,0.018618,0.006252,9.558,22.143
9.539063,2,45,2215.37,5.1600,0.22287,51.70,49.984,4.899,244.85,24.874,24.130,0.035695,0.011862,-0.000833,9.704,22.143
9.542969,2,45,2214.71,5.1264,0.21938,50.88,49.983,5.056,252.72,24.875,24.132,0.027084,0.005351,-0.010400,9.575,22.143
9.546875,2,45,2223.58,5.2159,0.21741,50.62,49.984,5.011,250.48,24.877,24.133,-0.031173,0.000585,-0.017571,9.677,22.143
9.550781,2,45,2225.82,5.2513,0.21834,50.89,49.998,5.057,252.83,24.879,24.134,0.016574,-0.001279,-0.015790,9.642,22.143
9.554688,2,45,2229.36,5.1531,0.21884,51.09,50.011,4.903,245.22,24.880,24.135,0.011113,0.024931,0.009960,9.577,22.143
9.558594,2,45,2238.90,5.3021,0.22954,53.82,50.007,4.992,249.61,24.882,24.137,-0.021926,-0.013987,0.004135,9.566,22.143
9.562500,2,45,2240.72,5.1737,0.22707,53.28,49.968,5.056,252.65,24.884,24.138,0.036330,0.031836,0.015546,9.813,22.143
9.566406,2,45,2250.25,5.3199,0.22721,53.54,49.967,5.093,254.47,24.886,24.139,-0.030041,-0.000312,-0.017750,9.866,22.143
9.570313,2,45,2257.84,5.3848,0.22598,53.43,49.976,5.225,261.11,24.887,24.140,0.038343,0.029181,0.014693,9.812,22.143
9.574219,2,45,2265.71,5.3549,0.22398,53.14,49.981,5.109,255.37,24.889,24.142,-0.009521,-0.030892,0.018347,9.855,22.143
9.578125,2,45,2270.40,5.4942,0.23308,55.42,49.964,5.112,255.41,24.891,24.143,-0.004808,-0.006399,-0.001879,9.840,22.143
9.582031,2,45,2271.17,5.4165,0.23187,55.15,49.965,5.214,260.52,24.893,24.144,-0.020706,-0.009774,-0.001177,9.995,22.143
9.585938,2,45,2274.00,5.4404,0.23034,54.85,49.982,5.186,259.19,24.894,24.146,0.018425,-0.002329,-0.017953,9.840,22.143
9.589844,2,45,2274.87,5.3430,0.23329,55.58,49.953,5.250,262.26,24.896,24.147,-0.013721,-0.032741,0.018907,9.869,22.143
9.593750,2,45,2288.54,5.4671,0.23541,56.42,49.989,5.243,262.10,24.898,24.149,-0.016224,0.003642,-0.006706,9.923,22.143
9.597656,2,45,2296.47,5.5931,0.23859,57.38,49.955,5.157,257.62,24.900,24.150,0.009534,-0.000176,-0.014918,9.848,22.143
9.601563,2,45,2301.64,5.5877,0.24361,58.72,49.962,5.155,257.56,24.902,24.151,0.014500,-0.000149,-0.017243,9.960,22.143
9.605469,2,45,2312.43,5.7006,0.24493,59.31,49.982,5.343,267.07,24.904,24.153,0.037539,0.011372,0.003354,10.063,22.144
9.609375,2,45,2313.74,5.5742,0.24960,60.48,49.992,5.240,261.95,24.905,24.154,-0.009511,-0.035031,0.018174,10.010,22.144
9.613281,2,45,2315.28,5.5995,0.24680,59.84,49.983,5.301,264.95,24.907,24.155,-0.001791,0.012149,0.000847,10.004,22.144
9.617188,2,45,2326.62,5.6115,0.24270,59.13,49.974,5.279,263.83,24.909,24.157,-0.014979,0.004070,-0.004776,10.116,22.144
9.621094,2,45,2328.11,5.5814,0.25062,61.10,49.936,5.409,270.13,24.911,24.158,0.015424,-0.001483,-0.016906,10.154,22.144
9.625000,2,45,2331.96,5.8149,0.23324,56.96,49.921,5.477,273.44,24.913,24.160,0.032944,0.035542,0.017588,10.110,22.144
9.628906,2,45,2342.87,5.8362,0.24498,60.10,49.951,5.319,265.68,24.915,24.161,0.002279,0.023441,0.005588,10.196,22.144
9.632813,2,45,2340.79,5.7361,0.24078,59.02,49.959,5.335,266.52,24.917,24.163,-0.032020,0.002113,-0.017768,10.206,22.144
9.636719,2,45,2351.09,5.7941,0.25291,62.27,49.963,5.419,270.77,24.919,24.164,-0.013478,-0.029099,0.015835,10.230,22.144
9.640625,2,45,2362.13,5.8265,0.24831,61.42,49.965,5.281,263.85,24.920,24.165,-0.013070,-0.030588,0.017110,10.237,22.144
9.644531,2,45,2361.99,5.8265,0.25000,61.84,49.973,5.340,266.85,24.922,24.167,-0.019574,-0.022711,0.004310,10.292,22.144
9.648438,2,45,2361.42,5.8871,0.25025,61.88,49.964,5.281,263.85,24.924,24.168,-0.027350,-0.006523,-0.006288,10.323,22.144
9.652344,2,45,2369.04,5.8581,0.24929,61.85,49.984,5.429,271.38,24.926,24.170,0.038754,0.032157,0.018314,10.288,22.144
9.656250,2,45,2364.87,5.8802,0.25712,63.68,49.947,5.323,265.84,24.928,24.171,-0.013438,-0.032825,0.018547,10.243,22.144
9.660156,2,45,2372.17,5.9245,0.26121,64.89,49.936,5.441,271.72,24.930,24.173,-0.016658,0.009635,-0.006341,10.252,22.144
9.664063,2,45,2376.54,6.0512,0.26049,64.83,49.945,5.585,278.96,24.932,24.174,-0.032535,0.003668,-0.013720,10.379,22.144
9.667969,2,45,2377.79,6.0152,0.24793,61.74,49.959,5.576,278.58,24.934,24.176,0.035928,0.028905,0.013122,10.247,22.144
9.671875,2,45,2392.69,6.0523,0.26513,66.43,49.969,5.462,272.95,24.936,24.177,-0.022776,-0.014686,-0.001212,10.291,22.144
9.675781,2,45,2399.81,5.9863,0.26204,65.85,49.956,5.482,273.84,24.938,24.179,0.005918,0.022878,0.010444,10.563,22.144
9.679688,2,45,2398.64,6.1190,0.26488,66.54,49.952,5.565,278.00,24.940,24.180,-0.003705,0.016904,0.003404,10.461,22.144
9.683594,2,45,2403.00,5.9837,0.26206,65.95,49.929,5.515,275.34,24.942,24.182,-0.031063,0.001901,-0.019200,10.422,22.144
9.687500,2,45,2411.37,6.1090,0.25098,63.38,49.927,5.569,278.06,24.944,24.183,0.015052,-0.001566,-0.016414,10.582,22.144
9.691406,2,45,2409.90,6.0860,0.26942,67.99,49.943,5.553,277.31,24.946,24.185,0.029822,0.003902,-0.010244,10.471,22.145
9.695313,2,45,2415.18,5.9983,0.26086,65.97,49.941,5.527,276.03,24.948,24.186,0.025752,0.000392,-0.014776,10.584,22.145
9.699219,2,45,2425.63,6.2549,0.26408,67.08,49.934,5.688,284.00,24.950,24.188,0.035293,0.034343,0.017359,10.490,22.145
9.703125,2,45,2426.06,6.1996,0.27728,70.44,49.943,5.609,280.13,24.952,24.189,0.013411,0.002002,-0.018086,10.438,22.145
9.707031,2,45,2432.40,6.2786,0.26955,68.66,49.965,5.489,274.28,24.954,24.191,-0.007158,-0.029175,0.011010,10.505,22.145
9.710938,2,45,2428.16,6.0927,0.26290,66.85,49.921,5.493,274.23,24.956,24.192,0.006115,0.021980,0.009389,10.588,22.145
9.714844,2,45,2432.41,6.2209,0.25863,65.88,49.933,5.624,280.81,24.958,24.194,-0.030396,0.002694,-0.019855,10.630,22.145
9.718750,2,45,2440.20,6.3364,0.25546,65.28,49.922,5.620,280.55,24.960,24.196,0.027898,0.003764,-0.011619,10.601,22.145
9.722656,2,45,2436.92,6.1774,0.25856,65.98,49.936,5.626,280.95,24.962,24.197,-0.026817,0.004540,-0.013038,10.634,22.145
9.726563,2,45,2446.57,6.3427,0.27507,70.47,49.935,5.721,285.69,24.964,24.199,-0.016427,-0.033049,0.015087,10.720,22.145
9.730469,2,45,2459.03,6.2839,0.27864,71.75,49.916,5.727,285.86,24.966,24.200,-0.036276,-0.000421,-0.017816,10.648,22.145
9.734375,2,45,2464.22,6.3180,0.26876,69.35,49.931,5.651,282.18,24.968,24.202,-0.036557,0.001644,-0.017764,10.857,22.145
9.738281,2,45,2458.03,6.3129,0.28021,72.13,49.936,5.719,285.57,24.970,24.204,-0.008206,0.011070,-0.000056,10.626,22.145
9.742188,2,45,2477.18,6.3789,0.27746,71.98,49.929,5.727,285.92,24.972,24.205,0.034928,0.011351,-0.002162,10.794,22.145
9.746094,2,45,2469.11,6.3853,0.27461,71.00,49.934,5.667,283.00,24.974,24.207,0.029618,0.036288,0.020637,10.783,22.145
9.750000,2,45,2464.85,6.4123,0.28063,72.44,49.963,5.641,281.83,24.976,24.208,-0.009868,-0.029419,0.017562,10.776,22.145
9.753906,2,45,2475.03,6.3388,0.28422,73.67,49.944,5.808,290.05,24.979,24.210,0.006629,-0.001354,-0.018249,10.732,22.145
9.757813,2,45,2483.23,6.3587,0.27389,71.22,49.906,5.755,287.19,24.981,24.212,-0.032218,0.004027,-0.021774,10.740,22.145
9.761719,2,45,2486.43,6.5060,0.28549,74.34,49.928,5.741,286.64,24.983,24.213,-0.010496,-0.028253,0.016490,10.839,22.145
9.765625,2,45,2486.09,6.4774,0.28423,74.00,49.914,5.807,289.85,24.985,24.215,-0.019746,-0.028845,0.014701,10.895,22.145
9.769531,2,45,2494.24,6.5559,0.27587,72.06,49.920,5.649,282.02,24.987,24.216,0.040728,0.031588,0.012871,10.905,22.145
9.773438,2,45,2501.63,6.6024,0.28226,73.94,49.924,5.697,284.40,24.989,24.218,-0.007987,-0.022683,0.007413,10.892,22.145
9.777344,2,45,2498.32,6.5949,0.29328,76.73,49.911,5.751,287.03,24.991,24.220,0.041325,0.033974,0.017531,10.831,22.146
9.781250,2,45,2499.12,6.5377,0.28866,75.54,49.931,5.605,279.84,24.993,24.221,0.003577,-0.002966,-0.008670,10.843,22.146
9.785156,2,45,2505.38,6.6432,0.29144,76.46,49.942,5.758,287.57,24.995,24.223,-0.012088,-0.036071,0.018542,10.895,22.146
9.789063,2,45,2506.72,6.5579,0.27124,71.20,49.910,5.755,287.24,24.997,24.224,0.000649,0.014879,0.007125,10.937,22.146
9.792969,2,45,2518.29,6.6301,0.30392,80.15,49.906,5.944,296.62,24.999,24.226,0.015534,0.027858,0.014299,10.815,22.146
9.796875,2,45,2513.69,6.6623,0.28271,74.42,49.936,5.817,290.46,25.002,24.228,-0.002119,-0.009699,-0.004424,10.961,22.146
9.800781,2,45,2524.10,6.6209,0.28579,75.54,49.935,5.841,291.65,25.004,24.229,0.023689,-0.000903,-0.019008,11.043,22.146
9.804688,2,45,2529.24,6.7043,0.28687,75.98,49.932,5.858,292.50,25.006,24.231,0.023637,0.000701,-0.019310,10.981,22.146
9.808594,2,45,2524.84,6.6401,0.29825,78.86,49.956,5.750,287.22,25.008,24.233,-0.030684,-0.001663,-0.010466,11.059,22.146
9.812500,2,45,2537.21,6.8755,0.28349,75.32,49.928,5.869,293.01,25.010,24.234,-0.010789,0.010681,-0.003963,10.993,22.146
9.816406,2,45,2524.98,6.7124,0.27965,73.94,49.905,5.750,286.97,25.012,24.236,0.034887,0.033014,0.016900,10.896,22.146
9.820313,2,45,2534.78,6.6524,0.28131,74.67,49.916,5.909,294.94,25.014,24.237,-0.029796,0.002923,-0.018808,11.024,22.146
9.824219,2,45,2539.99,6.7092,0.28640,76.18,49.925,5.791,289.09,25.017,24.239,-0.023979,0.001282,-0.011306,10.984,22.146
9.828125,2,45,2538.84,6.8268,0.29973,79.69,49.938,5.891,294.20,25.019,24.241,-0.030097,0.000234,-0.017544,11.016,22.146
9.832031,2,45,2541.24,6.7633,0.29193,77.69,49.914,5.949,296.96,25.021,24.242,-0.004139,-0.003815,-0.005604,11.038,22.146
9.835938,2,45,2548.76,6.8181,0.27876,74.40,49.930,5.922,295.70,25.023,24.244,-0.034451,0.004851,-0.018929,11.163,22.146
9.839844,2,45,2553.85,6.8301,0.28152,75.29,49.920,5.810,290.01,25.025,24.246,-0.034180,0.000457,-0.016965,11.151,22.146
9.843750,2,45,2557.79,6.9334,0.29098,77.94,49.912,5.947,296.84,25.027,24.247,-0.016332,-0.030970,0.012881,11.076,22.146
9.847656,2,45,2560.76,6.9178,0.28854,77.38,49.914,5.877,293.34,25.030,24.249,0.022966,-0.002333,-0.016842,11.083,22.146
9.851563,2,45,2550.13,6.8212,0.28910,77.21,49.927,5.857,292.44,25.032,24.251,-0.026205,-0.011117,-0.000686,11.025,22.146
9.855469,2,45,2563.09,6.8434,0.30551,82.00,49.900,5.951,296.97,25.034,24.252,0.011511,0.027603,0.012186,11.157,22.146
9.859375,2,45,2568.27,6.8336,0.30747,82.69,49.918,5.946,296.81,25.036,24.254,0.018460,0.032101,0.013311,11.143,22.146
9.863281,2,45,2570.91,6.8971,0.29163,78.51,49.934,5.916,295.41,25.038,24.256,-0.013156,-0.031939,0.015499,11.257,22.146
9.867188,2,45,2572.35,7.0332,0.28917,77.90,49.905,5.980,298.45,25.040,24.258,0.018814,0.031715,0.018040,11.223,22.147
9.871094,2,45,2569.05,6.8848,0.28563,76.84,49.912,5.893,294.11,25.043,24.259,-0.019765,-0.029425,0.008368,11.268,22.147
9.875000,2,45,2579.29,7.0249,0.29949,80.89,49.902,5.861,292.48,25.045,24.261,-0.008947,-0.024182,0.012900,11.252,22.147
9.878906,2,45,2585.61,7.0295,0.31181,84.43,49.901,6.071,302.95,25.047,24.263,-0.030990,-0.009161,-0.003245,11.322,22.147
9.882813,2,45,2582.54,6.9284,0.30196,81.66,49.880,5.963,297.43,25.049,24.264,0.006497,-0.004428,-0.014557,11.253,22.147
9.886719,2,45,2593.32,7.0000,0.29835,81.02,49.904,6.166,307.70,25.052,24.266,0.013557,0.001797,-0.021583,11.283,22.147
9.890625,2,45,2594.41,7.0799,0.31681,86.07,49.889,6.128,305.71,25.054,24.268,-0.020616,-0.023123,0.008289,11.286,22.147
9.894531,2,45,2589.46,7.0837,0.29869,81.00,49.910,5.972,298.08,25.056,24.270,0.016226,0.028452,0.014037,11.207,22.147
9.898438,2,45,2597.70,7.0795,0.30263,82.33,49.899,6.013,300.06,25.058,24.271,-0.011288,-0.035016,0.020942,11.200,22.147
9.902344,2,45,2600.79,7.1288,0.31307,85.27,49.902,6.066,302.70,25.061,24.273,0.036095,0.007793,-0.005821,11.324,22.147
9.906250,2,45,2600.54,7.0884,0.30839,83.98,49.894,5.989,298.84,25.063,24.275,0.007636,-0.004714,-0.015371,11.437,22.147
9.910156,2,45,2598.18,6.9606,0.30765,83.71,49.870,6.154,306.89,25.065,24.277,0.041737,0.031653,0.015054,11.274,22.147
9.914063,2,45,2603.46,7.1050,0.30127,82.14,49.885,5.996,299.09,25.067,24.278,0.042229,0.019610,0.006523,11.255,22.147
9.917969,2,45,2603.48,7.1127,0.30199,82.33,49.920,6.083,303.66,25.070,24.280,0.009266,-0.005319,-0.019307,11.241,22.147
9.921875,2,45,2596.50,7.0372,0.29643,80.60,49.899,6.088,303.77,25.072,24.282,0.007583,0.000423,-0.018675,11.294,22.147
9.925781,2,45,2609.48,7.1553,0.30345,82.92,49.911,5.984,298.69,25.074,24.283,-0.024367,-0.016831,0.004795,11.356,22.147
9.929688,2,45,2618.84,7.2113,0.30062,82.44,49.890,6.112,304.93,25.076,24.285,0.001979,-0.002304,-0.009450,11.497,22.147
9.933594,2,45,2617.35,7.3060,0.30926,84.76,49.911,6.187,308.80,25.079,24.287,0.014945,-0.004381,-0.020638,11.324,22.147
9.937500,2,45,2622.61,7.1962,0.31064,85.31,49.880,6.238,311.15,25.081,24.289,0.006708,-0.000992,-0.014541,11.307,22.147
9.941406,2,45,2623.65,7.2722,0.30421,83.58,49.915,6.099,304.43,25.083,24.291,-0.028291,-0.008770,-0.002142,11.483,22.147
9.945313,2,45,2626.15,7.2281,0.31664,87.08,49.892,6.088,303.72,25.086,24.292,0.022119,-0.001364,-0.017896,11.551,22.147
9.949219,2,45,2626.64,7.1272,0.31802,87.47,49.889,6.180,308.34,25.088,24.294,-0.009197,-0.037054,0.017686,11.382,22.147
9.953125,2,45,2632.16,7.2970,0.31302,86.28,49.894,6.135,306.12,25.090,24.296,-0.019911,-0.034785,0.014231,11.487,22.148
9.957031,2,45,2627.96,7.2441,0.31690,87.21,49.908,6.055,302.21,25.092,24.298,0.037501,0.034460,0.017327,11.479,22.148
9.960938,2,45,2635.09,7.3162,0.30813,85.03,49.874,6.311,314.74,25.095,24.300,-0.005800,-0.016606,0.006181,11.437,22.148
9.964844,2,45,2641.24,7.2625,0.32188,89.03,49.909,6.244,311.64,25.097,24.301,-0.018921,-0.025682,0.011262,11.458,22.148
9.968750,2,45,2638.19,7.2953,0.31345,86.60,49.936,6.113,305.24,25.099,24.303,0.019041,-0.000803,-0.019267,11.428,22.148
9.972656,2,45,2651.50,7.4421,0.31874,88.50,49.891,6.286,313.59,25.102,24.305,-0.028431,-0.013051,-0.000848,11.597,22.148
9.976563,2,45,2648.37,7.2656,0.32258,89.46,49.867,6.311,314.72,25.104,24.307,0.007167,-0.004625,-0.016945,11.568,22.148
9.980469,2,45,2645.56,7.4179,0.32074,88.86,49.885,6.054,301.99,25.106,24.309,0.030164,0.035252,0.018474,11.521,22.148
9.984375,2,45,2637.87,7.3642,0.31445,86.86,49.872,6.194,308.93,25.109,24.310,-0.005181,0.015155,0.000333,11.453,22.148
9.988281,2,45,2642.03,7.4300,0.31040,85.88,49.879,6.197,309.10,25.111,24.312,-0.033763,0.003879,-0.017771,11.400,22.148
9.992188,2,45,2643.26,7.4191,0.31958,88.46,49.890,6.191,308.85,25.113,24.314,0.042574,0.018532,-0.001148,11.571,22.148
9.996094,2,45,2656.48,7.4945,0.31907,88.76,49.890,6.348,316.70,25.116,24.316,-0.015119,-0.034680,0.017903,11.574,22.148
10.000000,2,45,2653.42,7.3844,0.31336,87.07,49.886,6.198,309.20,25.118,24.318,0.034880,0.006176,-0.007405,11.598,22.148
10.003906,2,45,2661.95,7.3931,0.31449,87.67,49.897,6.285,313.62,25.120,24.319,-0.035058,0.002948,-0.018990,11.504,22.148
10.007813,2,45,2652.85,7.3511,0.30681,85.23,49.872,6.279,313.15,25.123,24.321,-0.006727,-0.020991,0.009287,11.584,22.148
10.011719,2,45,2670.17,7.4640,0.31334,87.62,49.906,6.245,311.66,25.125,24.323,-0.013944,-0.034409,0.020014,11.555,22.148
10.015625,2,45,2659.21,7.4584,0.32235,89.77,49.880,6.186,308.55,25.127,24.325,-0.025582,0.000021,-0.014103,11.625,22.148
10.019531,2,45,2664.98,7.4433,0.32021,89.36,49.906,6.186,308.74,25.130,24.327,0.019973,0.029733,0.016164,11.463,22.148
10.023438,2,45,2664.63,7.4668,0.32281,90.08,49.872,6.246,311.50,25.132,24.328,0.045640,0.027449,0.011496,11.663,22.148
10.027344,2,45,2674.34,7.4546,0.31904,89.35,49.885,6.262,312.37,25.134,24.330,-0.011966,0.010410,-0.004731,11.668,22.148
10.031250,2,45,2663.22,7.4418,0.31440,87.68,49.899,6.246,311.68,25.137,24.332,0.032786,0.004259,-0.012861,11.709,22.148
10.035156,2,45,2674.50,7.4797,0.32577,91.24,49.913,6.239,311.39,25.139,24.334,0.019483,-0.005200,-0.018938,11.690,22.148
10.039063,2,45,2675.34,7.4013,0.31502,88.26,49.873,6.370,317.70,25.142,24.336,-0.019436,-0.030756,0.014854,11.689,22.148
10.042969,2,45,2678.54,7.5531,0.33085,92.80,49.901,6.314,315.08,25.144,24.338,0.009118,-0.002282,-0.018588,11.553,22.149
10.046875,2,45,2677.08,7.4062,0.32629,91.47,49.899,6.253,312.02,25.146,24.339,0.027051,-0.000883,-0.019527,11.536,22.149
10.050781,2,45,2682.04,7.4769,0.33449,93.95,49.899,6.317,315.20,25.149,24.341,0.027729,-0.001406,-0.018256,11.676,22.149
10.054688,2,45,2685.81,7.6168,0.31848,89.58,49.883,6.337,316.09,25.151,24.343,0.033838,0.038172,0.018994,11.627,22.149
10.058594,2,45,2682.80,7.5636,0.31301,87.94,49.893,6.340,316.30,25.153,24.345,-0.035283,-0.003344,-0.011395,11.745,22.149
10.062500,2,45,2694.15,7.6385,0.33224,93.74,49.914,6.374,318.13,25.156,24.347,-0.037954,0.000615,-0.020005,11.646,22.149
10.066406,2,45,2690.79,7.6078,0.32259,90.90,49.847,6.349,316.46,25.158,24.349,-0.006443,-0.009673,-0.000097,11.619,22.149
10.070313,2,45,2693.67,7.6547,0.33250,93.79,49.874,6.265,312.48,25.161,24.350,0.037345,0.038754,0.022477,11.890,22.149
10.074219,2,45,2685.42,7.5470,0.33418,93.98,49.875,6.361,317.23,25.163,24.352,-0.027589,0.002490,-0.013316,11.629,22.149
10.078125,2,45,2700.22,7.6381,0.33814,95.61,49.866,6.446,321.43,25.165,24.354,-0.013127,-0.034599,0.019259,11.786,22.149
10.082031,2,45,2696.12,7.6660,0.33803,95.44,49.899,6.254,312.05,25.168,24.356,0.023041,0.035417,0.016998,11.774,22.149
10.085938,2,45,2696.24,7.7530,0.32336,91.30,49.867,6.308,314.58,25.170,24.358,0.033495,0.005401,-0.008746,11.677,22.149
10.089844,2,45,2701.75,7.7079,0.32933,93.18,49.903,6.383,318.55,25.172,24.360,0.013590,-0.003325,-0.021304,11.778,22.149
10.093750,2,45,2701.50,7.6635,0.33007,93.38,49.889,6.293,313.96,25.175,24.361,-0.004539,-0.017011,0.003875,11.707,22.149
10.097656,2,45,2693.89,7.5398,0.32103,90.56,49.893,6.313,314.95,25.177,24.363,0.006512,-0.003629,-0.015451,11.705,22.149
10.101563,2,45,2712.55,7.6576,0.33363,94.77,49.873,6.427,320.54,25.180,24.365,-0.025432,-0.016005,0.006175,11.870,22.149
10.105469,2,45,2707.94,7.7309,0.32495,92.15,49.894,6.374,318.02,25.182,24.367,0.034650,0.038921,0.017332,11.883,22.149
10.109375,2,45,2712.32,7.6853,0.32255,91.61,49.877,6.399,319.16,25.184,24.369,0.007989,0.023529,0.009883,11.773,22.149
10.113281,2,45,2712.92,7.6905,0.33715,95.78,49.839,6.452,321.55,25.187,24.371,0.029111,0.002029,-0.013366,11.844,22.149
10.117188,2,45,2700.99,7.6875,0.32470,91.84,49.895,6.328,315.72,25.189,24.373,-0.001930,-0.007220,-0.001201,11.821,22.149
10.121094,2,45,2715.76,7.7349,0.33280,94.65,49.857,6.480,323.09,25.192,24.374,0.038172,0.037200,0.018070,11.797,22.149
10.125000,2,45,2722.01,7.7729,0.33470,95.41,49.878,6.372,317.81,25.194,24.376,0.014149,-0.001461,-0.017496,11.871,22.149
10.128906,2,45,2719.42,7.7260,0.32798,93.40,49.885,6.421,320.30,25.196,24.378,0.032720,0.037573,0.021118,11.918,22.149
10.132813,2,45,2720.43,7.7238,0.31377,89.39,49.871,6.436,320.96,25.199,24.380,-0.001595,-0.005906,-0.006948,11.717,22.150
10.136719,2,45,2714.92,7.6765,0.32936,93.64,49.883,6.369,317.69,25.201,24.382,-0.025399,-0.022344,0.007530,11.814,22.150
10.140625,2,45,2720.55,7.8264,0.34426,98.08,49.890,6.415,320.03,25.204,24.384,-0.037400,0.003820,-0.018924,11.700,22.150
10.144531,2,45,2723.11,7.8283,0.32183,91.77,49.859,6.417,319.95,25.206,24.386,-0.001463,-0.005995,-0.011153,11.870,22.150
10.148438,2,45,2719.00,7.7668,0.34395,97.93,49.865,6.453,321.77,25.209,24.387,-0.028411,0.003475,-0.013761,11.886,22.150
10.152344,2,45,2721.16,7.7894,0.32432,92.42,49.857,6.395,318.85,25.211,24.389,-0.002284,-0.010812,-0.003448,12.001,22.150
10.156250,2,45,2718.62,7.7960,0.32286,91.92,49.881,6.427,320.56,25.213,24.391,0.042651,0.019561,0.003077,11.729,22.150
10.160156,2,45,2727.46,7.8057,0.34317,98.02,49.872,6.291,313.76,25.216,24.393,-0.034930,0.003448,-0.020918,11.847,22.150
10.164063,2,45,2732.67,7.7639,0.33002,94.44,49.892,6.303,314.46,25.218,24.395,-0.022523,0.003929,-0.007926,11.815,22.150
10.167969,2,45,2729.25,7.8589,0.34447,98.45,49.875,6.389,318.64,25.220,24.397,-0.009028,-0.031971,0.014237,11.794,22.150
10.171875,2,45,2732.49,7.9036,0.32798,93.85,49.861,6.490,323.62,25.223,24.398,0.035581,0.007110,-0.009872,11.897,22.150
10.175781,2,45,2730.99,7.7692,0.33403,95.53,49.847,6.441,321.08,25.225,24.400,0.045870,0.023860,0.007696,11.729,22.150
10.179688,2,45,2735.57,7.9845,0.34523,98.90,49.886,6.460,322.28,25.228,24.402,0.038075,0.034037,0.017570,11.948,22.150
10.183594,2,45,2729.96,7.8574,0.33541,95.89,49.879,6.425,320.47,25.230,24.404,0.012711,-0.002495,-0.020492,11.869,22.150
10.187500,2,45,2737.54,7.9260,0.32986,94.56,49.866,6.456,321.93,25.232,24.406,-0.036452,0.003200,-0.019927,11.878,22.150
10.191406,2,45,2740.88,7.9201,0.34658,99.48,49.885,6.374,317.97,25.235,24.408,-0.010780,-0.037874,0.017823,11.871,22.150
10.195313,2,45,2746.01,7.9015,0.32995,94.88,49.891,6.466,322.61,25.237,24.410,-0.016415,-0.037457,0.016774,11.850,22.150
10.199219,2,45,2742.59,7.9371,0.34203,98.23,49.860,6.616,329.86,25.240,24.412,0.040116,0.011073,-0.001047,12.019,22.150
10.203125,2,45,2744.35,7.8965,0.33006,94.85,49.888,6.382,318.39,25.242,24.413,-0.024254,-0.016842,0.005080,11.875,22.150
10.207031,2,45,2746.18,7.9406,0.33661,96.80,49.854,6.391,318.63,25.245,24.415,0.044067,0.017556,0.007312,11.920,22.150
10.210938,2,45,2746.56,7.8586,0.33707,96.95,49.866,6.519,325.08,25.247,24.417,-0.001957,-0.005016,-0.011046,11.901,22.150
10.214844,2,45,2737.80,7.7705,0.32961,94.50,49.883,6.453,321.90,25.249,24.419,0.038580,0.037938,0.019292,11.983,22.150
10.218750,2,45,2745.50,7.8769,0.34910,100.37,49.883,6.520,325.26,25.252,24.421,-0.011754,-0.040636,0.021610,12.003,22.150
10.222656,2,45,2745.87,7.8833,0.34832,100.16,49.868,6.414,319.83,25.254,24.423,-0.033801,0.001562,-0.022267,11.868,22.151
10.226563,2,45,2742.58,7.7666,0.33250,95.49,49.856,6.534,325.75,25.257,24.425,-0.004245,-0.009635,-0.000573,12.019,22.151
10.230469,2,45,2752.51,7.9621,0.34482,99.39,49.877,6.432,320.83,25.259,24.426,0.017866,-0.001809,-0.018462,11.859,22.151
10.234375,2,45,2744.35,7.9148,0.33017,94.89,49.874,6.426,320.48,25.261,24.428,0.038776,0.039690,0.020681,11.993,22.151
10.238281,2,45,2747.39,7.8954,0.33416,96.14,49.884,6.473,322.90,25.264,24.430,-0.039777,0.001127,-0.020208,11.959,22.151
10.242188,2,45,2744.97,7.9700,0.34677,99.68,49.874,6.432,320.81,25.266,24.432,-0.011769,-0.040554,0.021974,11.891,22.151
10.246094,2,45,2751.23,7.9471,0.34378,99.05,49.852,6.568,327.41,25.269,24.434,-0.036019,0.002672,-0.020398,11.842,22.151
10.250000,2,45,2749.83,7.9314,0.33482,96.42,49.872,6.406,319.47,25.271,24.436,-0.033803,-0.000878,-0.010584,11.893,22.151
10.253906,2,45,2762.10,8.0459,0.33824,97.84,49.877,6.572,327.78,25.274,24.438,0.025218,0.034043,0.021768,12.039,22.151
10.257813,2,45,2751.47,8.0247,0.34634,99.79,49.864,6.489,323.59,25.276,24.439,0.003712,-0.003002,-0.012863,11.994,22.151
10.261719,2,45,2768.50,8.0100,0.34600,100.31,49.872,6.557,327.02,25.278,24.441,-0.008579,-0.022972,0.009448,12.019,22.151
10.265625,2,45,2761.40,7.9975,0.33581,97.11,49.863,6.522,325.22,25.281,24.443,-0.006456,-0.011140,0.001389,12.034,22.151
10.269531,2,45,2767.26,8.0194,0.34105,98.83,49.858,6.573,327.69,25.283,24.445,-0.020030,-0.031455,0.011984,12.042,22.151
10.273438,2,45,2763.42,8.0187,0.35487,102.69,49.838,6.561,326.98,25.286,24.447,0.042234,0.023413,0.010165,11.965,22.151
10.277344,2,45,2755.16,7.9845,0.34392,99.23,49.860,6.512,324.70,25.288,24.449,-0.015897,0.006447,-0.006550,11.972,22.151
10.281250,2,45,2765.87,8.0117,0.34396,99.63,49.883,6.510,324.75,25.291,24.451,-0.010092,0.009608,-0.000720,12.160,22.151
10.285156,2,45,2763.53,8.0394,0.34671,100.34,49.875,6.623,330.33,25.293,24.453,-0.028627,-0.008113,-0.003646,11.965,22.151
10.289063,2,45,2765.85,7.9964,0.34931,101.17,49.857,6.590,328.56,25.296,24.455,0.024076,-0.000245,-0.020825,12.076,22.151
10.292969,2,45,2766.95,8.0019,0.34331,99.48,49.883,6.405,319.52,25.298,24.456,-0.023065,-0.022911,0.007709,12.077,22.151
10.296875,2,45,2774.79,8.0408,0.34444,100.09,49.860,6.627,330.40,25.300,24.458,0.044807,0.017747,0.001265,11.928,22.151
10.300781,2,45,2771.07,8.0840,0.35138,101.96,49.845,6.561,327.05,25.303,24.460,-0.033437,-0.006576,-0.008538,12.100,22.151
10.304688,2,45,2776.30,8.0792,0.33969,98.76,49.847,6.658,331.86,25.305,24.462,-0.036932,-0.000781,-0.020763,12.032,22.151
10.308594,2,45,2770.37,8.0501,0.35162,102.01,49.877,6.623,330.35,25.308,24.464,-0.000648,0.020163,0.006566,11.993,22.151
10.312500,2,45,2780.93,8.1360,0.34843,101.47,49.844,6.672,332.54,25.310,24.466,-0.004400,0.019435,0.004507,12.171,22.151
10.316406,2,45,2775.59,8.0996,0.33551,97.52,49.845,6.651,331.51,25.313,24.468,0.035090,0.006094,-0.007444,12.042,22.152
10.320313,2,45,2778.97,8.0303,0.34731,101.07,49.879,6.497,324.05,25.315,24.470,0.008948,0.028204,0.011747,12.073,22.152
10.324219,2,45,2768.15,7.9772,0.34737,100.70,49.873,6.452,321.80,25.318,24.472,0.018471,-0.002048,-0.019863,12.104,22.152
10.328125,2,45,2772.78,8.0597,0.34112,99.05,49.859,6.573,327.71,25.320,24.474,0.022463,-0.003730,-0.017493,12.073,22.152
10.332031,2,45,2779.09,8.0036,0.34019,99.00,49.895,6.520,325.33,25.323,24.475,-0.011628,-0.036807,0.020704,12.172,22.152
10.335938,2,45,2781.64,8.1471,0.33945,98.88,49.857,6.637,330.91,25.325,24.477,0.044394,0.023494,0.007207,12.074,22.152
10.339844,2,45,2778.69,8.0599,0.35726,103.96,49.863,6.428,320.53,25.327,24.479,-0.035871,0.004591,-0.017962,12.124,22.152
10.343750,2,45,2788.42,8.1973,0.34946,102.04,49.833,6.590,328.38,25.330,24.481,-0.029758,-0.010962,-0.000177,12.110,22.152
10.347656,2,45,2793.78,8.1081,0.35699,104.44,49.854,6.646,331.33,25.332,24.483,-0.038333,0.002463,-0.022794,12.086,22.152
10.351563,2,45,2780.67,8.1354,0.34913,101.66,49.821,6.682,332.89,25.335,24.485,-0.032465,-0.007072,-0.008518,12.092,22.152
10.355469,2,45,2782.75,8.1315,0.33970,98.99,49.843,6.624,330.15,25.337,24.487,0.031187,-0.001612,-0.014309,12.051,22.152
10.359375,2,45,2783.97,8.1487,0.35469,103.40,49.869,6.673,332.79,25.340,24.489,-0.021265,-0.024034,0.008102,12.060,22.152
10.363281,2,45,2779.91,8.1488,0.35176,102.40,49.852,6.571,327.59,25.342,24.491,0.044027,0.028611,0.012869,12.122,22.152
10.367188,2,45,2778.02,8.1385,0.35133,102.21,49.881,6.579,328.15,25.345,24.492,0.012010,0.029813,0.016055,12.046,22.152
10.371094,2,45,2792.80,8.1315,0.35515,103.87,49.854,6.522,325.15,25.347,24.494,-0.032950,-0.004407,-0.008336,12.137,22.152
10.375000,2,45,2785.93,8.1084,0.34197,99.77,49.836,6.685,333.15,25.350,24.496,-0.029943,-0.005356,-0.008896,12.117,22.152
10.378906,2,45,2782.16,8.1641,0.36108,105.20,49.832,6.623,330.05,25.352,24.498,0.030001,-0.001326,-0.012573,12.145,22.152
10.382813,2,45,2783.87,8.0592,0.35274,102.83,49.869,6.670,332.62,25.355,24.500,-0.037429,-0.004667,-0.006602,12.181,22.152
10.386719,2,45,2798.57,8.2235,0.34620,101.46,49.846,6.586,328.31,25.357,24.502,-0.007982,-0.017924,0.006342,12.174,22.152
10.390625,2,45,2782.53,8.1094,0.33715,98.24,49.850,6.587,328.35,25.359,24.504,-0.027717,0.002913,-0.017500,12.167,22.152
10.394531,2,45,2789.01,8.1886,0.34079,99.53,49.829,6.554,326.58,25.362,24.506,0.045446,0.021431,0.007181,12.239,22.152
10.398438,2,45,2786.70,8.2100,0.35364,103.20,49.866,6.564,327.31,25.364,24.507,-0.007008,0.014130,0.000769,12.231,22.152
10.402344,2,45,2789.53,8.1929,0.35690,104.26,49.847,6.535,325.77,25.367,24.509,-0.017896,-0.032969,0.014764,12.071,22.152
10.406250,2,45,2795.72,8.2478,0.35284,103.30,49.862,6.677,332.91,25.369,24.511,-0.029239,0.001540,-0.017074,12.149,22.153
10.410156,2,45,2798.76,8.2480,0.34954,102.44,49.847,6.621,330.04,25.372,24.513,-0.012992,-0.040431,0.023218,12.226,22.153
10.414063,2,45,2792.83,8.1720,0.35695,104.40,49.867,6.592,328.70,25.374,24.515,-0.036189,-0.005673,-0.013065,12.063,22.153
10.417969,2,45,2800.67,8.2465,0.34947,102.49,49.842,6.668,332.36,25.376,24.517,0.026977,-0.002571,-0.018177,12.237,22.153
10.421875,2,45,2795.96,8.2341,0.35600,104.23,49.864,6.664,332.30,25.379,24.519,-0.023871,-0.027837,0.011786,12.275,22.153
10.425781,2,45,2797.58,8.2530,0.34274,100.41,49.869,6.597,329.00,25.381,24.521,0.045045,0.037110,0.020863,12.233,22.153
10.429688,2,45,2794.63,8.2496,0.35638,104.30,49.874,6.669,332.63,25.384,24.523,-0.038792,0.001560,-0.020706,12.089,22.153
10.433594,2,45,2794.17,8.2369,0.35273,103.21,49.845,6.642,331.06,25.386,24.524,-0.027279,0.005437,-0.016549,12.051,22.153
10.437500,2,45,2801.34,8.1791,0.35111,103.00,49.867,6.601,329.17,25.389,24.526,0.018001,-0.002736,-0.018940,12.148,22.153
10.441406,2,45,2803.27,8.2613,0.35433,104.02,49.869,6.631,330.70,25.391,24.528,-0.033015,0.002638,-0.019073,12.294,22.153
10.445313,2,45,2798.88,8.2285,0.34807,102.02,49.863,6.621,330.14,25.394,24.530,0.029761,0.002193,-0.010862,12.062,22.153
10.449219,2,45,2801.93,8.3599,0.36271,106.43,49.873,6.673,332.81,25.396,24.532,-0.002812,0.018382,0.005377,12.219,22.153
10.453125,2,45,2797.96,8.3057,0.35968,105.39,49.845,6.634,330.66,25.399,24.534,-0.005067,-0.014767,-0.000120,12.140,22.153
10.457031,2,45,2799.97,8.2417,0.34260,100.46,49.867,6.636,330.92,25.401,24.536,0.004057,0.026268,0.010402,12.266,22.153
10.460938,2,45,2803.87,8.2101,0.35575,104.46,49.860,6.646,331.35,25.403,24.538,-0.032889,0.002428,-0.021422,12.046,22.153
10.464844,2,45,2808.12,8.2884,0.34771,102.25,49.878,6.520,325.21,25.406,24.539,-0.038806,-0.001283,-0.016689,12.184,22.153
10.468750,2,45,2807.86,8.3092,0.35669,104.88,49.859,6.734,335.77,25.408,24.541,-0.024442,0.005374,-0.010258,12.337,22.153
10.472656,2,45,2812.76,8.3796,0.35641,104.98,49.829,6.680,332.87,25.411,24.543,-0.008530,0.012562,0.000160,12.284,22.153
10.476563,2,45,2802.87,8.2612,0.34400,100.97,49.877,6.600,329.21,25.413,24.545,-0.000501,-0.003171,-0.010161,12.331,22.153
10.480469,2,45,2815.38,8.3231,0.35424,104.44,49.836,6.756,336.71,25.416,24.547,-0.039480,0.001655,-0.016572,12.170,22.153
10.484375,2,45,2815.39,8.2981,0.36061,106.32,49.856,6.629,330.48,25.418,24.549,-0.009335,0.014729,0.002876,12.227,22.153
10.488281,2,45,2811.29,8.2936,0.34408,101.30,49.858,6.763,337.17,25.421,24.551,-0.002538,-0.007961,-0.006803,12.211,22.153
10.492188,2,45,2815.21,8.2666,0.36701,108.20,49.846,6.665,332.22,25.423,24.553,0.021767,-0.002048,-0.017106,12.222,22.153
10.496094,2,45,2816.56,8.2574,0.36410,107.39,49.873,6.710,334.65,25.426,24.555,-0.032315,-0.009669,-0.002520,12.330,22.153
10.500000,2,45,2813.72,8.2559,0.34968,103.03,49.858,6.492,323.68,25.428,24.556,-0.000727,-0.005567,-0.011247,12.141,22.154
10.503906,2,45,2813.30,8.3202,0.35745,105.31,49.842,6.745,336.17,25.430,24.558,-0.010128,-0.032364,0.014048,12.101,22.154
10.507813,2,45,2803.91,8.3275,0.34700,101.89,49.829,6.844,341.02,25.433,24.560,0.026947,0.035450,0.019815,12.286,22.154
10.511719,2,45,2811.20,8.2636,0.35406,104.23,49.864,6.660,332.07,25.435,24.562,-0.009085,-0.030449,0.010957,12.343,22.154
10.515625,2,45,2808.52,8.3855,0.34648,101.90,49.859,6.658,331.96,25.438,24.564,0.040426,0.008715,-0.006345,12.156,22.154
10.519531,2,45,2820.34,8.3357,0.36046,106.46,49.873,6.641,331.18,25.440,24.566,-0.008829,-0.015838,0.007201,12.161,22.154
10.523438,2,45,2815.26,8.3285,0.34858,102.77,49.844,6.766,337.25,25.443,24.568,-0.040473,-0.000136,-0.015318,12.182,22.154
10.527344,2,45,2812.85,8.3747,0.35510,104.60,49.864,6.753,336.73,25.445,24.570,-0.010314,-0.033469,0.015373,12.259,22.154
10.531250,2,45,2818.51,8.3650,0.35541,104.90,49.869,6.761,337.18,25.448,24.572,-0.028446,-0.013468,-0.000211,12.296,22.154
10.535156,2,45,2814.48,8.4023,0.36397,107.27,49.844,6.643,331.12,25.450,24.573,0.045304,0.018804,0.007285,12.254,22.154
10.539063,2,45,2818.50,8.3192,0.36914,108.95,49.863,6.652,331.67,25.453,24.575,0.034438,0.038606,0.018119,12.184,22.154
10.542969,2,45,2821.68,8.3671,0.35902,106.08,49.842,6.728,335.32,25.455,24.577,-0.033107,0.002465,-0.021458,12.260,22.154
10.546875,2,45,2815.56,8.2832,0.35007,103.22,49.857,6.707,334.38,25.458,24.579,-0.018420,0.007405,-0.008794,12.190,22.154
10.550781,2,45,2826.09,8.4042,0.36175,107.06,49.852,6.898,343.86,25.460,24.581,-0.007644,0.012889,0.002504,12.184,22.154
10.554688,2,45,2814.08,8.3046,0.34414,101.42,49.849,6.682,333.07,25.463,24.583,0.020851,0.032880,0.016613,12.301,22.154
10.558594,2,45,2829.98,8.5122,0.36618,108.52,49.846,6.585,328.25,25.465,24.585,0.012562,0.030828,0.015581,12.169,22.154
10.562500,2,45,2818.37,8.3544,0.35553,104.93,49.855,6.827,340.38,25.468,24.587,0.043389,0.028614,0.011321,12.209,22.154
10.566406,2,45,2814.76,8.2820,0.36005,106.13,49.871,6.733,335.76,25.470,24.589,-0.026320,-0.019628,0.003255,12.232,22.154
10.570313,2,45,2815.26,8.3340,0.36712,108.23,49.828,6.680,332.87,25.472,24.590,-0.005832,0.019015,0.003155,12.168,22.154
10.574219,2,45,2816.02,8.3246,0.35784,105.52,49.831,6.667,332.23,25.475,24.592,0.027553,0.000426,-0.019395,12.252,22.154
10.578125,2,45,2808.89,8.2328,0.34632,101.87,49.854,6.593,328.71,25.477,24.594,0.040102,0.010415,-0.002335,12.151,22.154
10.582031,2,45,2826.62,8.4783,0.36856,109.09,49.861,6.755,336.79,25.480,24.596,-0.012364,-0.036279,0.016734,12.229,22.154
10.585938,2,45,2827.88,8.3429,0.35948,106.45,49.837,6.703,334.07,25.482,24.598,-0.018260,0.007567,-0.006390,12.335,22.154
10.589844,2,45,2822.58,8.3957,0.34779,102.80,49.873,6.595,328.91,25.485,24.600,0.045276,0.022097,0.005257,12.299,22.154
10.593750,2,45,2826.31,8.4880,0.35591,105.34,49.849,6.653,331.64,25.487,24.602,0.014493,0.030534,0.014623,12.407,22.155
10.597656,2,45,2824.74,8.4580,0.35681,105.55,49.856,6.722,335.12,25.489,24.603,-0.017389,0.009822,-0.005112,12.362,22.155
10.601563,2,45,2823.15,8.4153,0.36260,107.20,49.850,6.687,333.35,25.492,24.605,-0.038340,0.000307,-0.020493,12.358,22.155
10.605469,2,45,2825.04,8.3669,0.37117,109.81,49.841,6.614,329.63,25.494,24.607,0.011215,-0.001471,-0.019800,12.401,22.155
10.609375,2,45,2835.74,8.4131,0.36663,108.87,49.818,6.722,334.88,25.497,24.609,-0.001897,-0.007057,-0.007159,12.383,22.155
10.613281,2,45,2829.52,8.4219,0.36385,107.81,49.870,6.727,335.49,25.499,24.611,-0.011722,-0.026769,0.014172,12.396,22.155
10.617188,2,45,2829.53,8.4729,0.35372,104.81,49.835,6.804,339.07,25.502,24.613,-0.030871,-0.018228,0.005404,12.226,22.155
10.621094,2,45,2833.01,8.4195,0.36176,107.33,49.854,6.837,340.85,25.504,24.615,-0.005944,-0.024716,0.010645,12.368,22.155
10.625000,2,45,2828.34,8.4356,0.36059,106.80,49.842,6.749,336.38,25.507,24.617,-0.035877,-0.001059,-0.021072,12.337,22.155
10.628906,2,45,2827.21,8.3504,0.36651,108.51,49.849,6.822,340.09,25.509,24.618,-0.036215,-0.001204,-0.020787,12.209,22.155
10.632813,2,45,2828.61,8.3995,0.35981,106.58,49.865,6.665,332.35,25.512,24.620,0.029740,0.003651,-0.019684,12.177,22.155
10.636719,2,45,2830.29,8.4262,0.35736,105.92,49.858,6.659,331.98,25.514,24.622,-0.031262,-0.005238,-0.010819,12.345,22.155
10.640625,2,45,2845.52,8.4696,0.36020,107.33,49.857,6.793,338.67,25.516,24.624,-0.018207,-0.033137,0.016624,12.497,22.155
10.644531,2,45,2832.44,8.3654,0.36288,107.64,49.845,6.643,331.12,25.519,24.626,-0.007493,-0.025785,0.013269,12.265,22.155
10.648438,2,45,2837.31,8.3448,0.35570,105.69,49.867,6.622,330.20,25.521,24.628,-0.012251,-0.038118,0.021092,12.340,22.155
10.652344,2,45,2836.41,8.5006,0.35079,104.20,49.828,6.744,336.02,25.524,24.630,-0.014956,-0.042452,0.022902,12.437,22.155
10.656250,2,45,2829.45,8.4965,0.36211,107.29,49.878,6.607,329.52,25.526,24.631,-0.011729,-0.030827,0.016083,12.361,22.155
10.660156,2,45,2829.34,8.4362,0.36081,106.90,49.855,6.797,338.88,25.529,24.633,-0.024335,-0.020462,0.003253,12.203,22.155
10.664063,2,45,2829.14,8.3638,0.36885,109.28,49.867,6.666,332.44,25.531,24.635,-0.035960,0.000479,-0.019155,12.222,22.155
10.667969,2,45,2836.09,8.4215,0.36136,107.32,49.845,6.685,333.22,25.533,24.637,0.031643,0.001393,-0.011622,12.241,22.155
10.671875,2,45,2833.85,8.4788,0.36638,108.73,49.857,6.818,339.92,25.536,24.639,0.023571,0.033792,0.017484,12.417,22.155
10.675781,2,45,2832.55,8.4912,0.36725,108.94,49.860,6.611,329.65,25.538,24.641,0.005910,0.023512,0.008988,12.326,22.155
10.679688,2,45,2832.15,8.4833,0.36562,108.44,49.844,6.798,338.84,25.541,24.642,0.041867,0.037110,0.018859,12.324,22.155
10.683594,2,45,2826.59,8.3952,0.35884,106.22,49.873,6.661,332.18,25.543,24.644,0.023843,-0.001227,-0.020329,12.225,22.155
10.687500,2,45,2840.45,8.5899,0.37111,110.39,49.860,6.760,337.03,25.545,24.646,-0.009677,0.013903,0.001917,12.397,22.155
10.691406,2,45,2851.28,8.5811,0.37787,112.83,49.853,6.672,332.61,25.548,24.648,0.030110,0.039713,0.019940,12.415,22.156
10.695313,2,45,2840.07,8.4140,0.37089,110.31,49.863,6.737,335.92,25.550,24.650,0.035498,0.000625,-0.013232,12.215,22.156
10.699219,2,45,2827.79,8.4186,0.34541,102.28,49.877,6.608,329.59,25.553,24.652,0.034445,0.002114,-0.014185,12.215,22.156
10.703125,2,45,2848.58,8.5145,0.35850,106.94,49.876,6.708,334.59,25.555,24.653,0.045380,0.031649,0.015938,12.500,22.156
10.707031,2,45,2834.92,8.4186,0.36327,107.84,49.864,6.688,333.48,25.557,24.655,-0.027474,0.005854,-0.012028,12.378,22.156
10.710938,2,45,2830.74,8.3307,0.37280,110.51,49.853,6.699,333.97,25.560,24.657,0.018097,-0.000782,-0.019268,12.257,22.156
10.714844,2,45,2833.92,8.4683,0.35892,106.52,49.845,6.788,338.34,25.562,24.659,0.037689,0.037851,0.022033,12.293,22.156
10.718750,2,45,2835.87,8.3894,0.35954,106.77,49.856,6.752,336.62,25.565,24.661,-0.014859,-0.037463,0.020443,12.359,22.156
10.722656,2,45,2848.88,8.4908,0.37103,110.69,49.863,6.706,334.40,25.567,24.663,0.044212,0.036656,0.015510,12.470,22.156
10.726563,2,45,2834.20,8.4673,0.36130,107.23,49.835,6.778,337.79,25.570,24.664,-0.026664,-0.018762,0.005808,12.215,22.156
10.730469,2,45,2841.23,8.5088,0.36136,107.52,49.859,6.692,333.66,25.572,24.666,0.043500,0.035376,0.015409,12.171,22.156
10.734375,2,45,2842.13,8.4842,0.36713,109.27,49.849,6.722,335.10,25.574,24.668,-0.006122,-0.020610,0.004060,12.381,22.156
10.738281,2,45,2842.23,8.5447,0.35512,105.70,49.852,6.671,332.57,25.577,24.670,-0.024003,-0.019601,0.006584,12.399,22.156
10.742188,2,45,2833.70,8.4673,0.37017,109.85,49.841,6.748,336.33,25.579,24.672,0.013070,-0.001062,-0.019119,12.387,22.156
10.746094,2,45,2836.76,8.4524,0.35067,104.17,49.852,6.691,333.56,25.582,24.674,0.029073,0.040157,0.020282,12.235,22.156
10.750000,2,45,2839.47,8.4109,0.35133,104.47,49.820,6.777,337.64,25.584,24.675,-0.032443,-0.005083,-0.011285,12.409,22.156
10.753906,2,45,2834.88,8.4834,0.35641,105.81,49.857,6.618,329.94,25.586,24.677,0.043731,0.037715,0.018295,12.255,22.156
10.757813,2,45,2843.84,8.5407,0.35619,106.08,49.834,6.801,338.94,25.589,24.679,-0.026994,0.001942,-0.013423,12.377,22.156
10.761719,2,45,2847.54,8.5424,0.35739,106.57,49.855,6.782,338.13,25.591,24.681,-0.033169,-0.002498,-0.008647,12.395,22.156
10.765625,2,45,2851.27,8.6061,0.36650,109.43,49.837,6.849,341.34,25.594,24.683,-0.017806,-0.040872,0.022963,12.378,22.156
10.769531,2,45,2840.15,8.4534,0.34843,103.63,49.834,6.735,335.62,25.596,24.685,-0.033112,-0.000766,-0.015563,12.339,22.156
10.773438,2,45,2840.71,8.5096,0.36153,107.55,49.841,6.739,335.90,25.599,24.686,0.035765,0.039028,0.019284,12.374,22.156
10.777344,2,45,2845.68,8.5202,0.37224,110.93,49.853,6.664,332.20,25.601,24.688,0.044805,0.029880,0.015219,12.337,22.156
10.781250,2,45,2840.79,8.5418,0.35991,107.07,49.834,6.742,335.96,25.603,24.690,-0.005844,-0.012023,0.000078,12.304,22.156
10.785156,2,45,2852.74,8.6177,0.36294,108.43,49.818,6.930,345.23,25.606,24.692,-0.039578,-0.003201,-0.018350,12.445,22.157
10.789063,2,45,2846.64,8.4238,0.37120,110.66,49.840,6.674,332.64,25.608,24.694,-0.030721,0.000302,-0.014569,12.585,22.157
10.792969,2,45,2847.50,8.5697,0.36288,108.21,49.860,6.799,338.98,25.611,24.696,0.039760,0.009344,-0.002642,12.406,22.157
10.796875,2,45,2843.44,8.4188,0.37306,111.08,49.861,6.834,340.73,25.613,24.697,-0.027530,-0.021341,0.009467,12.430,22.157
10.800781,2,45,2844.60,8.4600,0.36013,107.28,49.858,6.834,340.75,25.616,24.699,0.031790,0.037681,0.019389,12.296,22.157
10.804688,2,45,2855.26,8.5236,0.36671,109.65,49.847,6.684,333.16,25.618,24.701,0.046046,0.024734,0.011094,12.303,22.157
10.808594,2,45,2841.60,8.5112,0.36324,108.09,49.835,6.652,331.53,25.620,24.703,-0.025653,-0.000174,-0.016104,12.397,22.157
10.812500,2,45,2847.34,8.4753,0.36570,109.04,49.836,6.684,333.09,25.623,24.705,0.042861,0.039712,0.018997,12.354,22.157
10.816406,2,45,2847.80,8.5597,0.37031,110.43,49.870,6.757,336.99,25.625,24.707,0.005293,-0.001187,-0.016841,12.377,22.157
10.820313,2,45,2842.52,8.5088,0.36894,109.82,49.841,6.819,339.87,25.628,24.708,-0.019644,-0.039792,0.017341,12.356,22.157
10.824219,2,45,2851.51,8.5010,0.36852,110.04,49.817,6.854,341.43,25.630,24.710,-0.002714,-0.012109,-0.006306,12.336,22.157
10.828125,2,45,2844.34,8.5474,0.36875,109.84,49.816,6.708,334.18,25.632,24.712,0.019152,-0.004249,-0.021691,12.387,22.157
10.832031,2,45,2854.30,8.5338,0.35959,107.48,49.832,6.856,341.66,25.635,24.714,0.022912,-0.003184,-0.018833,12.385,22.157
10.835938,2,45,2844.39,8.5414,0.34886,103.91,49.845,6.653,331.61,25.637,24.716,-0.028260,-0.016372,-0.000136,12.474,22.157
10.839844,2,45,2842.43,8.5638,0.36059,107.33,49.858,6.722,335.16,25.640,24.717,-0.009612,-0.033393,0.016422,12.436,22.157
10.843750,2,45,2857.11,8.5425,0.37478,112.13,49.845,6.892,343.54,25.642,24.719,0.010139,-0.001546,-0.017551,12.439,22.157
10.847656,2,45,2852.96,8.5593,0.36865,110.14,49.854,6.775,337.77,25.644,24.721,-0.038286,0.002569,-0.021115,12.357,22.157
10.851563,2,45,2840.72,8.5498,0.36323,108.05,49.862,6.758,336.97,25.647,24.723,-0.040098,-0.000089,-0.014839,12.291,22.157
10.855469,2,45,2850.46,8.4933,0.36864,110.04,49.845,6.763,337.13,25.649,24.725,-0.030205,-0.010059,-0.003427,12.343,22.157
10.859375,2,45,2858.21,8.5757,0.35874,107.37,49.857,6.882,343.14,25.652,24.727,0.019823,-0.002856,-0.021282,12.391,22.157
10.863281,2,45,2857.63,8.5361,0.36822,110.19,49.853,6.837,340.83,25.654,24.729,0.005375,-0.007150,-0.014378,12.533,22.157
10.867188,2,45,2851.03,8.5664,0.36032,107.58,49.845,6.795,338.70,25.657,24.730,0.007454,-0.001387,-0.020454,12.425,22.157
10.871094,2,45,2852.95,8.5519,0.37266,111.33,49.837,6.849,341.35,25.659,24.732,-0.023370,0.004622,-0.011187,12.371,22.157
10.875000,2,45,2855.49,8.6091,0.36220,108.31,49.848,6.805,339.20,25.661,24.734,-0.010458,-0.040258,0.022287,12.314,22.157
10.878906,2,45,2857.03,8.6198,0.35428,106.00,49.835,6.654,331.62,25.664,24.736,0.018884,0.031571,0.014396,12.532,22.157
10.882813,2,45,2862.33,8.6282,0.38284,114.75,49.848,6.720,334.98,25.666,24.738,0.048665,0.026185,0.009272,12.511,22.158
10.886719,2,45,2846.99,8.4712,0.37072,110.53,49.810,6.899,343.66,25.669,24.739,-0.011447,-0.038245,0.023287,12.328,22.158
10.890625,2,45,2846.42,8.4255,0.36563,108.99,49.855,6.692,333.63,25.671,24.741,-0.021723,-0.026329,0.012771,12.390,22.158
10.894531,2,45,2861.47,8.6025,0.37845,113.40,49.858,6.763,337.19,25.673,24.743,-0.013680,-0.039094,0.019868,12.451,22.158
10.898438,2,45,2853.80,8.6245,0.36999,110.57,49.866,6.888,343.46,25.676,24.745,0.008604,-0.002905,-0.016279,12.424,22.158
10.902344,2,45,2856.13,8.5584,0.37046,110.80,49.852,6.819,339.94,25.678,24.747,-0.000116,0.018237,0.005641,12.368,22.158
10.906250,2,45,2858.71,8.5639,0.36536,109.38,49.849,6.904,344.17,25.681,24.749,-0.018558,-0.034543,0.016192,12.516,22.158
10.910156,2,45,2851.43,8.6545,0.36670,109.50,49.839,6.822,340.00,25.683,24.750,-0.007588,-0.025204,0.007730,12.518,22.158
10.914063,2,45,2855.20,8.5061,0.35473,106.06,49.809,6.897,343.54,25.686,24.752,0.009745,-0.002010,-0.016039,12.517,22.158
10.917969,2,45,2854.46,8.4698,0.37849,113.14,49.834,6.798,338.75,25.688,24.754,-0.002939,-0.005732,-0.009398,12.574,22.158
10.921875,2,45,2852.19,8.4725,0.36870,110.12,49.855,6.727,335.38,25.690,24.756,0.043751,0.017077,0.003251,12.441,22.158
10.925781,2,45,2859.34,8.5970,0.37068,110.99,49.841,6.808,339.30,25.693,24.758,-0.024681,-0.021302,0.007609,12.511,22.158
10.929688,2,45,2850.78,8.4843,0.37294,111.34,49.838,6.699,333.86,25.695,24.759,0.023206,-0.003481,-0.019611,12.338,22.158
10.933594,2,45,2848.20,8.4656,0.36461,108.75,49.831,6.746,336.17,25.697,24.761,0.014491,0.028919,0.015006,12.362,22.158
10.937500,2,45,2855.54,8.6201,0.36928,110.43,49.857,6.722,335.12,25.700,24.763,-0.011189,-0.035367,0.020288,12.504,22.158
10.941406,2,45,2852.72,8.5417,0.36579,109.28,49.845,6.669,332.40,25.702,24.765,0.042480,0.010778,-0.002482,12.357,22.158
10.945313,2,45,2847.00,8.4641,0.36080,107.57,49.842,6.773,337.60,25.704,24.766,0.008557,-0.005390,-0.018462,12.521,22.158
10.949219,2,45,2853.37,8.5047,0.36553,109.22,49.840,6.840,340.88,25.707,24.768,-0.028487,-0.013469,-0.000397,12.517,22.158
10.953125,2,45,2853.72,8.5049,0.35882,107.23,49.850,6.704,334.18,25.709,24.770,-0.009153,0.014165,0.003077,12.454,22.158
10.957031,2,45,2853.69,8.5916,0.36354,108.64,49.861,6.762,337.18,25.711,24.772,0.044570,0.036774,0.015419,12.426,22.158
10.960938,2,45,2862.03,8.6844,0.37274,111.71,49.866,6.770,337.59,25.714,24.774,-0.040229,0.000812,-0.024373,12.509,22.158
10.964844,2,45,2859.52,8.5054,0.36822,110.26,49.859,6.825,340.27,25.716,24.775,-0.013884,-0.043980,0.021751,12.475,22.158
10.968750,2,45,2859.42,8.6504,0.36717,109.94,49.842,6.781,338.00,25.719,24.777,-0.035457,-0.005859,-0.008429,12.525,22.158
10.972656,2,45,2860.00,8.6046,0.37858,113.39,49.840,6.870,342.41,25.721,24.779,0.020813,0.034439,0.019728,12.461,22.158
10.976563,2,45,2848.71,8.4259,0.37021,110.44,49.833,6.912,344.43,25.724,24.781,0.043187,0.028515,0.013527,12.362,22.158
10.980469,2,45,2857.98,8.5453,0.36769,110.05,49.839,6.780,337.91,25.726,24.783,0.018908,0.032935,0.018261,12.384,22.159
10.984375,2,45,2856.25,8.4812,0.37540,112.28,49.846,6.888,343.36,25.728,24.784,-0.023959,0.005823,-0.013896,12.450,22.159
10.988281,2,45,2854.47,8.5394,0.36927,110.38,49.852,6.839,340.92,25.731,24.786,-0.032908,-0.001328,-0.010778,12.415,22.159
10.992188,2,45,2859.27,8.6312,0.35825,107.27,49.874,6.841,341.19,25.733,24.788,-0.035124,0.003445,-0.024908,12.289,22.159
10.996094,2,45,2853.99,8.5995,0.36144,108.02,49.832,6.828,340.23,25.736,24.790,0.024845,0.037818,0.020193,12.350,22.159
11.000000,2,45,2856.73,8.5885,0.36189,108.26,49.825,6.899,343.75,25.738,24.792,-0.033818,-0.005300,-0.010567,12.492,22.159
11.003906,2,45,2859.82,8.6578,0.37279,111.64,49.829,6.807,339.16,25.740,24.794,-0.007397,-0.023693,0.008851,12.397,22.159
11.007813,2,45,2864.07,8.5678,0.37649,112.92,49.836,6.872,342.46,25.743,24.795,-0.004254,-0.014492,0.000586,12.467,22.159
11.011719,2,45,2860.00,8.5666,0.37066,111.01,49.846,6.884,343.16,25.745,24.797,-0.029790,0.002732,-0.015452,12.423,22.159
11.015625,2,45,2859.77,8.5276,0.36898,110.50,49.856,6.771,337.57,25.748,24.799,0.022139,0.035162,0.018914,12.617,22.159
11.019531,2,45,2856.33,8.5937,0.37096,110.96,49.817,6.814,339.44,25.750,24.801,-0.017339,-0.040951,0.021376,12.443,22.159
11.023438,2,45,2856.40,8.5075,0.36636,109.59,49.874,6.702,334.24,25.752,24.802,-0.036905,-0.000335,-0.018553,12.455,22.159
11.027344,2,45,2868.03,8.6417,0.36771,110.44,49.831,6.877,342.69,25.755,24.804,0.041908,0.039526,0.018609,12.359,22.159
11.031250,2,45,2854.54,8.6012,0.36916,110.35,49.843,6.887,343.26,25.757,24.806,-0.037349,0.000516,-0.023117,12.401,22.159
11.035156,2,45,2856.96,8.5138,0.36042,107.83,49.853,6.742,336.12,25.759,24.808,-0.003945,-0.013010,0.001215,12.453,22.159
11.039063,2,45,2858.18,8.5313,0.38030,113.83,49.828,6.840,340.82,25.762,24.810,-0.036234,0.004843,-0.020198,12.319,22.159
11.042969,2,45,2860.41,8.6089,0.37932,113.62,49.853,6.777,337.87,25.764,24.811,-0.007254,-0.016309,0.001482,12.433,22.159
11.046875,2,45,2847.46,8.5672,0.37168,110.83,49.832,6.762,336.98,25.766,24.813,0.031285,0.001217,-0.011555,12.450,22.159
11.050781,2,45,2858.56,8.5779,0.36104,108.08,49.844,6.763,337.11,25.769,24.815,-0.008897,-0.026242,0.008816,12.463,22.159
11.054688,2,45,2865.04,8.6375,0.37565,112.71,49.853,6.923,345.12,25.771,24.817,-0.033312,-0.001948,-0.017906,12.415,22.159
11.058594,2,45,2857.74,8.5346,0.37177,111.26,49.831,6.709,334.30,25.774,24.818,-0.031113,-0.010014,-0.000995,12.454,22.159
11.062500,2,45,2861.65,8.6103,0.37776,113.20,49.807,6.733,335.36,25.776,24.820,-0.020447,-0.041479,0.018043,12.458,22.159
11.066406,2,45,2860.54,8.6126,0.35672,106.86,49.841,6.822,340.04,25.778,24.822,-0.014692,-0.036271,0.021925,12.385,22.159
11.070313,2,45,2860.47,8.5679,0.37845,113.36,49.846,6.763,337.11,25.781,24.824,-0.037702,-0.001883,-0.018080,12.370,22.159
11.074219,2,45,2853.17,8.5706,0.37198,111.14,49.851,6.783,338.15,25.783,24.825,-0.016354,-0.038391,0.019327,12.407,22.159
11.078125,2,45,2856.91,8.5669,0.35433,106.01,49.859,6.748,336.43,25.785,24.827,-0.009300,-0.023010,0.010647,12.341,22.160
11.082031,2,45,2868.94,8.6040,0.37950,114.01,49.838,6.868,342.30,25.788,24.829,-0.028305,0.001468,-0.014773,12.493,22.160
11.085938,2,45,2866.61,8.7242,0.37933,113.87,49.837,6.830,340.38,25.790,24.831,-0.021569,-0.032606,0.012278,12.553,22.160
11.089844,2,45,2863.49,8.5118,0.35966,107.85,49.857,6.883,343.18,25.792,24.833,0.034489,0.000164,-0.014796,12.578,22.160
11.093750,2,45,2865.84,8.5584,0.37715,113.19,49.836,6.743,336.04,25.795,24.834,-0.027710,0.003152,-0.016414,12.410,22.160
11.097656,2,45,2861.26,8.6504,0.37726,113.04,49.841,6.879,342.84,25.797,24.836,0.038227,0.009539,-0.006523,12.449,22.160
11.101563,2,45,2862.98,8.5769,0.37027,111.01,49.879,6.789,338.64,25.799,24.838,-0.036184,-0.005492,-0.006374,12.510,22.160
11.105469,2,45,2861.43,8.6148,0.37760,113.15,49.849,6.686,333.27,25.802,24.839,-0.020940,-0.035458,0.017839,12.379,22.160
11.109375,2,45,2868.96,8.7192,0.36558,109.83,49.834,6.886,343.18,25.804,24.841,0.041756,0.013725,-0.002080,12.475,22.160
11.113281,2,45,2866.44,8.6465,0.36794,110.45,49.854,6.775,337.77,25.806,24.843,-0.015675,0.008058,-0.008900,12.423,22.160
11.117188,2,45,2872.37,8.6140,0.36592,110.07,49.861,6.793,338.69,25.809,24.845,0.041888,0.013684,-0.002327,12.491,22.160
11.121094,2,45,2865.35,8.6366,0.37119,111.38,49.830,6.904,344.03,25.811,24.847,0.037720,0.038098,0.020043,12.439,22.160
11.125000,2,45,2860.59,8.6132,0.36911,110.57,49.837,6.779,337.84,25.813,24.848,0.000025,-0.004946,-0.013473,12.445,22.160
11.128906,2,45,2870.37,8.6002,0.36786,110.57,49.849,6.808,339.38,25.816,24.850,0.000296,-0.005938,-0.013959,12.565,22.160
11.132813,2,45,2864.23,8.5244,0.36582,109.72,49.837,6.905,344.12,25.818,24.852,-0.007426,-0.008942,-0.001674,12.438,22.160
11.136719,2,45,2864.14,8.6416,0.35657,106.95,49.860,6.715,334.79,25.820,24.854,-0.016599,-0.035744,0.020416,12.480,22.160
11.140625,2,45,2855.01,8.5723,0.36200,108.23,49.843,6.716,334.72,25.823,24.855,0.041320,0.037750,0.019557,12.436,22.160
11.144531,2,45,2865.40,8.5953,0.36697,110.11,49.812,6.974,347.37,25.825,24.857,0.041110,0.005804,-0.007033,12.628,22.160
11.148438,2,45,2859.54,8.6503,0.36465,109.19,49.866,6.907,344.43,25.828,24.859,0.017582,-0.003312,-0.022552,12.370,22.160
11.152344,2,45,2866.17,8.6680,0.36587,109.81,49.816,6.880,342.74,25.830,24.861,-0.037108,-0.007253,-0.011481,12.521,22.160
11.156250,2,45,2870.64,8.6175,0.37564,112.92,49.824,6.836,340.58,25.832,24.862,-0.036295,-0.001372,-0.014029,12.666,22.160
11.160156,2,45,2867.51,8.6460,0.37342,112.13,49.857,6.789,338.50,25.835,24.864,0.004495,0.000632,-0.021170,12.363,22.160
11.164063,2,45,2861.26,8.5098,0.37439,112.18,49.821,6.681,332.84,25.837,24.866,0.003627,-0.003425,-0.015420,12.401,22.160
11.167969,2,45,2866.09,8.5235,0.36311,108.98,49.847,6.775,337.72,25.839,24.868,-0.005239,-0.019101,0.005237,12.388,22.160
11.171875,2,45,2862.55,8.5603,0.37506,112.43,49.836,6.831,340.44,25.841,24.869,0.012101,0.026174,0.015595,12.555,22.160
11.175781,2,45,2873.04,8.6993,0.36277,109.14,49.846,6.896,343.72,25.844,24.871,0.045965,0.032167,0.016407,12.454,22.160
11.179688,2,45,2860.10,8.5810,0.36432,109.12,49.827,6.825,340.06,25.846,24.873,-0.017957,0.004091,-0.008780,12.336,22.161
11.183594,2,45,2858.87,8.5866,0.35999,107.77,49.826,6.834,340.49,25.849,24.875,-0.029119,0.001887,-0.017547,12.566,22.161
11.187500,2,45,2867.12,8.6449,0.36366,109.19,49.844,6.846,341.22,25.851,24.876,-0.016141,-0.039350,0.020251,12.335,22.161
11.191406,2,45,2864.82,8.4932,0.37377,112.13,49.812,6.810,339.21,25.853,24.878,0.009372,-0.000303,-0.018847,12.517,22.161
11.195313,2,45,2876.72,8.7796,0.36835,110.97,49.821,6.842,340.87,25.856,24.880,-0.034012,0.001283,-0.013330,12.565,22.161
11.199219,2,45,2868.32,8.5621,0.37268,111.94,49.846,6.831,340.50,25.858,24.881,0.004176,-0.004333,-0.016204,12.522,22.161
11.203125,2,45,2867.87,8.6024,0.37034,111.22,49.842,6.792,338.52,25.860,24.883,-0.005842,-0.022798,0.005621,12.552,22.161
11.207031,2,45,2868.00,8.6275,0.36536,109.73,49.834,6.829,340.30,25.863,24.885,-0.030192,-0.016288,0.005119,12.514,22.161
11.210938,2,45,2869.03,8.5913,0.36432,109.46,49.846,6.947,346.28,25.865,24.887,0.034540,0.040985,0.020159,12.540,22.161
11.214844,2,45,2858.66,8.5123,0.37386,111.92,49.843,6.797,338.79,25.867,24.888,0.018339,-0.004067,-0.022764,12.419,22.161
11.218750,2,45,2862.91,8.6450,0.37171,111.44,49.860,6.826,340.36,25.870,24.890,0.019808,-0.001704,-0.022017,12.453,22.161
11.222656,2,45,2869.67,8.6721,0.37342,112.22,49.828,6.979,347.74,25.872,24.892,-0.037808,-0.005030,-0.016367,12.513,22.161
11.226563,2,45,2864.04,8.6488,0.37187,111.53,49.855,6.830,340.52,25.874,24.894,-0.027072,0.004166,-0.013104,12.539,22.161
11.230469,2,45,2874.06,8.6858,0.37119,111.72,49.827,6.962,346.88,25.877,24.896,-0.008166,0.010783,0.000146,12.576,22.161
11.234375,2,45,2872.96,8.6867,0.37853,113.88,49.849,6.801,339.05,25.879,24.897,-0.016532,0.012056,-0.004874,12.474,22.161
11.238281,2,45,2862.64,8.5136,0.37213,111.56,49.833,6.824,340.07,25.881,24.899,0.047900,0.019779,0.006980,12.527,22.161
11.242188,2,45,2874.94,8.7015,0.37681,113.44,49.835,6.753,336.53,25.884,24.901,-0.021643,-0.021045,0.005679,12.441,22.161
11.246094,2,45,2862.66,8.5919,0.36688,109.98,49.848,6.887,343.30,25.886,24.902,-0.011285,-0.039679,0.022504,12.612,22.161
11.250000,2,45,2874.63,8.6206,0.37486,112.84,49.849,6.843,341.11,25.888,24.904,0.006874,0.027120,0.011980,12.472,22.161
11.253906,2,45,2865.71,8.6925,0.37568,112.74,49.820,6.881,342.79,25.891,24.906,-0.007632,-0.028425,0.015107,12.457,22.161
11.257813,2,45,2864.90,8.6529,0.36790,110.37,49.841,6.875,342.68,25.893,24.908,-0.012868,-0.036613,0.018465,12.494,22.161
11.261719,2,45,2865.34,8.5521,0.37531,112.61,49.854,6.844,341.23,25.895,24.909,-0.038748,0.002676,-0.020118,12.583,22.161
11.265625,2,45,2861.49,8.5856,0.37856,113.44,49.854,6.721,335.07,25.897,24.911,0.031091,-0.002170,-0.016402,12.417,22.161
11.269531,2,45,2867.05,8.6451,0.37371,112.20,49.843,6.767,337.26,25.900,24.913,-0.009873,-0.029191,0.014700,12.361,22.161
11.273438,2,45,2870.82,8.7719,0.37964,114.13,49.864,6.833,340.73,25.902,24.914,0.005172,-0.000283,-0.012843,12.500,22.161
11.277344,2,45,2868.58,8.6699,0.36623,110.01,49.832,6.710,334.35,25.904,24.916,0.044298,0.024693,0.008825,12.305,22.161
11.281250,2,45,2874.85,8.6895,0.36494,109.87,49.830,6.974,347.52,25.907,24.918,-0.011227,-0.033449,0.016614,12.476,22.162
11.285156,2,45,2874.56,8.6884,0.37092,111.65,49.841,6.889,343.35,25.909,24.920,-0.022252,-0.030543,0.010982,12.526,22.162
11.289063,2,45,2873.89,8.6873,0.36873,110.97,49.824,6.856,341.60,25.911,24.921,-0.034112,-0.008105,-0.007525,12.490,22.162
11.292969,2,45,2868.49,8.6160,0.38103,114.46,49.818,6.998,348.60,25.914,24.923,-0.025765,0.003910,-0.013953,12.443,22.162
11.296875,2,45,2868.69,8.6463,0.37308,112.08,49.834,6.873,342.52,25.916,24.925,0.042541,0.036716,0.020925,12.478,22.162
11.300781,2,45,2872.85,8.7961,0.36663,110.30,49.818,6.886,343.03,25.918,24.927,0.036606,0.037900,0.021999,12.452,22.162
11.304688,2,45,2873.34,8.7839,0.37037,111.44,49.873,6.700,334.13,25.921,24.928,0.006457,-0.000575,-0.020142,12.543,22.162
11.308594,2,45,2874.95,8.6960,0.35859,107.96,49.837,6.817,339.72,25.923,24.930,-0.033268,0.002752,-0.019631,12.424,22.162
11.312500,2,45,2860.36,8.5733,0.36120,108.19,49.839,6.834,340.59,25.925,24.932,0.025016,0.000159,-0.019342,12.373,22.162
11.316406,2,45,2867.21,8.5518,0.36321,109.05,49.856,6.860,342.02,25.928,24.933,-0.037429,0.003400,-0.016548,12.485,22.162
11.320313,2,45,2872.67,8.7046,0.37110,111.64,49.834,6.800,338.88,25.930,24.935,0.002696,0.024913,0.007816,12.468,22.162
11.324219,2,45,2872.25,8.6480,0.36952,111.14,49.843,6.929,345.39,25.932,24.937,0.040016,0.037906,0.018849,12.527,22.162
11.328125,2,45,2874.16,8.7219,0.37277,112.20,49.859,6.778,337.97,25.934,24.938,-0.020997,-0.032520,0.011542,12.470,22.162
11.332031,2,45,2866.85,8.5239,0.36655,110.04,49.816,6.806,339.03,25.937,24.940,-0.004932,-0.014886,-0.000971,12.473,22.162
11.335938,2,45,2869.07,8.5785,0.36253,108.92,49.864,6.762,337.16,25.939,24.942,0.030219,0.039783,0.022202,12.391,22.162
11.339844,2,45,2862.63,8.6228,0.36642,109.84,49.871,6.860,342.09,25.941,24.943,0.021174,0.033957,0.017362,12.312,22.162
11.343750,2,45,2876.66,8.6919,0.37485,112.92,49.852,6.840,340.98,25.944,24.945,-0.030320,-0.000753,-0.019068,12.478,22.162
11.347656,2,45,2876.79,8.6917,0.37683,113.52,49.831,6.877,342.70,25.946,24.947,0.034645,0.042470,0.024005,12.514,22.162
11.351563,2,45,2872.14,8.7439,0.37566,112.99,49.828,6.824,340.02,25.948,24.949,0.002754,-0.002213,-0.014822,12.425,22.162
11.355469,2,45,2867.80,8.6088,0.36953,110.98,49.825,6.961,346.82,25.951,24.950,-0.037366,-0.002784,-0.012313,12.493,22.162
11.359375,2,45,2878.46,8.7636,0.38734,116.76,49.868,6.779,338.08,25.953,24.952,-0.008947,0.012572,0.001639,12.598,22.162
11.363281,2,45,2875.12,8.6861,0.38047,114.55,49.861,6.833,340.69,25.955,24.954,-0.010390,-0.029332,0.017547,12.433,22.162
11.367188,2,45,2874.55,8.7415,0.37592,113.16,49.833,6.863,342.00,25.957,24.955,-0.015911,-0.037756,0.018513,12.465,22.162
11.371094,2,45,2872.67,8.6610,0.38538,115.93,49.837,6.814,339.61,25.960,24.957,-0.002609,-0.007547,-0.006963,12.472,22.162
11.375000,2,45,2875.38,8.5673,0.36679,110.44,49.854,6.864,342.21,25.962,24.959,0.045527,0.036581,0.021150,12.465,22.162
11.378906,2,45,2869.81,8.6666,0.36559,109.87,49.828,6.894,343.51,25.964,24.960,0.034386,0.002442,-0.011231,12.562,22.162
11.382813,2,45,2865.49,8.7653,0.37956,113.90,49.826,6.877,342.63,25.967,24.962,-0.015323,-0.035787,0.015334,12.388,22.163
11.386719,2,45,2870.52,8.6628,0.36991,111.19,49.860,6.817,339.88,25.969,24.964,-0.037798,-0.000802,-0.015874,12.540,22.163
11.390625,2,45,2866.64,8.7148,0.36014,108.11,49.820,6.829,340.23,25.971,24.966,0.042937,0.009935,-0.004191,12.426,22.163
11.394531,2,45,2876.21,8.6256,0.36506,109.95,49.874,6.752,336.73,25.973,24.967,0.040693,0.008744,-0.001985,12.514,22.163
11.398438,2,45,2871.84,8.6538,0.36816,110.72,49.843,6.816,339.74,25.976,24.969,-0.011219,-0.041660,0.022938,12.494,22.163
11.402344,2,45,2869.66,8.5315,0.36999,111.19,49.853,6.756,336.80,25.978,24.970,0.009880,-0.002016,-0.020504,12.504,22.163
11.406250,2,45,2873.52,8.5962,0.37737,113.56,49.838,6.887,343.23,25.980,24.972,0.030553,-0.000285,-0.014762,12.411,22.163
11.410156,2,45,2868.92,8.6511,0.37494,112.64,49.832,6.824,340.03,25.982,24.974,-0.012119,-0.042140,0.020654,12.517,22.163
11.414063,2,45,2871.80,8.5655,0.37173,111.79,49.873,6.819,340.07,25.985,24.976,0.017340,0.002118,-0.023569,12.486,22.163
11.417969,2,45,2872.59,8.6317,0.37416,112.55,49.829,6.872,342.41,25.987,24.977,-0.024403,-0.030272,0.011233,12.530,22.163
11.421875,2,45,2877.24,8.7119,0.37338,112.50,49.829,6.934,345.51,25.989,24.979,-0.036062,-0.006803,-0.004503,12.570,22.163
11.425781,2,45,2874.39,8.7278,0.36821,110.83,49.842,6.957,346.73,25.992,24.981,0.006268,-0.004984,-0.021376,12.457,22.163
11.429688,2,45,2869.45,8.6327,0.36846,110.72,49.841,6.834,340.62,25.994,24.982,-0.018548,-0.037773,0.016069,12.502,22.163
11.433594,2,45,2865.94,8.6560,0.37110,111.38,49.870,6.792,338.73,25.996,24.984,0.043713,0.034482,0.015019,12.483,22.163
11.437500,2,45,2870.46,8.6139,0.36664,110.21,49.844,6.919,344.84,25.998,24.986,0.045033,0.021032,0.004821,12.449,22.163
11.441406,2,45,2870.92,8.6816,0.36919,110.99,49.865,6.840,341.07,26.001,24.987,-0.007967,-0.014160,0.003154,12.461,22.163
11.445313,2,45,2875.25,8.7236,0.37674,113.43,49.808,6.955,346.39,26.003,24.989,-0.005966,-0.017647,0.004033,12.544,22.163
11.449219,2,45,2877.18,8.7251,0.37458,112.86,49.818,6.969,347.17,26.005,24.991,0.018656,0.031712,0.019011,12.560,22.163
11.453125,2,45,2865.08,8.6402,0.36354,109.07,49.841,6.884,343.13,26.008,24.993,-0.025707,0.003244,-0.014802,12.462,22.163
11.457031,2,45,2873.61,8.6849,0.36488,109.80,49.855,6.664,332.23,26.010,24.994,-0.028191,-0.012659,-0.003734,12.454,22.163
11.460938,2,45,2878.10,8.7249,0.38821,117.00,49.819,6.778,337.65,26.012,24.996,-0.034661,-0.001243,-0.012980,12.528,22.163
11.464844,2,45,2877.55,8.7336,0.36588,110.25,49.832,6.902,343.92,26.014,24.997,-0.037351,0.002839,-0.020234,12.574,22.163
11.468750,2,45,2881.92,8.8044,0.37191,112.24,49.856,6.820,340.01,26.017,24.999,-0.034182,0.002205,-0.018017,12.490,22.163
11.472656,2,45,2874.19,8.7158,0.37499,112.87,49.850,6.961,346.98,26.019,25.001,-0.014219,-0.040246,0.020934,12.546,22.163
11.476563,2,45,2873.48,8.6562,0.36031,108.42,49.830,6.899,343.77,26.021,25.002,-0.019372,-0.035125,0.016052,12.426,22.163
11.480469,2,45,2876.88,8.7321,0.37969,114.39,49.843,6.873,342.55,26.023,25.004,-0.005353,-0.017626,0.005826,12.402,22.163
11.484375,2,45,2873.52,8.5890,0.36639,110.25,49.838,6.896,343.67,26.026,25.006,0.014384,0.028419,0.015578,12.537,22.163
11.488281,2,45,2878.37,8.6893,0.37988,114.51,49.848,6.928,345.33,26.028,25.008,0.045445,0.037367,0.017744,12.538,22.164
11.492188,2,45,2876.80,8.6544,0.38502,115.99,49.859,6.864,342.25,26.030,25.009,0.016392,0.029021,0.014148,12.420,22.164
11.496094,2,45,2872.22,8.6487,0.37425,112.57,49.831,6.786,338.14,26.032,25.011,0.017820,-0.001061,-0.022616,12.499,22.164
11.500000,2,45,2874.09,8.6436,0.36622,110.22,49.853,6.806,339.31,26.035,25.012,-0.030400,0.003563,-0.019965,12.530,22.164
11.503906,2,45,2870.83,8.6283,0.36479,109.67,49.845,6.807,339.31,26.037,25.014,-0.005317,-0.005603,-0.004645,12.488,22.164
11.507813,2,45,2872.27,8.6257,0.37091,111.57,49.816,6.807,339.09,26.039,25.016,-0.027131,0.004440,-0.017350,12.447,22.164
11.511719,2,45,2874.38,8.7346,0.37856,113.95,49.836,6.883,343.02,26.041,25.017,-0.009664,-0.024206,0.008993,12.454,22.164
11.515625,2,45,2876.74,8.7666,0.36770,110.77,49.819,6.872,342.35,26.044,25.019,0.042153,0.038282,0.018499,12.526,22.164
11.519531,2,45,2872.80,8.5859,0.36229,108.99,49.823,6.883,342.92,26.046,25.021,-0.015385,-0.038031,0.019817,12.626,22.164
11.523438,2,45,2861.94,8.6618,0.37039,111.01,49.847,6.730,335.46,26.048,25.022,-0.025028,-0.030131,0.014589,12.383,22.164
11.527344,2,45,2884.37,8.7654,0.37360,112.85,49.858,6.983,348.17,26.050,25.024,0.046723,0.027912,0.012736,12.524,22.164
11.531250,2,45,2871.86,8.6706,0.36391,109.44,49.831,6.756,336.68,26.053,25.026,-0.014723,0.010476,-0.006360,12.505,22.164
11.535156,2,45,2878.26,8.6048,0.37635,113.44,49.818,6.843,340.89,26.055,25.027,0.007628,-0.000607,-0.019449,12.508,22.164
11.539063,2,45,2874.63,8.6548,0.38066,114.59,49.836,6.839,340.84,26.057,25.029,-0.036102,0.002671,-0.020149,12.542,22.164
11.542969,2,45,2877.33,8.7326,0.36889,111.15,49.825,6.822,339.88,26.059,25.031,-0.012080,-0.038092,0.020881,12.547,22.164
11.546875,2,45,2873.57,8.6809,0.36974,111.26,49.850,6.842,341.08,26.062,25.032,0.012209,0.031187,0.014441,12.568,22.164
11.550781,2,45,2871.42,8.6496,0.38075,114.49,49.821,6.892,343.39,26.064,25.034,-0.039486,-0.000004,-0.017935,12.540,22.164
11.554688,2,45,2872.42,8.6990,0.38996,117.30,49.829,6.917,344.65,26.066,25.035,0.046830,0.024354,0.011757,12.493,22.164
11.558594,2,45,2876.45,8.7412,0.37069,111.66,49.862,6.850,341.56,26.068,25.037,0.045904,0.036168,0.018939,12.490,22.164
11.562500,2,45,2872.52,8.6491,0.36646,110.23,49.828,6.888,343.20,26.071,25.039,-0.009492,-0.038336,0.021544,12.501,22.164
11.566406,2,45,2867.13,8.6962,0.36388,109.25,49.833,6.865,342.08,26.073,25.040,-0.028923,-0.012362,-0.000556,12.386,22.164
11.570313,2,45,2880.98,8.7429,0.37249,112.38,49.844,6.842,341.05,26.075,25.042,-0.012696,-0.039092,0.021706,12.511,22.164
11.574219,2,45,2876.95,8.6962,0.36981,111.41,49.844,6.785,338.21,26.077,25.044,-0.002123,0.020856,0.005637,12.548,22.164
11.578125,2,45,2876.31,8.7743,0.38424,115.74,49.829,6.897,343.67,26.079,25.045,0.019850,0.035057,0.020039,12.478,22.164
11.582031,2,45,2873.30,8.7529,0.36332,109.32,49.845,6.706,334.24,26.082,25.047,-0.022157,-0.034167,0.015385,12.500,22.164
11.585938,2,45,2869.25,8.6312,0.37018,111.23,49.832,6.861,341.88,26.084,25.049,0.025931,0.033880,0.022157,12.484,22.164
11.589844,2,45,2870.96,8.6669,0.36837,110.75,49.814,7.004,348.88,26.086,25.050,-0.011959,-0.036225,0.022323,12.483,22.165
11.593750,2,45,2876.76,8.6579,0.38161,114.96,49.800,6.942,345.73,26.088,25.052,-0.034422,0.001523,-0.017948,12.417,22.165
11.597656,2,45,2877.29,8.6573,0.36045,108.61,49.825,6.919,344.75,26.091,25.054,0.048174,0.027107,0.009418,12.392,22.165
11.601563,2,45,2879.70,8.6803,0.37165,112.07,49.833,6.981,347.89,26.093,25.055,-0.040646,0.002713,-0.021031,12.532,22.165
11.605469,2,45,2867.28,8.7479,0.36149,108.54,49.820,6.903,343.91,26.095,25.057,-0.019006,-0.040243,0.019083,12.480,22.165
11.609375,2,45,2865.93,8.5387,0.37582,112.79,49.864,6.821,340.11,26.097,25.059,-0.008813,-0.033984,0.018573,12.460,22.165
11.613281,2,45,2884.58,8.6014,0.37371,112.89,49.821,7.036,350.55,26.100,25.060,0.016194,-0.005719,-0.020058,12.448,22.165
11.617188,2,45,2871.35,8.6747,0.36522,109.82,49.845,6.785,338.20,26.102,25.062,-0.011028,0.010389,-0.004374,12.388,22.165
11.621094,2,45,2877.07,8.6439,0.36967,111.38,49.830,6.917,344.68,26.104,25.063,0.037653,0.005441,-0.008927,12.546,22.165
11.625000,2,45,2879.00,8.7555,0.37554,113.22,49.834,6.932,345.46,26.107,25.065,-0.039324,0.000613,-0.021626,12.601,22.165
11.628906,2,45,2863.54,8.5092,0.36245,108.69,49.848,6.695,333.75,26.109,25.067,0.010852,0.025569,0.012744,12.432,22.165
11.632813,2,45,2877.58,8.6759,0.38614,116.36,49.827,6.906,344.11,26.111,25.068,-0.024998,0.005999,-0.014413,12.537,22.165
11.636719,2,45,2874.36,8.6578,0.37855,113.94,49.847,6.762,337.07,26.113,25.070,-0.008616,-0.020285,0.005746,12.472,22.165
11.640625,2,45,2868.62,8.7045,0.37542,112.78,49.860,6.852,341.65,26.115,25.072,-0.010629,-0.037914,0.020724,12.451,22.165
11.644531,2,45,2873.62,8.5992,0.36258,109.11,49.839,6.900,343.90,26.117,25.073,-0.028909,-0.015692,0.001219,12.461,22.165
11.648438,2,45,2878.46,8.7421,0.36807,110.95,49.827,6.827,340.16,26.120,25.075,-0.033869,0.003754,-0.021238,12.580,22.165
11.652344,2,45,2881.02,8.7004,0.36006,108.63,49.844,6.815,339.70,26.122,25.076,-0.007703,-0.027173,0.015058,12.495,22.165
11.656250,2,45,2878.58,8.7672,0.37244,112.27,49.868,6.827,340.46,26.124,25.078,0.038248,0.005869,-0.004196,12.479,22.165
11.660156,2,45,2874.61,8.5821,0.37546,113.02,49.840,6.827,340.28,26.126,25.080,-0.022308,-0.035474,0.014014,12.523,22.165
11.664063,2,45,2874.13,8.6540,0.37401,112.57,49.848,6.719,334.91,26.128,25.081,-0.032688,-0.004530,-0.008164,12.529,22.165
11.667969,2,45,2881.72,8.7077,0.37993,114.65,49.847,6.997,348.76,26.131,25.083,0.003090,-0.004214,-0.014899,12.641,22.165
11.671875,2,45,2870.99,8.5781,0.36748,110.48,49.832,6.921,344.89,26.133,25.084,-0.006996,-0.027812,0.010101,12.497,22.165
11.675781,2,45,2871.26,8.6812,0.38383,115.41,49.865,6.960,347.09,26.135,25.086,-0.033565,-0.003690,-0.008175,12.551,22.165
11.679688,2,45,2875.29,8.6968,0.37667,113.42,49.827,6.832,340.40,26.137,25.088,-0.029961,-0.014274,-0.004367,12.487,22.165
11.683594,2,45,2882.95,8.6722,0.38057,114.90,49.812,6.986,347.99,26.140,25.089,0.006936,-0.004645,-0.015127,12.513,22.165
11.687500,2,45,2882.74,8.7748,0.37213,112.34,49.844,6.843,341.09,26.142,25.091,-0.010230,-0.035399,0.016862,12.390,22.165
11.691406,2,45,2866.47,8.6346,0.36640,109.99,49.819,6.882,342.83,26.144,25.093,-0.013381,-0.037030,0.020137,12.371,22.165
11.695313,2,45,2872.03,8.7008,0.36987,111.24,49.862,6.733,335.73,26.146,25.094,-0.040960,0.001588,-0.020054,12.523,22.165
11.699219,2,45,2873.21,8.5793,0.36352,109.38,49.849,6.667,332.34,26.148,25.096,0.038761,0.004331,-0.009284,12.537,22.166
11.703125,2,45,2876.39,8.7814,0.38042,114.59,49.826,6.859,341.74,26.150,25.097,0.026226,0.039827,0.020218,12.540,22.166
11.707031,2,45,2877.76,8.6594,0.38058,114.69,49.831,6.834,340.54,26.153,25.099,-0.009572,-0.025035,0.014043,12.621,22.166
11.710938,2,45,2873.60,8.7294,0.36048,108.48,49.835,6.751,336.42,26.155,25.100,-0.031503,0.002790,-0.017435,12.626,22.166
11.714844,2,45,2877.99,8.7074,0.37240,112.23,49.813,6.943,345.85,26.157,25.102,-0.019168,0.003354,-0.010030,12.503,22.166
11.718750,2,45,2884.97,8.6810,0.37285,112.64,49.871,6.848,341.50,26.159,25.104,-0.009196,-0.018194,0.005501,12.487,22.166
11.722656,2,45,2877.39,8.7157,0.36618,110.34,49.790,6.982,347.62,26.161,25.105,0.046441,0.025730,0.007877,12.524,22.166
11.726563,2,45,2876.59,8.6881,0.37024,111.53,49.824,6.795,338.54,26.164,25.107,0.044106,0.013937,-0.003258,12.478,22.166
11.730469,2,45,2875.31,8.6416,0.37084,111.66,49.845,6.821,339.99,26.166,25.108,0.045831,0.029195,0.014256,12.582,22.166
11.734375,2,45,2870.56,8.6684,0.36975,111.15,49.840,6.836,340.69,26.168,25.110,0.000232,-0.006048,-0.009016,12.362,22.166
11.738281,2,45,2879.23,8.7490,0.36655,110.52,49.817,6.943,345.89,26.170,25.112,0.028567,0.000607,-0.020599,12.457,22.166
11.742188,2,45,2873.53,8.7542,0.37408,112.57,49.840,6.888,343.28,26.172,25.113,0.009599,-0.003711,-0.019172,12.515,22.166
11.746094,2,45,2878.08,8.7909,0.37428,112.80,49.838,6.959,346.83,26.175,25.115,-0.002875,-0.009376,-0.002837,12.540,22.166
11.750000,2,45,2880.00,8.6732,0.38058,114.78,49.843,6.813,339.56,26.177,25.116,0.011088,0.024177,0.013490,12.562,22.166
11.753906,2,45,2877.90,8.5930,0.37071,111.72,49.839,6.787,338.25,26.179,25.118,-0.036325,0.000715,-0.016235,12.438,22.166
11.757813,2,45,2874.90,8.6993,0.37862,113.99,49.845,6.915,344.66,26.181,25.120,0.005350,0.000003,-0.018211,12.580,22.166
11.761719,2,45,2871.97,8.7534,0.36446,109.61,49.845,6.791,338.51,26.183,25.121,0.006609,0.025040,0.008470,12.519,22.166
11.765625,2,45,2877.69,8.7574,0.36904,111.21,49.843,6.874,342.60,26.185,25.123,0.023787,-0.001787,-0.017945,12.409,22.166
11.769531,2,45,2871.20,8.7502,0.36737,110.46,49.829,6.818,339.75,26.188,25.124,0.043054,0.011690,-0.004405,12.588,22.166
11.773438,2,45,2873.77,8.7135,0.37145,111.78,49.840,6.792,338.53,26.190,25.126,-0.025563,0.003761,-0.011277,12.707,22.166
11.777344,2,45,2870.70,8.6817,0.36519,109.78,49.860,6.763,337.20,26.192,25.127,-0.006785,-0.020139,0.011627,12.546,22.166
11.781250,2,45,2879.38,8.6816,0.37497,113.06,49.830,6.911,344.38,26.194,25.129,0.006464,-0.000591,-0.018723,12.474,22.166
11.785156,2,45,2883.99,8.7616,0.37258,112.52,49.827,6.790,338.30,26.196,25.130,-0.006183,-0.022215,0.002798,12.523,22.166
11.789063,2,45,2879.85,8.7488,0.37093,111.86,49.862,6.798,338.97,26.198,25.132,-0.034539,0.000958,-0.020992,12.438,22.166
11.792969,2,45,2869.60,8.5947,0.36764,110.48,49.862,6.782,338.16,26.200,25.134,0.015101,0.031768,0.014752,12.419,22.166
11.796875,2,45,2866.05,8.6228,0.36408,109.27,49.846,6.712,334.57,26.203,25.135,-0.009088,-0.029752,0.017122,12.385,22.166
11.800781,2,45,2869.56,8.6416,0.36761,110.47,49.820,6.833,340.43,26.205,25.137,0.001897,-0.003118,-0.013269,12.524,22.166
11.804688,2,45,2879.07,8.6977,0.38275,115.40,49.831,6.887,343.17,26.207,25.138,-0.005678,-0.008286,-0.001626,12.605,22.167
11.808594,2,45,2875.62,8.7271,0.37299,112.32,49.845,6.749,336.43,26.209,25.140,-0.009416,0.013212,-0.001159,12.632,22.167
11.812500,2,45,2872.91,8.6354,0.36577,110.04,49.829,6.847,341.15,26.211,25.141,-0.017549,-0.037389,0.020341,12.464,22.167
11.816406,2,45,2889.06,8.7845,0.38354,116.04,49.821,6.969,347.21,26.213,25.143,-0.000189,0.021089,0.003575,12.530,22.167
11.820313,2,45,2872.91,8.6161,0.37624,113.19,49.843,6.816,339.73,26.215,25.144,-0.000022,0.018640,0.006555,12.607,22.167
11.824219,2,45,2885.99,8.8145,0.36424,110.08,49.860,6.875,342.78,26.218,25.146,-0.037309,-0.004648,-0.011706,12.719,22.167
11.828125,2,45,2872.26,8.6063,0.37018,111.34,49.863,6.790,338.55,26.220,25.147,0.037961,0.009437,-0.008318,12.519,22.167
11.832031,2,45,2870.92,8.7354,0.37471,112.65,49.840,6.877,342.77,26.222,25.149,0.044847,0.032623,0.010400,12.579,22.167
11.835938,2,45,2877.29,8.6678,0.37908,114.22,49.864,6.822,340.17,26.224,25.151,-0.015327,-0.035888,0.021015,12.572,22.167
11.839844,2,45,2876.60,8.6927,0.37193,112.04,49.849,6.738,335.88,26.226,25.152,-0.020936,-0.032651,0.014260,12.564,22.167
11.843750,2,45,2879.05,8.7622,0.36574,110.27,49.809,6.925,344.90,26.228,25.154,0.025457,0.000464,-0.019769,12.575,22.167
11.847656,2,45,2876.94,8.6324,0.36332,109.46,49.816,6.868,342.11,26.231,25.155,0.034849,0.039239,0.020578,12.452,22.167
11.851563,2,45,2880.89,8.7306,0.37925,114.41,49.844,6.826,340.25,26.233,25.157,0.030286,0.039031,0.021008,12.595,22.167
11.855469,2,45,2876.35,8.6938,0.36298,109.33,49.829,6.897,343.66,26.235,25.158,0.011411,-0.002224,-0.021406,12.711,22.167
11.859375,2,45,2881.69,8.6621,0.36815,111.10,49.814,6.871,342.25,26.237,25.160,-0.011728,-0.037354,0.021377,12.566,22.167
11.863281,2,45,2882.89,8.7803,0.38673,116.75,49.851,6.974,347.64,26.239,25.162,0.011401,0.033189,0.015440,12.429,22.167
11.867188,2,45,2884.97,8.7055,0.36159,109.24,49.834,6.864,342.08,26.241,25.163,-0.016544,-0.037570,0.019444,12.658,22.167
11.871094,2,45,2875.63,8.6639,0.36624,110.29,49.836,6.961,346.88,26.244,25.165,-0.009727,0.011554,-0.000117,12.484,22.167
11.875000,2,45,2882.68,8.7245,0.37630,113.59,49.853,6.922,345.09,26.246,25.166,-0.010105,-0.033655,0.017039,12.548,22.167
11.878906,2,45,2878.15,8.7051,0.36722,110.68,49.818,6.903,343.88,26.248,25.168,-0.038917,0.002515,-0.020261,12.349,22.167
11.882813,2,45,2877.01,8.7812,0.36871,111.09,49.850,6.928,345.36,26.250,25.169,-0.039447,-0.000755,-0.018522,12.568,22.167
11.886719,2,45,2872.05,8.7291,0.36632,110.17,49.845,6.781,338.02,26.252,25.171,0.002928,0.025092,0.012090,12.514,22.167
11.890625,2,45,2870.60,8.6837,0.37783,113.58,49.816,6.907,344.06,26.254,25.173,-0.028168,0.001626,-0.016359,12.383,22.167
11.894531,2,45,2877.49,8.7291,0.38179,115.04,49.831,6.904,344.02,26.257,25.174,-0.008158,-0.009660,-0.003269,12.625,22.167
11.898438,2,45,2878.49,8.6539,0.36564,110.22,49.854,6.917,344.83,26.259,25.176,-0.037343,0.001727,-0.019297,12.473,22.167
11.902344,2,45,2880.55,8.6976,0.37152,112.07,49.865,6.806,339.37,26.261,25.177,-0.002282,-0.007942,-0.007903,12.609,22.167
11.906250,2,45,2885.42,8.7051,0.37123,112.17,49.810,6.933,345.35,26.263,25.179,-0.014299,-0.040233,0.020576,12.564,22.167
11.910156,2,45,2867.52,8.7024,0.37270,111.92,49.838,6.880,342.89,26.265,25.180,0.044985,0.012941,-0.001219,12.396,22.167
11.914063,2,45,2877.81,8.6889,0.38069,114.73,49.864,6.793,338.71,26.267,25.182,-0.003984,-0.011218,-0.002974,12.629,22.168
11.917969,2,45,2875.23,8.7127,0.37687,113.47,49.815,6.971,347.28,26.270,25.183,0.042747,0.039321,0.017444,12.549,22.168
11.921875,2,45,2890.05,8.7943,0.36816,111.42,49.860,6.785,338.32,26.272,25.185,0.035429,0.005047,-0.012666,12.564,22.168
11.925781,2,45,2876.69,8.6637,0.37318,112.42,49.819,6.876,342.57,26.274,25.186,-0.038189,-0.001516,-0.017197,12.435,22.168
11.929688,2,45,2874.99,8.5763,0.38173,114.93,49.834,6.995,348.58,26.276,25.188,-0.021710,-0.036980,0.016945,12.552,22.168
11.933594,2,45,2885.82,8.8033,0.37694,113.91,49.820,6.846,341.04,26.278,25.190,-0.001911,0.018828,0.005356,12.599,22.168
11.937500,2,45,2874.29,8.7274,0.37275,112.20,49.839,6.917,344.74,26.280,25.191,-0.033961,0.003371,-0.023253,12.509,22.168
11.941406,2,45,2874.29,8.6643,0.37748,113.62,49.835,6.784,338.09,26.282,25.193,0.027048,0.038970,0.020392,12.579,22.168
11.945313,2,45,2874.09,8.7696,0.37885,114.02,49.841,6.943,346.03,26.285,25.194,0.040973,0.015678,0.001819,12.451,22.168
11.949219,2,45,2871.98,8.6579,0.36551,109.93,49.845,6.743,336.10,26.287,25.196,-0.005537,0.017629,0.004603,12.422,22.168
11.953125,2,45,2878.81,8.6395,0.37106,111.86,49.858,6.855,341.79,26.289,25.197,-0.013327,-0.028095,0.014833,12.636,22.168
11.957031,2,45,2871.47,8.7977,0.37611,113.10,49.832,6.923,344.99,26.291,25.199,0.037572,0.006657,-0.009190,12.484,22.168
11.960938,2,45,2881.40,8.7777,0.37450,113.00,49.805,6.840,340.69,26.293,25.200,0.000271,-0.002745,-0.012040,12.504,22.168
11.964844,2,45,2879.68,8.7442,0.38334,115.60,49.819,6.916,344.56,26.295,25.202,0.036345,0.002015,-0.009089,12.426,22.168
11.968750,2,45,2876.50,8.6895,0.37155,111.92,49.825,6.922,344.89,26.297,25.203,-0.040031,0.004604,-0.020090,12.554,22.168
11.972656,2,45,2876.18,8.6289,0.36768,110.74,49.852,6.824,340.18,26.299,25.205,-0.017102,0.006682,-0.006886,12.642,22.168
11.976563,2,45,2878.36,8.6510,0.37965,114.43,49.819,6.833,340.40,26.301,25.206,-0.012934,-0.039294,0.019281,12.614,22.168
11.980469,2,45,2876.52,8.6115,0.36383,109.60,49.844,6.804,339.13,26.304,25.208,0.010770,-0.001203,-0.021983,12.436,22.168
11.984375,2,45,2871.72,8.6156,0.35725,107.43,49.848,6.863,342.09,26.306,25.209,-0.015441,-0.038112,0.021684,12.605,22.168
11.988281,2,45,2871.81,8.6520,0.37001,111.28,49.833,6.804,339.05,26.308,25.211,-0.039802,0.001130,-0.020329,12.516,22.168
11.992188,2,45,2880.87,8.6082,0.36986,111.58,49.840,6.870,342.38,26.310,25.213,-0.036306,0.004381,-0.018430,12.565,22.168
11.996094,2,45,2887.55,8.6703,0.37542,113.52,49.856,6.948,346.40,26.312,25.214,0.021518,0.002135,-0.022668,12.523,22.168
12.000000,2,45,2876.11,8.6770,0.36808,110.86,49.824,6.973,347.44,26.314,25.216,0.042247,0.009537,-0.004917,12.452,22.168
12.003906,2,45,2881.80,8.8444,0.37777,114.00,49.864,6.808,339.47,26.316,25.217,-0.008036,-0.036434,0.023010,12.478,22.168
12.007813,2,45,2876.86,8.5940,0.36818,110.92,49.831,6.758,336.76,26.318,25.219,-0.034432,-0.003060,-0.010318,12.559,22.168
12.011719,2,45,2881.94,8.7273,0.37715,113.82,49.836,6.727,335.27,26.320,25.220,-0.007522,0.013438,-0.000229,12.507,22.168
12.015625,2,45,2872.52,8.6328,0.36618,110.15,49.822,6.837,340.65,26.322,25.222,0.032956,0.004474,-0.011302,12.512,22.168
12.019531,2,45,2880.23,8.5761,0.38231,115.31,49.846,6.799,338.91,26.325,25.223,0.000429,0.021035,0.011094,12.442,22.168
12.023438,2,45,2879.45,8.6651,0.38687,116.65,49.834,6.849,341.32,26.327,25.225,0.016089,0.031984,0.013618,12.518,22.169
12.027344,2,45,2877.34,8.6823,0.36869,111.09,49.817,6.924,344.91,26.329,25.226,-0.039500,0.002464,-0.016962,12.610,22.169
12.031250,2,45,2871.55,8.7044,0.36067,108.46,49.851,6.845,341.22,26.331,25.228,-0.039852,0.001405,-0.018610,12.432,22.169
12.035156,2,45,2881.06,8.7537,0.36843,111.16,49.865,6.921,345.13,26.333,25.229,-0.026012,0.003445,-0.014738,12.549,22.169
12.039063,2,45,2878.20,8.7861,0.37578,113.26,49.823,6.962,346.85,26.335,25.231,-0.013930,-0.026349,0.015977,12.436,22.169
12.042969,2,45,2869.06,8.6401,0.38693,116.25,49.850,6.798,338.90,26.337,25.232,-0.029364,-0.000446,-0.018015,12.546,22.169
12.046875,2,45,2881.25,8.8459,0.36621,110.49,49.833,6.829,340.31,26.339,25.234,-0.013219,-0.025660,0.011472,12.661,22.169
12.050781,2,45,2877.95,8.7659,0.37922,114.29,49.837,6.852,341.47,26.341,25.235,0.020400,0.035437,0.019002,12.631,22.169
12.054688,2,45,2887.36,8.8132,0.38099,115.20,49.850,6.829,340.44,26.344,25.237,0.040698,0.040725,0.019070,12.597,22.169
12.058594,2,45,2877.26,8.6497,0.37277,112.32,49.862,6.769,337.52,26.346,25.238,0.035321,0.001458,-0.014391,12.466,22.169
12.062500,2,45,2876.43,8.6662,0.37058,111.62,49.840,6.723,335.05,26.348,25.239,0.026208,0.000698,-0.017194,12.477,22.169
12.066406,2,45,2872.36,8.6223,0.37184,111.85,49.826,6.886,343.08,26.350,25.241,-0.021149,-0.028977,0.012593,12.557,22.169
12.070313,2,45,2882.80,8.7948,0.36097,108.97,49.866,6.926,345.35,26.352,25.243,-0.010084,0.008991,-0.003969,12.610,22.169
12.074219,2,45,2876.09,8.6894,0.37921,114.21,49.834,6.982,347.95,26.354,25.244,-0.036167,-0.001539,-0.017915,12.464,22.169
12.078125,2,45,2883.26,8.7264,0.37394,112.91,49.832,6.923,344.98,26.356,25.246,0.000117,-0.005136,-0.011913,12.472,22.169
12.082031,2,45,2881.22,8.6249,0.38112,114.99,49.853,6.896,343.81,26.358,25.247,0.045658,0.021537,0.004483,12.433,22.169
12.085938,2,45,2882.77,8.7327,0.38475,116.15,49.874,6.845,341.39,26.360,25.249,-0.026576,-0.019068,0.005222,12.544,22.169
12.089844,2,45,2874.38,8.6414,0.36169,108.87,49.829,6.860,341.82,26.362,25.250,0.046906,0.021031,0.004049,12.550,22.169
12.093750,2,45,2872.89,8.5874,0.38516,115.87,49.835,6.970,347.35,26.365,25.252,0.030886,0.039160,0.020995,12.674,22.169
12.097656,2,45,2876.13,8.5766,0.36895,111.12,49.855,6.743,336.18,26.367,25.253,-0.026300,0.005948,-0.013043,12.438,22.169
12.101563,2,45,2875.32,8.8073,0.36121,108.76,49.831,6.934,345.55,26.369,25.255,-0.014289,0.009894,-0.007463,12.393,22.169
12.105469,2,45,2873.96,8.6820,0.37151,111.81,49.837,6.917,344.72,26.371,25.256,-0.037115,0.002165,-0.021793,12.417,22.169
12.109375,2,45,2877.25,8.7723,0.37502,112.99,49.857,6.940,346.03,26.373,25.258,-0.026986,-0.017280,0.001773,12.531,22.169
12.113281,2,45,2880.60,8.6743,0.37269,112.43,49.830,6.940,345.82,26.375,25.259,-0.013144,-0.039636,0.021250,12.503,22.169
12.117188,2,45,2876.98,8.7866,0.36395,109.65,49.848,6.747,336.34,26.377,25.261,0.013939,0.032437,0.012649,12.537,22.169
12.121094,2,45,2879.29,8.7279,0.37554,113.23,49.838,6.856,341.70,26.379,25.262,-0.024313,-0.024125,0.008069,12.538,22.169
12.125000,2,45,2876.52,8.6452,0.36434,109.75,49.824,6.810,339.28,26.381,25.264,0.024616,-0.002989,-0.022160,12.483,22.169
12.128906,2,45,2883.48,8.6688,0.38913,117.50,49.844,6.773,337.58,26.383,25.265,-0.030232,0.003150,-0.014230,12.598,22.169
12.132813,2,45,2876.83,8.6202,0.36704,110.57,49.866,6.710,334.62,26.385,25.266,-0.031718,-0.006912,-0.007978,12.585,22.169
12.136719,2,45,2875.36,8.6282,0.37680,113.46,49.855,6.767,337.38,26.387,25.268,-0.018186,-0.037007,0.017840,12.402,22.170
12.140625,2,45,2875.03,8.6796,0.37207,112.02,49.853,6.721,335.04,26.389,25.269,-0.037665,-0.007877,-0.011784,12.539,22.170
12.144531,2,45,2873.28,8.6035,0.36177,108.85,49.849,6.697,333.85,26.391,25.271,-0.016072,-0.041497,0.020865,12.374,22.170
12.148438,2,45,2876.19,8.6716,0.37380,112.59,49.832,6.861,341.88,26.393,25.272,0.011477,0.000783,-0.019932,12.497,22.170
12.152344,2,45,2884.67,8.7165,0.36723,110.93,49.844,6.897,343.78,26.395,25.274,0.032391,0.004183,-0.012927,12.525,22.170
12.156250,2,45,2887.02,8.7989,0.36482,110.29,49.830,6.765,337.11,26.397,25.275,-0.019868,0.005281,-0.007922,12.560,22.170
12.160156,2,45,2876.67,8.6367,0.36692,110.53,49.831,6.777,337.73,26.399,25.276,0.012767,0.032164,0.013245,12.568,22.170
12.164063,2,45,2872.95,8.7290,0.36608,110.14,49.835,6.785,338.13,26.401,25.278,-0.003708,-0.015865,-0.003341,12.514,22.170
12.167969,2,45,2879.46,8.6422,0.36915,111.31,49.842,6.840,340.94,26.403,25.279,-0.010073,0.014897,-0.002968,12.687,22.170
12.171875,2,45,2882.29,8.7329,0.36360,109.75,49.843,6.752,336.53,26.405,25.281,-0.030284,-0.012812,-0.004359,12.701,22.170
12.175781,2,45,2872.45,8.6914,0.35849,107.83,49.838,6.798,338.78,26.407,25.282,-0.024759,0.004390,-0.011064,12.356,22.170
12.179688,2,45,2877.73,8.8029,0.36313,109.43,49.842,6.967,347.25,26.410,25.284,0.045335,0.026163,0.009072,12.480,22.170
12.183594,2,45,2884.60,8.8105,0.37316,112.72,49.839,6.878,342.81,26.412,25.285,-0.033273,-0.003351,-0.013311,12.647,22.170
12.187500,2,45,2876.11,8.6063,0.37316,112.39,49.824,6.935,345.53,26.414,25.287,0.045056,0.012943,-0.002160,12.495,22.170
12.191406,2,45,2881.78,8.6410,0.37882,114.32,49.816,6.960,346.71,26.416,25.288,-0.013838,-0.037176,0.020336,12.602,22.170
12.195313,2,45,2877.95,8.7113,0.37274,112.34,49.831,6.900,343.82,26.418,25.290,-0.007208,0.017869,-0.000453,12.464,22.170
12.199219,2,45,2876.33,8.6944,0.37917,114.21,49.839,6.808,339.28,26.420,25.291,-0.036511,0.003273,-0.020385,12.394,22.170
12.203125,2,45,2875.67,8.6637,0.36245,109.15,49.861,6.871,342.58,26.422,25.293,-0.035004,0.001598,-0.020921,12.638,22.170
12.207031,2,45,2879.35,8.7502,0.37492,113.05,49.851,6.851,341.52,26.424,25.294,-0.037246,0.002910,-0.021753,12.639,22.170
12.210938,2,45,2883.62,8.7794,0.37260,112.52,49.821,6.813,339.44,26.426,25.295,-0.034967,0.002870,-0.019397,12.558,22.170
12.214844,2,45,2881.12,8.8215,0.36516,110.17,49.840,6.889,343.35,26.428,25.297,-0.011254,-0.037317,0.018795,12.529,22.170
12.218750,2,45,2875.62,8.7361,0.37434,112.73,49.839,6.847,341.24,26.430,25.298,-0.016010,-0.037647,0.020320,12.501,22.170
12.222656,2,45,2885.63,8.7244,0.37402,113.02,49.832,6.935,345.57,26.432,25.300,-0.036510,0.002272,-0.018361,12.626,22.170
12.226563,2,45,2871.66,8.6659,0.36594,110.05,49.850,6.750,336.51,26.434,25.301,0.045492,0.025041,0.007725,12.508,22.170
12.230469,2,45,2881.97,8.7424,0.38743,116.93,49.813,6.827,340.06,26.436,25.303,-0.006267,-0.013111,0.002954,12.574,22.170
12.234375,2,45,2882.35,8.7014,0.36383,109.82,49.842,6.851,341.46,26.438,25.304,-0.030533,-0.005401,-0.005707,12.614,22.170
12.238281,2,45,2876.16,8.6281,0.37150,111.89,49.845,6.792,338.53,26.440,25.306,-0.022110,-0.026842,0.011344,12.544,22.170
12.242188,2,45,2886.37,8.6337,0.37229,112.53,49.822,6.768,337.21,26.442,25.307,-0.017550,0.008137,-0.010006,12.600,22.170
12.246094,2,45,2876.95,8.7788,0.36094,108.74,49.841,6.740,335.92,26.444,25.308,0.042641,0.020762,0.002977,12.561,22.170
12.250000,2,45,2873.58,8.7183,0.36375,109.46,49.859,6.809,339.50,26.446,25.310,-0.028740,-0.017863,0.004025,12.565,22.171
12.253906,2,45,2878.60,8.6991,0.37337,112.55,49.849,6.821,340.00,26.448,25.311,-0.025531,0.004392,-0.011565,12.573,22.171
12.257813,2,45,2881.23,8.6067,0.37456,113.01,49.819,6.966,347.02,26.450,25.313,-0.017415,-0.037575,0.017243,12.579,22.171
12.261719,2,45,2872.61,8.6258,0.37728,113.49,49.833,6.941,345.88,26.453,25.314,0.026936,0.040795,0.022851,12.481,22.171
12.265625,2,45,2876.76,8.6316,0.37345,112.50,49.841,6.797,338.76,26.455,25.316,0.037407,0.039014,0.020847,12.496,22.171
12.269531,2,45,2882.23,8.7364,0.37084,111.93,49.849,6.919,344.92,26.457,25.317,0.001192,-0.004230,-0.012802,12.651,22.171
12.273438,2,45,2878.44,8.7643,0.36822,110.99,49.812,6.837,340.57,26.459,25.319,-0.038881,0.002171,-0.022765,12.574,22.171
12.277344,2,45,2878.56,8.7058,0.37775,113.87,49.820,6.929,345.22,26.461,25.320,0.016493,0.029600,0.017407,12.504,22.171
12.281250,2,45,2883.05,8.6605,0.36566,110.40,49.834,6.834,340.55,26.463,25.321,0.044940,0.033945,0.017881,12.558,22.171
12.285156,2,45,2878.00,8.7673,0.37628,113.40,49.822,6.929,345.22,26.465,25.323,0.028970,0.003830,-0.018266,12.606,22.171
12.289063,2,45,2871.52,8.5935,0.37356,112.33,49.854,6.912,344.60,26.467,25.324,0.046305,0.034191,0.013240,12.488,22.171
12.292969,2,45,2882.18,8.7443,0.36862,111.26,49.874,6.806,339.46,26.469,25.326,-0.009579,-0.030799,0.012440,12.591,22.171
12.296875,2,45,2885.51,8.7828,0.37439,113.13,49.826,6.864,342.02,26.471,25.327,0.004990,-0.000969,-0.016028,12.407,22.171
12.300781,2,45,2879.03,8.6613,0.37924,114.34,49.842,6.868,342.30,26.473,25.329,0.038285,0.008344,-0.011180,12.508,22.171
12.304688,2,45,2876.78,8.7270,0.37059,111.64,49.846,6.889,343.39,26.475,25.330,-0.004561,0.018723,0.004783,12.635,22.171
12.308594,2,45,2876.18,8.6646,0.37350,112.50,49.833,6.919,344.82,26.477,25.332,0.019911,0.034871,0.018398,12.459,22.171
12.312500,2,45,2885.69,8.8482,0.37619,113.68,49.818,7.023,349.89,26.479,25.333,0.046390,0.026322,0.008537,12.487,22.171
12.316406,2,45,2875.94,8.7143,0.36567,110.13,49.830,6.792,338.44,26.481,25.335,0.010846,0.002342,-0.020153,12.610,22.171
12.320313,2,45,2882.20,8.7133,0.37189,112.25,49.852,6.947,346.30,26.483,25.336,-0.040236,-0.000615,-0.024329,12.510,22.171
12.324219,2,45,2879.05,8.7995,0.37630,113.45,49.836,6.758,336.81,26.485,25.337,0.007913,-0.002551,-0.016641,12.570,22.171
12.328125,2,45,2882.07,8.7158,0.37621,113.54,49.840,6.806,339.22,26.487,25.339,0.045468,0.025113,0.009424,12.523,22.171
12.332031,2,45,2885.53,8.7503,0.37206,112.43,49.833,6.880,342.85,26.489,25.340,0.037290,0.041878,0.019064,12.654,22.171
12.335938,2,45,2876.56,8.7796,0.36089,108.71,49.816,6.762,336.85,26.491,25.342,-0.001221,-0.008338,-0.010240,12.543,22.171
12.339844,2,45,2875.77,8.5764,0.37207,112.05,49.846,6.783,338.11,26.493,25.343,-0.000270,-0.011000,-0.002154,12.549,22.171
12.343750,2,45,2885.71,8.8550,0.37309,112.74,49.861,6.803,339.22,26.495,25.344,-0.027894,-0.025046,0.006173,12.604,22.171
12.347656,2,45,2877.16,8.7207,0.36747,110.72,49.811,6.789,338.17,26.497,25.346,0.040984,0.038980,0.020363,12.479,22.171
12.351563,2,45,2883.52,8.7452,0.37853,114.30,49.812,6.931,345.23,26.499,25.347,-0.015969,-0.040552,0.020820,12.556,22.171
12.355469,2,45,2880.63,8.8079,0.36873,111.23,49.844,6.837,340.78,26.501,25.349,0.045982,0.017953,0.000436,12.420,22.171
12.359375,2,45,2885.18,8.7398,0.37713,113.94,49.838,6.926,345.18,26.503,25.350,0.017678,-0.001020,-0.021961,12.532,22.171
12.363281,2,45,2875.00,8.6370,0.36809,110.82,49.825,6.824,340.00,26.505,25.352,0.000151,-0.004174,-0.012249,12.542,22.171
12.367188,2,45,2883.30,8.6364,0.36840,111.23,49.803,6.874,342.34,26.507,25.353,0.022098,-0.003103,-0.019016,12.452,22.172
12.371094,2,45,2872.99,8.6333,0.36576,110.04,49.839,6.717,334.77,26.509,25.354,0.005139,-0.002587,-0.021623,12.514,22.172
12.375000,2,45,2887.27,8.7629,0.37048,112.02,49.834,7.025,350.09,26.511,25.356,-0.007831,-0.027246,0.011467,12.580,22.172
12.378906,2,45,2884.56,8.6629,0.36603,110.57,49.848,6.896,343.77,26.513,25.357,0.046014,0.035523,0.018647,12.500,22.172
12.382813,2,45,2885.88,8.7002,0.37669,113.84,49.867,6.869,342.56,26.515,25.359,-0.014205,-0.041967,0.018545,12.604,22.172
12.386719,2,45,2876.77,8.7365,0.37680,113.51,49.836,6.895,343.60,26.517,25.360,-0.027092,0.004396,-0.014388,12.452,22.172
12.390625,2,45,2878.77,8.7403,0.37842,114.08,49.822,6.741,335.84,26.519,25.361,-0.008670,-0.026457,0.011473,12.565,22.172
12.394531,2,45,2884.61,8.7747,0.36991,111.74,49.834,6.897,343.71,26.521,25.363,-0.028166,0.001564,-0.017819,12.615,22.172
12.398438,2,45,2875.86,8.7171,0.37940,114.26,49.847,6.887,343.28,26.523,25.364,0.031220,0.000542,-0.014039,12.516,22.172
12.402344,2,45,2891.90,8.7031,0.37282,112.91,49.849,6.877,342.82,26.525,25.366,-0.040207,-0.002228,-0.015071,12.472,22.172
12.406250,2,45,2876.12,8.6813,0.37076,111.67,49.857,6.809,339.48,26.527,25.367,-0.028370,-0.015837,0.000674,12.501,22.172
12.410156,2,45,2880.69,8.6589,0.37250,112.37,49.829,6.925,345.05,26.529,25.369,-0.039397,0.001826,-0.022433,12.622,22.172
12.414063,2,45,2886.93,8.7659,0.37421,113.13,49.848,6.777,337.81,26.531,25.370,0.018386,-0.001160,-0.020996,12.468,22.172
12.417969,2,45,2871.72,8.6551,0.37798,113.67,49.827,6.808,339.23,26.533,25.371,0.012145,-0.002449,-0.021899,12.477,22.172
12.421875,2,45,2888.95,8.8073,0.36422,110.19,49.835,6.803,339.03,26.535,25.373,0.040592,0.037275,0.020172,12.577,22.172
12.425781,2,45,2878.93,8.7671,0.36771,110.86,49.825,6.951,346.34,26.537,25.374,0.040531,0.012747,-0.001516,12.492,22.172
12.429688,2,45,2886.26,8.7870,0.36280,109.66,49.829,6.848,341.25,26.539,25.375,-0.018444,0.006408,-0.006560,12.583,22.172
12.433594,2,45,2875.86,8.6104,0.37687,113.50,49.835,6.879,342.81,26.541,25.377,-0.009840,0.013370,0.002159,12.456,22.172
12.437500,2,45,2884.18,8.7564,0.37977,114.70,49.808,6.845,340.95,26.543,25.378,-0.032210,0.004518,-0.019696,12.400,22.172
12.441406,2,45,2878.21,8.6225,0.36858,111.09,49.815,6.973,347.38,26.545,25.380,-0.038179,-0.000348,-0.021227,12.607,22.172
12.445313,2,45,2868.03,8.6584,0.37011,111.16,49.844,6.831,340.48,26.547,25.381,-0.025184,0.004282,-0.013831,12.462,22.172
12.449219,2,45,2886.64,8.7380,0.38444,116.21,49.842,6.862,342.02,26.549,25.383,-0.013559,0.009711,-0.005406,12.513,22.172
12.453125,2,45,2881.71,8.7174,0.37783,114.02,49.836,6.791,338.44,26.551,25.384,0.040908,0.040887,0.019779,12.487,22.172
12.457031,2,45,2885.54,8.8144,0.38124,115.20,49.832,6.851,341.40,26.553,25.385,0.038978,0.042788,0.017947,12.528,22.172
12.460938,2,45,2881.69,8.6930,0.37138,112.07,49.861,6.861,342.08,26.555,25.387,-0.006463,-0.019069,0.007631,12.529,22.172
12.464844,2,45,2886.75,8.6774,0.37871,114.48,49.836,6.839,340.81,26.557,25.388,-0.030169,-0.014561,-0.003537,12.582,22.172
12.468750,2,45,2876.55,8.6920,0.37543,113.09,49.855,6.838,340.92,26.559,25.389,-0.038061,0.003204,-0.015547,12.531,22.172
12.472656,2,45,2883.72,8.6497,0.37792,114.13,49.798,6.997,348.42,26.561,25.391,-0.009037,-0.013725,0.001694,12.444,22.172
12.476563,2,45,2871.50,8.7092,0.37944,114.10,49.817,6.861,341.79,26.563,25.392,0.041727,0.036029,0.019261,12.420,22.172
12.480469,2,45,2877.09,8.6672,0.36115,108.81,49.839,6.843,341.04,26.565,25.394,-0.007213,-0.011783,0.004537,12.545,22.172
12.484375,2,45,2879.27,8.6861,0.38186,115.14,49.869,6.808,339.50,26.567,25.395,0.041132,0.041209,0.022237,12.515,22.173
12.488281,2,45,2876.72,8.7274,0.36975,111.39,49.841,6.962,347.02,26.569,25.397,-0.036764,-0.000456,-0.012589,12.413,22.173
12.492188,2,45,2883.87,8.7841,0.37199,112.34,49.843,6.876,342.72,26.571,25.398,-0.003493,-0.011330,-0.006238,12.423,22.173
12.496094,2,45,2878.96,8.6889,0.37743,113.79,49.843,6.901,343.96,26.573,25.399,-0.012996,-0.039483,0.019407,12.596,22.173
12.500000,2,45,2878.54,8.5930,0.37000,111.53,49.840,6.766,337.22,26.575,25.401,-0.027871,-0.015027,-0.000693,12.493,22.173
12.503906,2,45,2879.02,8.6460,0.37973,114.49,49.844,6.927,345.26,26.577,25.402,0.003268,0.023552,0.008951,12.429,22.173
12.507813,2,45,2869.52,8.6424,0.37594,112.97,49.842,6.895,343.65,26.579,25.403,0.046838,0.016327,0.005220,12.469,22.173
12.511719,2,45,2877.97,8.7868,0.36054,108.66,49.840,6.833,340.56,26.581,25.405,0.042608,0.032816,0.012233,12.570,22.173
12.515625,2,45,2888.20,8.8355,0.37114,112.25,49.812,7.036,350.48,26.583,25.406,-0.005929,-0.014846,0.003234,12.600,22.173
12.519531,2,45,2882.52,8.7489,0.37718,113.85,49.810,6.973,347.32,26.585,25.408,-0.005778,-0.019395,0.002625,12.502,22.173
12.523438,2,45,2876.48,8.5562,0.37789,113.83,49.835,6.782,337.97,26.587,25.409,0.000975,-0.002904,-0.014949,12.510,22.173
12.527344,2,45,2873.75,8.6434,0.36961,111.23,49.835,6.800,338.88,26.589,25.410,0.010743,0.029875,0.014769,12.564,22.173
12.531250,2,45,2880.33,8.8013,0.38021,114.68,49.831,6.957,346.69,26.591,25.412,-0.014825,-0.037506,0.021221,12.519,22.173
12.535156,2,45,2876.31,8.7526,0.37207,112.07,49.848,6.851,341.50,26.593,25.413,-0.023869,0.005754,-0.008364,12.563,22.173
12.539063,2,45,2881.85,8.6912,0.37448,113.01,49.833,7.038,350.74,26.595,25.415,0.033521,0.001637,-0.014727,12.542,22.173
12.542969,2,45,2874.56,8.7547,0.37746,113.62,49.844,6.881,342.97,26.597,25.416,-0.018556,0.010602,-0.007687,12.567,22.173
12.546875,2,45,2885.06,8.8144,0.37021,111.85,49.823,6.819,339.76,26.599,25.417,0.021875,-0.002261,-0.018789,12.497,22.173
12.550781,2,45,2886.05,8.6850,0.38454,116.22,49.826,6.889,343.23,26.601,25.419,-0.028645,-0.014621,0.000448,12.482,22.173
12.554688,2,45,2876.58,8.7559,0.37288,112.32,49.838,6.996,348.66,26.603,25.420,-0.024428,0.006534,-0.012283,12.594,22.173
12.558594,2,45,2888.13,8.6832,0.37631,113.81,49.849,6.940,345.93,26.605,25.422,-0.010817,-0.030259,0.015536,12.640,22.173
12.562500,2,45,2871.51,8.5962,0.36918,111.01,49.828,6.852,341.43,26.607,25.423,0.038352,0.008394,-0.006133,12.471,22.173
12.566406,2,45,2886.29,8.7783,0.38570,116.58,49.860,6.812,339.67,26.609,25.424,-0.008175,-0.026255,0.013214,12.694,22.173
12.570313,2,45,2884.58,8.7316,0.37627,113.66,49.844,6.910,344.43,26.611,25.426,0.015179,-0.002583,-0.023074,12.610,22.173
12.574219,2,45,2875.54,8.6951,0.37382,112.57,49.855,6.930,345.50,26.613,25.427,-0.018035,-0.034378,0.019059,12.467,22.173
12.578125,2,45,2884.24,8.6363,0.35652,107.68,49.839,6.888,343.31,26.615,25.429,-0.020132,-0.032614,0.015524,12.611,22.173
12.582031,2,45,2893.56,8.8204,0.38262,115.94,49.828,6.857,341.68,26.617,25.430,-0.035933,-0.000925,-0.020010,12.553,22.173
12.585938,2,45,2875.04,8.5910,0.37366,112.50,49.864,6.863,342.23,26.619,25.431,0.040264,0.038039,0.019600,12.513,22.173
12.589844,2,45,2877.99,8.7119,0.36368,109.61,49.826,6.897,343.63,26.621,25.433,-0.027361,0.003607,-0.014700,12.539,22.173
12.593750,2,45,2883.50,8.7145,0.36249,109.46,49.820,6.923,344.89,26.623,25.434,0.036613,0.007850,-0.006967,12.474,22.173
12.597656,2,45,2877.20,8.6283,0.36419,109.73,49.810,7.001,348.72,26.625,25.436,0.039659,0.040485,0.017929,12.540,22.173
12.601563,2,45,2878.71,8.7492,0.37714,113.69,49.849,6.916,344.76,26.627,25.437,-0.017780,-0.036903,0.019819,12.663,22.173
12.605469,2,45,2877.69,8.7233,0.36850,111.05,49.841,6.907,344.27,26.629,25.438,-0.012592,-0.040598,0.024313,12.421,22.174
12.609375,2,45,2879.00,8.6265,0.37164,112.05,49.839,6.865,342.16,26.631,25.440,0.023868,0.037101,0.020182,12.591,22.174
12.613281,2,45,2878.83,8.7776,0.37743,113.78,49.843,6.897,343.78,26.633,25.441,0.045336,0.020183,0.002788,12.417,22.174
12.617188,2,45,2875.01,8.7102,0.37205,112.01,49.849,6.742,336.09,26.635,25.442,-0.012396,-0.039813,0.019835,12.570,22.174
12.621094,2,45,2883.03,8.7491,0.37907,114.45,49.823,6.957,346.64,26.637,25.444,-0.003534,-0.010315,0.001032,12.614,22.174
12.625000,2,45,2883.34,8.6729,0.37691,113.81,49.824,7.010,349.25,26.639,25.445,-0.029973,-0.013095,-0.000050,12.575,22.174
12.628906,2,45,2876.15,8.6391,0.37000,111.44,49.841,6.811,339.47,26.641,25.447,0.002963,-0.001732,-0.016980,12.558,22.174
12.632813,2,45,2888.08,8.7177,0.38432,116.23,49.798,6.918,344.49,26.643,25.448,0.034829,0.041583,0.020971,12.576,22.174
12.636719,2,45,2878.74,8.6542,0.36609,110.36,49.839,6.836,340.68,26.644,25.449,0.026818,-0.000617,-0.019943,12.448,22.174
12.640625,2,45,2879.25,8.7353,0.37072,111.78,49.835,6.950,346.33,26.646,25.451,-0.017515,-0.038820,0.017925,12.465,22.174
12.644531,2,45,2876.88,8.6403,0.36877,111.10,49.834,6.922,344.94,26.648,25.452,0.026441,-0.003905,-0.020029,12.595,22.174
12.648438,2,45,2884.62,8.7769,0.38369,115.91,49.872,6.770,337.63,26.650,25.453,0.041771,0.040020,0.022905,12.580,22.174
12.652344,2,45,2874.86,8.7512,0.37040,111.51,49.817,6.893,343.41,26.652,25.455,0.040437,0.004915,-0.008540,12.585,22.174
12.656250,2,45,2880.34,8.7275,0.36918,111.35,49.843,6.911,344.47,26.654,25.456,-0.017733,-0.039466,0.020989,12.551,22.174
12.660156,2,45,2878.30,8.6607,0.37888,114.20,49.810,6.913,344.31,26.656,25.457,0.013968,-0.002592,-0.024245,12.570,22.174
12.664063,2,45,2879.60,8.6461,0.37293,112.46,49.871,6.856,341.92,26.658,25.459,-0.038088,-0.001769,-0.018381,12.531,22.174
12.667969,2,45,2881.53,8.6514,0.37451,113.01,49.826,6.906,344.09,26.660,25.460,0.002397,0.001093,-0.017057,12.491,22.174
12.671875,2,45,2880.67,8.8538,0.38285,115.49,49.822,6.875,342.51,26.662,25.461,0.001408,-0.002469,-0.015459,12.468,22.174
12.675781,2,45,2878.31,8.8140,0.37941,114.36,49.822,6.945,346.02,26.664,25.463,0.035467,0.041762,0.020437,12.449,22.174
12.679688,2,45,2879.54,8.6841,0.36212,109.19,49.863,6.911,344.61,26.666,25.464,-0.011127,-0.032411,0.019062,12.501,22.174
12.683594,2,45,2881.44,8.8064,0.37527,113.23,49.837,6.904,344.10,26.668,25.466,0.042210,0.036650,0.016685,12.462,22.174
12.687500,2,45,2886.02,8.6798,0.38557,116.53,49.839,6.885,343.15,26.670,25.467,0.031274,0.001381,-0.015299,12.347,22.174
12.691406,2,45,2886.81,8.7884,0.38181,115.42,49.828,6.832,340.43,26.672,25.468,-0.019891,-0.038608,0.018189,12.523,22.174
12.695313,2,45,2881.77,8.7097,0.37274,112.48,49.849,6.979,347.91,26.674,25.470,-0.034519,-0.005309,-0.012887,12.473,22.174
12.699219,2,45,2872.05,8.7964,0.36812,110.72,49.836,6.856,341.68,26.676,25.471,-0.029652,0.004457,-0.017630,12.459,22.174
12.703125,2,45,2877.72,8.6597,0.36669,110.50,49.833,6.844,341.07,26.678,25.472,0.029504,0.001265,-0.013020,12.594,22.174
12.707031,2,45,2873.39,8.6714,0.36056,108.49,49.813,6.997,348.57,26.680,25.474,-0.012464,-0.037734,0.019274,12.511,22.174
12.710938,2,45,2875.93,8.6591,0.37885,114.10,49.814,6.806,339.03,26.682,25.475,0.030835,0.002629,-0.013356,12.591,22.174
12.714844,2,45,2873.99,8.6138,0.36940,111.18,49.849,6.844,341.15,26.683,25.476,0.022044,0.036303,0.019790,12.407,22.174
12.718750,2,45,2880.16,8.7056,0.37806,114.03,49.848,6.875,342.73,26.685,25.478,-0.014838,-0.034544,0.017295,12.442,22.174
12.722656,2,45,2880.53,8.7954,0.37091,111.88,49.820,6.892,343.37,26.687,25.479,-0.038845,0.000086,-0.019313,12.650,22.174
12.726563,2,45,2871.15,8.5268,0.38324,115.23,49.827,6.766,337.15,26.689,25.480,0.005783,0.025032,0.012996,12.474,22.175
12.730469,2,45,2880.76,8.8045,0.36632,110.51,49.826,6.814,339.52,26.691,25.482,0.039796,0.010496,-0.006624,12.560,22.175
12.734375,2,45,2881.42,8.6494,0.38242,115.39,49.819,6.957,346.59,26.693,25.483,-0.010285,-0.039743,0.017952,12.451,22.175
12.738281,2,45,2884.75,8.8204,0.37371,112.90,49.817,6.804,338.97,26.695,25.484,-0.003282,-0.014677,0.000647,12.535,22.175
12.742188,2,45,2870.94,8.6140,0.36616,110.09,49.824,6.792,338.42,26.697,25.486,-0.030182,-0.012671,-0.002054,12.488,22.175
12.746094,2,45,2883.68,8.6809,0.37742,113.97,49.854,6.893,343.64,26.699,25.487,-0.014249,-0.037933,0.019306,12.632,22.175
12.750000,2,45,2873.83,8.6932,0.37344,112.38,49.862,6.798,338.95,26.701,25.488,-0.028361,-0.017196,0.005280,12.428,22.175
12.753906,2,45,2878.24,8.7086,0.37451,112.88,49.830,6.949,346.29,26.703,25.490,-0.034990,0.003678,-0.019212,12.623,22.175
12.757813,2,45,2877.87,8.7213,0.37550,113.17,49.850,6.903,344.11,26.704,25.491,-0.016305,0.009421,-0.007200,12.469,22.175
12.761719,2,45,2883.56,8.7332,0.37691,113.81,49.816,6.855,341.50,26.706,25.492,0.017679,-0.002337,-0.021899,12.514,22.175
12.765625,2,45,2866.86,8.6108,0.37687,113.14,49.839,6.795,338.64,26.708,25.494,-0.009535,0.012463,-0.000233,12.475,22.175
12.769531,2,45,2878.76,8.7038,0.36741,110.76,49.844,6.943,346.05,26.710,25.495,-0.028350,-0.021488,0.010169,12.692,22.175
12.773438,2,45,2876.22,8.7382,0.36913,111.18,49.848,6.953,346.61,26.712,25.496,0.018468,0.001021,-0.021126,12.536,22.175
12.777344,2,45,2878.92,8.6279,0.38131,114.96,49.820,6.953,346.38,26.714,25.498,0.033590,0.041002,0.020037,12.499,22.175
12.781250,2,45,2871.23,8.5992,0.36594,110.03,49.830,6.873,342.50,26.716,25.499,-0.020630,-0.034153,0.014480,12.335,22.175
12.785156,2,45,2874.32,8.6939,0.37831,113.87,49.860,6.871,342.57,26.718,25.500,-0.003380,-0.020068,0.006584,12.445,22.175
12.789063,2,45,2880.93,8.7260,0.36761,110.91,49.853,6.924,345.19,26.720,25.502,0.032713,0.041875,0.021391,12.493,22.175
12.792969,2,45,2879.29,8.6626,0.38429,115.87,49.820,6.943,345.89,26.722,25.503,-0.022736,0.004666,-0.011492,12.460,22.175
12.796875,2,45,2873.37,8.6627,0.38002,114.35,49.839,6.788,338.29,26.724,25.504,-0.037172,0.000467,-0.019442,12.535,22.175
12.800781,2,45,2882.55,8.7757,0.37029,111.78,49.843,6.889,343.36,26.726,25.506,0.002693,0.021376,0.010007,12.549,22.175
12.804688,2,45,2881.10,8.6919,0.37972,114.56,49.843,6.993,348.56,26.728,25.507,-0.033542,-0.000870,-0.018877,12.634,22.175
12.808594,2,45,2876.58,8.6477,0.36911,111.19,49.814,6.894,343.41,26.730,25.508,0.037741,0.042146,0.021115,12.375,22.175
12.812500,2,45,2891.17,8.7644,0.38139,115.47,49.843,6.943,346.08,26.731,25.510,0.005174,-0.001631,-0.017292,12.616,22.175
12.816406,2,45,2872.19,8.6544,0.37480,112.73,49.818,6.805,339.02,26.733,25.511,-0.010839,-0.030893,0.016738,12.531,22.175
12.820313,2,45,2868.96,8.7388,0.37748,113.41,49.831,6.847,341.18,26.735,25.512,0.011959,0.032651,0.014145,12.404,22.175
12.824219,2,45,2875.59,8.6994,0.37515,112.97,49.831,6.842,340.93,26.737,25.514,-0.018112,-0.037673,0.019031,12.422,22.175
12.828125,2,45,2879.38,8.6800,0.36515,110.10,49.838,6.835,340.63,26.739,25.515,-0.019089,-0.037370,0.018823,12.587,22.175
12.832031,2,45,2878.88,8.6187,0.36593,110.32,49.832,6.743,336.01,26.741,25.516,-0.028357,-0.013282,0.001735,12.557,22.175
12.835938,2,45,2882.00,8.7053,0.36763,110.95,49.863,6.834,340.78,26.743,25.517,-0.011706,-0.041055,0.018949,12.642,22.175
12.839844,2,45,2877.47,8.6865,0.37642,113.43,49.836,6.810,339.40,26.745,25.519,-0.038319,-0.000375,-0.012717,12.576,22.175
12.843750,2,45,2883.73,8.6719,0.38317,115.71,49.829,6.906,344.11,26.746,25.520,0.023832,-0.004203,-0.022100,12.549,22.175
12.847656,2,45,2875.20,8.6931,0.37057,111.57,49.840,6.932,345.50,26.748,25.521,-0.026181,-0.028711,0.012102,12.461,22.176
12.851563,2,45,2890.05,8.8412,0.38670,117.03,49.827,6.958,346.68,26.750,25.523,0.018789,0.036122,0.014602,12.530,22.176
12.855469,2,45,2882.93,8.7846,0.38321,115.69,49.844,6.933,345.57,26.752,25.524,-0.027972,-0.016277,0.001285,12.410,22.176
12.859375,2,45,2869.87,8.7245,0.37140,111.62,49.839,6.940,345.90,26.754,25.525,0.032344,0.037778,0.020414,12.501,22.176
12.863281,2,45,2878.27,8.7231,0.36831,111.01,49.825,6.790,338.31,26.756,25.527,0.032408,0.039152,0.021926,12.513,22.176
12.867188,2,45,2881.60,8.6321,0.37316,112.61,49.852,6.834,340.71,26.758,25.528,0.000272,0.021804,0.004115,12.579,22.176
12.871094,2,45,2870.85,8.7371,0.36725,110.41,49.858,6.865,342.30,26.760,25.529,-0.039599,0.003746,-0.017057,12.481,22.176
12.875000,2,45,2883.95,8.7160,0.36294,109.61,49.833,6.964,347.02,26.762,25.531,-0.036878,0.002624,-0.022434,12.464,22.176
12.878906,2,45,2872.76,8.6673,0.37153,111.77,49.835,6.813,339.53,26.764,25.532,-0.018112,-0.037265,0.017348,12.449,22.176
12.882813,2,45,2878.42,8.7062,0.36349,109.57,49.822,6.953,346.39,26.766,25.533,0.022422,0.034104,0.019050,12.508,22.176
12.886719,2,45,2876.71,8.6960,0.37313,112.40,49.808,6.854,341.38,26.767,25.534,-0.036764,-0.001205,-0.021538,12.567,22.176
12.890625,2,45,2877.18,8.6086,0.37130,111.87,49.831,6.874,342.53,26.769,25.536,0.047474,0.031187,0.014717,12.548,22.176
12.894531,2,45,2880.49,8.7279,0.38061,114.81,49.848,6.794,338.69,26.771,25.537,0.022375,0.037085,0.020880,12.667,22.176
12.898438,2,45,2881.43,8.6477,0.37091,111.92,49.830,6.950,346.31,26.773,25.538,-0.005353,-0.011235,-0.003775,12.485,22.176
12.902344,2,45,2885.73,8.7449,0.38450,116.19,49.841,6.834,340.62,26.775,25.540,-0.011596,-0.039416,0.022725,12.685,22.176
12.906250,2,45,2886.93,8.7150,0.38429,116.18,49.844,6.984,348.09,26.777,25.541,0.003722,0.024535,0.008086,12.567,22.176
12.910156,2,45,2884.19,8.7947,0.37300,112.66,49.801,6.960,346.63,26.779,25.542,-0.017216,-0.038222,0.021636,12.409,22.176
12.914063,2,45,2881.69,8.7134,0.37661,113.65,49.827,7.083,352.93,26.781,25.544,0.033439,0.005780,-0.007955,12.589,22.176
12.917969,2,45,2877.48,8.7256,0.37773,113.82,49.827,6.839,340.76,26.783,25.545,-0.010094,-0.031767,0.014292,12.468,22.176
12.921875,2,45,2881.99,8.7073,0.37046,111.80,49.823,6.989,348.23,26.785,25.546,-0.028723,-0.020781,0.006254,12.603,22.176
12.925781,2,45,2882.25,8.7921,0.36877,111.30,49.841,6.809,339.38,26.786,25.548,-0.019908,0.007571,-0.009625,12.610,22.176
12.929688,2,45,2882.64,8.5697,0.37955,114.57,49.805,6.893,343.31,26.788,25.549,0.044905,0.015322,0.003274,12.542,22.176
12.933594,2,45,2878.67,8.7349,0.36159,109.00,49.819,7.031,350.30,26.790,25.550,-0.010348,-0.034617,0.018539,12.520,22.176
12.937500,2,45,2881.52,8.8113,0.36802,111.05,49.850,6.855,341.70,26.792,25.552,0.017646,-0.002514,-0.023577,12.481,22.176
12.941406,2,45,2884.64,8.7971,0.37444,113.11,49.858,6.863,342.18,26.794,25.553,0.049951,0.019324,0.003146,12.572,22.176
12.945313,2,45,2880.76,8.7165,0.36300,109.51,49.841,6.860,341.89,26.796,25.554,-0.012599,-0.035912,0.018239,12.413,22.176
12.949219,2,45,2883.66,8.7178,0.36785,111.08,49.828,6.814,339.54,26.798,25.555,0.011271,-0.001105,-0.019444,12.535,22.176
12.953125,2,45,2880.59,8.6910,0.37950,114.48,49.819,6.758,336.66,26.799,25.557,-0.030668,0.002002,-0.017081,12.504,22.176
12.957031,2,45,2882.47,8.6974,0.36438,109.99,49.834,6.792,338.50,26.801,25.558,-0.007619,-0.018978,0.005430,12.453,22.176
12.960938,2,45,2879.21,8.6767,0.37521,113.13,49.842,6.759,336.88,26.803,25.559,-0.008280,0.012510,-0.000660,12.583,22.176
12.964844,2,45,2879.69,8.7715,0.35749,107.81,49.836,6.974,347.56,26.805,25.560,0.038769,0.003054,-0.010163,12.328,22.176
12.968750,2,45,2880.75,8.7872,0.38089,114.90,49.840,6.999,348.83,26.807,25.562,-0.022583,-0.025221,0.011512,12.539,22.176
12.972656,2,45,2882.19,8.6635,0.38031,114.79,49.848,6.910,344.48,26.809,25.563,0.047309,0.027437,0.013631,12.514,22.176
12.976563,2,45,2886.18,8.9068,0.36620,110.68,49.823,6.870,342.26,26.811,25.564,0.043158,0.011118,0.000324,12.541,22.177
12.980469,2,45,2870.41,8.5392,0.37348,112.26,49.852,6.823,340.12,26.813,25.565,0.005333,0.024449,0.011224,12.460,22.177
12.984375,2,45,2889.89,8.8475,0.38414,116.25,49.841,6.900,343.91,26.814,25.567,0.001966,-0.004778,-0.013766,12.488,22.177
12.988281,2,45,2879.59,8.7569,0.38382,115.74,49.831,6.922,344.95,26.816,25.568,0.012056,-0.000664,-0.019839,12.654,22.177
12.992188,2,45,2874.59,8.7222,0.37524,112.96,49.846,6.795,338.71,26.818,25.569,-0.003184,-0.014087,-0.001113,12.440,22.177
12.996094,2,45,2884.85,8.8295,0.37902,114.50,49.840,6.861,341.93,26.820,25.571,-0.035885,0.006077,-0.019230,12.666,22.177
13.000000,2,45,2883.36,8.6688,0.35758,107.97,49.850,6.895,343.70,26.822,25.572,-0.034713,-0.007117,-0.008189,12.468,22.177
13.003906,2,45,2884.56,8.6777,0.36529,110.34,49.833,6.998,348.72,26.824,25.573,0.045698,0.023786,0.005486,12.667,22.177
13.007813,2,45,2874.64,8.5438,0.36951,111.24,49.824,6.931,345.32,26.826,25.575,0.045966,0.011593,-0.004148,12.542,22.177
13.011719,2,45,2872.49,8.6891,0.37574,113.02,49.825,6.878,342.69,26.828,25.576,-0.017589,0.010176,-0.003710,12.442,22.177
13.015625,2,45,2885.43,8.7044,0.37568,113.51,49.839,6.859,341.84,26.829,25.577,-0.018335,0.006069,-0.008558,12.469,22.177
13.019531,2,45,2878.94,8.6624,0.37343,112.58,49.829,7.033,350.46,26.831,25.578,-0.027631,-0.011641,-0.000382,12.576,22.177
13.023438,2,45,2871.07,8.6436,0.36315,109.18,49.839,6.870,342.39,26.833,25.580,0.046297,0.018652,0.003017,12.490,22.177
13.027344,2,45,2879.75,8.7680,0.37401,112.79,49.843,6.902,344.00,26.835,25.581,0.034031,0.001390,-0.013053,12.526,22.177
13.031250,2,45,2882.06,8.7546,0.36029,108.74,49.858,6.821,340.09,26.837,25.582,-0.008013,0.008148,-0.001587,12.598,22.177
13.035156,2,45,2880.54,8.6396,0.36904,111.32,49.826,6.927,345.14,26.839,25.583,-0.041329,0.000143,-0.019524,12.409,22.177
13.039063,2,45,2879.64,8.6977,0.37381,112.72,49.856,6.772,337.63,26.841,25.585,-0.039651,0.002515,-0.018057,12.472,22.177
13.042969,2,45,2883.85,8.6932,0.37704,113.86,49.828,6.800,338.84,26.842,25.586,-0.028095,0.004867,-0.012968,12.431,22.177
13.046875,2,45,2878.52,8.7672,0.36999,111.53,49.830,6.980,347.83,26.844,25.587,-0.015818,0.005578,-0.004358,12.439,22.177
13.050781,2,45,2881.52,8.7286,0.36918,111.40,49.807,6.871,342.25,26.846,25.588,-0.039133,0.001690,-0.015981,12.361,22.177
13.054688,2,45,2873.84,8.6710,0.37600,113.16,49.849,6.802,339.07,26.848,25.590,0.028494,-0.002442,-0.017636,12.498,22.177
13.058594,2,45,2886.38,8.7578,0.36938,111.65,49.836,6.892,343.46,26.850,25.591,0.042161,0.015529,-0.000412,12.455,22.177
13.062500,2,45,2882.10,8.6892,0.38597,116.49,49.849,6.782,338.09,26.852,25.592,-0.005833,-0.014230,0.002019,12.490,22.177
13.066406,2,45,2876.66,8.6416,0.36710,110.59,49.855,6.912,344.62,26.853,25.593,-0.005123,-0.016641,0.002538,12.536,22.177
13.070313,2,45,2877.42,8.6590,0.36513,110.02,49.842,6.858,341.83,26.855,25.595,-0.041954,0.003689,-0.022317,12.461,22.177
13.074219,2,45,2887.88,8.7366,0.37798,114.31,49.822,6.928,345.16,26.857,25.596,0.030252,0.000828,-0.019906,12.609,22.177
13.078125,2,45,2876.06,8.6448,0.36581,110.18,49.825,6.850,341.28,26.859,25.597,-0.028143,0.002953,-0.015588,12.466,22.177
13.082031,2,45,2874.01,8.7481,0.37701,113.47,49.822,6.913,344.43,26.861,25.598,-0.020729,-0.031051,0.016912,12.410,22.177
13.085938,2,45,2874.40,8.6279,0.37495,112.86,49.861,6.946,346.34,26.863,25.600,-0.025797,0.003464,-0.012947,12.437,22.177
13.089844,2,45,2879.92,8.6866,0.37226,112.27,49.804,6.904,343.82,26.864,25.601,0.025720,-0.000621,-0.020384,12.653,22.177
13.093750,2,45,2882.14,8.6554,0.36117,109.01,49.818,6.920,344.76,26.866,25.602,-0.003719,0.016863,0.004689,12.522,22.177
13.097656,2,45,2868.10,8.6180,0.37129,111.51,49.831,6.825,340.08,26.868,25.604,0.039879,0.040986,0.021222,12.420,22.177
13.101563,2,45,2890.23,8.8112,0.37623,113.87,49.818,6.963,346.86,26.870,25.605,0.041398,0.036200,0.019553,12.448,22.177
13.105469,2,45,2880.37,8.7432,0.36759,110.88,49.866,6.941,346.12,26.872,25.606,0.048642,0.029152,0.016525,12.655,22.178
13.109375,2,45,2880.50,8.7758,0.37646,113.56,49.820,6.849,341.21,26.874,25.607,0.009379,-0.002299,-0.017633,12.540,22.178
13.113281,2,45,2884.42,8.7019,0.37231,112.46,49.835,6.936,345.68,26.876,25.609,0.003027,-0.008646,-0.011411,12.550,22.178
13.117188,2,45,2882.45,8.7710,0.37495,113.18,49.847,6.864,342.14,26.877,25.610,0.044868,0.028551,0.012217,12.602,22.178
13.121094,2,45,2887.02,8.7270,0.36180,109.38,49.842,6.981,347.97,26.879,25.611,0.010204,-0.002984,-0.021886,12.545,22.178
13.125000,2,45,2876.61,8.7658,0.36861,111.04,49.823,6.852,341.37,26.881,25.612,0.034659,0.000836,-0.015940,12.495,22.178
13.128906,2,45,2881.86,8.7255,0.37384,112.82,49.823,6.859,341.71,26.883,25.614,-0.016072,-0.039597,0.022159,12.449,22.178
13.132813,2,45,2879.79,8.6080,0.37343,112.61,49.822,6.969,347.20,26.885,25.615,0.015519,-0.002523,-0.021913,12.597,22.178
13.136719,2,45,2879.75,8.7641,0.38661,116.59,49.821,6.846,341.06,26.887,25.616,-0.012085,-0.031224,0.013047,12.568,22.178
13.140625,2,45,2888.71,8.8325,0.37797,114.34,49.843,6.893,343.56,26.888,25.617,-0.021599,-0.026277,0.011934,12.430,22.178
13.144531,2,45,2873.96,8.6414,0.37775,113.69,49.874,6.760,337.13,26.890,25.619,-0.016699,-0.037153,0.019957,12.436,22.178
13.148438,2,45,2874.24,8.5877,0.37663,113.36,49.841,6.895,343.65,26.892,25.620,-0.032085,0.000836,-0.016486,12.515,22.178
13.152344,2,45,2874.56,8.7263,0.36892,111.05,49.846,6.836,340.74,26.894,25.621,0.045231,0.035477,0.020432,12.631,22.178
13.156250,2,45,2882.90,8.6628,0.37498,113.20,49.801,6.844,340.83,26.896,25.622,0.050234,0.034448,0.015548,12.448,22.178
13.160156,2,45,2882.62,8.7780,0.37250,112.45,49.846,6.794,338.67,26.897,25.623,0.033831,0.001380,-0.013775,12.648,22.178
13.164063,2,45,2871.20,8.6136,0.37864,113.85,49.826,6.762,336.93,26.899,25.625,-0.012981,0.011034,-0.001123,12.443,22.178
13.167969,2,45,2890.18,8.7769,0.37387,113.15,49.794,6.947,345.93,26.901,25.626,0.022355,-0.003094,-0.021610,12.621,22.178
13.171875,2,45,2884.56,8.7592,0.37696,113.87,49.824,6.931,345.31,26.903,25.627,0.035978,0.002564,-0.013629,12.604,22.178
13.175781,2,45,2882.52,8.7576,0.36643,110.61,49.835,6.963,346.98,26.905,25.628,0.007761,0.025344,0.010052,12.523,22.178
13.179688,2,45,2880.39,8.6465,0.37756,113.88,49.816,6.966,347.00,26.907,25.630,-0.031052,-0.012287,-0.003285,12.541,22.178
13.183594,2,45,2882.07,8.7234,0.37352,112.73,49.854,6.900,344.01,26.908,25.631,0.031811,0.004043,-0.014955,12.638,22.178
13.187500,2,45,2881.61,8.7427,0.37030,111.74,49.846,6.870,342.46,26.910,25.632,0.013345,-0.003775,-0.018300,12.487,22.178
13.191406,2,45,2878.44,8.7053,0.38311,115.48,49.852,6.964,347.16,26.912,25.633,-0.037372,0.002317,-0.021597,12.504,22.178
13.195313,2,45,2874.84,8.7391,0.36359,109.46,49.841,6.786,338.20,26.914,25.635,0.038571,0.004325,-0.008707,12.540,22.178
13.199219,2,45,2872.98,8.7838,0.36383,109.46,49.837,6.798,338.81,26.916,25.636,0.018186,0.030338,0.014493,12.649,22.178
13.203125,2,45,2880.16,8.6834,0.38163,115.10,49.830,6.929,345.28,26.917,25.637,-0.036550,-0.001945,-0.016370,12.430,22.178
13.207031,2,45,2884.12,8.6843,0.38027,114.85,49.850,6.941,345.99,26.919,25.638,-0.038142,0.003678,-0.019422,12.557,22.178
13.210938,2,45,2885.71,8.7541,0.37596,113.61,49.846,6.881,343.00,26.921,25.640,0.004724,-0.002467,-0.017031,12.557,22.178
13.214844,2,45,2889.15,8.7450,0.37406,113.17,49.833,7.004,349.05,26.923,25.641,0.015236,-0.001175,-0.022843,12.578,22.178
13.218750,2,45,2883.23,8.6821,0.37800,114.13,49.848,6.927,345.30,26.925,25.642,0.044916,0.011962,-0.000772,12.526,22.178
13.222656,2,45,2880.16,8.6567,0.37881,114.25,49.861,6.855,341.82,26.927,25.643,-0.034103,-0.009080,-0.006239,12.483,22.178
13.226563,2,45,2877.61,8.7671,0.37061,111.68,49.848,6.735,335.73,26.928,25.644,0.010016,-0.002278,-0.019532,12.420,22.178
13.230469,2,45,2873.13,8.7044,0.36889,110.99,49.833,6.904,344.06,26.930,25.646,-0.012284,-0.039917,0.021267,12.504,22.178
13.234375,2,45,2880.75,8.6815,0.37102,111.93,49.859,6.794,338.72,26.932,25.647,-0.001054,-0.003916,-0.009490,12.490,22.179
13.238281,2,45,2887.39,8.7891,0.36806,111.29,49.822,6.941,345.82,26.934,25.648,0.031032,0.040431,0.020399,12.569,22.179
13.242188,2,45,2891.02,8.7629,0.37294,112.91,49.850,6.830,340.49,26.936,25.649,0.027858,0.040949,0.021410,12.580,22.179
13.246094,2,45,2878.00,8.7457,0.37104,111.82,49.826,6.852,341.41,26.937,25.651,0.007294,0.001477,-0.018764,12.517,22.179
13.250000,2,45,2880.98,8.7211,0.36312,109.55,49.823,6.939,345.74,26.939,25.652,0.041059,0.012279,-0.004386,12.596,22.179
13.253906,2,45,2883.27,8.7077,0.37850,114.28,49.845,6.848,341.36,26.941,25.653,-0.019386,0.007338,-0.010735,12.563,22.179
13.257813,2,45,2877.22,8.7580,0.37681,113.53,49.840,6.941,345.96,26.943,25.654,-0.034125,-0.001708,-0.012083,12.388,22.179
13.261719,2,45,2871.84,8.6970,0.37953,114.14,49.815,6.872,342.33,26.945,25.655,-0.034625,-0.002623,-0.014818,12.361,22.179
13.265625,2,45,2874.77,8.5943,0.37311,112.32,49.828,6.774,337.52,26.946,25.657,-0.014649,-0.040678,0.022364,12.566,22.179
13.269531,2,45,2882.59,8.7189,0.36064,108.86,49.808,6.818,339.60,26.948,25.658,-0.007391,-0.031041,0.013044,12.642,22.179
13.273438,2,45,2877.63,8.6371,0.37516,113.05,49.845,6.850,341.43,26.950,25.659,-0.019879,-0.038771,0.019993,12.531,22.179
13.277344,2,45,2869.17,8.6233,0.37519,112.73,49.854,6.769,337.48,26.952,25.660,-0.020687,0.007074,-0.010189,12.475,22.179
13.281250,2,45,2878.10,8.7214,0.35744,107.73,49.815,6.945,345.97,26.953,25.661,0.033934,0.038993,0.019979,12.453,22.179
13.285156,2,45,2888.83,8.8282,0.37891,114.63,49.823,6.923,344.94,26.955,25.663,-0.021012,-0.030802,0.013018,12.557,22.179
13.289063,2,45,2881.65,8.7498,0.37639,113.58,49.828,6.911,344.35,26.957,25.664,0.037137,0.003906,-0.009896,12.601,22.179
13.292969,2,45,2881.50,8.7566,0.36862,111.23,49.841,6.846,341.19,26.959,25.665,0.000351,-0.001850,-0.012257,12.419,22.179
13.296875,2,45,2879.99,8.8095,0.38145,115.04,49.840,6.847,341.24,26.961,25.666,0.032756,0.002776,-0.009940,12.526,22.179
13.300781,2,45,2878.60,8.6732,0.36318,109.48,49.836,6.969,347.33,26.962,25.667,0.044722,0.034839,0.014406,12.518,22.179
13.304688,2,45,2882.32,8.6870,0.37552,113.34,49.829,6.805,339.10,26.964,25.669,0.043315,0.034719,0.012066,12.487,22.179
13.308594,2,45,2871.38,8.6253,0.36556,109.92,49.864,6.875,342.82,26.966,25.670,-0.028526,0.002025,-0.012810,12.531,22.179
13.312500,2,45,2872.04,8.6467,0.37222,111.95,49.869,6.769,337.54,26.968,25.671,0.040767,0.003668,-0.009126,12.624,22.179
13.316406,2,45,2872.45,8.6179,0.37040,111.42,49.830,6.924,345.02,26.969,25.672,-0.010012,-0.029533,0.016852,12.582,22.179
13.320313,2,45,2885.53,8.7196,0.37657,113.79,49.838,6.756,336.73,26.971,25.673,-0.015625,-0.041127,0.019667,12.641,22.179
13.324219,2,45,2872.64,8.6070,0.38046,114.45,49.789,7.022,349.61,26.973,25.675,-0.015825,0.009368,-0.004389,12.558,22.179
13.328125,2,45,2881.38,8.7510,0.38274,115.49,49.821,6.872,342.37,26.975,25.676,0.029795,0.037262,0.022094,12.613,22.179
13.332031,2,45,2877.56,8.6756,0.36664,110.48,49.857,6.821,340.08,26.977,25.677,0.001608,-0.004927,-0.013327,12.529,22.179
13.335938,2,45,2882.22,8.6400,0.37277,112.51,49.854,6.934,345.68,26.978,25.678,-0.017705,-0.034476,0.019782,12.598,22.179
13.339844,2,45,2880.03,8.6714,0.37534,113.20,49.810,6.913,344.33,26.980,25.679,0.017894,0.000668,-0.021451,12.657,22.179
13.343750,2,45,2878.59,8.7402,0.37976,114.48,49.807,6.889,343.13,26.982,25.681,0.044138,0.018809,0.002715,12.483,22.179
13.347656,2,45,2872.87,8.6830,0.38276,115.15,49.825,6.874,342.49,26.984,25.682,0.039734,0.040290,0.018797,12.523,22.179
13.351563,2,45,2876.64,8.7451,0.35516,106.99,49.809,6.890,343.19,26.985,25.683,0.046109,0.035551,0.019344,12.372,22.179
13.355469,2,45,2888.07,8.6597,0.38079,115.17,49.827,6.937,345.68,26.987,25.684,-0.033915,0.003462,-0.019246,12.543,22.179
13.359375,2,45,2892.10,8.7567,0.37103,112.37,49.849,6.912,344.56,26.989,25.685,-0.013106,0.009521,-0.004678,12.644,22.179
13.363281,2,45,2881.54,8.7611,0.37339,112.67,49.833,6.860,341.85,26.991,25.687,-0.040727,-0.000742,-0.017381,12.551,22.179
13.367188,2,45,2872.94,8.6436,0.36688,110.38,49.837,7.020,349.87,26.993,25.688,0.029610,0.038585,0.021049,12.539,22.179
13.371094,2,45,2874.78,8.7449,0.37722,113.56,49.865,6.712,334.67,26.994,25.689,-0.024198,-0.030642,0.015631,12.544,22.180
13.375000,2,45,2882.74,8.6574,0.37219,112.36,49.843,6.859,341.89,26.996,25.690,-0.013541,-0.038407,0.020285,12.511,22.180
13.378906,2,45,2882.69,8.6806,0.37026,111.77,49.842,6.729,335.41,26.998,25.691,-0.039493,0.001078,-0.017615,12.600,22.180
13.382813,2,45,2881.85,8.8078,0.38026,114.76,49.855,6.886,343.33,27.000,25.693,-0.039341,0.002420,-0.018275,12.486,22.180
13.386719,2,45,2875.61,8.6408,0.37230,112.11,49.821,6.966,347.07,27.001,25.694,-0.013073,-0.039110,0.022827,12.522,22.180
13.390625,2,45,2885.35,8.6832,0.37550,113.46,49.819,6.900,343.76,27.003,25.695,-0.013120,0.010565,-0.000586,12.597,22.180
13.394531,2,45,2879.99,8.6933,0.36996,111.58,49.843,6.913,344.57,27.005,25.696,-0.015211,0.008650,-0.005034,12.703,22.180
13.398438,2,45,2895.63,8.8937,0.37164,112.69,49.859,6.859,342.00,27.007,25.697,-0.019347,-0.036888,0.019532,12.666,22.180
13.402344,2,45,2880.73,8.6046,0.38795,117.03,49.848,6.873,342.58,27.008,25.699,-0.009916,-0.020869,0.005823,12.576,22.180
13.406250,2,45,2877.83,8.6954,0.36730,110.69,49.837,6.747,336.23,27.010,25.700,0.015018,0.031595,0.014887,12.425,22.180
13.410156,2,45,2880.44,8.7030,0.36027,108.67,49.840,6.972,347.49,27.012,25.701,-0.037247,0.000519,-0.016159,12.478,22.180
13.414063,2,45,2871.63,8.5610,0.37551,112.92,49.839,6.962,346.99,27.014,25.702,0.007194,0.027501,0.011380,12.545,22.180
13.417969,2,45,2883.09,8.7102,0.38335,115.74,49.841,6.912,344.50,27.016,25.703,-0.032640,-0.004228,-0.013346,12.463,22.180
13.421875,2,45,2878.71,8.7158,0.36523,110.10,49.855,6.791,338.59,27.017,25.704,-0.005045,0.014620,0.001898,12.494,22.180
13.425781,2,45,2885.54,8.7476,0.36645,110.73,49.837,7.041,350.88,27.019,25.706,-0.024519,-0.022374,0.008009,12.575,22.180
13.429688,2,45,2878.60,8.7008,0.37338,112.55,49.814,6.904,343.94,27.021,25.707,0.018735,0.000512,-0.019222,12.562,22.180
13.433594,2,45,2880.44,8.7021,0.37851,114.17,49.848,6.731,335.52,27.023,25.708,-0.023574,0.003653,-0.011414,12.467,22.180
13.437500,2,45,2883.87,8.7264,0.36630,110.62,49.840,6.918,344.79,27.024,25.709,-0.033593,0.001945,-0.018854,12.452,22.180
13.441406,2,45,2879.51,8.7146,0.38888,117.26,49.832,6.874,342.54,27.026,25.710,0.033683,0.039661,0.020438,12.467,22.180
13.445313,2,45,2878.67,8.7157,0.38136,114.96,49.855,6.828,340.40,27.028,25.711,0.032006,0.040063,0.022302,12.445,22.180
13.449219,2,45,2878.03,8.7861,0.36633,110.41,49.842,6.953,346.58,27.030,25.713,0.040667,0.036815,0.018517,12.511,22.180
13.453125,2,45,2882.16,8.7498,0.37415,112.92,49.839,6.970,347.36,27.031,25.714,0.038552,0.004910,-0.010111,12.607,22.180
13.457031,2,45,2884.09,8.7724,0.36720,110.90,49.832,6.891,343.38,27.033,25.715,-0.033425,0.000305,-0.021767,12.530,22.180
13.460938,2,45,2878.56,8.6982,0.37000,111.53,49.813,6.905,343.96,27.035,25.716,-0.036721,-0.000428,-0.021089,12.554,22.180
13.464844,2,45,2880.68,8.7262,0.36841,111.14,49.871,6.839,341.06,27.037,25.717,-0.003758,-0.016969,0.002630,12.566,22.180
13.468750,2,45,2879.59,8.7462,0.37995,114.58,49.815,6.856,341.52,27.038,25.719,0.002072,-0.006818,-0.009408,12.479,22.180
13.472656,2,45,2887.58,8.7186,0.36848,111.42,49.826,6.922,344.91,27.040,25.720,0.004794,-0.002418,-0.013707,12.521,22.180
13.476563,2,45,2881.77,8.6522,0.36835,111.16,49.812,6.891,343.23,27.042,25.721,0.032882,-0.000284,-0.016192,12.473,22.180
13.480469,2,45,2880.43,8.8131,0.37348,112.65,49.834,6.945,346.11,27.044,25.722,0.047429,0.027639,0.009605,12.522,22.180
13.484375,2,45,2888.06,8.6794,0.37892,114.60,49.844,6.760,336.97,27.045,25.723,0.032592,0.037732,0.022305,12.515,22.180
13.488281,2,45,2886.25,8.7299,0.37899,114.55,49.834,6.971,347.39,27.047,25.724,-0.036350,0.003785,-0.017204,12.504,22.180
13.492188,2,45,2885.51,8.6949,0.37231,112.50,49.849,6.793,338.62,27.049,25.726,-0.032519,0.001538,-0.019393,12.552,22.180
13.496094,2,45,2882.70,8.6882,0.37739,113.93,49.859,7.029,350.48,27.051,25.727,0.001217,-0.008656,-0.006807,12.614,22.180
13.500000,2,45,2882.85,8.7257,0.37349,112.75,49.832,6.844,341.07,27.052,25.728,-0.018371,-0.033291,0.016492,12.532,22.180
13.503906,2,45,2879.91,8.6856,0.36330,109.56,49.818,6.884,342.97,27.054,25.729,0.049021,0.023531,0.007682,12.416,22.180
13.507813,2,45,2879.76,8.7127,0.37476,113.02,49.860,6.765,337.30,27.056,25.730,0.017707,-0.001958,-0.022828,12.575,22.181
13.511719,2,45,2878.38,8.6438,0.36919,111.28,49.855,6.778,337.90,27.058,25.731,0.041428,0.013512,0.002326,12.623,22.181
13.515625,2,45,2884.75,8.7422,0.37740,114.01,49.813,6.889,343.14,27.059,25.733,-0.040072,0.003528,-0.020887,12.655,22.181
13.519531,2,45,2884.34,8.6767,0.36659,110.73,49.830,7.008,349.20,27.061,25.734,-0.019596,0.007461,-0.008713,12.515,22.181
13.523438,2,45,2878.41,8.6567,0.36394,109.70,49.853,6.851,341.54,27.063,25.735,-0.034557,-0.001761,-0.016751,12.571,22.181
13.527344,2,45,2877.12,8.7032,0.35618,107.31,49.852,6.751,336.57,27.064,25.736,-0.023565,-0.027326,0.010918,12.489,22.181
13.531250,2,45,2881.31,8.7499,0.36820,111.10,49.819,6.907,344.09,27.066,25.737,-0.039906,0.002762,-0.015862,12.479,22.181
13.535156,2,45,2879.77,8.6745,0.36446,109.91,49.815,6.939,345.65,27.068,25.738,-0.020103,-0.034405,0.014110,12.487,22.181
13.539063,2,45,2883.55,8.6652,0.37440,113.06,49.850,6.891,343.50,27.070,25.740,-0.025762,-0.020056,0.005080,12.615,22.181
13.542969,2,45,2873.61,8.5973,0.37831,113.84,49.844,6.761,337.00,27.071,25.741,-0.016578,-0.036146,0.015725,12.424,22.181
13.546875,2,45,2872.68,8.6799,0.36962,111.19,49.818,6.717,334.65,27.073,25.742,-0.016405,-0.035864,0.020271,12.484,22.181
13.550781,2,45,2880.79,8.7349,0.37363,112.71,49.815,6.917,344.55,27.075,25.743,-0.019023,-0.039662,0.020721,12.565,22.181
13.554688,2,45,2884.73,8.6821,0.38744,117.04,49.827,6.795,338.55,27.076,25.744,-0.028586,-0.014803,0.003679,12.570,22.181
13.558594,2,45,2881.32,8.7883,0.37206,112.26,49.817,6.891,343.27,27.078,25.745,0.042518,0.035428,0.018920,12.545,22.181
13.562500,2,45,2876.31,8.6800,0.37225,112.12,49.831,7.050,351.31,27.080,25.746,0.045935,0.026461,0.006171,12.515,22.181
13.566406,2,45,2876.57,8.7959,0.37294,112.34,49.820,6.922,344.83,27.082,25.748,-0.003802,-0.003699,-0.010165,12.483,22.181
13.570313,2,45,2871.78,8.7005,0.36772,110.58,49.836,6.895,343.63,27.083,25.749,-0.009161,-0.029245,0.014802,12.512,22.181
13.574219,2,45,2876.81,8.7035,0.37987,114.44,49.813,6.943,345.87,27.085,25.750,-0.035275,0.000494,-0.023753,12.605,22.181
13.578125,2,45,2882.19,8.7319,0.36680,110.71,49.839,6.904,344.07,27.087,25.751,0.038497,0.006715,-0.010099,12.445,22.181
13.582031,2,45,2882.15,8.7474,0.37568,113.39,49.831,6.944,346.01,27.089,25.752,-0.004921,-0.004676,-0.007512,12.607,22.181
13.585938,2,45,2872.38,8.7206,0.36552,109.95,49.836,6.891,343.40,27.090,25.753,0.002295,-0.005427,-0.014437,12.478,22.181
13.589844,2,45,2878.31,8.7135,0.37225,112.20,49.815,6.824,339.96,27.092,25.754,-0.018015,0.008908,-0.005314,12.415,22.181
13.593750,2,45,2879.17,8.7413,0.36139,108.96,49.814,6.876,342.54,27.094,25.756,0.024295,-0.001835,-0.022442,12.547,22.181
13.597656,2,45,2876.41,8.5993,0.37155,111.92,49.860,6.911,344.58,27.096,25.757,-0.030856,0.001167,-0.018609,12.419,22.181
13.601563,2,45,2878.35,8.7099,0.36713,110.66,49.833,6.947,346.18,27.097,25.758,-0.006994,-0.027359,0.011917,12.600,22.181
13.605469,2,45,2875.86,8.6984,0.36647,110.36,49.850,6.767,337.36,27.099,25.759,0.047628,0.034583,0.017951,12.530,22.181
13.609375,2,45,2875.74,8.6856,0.37493,112.91,49.824,6.850,341.30,27.101,25.760,0.028933,-0.002986,-0.021216,12.372,22.181
13.613281,2,45,2886.51,8.7378,0.37857,114.43,49.844,6.992,348.49,27.102,25.761,-0.023634,0.003492,-0.008037,12.661,22.181
13.617188,2,45,2874.22,8.6871,0.36644,110.30,49.823,6.822,339.89,27.104,25.762,0.020857,-0.004397,-0.020670,12.525,22.181
13.621094,2,45,2885.18,8.7594,0.36087,109.03,49.841,6.904,344.12,27.106,25.764,0.005495,0.021747,0.006999,12.554,22.181
13.625000,2,45,2882.52,8.6790,0.37527,113.28,49.812,6.981,347.72,27.108,25.765,-0.011470,-0.037828,0.022229,12.489,22.181
13.628906,2,45,2879.45,8.6643,0.36752,110.82,49.843,6.849,341.36,27.109,25.766,0.032445,0.040851,0.021929,12.601,22.181
13.632813,2,45,2880.84,8.6869,0.37894,114.32,49.830,6.930,345.34,27.111,25.767,-0.014357,-0.041821,0.019946,12.525,22.181
13.636719,2,45,2883.23,8.7425,0.36280,109.54,49.882,6.776,338.01,27.113,25.768,0.024536,-0.003132,-0.016902,12.428,22.181
13.640625,2,45,2888.49,8.7472,0.38124,115.32,49.831,6.887,343.16,27.114,25.769,-0.029676,-0.020973,0.003749,12.597,22.181
13.644531,2,45,2881.72,8.7245,0.36901,111.36,49.816,6.954,346.44,27.116,25.771,0.016364,-0.004910,-0.023226,12.425,22.181
13.648438,2,45,2873.48,8.6647,0.36884,110.99,49.841,6.805,339.18,27.118,25.772,-0.020031,-0.031467,0.015011,12.564,22.182
13.652344,2,45,2876.33,8.6644,0.36255,109.20,49.863,6.745,336.31,27.119,25.773,-0.004538,-0.018985,0.004880,12.583,22.182
13.656250,2,45,2880.51,8.7055,0.37824,114.10,49.828,6.916,344.63,27.121,25.774,-0.016417,-0.039711,0.019005,12.447,22.182
13.660156,2,45,2880.61,8.6684,0.37475,113.05,49.857,6.908,344.42,27.123,25.775,-0.034843,0.002958,-0.019000,12.626,22.182
13.664063,2,45,2875.91,8.7095,0.38161,114.93,49.841,6.885,343.18,27.125,25.776,-0.012214,0.010868,-0.004152,12.518,22.182
13.667969,2,45,2884.96,8.8285,0.36720,110.93,49.829,6.862,341.91,27.126,25.777,0.045841,0.014600,0.003671,12.535,22.182
13.671875,2,45,2879.61,8.6597,0.37682,113.63,49.844,6.884,343.11,27.128,25.778,0.044819,0.026658,0.010941,12.592,22.182
13.675781,2,45,2872.27,8.6514,0.36946,111.13,49.844,6.844,341.13,27.130,25.779,-0.025456,-0.025331,0.005571,12.363,22.182
13.679688,2,45,2872.08,8.6265,0.36850,110.83,49.846,6.872,342.55,27.131,25.781,-0.036161,0.001946,-0.020852,12.516,22.182
13.683594,2,45,2881.45,8.6713,0.36868,111.25,49.841,6.859,341.85,27.133,25.782,0.047358,0.034641,0.014876,12.602,22.182
13.687500,2,45,2886.82,8.7631,0.37854,114.43,49.840,6.819,339.84,27.135,25.783,-0.012912,-0.040495,0.021034,12.645,22.182
13.691406,2,45,2875.77,8.7486,0.37459,112.81,49.864,6.850,341.57,27.136,25.784,0.042386,0.007222,-0.004013,12.552,22.182
13.695313,2,45,2886.20,8.7416,0.37374,112.96,49.821,6.773,337.43,27.138,25.785,-0.038120,0.003139,-0.018336,12.634,22.182
13.699219,2,45,2876.46,8.6059,0.37461,112.84,49.836,6.883,343.01,27.140,25.786,-0.032277,-0.004374,-0.013739,12.476,22.182
13.703125,2,45,2882.64,8.7861,0.37115,112.04,49.822,6.911,344.30,27.141,25.787,0.014730,-0.001692,-0.021367,12.427,22.182
13.707031,2,45,2881.48,8.7304,0.36756,110.91,49.833,6.845,341.08,27.143,25.788,0.027689,0.001814,-0.017649,12.646,22.182
13.710938,2,45,2878.05,8.7168,0.37575,113.25,49.802,6.873,342.30,27.145,25.789,-0.025479,-0.021246,0.005426,12.492,22.182
13.714844,2,45,2885.70,8.6412,0.37514,113.36,49.833,6.889,343.29,27.147,25.791,-0.018285,-0.035826,0.020248,12.417,22.182
13.718750,2,45,2882.22,8.8410,0.38273,115.52,49.825,6.958,346.70,27.148,25.792,0.011215,0.028960,0.014867,12.604,22.182
13.722656,2,45,2884.82,8.6981,0.37564,113.48,49.809,6.967,347.01,27.150,25.793,-0.035991,-0.000039,-0.020809,12.544,22.182
13.726563,2,45,2876.30,8.7378,0.37518,113.01,49.856,6.773,337.68,27.152,25.794,0.019327,0.030734,0.020608,12.633,22.182
13.730469,2,45,2872.87,8.7774,0.36282,109.15,49.861,6.790,338.55,27.153,25.795,-0.001536,-0.005164,-0.005393,12.463,22.182
13.734375,2,45,2870.45,8.7356,0.36941,111.04,49.840,6.931,345.45,27.155,25.796,0.032281,0.038766,0.021497,12.388,22.182
13.738281,2,45,2881.96,8.7144,0.38142,115.11,49.806,7.000,348.62,27.157,25.797,-0.033944,0.003992,-0.015450,12.623,22.182
13.742188,2,45,2875.54,8.6480,0.36241,109.13,49.855,6.855,341.75,27.158,25.798,-0.017956,-0.038898,0.021321,12.553,22.182
13.746094,2,45,2882.55,8.7917,0.38256,115.48,49.852,6.840,341.01,27.160,25.800,-0.003491,-0.006305,-0.014135,12.529,22.182
13.750000,2,45,2883.20,8.7984,0.36445,110.04,49.836,6.788,338.31,27.162,25.801,-0.034825,-0.006245,-0.009464,12.519,22.182
13.753906,2,45,2878.97,8.6995,0.37399,112.75,49.865,6.897,343.91,27.163,25.802,-0.007593,0.014231,-0.000459,12.529,22.182
13.757813,2,45,2883.24,8.7099,0.38082,114.98,49.840,6.982,347.98,27.165,25.803,0.045011,0.036741,0.016169,12.383,22.182
13.761719,2,45,2875.22,8.7284,0.36893,111.08,49.840,6.951,346.45,27.167,25.804,-0.007446,-0.017501,0.004543,12.605,22.182
13.765625,2,45,2879.19,8.6460,0.36844,111.09,49.822,6.954,346.43,27.169,25.805,-0.012159,-0.041938,0.022289,12.515,22.182
13.769531,2,45,2870.83,8.7510,0.37875,113.86,49.840,6.937,345.75,27.170,25.806,-0.036845,-0.000980,-0.020816,12.451,22.182
13.773438,2,45,2882.92,8.7374,0.38022,114.79,49.853,6.822,340.10,27.172,25.807,-0.039725,0.004764,-0.022681,12.547,22.182
13.777344,2,45,2887.42,8.7321,0.36598,110.66,49.868,6.850,341.61,27.174,25.808,0.017410,0.032653,0.015489,12.661,22.182
13.781250,2,45,2877.63,8.6819,0.38113,114.85,49.833,6.759,336.84,27.175,25.810,-0.006481,0.013180,0.000597,12.369,22.182
13.785156,2,45,2880.15,8.7389,0.36278,109.42,49.847,6.934,345.63,27.177,25.811,-0.029962,-0.009998,-0.004489,12.549,22.182
13.789063,2,45,2879.52,8.7384,0.37131,111.97,49.844,6.829,340.41,27.179,25.812,-0.038799,-0.002536,-0.015010,12.553,22.182
13.792969,2,45,2882.50,8.8236,0.38145,115.14,49.851,6.924,345.15,27.180,25.813,-0.019609,-0.032910,0.015005,12.531,22.183
13.796875,2,45,2877.58,8.6668,0.37731,113.70,49.828,6.793,338.49,27.182,25.814,-0.025848,-0.017824,0.002349,12.609,22.183
13.800781,2,45,2887.82,8.7186,0.38235,115.63,49.839,6.990,348.38,27.184,25.815,0.040442,0.004985,-0.008212,12.483,22.183
13.804688,2,45,2875.83,8.6796,0.36754,110.69,49.829,6.816,339.63,27.185,25.816,-0.022000,-0.026185,0.007991,12.357,22.183
13.808594,2,45,2884.33,8.6949,0.36605,110.56,49.834,6.831,340.43,27.187,25.817,-0.040999,0.003203,-0.021404,12.499,22.183
13.812500,2,45,2877.61,8.7026,0.37169,112.01,49.833,6.786,338.19,27.188,25.818,-0.005075,-0.017094,-0.002222,12.509,22.183
13.816406,2,45,2884.20,8.8382,0.37653,113.72,49.843,6.823,340.10,27.190,25.819,0.045857,0.030647,0.012960,12.557,22.183
13.820313,2,45,2880.53,8.6659,0.36950,111.46,49.817,6.951,346.28,27.192,25.820,-0.011693,-0.028492,0.010021,12.588,22.183
13.824219,2,45,2880.25,8.6589,0.37018,111.65,49.822,6.894,343.49,27.194,25.822,-0.016731,-0.037228,0.016379,12.579,22.183
13.828125,2,45,2882.27,8.8068,0.37542,113.31,49.832,7.018,349.72,27.195,25.823,0.032047,0.003269,-0.016725,12.559,22.183
13.832031,2,45,2879.15,8.6989,0.36971,111.47,49.840,6.892,343.50,27.197,25.824,-0.032402,-0.005429,-0.012274,12.507,22.183
13.835938,2,45,2880.29,8.6918,0.36607,110.42,49.832,6.794,338.56,27.199,25.825,0.043400,0.019807,0.002713,12.509,22.183
13.839844,2,45,2872.32,8.6969,0.37582,113.04,49.842,6.813,339.56,27.200,25.826,-0.010932,-0.038423,0.018496,12.457,22.183
13.843750,2,45,2883.22,8.7906,0.37603,113.54,49.824,6.936,345.57,27.202,25.827,0.039456,0.003362,-0.010995,12.647,22.183
13.847656,2,45,2878.50,8.6757,0.36881,111.17,49.817,6.855,341.51,27.204,25.828,0.015288,0.003705,-0.019824,12.611,22.183
13.851563,2,45,2880.86,8.7476,0.36813,111.06,49.857,6.893,343.65,27.205,25.829,0.033774,0.041479,0.020671,12.503,22.183
13.855469,2,45,2878.55,8.6814,0.38133,114.95,49.834,6.968,347.26,27.207,25.830,-0.037770,-0.007900,-0.006292,12.549,22.183
13.859375,2,45,2879.91,8.7180,0.37691,113.67,49.834,6.813,339.51,27.209,25.831,0.038500,0.006494,-0.006195,12.471,22.183
13.863281,2,45,2887.80,8.8322,0.38040,115.04,49.835,7.050,351.34,27.210,25.833,0.038986,0.004347,-0.010377,12.638,22.183
13.867188,2,45,2875.58,8.6379,0.37530,113.02,49.831,6.951,346.36,27.212,25.834,-0.017477,-0.038121,0.018211,12.567,22.183
13.871094,2,45,2887.68,8.8332,0.39225,118.61,49.845,6.855,341.69,27.214,25.835,-0.016605,-0.039399,0.019661,12.542,22.183
13.875000,2,45,2873.58,8.6104,0.37859,113.93,49.807,6.954,346.35,27.215,25.836,-0.008457,-0.034074,0.014086,12.407,22.183
13.878906,2,45,2882.65,8.6346,0.36590,110.46,49.841,6.890,343.41,27.217,25.837,-0.041513,0.000981,-0.018894,12.575,22.183
13.882813,2,45,2874.21,8.6534,0.37168,111.87,49.852,6.825,340.22,27.219,25.838,0.023712,0.031650,0.017599,12.469,22.183
13.886719,2,45,2886.85,8.7399,0.38385,116.04,49.837,6.838,340.81,27.220,25.839,0.046991,0.031046,0.014856,12.633,22.183
13.890625,2,45,2883.65,8.7898,0.37399,112.93,49.826,6.878,342.73,27.222,25.840,-0.017193,-0.040899,0.022698,12.513,22.183
13.894531,2,45,2883.08,8.8367,0.37516,113.27,49.858,6.897,343.87,27.224,25.841,-0.021917,-0.029265,0.012432,12.592,22.183
13.898438,2,45,2890.66,8.8520,0.37311,112.94,49.823,7.000,348.76,27.225,25.842,-0.016509,-0.041358,0.020404,12.645,22.183
13.902344,2,45,2878.65,8.6769,0.37655,113.51,49.839,6.784,338.09,27.227,25.844,0.007061,0.028401,0.013970,12.626,22.183
13.906250,2,45,2881.84,8.7247,0.38870,117.30,49.820,6.936,345.54,27.229,25.845,-0.016049,0.004019,-0.006832,12.566,22.183
13.910156,2,45,2875.19,8.7143,0.36575,110.12,49.815,6.956,346.51,27.230,25.846,-0.015014,-0.038741,0.019069,12.460,22.183
13.914063,2,45,2880.90,8.8023,0.37644,113.57,49.822,6.923,344.95,27.232,25.847,0.037946,0.040410,0.022013,12.457,22.183
13.917969,2,45,2875.42,8.6562,0.36431,109.70,49.824,6.819,339.74,27.234,25.848,0.008005,0.026535,0.013115,12.466,22.183
13.921875,2,45,2876.12,8.6544,0.37456,112.81,49.822,6.804,338.98,27.235,25.849,0.011059,-0.003870,-0.018404,12.607,22.183
13.925781,2,45,2880.64,8.6538,0.37494,113.10,49.857,6.778,337.93,27.237,25.850,-0.015273,-0.042599,0.019397,12.585,22.183
13.929688,2,45,2875.43,8.6585,0.37561,113.10,49.866,6.693,333.73,27.238,25.851,-0.010760,-0.041045,0.021868,12.460,22.183
13.933594,2,45,2884.31,8.6366,0.37838,114.29,49.836,6.780,337.89,27.240,25.852,-0.037576,0.000338,-0.020204,12.656,22.183
13.937500,2,45,2874.91,8.6709,0.37078,111.63,49.855,6.816,339.81,27.241,25.853,-0.034677,0.001540,-0.023575,12.403,22.183
13.941406,2,45,2883.08,8.7595,0.38540,116.36,49.831,6.928,345.23,27.243,25.854,-0.026163,0.003755,-0.008603,12.628,22.184
13.945313,2,45,2879.86,8.6384,0.37477,113.02,49.842,6.900,343.92,27.245,25.855,0.012346,-0.000952,-0.019486,12.530,22.184
13.949219,2,45,2877.69,8.6750,0.36786,110.86,49.851,6.690,333.49,27.246,25.856,0.019708,0.037083,0.015478,12.558,22.184
13.953125,2,45,2875.51,8.7198,0.37829,113.91,49.857,6.830,340.52,27.248,25.857,-0.029761,-0.015992,-0.003013,12.460,22.184
13.957031,2,45,2883.70,8.7436,0.37755,114.01,49.844,6.789,338.40,27.249,25.858,-0.039866,-0.000875,-0.019140,12.522,22.184
13.960938,2,45,2872.67,8.7297,0.37009,111.33,49.863,6.891,343.58,27.251,25.859,0.000342,-0.006274,-0.008229,12.511,22.184
13.964844,2,45,2877.41,8.7392,0.37463,112.88,49.834,6.901,343.90,27.253,25.860,-0.029903,-0.014130,-0.003107,12.481,22.184
13.968750,2,45,2885.22,8.7258,0.37642,113.73,49.831,6.836,340.67,27.254,25.861,-0.029986,-0.009897,-0.002288,12.478,22.184
13.972656,2,45,2879.84,8.7776,0.38405,115.82,49.846,6.988,348.32,27.256,25.863,-0.022192,-0.029505,0.011715,12.474,22.184
13.976563,2,45,2883.61,8.7048,0.37645,113.68,49.830,6.917,344.68,27.258,25.864,-0.034603,-0.011494,-0.003199,12.498,22.184
13.980469,2,45,2875.98,8.7012,0.38395,115.63,49.860,6.831,340.60,27.259,25.865,0.044906,0.035744,0.016588,12.552,22.184
13.984375,2,45,2874.35,8.5517,0.37399,112.57,49.841,6.879,342.85,27.261,25.866,-0.014050,0.007607,-0.007253,12.411,22.184
13.988281,2,45,2878.98,8.7000,0.37777,113.89,49.817,6.975,347.47,27.263,25.867,0.043530,0.017511,-0.001067,12.469,22.184
13.992188,2,45,2875.12,8.6164,0.37548,113.05,49.844,6.766,337.22,27.264,25.868,-0.007734,-0.021022,0.009964,12.438,22.184
13.996094,2,45,2881.74,8.7304,0.38846,117.23,49.837,6.869,342.35,27.266,25.869,0.041214,0.010872,-0.005043,12.501,22.184
14.000000,2,45,2882.80,8.7850,0.37073,111.92,49.844,6.845,341.19,27.267,25.870,-0.022142,-0.028333,0.011090,12.413,22.184
14.003906,2,45,2877.35,8.6306,0.36050,108.62,49.842,6.856,341.70,27.269,25.871,-0.013410,-0.037890,0.023518,12.446,22.184
14.007813,2,45,2872.97,8.6349,0.37144,111.75,49.841,6.847,341.25,27.271,25.872,-0.032797,-0.008440,-0.012510,12.557,22.184
14.011719,2,45,2881.47,8.6484,0.36562,110.33,49.832,6.830,340.36,27.272,25.873,-0.022327,0.003011,-0.014290,12.451,22.184
14.015625,2,45,2887.21,8.8158,0.37566,113.58,49.826,6.844,341.01,27.274,25.874,-0.001135,-0.008120,-0.003596,12.555,22.184
14.019531,2,45,2872.47,8.6655,0.37269,112.11,49.853,6.804,339.18,27.275,25.875,0.044211,0.023961,0.007716,12.447,22.184
14.023438,2,45,2871.13,8.6913,0.37047,111.39,49.865,6.818,339.96,27.277,25.876,0.028051,0.036703,0.021031,12.584,22.184
14.027344,2,45,2886.41,8.7230,0.37201,112.45,49.836,6.911,344.44,27.279,25.877,-0.039285,0.001714,-0.021255,12.549,22.184
14.031250,2,45,2881.12,8.7454,0.37045,111.77,49.854,6.808,339.42,27.280,25.878,-0.038997,-0.001776,-0.016271,12.539,22.184
14.035156,2,45,2888.77,8.8303,0.37956,114.82,49.856,6.859,341.96,27.282,25.879,-0.034475,-0.004566,-0.012033,12.469,22.184
14.039063,2,45,2880.81,8.7245,0.37409,112.85,49.873,6.724,335.35,27.283,25.880,0.029524,0.042990,0.020676,12.603,22.184
14.042969,2,45,2878.79,8.6892,0.37629,113.44,49.852,6.873,342.66,27.285,25.881,-0.034652,0.003117,-0.015885,12.510,22.184
14.046875,2,45,2884.91,8.7014,0.37103,112.09,49.813,6.850,341.23,27.287,25.882,-0.000234,-0.001141,-0.011610,12.560,22.184
14.050781,2,45,2881.38,8.6987,0.36407,109.85,49.832,6.885,343.07,27.288,25.883,-0.037367,-0.005165,-0.014069,12.596,22.184
14.054688,2,45,2881.04,8.7184,0.37686,113.70,49.826,6.874,342.52,27.290,25.884,-0.036630,0.003442,-0.021098,12.536,22.184
14.058594,2,45,2882.84,8.6466,0.36694,110.78,49.842,6.913,344.56,27.291,25.886,-0.008245,-0.019998,0.009240,12.568,22.184
14.062500,2,45,2884.87,8.7694,0.36355,109.83,49.837,6.908,344.26,27.293,25.887,0.044868,0.032058,0.013451,12.478,22.184
14.066406,2,45,2884.95,8.7699,0.37496,113.28,49.834,6.924,345.04,27.295,25.888,0.011950,0.000213,-0.022348,12.711,22.184
14.070313,2,45,2874.01,8.7447,0.37600,113.16,49.813,6.962,346.78,27.296,25.889,-0.002798,0.019832,0.005378,12.450,22.184
14.074219,2,45,2879.51,8.7916,0.37113,111.91,49.836,6.887,343.22,27.298,25.890,-0.005637,-0.014771,-0.000760,12.458,22.184
14.078125,2,45,2891.61,8.8021,0.37865,114.66,49.838,6.865,342.13,27.300,25.891,-0.005512,-0.020652,0.005550,12.571,22.184
14.082031,2,45,2885.76,8.6769,0.38093,115.12,49.832,6.953,346.46,27.301,25.892,0.025774,-0.000778,-0.019728,12.496,22.184
14.085938,2,45,2872.16,8.7527,0.37191,111.86,49.842,6.804,339.13,27.303,25.893,0.028297,-0.001098,-0.018457,12.504,22.184
14.089844,2,45,2885.18,8.7351,0.36764,111.08,49.815,6.838,340.66,27.304,25.894,-0.011721,-0.036015,0.020310,12.550,22.184
14.093750,2,45,2883.49,8.7649,0.37033,111.82,49.836,6.776,337.68,27.306,25.895,0.018293,-0.002656,-0.024873,12.623,22.184
14.097656,2,45,2886.01,8.8117,0.37785,114.19,49.880,6.826,340.46,27.308,25.896,0.040399,0.041914,0.021921,12.645,22.185
14.101563,2,45,2885.51,8.7933,0.37187,112.37,49.842,6.951,346.45,27.309,25.897,0.045416,0.021976,0.008380,12.401,22.185
14.105469,2,45,2877.74,8.6890,0.37167,112.01,49.844,6.842,341.01,27.311,25.898,-0.007134,-0.033308,0.019623,12.562,22.185
14.109375,2,45,2872.85,8.5690,0.36919,111.07,49.847,6.899,343.89,27.312,25.899,-0.010906,-0.042403,0.022544,12.515,22.185
14.113281,2,45,2881.29,8.6073,0.36450,109.98,49.855,6.718,334.94,27.314,25.900,-0.036925,-0.004153,-0.008839,12.549,22.185
14.117188,2,45,2879.35,8.6929,0.36327,109.54,49.856,6.949,346.47,27.316,25.901,-0.010248,-0.019113,0.005927,12.444,22.185
14.121094,2,45,2873.89,8.6330,0.36953,111.21,49.845,6.802,339.06,27.317,25.902,0.007990,-0.001662,-0.016561,12.530,22.185
14.125000,2,45,2881.73,8.7383,0.36389,109.81,49.835,6.864,342.06,27.319,25.903,-0.001392,-0.007067,-0.010235,12.615,22.185
14.128906,2,45,2875.52,8.7393,0.37340,112.44,49.869,6.934,345.77,27.320,25.904,0.045484,0.033371,0.016003,12.641,22.185
14.132813,2,45,2880.93,8.6345,0.37737,113.85,49.837,6.913,344.54,27.322,25.905,-0.014350,-0.041011,0.018469,12.553,22.185
14.136719,2,45,2881.23,8.6957,0.36536,110.24,49.834,6.889,343.28,27.324,25.906,-0.036102,-0.000151,-0.020256,12.618,22.185
14.140625,2,45,2878.76,8.6320,0.36796,110.93,49.840,6.900,343.88,27.325,25.907,-0.007453,-0.014088,-0.001227,12.384,22.185
14.144531,2,45,2884.95,8.8209,0.37312,112.72,49.831,6.944,346.01,27.327,25.908,0.038350,0.039150,0.021388,12.674,22.185
14.148438,2,45,2872.54,8.6780,0.36395,109.48,49.833,6.831,340.42,27.328,25.909,0.007737,0.000491,-0.017562,12.506,22.185
14.152344,2,45,2867.41,8.6128,0.35745,107.33,49.840,6.938,345.79,27.330,25.911,0.013403,-0.003707,-0.022391,12.565,22.185
14.156250,2,45,2885.59,8.7309,0.37737,114.03,49.828,6.813,339.48,27.332,25.912,-0.040611,0.001416,-0.022051,12.604,22.185
14.160156,2,45,2886.73,8.7053,0.37093,112.13,49.804,6.840,340.64,27.333,25.913,0.029985,-0.000647,-0.016608,12.486,22.185
14.164063,2,45,2877.03,8.7106,0.37086,111.73,49.827,6.914,344.51,27.335,25.914,0.045402,0.024597,0.006529,12.523,22.185
14.167969,2,45,2886.41,8.8025,0.36895,111.52,49.830,6.902,343.91,27.336,25.915,-0.014665,-0.042391,0.020822,12.618,22.185
14.171875,2,45,2878.25,8.7376,0.38361,115.62,49.857,6.745,336.29,27.338,25.916,-0.038582,0.000823,-0.022966,12.626,22.185
14.175781,2,45,2882.89,8.6981,0.37058,111.88,49.861,6.999,348.96,27.339,25.917,0.045842,0.034677,0.015675,12.539,22.185
14.179688,2,45,2881.86,8.6898,0.36971,111.57,49.852,6.837,340.85,27.341,25.918,0.032357,0.038393,0.021384,12.436,22.185
14.183594,2,45,2882.34,8.7223,0.37511,113.22,49.841,6.859,341.86,27.343,25.919,0.008333,-0.003743,-0.018592,12.627,22.185
14.187500,2,45,2875.97,8.5802,0.37144,111.87,49.813,6.908,344.10,27.344,25.920,0.023438,0.039220,0.019372,12.534,22.185
14.191406,2,45,2877.92,8.7853,0.37113,111.85,49.833,6.893,343.48,27.346,25.921,-0.030522,-0.013316,0.001866,12.527,22.185
14.195313,2,45,2875.45,8.7802,0.37465,112.81,49.851,6.908,344.35,27.347,25.922,0.020115,0.000680,-0.017887,12.531,22.185
14.199219,2,45,2879.22,8.7812,0.37062,111.75,49.819,6.955,346.51,27.349,25.923,0.006554,-0.000175,-0.017180,12.590,22.185
14.203125,2,45,2876.52,8.6687,0.37058,111.63,49.864,6.869,342.52,27.351,25.924,-0.020652,0.006860,-0.005151,12.559,22.185
14.207031,2,45,2875.52,8.6377,0.36562,110.10,49.864,6.840,341.08,27.352,25.925,-0.031184,0.001747,-0.018172,12.509,22.185
14.210938,2,45,2882.81,8.6703,0.38472,116.14,49.838,6.880,342.87,27.354,25.926,-0.037235,-0.002115,-0.018286,12.653,22.185
14.214844,2,45,2874.33,8.6708,0.38163,114.87,49.814,6.877,342.58,27.355,25.927,-0.002302,0.018421,0.004431,12.506,22.185
14.218750,2,45,2877.32,8.7814,0.37325,112.46,49.843,6.895,343.69,27.357,25.928,-0.032429,0.001464,-0.019947,12.593,22.185
14.222656,2,45,2882.57,8.7034,0.37148,112.14,49.847,6.891,343.47,27.359,25.929,0.026973,-0.002380,-0.017002,12.524,22.185
14.226563,2,45,2880.38,8.7472,0.37754,113.88,49.846,6.937,345.76,27.360,25.930,-0.005858,0.017664,0.005100,12.471,22.185
14.230469,2,45,2881.50,8.7260,0.37802,114.07,49.835,6.757,336.72,27.362,25.931,0.001343,-0.005654,-0.006533,12.486,22.185
14.234375,2,45,2888.95,8.8707,0.37943,114.79,49.843,7.004,349.12,27.363,25.932,0.006269,0.000397,-0.017737,12.668,22.185
14.238281,2,45,2876.04,8.6314,0.36621,110.29,49.864,6.811,339.61,27.365,25.933,-0.011540,-0.022859,0.009467,12.500,22.185
14.242188,2,45,2872.97,8.7244,0.37369,112.43,49.846,6.955,346.67,27.366,25.934,-0.007477,0.012228,0.000921,12.418,22.185
14.246094,2,45,2874.93,8.6939,0.37307,112.32,49.846,6.891,343.50,27.368,25.935,-0.015808,-0.038707,0.019162,12.552,22.185
14.250000,2,45,2883.70,8.7059,0.37625,113.62,49.844,6.767,337.27,27.370,25.936,-0.027792,0.002864,-0.016977,12.644,22.185
14.253906,2,45,2875.32,8.7409,0.37629,113.30,49.846,6.754,336.68,27.371,25.937,0.037898,0.042204,0.020985,12.570,22.186
14.257813,2,45,2883.66,8.7763,0.38070,114.96,49.843,6.934,345.63,27.373,25.938,0.035636,0.005776,-0.009044,12.580,22.186
14.261719,2,45,2869.68,8.5788,0.37939,114.01,49.829,6.786,338.12,27.374,25.939,0.042501,0.040103,0.019545,12.557,22.186
14.265625,2,45,2872.26,8.6321,0.38339,115.32,49.836,6.801,338.94,27.376,25.940,-0.021624,0.005461,-0.009134,12.460,22.186
14.269531,2,45,2880.41,8.7883,0.37494,113.10,49.835,6.978,347.74,27.377,25.941,0.024105,0.032368,0.017261,12.472,22.186
14.273438,2,45,2886.90,8.6810,0.36949,111.70,49.808,7.012,349.25,27.379,25.942,-0.038578,0.001225,-0.017185,12.582,22.186
14.277344,2,45,2872.32,8.6979,0.37287,112.16,49.835,6.892,343.48,27.381,25.943,-0.007961,-0.019016,0.009298,12.441,22.186
14.281250,2,45,2876.15,8.6363,0.36339,109.45,49.848,6.977,347.79,27.382,25.944,-0.013734,-0.038994,0.019692,12.400,22.186
14.285156,2,45,2885.58,8.7335,0.37440,113.14,49.849,6.950,346.47,27.384,25.945,0.011278,0.030824,0.012685,12.537,22.186
14.289063,2,45,2875.98,8.7912,0.37868,114.05,49.864,6.852,341.67,27.385,25.946,-0.022669,0.006075,-0.009945,12.515,22.186
14.292969,2,45,2880.80,8.7195,0.37560,113.31,49.861,6.852,341.63,27.387,25.947,0.034686,0.002915,-0.012853,12.636,22.186
14.296875,2,45,2882.43,8.7978,0.37150,112.14,49.840,6.953,346.55,27.389,25.948,-0.038378,0.001300,-0.020760,12.509,22.186
14.300781,2,45,2881.09,8.7903,0.36975,111.56,49.855,6.938,345.92,27.390,25.949,-0.026538,-0.014114,0.001270,12.589,22.186
14.304688,2,45,2878.65,8.7407,0.37021,111.60,49.814,6.854,341.41,27.392,25.950,0.024897,-0.001118,-0.019576,12.531,22.186
14.308594,2,45,2887.83,8.6723,0.36637,110.79,49.825,7.025,350.04,27.393,25.952,-0.025711,-0.019294,0.005919,12.546,22.186
14.312500,2,45,2884.30,8.7653,0.36992,111.73,49.833,6.974,347.53,27.395,25.953,0.017255,0.035441,0.018423,12.471,22.186
14.316406,2,45,2874.61,8.5969,0.38272,115.21,49.804,6.889,343.11,27.397,25.954,-0.024592,0.000691,-0.014217,12.497,22.186
14.320313,2,45,2877.27,8.6157,0.36761,110.76,49.847,6.963,347.09,27.398,25.955,-0.033997,-0.008487,-0.003275,12.461,22.186
14.324219,2,45,2875.50,8.7055,0.36138,108.82,49.854,6.915,344.74,27.400,25.956,-0.008104,-0.020550,0.007678,12.442,22.186
14.328125,2,45,2876.64,8.7155,0.37028,111.54,49.839,6.943,346.03,27.401,25.957,-0.013841,0.012707,-0.002518,12.463,22.186
14.332031,2,45,2882.65,8.6248,0.37333,112.70,49.836,6.951,346.41,27.403,25.958,-0.014301,-0.039636,0.020350,12.579,22.186
14.335938,2,45,2877.77,8.6970,0.36140,108.91,49.841,6.824,340.10,27.404,25.959,-0.013245,-0.040167,0.019728,12.528,22.186
14.339844,2,45,2872.17,8.6718,0.36941,111.11,49.836,6.797,338.73,27.406,25.960,-0.007738,-0.010131,0.000483,12.558,22.186
14.343750,2,45,2875.80,8.7080,0.37504,112.94,49.820,6.802,338.90,27.407,25.961,-0.009185,-0.024851,0.010456,12.562,22.186
14.347656,2,45,2875.00,8.7556,0.36385,109.54,49.833,6.880,342.84,27.409,25.962,-0.007868,-0.027059,0.008784,12.481,22.186
14.351563,2,45,2886.03,8.7132,0.37296,112.72,49.814,6.945,345.96,27.411,25.963,0.018740,-0.001431,-0.020678,12.618,22.186
14.355469,2,45,2875.39,8.6831,0.37731,113.61,49.815,6.950,346.23,27.412,25.964,-0.008938,0.016731,0.001323,12.605,22.186
14.359375,2,45,2876.52,8.7065,0.37693,113.54,49.837,6.911,344.43,27.414,25.965,0.002236,-0.010120,-0.007454,12.492,22.186
14.363281,2,45,2872.67,8.6536,0.35476,106.72,49.825,6.757,336.68,27.415,25.966,-0.025554,-0.021553,0.007360,12.471,22.186
14.367188,2,45,2876.39,8.7420,0.37850,114.01,49.852,6.884,343.17,27.417,25.967,-0.035894,-0.001421,-0.013502,12.535,22.186
14.371094,2,45,2883.16,8.7658,0.38296,115.62,49.831,6.977,347.67,27.418,25.968,-0.013616,-0.035048,0.021807,12.495,22.186
14.375000,2,45,2873.49,8.6606,0.36367,109.43,49.803,6.856,341.42,27.420,25.969,-0.007124,-0.014022,-0.001093,12.588,22.186
14.378906,2,45,2877.26,8.7730,0.37028,111.57,49.839,6.894,343.60,27.421,25.970,-0.010475,-0.035031,0.018329,12.415,22.186
14.382813,2,45,2891.91,8.8360,0.38315,116.03,49.828,6.848,341.24,27.423,25.971,0.037627,0.009177,-0.006809,12.529,22.186
14.386719,2,45,2879.93,8.8025,0.37445,112.93,49.829,6.939,345.74,27.425,25.972,-0.010431,-0.036624,0.021125,12.459,22.186
14.390625,2,45,2879.55,8.7648,0.37320,112.54,49.847,6.839,340.91,27.426,25.973,-0.022766,-0.030209,0.015004,12.584,22.186
14.394531,2,45,2884.37,8.8185,0.37517,113.32,49.862,6.900,344.03,27.428,25.974,0.001163,0.022030,0.007266,12.635,22.186
14.398438,2,45,2877.53,8.7270,0.38143,114.94,49.849,6.810,339.45,27.429,25.975,-0.009255,-0.037045,0.019752,12.507,22.186
14.402344,2,45,2885.80,8.7923,0.37580,113.57,49.857,6.764,337.25,27.431,25.975,-0.027164,-0.015744,-0.001411,12.496,22.186
14.406250,2,45,2879.39,8.7898,0.37034,111.67,49.834,6.842,340.95,27.432,25.976,0.009553,-0.002735,-0.019802,12.528,22.186
14.410156,2,45,2879.25,8.7737,0.37510,113.10,49.836,6.976,347.64,27.434,25.977,-0.006633,-0.031102,0.014345,12.511,22.186
14.414063,2,45,2880.71,8.6199,0.37219,112.28,49.838,6.821,339.96,27.435,25.978,0.026253,0.039616,0.020926,12.624,22.186
14.417969,2,45,2880.66,8.6480,0.36358,109.68,49.877,6.767,337.49,27.437,25.979,0.042806,0.011037,-0.004650,12.409,22.187
14.421875,2,45,2877.64,8.7960,0.37827,113.99,49.823,6.758,336.70,27.438,25.980,-0.026417,-0.020045,0.004812,12.501,22.187
14.425781,2,45,2881.22,8.7172,0.36658,110.61,49.837,6.804,339.08,27.440,25.981,-0.033707,-0.006966,-0.007438,12.478,22.187
14.429688,2,45,2881.00,8.6659,0.37205,112.25,49.817,6.855,341.52,27.441,25.982,-0.032645,0.000356,-0.016296,12.649,22.187
14.433594,2,45,2884.18,8.6840,0.36984,111.70,49.839,6.846,341.22,27.443,25.983,-0.038517,0.003180,-0.018630,12.495,22.187
14.437500,2,45,2876.40,8.6955,0.37960,114.34,49.841,6.852,341.53,27.444,25.984,0.044626,0.035419,0.016885,12.473,22.187
14.441406,2,45,2883.14,8.6749,0.36685,110.76,49.821,6.875,342.52,27.446,25.985,-0.010912,0.013309,-0.001829,12.545,22.187
14.445313,2,45,2881.32,8.6493,0.36932,111.44,49.854,6.714,334.69,27.447,25.986,-0.027902,-0.018324,-0.000428,12.581,22.187
14.449219,2,45,2878.15,8.6430,0.37006,111.53,49.823,6.972,347.39,27.449,25.987,0.041547,0.035704,0.017902,12.503,22.187
14.453125,2,45,2876.69,8.7000,0.37560,113.15,49.841,6.907,344.25,27.450,25.988,-0.010608,0.014078,0.001160,12.463,22.187
14.457031,2,45,2882.23,8.7687,0.36847,111.22,49.833,6.832,340.44,27.452,25.989,-0.005197,-0.021420,0.006830,12.584,22.187
14.460938,2,45,2881.65,8.6387,0.37841,114.19,49.858,6.745,336.29,27.453,25.990,-0.011863,-0.032510,0.016439,12.442,22.187
14.464844,2,45,2883.12,8.7429,0.37418,112.97,49.859,6.852,341.63,27.455,25.991,0.032580,0.039534,0.022313,12.625,22.187
14.468750,2,45,2881.51,8.7710,0.36017,108.68,49.813,6.902,343.82,27.456,25.992,-0.031740,0.002361,-0.017750,12.360,22.187
14.472656,2,45,2878.00,8.6278,0.36890,111.18,49.842,6.772,337.54,27.458,25.993,0.042950,0.012865,0.001278,12.511,22.187
14.476563,2,45,2884.87,8.7149,0.38669,116.82,49.827,6.896,343.61,27.459,25.994,0.028304,0.037819,0.020457,12.531,22.187
14.480469,2,45,2873.90,8.7226,0.36308,109.27,49.840,6.865,342.16,27.461,25.995,-0.015787,-0.039016,0.019350,12.467,22.187
14.484375,2,45,2879.48,8.6607,0.37415,112.82,49.843,6.784,338.12,27.462,25.996,0.044919,0.037549,0.019511,12.446,22.187
14.488281,2,45,2882.70,8.6281,0.37125,112.07,49.834,6.830,340.39,27.464,25.997,0.037453,0.038793,0.020760,12.537,22.187
14.492188,2,45,2882.27,8.6922,0.37790,114.06,49.845,6.856,341.74,27.465,25.998,0.045893,0.021847,0.008722,12.537,22.187
14.496094,2,45,2882.79,8.6994,0.37991,114.69,49.847,6.921,345.01,27.467,25.998,-0.008591,-0.023097,0.009441,12.562,22.187
14.500000,2,45,2884.17,8.6698,0.38049,114.92,49.830,6.951,346.38,27.468,26.000,0.012295,0.029058,0.014640,12.596,22.187
14.503906,2,45,2880.21,8.7698,0.36405,109.80,49.842,6.909,344.36,27.470,26.000,0.037341,0.007750,-0.010311,12.416,22.187
14.507813,2,45,2878.48,8.6717,0.37166,112.03,49.843,6.857,341.78,27.472,26.001,0.013300,0.028306,0.012964,12.638,22.187
14.511719,2,45,2878.64,8.6883,0.37462,112.93,49.835,6.821,339.92,27.473,26.002,0.036321,0.005099,-0.007184,12.636,22.187
14.515625,2,45,2879.47,8.7544,0.38526,116.17,49.816,6.932,345.30,27.475,26.003,-0.019117,-0.035959,0.019672,12.603,22.187
14.519531,2,45,2885.28,8.6831,0.37056,111.96,49.832,6.913,344.48,27.476,26.004,0.046797,0.012556,-0.002416,12.495,22.187
14.523438,2,45,2887.09,8.6763,0.37404,113.09,49.848,6.867,342.31,27.478,26.005,-0.036914,0.001148,-0.018679,12.514,22.187
14.527344,2,45,2883.16,8.6828,0.38000,114.73,49.859,6.888,343.42,27.479,26.006,0.032716,0.041176,0.020771,12.521,22.187
14.531250,2,45,2878.06,8.7416,0.36893,111.19,49.832,6.923,344.97,27.481,26.007,0.020649,0.034639,0.019212,12.527,22.187
14.535156,2,45,2882.21,8.7083,0.37308,112.60,49.825,6.881,342.87,27.482,26.008,0.040878,0.005412,-0.004560,12.619,22.187
14.539063,2,45,2878.99,8.6124,0.36463,109.93,49.809,6.910,344.20,27.484,26.009,-0.018862,-0.032298,0.018730,12.513,22.187
14.542969,2,45,2886.57,8.7047,0.38375,116.00,49.813,6.906,343.98,27.485,26.010,-0.022551,-0.026672,0.012390,12.604,22.187
14.546875,2,45,2870.48,8.6907,0.36012,108.25,49.847,6.870,342.47,27.487,26.011,-0.012604,0.009915,-0.003782,12.496,22.187
14.550781,2,45,2883.11,8.7859,0.38658,116.72,49.845,6.870,342.41,27.488,26.012,0.045606,0.019422,0.003090,12.590,22.187
14.554688,2,45,2883.04,8.8450,0.37771,114.04,49.841,6.908,344.30,27.490,26.013,0.007735,-0.001491,-0.021267,12.572,22.187
14.558594,2,45,2884.32,8.7926,0.36651,110.70,49.852,6.828,340.41,27.491,26.014,-0.034030,0.000060,-0.017187,12.574,22.187
14.562500,2,45,2872.30,8.7217,0.36803,110.70,49.832,6.973,347.46,27.493,26.015,0.047930,0.034183,0.015566,12.526,22.187
14.566406,2,45,2877.88,8.6940,0.36960,111.39,49.842,6.794,338.62,27.494,26.016,-0.023812,-0.022563,0.006751,12.521,22.187
14.570313,2,45,2871.50,8.5928,0.37470,112.67,49.832,6.795,338.60,27.496,26.017,0.023468,0.001271,-0.019309,12.440,22.187
14.574219,2,45,2872.55,8.7369,0.37373,112.42,49.841,6.741,335.97,27.497,26.018,-0.034417,-0.003002,-0.010303,12.459,22.187
14.578125,2,45,2878.50,8.7521,0.37062,111.72,49.850,6.770,337.46,27.499,26.019,0.005000,-0.005213,-0.016303,12.526,22.187
14.582031,2,45,2882.29,8.6613,0.37010,111.71,49.820,6.859,341.70,27.500,26.020,-0.010316,-0.025900,0.010699,12.548,22.187
14.585938,2,45,2876.61,8.8555,0.37744,113.70,49.838,6.829,340.37,27.502,26.021,0.021670,-0.000457,-0.019303,12.488,22.188
14.589844,2,45,2880.87,8.6813,0.36282,109.46,49.858,6.856,341.84,27.503,26.021,-0.013132,-0.033958,0.017621,12.373,22.188
14.593750,2,45,2873.51,8.6763,0.38024,114.42,49.851,6.870,342.48,27.505,26.022,-0.023598,0.007181,-0.005935,12.482,22.188
14.597656,2,45,2874.91,8.7759,0.36998,111.39,49.859,6.784,338.24,27.506,26.023,-0.006229,-0.014288,-0.001262,12.573,22.188
14.601563,2,45,2875.49,8.6948,0.36459,109.78,49.870,6.795,338.88,27.507,26.024,-0.039758,-0.001514,-0.015404,12.388,22.188
14.605469,2,45,2875.45,8.6993,0.36832,110.91,49.853,6.918,344.89,27.509,26.025,-0.007565,0.016193,-0.001317,12.528,22.188
14.609375,2,45,2877.73,8.6936,0.37560,113.19,49.849,6.778,337.87,27.510,26.026,-0.032428,-0.018175,0.001999,12.547,22.188
14.613281,2,45,2875.87,8.6338,0.36699,110.52,49.837,6.939,345.81,27.512,26.027,-0.006816,-0.009323,-0.004096,12.422,22.188
14.617188,2,45,2874.71,8.6647,0.38677,116.43,49.811,6.868,342.11,27.513,26.028,0.012604,-0.003330,-0.023871,12.522,22.188
14.621094,2,45,2883.58,8.6879,0.36160,109.19,49.842,6.902,344.00,27.515,26.029,-0.030621,-0.022270,0.003080,12.529,22.188
14.625000,2,45,2887.73,8.8234,0.38660,116.91,49.839,6.866,342.18,27.516,26.030,-0.028240,0.005089,-0.017641,12.680,22.188
14.628906,2,45,2873.52,8.7069,0.36991,111.31,49.830,6.949,346.26,27.518,26.031,-0.020549,-0.041083,0.019348,12.347,22.188
14.632813,2,45,2875.39,8.6507,0.38001,114.43,49.847,6.765,337.23,27.519,26.032,0.033717,0.002379,-0.012562,12.509,22.188
14.636719,2,45,2883.98,8.6314,0.37705,113.87,49.838,6.913,344.51,27.521,26.033,-0.009398,-0.036841,0.018642,12.585,22.188
14.640625,2,45,2878.90,8.6170,0.37620,113.42,49.847,6.870,342.45,27.522,26.034,-0.006247,-0.023524,0.005851,12.591,22.188
14.644531,2,45,2876.92,8.7338,0.36980,111.41,49.838,6.802,339.00,27.524,26.035,0.042082,0.016923,0.004567,12.483,22.188
14.648438,2,45,2868.75,8.6309,0.36704,110.26,49.828,6.674,332.54,27.525,26.035,0.007688,-0.002242,-0.017149,12.448,22.188
14.652344,2,45,2883.21,8.7098,0.36733,110.91,49.801,6.956,346.43,27.527,26.036,0.037296,0.039515,0.022365,12.511,22.188
14.656250,2,45,2882.29,8.6504,0.38841,117.23,49.834,6.909,344.31,27.528,26.037,0.032131,0.038625,0.019666,12.563,22.188
14.660156,2,45,2888.54,8.7302,0.38190,115.52,49.816,6.876,342.52,27.530,26.038,-0.034529,0.002977,-0.014967,12.506,22.188
14.664063,2,45,2881.38,8.6182,0.36701,110.74,49.846,6.972,347.54,27.531,26.039,0.039535,0.011672,-0.000476,12.565,22.188
14.667969,2,45,2875.90,8.7087,0.35961,108.30,49.813,6.929,345.14,27.533,26.040,0.032057,0.037606,0.021858,12.515,22.188
14.671875,2,45,2876.39,8.6136,0.38081,114.71,49.827,6.954,346.49,27.534,26.041,0.008575,-0.001455,-0.019022,12.502,22.188
14.675781,2,45,2885.34,8.8075,0.37252,112.56,49.848,6.849,341.40,27.536,26.042,-0.034353,-0.005714,-0.010828,12.553,22.188
14.679688,2,45,2885.83,8.7615,0.37649,113.78,49.850,6.856,341.78,27.537,26.043,0.026131,0.037432,0.021238,12.586,22.188
14.683594,2,45,2873.57,8.6039,0.36907,111.06,49.826,6.965,347.06,27.539,26.044,0.037743,0.005317,-0.011891,12.621,22.188
14.687500,2,45,2878.62,8.6013,0.37651,113.50,49.824,6.943,345.91,27.540,26.045,-0.026238,-0.027832,0.010981,12.415,22.188
14.691406,2,45,2883.97,8.7202,0.37238,112.46,49.839,6.813,339.55,27.542,26.046,0.048913,0.026758,0.011330,12.467,22.188
14.695313,2,45,2872.73,8.6855,0.36712,110.44,49.841,6.837,340.76,27.543,26.047,-0.016543,-0.040382,0.021734,12.513,22.188
14.699219,2,45,2890.86,8.7639,0.37318,112.97,49.846,6.914,344.64,27.545,26.048,0.040270,0.007435,-0.004366,12.647,22.188
14.703125,2,45,2883.86,8.6978,0.37588,113.52,49.857,6.715,334.77,27.546,26.049,-0.028898,-0.016283,-0.001146,12.658,22.188
14.707031,2,45,2882.78,8.6708,0.37446,113.04,49.818,6.752,336.35,27.548,26.050,-0.016480,-0.037262,0.015342,12.523,22.188
14.710938,2,45,2883.58,8.7247,0.37025,111.80,49.833,6.786,338.18,27.549,26.050,0.009377,0.030378,0.012294,12.552,22.188
14.714844,2,45,2878.71,8.7192,0.37931,114.35,49.852,6.769,337.42,27.550,26.051,0.007402,0.023058,0.013046,12.522,22.188
14.718750,2,45,2875.34,8.6870,0.36573,110.12,49.841,6.904,344.11,27.552,26.052,0.008908,-0.004150,-0.017682,12.530,22.188
14.722656,2,45,2882.66,8.7435,0.37799,114.10,49.837,6.891,343.42,27.553,26.053,0.011273,-0.002398,-0.021494,12.501,22.188
14.726563,2,45,2871.47,8.6642,0.35805,107.67,49.840,6.915,344.66,27.555,26.054,-0.038427,-0.000223,-0.019598,12.434,22.188
14.730469,2,45,2867.13,8.6254,0.37179,111.63,49.831,6.808,339.24,27.556,26.055,-0.022055,0.003954,-0.011347,12.606,22.188
14.734375,2,45,2882.98,8.6471,0.36819,111.16,49.825,6.787,338.17,27.558,26.056,0.004829,0.021863,0.006421,12.649,22.188
14.738281,2,45,2881.02,8.6273,0.37812,114.08,49.826,6.904,343.99,27.559,26.057,-0.027751,-0.021151,0.002593,12.533,22.188
14.742188,2,45,2878.15,8.6618,0.37208,112.14,49.843,6.861,341.97,27.561,26.058,0.049724,0.027475,0.008161,12.523,22.188
14.746094,2,45,2876.71,8.7681,0.36461,109.84,49.842,6.765,337.18,27.562,26.059,0.011984,0.028002,0.013435,12.616,22.188
14.750000,2,45,2878.61,8.6248,0.38108,114.88,49.841,6.926,345.20,27.564,26.060,-0.024599,-0.029243,0.011562,12.494,22.188
14.753906,2,45,2880.56,8.7042,0.37314,112.56,49.860,6.856,341.81,27.565,26.061,0.017420,-0.002054,-0.020515,12.683,22.188
14.757813,2,45,2882.31,8.6296,0.37695,113.78,49.845,6.829,340.41,27.567,26.061,-0.011700,0.013258,-0.001168,12.613,22.188
14.761719,2,45,2885.99,8.7162,0.38924,117.64,49.825,6.860,341.80,27.568,26.062,0.022991,0.037644,0.019718,12.510,22.189
14.765625,2,45,2882.86,8.7368,0.37590,113.48,49.824,6.953,346.45,27.570,26.063,-0.005162,-0.011333,0.000720,12.465,22.189
14.769531,2,45,2874.79,8.6558,0.38551,116.06,49.811,6.798,338.62,27.571,26.064,-0.018523,-0.030299,0.012982,12.524,22.189
14.773438,2,45,2876.22,8.7329,0.36097,108.72,49.817,6.945,345.97,27.572,26.065,0.043911,0.015387,0.002785,12.608,22.189
14.777344,2,45,2875.75,8.6570,0.36931,111.22,49.842,6.759,336.86,27.574,26.066,0.029796,-0.001287,-0.017459,12.597,22.189
14.781250,2,45,2885.17,8.8036,0.37664,113.79,49.840,6.937,345.74,27.575,26.067,-0.037207,0.000401,-0.014672,12.664,22.189
14.785156,2,45,2874.22,8.6512,0.37178,111.90,49.831,6.891,343.38,27.577,26.068,0.032546,0.002876,-0.013505,12.641,22.189
14.789063,2,45,2877.83,8.7638,0.36918,111.26,49.820,6.929,345.21,27.578,26.069,0.015795,-0.000108,-0.021486,12.546,22.189
14.792969,2,45,2883.71,8.7167,0.38590,116.53,49.834,6.935,345.60,27.580,26.070,-0.001505,0.020755,0.007025,12.575,22.189
14.796875,2,45,2877.91,8.5540,0.38049,114.67,49.862,6.779,338.03,27.581,26.071,-0.037192,-0.002635,-0.006725,12.551,22.189
14.800781,2,45,2872.87,8.6857,0.36705,110.43,49.842,6.800,338.92,27.583,26.072,-0.026292,-0.020409,0.008752,12.514,22.189
14.804688,2,45,2878.73,8.6148,0.36870,111.15,49.866,6.847,341.43,27.584,26.072,0.021882,0.000339,-0.020692,12.568,22.189
14.808594,2,45,2875.90,8.6965,0.36404,109.64,49.829,6.832,340.45,27.585,26.073,-0.040480,0.000796,-0.018267,12.537,22.189
14.812500,2,45,2873.40,8.6565,0.37417,112.59,49.835,6.967,347.20,27.587,26.074,0.006740,-0.003561,-0.019488,12.462,22.189
14.816406,2,45,2877.14,8.6887,0.37367,112.58,49.853,6.950,346.48,27.589,26.075,-0.008126,-0.022819,0.006853,12.619,22.189
14.820313,2,45,2878.85,8.7387,0.37873,114.18,49.838,6.870,342.40,27.590,26.076,0.039337,0.040497,0.019587,12.543,22.189
14.824219,2,45,2888.43,8.6948,0.37111,112.25,49.824,6.950,346.25,27.591,26.077,-0.020512,-0.031987,0.015335,12.497,22.189
14.828125,2,45,2874.54,8.6939,0.38219,115.05,49.844,6.817,339.79,27.593,26.078,0.000758,-0.001930,-0.011571,12.463,22.189
14.832031,2,45,2882.06,8.6704,0.37635,113.59,49.846,6.778,337.85,27.594,26.079,-0.004266,-0.014097,-0.000208,12.511,22.189
14.835938,2,45,2881.82,8.6998,0.37212,112.30,49.851,6.778,337.91,27.596,26.080,-0.013048,-0.041041,0.021527,12.511,22.189
14.839844,2,45,2877.80,8.7231,0.37193,112.09,49.810,6.979,347.61,27.597,26.081,-0.035545,-0.000001,-0.018753,12.607,22.189
14.843750,2,45,2894.67,8.8100,0.37053,112.32,49.825,6.959,346.74,27.599,26.082,0.043076,0.033995,0.017226,12.473,22.189
14.847656,2,45,2875.57,8.6353,0.36015,108.45,49.837,6.901,343.90,27.600,26.083,-0.013525,-0.039850,0.021659,12.697,22.189
14.851563,2,45,2874.35,8.6400,0.37260,112.15,49.842,6.845,341.19,27.602,26.083,-0.005579,-0.022355,0.005636,12.416,22.189
14.855469,2,45,2878.43,8.6583,0.38214,115.19,49.815,6.982,347.79,27.603,26.084,-0.025660,-0.021027,0.009577,12.441,22.189
14.859375,2,45,2871.61,8.7449,0.38048,114.42,49.858,6.737,335.87,27.604,26.085,0.048446,0.022314,0.008080,12.641,22.189
14.863281,2,45,2880.79,8.6318,0.36879,111.26,49.866,6.937,345.91,27.606,26.086,-0.021224,-0.034462,0.016187,12.554,22.189
14.867188,2,45,2880.01,8.6166,0.36870,111.20,49.829,6.928,345.20,27.607,26.087,-0.017001,-0.034324,0.019199,12.539,22.189
14.871094,2,45,2880.84,8.6434,0.37410,112.86,49.832,6.894,343.53,27.609,26.088,0.017222,0.032620,0.016654,12.509,22.189
14.875000,2,45,2876.49,8.5924,0.35370,106.54,49.858,6.825,340.30,27.610,26.089,0.042988,0.034908,0.015709,12.442,22.189
14.878906,2,45,2875.91,8.6380,0.37179,111.97,49.864,6.762,337.16,27.612,26.090,0.044654,0.023767,0.006395,12.543,22.189
14.882813,2,45,2873.10,8.6830,0.36698,110.41,49.815,6.863,341.86,27.613,26.091,-0.023772,-0.027839,0.010424,12.521,22.189
14.886719,2,45,2881.00,8.6369,0.37696,113.73,49.855,6.839,340.95,27.615,26.092,-0.038426,0.000907,-0.021560,12.516,22.189
14.890625,2,45,2875.41,8.6846,0.37699,113.52,49.845,6.839,340.90,27.616,26.092,-0.015065,-0.036924,0.017344,12.533,22.189
14.894531,2,45,2874.99,8.7220,0.36978,111.33,49.846,6.830,340.45,27.617,26.093,-0.027541,-0.015953,0.002097,12.599,22.189
14.898438,2,45,2873.93,8.6352,0.37692,113.44,49.831,6.954,346.52,27.619,26.094,-0.017442,-0.037821,0.018427,12.442,22.189
14.902344,2,45,2882.52,8.6977,0.37107,112.01,49.829,6.843,340.99,27.620,26.095,-0.014119,0.011581,-0.002871,12.562,22.189
14.906250,2,45,2887.91,8.8059,0.37443,113.24,49.847,6.876,342.73,27.622,26.096,-0.009627,-0.019014,0.007101,12.562,22.189
14.910156,2,45,2872.19,8.6450,0.36784,110.64,49.848,6.784,338.15,27.623,26.097,-0.034518,-0.002790,-0.013371,12.458,22.189
14.914063,2,45,2876.60,8.7109,0.37401,112.67,49.831,6.948,346.24,27.625,26.098,0.019213,0.036083,0.016862,12.588,22.189
14.917969,2,45,2887.38,8.7662,0.37155,112.34,49.835,6.968,347.23,27.626,26.099,-0.027929,0.001951,-0.014834,12.441,22.189
14.921875,2,45,2880.76,8.7053,0.36990,111.59,49.837,6.782,337.99,27.628,26.100,0.000382,-0.014261,-0.004660,12.569,22.189
14.925781,2,45,2878.84,8.7741,0.36517,110.09,49.851,6.739,335.96,27.629,26.100,0.045174,0.027008,0.013152,12.596,22.189
14.929688,2,45,2880.10,8.8262,0.37802,114.01,49.849,6.816,339.77,27.630,26.101,-0.017739,-0.028830,0.012176,12.559,22.189
14.933594,2,45,2882.99,8.7051,0.37178,112.24,49.835,6.863,342.01,27.632,26.102,-0.012517,-0.041072,0.019413,12.677,22.189
14.937500,2,45,2881.12,8.7122,0.36127,109.00,49.835,6.814,339.56,27.633,26.103,0.031079,0.001508,-0.017083,12.538,22.189
14.941406,2,45,2880.52,8.7663,0.37954,114.49,49.811,6.907,344.05,27.635,26.104,0.020858,-0.000881,-0.023289,12.644,22.189
14.945313,2,45,2873.26,8.6955,0.36208,108.95,49.839,6.855,341.63,27.636,26.105,-0.028856,-0.015916,0.000222,12.494,22.190
14.949219,2,45,2888.64,8.7881,0.37746,114.18,49.832,6.980,347.84,27.637,26.106,-0.032255,-0.008141,-0.004896,12.626,22.190
14.953125,2,45,2875.75,8.7257,0.37133,111.82,49.860,6.781,338.08,27.639,26.107,-0.026019,-0.014955,0.003301,12.410,22.190
14.957031,2,45,2880.21,8.6993,0.37315,112.55,49.840,6.911,344.47,27.640,26.108,0.001345,0.024024,0.009365,12.556,22.190
14.960938,2,45,2873.50,8.7146,0.36611,110.17,49.836,6.795,338.66,27.642,26.108,-0.008256,-0.026608,0.011910,12.415,22.190
14.964844,2,45,2879.88,8.7610,0.37422,112.86,49.855,6.779,337.99,27.643,26.109,0.026401,0.000454,-0.013815,12.635,22.190
14.968750,2,45,2869.20,8.6539,0.37420,112.43,49.833,6.797,338.70,27.644,26.110,-0.037708,-0.000098,-0.019223,12.347,22.190
14.972656,2,45,2875.76,8.6339,0.36736,110.63,49.816,6.935,345.46,27.646,26.111,-0.019707,-0.038654,0.017304,12.503,22.190
14.976563,2,45,2880.91,8.6883,0.37405,112.85,49.842,6.790,338.41,27.647,26.112,0.042744,0.043089,0.018842,12.506,22.190
14.980469,2,45,2877.59,8.6520,0.36908,111.22,49.854,6.946,346.28,27.649,26.113,-0.005131,-0.014507,0.002389,12.573,22.190
14.984375,2,45,2879.76,8.7179,0.36421,109.83,49.816,6.912,344.32,27.650,26.114,0.043770,0.016704,0.003153,12.599,22.190
14.988281,2,45,2876.26,8.6639,0.37006,111.46,49.856,6.776,337.85,27.652,26.114,-0.011250,-0.026097,0.013757,12.476,22.190
14.992188,2,45,2881.36,8.8459,0.37155,112.11,49.853,6.955,346.74,27.653,26.115,-0.002267,0.016851,0.003069,12.579,22.190
14.996094,2,45,2876.10,8.6815,0.36823,110.90,49.840,6.979,347.83,27.654,26.116,-0.036330,0.002576,-0.018834,12.616,22.190
15.000000,0,0,2856.80,8.5124,0.37904,113.40,49.838,6.799,338.85,27.656,26.117,0.046275,0.016011,0.001112,12.476,22.190
15.003906,0,0,2850.86,8.5451,0.37140,110.88,49.869,6.866,342.42,27.657,26.118,-0.024032,-0.000205,-0.014155,12.352,22.190
15.007813,0,0,2834.65,8.4519,0.36967,109.73,49.840,6.829,340.33,27.659,26.119,0.023179,0.033807,0.016159,12.356,22.190
15.011719,0,0,2821.97,8.5056,0.36968,109.25,49.856,6.624,330.25,27.660,26.120,0.026436,0.036189,0.018245,12.301,22.190
15.015625,0,0,2797.72,8.2029,0.35137,102.94,49.845,6.681,333.00,27.661,26.120,0.044220,0.025240,0.007982,12.128,22.190
15.019531,0,0,2786.29,8.1741,0.34904,101.84,49.851,6.591,328.56,27.662,26.121,-0.006401,-0.021612,0.005664,12.180,22.190
15.023438,0,0,2770.18,8.1053,0.34736,100.77,49.844,6.604,329.19,27.664,26.122,-0.016442,-0.036306,0.015605,11.952,22.190
15.027344,0,0,2747.88,7.9198,0.32769,94.29,49.880,6.435,320.96,27.665,26.123,0.039838,0.006961,-0.002204,11.943,22.190
15.031250,0,0,2741.36,7.9790,0.33471,96.09,49.881,6.387,318.61,27.666,26.123,-0.032249,-0.000054,-0.017260,11.831,22.190
15.035156,0,0,2720.43,7.8809,0.33857,96.45,49.900,6.298,314.28,27.667,26.124,-0.025642,-0.014331,-0.001659,11.898,22.190
15.039063,0,0,2705.37,7.6960,0.32151,91.09,49.897,6.383,318.51,27.668,26.124,0.038051,0.036594,0.020043,11.795,22.190
15.042969,0,0,2692.04,7.6291,0.31170,87.87,49.874,6.360,317.18,27.669,26.125,-0.015837,0.009219,-0.003420,11.866,22.190
15.046875,0,0,2677.75,7.5183,0.33059,92.70,49.878,6.256,312.01,27.670,26.125,-0.008289,-0.033688,0.016989,11.697,22.190
15.050781,0,0,2666.45,7.4571,0.31922,89.14,49.913,6.191,309.00,27.671,26.126,-0.034922,-0.000463,-0.017673,11.585,22.190
15.054688,0,0,2646.06,7.3807,0.31639,87.67,49.896,6.207,309.72,27.672,26.126,-0.014801,0.006906,-0.005750,11.469,22.190
15.058594,0,0,2636.14,7.3824,0.30923,85.37,49.880,6.213,309.91,27.673,26.127,-0.014555,-0.034946,0.018654,11.526,22.190
15.062500,0,0,2612.69,7.2033,0.30554,83.60,49.908,6.109,304.89,27.674,26.127,-0.021647,0.001278,-0.011499,11.332,22.190
15.066406,0,0,2608.47,7.0427,0.30932,84.49,49.919,6.022,300.61,27.675,26.128,0.012085,0.023734,0.009627,11.449,22.190
15.070313,0,0,2585.04,7.0442,0.30064,81.38,49.880,6.135,306.01,27.676,26.128,0.027052,-0.000561,-0.015810,11.297,22.190
15.074219,0,0,2578.91,6.9619,0.29642,80.05,49.908,6.024,300.63,27.677,26.129,-0.019178,0.009331,-0.008312,11.221,22.190
15.078125,0,0,2556.74,6.8687,0.29690,79.49,49.900,6.060,302.37,27.678,26.129,-0.009688,-0.029115,0.014456,11.082,22.190
15.082031,0,0,2558.19,6.8550,0.29763,79.73,49.913,5.984,298.69,27.679,26.130,0.021112,0.031746,0.017479,11.014,22.190
15.085938,0,0,2528.11,6.7447,0.29344,77.69,49.933,5.825,290.85,27.679,26.130,-0.018401,-0.029518,0.009093,10.924,22.190
15.089844,0,0,2520.94,6.6866,0.28990,76.53,49.896,5.946,296.70,27.680,26.130,0.009931,0.023762,0.012813,10.775,22.190
15.093750,0,0,2514.95,6.6326,0.27951,73.61,49.936,5.684,283.86,27.681,26.130,-0.019514,-0.025915,0.008885,10.855,22.190
15.097656,0,0,2482.37,6.5810,0.26980,70.14,49.928,5.778,288.48,27.681,26.131,-0.016481,-0.028213,0.013880,10.830,22.190
15.101563,0,0,2469.60,6.2922,0.26762,69.21,49.909,5.741,286.53,27.682,26.131,-0.011598,-0.036432,0.020977,10.774,22.190
15.105469,0,0,2462.87,6.2971,0.27114,69.93,49.914,5.742,286.59,27.683,26.131,0.022501,0.029865,0.017318,10.637,22.190
15.109375,0,0,2444.86,6.2847,0.27038,69.22,49.900,5.778,288.31,27.684,26.131,-0.022097,-0.019204,0.009458,10.598,22.190
15.113281,0,0,2434.62,6.1973,0.26778,68.27,49.940,5.648,282.05,27.684,26.132,0.029551,0.001869,-0.009073,10.544,22.190
15.117188,0,0,2429.96,6.1385,0.25402,64.64,49.950,5.637,281.57,27.685,26.132,0.034691,0.004937,-0.005701,10.564,22.190
15.121094,0,0,2416.32,6.1539,0.26420,66.85,49.923,5.591,279.12,27.685,26.132,-0.007795,0.011112,0.002114,10.464,22.190
15.125000,0,0,2401.26,6.0802,0.26426,66.45,49.952,5.452,272.33,27.686,26.132,0.017371,-0.002095,-0.017974,10.468,22.190
15.128906,0,0,2379.81,5.8603,0.24969,62.23,49.924,5.482,273.70,27.686,26.132,0.029468,0.035498,0.016175,10.344,22.190
15.132813,0,0,2366.53,5.8908,0.24739,61.31,49.924,5.425,270.86,27.687,26.132,-0.028392,0.000559,-0.014108,10.239,22.190
15.136719,0,0,2358.72,5.8560,0.23809,58.81,49.959,5.373,268.45,27.687,26.132,0.025126,0.032082,0.015520,10.154,22.191
15.140625,0,0,2337.21,5.6244,0.24574,60.15,49.983,5.268,263.31,27.688,26.132,-0.031549,-0.000291,-0.012638,10.218,22.191
15.144531,0,0,2327.84,5.7484,0.23322,56.85,49.958,5.347,267.13,27.688,26.132,-0.011678,-0.033517,0.017165,10.023,22.191
15.148438,0,0,2319.45,5.5639,0.25370,61.62,49.972,5.357,267.71,27.689,26.132,-0.013155,-0.034057,0.017129,10.102,22.191
15.152344,0,0,2304.68,5.5932,0.23927,57.75,49.954,5.243,261.90,27.689,26.132,0.011796,0.026847,0.014496,9.932,22.191
15.156250,0,0,2289.97,5.4865,0.24423,58.57,49.977,5.263,263.05,27.689,26.132,-0.003958,-0.012633,-0.000088,10.007,22.191
15.160156,0,0,2271.20,5.4101,0.23648,56.25,49.960,5.110,255.30,27.690,26.132,-0.027896,0.000836,-0.016001,9.858,22.191
15.164063,0,0,2261.30,5.3103,0.23642,55.98,49.990,5.166,258.23,27.690,26.132,-0.006911,-0.024226,0.011304,9.964,22.191
15.167969,0,0,2258.15,5.4238,0.22222,52.55,50.007,5.106,255.33,27.690,26.132,-0.030176,0.002594,-0.015219,9.795,22.191
15.171875,0,0,2251.06,5.3421,0.22925,54.04,49.987,5.093,254.58,27.691,26.132,0.034244,0.007328,-0.001699,9.895,22.191
15.175781,0,0,2220.76,5.2012,0.22924,53.31,50.005,4.913,245.66,27.691,26.132,-0.024467,-0.011705,0.002549,9.705,22.191
15.179688,0,0,2220.37,5.1695,0.23106,53.72,50.010,4.981,249.10,27.691,26.131,-0.025597,-0.003167,-0.005266,9.638,22.191
15.183594,0,0,2203.48,5.1203,0.22500,51.92,49.996,4.977,248.83,27.691,26.131,-0.013332,-0.032653,0.014738,9.563,22.191
15.187500,0,0,2190.03,4.9946,0.21511,49.33,50.016,4.880,244.08,27.691,26.131,0.008195,0.000269,-0.016522,9.470,22.191
15.191406,0,0,2178.35,5.0233,0.21252,48.48,50.011,4.960,248.05,27.691,26.131,-0.007090,-0.028136,0.014300,9.574,22.191
15.195313,0,0,2161.68,4.8462,0.22031,49.87,49.963,4.962,247.91,27.692,26.131,-0.007165,-0.012667,0.000176,9.436,22.191
15.199219,0,0,2158.47,4.8558,0.21713,49.08,50.003,4.831,241.56,27.692,26.130,-0.032591,0.000596,-0.011766,9.417,22.191
15.203125,0,0,2140.00,4.8041,0.20920,46.88,50.006,4.868,243.41,27.692,26.130,0.027519,0.004738,-0.008568,9.469,22.191
15.207031,0,0,2127.01,4.7122,0.20370,45.37,49.983,4.740,236.93,27.692,26.130,0.026671,0.034100,0.018077,9.273,22.191
15.210938,0,0,2123.44,4.6773,0.19720,43.85,49.997,4.794,239.67,27.692,26.130,0.014720,-0.001957,-0.016198,9.175,22.191
15.214844,0,0,2109.13,4.7095,0.20972,46.32,50.011,4.712,235.67,27.692,26.129,-0.028928,0.003073,-0.014794,9.171,22.191
15.218750,0,0,2094.52,4.5264,0.19929,43.71,49.986,4.873,243.57,27.692,26.129,0.024162,0.002772,-0.014358,9.183,22.191
15.222656,0,0,2084.50,4.6362,0.19294,42.12,50.040,4.556,227.99,27.692,26.129,-0.023661,-0.001132,-0.015147,9.061,22.191
15.226563,0,0,2069.57,4.4829,0.19271,41.77,50.023,4.663,233.28,27.692,26.128,0.033700,0.011669,-0.002328,8.915,22.191
15.230469,0,0,2063.13,4.4775,0.19543,42.22,50.025,4.594,229.84,27.692,26.128,-0.019883,-0.012601,0.002063,8.879,22.191
15.234375,0,0,2056.29,4.3515,0.19543,42.08,50.013,4.656,232.87,27.692,26.128,0.029746,0.029151,0.015862,8.812,22.191
15.238281,0,0,2041.03,4.3966,0.18338,39.19,50.014,4.718,235.96,27.692,26.127,0.005234,-0.000495,-0.015620,8.864,22.191
15.242188,0,0,2024.63,4.2788,0.18094,38.36,50.022,4.447,222.43,27.692,26.127,0.012370,-0.000558,-0.015577,8.732,22.191
15.246094,0,0,2011.82,4.2374,0.17540,36.95,50.046,4.397,220.05,27.692,26.126,0.028754,0.010962,-0.001982,8.685,22.191
15.250000,0,0,2004.61,4.1819,0.18337,38.49,50.022,4.604,230.30,27.692,26.126,-0.005155,-0.024290,0.011398,8.711,22.191
15.253906,0,0,2001.47,4.2176,0.19124,40.08,50.027,4.472,223.74,27.692,26.125,-0.027374,-0.000825,-0.015281,8.763,22.191
15.257813,0,0,1991.97,4.1305,0.17563,36.64,50.033,4.596,229.97,27.692,26.125,-0.007149,-0.029030,0.016013,8.748,22.191
15.261719,0,0,1974.89,4.0535,0.17856,36.93,50.040,4.407,220.55,27.691,26.125,0.007262,-0.001717,-0.012666,8.692,22.191
15.265625,0,0,1957.37,4.0504,0.17299,35.46,50.037,4.380,219.16,27.691,26.124,0.009445,0.019173,0.008080,8.564,22.191
15.269531,0,0,1937.26,4.0241,0.16976,34.44,50.036,4.485,224.41,27.691,26.124,0.013793,0.021916,0.010511,8.421,22.191
15.273438,0,0,1933.18,3.9976,0.16793,34.00,50.011,4.434,221.74,27.691,26.123,0.028383,0.028521,0.014289,8.460,22.191
15.277344,0,0,1930.45,3.9161,0.16585,33.53,50.061,4.229,211.73,27.691,26.123,-0.008687,-0.027743,0.015207,8.334,22.191
15.281250,0,0,1910.80,3.8288,0.16339,32.69,50.058,4.247,212.59,27.690,26.122,-0.018112,-0.021829,0.006572,8.321,22.191
15.285156,0,0,1906.66,3.9167,0.15413,30.77,50.022,4.226,211.42,27.690,26.121,-0.025401,-0.006480,-0.004702,8.257,22.191
15.289063,0,0,1892.84,3.7386,0.15239,30.21,50.076,4.247,212.69,27.690,26.121,0.012996,-0.002578,-0.014752,8.418,22.191
15.292969,0,0,1884.65,3.6800,0.16188,31.95,50.058,4.151,207.80,27.690,26.120,0.005008,0.001026,-0.013566,8.192,22.191
15.296875,0,0,1872.49,3.6802,0.14839,29.10,50.053,4.164,208.44,27.689,26.120,0.004607,-0.001613,-0.012076,8.031,22.191
15.300781,0,0,1863.24,3.5604,0.15310,29.87,50.067,4.185,209.54,27.689,26.119,0.030747,0.021895,0.007425,8.092,22.191
15.304688,0,0,1853.45,3.5591,0.14853,28.83,50.055,4.191,209.79,27.689,26.118,-0.024901,-0.002230,-0.012597,8.191,22.191
15.308594,0,0,1845.43,3.6313,0.15020,29.03,50.080,4.123,206.46,27.688,26.118,-0.020753,0.000765,-0.016930,7.932,22.191
15.312500,0,0,1836.28,3.4835,0.15296,29.41,50.060,4.197,210.09,27.688,26.117,-0.014580,-0.023600,0.008495,8.013,22.191
15.316406,0,0,1826.29,3.5009,0.14214,27.18,50.058,4.014,200.96,27.688,26.116,0.029937,0.007654,0.001852,7.859,22.191
15.320313,0,0,1820.17,3.4710,0.14964,28.52,50.061,4.108,205.65,27.687,26.116,-0.022148,-0.003305,-0.010427,7.928,22.191
15.324219,0,0,1801.09,3.3221,0.13773,25.98,50.060,4.048,202.63,27.687,26.115,0.006976,0.017256,0.009593,8.003,22.191
15.328125,0,0,1792.66,3.4079,0.15237,28.60,50.075,4.105,205.57,27.686,26.114,-0.004676,0.012246,0.000993,7.835,22.191
15.332031,0,0,1790.29,3.4021,0.14319,26.84,50.053,3.961,198.24,27.686,26.114,-0.007687,-0.015088,0.002008,7.821,22.191
15.335938,0,0,1778.77,3.3391,0.14253,26.55,50.047,4.027,201.55,27.686,26.113,-0.017435,-0.020003,0.011421,7.820,22.191
15.339844,0,0,1760.53,3.3025,0.13519,24.92,50.106,3.900,195.40,27.685,26.112,0.030248,0.022953,0.015281,7.686,22.192
15.343750,0,0,1754.15,3.2306,0.14082,25.87,50.057,3.919,196.19,27.685,26.112,-0.011568,-0.028356,0.015662,7.629,22.192
15.347656,0,0,1738.36,3.1560,0.13375,24.35,50.072,3.885,194.52,27.684,26.111,-0.015667,-0.018447,0.005224,7.591,22.192
15.351563,0,0,1730.10,3.1139,0.12576,22.78,50.065,3.824,191.44,27.684,26.110,-0.016295,-0.019119,0.006808,7.481,22.192
15.355469,0,0,1715.79,3.0645,0.14178,25.47,50.117,3.783,189.60,27.683,26.109,0.026545,0.023377,0.014702,7.462,22.192
15.359375,0,0,1710.48,2.9667,0.13383,23.97,50.098,3.781,189.39,27.683,26.108,-0.021222,0.003704,-0.012009,7.499,22.192
15.363281,0,0,1705.82,3.1044,0.13133,23.46,50.103,3.852,193.02,27.682,26.108,-0.024956,0.002453,-0.011714,7.405,22.192
15.367188,0,0,1690.10,3.0090,0.12369,21.89,50.093,3.847,192.70,27.681,26.107,-0.022635,-0.000978,-0.013600,7.467,22.192
15.371094,0,0,1686.49,3.0637,0.12348,21.81,50.106,3.749,187.83,27.681,26.106,0.018497,0.024420,0.014650,7.428,22.192
15.375000,0,0,1681.71,2.9747,0.12531,22.07,50.092,3.867,193.68,27.680,26.105,-0.007973,0.005061,-0.002669,7.142,22.192
15.378906,0,0,1671.72,2.8815,0.11994,21.00,50.108,3.737,187.24,27.680,26.104,-0.004854,-0.012925,0.005871,7.300,22.192
15.382813,0,0,1663.66,2.9071,0.12980,22.61,50.104,3.616,181.16,27.679,26.103,-0.004886,-0.020927,0.011701,7.273,22.192
15.386719,0,0,1650.68,2.8243,0.12467,21.55,50.123,3.730,186.98,27.679,26.103,0.011584,0.000181,-0.013038,7.141,22.192
15.390625,0,0,1639.38,2.9156,0.12362,21.22,50.102,3.678,184.27,27.678,26.102,-0.007785,-0.017356,0.011062,7.271,22.192
15.394531,0,0,1624.51,2.8609,0.11710,19.92,50.097,3.608,180.73,27.677,26.101,-0.022853,-0.000708,-0.012032,7.035,22.192
15.398438,0,0,1621.21,2.7423,0.12151,20.63,50.125,3.645,182.70,27.677,26.100,0.017295,0.023807,0.012254,7.079,22.192
15.402344,0,0,1616.71,2.8113,0.10849,18.37,50.085,3.690,184.80,27.676,26.099,0.011952,0.018822,0.011455,6.923,22.192
15.406250,0,0,1610.51,2.6659,0.11829,19.95,50.086,3.643,182.44,27.675,26.098,-0.008882,-0.022892,0.009993,6.953,22.192
15.410156,0,0,1592.35,2.6578,0.10315,17.20,50.115,3.584,179.61,27.675,26.097,-0.006231,0.011809,-0.000164,6.957,22.192
15.414063,0,0,1582.11,2.5926,0.12405,20.55,50.088,3.569,178.75,27.674,26.096,-0.005373,-0.007341,-0.002599,6.785,22.192
15.417969,0,0,1572.69,2.5916,0.10953,18.04,50.119,3.656,183.23,27.673,26.095,0.027695,0.023348,0.011528,6.890,22.192
15.421875,0,0,1573.50,2.6815,0.11534,19.01,50.125,3.609,180.92,27.673,26.094,-0.000248,-0.003936,-0.001227,6.853,22.192
15.425781,0,0,1563.80,2.6206,0.10441,17.10,50.098,3.475,174.09,27.672,26.093,0.015403,0.025440,0.014092,6.861,22.192
15.429688,0,0,1541.32,2.4750,0.10228,16.51,50.117,3.408,170.81,27.671,26.092,0.004560,-0.000148,-0.013457,6.717,22.192
15.433594,0,0,1541.94,2.4876,0.10946,17.68,50.123,3.377,169.24,27.670,26.091,-0.012471,-0.019325,0.010351,6.768,22.192
15.437500,0,0,1530.10,2.4448,0.09323,14.94,50.121,3.362,168.50,27.670,26.090,-0.017425,-0.011170,0.004320,6.605,22.192
15.441406,0,0,1517.62,2.3477,0.10803,17.17,50.123,3.492,175.02,27.669,26.089,-0.004425,-0.022836,0.012174,6.623,22.192
15.445313,0,0,1508.34,2.4317,0.10563,16.69,50.097,3.422,171.41,27.668,26.088,0.016598,-0.000050,-0.010253,6.552,22.192
15.449219,0,0,1504.42,2.3193,0.09776,15.40,50.125,3.331,166.95,27.667,26.087,0.005621,0.002226,-0.008396,6.505,22.192
15.453125,0,0,1498.73,2.3387,0.09989,15.68,50.125,3.377,169.29,27.666,26.086,0.006542,0.013364,0.008521,6.520,22.192
15.457031,0,0,1491.56,2.2869,0.10648,16.63,50.121,3.412,170.99,27.666,26.085,0.018573,-0.000930,-0.006030,6.514,22.192
15.460938,0,0,1481.20,2.2156,0.10041,15.58,50.153,3.314,166.18,27.665,26.084,-0.012791,-0.015982,0.002861,6.455,22.192
15.464844,0,0,1472.28,2.2297,0.10368,15.98,50.110,3.420,171.39,27.664,26.083,-0.006949,-0.013099,0.003731,6.304,22.192
15.468750,0,0,1469.30,2.3403,0.09863,15.18,50.130,3.195,160.17,27.663,26.082,-0.023953,0.004972,-0.012571,6.325,22.192
15.472656,0,0,1459.39,2.2006,0.08745,13.36,50.132,3.291,164.96,27.662,26.081,0.010054,-0.003511,-0.010311,6.403,22.192
15.476563,0,0,1455.17,2.1290,0.09877,15.05,50.127,3.368,168.85,27.661,26.080,0.006515,0.000465,-0.011628,6.290,22.192
15.480469,0,0,1440.55,2.1504,0.10394,15.68,50.116,3.239,162.34,27.661,26.079,-0.014504,-0.011637,0.005288,6.218,22.192
15.484375,0,0,1436.69,2.1075,0.09935,14.95,50.158,3.161,158.53,27.660,26.078,-0.021447,-0.001418,-0.009278,6.169,22.192
15.488281,0,0,1420.69,2.1749,0.09196,13.68,50.093,3.292,164.89,27.659,26.077,-0.017559,-0.002720,-0.006260,6.072,22.192
15.492188,0,0,1422.02,2.0802,0.09304,13.86,50.138,3.304,165.66,27.658,26.076,0.023064,0.014564,0.001878,6.209,22.192
15.496094,0,0,1409.72,2.1171,0.09253,13.66,50.156,3.121,156.51,27.657,26.074,0.023338,0.023370,0.011227,6.095,22.192
15.500000,0,0,1398.61,1.9980,0.08795,12.88,50.151,3.131,157.00,27.656,26.073,0.008162,-0.000727,-0.010746,6.175,22.192
15.503906,0,0,1394.39,1.9725,0.08858,12.93,50.138,3.202,160.53,27.655,26.072,0.011667,-0.001957,-0.012303,6.157,22.192
15.507813,0,0,1392.97,1.9890,0.09534,13.91,50.151,3.106,155.75,27.654,26.071,0.008285,0.021644,0.009821,6.013,22.192
15.511719,0,0,1380.96,2.0047,0.07375,10.67,50.147,3.129,156.90,27.653,26.070,0.012095,0.018802,0.007973,6.098,22.192
15.515625,0,0,1364.84,1.9716,0.08495,12.14,50.147,3.187,159.82,27.652,26.069,-0.008413,0.003309,-0.002520,5.874,22.192
15.519531,0,0,1360.51,1.9528,0.08726,12.43,50.163,3.160,158.49,27.651,26.068,-0.012233,0.003799,-0.006540,5.981,22.192
15.523438,0,0,1354.31,1.8662,0.08769,12.44,50.148,3.165,158.70,27.650,26.066,0.001722,-0.000054,-0.006272,5.997,22.192
15.527344,0,0,1342.40,1.8460,0.08828,12.41,50.160,2.993,150.13,27.649,26.065,0.005186,-0.003091,-0.007692,5.766,22.192
15.531250,0,0,1336.74,1.9188,0.08325,11.65,50.136,3.219,161.39,27.648,26.064,0.009086,0.015759,0.007552,5.793,22.192
15.535156,0,0,1331.79,1.8829,0.08808,12.28,50.162,3.150,157.99,27.647,26.063,-0.020579,-0.000763,-0.012536,5.744,22.192
15.539063,0,0,1330.16,1.8692,0.07920,11.03,50.148,3.083,154.59,27.646,26.062,-0.006495,-0.013861,0.007747,5.774,22.192
15.542969,0,0,1321.87,1.7561,0.07202,9.97,50.161,2.992,150.09,27.645,26.061,-0.002045,-0.004336,-0.001971,5.730,22.192
15.546875,0,0,1306.45,1.8282,0.07485,10.24,50.150,2.871,144.00,27.644,26.059,-0.006389,-0.020933,0.010512,5.629,22.192
15.550781,0,0,1304.78,1.8498,0.07775,10.62,50.130,3.111,155.95,27.643,26.058,0.021748,0.012510,0.003739,5.646,22.192
15.554688,0,0,1296.57,1.7849,0.07664,10.41,50.156,2.925,146.69,27.642,26.057,0.023057,0.018237,0.006161,5.576,22.193
15.558594,0,0,1293.52,1.7260,0.07238,9.80,50.145,2.884,144.64,27.641,26.056,-0.002689,-0.001734,-0.001490,5.580,22.193
15.562500,0,0,1281.38,1.6953,0.07744,10.39,50.137,2.991,149.95,27.640,26.054,0.003530,-0.001131,-0.011569,5.578,22.193
15.566406,0,0,1274.05,1.7309,0.07236,9.65,50.160,2.945,147.72,27.639,26.053,-0.004568,-0.021985,0.008313,5.584,22.193
15.570313,0,0,1265.35,1.6895,0.07331,9.71,50.140,3.035,152.18,27.638,26.052,0.004996,0.000896,-0.009272,5.460,22.193
15.574219,0,0,1262.85,1.7152,0.07508,9.93,50.152,2.906,145.76,27.637,26.051,-0.019049,0.002527,-0.013105,5.525,22.193
15.578125,0,0,1251.88,1.6770,0.06804,8.92,50.159,2.926,146.75,27.636,26.049,0.012688,0.019781,0.008178,5.485,22.193
15.582031,0,0,1245.53,1.5553,0.07445,9.71,50.157,2.916,146.28,27.635,26.048,-0.004156,-0.011030,0.000063,5.337,22.193
15.585938,0,0,1242.17,1.5983,0.07034,9.15,50.158,2.899,145.42,27.634,26.047,-0.011387,-0.011828,0.003665,5.302,22.193
15.589844,0,0,1235.44,1.6080,0.07839,10.14,50.170,2.856,143.28,27.633,26.046,0.007766,0.015476,0.007047,5.423,22.193
15.593750,0,0,1229.05,1.6590,0.06903,8.88,50.162,2.885,144.70,27.632,26.044,-0.002106,-0.004857,-0.002814,5.209,22.193
15.597656,0,0,1223.99,1.4366,0.06748,8.65,50.147,2.763,138.53,27.630,26.043,0.021864,0.009037,0.001793,5.303,22.193
15.601563,0,0,1216.51,1.6196,0.06976,8.89,50.154,2.827,141.79,27.629,26.042,0.011951,0.000495,-0.010107,5.344,22.193
15.605469,0,0,1201.91,1.6099,0.07203,9.07,50.175,2.708,135.88,27.628,26.040,-0.010194,-0.021111,0.007393,5.173,22.193
15.609375,0,0,1201.10,1.4322,0.06346,7.98,50.164,2.937,147.33,27.627,26.039,-0.002403,-0.007263,0.002629,5.322,22.193
15.613281,0,0,1188.16,1.4596,0.06332,7.88,50.163,2.809,140.88,27.626,26.038,0.023513,0.008505,0.002144,5.145,22.193
15.617188,0,0,1186.91,1.4367,0.06806,8.46,50.166,2.722,136.57,27.625,26.036,-0.007519,0.002535,-0.003808,5.183,22.193
15.621094,0,0,1181.29,1.4239,0.05515,6.82,50.183,2.876,144.31,27.623,26.035,-0.005847,-0.022264,0.009511,5.102,22.193
15.625000,0,0,1167.58,1.5200,0.06148,7.52,50.203,2.832,142.19,27.622,26.034,0.013720,0.017024,0.011151,5.040,22.193
15.628906,0,0,1171.06,1.4119,0.06075,7.45,50.182,2.708,135.92,27.621,26.032,0.010429,0.015377,0.009304,5.120,22.193
15.632813,0,0,1151.10,1.3990,0.06547,7.89,50.172,2.768,138.89,27.620,26.031,-0.008684,0.003455,-0.006092,4.969,22.193
15.636719,0,0,1150.40,1.3880,0.06211,7.48,50.192,2.739,137.47,27.619,26.030,-0.019484,0.000111,-0.010362,5.014,22.193
15.640625,0,0,1151.57,1.4030,0.05841,7.04,50.170,2.764,138.66,27.618,26.028,0.021315,0.009485,0.001308,4.913,22.193
15.644531,0,0,1141.92,1.3295,0.05217,6.24,50.207,2.725,136.81,27.616,26.027,-0.014700,-0.000026,-0.005080,4.983,22.193
15.648438,0,0,1129.31,1.3245,0.04758,5.63,50.147,2.822,141.54,27.615,26.026,-0.005311,-0.019091,0.009258,4.938,22.193
15.652344,0,0,1128.18,1.2585,0.04874,5.76,50.176,2.684,134.68,27.614,26.024,0.009693,-0.001233,-0.009183,4.904,22.193
15.656250,0,0,1122.53,1.3663,0.05682,6.68,50.178,2.776,139.28,27.613,26.023,-0.009185,0.003634,-0.004619,4.932,22.193
15.660156,0,0,1116.74,1.3499,0.06146,7.19,50.178,2.791,140.03,27.612,26.022,-0.001877,-0.011050,0.002831,4.868,22.193
15.664063,0,0,1106.36,1.2116,0.05578,6.46,50.199,2.606,130.83,27.610,26.020,-0.017362,0.000327,-0.009648,4.825,22.193
15.667969,0,0,1100.66,1.3132,0.04479,5.16,50.206,2.699,135.51,27.609,26.019,0.000702,-0.000560,-0.002682,4.744,22.193
15.671875,0,0,1096.59,1.2895,0.05077,5.83,50.179,2.707,135.85,27.608,26.018,-0.000665,-0.004135,-0.004153,4.781,22.193
15.675781,0,0,1091.87,1.1765,0.05332,6.10,50.192,2.747,137.90,27.607,26.016,0.015221,0.000310,-0.007817,4.593,22.193
15.679688,0,0,1088.77,1.1948,0.05209,5.94,50.188,2.645,132.73,27.606,26.015,-0.004973,-0.016051,0.009228,4.887,22.193
15.683594,0,0,1077.19,1.2240,0.05269,5.94,50.215,2.503,125.67,27.604,26.013,-0.003519,-0.018651,0.010746,4.629,22.193
15.687500,0,0,1071.74,1.1881,0.05351,6.01,50.174,2.527,126.80,27.603,26.012,0.018272,0.006410,-0.002585,4.656,22.193
15.691406,0,0,1071.73,1.1980,0.04981,5.59,50.187,2.647,132.83,27.602,26.011,0.013614,0.000181,-0.009334,4.620,22.193
15.695313,0,0,1062.13,1.2271,0.04581,5.10,50.185,2.586,129.75,27.601,26.009,-0.018724,-0.000385,-0.008348,4.601,22.193
15.699219,0,0,1054.16,1.1543,0.05713,6.31,50.197,2.545,127.76,27.599,26.008,-0.018810,0.002433,-0.010575,4.673,22.193
15.703125,0,0,1049.13,1.1869,0.05303,5.83,50.181,2.510,125.96,27.598,26.006,-0.004451,-0.016548,0.009025,4.580,22.193
15.707031,0,0,1039.43,1.1799,0.05145,5.60,50.189,2.456,123.26,27.597,26.005,0.019863,0.017980,0.008337,4.464,22.193
15.710938,0,0,1035.29,1.1045,0.05614,6.09,50.181,2.522,126.55,27.595,26.003,0.015253,0.018904,0.011196,4.376,22.193
15.714844,0,0,1038.17,1.0909,0.05183,5.63,50.182,2.648,132.86,27.594,26.002,-0.008967,-0.000290,-0.005603,4.528,22.193
15.718750,0,0,1026.88,1.1085,0.05204,5.60,50.194,2.565,128.73,27.593,26.001,0.008143,0.012513,0.007437,4.535,22.193
15.722656,0,0,1011.21,1.1653,0.04179,4.42,50.189,2.571,129.03,27.591,25.999,0.003105,0.012486,0.004973,4.469,22.193
15.726563,0,0,1019.44,1.0103,0.04765,5.09,50.177,2.483,124.57,27.590,25.998,0.020574,0.006670,-0.001360,4.311,22.193
15.730469,0,0,1012.65,0.9584,0.04062,4.31,50.193,2.432,122.08,27.589,25.996,-0.003721,-0.013436,0.002505,4.357,22.193
15.734375,0,0,1008.02,1.0106,0.04647,4.91,50.219,2.488,124.93,27.587,25.995,0.007646,-0.001689,-0.009585,4.499,22.193
15.738281,0,0,993.10,1.1022,0.05178,5.38,50.207,2.420,121.50,27.586,25.993,-0.005630,-0.010723,0.003836,4.251,22.193
15.742188,0,0,994.76,0.9940,0.03690,3.84,50.193,2.453,123.13,27.585,25.992,0.004798,0.005831,0.003142,4.311,22.193
15.746094,0,0,981.09,0.9865,0.04556,4.68,50.210,2.454,123.22,27.583,25.990,-0.003807,-0.009224,0.005030,4.446,22.193
15.750000,0,0,979.81,1.0618,0.04558,4.68,50.222,2.371,119.09,27.582,25.989,0.021371,0.007393,0.002008,4.200,22.193
15.753906,0,0,978.05,1.0206,0.03872,3.97,50.217,2.294,115.22,27.580,25.987,-0.019808,0.002630,-0.010687,4.134,22.193
15.757813,0,0,974.92,1.0125,0.03821,3.90,50.189,2.453,123.10,27.579,25.986,0.010228,0.016402,0.008667,4.121,22.193
15.761719,0,0,962.89,0.9737,0.04746,4.79,50.201,2.388,119.90,27.578,25.984,-0.001605,0.002987,0.000166,4.205,22.193
15.765625,0,0,950.99,0.9143,0.03366,3.35,50.218,2.442,122.63,27.576,25.983,-0.013208,0.005268,-0.004846,4.180,22.193
15.769531,0,0,951.86,1.0379,0.04024,4.01,50.214,2.342,117.58,27.575,25.981,0.018804,0.008241,0.003692,4.137,22.193
15.773438,0,0,954.37,0.9269,0.03639,3.64,50.184,2.272,114.04,27.574,25.980,-0.013756,0.004459,-0.006344,4.236,22.193
15.777344,0,0,935.26,0.9430,0.03638,3.56,50.232,2.308,115.93,27.572,25.978,-0.006252,0.003290,-0.003804,4.127,22.193
15.781250,0,0,934.07,0.9147,0.03746,3.66,50.207,2.226,111.78,27.571,25.977,-0.011331,-0.009767,0.001806,4.054,22.193
15.785156,0,0,935.70,0.8930,0.02686,2.63,50.198,2.314,116.15,27.569,25.975,0.020433,0.009999,0.002717,4.244,22.194
15.789063,0,0,933.04,0.8576,0.04538,4.43,50.221,2.179,109.41,27.568,25.973,-0.005872,-0.011110,0.006802,4.097,22.194
15.792969,0,0,923.61,0.9013,0.03978,3.85,50.215,2.304,115.68,27.566,25.972,0.017287,0.012773,0.007241,4.040,22.194
15.796875,0,0,919.64,0.9013,0.03541,3.41,50.230,2.302,115.62,27.565,25.970,0.017157,0.016874,0.007317,4.132,22.194
15.800781,0,0,911.88,0.9050,0.02315,2.21,50.225,2.272,114.10,27.563,25.969,0.019604,0.014513,0.008945,3.955,22.194
15.804688,0,0,906.00,0.8978,0.03429,3.25,50.222,2.268,113.90,27.562,25.967,-0.008503,-0.015669,0.004598,3.809,22.194
15.808594,0,0,905.25,0.8510,0.03538,3.35,50.210,2.371,119.07,27.560,25.966,-0.002299,-0.010538,0.003815,3.930,22.194
15.812500,0,0,901.71,0.8691,0.02735,2.58,50.220,2.178,109.39,27.559,25.964,-0.003274,-0.014579,0.005877,3.855,22.194
15.816406,0,0,898.78,0.9235,0.03406,3.21,50.211,2.362,118.61,27.558,25.963,-0.006827,0.003086,-0.002751,3.905,22.194
15.820313,0,0,880.01,0.7748,0.02290,2.11,50.197,2.276,114.26,27.556,25.961,0.007562,0.014404,0.007377,3.897,22.194
15.824219,0,0,879.46,0.7531,0.03644,3.36,50.208,2.273,114.15,27.555,25.959,-0.003668,0.004294,0.000391,3.842,22.194
15.828125,0,0,882.33,0.8555,0.02816,2.60,50.225,2.189,109.93,27.553,25.958,-0.017126,0.001137,-0.009364,3.899,22.194
15.832031,0,0,869.87,0.7678,0.02876,2.62,50.207,2.171,109.01,27.552,25.956,-0.003152,-0.015250,0.008114,3.857,22.194
15.835938,0,0,865.33,0.8376,0.03609,3.27,50.252,2.252,113.17,27.550,25.955,0.004154,-0.000546,-0.007275,3.775,22.194
15.839844,0,0,867.20,0.8258,0.04188,3.80,50.209,2.221,111.51,27.549,25.953,-0.003219,0.001821,-0.001860,3.692,22.194
15.843750,0,0,850.99,0.7599,0.02805,2.50,50.202,2.204,110.65,27.547,25.951,-0.009831,-0.003332,-0.001321,3.625,22.194
15.847656,0,0,849.13,0.7822,0.03629,3.23,50.244,2.164,108.70,27.546,25.950,0.012726,0.000853,-0.009265,3.853,22.194
15.851563,0,0,850.82,0.7397,0.02629,2.34,50.230,2.235,112.25,27.544,25.948,-0.016416,-0.000733,-0.005634,3.784,22.194
15.855469,0,0,845.68,0.6347,0.03261,2.89,50.214,2.078,104.34,27.543,25.947,-0.003009,-0.008721,0.003597,3.780,22.194
15.859375,0,0,837.70,0.7551,0.02847,2.50,50.231,2.136,107.32,27.541,25.945,0.001700,-0.001413,-0.003108,3.619,22.194
15.863281,0,0,829.63,0.7421,0.02882,2.50,50.215,2.275,114.23,27.540,25.943,0.008838,0.000538,-0.009619,3.738,22.194
15.867188,0,0,828.91,0.7928,0.02273,1.97,50.215,2.228,111.89,27.538,25.942,0.018120,0.005317,-0.002261,3.549,22.194
15.871094,0,0,822.01,0.6657,0.02887,2.49,50.218,2.155,108.22,27.537,25.940,-0.001688,-0.004710,-0.001401,3.526,22.194
15.875000,0,0,821.60,0.6563,0.02653,2.28,50.221,2.210,110.99,27.535,25.939,0.002394,-0.001576,-0.006712,3.570,22.194
15.878906,0,0,815.29,0.7857,0.03404,2.91,50.214,2.199,110.40,27.534,25.937,-0.013266,-0.002997,-0.006067,3.607,22.194
15.882813,0,0,813.17,0.7005,0.03222,2.74,50.230,2.018,101.36,27.532,25.935,0.014035,0.000631,-0.003386,3.544,22.194
15.886719,0,0,804.82,0.6588,0.02876,2.42,50.213,2.256,113.26,27.531,25.934,0.016790,0.017825,0.006633,3.568,22.194
15.890625,0,0,802.82,0.6770,0.03228,2.71,50.200,2.114,106.11,27.529,25.932,-0.006258,-0.013993,0.007527,3.527,22.194
15.894531,0,0,799.41,0.5957,0.02599,2.18,50.225,2.214,111.18,27.528,25.931,-0.016641,0.002984,-0.008082,3.455,22.194
15.898438,0,0,800.54,0.6667,0.02477,2.08,50.243,2.061,103.55,27.526,25.929,0.020106,0.013499,0.004605,3.367,22.194
15.902344,0,0,789.52,0.6436,0.03097,2.56,50.211,2.182,109.57,27.525,25.928,0.012440,0.002447,-0.004674,3.390,22.194
15.906250,0,0,774.67,0.6438,0.02928,2.38,50.227,2.206,110.79,27.523,25.926,-0.000220,-0.000502,-0.007156,3.381,22.194
15.910156,0,0,774.58,0.6309,0.02496,2.02,50.222,2.127,106.82,27.522,25.924,-0.003127,-0.002818,-0.006035,3.459,22.194
15.914063,0,0,780.15,0.6688,0.03278,2.68,50.233,2.068,103.89,27.520,25.923,-0.007416,0.003197,-0.001363,3.386,22.194
15.917969,0,0,776.25,0.6147,0.02022,1.64,50.239,1.960,98.49,27.518,25.921,-0.007892,0.001799,-0.000477,3.362,22.194
15.921875,0,0,768.43,0.5169,0.03266,2.63,50.224,2.143,107.65,27.517,25.919,-0.009275,0.002074,-0.005350,3.338,22.194
15.925781,0,0,768.97,0.6034,0.02707,2.18,50.243,2.054,103.19,27.515,25.918,0.016197,0.014738,0.008116,3.393,22.194
15.929688,0,0,759.62,0.5952,0.02739,2.18,50.221,2.100,105.45,27.514,25.916,-0.010053,-0.007674,0.002219,3.287,22.194
15.933594,0,0,753.16,0.6046,0.02350,1.85,50.215,2.117,106.29,27.512,25.915,0.004911,0.008984,0.002630,3.272,22.194
15.937500,0,0,743.61,0.5450,0.02385,1.86,50.236,2.049,102.95,27.511,25.913,-0.006804,-0.011718,0.006191,3.197,22.194
15.941406,0,0,748.48,0.5282,0.02479,1.94,50.207,2.060,103.45,27.509,25.911,-0.013525,0.000932,-0.007634,3.341,22.194
15.945313,0,0,739.29,0.5515,0.01435,1.11,50.256,2.029,101.95,27.508,25.910,-0.000209,-0.008256,0.003676,3.161,22.194
15.949219,0,0,736.42,0.6235,0.02970,2.29,50.238,2.022,101.60,27.506,25.908,-0.008886,0.000276,-0.006348,3.323,22.194
15.953125,0,0,738.52,0.5049,0.02157,1.67,50.217,2.148,107.88,27.505,25.906,0.003047,-0.001666,-0.005322,3.235,22.194
15.957031,0,0,733.10,0.5407,0.02121,1.63,50.212,2.006,100.72,27.503,25.905,-0.001730,0.006601,0.002227,3.228,22.194
15.960938,0,0,721.72,0.6597,0.02558,1.93,50.230,2.008,100.86,27.501,25.903,0.002603,0.010693,0.002308,3.248,22.194
15.964844,0,0,721.67,0.5306,0.01680,1.27,50.216,2.014,101.11,27.500,25.901,0.006142,0.010712,0.007663,3.077,22.194
15.968750,0,0,712.85,0.6513,0.02578,1.92,50.214,1.956,98.24,27.498,25.900,-0.011435,-0.005445,-0.003943,3.119,22.194
15.972656,0,0,710.06,0.5480,0.02689,2.00,50.258,1.978,99.41,27.497,25.898,0.006414,0.011767,0.003335,3.095,22.194
15.976563,0,0,717.65,0.4953,0.02523,1.90,50.232,1.883,94.61,27.495,25.896,0.011984,0.013617,0.005507,3.132,22.194
15.980469,0,0,710.01,0.4834,0.01659,1.23,50.231,2.077,104.35,27.493,25.895,0.013931,0.013807,0.008460,3.239,22.194
15.984375,0,0,707.82,0.4878,0.02141,1.59,50.241,1.995,100.25,27.492,25.893,-0.003835,-0.018103,0.008744,3.169,22.194
15.988281,0,0,696.92,0.5318,0.02213,1.62,50.220,2.101,105.51,27.490,25.891,-0.009612,-0.001880,0.001147,3.186,22.194
15.992188,0,0,691.81,0.5295,0.01562,1.13,50.238,1.973,99.11,27.489,25.890,-0.000532,0.000586,-0.003604,3.090,22.194
15.996094,0,0,688.80,0.6136,0.01606,1.16,50.217,1.998,100.33,27.487,25.888,-0.006750,-0.011055,0.006461,3.083,22.194
16.000000,3,65,720.79,0.4515,0.01802,1.36,50.241,2.005,100.73,27.485,25.886,0.012084,0.003456,-0.002088,3.239,22.194
16.003906,3,65,753.39,0.5804,0.01986,1.57,50.228,2.118,106.37,27.484,25.885,-0.004046,0.006615,0.001206,3.243,22.194
16.007813,3,65,787.67,0.6421,0.02513,2.07,50.230,2.247,112.88,27.482,25.883,0.016289,0.011588,0.005244,3.352,22.194
16.011719,3,65,817.76,0.7233,0.03058,2.62,50.211,2.236,112.28,27.481,25.882,0.014913,0.002222,-0.001070,3.586,22.194
16.015625,3,65,846.74,0.7378,0.03150,2.79,50.220,2.125,106.74,27.480,25.880,0.005662,0.010165,0.005576,3.711,22.194
16.019531,3,65,866.57,0.6737,0.03685,3.34,50.213,2.171,108.99,27.478,25.879,0.002436,-0.000223,-0.008252,3.773,22.194
16.023438,3,65,897.27,0.8553,0.03385,3.18,50.194,2.288,114.83,27.477,25.877,-0.008339,-0.015069,0.003420,4.008,22.194
16.027344,3,65,927.31,0.9558,0.03633,3.53,50.215,2.319,116.46,27.475,25.876,-0.013792,-0.003785,-0.000383,4.093,22.194
16.031250,3,65,950.26,0.9743,0.04693,4.67,50.199,2.367,118.83,27.474,25.874,-0.009886,0.001737,-0.007704,4.291,22.195
16.035156,3,65,978.71,0.9161,0.03930,4.03,50.194,2.322,116.53,27.473,25.873,-0.006115,-0.017118,0.012559,4.220,22.195
16.039063,3,65,1004.74,1.0379,0.04887,5.14,50.191,2.554,128.20,27.471,25.872,-0.004434,-0.018228,0.010550,4.371,22.195
16.042969,3,65,1037.12,1.0385,0.04025,4.37,50.223,2.449,123.01,27.470,25.870,0.010952,-0.003387,-0.010444,4.427,22.195
16.046875,3,65,1065.34,1.2363,0.04990,5.57,50.181,2.541,127.53,27.469,25.869,-0.009844,0.002954,-0.001365,4.508,22.195
16.050781,3,65,1086.91,1.2739,0.05698,6.49,50.176,2.622,131.56,27.468,25.867,-0.017394,0.001163,-0.006881,4.766,22.195
16.054688,3,65,1115.41,1.2107,0.05490,6.41,50.184,2.621,131.54,27.466,25.866,-0.005917,-0.009374,-0.001399,4.981,22.195
16.058594,3,65,1146.02,1.3948,0.06080,7.30,50.183,2.656,133.31,27.465,25.865,-0.016950,-0.007248,-0.003703,4.997,22.195
16.062500,3,65,1170.10,1.4929,0.05679,6.96,50.186,2.857,143.36,27.464,25.864,0.020792,0.001455,-0.006513,4.984,22.195
16.066406,3,65,1196.88,1.4902,0.07434,9.32,50.164,2.818,141.34,27.463,25.863,-0.006534,-0.015104,0.004039,5.087,22.195
16.070313,3,65,1215.68,1.5003,0.07122,9.07,50.180,2.730,136.98,27.462,25.861,-0.011548,-0.020973,0.010239,5.367,22.195
16.074219,3,65,1245.35,1.5948,0.07755,10.11,50.173,2.858,143.37,27.461,25.860,-0.010510,-0.016022,0.008365,5.437,22.195
16.078125,3,65,1268.83,1.6291,0.07603,10.10,50.166,2.941,147.53,27.460,25.859,0.005790,0.017907,0.006746,5.650,22.195
16.082031,3,65,1298.15,1.7717,0.06680,9.08,50.176,2.827,141.86,27.459,25.858,-0.001883,0.003952,-0.000357,5.614,22.195
16.085938,3,65,1321.36,1.9392,0.06906,9.56,50.173,3.098,155.41,27.458,25.857,0.019307,0.000074,-0.007849,5.654,22.195
16.089844,3,65,1345.22,1.9671,0.07851,11.06,50.139,3.057,153.26,27.457,25.856,-0.018888,-0.000326,-0.005298,5.863,22.195
16.093750,3,65,1366.70,1.8757,0.08561,12.25,50.135,3.100,155.39,27.456,25.855,-0.008333,-0.023740,0.010571,5.810,22.195
16.097656,3,65,1394.11,2.0876,0.08554,12.49,50.099,3.324,166.52,27.456,25.854,0.010819,0.022372,0.006146,6.070,22.195
16.101563,3,65,1412.97,2.0878,0.09113,13.48,50.136,3.169,158.86,27.455,25.853,0.023257,0.014904,0.003279,6.208,22.195
16.105469,3,65,1438.10,2.2458,0.09711,14.62,50.148,3.389,169.96,27.454,25.852,0.010734,0.018199,0.007580,6.213,22.195
16.109375,3,65,1464.62,2.2416,0.09848,15.10,50.131,3.284,164.64,27.453,25.851,0.019167,0.003934,-0.006158,6.331,22.195
16.113281,3,65,1490.49,2.2967,0.10118,15.79,50.130,3.350,167.93,27.453,25.850,0.014270,0.001209,-0.009293,6.655,22.195
16.117188,3,65,1503.81,2.3773,0.10046,15.82,50.108,3.402,170.48,27.452,25.849,-0.001450,0.009295,-0.000907,6.433,22.195
16.121094,3,65,1524.74,2.4787,0.09977,15.93,50.095,3.427,171.68,27.451,25.849,-0.015005,-0.011774,0.002955,6.657,22.195
16.125000,3,65,1555.63,2.6101,0.10668,17.38,50.115,3.454,173.09,27.451,25.848,0.021986,0.024391,0.010983,6.702,22.195
16.128906,3,65,1571.72,2.4836,0.10187,16.77,50.098,3.503,175.50,27.450,25.847,-0.002590,-0.014507,0.005511,6.760,22.195
16.132813,3,65,1606.86,2.6831,0.11191,18.83,50.093,3.684,184.54,27.450,25.846,0.016786,0.022582,0.012119,7.103,22.195
16.136719,3,65,1617.25,2.8302,0.11318,19.17,50.105,3.698,185.27,27.449,25.846,-0.004740,0.009667,-0.000961,7.171,22.195
16.140625,3,65,1636.99,2.7035,0.11971,20.52,50.089,3.788,189.74,27.449,25.845,0.003370,-0.000298,-0.010943,7.153,22.195
16.144531,3,65,1667.68,2.9557,0.12660,22.11,50.098,3.840,192.38,27.448,25.844,-0.021712,-0.003585,-0.004474,7.232,22.195
16.148438,3,65,1689.08,3.0182,0.12137,21.47,50.096,3.748,187.74,27.448,25.844,-0.009214,-0.029208,0.012395,7.476,22.195
16.152344,3,65,1703.36,3.0897,0.12680,22.62,50.074,3.839,192.26,27.447,25.843,-0.009700,-0.025310,0.011521,7.407,22.195
16.156250,3,65,1725.28,3.2073,0.13353,24.12,50.056,3.817,191.06,27.447,25.842,-0.007716,-0.024581,0.013333,7.536,22.195
16.160156,3,65,1745.78,3.1410,0.12865,23.52,50.065,3.990,199.77,27.447,25.842,0.030516,0.008104,-0.001996,7.539,22.195
16.164063,3,65,1766.30,3.2937,0.14053,25.99,50.109,3.817,191.26,27.446,25.841,-0.025679,0.001985,-0.014186,7.730,22.195
16.167969,3,65,1792.24,3.3353,0.14450,27.12,50.068,3.963,198.42,27.446,25.841,-0.006959,0.009715,0.001259,7.791,22.195
16.171875,3,65,1808.88,3.3385,0.13889,26.31,50.063,3.996,200.06,27.446,25.840,-0.007455,-0.024380,0.014806,7.874,22.195
16.175781,3,65,1827.28,3.6042,0.14948,28.60,50.077,4.110,205.79,27.445,25.840,-0.012921,-0.026326,0.012277,8.008,22.195
16.179688,3,65,1841.60,3.5899,0.15154,29.23,50.046,4.109,205.62,27.445,25.839,-0.012862,-0.026974,0.012014,8.062,22.195
16.183594,3,65,1868.53,3.6867,0.16368,32.03,50.053,4.208,210.62,27.445,25.839,0.000492,0.018048,0.007021,8.080,22.195
16.187500,3,65,1892.20,3.7287,0.15502,30.72,50.065,4.363,218.43,27.445,25.839,-0.006266,-0.019813,0.007814,8.233,22.195
16.191406,3,65,1907.81,3.8222,0.16649,33.26,50.060,4.294,214.95,27.445,25.838,-0.025895,0.001352,-0.014994,8.407,22.195
16.195313,3,65,1928.08,3.9058,0.16365,33.04,50.060,4.295,215.00,27.445,25.838,-0.003220,-0.008036,-0.005402,8.447,22.195
16.199219,3,65,1949.44,3.9913,0.16708,34.11,50.048,4.278,214.13,27.445,25.838,0.011058,-0.000313,-0.013940,8.393,22.195
16.203125,3,65,1963.50,4.1034,0.17698,36.39,50.083,4.385,219.61,27.445,25.837,0.029523,0.004879,-0.006907,8.572,22.195
16.207031,3,65,1979.23,4.2066,0.17773,36.84,50.027,4.365,218.36,27.445,25.837,-0.016146,-0.026705,0.012579,8.538,22.195
16.210938,3,65,1996.15,4.1786,0.17652,36.90,50.014,4.474,223.75,27.445,25.837,0.012198,-0.002792,-0.018724,8.634,22.195
16.214844,3,65,2013.03,4.2333,0.17528,36.95,50.032,4.524,226.36,27.445,25.837,0.012819,0.022462,0.012935,8.736,22.195
16.218750,3,65,2043.91,4.3204,0.18303,39.18,50.048,4.582,229.31,27.445,25.836,-0.006347,-0.020226,0.010601,8.912,22.195
16.222656,3,65,2054.26,4.3929,0.19385,41.70,50.024,4.624,231.32,27.445,25.836,-0.002462,-0.007814,-0.005840,9.005,22.195
16.226563,3,65,2073.31,4.5090,0.19117,41.51,50.022,4.704,235.31,27.445,25.836,-0.022218,-0.004787,-0.002229,9.145,22.195
16.230469,3,65,2087.38,4.6169,0.20047,43.82,50.022,4.717,235.94,27.445,25.836,-0.015445,-0.023026,0.008199,9.064,22.195
16.234375,3,65,2099.35,4.6720,0.20662,45.42,50.019,4.791,239.65,27.445,25.836,0.013209,0.026010,0.013634,9.021,22.195
16.238281,3,65,2120.97,4.7059,0.20611,45.78,49.992,4.915,245.73,27.446,25.836,0.013439,0.022909,0.012597,9.206,22.195
16.242188,3,65,2139.30,4.8419,0.19798,44.35,50.014,4.744,237.27,27.446,25.836,0.030193,0.029957,0.015079,9.293,22.195
16.246094,3,65,2164.45,4.8821,0.20666,46.84,49.978,5.024,251.11,27.446,25.836,0.025742,0.031432,0.015883,9.363,22.195
16.250000,3,65,2176.39,4.9169,0.21281,48.50,49.994,5.030,251.45,27.446,25.836,-0.002374,-0.005211,-0.003222,9.252,22.195
16.253906,3,65,2193.27,5.0442,0.22615,51.94,50.016,4.952,247.66,27.447,25.836,0.037646,0.024368,0.009302,9.551,22.195
16.257813,3,65,2202.77,5.1099,0.22485,51.87,49.995,5.096,254.75,27.447,25.836,-0.027102,-0.000068,-0.013704,9.510,22.195
16.261719,3,65,2216.53,5.1603,0.23156,53.75,49.992,4.992,249.56,27.448,25.836,-0.028343,-0.004146,-0.008388,9.729,22.195
16.265625,3,65,2238.01,5.3564,0.22598,52.96,49.981,5.081,253.95,27.448,25.836,-0.024883,-0.007675,-0.004697,9.722,22.195
16.269531,3,65,2250.67,5.1623,0.23359,55.05,49.990,5.097,254.81,27.448,25.836,0.022270,-0.000843,-0.015080,9.832,22.195
16.273438,3,65,2270.09,5.3669,0.23163,55.06,49.987,5.132,256.51,27.449,25.836,-0.029186,-0.011219,-0.002807,9.747,22.195
16.277344,3,65,2283.09,5.5452,0.23331,55.78,49.969,5.208,260.23,27.449,25.837,0.001487,-0.004684,-0.012907,9.939,22.195
16.281250,3,65,2296.39,5.5402,0.23144,55.66,49.962,5.175,258.57,27.450,25.837,0.038071,0.027372,0.012622,9.941,22.195
16.285156,3,65,2319.75,5.6680,0.23758,57.71,49.951,5.275,263.51,27.450,25.837,-0.013290,-0.029632,0.015194,10.052,22.195
16.289063,3,65,2338.83,5.7426,0.24054,58.91,49.973,5.243,262.01,27.451,25.837,-0.006650,0.015261,-0.001756,10.241,22.195
16.292969,3,65,2338.29,5.6849,0.24735,60.57,49.950,5.354,267.45,27.451,25.837,-0.004473,0.012108,0.001463,10.085,22.195
16.296875,3,65,2370.80,5.8559,0.24461,60.73,49.961,5.395,269.55,27.452,25.838,-0.006259,0.006247,-0.004274,10.262,22.195
16.300781,3,65,2372.33,5.8854,0.26429,65.66,49.955,5.365,268.01,27.452,25.838,-0.010144,-0.027226,0.011087,10.427,22.196
16.304688,3,65,2393.08,6.0142,0.26434,66.24,49.934,5.516,275.43,27.453,25.838,0.016287,-0.000272,-0.018799,10.443,22.196
16.308594,3,65,2405.78,6.1014,0.26105,65.77,49.940,5.548,277.07,27.454,25.839,-0.017997,0.002436,-0.006594,10.438,22.196
16.312500,3,65,2427.23,6.1711,0.25735,65.41,49.928,5.445,271.84,27.454,25.839,-0.022039,0.005581,-0.011793,10.588,22.196
16.316406,3,65,2431.88,6.1787,0.27254,69.41,49.970,5.379,268.77,27.455,25.839,0.013378,-0.003760,-0.015693,10.562,22.196
16.320313,3,65,2451.35,6.2777,0.27253,69.96,49.957,5.474,273.46,27.456,25.839,-0.029767,-0.002826,-0.013053,10.623,22.196
16.324219,3,65,2462.28,6.2654,0.27461,70.81,49.922,5.581,278.63,27.456,25.840,-0.018881,0.005028,-0.011376,10.618,22.196
16.328125,3,65,2482.63,6.3962,0.28345,73.69,49.924,5.610,280.09,27.457,25.840,-0.011253,-0.036227,0.015568,10.786,22.196
16.332031,3,65,2491.19,6.5708,0.27049,70.56,49.926,5.712,285.19,27.458,25.841,0.040198,0.031668,0.020006,10.849,22.196
16.335938,3,65,2507.26,6.6124,0.28391,74.54,49.923,5.816,290.37,27.459,25.841,-0.020713,-0.028434,0.014216,10.991,22.196
16.339844,3,65,2512.04,6.6146,0.29833,78.48,49.939,5.697,284.48,27.459,25.841,0.038357,0.036178,0.018804,10.956,22.196
16.343750,3,65,2528.72,6.7086,0.28450,75.34,49.932,5.795,289.38,27.460,25.842,-0.033442,-0.001573,-0.019481,11.031,22.196
16.347656,3,65,2540.27,6.6883,0.29478,78.42,49.905,5.920,295.46,27.461,25.843,0.039363,0.032477,0.015018,10.950,22.196
16.351563,3,65,2556.77,6.8411,0.29421,78.77,49.945,5.910,295.17,27.462,25.843,-0.032918,0.000387,-0.018084,11.031,22.196
16.355469,3,65,2568.19,6.9077,0.30392,81.74,49.911,5.949,296.93,27.463,25.844,0.029355,0.038439,0.019022,11.164,22.196
16.359375,3,65,2578.14,6.9762,0.30313,81.84,49.922,6.056,302.31,27.464,25.844,-0.007228,0.010843,-0.004796,11.202,22.196
16.363281,3,65,2592.58,7.0345,0.29950,81.31,49.942,5.891,294.23,27.465,25.845,0.028382,0.032931,0.016593,11.296,22.196
16.367188,3,65,2612.46,7.1492,0.29832,81.61,49.915,6.048,301.88,27.466,25.845,-0.017979,-0.030211,0.011891,11.299,22.196
16.371094,3,65,2619.93,7.1752,0.31422,86.21,49.891,6.019,300.27,27.467,25.846,-0.034753,0.003463,-0.018331,11.352,22.196
16.375000,3,65,2636.94,7.2630,0.30698,84.77,49.908,6.261,312.49,27.468,25.847,-0.019387,-0.021436,0.006455,11.448,22.196
16.378906,3,65,2649.18,7.3347,0.31789,88.19,49.901,6.074,303.11,27.469,25.847,0.043316,0.020290,0.005624,11.627,22.196
16.382813,3,65,2655.96,7.4166,0.31536,87.71,49.911,6.161,307.51,27.470,25.848,0.041704,0.013274,-0.000596,11.655,22.196
16.386719,3,65,2662.94,7.3565,0.31618,88.17,49.865,6.204,309.37,27.471,25.849,0.026299,-0.001115,-0.017001,11.595,22.196
16.390625,3,65,2684.29,7.4457,0.32136,90.33,49.866,6.392,318.73,27.472,25.850,0.025319,0.001536,-0.018215,11.601,22.196
16.394531,3,65,2690.22,7.5418,0.32085,90.39,49.918,6.324,315.67,27.474,25.850,0.035683,0.037457,0.018011,11.653,22.196
16.398438,3,65,2710.16,7.7217,0.33953,96.36,49.866,6.496,323.93,27.475,25.851,-0.029441,-0.015061,-0.002910,11.832,22.196
16.402344,3,65,2717.49,7.7579,0.33066,94.10,49.886,6.502,324.36,27.476,25.852,-0.026317,0.002954,-0.014957,11.917,22.196
16.406250,3,65,2734.16,7.8547,0.33694,96.47,49.868,6.503,324.31,27.477,25.853,-0.017296,-0.034671,0.016889,11.923,22.196
16.410156,3,65,2737.97,7.9208,0.33674,96.55,49.861,6.405,319.37,27.479,25.854,-0.032882,0.001644,-0.021240,11.928,22.196
16.414063,3,65,2755.89,8.0134,0.34047,98.26,49.864,6.520,325.12,27.480,25.855,-0.020207,0.006052,-0.008932,11.977,22.196
16.417969,3,65,2768.96,7.9788,0.33159,96.15,49.842,6.520,324.95,27.481,25.855,-0.025685,-0.020801,0.002541,12.070,22.196
16.421875,3,65,2773.81,8.1409,0.35469,103.03,49.863,6.504,324.30,27.482,25.856,0.044170,0.019382,0.004012,12.139,22.196
16.425781,3,65,2785.03,8.0732,0.35444,103.37,49.873,6.573,327.80,27.484,25.857,-0.004433,-0.011119,-0.003965,12.085,22.196
16.429688,3,65,2793.86,8.2838,0.34611,101.26,49.842,6.677,332.80,27.485,25.858,0.024609,0.033328,0.020035,12.142,22.196
16.433594,3,65,2802.16,8.1856,0.35602,104.47,49.866,6.707,334.46,27.487,25.859,-0.005024,-0.024087,0.009955,12.135,22.196
16.437500,3,65,2806.62,8.1841,0.36241,106.52,49.851,6.704,334.22,27.488,25.860,-0.026745,0.005122,-0.013627,12.192,22.196
16.441406,3,65,2826.21,8.3548,0.36383,107.68,49.821,6.770,337.28,27.489,25.861,-0.003546,-0.011132,-0.001364,12.277,22.196
16.445313,3,65,2829.30,8.3635,0.36062,106.84,49.856,6.713,334.67,27.491,25.862,-0.007453,-0.017034,0.006375,12.369,22.196
16.449219,3,65,2846.43,8.6181,0.36057,107.48,49.870,6.711,334.66,27.492,25.863,0.011943,-0.001038,-0.020080,12.358,22.196
16.453125,3,65,2856.51,8.5295,0.36324,108.66,49.874,6.742,336.24,27.494,25.864,0.020820,-0.002887,-0.021121,12.390,22.196
16.457031,3,65,2871.47,8.6839,0.36560,109.94,49.814,6.972,347.29,27.495,25.865,-0.018754,-0.036979,0.022681,12.482,22.196
16.460938,3,65,2878.13,8.7885,0.37026,111.59,49.846,6.872,342.54,27.497,25.866,-0.017037,-0.037992,0.021181,12.632,22.196
16.464844,3,65,2892.48,8.7851,0.37212,112.71,49.839,6.868,342.28,27.498,25.867,-0.034230,-0.005271,-0.008600,12.617,22.196
16.468750,3,65,2895.15,8.8188,0.36482,110.61,49.825,7.035,350.50,27.500,25.869,-0.023134,-0.027935,0.011640,12.595,22.196
16.472656,3,65,2910.21,8.7782,0.37051,112.92,49.830,6.909,344.28,27.501,25.870,0.001411,0.025035,0.007555,12.637,22.196
16.476563,3,65,2925.06,9.0567,0.40252,123.30,49.810,7.022,349.78,27.503,25.871,0.034085,0.003318,-0.010348,12.727,22.196
16.480469,3,65,2925.57,8.9276,0.39164,119.98,49.831,6.956,346.61,27.505,25.872,-0.013617,-0.042282,0.021848,12.817,22.196
16.484375,3,65,2940.06,9.1731,0.39448,121.45,49.836,7.150,356.35,27.506,25.873,-0.035616,0.000047,-0.012236,12.824,22.196
16.488281,3,65,2940.65,9.0699,0.38589,118.83,49.822,7.171,357.26,27.508,25.874,0.042155,0.040005,0.021339,12.984,22.196
16.492188,3,65,2952.07,9.0816,0.39696,122.72,49.831,7.156,356.59,27.510,25.875,-0.004777,-0.011557,-0.005048,12.997,22.196
16.496094,3,65,2968.51,9.2524,0.39812,123.76,49.808,7.233,360.24,27.511,25.877,0.051688,0.031725,0.016584,12.892,22.196
16.500000,3,65,2968.03,9.2682,0.39953,124.18,49.803,7.197,358.45,27.513,25.878,0.045231,0.013394,-0.003685,12.855,22.196
16.503906,3,65,2985.04,9.4071,0.39656,123.96,49.802,7.221,359.62,27.515,25.879,0.038050,0.039449,0.022126,13.036,22.196
16.507813,3,65,2979.65,9.3289,0.39889,124.47,49.791,7.310,363.95,27.516,25.881,-0.038316,0.001280,-0.017798,13.071,22.196
16.511719,3,65,3000.07,9.4645,0.40069,125.88,49.785,7.310,363.94,27.518,25.882,-0.019012,-0.041307,0.021364,12.936,22.196
16.515625,3,65,3014.83,9.4946,0.40724,128.57,49.807,7.254,361.29,27.520,25.883,-0.031747,0.001971,-0.018781,13.196,22.196
16.519531,3,65,3017.87,9.5738,0.41530,131.25,49.770,7.251,360.86,27.522,25.884,-0.027170,0.001872,-0.014497,13.182,22.196
16.523438,3,65,3030.55,9.6574,0.40503,128.54,49.803,7.271,362.11,27.523,25.886,-0.014533,-0.042405,0.021589,13.077,22.196
16.527344,3,65,3031.80,9.6337,0.40379,128.20,49.785,7.376,367.20,27.525,25.887,0.045880,0.034518,0.018866,13.252,22.196
16.531250,3,65,3043.13,9.6931,0.41739,133.01,49.781,7.443,370.50,27.527,25.888,-0.005223,-0.014629,-0.004852,13.307,22.196
16.535156,3,65,3056.97,9.7311,0.42631,136.47,49.763,7.497,373.05,27.529,25.890,-0.008886,-0.016841,-0.001409,13.216,22.196
16.539063,3,65,3065.32,9.8683,0.42234,135.57,49.806,7.348,366.00,27.531,25.891,-0.008811,0.018201,0.002652,13.315,22.196
16.542969,3,65,3065.67,9.8458,0.42502,136.45,49.782,7.362,366.47,27.533,25.892,0.037463,0.003013,-0.014138,13.410,22.196
16.546875,3,65,3080.99,10.0160,0.42666,137.66,49.797,7.428,369.88,27.534,25.894,-0.025582,-0.023775,0.007297,13.528,22.196
16.550781,3,65,3090.46,10.0886,0.42323,136.97,49.781,7.481,372.41,27.536,25.895,-0.008562,-0.027419,0.009440,13.372,22.196
16.554688,3,65,3089.17,10.0264,0.43304,140.09,49.758,7.571,376.74,27.538,25.896,0.015323,-0.001869,-0.021975,13.452,22.196
16.558594,3,65,3098.89,10.0643,0.44101,143.11,49.770,7.555,376.00,27.540,25.898,0.042154,0.009585,-0.004959,13.379,22.196
16.562500,3,65,3115.98,10.2738,0.43390,141.58,49.785,7.588,377.75,27.542,25.899,0.048993,0.036674,0.016746,13.549,22.196
16.566406,3,65,3129.05,10.2718,0.44961,147.33,49.772,7.783,387.39,27.544,25.901,-0.010620,0.016136,-0.002884,13.693,22.196
16.570313,3,65,3119.96,10.2728,0.42859,140.03,49.765,7.609,378.67,27.546,25.902,-0.020571,-0.034281,0.014165,13.532,22.196
16.574219,3,65,3141.09,10.3019,0.44021,144.80,49.772,7.688,382.67,27.548,25.904,-0.028974,-0.019701,0.007846,13.682,22.196
16.578125,3,65,3144.31,10.3275,0.44695,147.17,49.784,7.720,384.35,27.550,25.905,-0.036906,-0.001376,-0.020433,13.572,22.196
16.582031,3,65,3149.07,10.4866,0.44111,145.46,49.754,7.676,381.92,27.552,25.907,0.028266,-0.002130,-0.020377,13.608,22.196
16.585938,3,65,3155.47,10.3496,0.46172,152.57,49.742,7.752,385.60,27.554,25.908,0.033918,0.001316,-0.019219,13.590,22.196
16.589844,3,65,3159.29,10.4604,0.45040,149.01,49.749,7.740,385.08,27.556,25.910,-0.012495,-0.038841,0.021637,13.753,22.196
16.593750,3,65,3164.44,10.4982,0.45052,149.29,49.772,7.658,381.15,27.558,25.911,0.049379,0.029598,0.010040,13.750,22.196
16.597656,3,65,3174.22,10.5512,0.45966,152.79,49.758,7.829,389.55,27.560,25.913,0.038198,0.045184,0.026277,13.901,22.196
16.601563,3,65,3177.60,10.5958,0.46579,154.99,49.769,7.788,387.63,27.562,25.914,0.046003,0.013645,-0.007138,13.788,22.197
16.605469,3,65,3196.78,10.6340,0.45971,153.90,49.753,7.818,388.99,27.564,25.916,-0.039431,-0.006635,-0.010049,13.963,22.197
16.609375,3,65,3201.83,10.7834,0.45329,151.99,49.725,7.812,388.43,27.566,25.917,0.014184,0.000262,-0.023896,13.889,22.197
16.613281,3,65,3200.02,10.8081,0.46380,155.42,49.729,7.908,393.23,27.569,25.919,0.029970,0.040591,0.022622,13.978,22.197
16.617188,3,65,3213.76,10.8240,0.47016,158.23,49.761,7.867,391.48,27.571,25.921,0.033665,0.040849,0.023884,13.962,22.197
16.621094,3,65,3221.56,10.9537,0.46343,156.34,49.727,7.960,395.84,27.573,25.922,-0.003140,-0.007774,-0.007270,14.009,22.197
16.625000,3,65,3232.50,11.0808,0.46967,158.99,49.762,7.935,394.86,27.575,25.924,-0.028992,-0.026018,0.006137,14.115,22.197
16.628906,3,65,3228.41,10.9543,0.46669,157.78,49.751,8.017,398.88,27.577,25.925,-0.039319,-0.004992,-0.011601,14.052,22.197
16.632813,3,65,3230.79,11.0106,0.48130,162.84,49.771,8.021,399.23,27.579,25.927,-0.020385,-0.043012,0.019520,13.947,22.197
16.636719,3,65,3249.98,11.0678,0.47761,162.55,49.748,8.019,398.93,27.581,25.929,0.053972,0.034767,0.014433,14.094,22.197
16.640625,3,65,3258.00,11.1053,0.48518,165.53,49.738,8.097,402.72,27.584,25.930,-0.016199,-0.044114,0.023858,14.204,22.197
16.644531,3,65,3262.39,11.1540,0.47558,162.48,49.721,8.119,403.69,27.586,25.932,0.017253,0.032795,0.017150,14.250,22.197
16.648438,3,65,3270.95,11.2838,0.47681,163.32,49.750,8.004,398.21,27.588,25.934,-0.017954,-0.042008,0.022650,14.248,22.197
16.652344,3,65,3279.74,11.3673,0.47852,164.35,49.752,8.032,399.60,27.590,25.935,0.037275,0.000761,-0.016682,14.268,22.197
16.656250,3,65,3287.76,11.4479,0.49189,169.36,49.710,8.164,405.83,27.593,25.937,-0.034438,-0.016782,0.004017,14.254,22.197
16.660156,3,65,3282.51,11.3888,0.48406,166.39,49.746,8.114,403.66,27.595,25.939,-0.005624,-0.014469,-0.003045,14.258,22.197
16.664063,3,65,3287.88,11.2366,0.49012,168.75,49.731,8.207,408.14,27.597,25.941,0.052718,0.031691,0.013771,14.300,22.197
16.667969,3,65,3309.23,11.4873,0.48773,169.02,49.725,8.339,414.64,27.600,25.942,0.028696,-0.002063,-0.023098,14.288,22.197
16.671875,3,65,3311.39,11.4691,0.49533,171.76,49.735,8.208,408.23,27.602,25.944,0.049290,0.039953,0.023475,14.454,22.197
16.675781,3,65,3317.60,11.5441,0.48906,169.91,49.697,8.336,414.26,27.604,25.946,0.032099,0.043317,0.022937,14.404,22.197
16.679688,3,65,3317.74,11.4995,0.49713,172.72,49.760,8.145,405.31,27.606,25.948,0.022048,0.000846,-0.024498,14.450,22.197
16.683594,3,65,3319.53,11.6375,0.49779,173.04,49.703,8.334,414.23,27.609,25.950,0.023133,0.036963,0.017813,14.388,22.197
16.687500,3,65,3326.58,11.5935,0.48587,169.26,49.738,8.255,410.57,27.611,25.951,0.051680,0.015134,0.002071,14.614,22.197
16.691406,3,65,3343.82,11.7608,0.49480,173.26,49.693,8.337,414.29,27.614,25.953,0.046111,0.011875,-0.004993,14.648,22.197
16.695313,3,65,3338.22,11.6828,0.49466,172.92,49.721,8.242,409.80,27.616,25.955,-0.036097,0.001544,-0.016515,14.375,22.197
16.699219,3,65,3350.68,11.7172,0.50474,177.10,49.738,8.287,412.17,27.618,25.957,-0.014382,-0.046412,0.024021,14.593,22.197
16.703125,3,65,3356.69,11.7627,0.51232,180.09,49.725,8.269,411.17,27.621,25.958,-0.008277,-0.017425,-0.000124,14.559,22.197
16.707031,3,65,3367.21,11.8827,0.51585,181.90,49.721,8.308,413.09,27.623,25.960,-0.017967,-0.047782,0.022562,14.618,22.197
16.710938,3,65,3373.37,11.9328,0.50611,178.79,49.737,8.398,417.68,27.625,25.962,-0.012384,-0.041604,0.020560,14.669,22.197
16.714844,3,65,3373.93,12.0072,0.51899,183.37,49.706,8.473,421.15,27.628,25.964,-0.024921,0.003391,-0.009185,14.728,22.197
16.718750,3,65,3379.90,11.9477,0.50549,178.91,49.694,8.454,420.13,27.630,25.966,-0.042654,0.003562,-0.023281,14.615,22.197
16.722656,3,65,3388.20,12.1056,0.51415,182.43,49.697,8.549,424.87,27.633,25.968,0.018015,-0.001723,-0.025252,14.832,22.197
16.726563,3,65,3392.70,12.1607,0.51431,182.72,49.688,8.682,431.42,27.635,25.970,-0.045366,0.001250,-0.025310,14.749,22.197
16.730469,3,65,3390.48,12.1343,0.53271,189.14,49.690,8.583,426.49,27.638,25.972,0.002606,-0.004311,-0.014758,14.839,22.197
16.734375,3,65,3384.08,12.0659,0.50693,179.64,49.711,8.454,420.27,27.640,25.974,-0.040074,0.002326,-0.023424,14.758,22.197
16.738281,3,65,3401.44,12.2112,0.51885,184.81,49.687,8.591,426.88,27.643,25.975,-0.029714,0.002782,-0.014884,14.834,22.197
16.742188,3,65,3404.72,12.1988,0.52160,185.97,49.670,8.517,423.02,27.645,25.977,0.026176,0.039043,0.020393,14.755,22.197
16.746094,3,65,3421.02,12.2288,0.54266,194.41,49.668,8.552,424.76,27.648,25.979,-0.044285,0.002954,-0.023466,14.854,22.197
16.750000,3,65,3411.60,12.2741,0.52832,188.75,49.678,8.592,426.84,27.650,25.981,0.003545,-0.002208,-0.012457,14.864,22.197
16.753906,3,65,3424.90,12.3848,0.53609,192.27,49.699,8.715,433.11,27.653,25.983,0.016573,-0.004130,-0.024437,14.905,22.197
16.757813,3,65,3434.81,12.3760,0.53285,191.66,49.685,8.723,433.41,27.655,25.985,0.016902,-0.001799,-0.023618,14.992,22.197
16.761719,3,65,3426.89,12.3651,0.52863,189.70,49.697,8.553,425.05,27.658,25.987,0.015817,-0.001428,-0.024104,15.001,22.197
16.765625,3,65,3432.57,12.2692,0.52469,188.60,49.684,8.669,430.72,27.660,25.989,0.056960,0.032224,0.011697,14.907,22.197
16.769531,3,65,3434.87,12.3336,0.51958,186.89,49.669,8.620,428.14,27.663,25.991,0.016477,0.039321,0.015962,15.010,22.197
16.773438,3,65,3450.12,12.5108,0.53131,191.96,49.701,8.701,432.48,27.666,25.993,-0.012286,-0.035511,0.012034,14.996,22.197
16.777344,3,65,3464.14,12.5587,0.54021,195.97,49.675,8.835,438.87,27.668,25.995,-0.026884,-0.033683,0.015319,15.161,22.197
16.781250,3,65,3456.09,12.5017,0.53555,193.83,49.686,8.653,429.94,27.671,25.997,-0.022755,-0.044683,0.020521,15.019,22.197
16.785156,3,65,3460.13,12.4840,0.53625,194.31,49.685,8.667,430.62,27.673,25.999,0.000484,0.025202,0.008446,14.979,22.197
16.789063,3,65,3469.68,12.6715,0.54229,197.04,49.668,8.852,439.65,27.676,26.001,-0.033817,0.000242,-0.022756,15.167,22.197
16.792969,3,65,3475.42,12.6104,0.55154,200.73,49.696,8.768,435.76,27.679,26.003,-0.036541,-0.014894,-0.003803,15.060,22.197
16.796875,3,65,3471.88,12.6504,0.54450,197.97,49.709,8.720,433.48,27.681,26.005,-0.013566,0.012651,0.000040,15.060,22.197
16.800781,3,65,3477.89,12.6405,0.53664,195.44,49.692,8.848,439.67,27.684,26.007,-0.039755,0.002156,-0.025191,15.140,22.197
16.804688,3,65,3480.83,12.7219,0.53801,196.11,49.659,8.894,441.66,27.687,26.009,-0.029513,0.008004,-0.013828,15.123,22.197
16.808594,3,65,3486.72,12.7388,0.54706,199.75,49.683,8.855,439.92,27.689,26.011,-0.044091,0.001918,-0.020948,15.244,22.197
16.812500,3,65,3497.96,12.8651,0.54195,198.52,49.666,8.807,437.41,27.692,26.013,0.054589,0.032094,0.013625,15.106,22.197
16.816406,3,65,3489.24,12.7983,0.54585,199.45,49.695,8.770,435.84,27.694,26.015,-0.011823,0.013292,-0.003429,15.147,22.197
16.820313,3,65,3498.82,12.9114,0.55550,203.53,49.664,8.977,445.82,27.697,26.017,-0.041322,0.000402,-0.022490,15.299,22.197
16.824219,3,65,3501.53,12.7736,0.55425,203.23,49.679,8.804,437.39,27.700,26.019,-0.043066,0.000251,-0.024796,15.274,22.197
16.828125,3,65,3509.90,12.9438,0.55070,202.41,49.669,8.807,437.42,27.702,26.021,-0.001581,-0.005698,-0.009296,15.305,22.197
16.832031,3,65,3512.03,12.9668,0.55947,205.76,49.645,8.977,445.64,27.705,26.024,0.044868,0.008212,-0.012096,15.307,22.197
16.835938,3,65,3518.20,13.0077,0.55811,205.62,49.683,8.920,443.15,27.708,26.026,0.053677,0.017711,-0.001254,15.380,22.197
16.839844,3,65,3527.15,12.9872,0.55380,204.55,49.679,8.969,445.57,27.711,26.028,-0.015746,0.012238,-0.001099,15.406,22.197
16.843750,3,65,3534.85,13.1668,0.56781,210.19,49.669,8.928,443.45,27.713,26.030,0.019260,-0.003510,-0.025498,15.260,22.197
16.847656,3,65,3529.23,13.0596,0.55135,203.77,49.661,8.959,444.90,27.716,26.032,0.004966,0.026458,0.011261,15.326,22.197
16.851563,3,65,3522.30,12.9596,0.55019,202.94,49.675,8.954,444.78,27.719,26.034,0.034454,-0.001350,-0.017133,15.354,22.197
16.855469,3,65,3540.80,13.2662,0.57830,214.43,49.670,9.149,454.44,27.722,26.036,-0.034667,-0.017564,0.002306,15.527,22.197
16.859375,3,65,3541.35,13.2341,0.57438,213.01,49.643,9.015,447.52,27.724,26.038,0.046488,0.051049,0.024874,15.398,22.197
16.863281,3,65,3547.44,13.3000,0.56929,211.49,49.671,9.134,453.68,27.727,26.041,0.021928,0.040284,0.020075,15.532,22.197
16.867188,3,65,3550.62,13.1879,0.57086,212.26,49.636,9.103,451.86,27.730,26.043,0.055924,0.034930,0.016615,15.440,22.197
16.871094,3,65,3553.33,13.3118,0.57554,214.16,49.639,9.085,450.98,27.733,26.045,0.055443,0.040752,0.020476,15.457,22.197
16.875000,3,65,3558.99,13.2759,0.56215,209.51,49.672,8.946,444.38,27.735,26.047,-0.007061,0.018093,0.003183,15.558,22.197
16.878906,3,65,3560.08,13.2371,0.56466,210.51,49.660,9.066,450.22,27.738,26.049,-0.008902,-0.036214,0.017192,15.438,22.197
16.882813,3,65,3573.84,13.4940,0.58447,218.74,49.674,9.156,454.81,27.741,26.051,-0.021483,-0.045354,0.021727,15.605,22.197
16.886719,3,65,3563.24,13.3159,0.56758,211.79,49.656,9.078,450.78,27.744,26.053,-0.040602,0.000343,-0.024563,15.387,22.197
16.890625,3,65,3570.92,13.4714,0.56532,211.40,49.659,9.186,456.15,27.747,26.056,0.043246,0.001864,-0.014467,15.530,22.197
16.894531,3,65,3570.54,13.3478,0.57588,215.33,49.627,9.086,450.90,27.749,26.058,0.006666,0.000696,-0.020784,15.519,22.197
16.898438,3,65,3582.07,13.4132,0.57880,217.12,49.652,9.110,452.34,27.752,26.060,-0.040156,-0.001050,-0.025297,15.658,22.197
16.902344,3,65,3580.16,13.4172,0.58598,219.69,49.657,9.181,455.92,27.755,26.062,-0.015315,-0.046523,0.022581,15.545,22.197
16.906250,3,65,3579.45,13.3888,0.58403,218.92,49.666,9.177,455.80,27.758,26.064,-0.017776,-0.049832,0.025359,15.565,22.197
16.910156,3,65,3584.58,13.4757,0.58113,218.14,49.646,9.265,459.99,27.761,26.067,0.041984,0.002547,-0.016412,15.485,22.197
16.914063,3,65,3596.99,13.5336,0.59785,225.20,49.626,9.180,455.59,27.764,26.069,0.011246,0.027566,0.013739,15.612,22.197
16.917969,3,65,3600.28,13.6703,0.59458,224.17,49.650,9.116,452.59,27.766,26.071,0.055710,0.034189,0.013030,15.643,22.197
16.921875,3,65,3600.57,13.6287,0.59504,224.36,49.654,9.121,452.92,27.769,26.073,-0.008394,-0.023747,0.007488,15.656,22.197
16.925781,3,65,3599.03,13.5714,0.58796,221.60,49.655,9.259,459.74,27.772,26.075,0.038854,0.002676,-0.017985,15.692,22.197
16.929688,3,65,3599.50,13.7014,0.58222,219.46,49.647,9.257,459.60,27.775,26.078,-0.026617,-0.038651,0.016445,15.737,22.197
16.933594,3,65,3606.80,13.6397,0.59119,223.29,49.643,9.320,462.65,27.778,26.080,-0.015821,0.010721,-0.003777,15.719,22.197
16.937500,3,65,3619.10,13.6908,0.59271,224.63,49.617,9.333,463.06,27.781,26.082,-0.027639,-0.041612,0.018588,15.822,22.197
16.941406,3,65,3624.42,13.7444,0.59302,225.08,49.617,9.259,459.41,27.784,26.084,0.005837,-0.000260,-0.021995,15.762,22.197
16.945313,3,65,3614.79,13.7732,0.58719,222.27,49.642,9.295,461.42,27.787,26.087,-0.032095,0.003545,-0.015336,15.835,22.197
16.949219,3,65,3622.35,13.8153,0.59668,226.34,49.649,9.346,464.05,27.789,26.089,0.036643,0.003303,-0.019244,15.728,22.197
16.953125,3,65,3622.95,13.7831,0.58822,223.17,49.608,9.325,462.61,27.792,26.091,-0.030850,-0.029483,0.011802,15.728,22.198
16.957031,3,65,3631.61,13.9098,0.59233,225.26,49.652,9.300,461.75,27.795,26.093,0.010581,-0.000740,-0.024027,15.670,22.198
16.960938,3,65,3627.99,13.8208,0.58881,223.70,49.615,9.322,462.49,27.798,26.096,-0.012899,-0.051365,0.027307,15.695,22.198
16.964844,3,65,3623.52,13.7159,0.59341,225.17,49.645,9.215,457.48,27.801,26.098,-0.015912,-0.041309,0.024095,15.770,22.198
16.968750,3,65,3636.70,13.9107,0.60610,230.82,49.644,9.228,458.12,27.804,26.100,-0.012892,-0.034857,0.013401,15.744,22.198
16.972656,3,65,3634.78,13.8327,0.58472,222.56,49.628,9.406,466.82,27.807,26.102,0.052025,0.020585,0.002457,15.648,22.198
16.976563,3,65,3639.64,13.7534,0.59280,225.94,49.636,9.310,462.13,27.810,26.105,-0.048553,-0.001695,-0.024159,15.824,22.198
16.980469,3,65,3648.31,13.9265,0.59404,226.95,49.640,9.384,465.84,27.813,26.107,-0.015420,-0.035836,0.015681,15.838,22.198
16.984375,3,65,3650.55,13.9291,0.59099,225.93,49.626,9.492,471.05,27.816,26.109,0.010227,-0.002077,-0.020169,15.905,22.198
16.988281,3,65,3660.68,14.0226,0.60777,232.99,49.646,9.350,464.18,27.819,26.112,-0.006601,-0.026262,0.008610,15.929,22.198
16.992188,3,65,3664.82,14.1316,0.60925,233.82,49.627,9.354,464.19,27.821,26.114,-0.036423,0.004412,-0.019974,15.989,22.198
16.996094,3,65,3649.28,13.9153,0.60189,230.01,49.628,9.352,464.10,27.824,26.116,-0.042971,-0.007303,-0.007258,15.758,22.198
17.000000,3,65,3666.19,14.0684,0.61084,234.52,49.612,9.380,465.36,27.827,26.118,-0.043861,-0.004556,-0.016266,15.973,22.198
17.003906,3,65,3667.04,14.1866,0.60681,233.02,49.659,9.412,467.40,27.830,26.121,0.049945,0.006378,-0.010487,16.053,22.198
17.007813,3,65,3666.25,14.0062,0.60115,230.80,49.621,9.484,470.59,27.833,26.123,0.044061,0.004089,-0.014151,15.971,22.198
17.011719,3,65,3668.80,14.0420,0.61220,235.20,49.630,9.575,475.20,27.836,26.125,0.053783,0.016529,-0.002639,15.930,22.198
17.015625,3,65,3678.40,14.3089,0.61832,238.18,49.658,9.414,467.50,27.839,26.128,0.053821,0.030961,0.008113,15.966,22.198
17.019531,3,65,3675.99,14.2814,0.61542,236.90,49.640,9.481,470.65,27.842,26.130,-0.037721,-0.009446,-0.010268,15.974,22.198
17.023438,3,65,3671.42,14.1769,0.60305,231.86,49.617,9.457,469.21,27.845,26.132,-0.032236,-0.025770,0.011733,15.939,22.198
17.027344,3,65,3681.20,14.2663,0.61535,237.22,49.616,9.516,472.13,27.848,26.135,-0.036589,-0.025806,0.007312,15.977,22.198
17.031250,3,65,3680.97,14.1458,0.61642,237.61,49.585,9.555,473.78,27.851,26.137,-0.044279,0.003079,-0.023174,16.118,22.198
17.035156,3,65,3691.44,14.2489,0.61089,236.15,49.630,9.429,467.97,27.854,26.139,0.042294,0.053676,0.025131,16.156,22.198
17.039063,3,65,3698.69,14.3541,0.61765,239.23,49.610,9.604,476.47,27.857,26.142,0.008507,-0.002102,-0.019048,16.086,22.198
17.042969,3,65,3689.48,14.2795,0.61832,238.89,49.625,9.433,468.12,27.860,26.144,0.008344,0.033365,0.014198,16.007,22.198
17.046875,3,65,3682.80,14.1526,0.61813,238.39,49.635,9.551,474.08,27.863,26.146,0.018084,-0.000009,-0.025543,16.064,22.198
17.050781,3,65,3696.62,14.3732,0.62413,241.61,49.604,9.538,473.12,27.866,26.149,-0.012134,-0.035351,0.016133,15.993,22.198
17.054688,3,65,3690.04,14.3540,0.61232,236.61,49.642,9.613,477.20,27.869,26.151,-0.039217,0.004989,-0.021702,16.065,22.198
17.058594,3,65,3696.21,14.3530,0.62252,240.96,49.631,9.451,469.07,27.872,26.153,-0.038637,-0.000826,-0.023134,16.025,22.198
17.062500,3,65,3699.12,14.3721,0.59975,232.33,49.606,9.544,473.44,27.875,26.156,-0.016438,0.012956,-0.005076,16.195,22.198
17.066406,3,65,3700.17,14.3881,0.60789,235.55,49.605,9.639,478.13,27.878,26.158,-0.008936,-0.026087,0.009754,16.159,22.198
17.070313,3,65,3713.54,14.5225,0.62549,243.24,49.612,9.578,475.20,27.881,26.160,-0.013498,-0.042494,0.020776,16.243,22.198
17.074219,3,65,3713.74,14.4831,0.62713,243.89,49.615,9.548,473.75,27.884,26.163,-0.047246,0.000588,-0.028082,16.202,22.198
17.078125,3,65,3709.00,14.4236,0.63100,245.08,49.607,9.660,479.19,27.887,26.165,-0.039797,-0.012395,-0.003687,16.223,22.198
17.082031,3,65,3712.76,14.4977,0.61811,240.32,49.628,9.635,478.18,27.890,26.167,0.022359,0.038041,0.020544,16.221,22.198
17.085938,3,65,3710.36,14.4821,0.62800,244.01,49.628,9.522,472.56,27.893,26.170,-0.018377,-0.048105,0.027547,16.204,22.198
17.089844,3,65,3712.96,14.5045,0.62832,244.30,49.630,9.588,475.85,27.896,26.172,-0.016488,-0.046976,0.026759,16.155,22.198
17.093750,3,65,3721.29,14.5428,0.62139,242.15,49.623,9.528,472.82,27.899,26.174,0.059349,0.029164,0.009281,16.141,22.198
17.097656,3,65,3725.26,14.4361,0.62428,243.54,49.641,9.734,483.22,27.902,26.177,-0.012820,-0.049536,0.024325,16.215,22.198
17.101563,3,65,3727.59,14.6537,0.63384,247.42,49.592,9.699,481.01,27.906,26.179,-0.004531,-0.018627,0.002621,16.213,22.198
17.105469,3,65,3733.22,14.5335,0.63133,246.81,49.598,9.843,488.19,27.909,26.182,0.026404,-0.001192,-0.026443,16.231,22.198
17.109375,3,65,3732.30,14.7481,0.62177,243.02,49.594,9.765,484.27,27.912,26.184,0.031928,0.001540,-0.021310,16.258,22.198
17.113281,3,65,3729.66,14.5182,0.62642,244.66,49.584,9.820,486.93,27.915,26.187,-0.046516,-0.000288,-0.021838,16.138,22.198
17.117188,3,65,3725.12,14.6270,0.62748,244.77,49.595,9.755,483.80,27.918,26.189,-0.040336,-0.011085,-0.007607,16.263,22.198
17.121094,3,65,3736.67,14.6053,0.62422,244.26,49.615,9.628,477.68,27.921,26.191,0.038899,0.003759,-0.016757,16.158,22.198
17.125000,3,65,3740.28,14.6639,0.63042,246.92,49.619,9.727,482.64,27.924,26.194,-0.016464,-0.047475,0.024834,16.198,22.198
17.128906,3,65,3749.81,14.8041,0.63388,248.91,49.562,9.832,487.29,27.927,26.196,-0.010801,-0.033045,0.016698,16.187,22.198
17.132813,3,65,3743.25,14.6982,0.64140,251.42,49.590,9.902,491.01,27.931,26.199,-0.037703,0.003135,-0.022291,16.209,22.198
17.136719,3,65,3745.43,14.7342,0.63107,247.52,49.621,9.677,480.17,27.934,26.201,-0.043580,-0.004675,-0.010842,16.166,22.198
17.140625,3,65,3730.39,14.6840,0.63330,247.39,49.608,9.796,485.98,27.937,26.204,-0.033411,-0.025389,0.005330,16.356,22.198
17.144531,3,65,3755.64,14.7222,0.62924,247.47,49.557,9.900,490.59,27.940,26.206,0.058245,0.041405,0.017750,16.283,22.198
17.148438,3,65,3753.48,14.7885,0.63838,250.92,49.600,9.708,481.52,27.943,26.208,-0.047520,-0.001018,-0.019311,16.265,22.198
17.152344,3,65,3761.80,14.8355,0.64541,254.25,49.626,9.794,486.02,27.946,26.211,0.005205,-0.004203,-0.018182,16.440,22.198
17.156250,3,65,3741.03,14.7115,0.62505,244.87,49.605,9.712,481.77,27.949,26.213,-0.034370,-0.022480,-0.000224,16.195,22.198
17.160156,3,65,3756.82,14.7613,0.63473,249.71,49.582,9.802,486.01,27.952,26.216,-0.006340,-0.022806,0.000467,16.289,22.198
17.164063,3,65,3751.88,14.7544,0.63664,250.13,49.586,9.840,487.95,27.956,26.218,0.030462,-0.002426,-0.026195,16.330,22.198
17.167969,3,65,3763.50,14.8012,0.63949,252.03,49.586,9.871,489.46,27.959,26.221,-0.046336,0.003264,-0.023075,16.357,22.198
17.171875,3,65,3765.74,14.9302,0.64277,253.47,49.555,9.872,489.20,27.962,26.223,-0.042451,-0.005634,-0.013292,16.360,22.198
17.175781,3,65,3759.20,14.8517,0.64347,253.31,49.567,9.815,486.52,27.965,26.226,0.054061,0.047895,0.024649,16.384,22.198
17.179688,3,65,3770.07,15.0032,0.65165,257.27,49.587,9.738,482.86,27.968,26.228,-0.011207,-0.023102,0.008560,16.316,22.198
17.183594,3,65,3769.69,14.9363,0.63927,252.36,49.569,9.907,491.07,27.971,26.230,-0.020107,-0.048770,0.023986,16.402,22.198
17.187500,3,65,3766.53,14.8940,0.63742,251.42,49.592,9.832,487.57,27.974,26.233,-0.012250,0.020008,0.001557,16.393,22.198
17.191406,3,65,3771.26,15.0698,0.63733,251.70,49.596,9.752,483.66,27.978,26.235,-0.014995,-0.048906,0.026125,16.459,22.198
17.195313,3,65,3776.14,15.0353,0.64105,253.50,49.602,9.816,486.88,27.981,26.238,0.056884,0.020066,0.001388,16.343,22.198
17.199219,3,65,3770.25,14.9280,0.63528,250.82,49.592,9.821,487.05,27.984,26.240,-0.046735,-0.005290,-0.018540,16.341,22.198
17.203125,3,65,3778.42,14.9828,0.64343,254.59,49.605,9.684,480.40,27.987,26.242,0.015602,0.000893,-0.027542,16.261,22.198
17.207031,3,65,3772.34,15.0120,0.63891,252.40,49.606,9.747,483.49,27.990,26.245,-0.044969,0.002478,-0.027197,16.397,22.198
17.210938,3,65,3787.86,15.0640,0.64146,254.44,49.601,9.990,495.49,27.993,26.247,-0.016092,-0.050536,0.024435,16.440,22.198
17.214844,3,65,3785.94,14.9748,0.64934,257.44,49.597,9.924,492.22,27.996,26.250,0.049367,0.003861,-0.011086,16.495,22.198
17.218750,3,65,3783.32,15.0239,0.62847,248.99,49.588,9.868,489.31,27.999,26.252,-0.043094,-0.005477,-0.012294,16.470,22.198
17.222656,3,65,3779.66,15.0299,0.64306,254.53,49.578,9.804,486.04,28.003,26.255,-0.021409,0.010753,-0.006866,16.408,22.198
17.226563,3,65,3794.16,15.1397,0.64771,257.35,49.584,9.804,486.11,28.006,26.257,0.021178,-0.003638,-0.028379,16.431,22.198
17.230469,3,65,3784.07,15.0231,0.65309,258.80,49.594,9.830,487.54,28.009,26.260,-0.033350,-0.022321,0.002655,16.536,22.198
17.234375,3,65,3799.80,15.2399,0.64753,257.66,49.605,9.955,493.82,28.012,26.262,-0.008065,-0.013050,0.001279,16.393,22.198
17.238281,3,65,3793.69,15.2038,0.63946,254.04,49.612,10.021,497.16,28.015,26.265,-0.016220,0.016431,-0.001770,16.450,22.198
17.242188,3,65,3796.18,15.2188,0.64480,256.33,49.591,9.949,493.39,28.018,26.267,-0.030396,0.009131,-0.014797,16.576,22.198
17.246094,3,65,3795.19,15.1981,0.64486,256.29,49.552,9.931,492.13,28.022,26.270,-0.043310,0.002169,-0.023498,16.488,22.198
17.250000,3,65,3798.74,15.1593,0.65972,262.44,49.599,9.868,489.45,28.025,26.272,0.057257,0.040469,0.019078,16.564,22.198
17.253906,3,65,3793.06,15.0753,0.64762,257.24,49.586,9.929,492.32,28.028,26.274,-0.048070,-0.005710,-0.015068,16.475,22.198
17.257813,3,65,3795.79,15.1169,0.64593,256.75,49.586,9.881,489.96,28.031,26.277,-0.047535,0.003487,-0.022200,16.511,22.198
17.261719,3,65,3798.76,15.1916,0.65245,259.55,49.584,9.980,494.86,28.034,26.279,-0.038524,0.001611,-0.019878,16.463,22.198
17.265625,3,65,3808.43,15.1506,0.65884,262.76,49.582,9.976,494.63,28.037,26.282,-0.026504,0.007897,-0.014122,16.697,22.198
17.269531,3,65,3799.03,15.1632,0.66284,263.70,49.585,9.929,492.31,28.041,26.284,-0.005950,-0.019899,0.005231,16.492,22.198
17.273438,3,65,3804.72,15.2795,0.64866,258.45,49.595,10.085,500.18,28.044,26.287,0.015344,-0.001841,-0.028479,16.522,22.198
17.277344,3,65,3802.97,15.2012,0.64316,256.14,49.553,9.982,494.63,28.047,26.289,0.048249,0.051429,0.025857,16.587,22.198
17.281250,3,65,3805.05,15.1750,0.64488,256.96,49.567,9.914,491.41,28.050,26.292,-0.019096,0.012202,-0.003480,16.573,22.198
17.285156,3,65,3815.13,15.2476,0.64531,257.81,49.581,9.930,492.33,28.053,26.294,0.047170,0.051771,0.029828,16.609,22.198
17.289063,3,65,3803.89,15.1410,0.65207,259.75,49.597,9.909,491.47,28.056,26.297,0.050676,0.053084,0.025929,16.587,22.198
17.292969,3,65,3812.47,15.2476,0.63993,255.49,49.611,9.991,495.68,28.060,26.299,-0.047447,-0.000395,-0.025957,16.651,22.198
17.296875,3,65,3813.88,15.1260,0.65744,262.57,49.598,10.011,496.52,28.063,26.302,-0.008318,-0.024459,0.005959,16.450,22.198
17.300781,3,65,3812.66,15.1486,0.66978,267.42,49.595,9.945,493.22,28.066,26.304,0.009935,0.001601,-0.024853,16.644,22.198
17.304688,3,65,3824.99,15.3390,0.65480,262.28,49.574,9.971,494.32,28.069,26.307,0.057290,0.030334,0.011425,16.658,22.198
17.308594,3,65,3817.08,15.3351,0.65987,263.77,49.581,10.124,501.99,28.072,26.309,0.060970,0.042616,0.021620,16.624,22.198
17.312500,3,65,3823.32,15.3364,0.66232,265.18,49.590,10.013,496.53,28.076,26.312,0.061064,0.024115,0.005426,16.668,22.198
17.316406,3,65,3815.68,15.2598,0.66054,263.94,49.560,10.188,504.94,28.079,26.314,0.050436,0.006846,-0.011872,16.552,22.198
17.320313,3,65,3815.59,15.2648,0.65877,263.22,49.560,10.087,499.90,28.082,26.317,-0.003152,-0.018946,0.001941,16.549,22.198
17.324219,3,65,3830.15,15.3460,0.65208,261.55,49.566,9.992,495.27,28.085,26.319,-0.030513,0.002900,-0.016093,16.680,22.198
17.328125,3,65,3827.05,15.4087,0.64622,258.98,49.601,10.034,497.69,28.089,26.322,0.041563,0.001598,-0.018221,16.554,22.198
17.332031,3,65,3824.68,15.3892,0.65784,263.48,49.585,10.017,496.70,28.092,26.324,-0.050849,0.003343,-0.026115,16.715,22.198
17.335938,3,65,3837.13,15.4684,0.66550,267.41,49.584,9.962,493.96,28.095,26.327,-0.033419,-0.033678,0.011637,16.671,22.198
17.339844,3,65,3820.95,15.3919,0.67128,268.60,49.598,9.987,495.36,28.098,26.329,0.050714,0.004691,-0.012051,16.623,22.198
17.343750,3,65,3824.86,15.3109,0.65930,264.07,49.566,9.981,494.74,28.101,26.331,-0.023992,-0.045767,0.023283,16.553,22.198
17.347656,3,65,3834.87,15.3609,0.65812,264.29,49.581,10.124,501.97,28.105,26.334,-0.045406,0.001723,-0.019157,16.594,22.198
17.351563,3,65,3825.89,15.2826,0.66239,265.38,49.566,10.076,499.41,28.108,26.337,-0.003268,-0.008442,-0.009615,16.670,22.198
17.355469,3,65,3841.12,15.5419,0.66186,266.23,49.571,10.001,495.77,28.111,26.339,0.046399,0.052278,0.026868,16.813,22.198
17.359375,3,65,3828.13,15.3835,0.65538,262.73,49.593,10.156,503.69,28.114,26.342,-0.018704,-0.047895,0.026008,16.710,22.198
17.363281,3,65,3823.45,15.3993,0.64832,259.58,49.574,10.130,502.17,28.117,26.344,-0.009322,-0.020267,0.004452,16.532,22.198
17.367188,3,65,3837.16,15.4405,0.65297,262.38,49.579,10.050,498.24,28.121,26.347,-0.031941,-0.028761,0.006823,16.687,22.198
17.371094,3,65,3832.78,15.4643,0.67007,268.94,49.571,10.164,503.84,28.124,26.349,-0.029435,-0.034226,0.014776,16.623,22.198
17.375000,3,65,3835.22,15.4649,0.65453,262.88,49.536,10.168,503.70,28.127,26.352,-0.025181,-0.048376,0.024707,16.713,22.198
17.378906,3,65,3840.51,15.5297,0.65503,263.44,49.567,10.207,505.92,28.130,26.354,0.003158,-0.003286,-0.016173,16.561,22.198
17.382813,3,65,3848.65,15.5577,0.67866,273.52,49.562,10.077,499.45,28.134,26.357,0.012549,0.039016,0.017183,16.665,22.199
17.386719,3,65,3839.20,15.4657,0.66128,265.86,49.566,10.123,501.74,28.137,26.359,-0.012442,-0.041553,0.019879,16.856,22.199
17.390625,3,65,3845.25,15.4773,0.66910,269.43,49.552,10.221,506.48,28.140,26.362,-0.013902,-0.043426,0.021058,16.686,22.199
17.394531,3,65,3848.30,15.6028,0.67427,271.72,49.605,9.998,495.94,28.143,26.364,-0.025913,-0.036841,0.014661,16.599,22.199
17.398438,3,65,3845.73,15.5774,0.66200,266.60,49.577,10.175,504.43,28.147,26.367,0.062042,0.036113,0.013220,16.660,22.199
17.402344,3,65,3847.97,15.4665,0.65766,265.01,49.559,10.152,503.15,28.150,26.369,0.036059,0.050790,0.027578,16.681,22.199
17.406250,3,65,3844.50,15.4730,0.66197,266.51,49.579,10.012,496.38,28.153,26.372,0.027737,-0.000275,-0.027769,16.626,22.199
17.410156,3,65,3837.15,15.4804,0.66814,268.48,49.580,10.203,505.88,28.156,26.374,-0.001394,-0.011307,-0.013230,16.672,22.199
17.414063,3,65,3853.84,15.6370,0.65536,264.49,49.582,10.148,503.15,28.160,26.377,-0.011734,-0.041421,0.021820,16.931,22.199
17.417969,3,65,3851.95,15.5979,0.66498,268.24,49.587,9.991,495.43,28.163,26.379,0.052657,0.009298,-0.006873,16.747,22.199
17.421875,3,65,3849.90,15.5089,0.66685,268.85,49.567,10.046,497.93,28.166,26.382,-0.041021,0.001063,-0.021761,16.708,22.199
17.425781,3,65,3857.21,15.6243,0.66995,270.61,49.551,10.166,503.76,28.169,26.384,0.047146,0.005486,-0.015852,16.856,22.199
17.429688,3,65,3857.83,15.6009,0.66313,267.90,49.560,10.198,505.40,28.172,26.387,-0.033202,-0.027790,0.006320,16.768,22.199
17.433594,3,65,3851.17,15.5322,0.66342,267.55,49.563,10.117,501.45,28.176,26.389,0.009347,0.030652,0.012397,16.877,22.199
17.437500,3,65,3857.88,15.6274,0.66486,268.60,49.558,10.266,508.73,28.179,26.392,0.056414,0.020640,0.000751,16.641,22.199
17.441406,3,65,3856.95,15.7572,0.66711,269.44,49.582,10.080,499.79,28.182,26.394,0.059249,0.029574,0.007965,16.787,22.199
17.445313,3,65,3859.70,15.5329,0.67673,273.53,49.598,10.048,498.35,28.185,26.397,0.050561,0.011821,-0.009829,16.694,22.199
17.449219,3,65,3863.16,15.6123,0.67345,272.44,49.562,10.170,504.06,28.189,26.399,-0.009977,-0.027518,0.013638,16.731,22.199
17.453125,3,65,3850.25,15.5200,0.67216,271.01,49.580,10.262,508.79,28.192,26.402,-0.000669,0.026146,0.010720,16.775,22.199
17.457031,3,65,3862.19,15.6358,0.67353,272.41,49.553,10.160,503.46,28.195,26.404,-0.040162,-0.015796,-0.001452,16.695,22.199
17.460938,3,65,3858.09,15.6846,0.66247,267.65,49.576,10.092,500.34,28.198,26.407,-0.050746,-0.000834,-0.018290,16.754,22.199
17.464844,3,65,3862.67,15.5747,0.66328,268.29,49.582,10.098,500.68,28.201,26.409,0.015759,-0.004749,-0.026906,16.696,22.199
17.468750,3,65,3859.53,15.7097,0.65844,266.12,49.555,10.237,507.28,28.205,26.412,-0.035679,-0.022198,0.008217,16.706,22.199
17.472656,3,65,3864.41,15.5951,0.66757,270.15,49.550,10.167,503.78,28.208,26.414,0.009782,-0.001500,-0.029011,16.724,22.199
17.476563,3,65,3863.39,15.6774,0.66151,267.63,49.594,10.132,502.50,28.211,26.417,0.028655,-0.003038,-0.026753,16.887,22.199
17.480469,3,65,3865.22,15.6534,0.68108,275.68,49.570,10.173,504.27,28.214,26.419,0.052539,0.052063,0.026468,16.836,22.199
17.484375,3,65,3859.69,15.5884,0.68002,274.85,49.570,10.094,500.38,28.218,26.422,-0.044449,-0.007847,-0.011505,16.810,22.199
17.488281,3,65,3877.13,15.8726,0.67471,273.94,49.566,10.174,504.28,28.221,26.424,0.044275,0.055529,0.028147,16.729,22.199
17.492188,3,65,3868.49,15.7095,0.67752,274.47,49.547,10.166,503.70,28.224,26.427,-0.051632,-0.001858,-0.024782,16.672,22.199
17.496094,3,65,3870.34,15.7925,0.66153,268.12,49.589,10.160,503.81,28.227,26.429,-0.021683,-0.049230,0.028420,16.725,22.199
17.500000,3,65,3863.30,15.5196,0.67766,274.16,49.568,10.237,507.44,28.230,26.432,-0.051105,0.000894,-0.025858,16.677,22.199
17.503906,3,65,3864.14,15.7105,0.67275,272.23,49.570,10.329,512.03,28.234,26.434,0.032544,-0.006377,-0.024350,16.741,22.199
17.507813,3,65,3866.93,15.7408,0.66362,268.73,49.546,10.304,510.54,28.237,26.437,0.010654,-0.002713,-0.027683,16.730,22.199
17.511719,3,65,3870.90,15.7968,0.67685,274.37,49.553,10.279,509.35,28.240,26.439,-0.050564,-0.002432,-0.019249,16.771,22.199
17.515625,3,65,3878.50,15.7348,0.67601,274.56,49.554,10.322,511.48,28.244,26.442,0.048823,0.008714,-0.012802,16.758,22.199
17.519531,3,65,3876.68,15.9114,0.68465,277.95,49.535,10.340,512.18,28.247,26.444,-0.008355,0.020368,0.001194,16.820,22.199
17.523438,3,65,3875.10,15.7717,0.66953,271.69,49.572,10.116,501.47,28.250,26.447,-0.045920,-0.006233,-0.015800,16.892,22.199
17.527344,3,65,3871.12,15.7400,0.67758,274.68,49.562,10.198,505.42,28.253,26.449,-0.049133,0.001425,-0.028099,16.931,22.199
17.531250,3,65,3877.94,15.8310,0.68091,276.52,49.531,10.198,505.10,28.257,26.452,0.050012,0.050366,0.025977,16.869,22.199
17.535156,3,65,3872.66,15.7269,0.67736,274.70,49.560,10.188,504.91,28.260,26.454,-0.051006,-0.000726,-0.024733,16.714,22.199
17.539063,3,65,3876.64,15.8117,0.67930,275.77,49.572,10.144,502.87,28.263,26.457,0.058461,0.016851,-0.003966,16.877,22.199
17.542969,3,65,3881.90,15.8162,0.67808,275.65,49.568,10.228,506.98,28.266,26.459,0.011973,0.038084,0.018907,16.928,22.199
17.546875,3,65,3877.43,15.7740,0.68235,277.07,49.540,10.295,510.02,28.269,26.462,-0.014664,0.014754,-0.004261,16.925,22.199
17.550781,3,65,3877.83,15.6891,0.67471,273.99,49.557,10.250,507.97,28.273,26.464,0.027119,-0.001247,-0.028338,16.821,22.199
17.554688,3,65,3880.03,15.8588,0.67661,274.92,49.578,10.351,513.19,28.276,26.467,0.056090,0.015844,-0.003918,16.855,22.199
17.558594,3,65,3880.29,15.7436,0.67921,275.99,49.553,10.254,508.14,28.279,26.469,-0.016207,-0.047671,0.024795,16.908,22.199
17.562500,3,65,3893.00,15.9581,0.67555,275.40,49.550,10.364,513.54,28.283,26.472,-0.013391,-0.038055,0.018783,16.972,22.199
17.566406,3,65,3889.12,15.8890,0.68267,278.03,49.550,10.274,509.07,28.286,26.474,-0.026187,-0.042881,0.019138,17.046,22.199
17.570313,3,65,3879.50,15.8220,0.67618,274.71,49.560,10.284,509.68,28.289,26.477,0.039870,0.051542,0.025254,17.003,22.199
17.574219,3,65,3890.84,15.9943,0.69128,281.66,49.557,10.299,510.40,28.292,26.479,-0.028148,-0.041997,0.019371,16.951,22.199
17.578125,3,65,3879.91,15.7990,0.66457,270.02,49.582,10.248,508.10,28.296,26.482,-0.039214,-0.024836,0.001922,16.895,22.199
17.582031,3,65,3885.19,15.7833,0.68847,280.11,49.573,10.356,513.37,28.299,26.485,-0.013534,-0.034328,0.014793,16.935,22.199
17.585938,3,65,3881.79,15.8105,0.67745,275.38,49.572,10.261,508.65,28.302,26.487,-0.044581,-0.004625,-0.017497,16.883,22.199
17.589844,3,65,3883.21,15.8071,0.67083,272.79,49.566,10.287,509.91,28.305,26.490,-0.002347,-0.010691,-0.011458,16.849,22.199
17.593750,3,65,3895.60,15.9570,0.68493,279.41,49.560,10.315,511.21,28.309,26.492,0.030677,-0.002744,-0.024809,16.787,22.199
17.597656,3,65,3897.50,16.0063,0.67760,276.56,49.569,10.246,507.90,28.312,26.495,0.055511,0.047714,0.026384,16.951,22.199
17.601563,3,65,3895.09,15.8523,0.67353,274.73,49.559,10.218,506.38,28.315,26.497,-0.032301,-0.036319,0.014152,16.923,22.199
17.605469,3,65,3901.77,15.9833,0.69084,282.27,49.536,10.341,512.28,28.318,26.500,-0.042557,0.004912,-0.024892,16.904,22.199
17.609375,3,65,3885.97,15.8013,0.67090,273.01,49.588,10.150,503.31,28.322,26.502,-0.012257,-0.027515,0.011015,16.901,22.199
17.613281,3,65,3896.47,15.9888,0.67942,277.23,49.559,10.345,512.67,28.325,26.505,-0.047193,0.000581,-0.028718,17.070,22.199
17.617188,3,65,3894.66,15.7927,0.67676,276.02,49.568,10.347,512.87,28.328,26.507,-0.016125,-0.049820,0.026541,16.933,22.199
17.621094,3,65,3890.74,15.9051,0.69148,281.74,49.578,10.390,515.13,28.331,26.510,-0.029316,-0.037939,0.017663,16.852,22.199
17.625000,3,65,3900.42,15.9319,0.69556,284.10,49.558,10.397,515.24,28.335,26.512,-0.047733,-0.004425,-0.014869,16.929,22.199
17.628906,3,65,3882.54,15.8184,0.67814,275.72,49.542,10.291,509.83,28.338,26.515,-0.046969,-0.005465,-0.011574,16.896,22.199
17.632813,3,65,3893.19,15.9184,0.68333,278.59,49.565,10.312,511.13,28.341,26.517,0.060512,0.044744,0.021359,16.874,22.199
17.636719,3,65,3885.65,15.8186,0.68490,278.69,49.575,10.232,507.23,28.344,26.520,0.057765,0.032596,0.007970,16.844,22.199
17.640625,3,65,3897.06,15.9342,0.68831,280.90,49.541,10.326,511.56,28.348,26.522,-0.047845,-0.002455,-0.021703,17.017,22.199
17.644531,3,65,3890.34,15.9802,0.68343,278.42,49.558,10.286,509.78,28.351,26.525,0.038846,0.050273,0.027055,16.881,22.199
17.648438,3,65,3900.43,15.9342,0.68958,281.66,49.571,10.294,510.29,28.354,26.527,0.041629,-0.001971,-0.022802,16.937,22.199
17.652344,3,65,3886.88,15.9357,0.66999,272.71,49.566,10.290,510.04,28.357,26.530,-0.012413,-0.048892,0.024145,16.856,22.199
17.656250,3,65,3889.81,15.9196,0.68138,277.55,49.591,10.281,509.86,28.361,26.532,-0.026973,-0.037706,0.015200,16.908,22.199
17.660156,3,65,3897.67,15.9105,0.68966,281.49,49.561,10.311,511.02,28.364,26.535,0.050778,0.007823,-0.006869,16.961,22.199
17.664063,3,65,3905.73,15.9660,0.68799,281.39,49.559,10.364,513.65,28.367,26.537,-0.047179,0.000508,-0.026254,16.984,22.199
17.667969,3,65,3901.65,16.0032,0.67890,277.38,49.558,10.340,512.43,28.370,26.540,-0.032923,0.003587,-0.018444,17.034,22.199
17.671875,3,65,3901.61,16.0549,0.68059,278.07,49.543,10.336,512.05,28.374,26.542,0.062251,0.037220,0.015989,17.000,22.199
17.675781,3,65,3900.66,15.9383,0.67177,274.40,49.544,10.416,516.06,28.377,26.545,0.057957,0.047164,0.024671,16.921,22.199
17.679688,3,65,3897.08,16.0502,0.68581,279.88,49.543,10.364,513.46,28.380,26.547,0.024544,-0.002736,-0.028541,16.975,22.199
17.683594,3,65,3894.86,15.9124,0.68126,277.86,49.533,10.301,510.26,28.383,26.550,-0.027879,0.010339,-0.009648,16.888,22.199
17.687500,3,65,3903.06,16.1046,0.69396,283.64,49.575,10.302,510.73,28.387,26.552,-0.019481,-0.054997,0.024985,17.036,22.199
17.691406,3,65,3906.02,15.9267,0.69459,284.11,49.554,10.347,512.74,28.390,26.555,-0.042514,-0.016846,-0.005401,16.990,22.199
17.695313,3,65,3899.65,16.0625,0.68851,281.17,49.546,10.326,511.63,28.393,26.557,0.052795,0.055043,0.029555,16.998,22.199
17.699219,3,65,3899.64,16.0013,0.67972,277.58,49.568,10.207,505.96,28.396,26.559,0.017030,-0.001418,-0.026920,16.929,22.199
17.703125,3,65,3899.98,15.9292,0.68577,280.07,49.542,10.268,508.71,28.399,26.562,-0.038941,-0.018150,0.004579,16.875,22.199
17.707031,3,65,3898.42,15.8376,0.68820,280.95,49.526,10.382,514.16,28.403,26.564,-0.012932,-0.032084,0.012984,16.970,22.199
17.710938,3,65,3904.19,16.0060,0.68353,279.46,49.544,10.329,511.77,28.406,26.567,-0.006939,-0.017444,-0.000033,17.077,22.199
17.714844,3,65,3897.23,15.9846,0.68339,278.90,49.540,10.402,515.29,28.409,26.569,-0.026852,-0.037381,0.021061,17.018,22.199
17.718750,3,65,3907.21,16.1401,0.69186,283.08,49.527,10.429,516.54,28.412,26.572,-0.046592,0.000227,-0.027638,16.944,22.199
17.722656,3,65,3903.32,15.8860,0.68853,281.44,49.547,10.222,506.47,28.416,26.574,-0.008722,0.021971,0.004214,17.023,22.199
17.726563,3,65,3898.15,15.8972,0.68117,278.06,49.566,10.341,512.59,28.419,26.577,-0.036080,-0.031418,0.007850,16.996,22.199
17.730469,3,65,3904.36,16.0668,0.68992,282.08,49.532,10.364,513.36,28.422,26.579,-0.047516,0.000495,-0.020004,17.055,22.199
17.734375,3,65,3900.68,15.9733,0.68276,278.89,49.519,10.278,508.95,28.425,26.582,-0.016018,0.013054,-0.006054,17.070,22.199
17.738281,3,65,3913.55,16.0217,0.68799,281.96,49.539,10.420,516.19,28.429,26.584,0.006029,0.034046,0.014681,17.071,22.199
17.742188,3,65,3913.26,16.0506,0.69434,284.54,49.543,10.297,510.15,28.432,26.587,0.058426,0.033696,0.015716,17.060,22.199
17.746094,3,65,3912.57,16.1401,0.68882,282.22,49.558,10.375,514.15,28.435,26.589,0.054902,0.014462,-0.006864,16.884,22.199
17.750000,3,65,3911.95,16.0709,0.68420,280.29,49.559,10.334,512.15,28.438,26.592,0.036756,0.000397,-0.025372,17.011,22.199
17.753906,3,65,3903.18,15.9341,0.68237,278.91,49.545,10.397,515.14,28.441,26.594,-0.012828,0.016274,-0.002996,17.019,22.199
17.757813,3,65,3914.22,15.9473,0.68972,282.71,49.551,10.362,513.43,28.445,26.597,-0.008719,-0.022296,0.003264,17.049,22.199
17.761719,3,65,3903.40,15.9898,0.69563,284.35,49.535,10.401,515.24,28.448,26.599,-0.016365,-0.040572,0.021336,16.970,22.199
17.765625,3,65,3908.44,16.0554,0.69149,283.02,49.566,10.356,513.28,28.451,26.602,0.039526,0.001433,-0.019420,17.013,22.199
17.769531,3,65,3907.73,15.9659,0.68490,280.27,49.569,10.289,510.01,28.454,26.604,0.030393,0.001460,-0.027204,16.944,22.199
17.773438,3,65,3919.24,16.1828,0.68890,282.74,49.552,10.398,515.22,28.458,26.607,-0.002150,0.029125,0.007625,16.971,22.199
17.777344,3,65,3913.50,16.0721,0.69267,283.87,49.544,10.397,515.10,28.461,26.609,-0.016873,-0.045608,0.020663,16.962,22.199
17.781250,3,65,3911.91,16.1362,0.68882,282.18,49.570,10.323,511.72,28.464,26.612,0.025754,-0.002730,-0.026515,16.995,22.199
17.785156,3,65,3914.57,16.1453,0.68803,282.05,49.570,10.353,513.20,28.467,26.614,0.014855,-0.000361,-0.027301,17.039,22.199
17.789063,3,65,3905.87,15.9918,0.68907,281.85,49.543,10.371,513.83,28.470,26.616,0.029509,0.046439,0.024326,16.930,22.199
17.792969,3,65,3906.73,16.0987,0.68755,281.29,49.559,10.350,512.94,28.474,26.619,-0.017663,-0.045782,0.024664,16.998,22.199
17.796875,3,65,3913.37,16.0730,0.68757,281.77,49.551,10.382,514.44,28.477,26.621,-0.050136,0.000927,-0.022185,16.959,22.199
17.800781,3,65,3908.37,16.0707,0.68166,278.99,49.544,10.219,506.29,28.480,26.624,-0.012880,-0.046030,0.023542,17.046,22.199
17.804688,3,65,3909.62,16.1194,0.68041,278.57,49.518,10.522,521.05,28.483,26.626,0.061042,0.038638,0.014583,16.983,22.199
17.808594,3,65,3916.82,16.0621,0.69389,284.61,49.534,10.428,516.54,28.487,26.629,-0.018035,-0.048294,0.025352,17.044,22.199
17.812500,3,65,3919.65,16.1743,0.69343,284.63,49.528,10.391,514.62,28.490,26.631,-0.028909,-0.039767,0.016269,17.032,22.199
17.816406,3,65,3917.78,16.0589,0.68883,282.61,49.565,10.345,512.76,28.493,26.634,0.014367,-0.002543,-0.028497,16.968,22.199
17.820313,3,65,3911.40,16.0920,0.67222,275.34,49.557,10.408,515.81,28.496,26.636,-0.041626,-0.019215,0.000915,16.946,22.199
17.824219,3,65,3922.46,16.1348,0.69804,286.73,49.532,10.419,516.09,28.499,26.639,0.049029,0.006478,-0.013626,16.996,22.199
17.828125,3,65,3930.23,16.2868,0.69231,284.93,49.534,10.495,519.88,28.503,26.641,-0.055367,0.001291,-0.028634,17.052,22.199
17.832031,3,65,3915.02,16.0464,0.69038,283.04,49.558,10.349,512.86,28.506,26.644,-0.015495,-0.050658,0.026510,16.896,22.199
17.835938,3,65,3926.37,16.1979,0.69790,286.95,49.555,10.385,514.64,28.509,26.646,0.057018,0.028124,0.010146,17.144,22.199
17.839844,3,65,3912.87,16.0406,0.68304,279.88,49.533,10.409,515.58,28.512,26.649,-0.001082,-0.006664,-0.012361,16.930,22.199
17.843750,3,65,3920.22,16.1096,0.69515,285.38,49.558,10.436,517.20,28.516,26.651,-0.044476,0.003061,-0.026506,17.030,22.199
17.847656,3,65,3915.61,16.0223,0.69132,283.47,49.538,10.280,509.23,28.519,26.653,-0.045851,-0.006729,-0.014586,16.983,22.199
17.851563,3,65,3918.87,16.2167,0.68404,280.72,49.547,10.446,517.55,28.522,26.656,-0.004671,0.022343,0.005370,17.092,22.199
17.855469,3,65,3921.66,16.0531,0.68294,280.47,49.533,10.423,516.28,28.525,26.658,0.036470,0.049856,0.025756,17.000,22.199
17.859375,3,65,3920.01,16.2112,0.69143,283.83,49.539,10.433,516.84,28.528,26.661,-0.050972,0.003437,-0.029029,17.173,22.199
17.863281,3,65,3919.51,16.0253,0.70076,287.63,49.543,10.414,515.96,28.532,26.663,-0.024517,0.010859,-0.010272,17.101,22.199
17.867188,3,65,3927.66,16.2582,0.69296,285.02,49.521,10.441,517.03,28.535,26.666,-0.021163,-0.051409,0.025486,17.011,22.199
17.871094,3,65,3922.20,16.0985,0.69720,286.36,49.565,10.351,513.05,28.538,26.668,0.051106,0.009148,-0.009499,16.982,22.199
17.875000,3,65,3925.93,16.2923,0.67973,279.45,49.558,10.330,511.93,28.541,26.671,-0.020985,-0.054824,0.027331,17.075,22.199
17.878906,3,65,3918.61,16.0363,0.69440,284.95,49.543,10.405,515.49,28.544,26.673,-0.030267,-0.033805,0.010601,17.067,22.199
17.882813,3,65,3926.82,16.1685,0.69139,284.31,49.565,10.433,517.12,28.548,26.675,0.006128,-0.001757,-0.020854,17.090,22.199
17.886719,3,65,3935.28,16.3192,0.69168,285.04,49.534,10.476,518.91,28.551,26.678,0.060148,0.039109,0.016345,17.163,22.199
17.890625,3,65,3926.44,16.1825,0.70066,288.09,49.540,10.383,514.39,28.554,26.680,-0.051538,0.001641,-0.021596,17.025,22.199
17.894531,3,65,3927.15,16.3332,0.69802,287.06,49.551,10.491,519.86,28.557,26.683,0.047963,0.007305,-0.012438,17.089,22.199
17.898438,3,65,3922.63,16.1660,0.68899,283.02,49.531,10.381,514.17,28.560,26.685,0.063556,0.040288,0.017638,17.023,22.199
17.902344,3,65,3936.08,16.2105,0.70076,288.84,49.532,10.488,519.51,28.564,26.688,-0.000195,-0.005328,-0.012833,17.176,22.199
17.906250,3,65,3921.87,16.2188,0.68377,280.82,49.521,10.532,521.53,28.567,26.690,-0.005520,-0.012334,-0.005630,17.083,22.199
17.910156,3,65,3929.90,16.2979,0.70588,290.50,49.548,10.329,511.78,28.570,26.693,0.050545,0.052777,0.028601,17.164,22.199
17.914063,3,65,3928.42,16.3226,0.69600,286.32,49.546,10.378,514.18,28.573,26.695,-0.032785,0.001050,-0.015675,17.014,22.199
17.917969,3,65,3937.88,16.4247,0.70011,288.71,49.549,10.495,520.03,28.577,26.698,0.000790,0.026463,0.011959,17.218,22.199
17.921875,3,65,3921.25,16.1184,0.68475,281.18,49.567,10.352,513.11,28.580,26.700,0.040970,0.000646,-0.017490,17.078,22.199
17.925781,3,65,3924.44,16.2607,0.70277,288.82,49.548,10.529,521.71,28.583,26.702,-0.009697,-0.029337,0.008890,17.134,22.199
17.929688,3,65,3933.04,16.2643,0.68772,283.25,49.556,10.385,514.64,28.586,26.705,0.030219,-0.000590,-0.027841,17.196,22.199
17.933594,3,65,3938.50,16.3059,0.69989,288.66,49.546,10.358,513.17,28.589,26.707,0.059806,0.021924,0.003070,17.094,22.199
17.937500,3,65,3933.01,16.1506,0.68694,282.93,49.559,10.389,514.87,28.592,26.710,-0.050022,0.000096,-0.025900,17.156,22.199
17.941406,3,65,3930.46,16.1445,0.70739,291.16,49.546,10.469,518.68,28.596,26.712,0.029881,-0.002380,-0.026627,17.161,22.199
17.945313,3,65,3932.57,16.2729,0.68306,281.30,49.549,10.562,523.35,28.599,26.715,0.058439,0.026258,0.006475,17.041,22.199
17.949219,3,65,3936.43,16.2592,0.68713,283.25,49.515,10.543,522.05,28.602,26.717,-0.020160,-0.052404,0.026730,17.195,22.199
17.953125,3,65,3934.44,16.1970,0.70934,292.26,49.543,10.330,511.79,28.605,26.719,0.042827,0.002312,-0.016519,17.077,22.199
17.957031,3,65,3925.58,16.1944,0.69835,287.08,49.546,10.461,518.32,28.609,26.722,-0.044932,0.002718,-0.023969,17.028,22.199
17.960938,3,65,3927.83,16.2662,0.68478,281.67,49.541,10.456,518.02,28.612,26.724,-0.048480,0.001923,-0.023945,17.163,22.199
17.964844,3,65,3930.43,16.2419,0.69208,284.86,49.553,10.431,516.91,28.615,26.727,-0.047243,0.004340,-0.028786,17.215,22.199
17.968750,3,65,3918.67,16.1050,0.67343,276.35,49.532,10.449,517.56,28.618,26.729,-0.016907,-0.049629,0.027987,17.001,22.199
17.972656,3,65,3933.38,16.2858,0.70068,288.61,49.550,10.541,522.30,28.621,26.732,0.054179,0.013417,-0.008041,17.210,22.199
17.976563,3,65,3928.54,16.0350,0.70275,289.11,49.536,10.418,516.05,28.625,26.734,0.028523,0.044059,0.025153,17.069,22.199
17.980469,3,65,3923.37,16.1282,0.69337,284.87,49.539,10.468,518.57,28.628,26.737,-0.042379,-0.007545,-0.011208,17.143,22.199
17.984375,3,65,3935.80,16.3223,0.70306,289.77,49.514,10.504,520.11,28.631,26.739,-0.039964,-0.013735,-0.005505,17.013,22.199
17.988281,3,65,3927.68,16.1859,0.68785,282.92,49.534,10.496,519.91,28.634,26.741,-0.013654,-0.046038,0.023545,17.067,22.199
17.992188,3,65,3935.23,16.2421,0.70452,290.33,49.512,10.611,525.39,28.637,26.744,0.038397,0.051166,0.029089,17.177,22.199
17.996094,3,65,3925.92,16.0546,0.68535,281.76,49.551,10.329,511.80,28.641,26.746,-0.013220,-0.044150,0.023819,16.972,22.199
18.000000,3,65,3927.97,16.1806,0.68817,283.07,49.554,10.457,518.16,28.644,26.749,0.002122,-0.004503,-0.019653,17.199,22.199
18.003906,3,65,3934.92,16.2533,0.70365,289.95,49.539,10.440,517.21,28.647,26.751,-0.045335,-0.007818,-0.010566,17.033,22.200
18.007813,3,65,3924.93,16.1217,0.68279,280.64,49.577,10.323,511.77,28.650,26.753,0.006491,0.034542,0.010651,17.216,22.200
18.011719,3,65,3938.38,16.4031,0.70398,290.34,49.551,10.481,519.33,28.653,26.756,0.036862,0.000323,-0.022460,17.110,22.200
18.015625,3,65,3938.20,16.2861,0.69234,285.52,49.539,10.584,524.33,28.656,26.758,-0.008673,-0.029105,0.008201,17.137,22.200
18.019531,3,65,3936.45,16.3309,0.70028,288.67,49.500,10.591,524.25,28.660,26.761,0.054599,0.015345,-0.005037,17.164,22.200
18.023438,3,65,3933.11,16.2189,0.69594,286.64,49.548,10.507,520.59,28.663,26.763,-0.009719,-0.023125,0.004926,17.158,22.200
18.027344,3,65,3934.00,16.2086,0.68733,283.16,49.514,10.544,522.10,28.666,26.766,0.012509,0.035558,0.011937,17.046,22.200
18.031250,3,65,3933.11,16.2038,0.69564,286.52,49.549,10.467,518.63,28.669,26.768,0.001722,0.028917,0.010236,17.047,22.200
18.035156,3,65,3926.97,16.1624,0.69845,287.22,49.568,10.497,520.30,28.673,26.771,0.003602,-0.005159,-0.020374,17.028,22.200
18.039063,3,65,3932.93,16.2581,0.69050,284.39,49.518,10.451,517.50,28.676,26.773,-0.003824,-0.013676,-0.004220,17.026,22.200
18.042969,3,65,3933.17,16.2560,0.69863,287.75,49.551,10.470,518.80,28.679,26.775,-0.049940,0.002341,-0.021744,17.135,22.200
18.046875,3,65,3930.61,16.2415,0.69482,286.00,49.558,10.466,518.66,28.682,26.778,0.046490,0.003965,-0.016343,17.200,22.200
18.050781,3,65,3933.24,16.3185,0.69392,285.82,49.503,10.518,520.67,28.685,26.780,0.028184,0.001364,-0.027727,17.041,22.200
18.054688,3,65,3932.21,16.2087,0.70063,288.51,49.533,10.459,518.08,28.688,26.783,0.046565,0.004088,-0.017207,17.276,22.200
18.058594,3,65,3930.04,16.1633,0.69030,284.09,49.571,10.408,515.93,28.692,26.785,-0.045470,0.000562,-0.028165,17.165,22.200
18.062500,3,65,3939.80,16.3251,0.69832,288.11,49.544,10.428,516.65,28.695,26.787,0.036245,0.047608,0.025827,17.233,22.200
18.066406,3,65,3928.86,16.2592,0.69120,284.38,49.530,10.490,519.55,28.698,26.790,0.014035,0.036210,0.017053,17.146,22.200
18.070313,3,65,3941.22,16.3471,0.69426,286.54,49.545,10.505,520.48,28.701,26.792,0.004705,0.027378,0.009851,17.231,22.200
18.074219,3,65,3934.17,16.2521,0.69241,285.26,49.534,10.506,520.39,28.704,26.795,0.056481,0.050615,0.025490,17.079,22.200
18.078125,3,65,3931.72,16.1882,0.69451,285.95,49.535,10.419,516.11,28.707,26.797,-0.025690,-0.042769,0.019063,17.150,22.200
18.082031,3,65,3935.31,16.1823,0.68806,283.55,49.538,10.527,521.49,28.711,26.799,-0.002177,0.026716,0.007266,17.137,22.200
18.085938,3,65,3943.01,16.3346,0.70387,290.64,49.532,10.451,517.64,28.714,26.802,-0.019926,-0.049702,0.025579,17.159,22.200
18.089844,3,65,3929.99,16.2304,0.69105,284.40,49.534,10.367,513.51,28.717,26.804,-0.039961,0.001745,-0.021323,17.150,22.200
18.093750,3,65,3945.15,16.4151,0.69723,288.05,49.528,10.403,515.27,28.720,26.807,-0.040775,-0.014782,-0.000887,16.987,22.200
18.097656,3,65,3939.08,16.2984,0.69759,287.76,49.563,10.573,524.05,28.723,26.809,0.063235,0.043344,0.021086,17.127,22.200
18.101563,3,65,3938.95,16.2553,0.69720,287.59,49.555,10.505,520.59,28.726,26.811,0.014528,-0.002817,-0.028493,17.050,22.200
18.105469,3,65,3945.13,16.3972,0.70347,290.63,49.548,10.516,521.06,28.729,26.814,-0.010713,-0.027217,0.010111,17.123,22.200
18.109375,3,65,3933.98,16.3208,0.69535,286.46,49.540,10.485,519.45,28.733,26.816,0.013146,-0.002322,-0.025076,17.124,22.200
18.113281,3,65,3951.96,16.3638,0.71712,296.78,49.549,10.565,523.50,28.736,26.819,0.034970,0.049325,0.025525,17.081,22.200
18.117188,3,65,3939.97,16.2579,0.69217,285.58,49.503,10.587,524.08,28.739,26.821,-0.034552,-0.028052,0.007127,17.129,22.200
18.121094,3,65,3949.18,16.4704,0.70021,289.58,49.524,10.429,516.50,28.742,26.823,-0.043631,-0.012501,-0.007788,17.118,22.200
18.125000,3,65,3947.66,16.3552,0.70748,292.47,49.545,10.492,519.83,28.745,26.826,-0.012392,-0.043802,0.021535,17.263,22.200
18.128906,3,65,3939.72,16.3259,0.69681,287.48,49.523,10.419,515.98,28.748,26.828,0.007726,-0.000051,-0.022998,17.240,22.200
18.132813,3,65,3939.19,16.2640,0.69618,287.18,49.577,10.438,517.48,28.752,26.830,-0.008503,-0.024119,0.008320,17.174,22.200
18.136719,3,65,3947.93,16.3758,0.70539,291.63,49.499,10.527,521.08,28.755,26.833,0.007968,-0.004922,-0.024688,17.054,22.200
18.140625,3,65,3934.03,16.1930,0.69755,287.37,49.543,10.298,510.18,28.758,26.835,-0.002535,-0.009240,-0.006594,17.111,22.200
18.144531,3,65,3939.12,16.3051,0.69657,287.34,49.570,10.508,520.90,28.761,26.838,0.055535,0.008634,-0.008217,17.086,22.200
18.148438,3,65,3938.74,16.3192,0.71612,295.37,49.524,10.470,518.50,28.764,26.840,0.009549,-0.005514,-0.022203,17.213,22.200
18.152344,3,65,3945.13,16.4453,0.70515,291.32,49.529,10.476,518.86,28.767,26.842,-0.015933,-0.054327,0.028684,17.342,22.200
18.156250,3,65,3942.87,16.3414,0.71680,295.96,49.535,10.604,525.26,28.770,26.845,0.060487,0.046738,0.025540,17.101,22.200
18.160156,3,65,3929.84,16.1055,0.70891,291.74,49.578,10.371,514.17,28.773,26.847,-0.007646,-0.015075,-0.003710,17.137,22.200
18.164063,3,65,3943.39,16.3600,0.70562,291.39,49.540,10.561,523.21,28.777,26.849,-0.050915,0.003361,-0.026455,17.128,22.200
18.167969,3,65,3947.04,16.3905,0.70984,293.40,49.557,10.460,518.38,28.780,26.852,0.060847,0.034023,0.015266,17.162,22.200
18.171875,3,65,3940.61,16.3691,0.69920,288.53,49.530,10.471,518.63,28.783,26.854,-0.009854,-0.024183,0.005951,17.030,22.200
18.175781,3,65,3946.06,16.4202,0.70815,292.63,49.558,10.469,518.82,28.786,26.856,0.009638,-0.002353,-0.023659,17.070,22.200
18.179688,3,65,3929.27,16.1366,0.68992,283.88,49.542,10.503,520.33,28.789,26.859,-0.015763,-0.047223,0.026887,17.064,22.200
18.183594,3,65,3939.84,16.1443,0.70401,290.46,49.552,10.428,516.71,28.792,26.861,0.016354,0.037932,0.020452,17.088,22.200
18.187500,3,65,3940.25,16.2587,0.70299,290.07,49.546,10.489,519.68,28.795,26.864,0.003319,-0.004108,-0.020130,17.255,22.200
18.191406,3,65,3931.99,16.2878,0.69839,287.57,49.543,10.401,515.29,28.798,26.866,0.063501,0.044146,0.020195,17.207,22.200
18.195313,3,65,3937.37,16.3936,0.70150,289.24,49.532,10.497,519.92,28.802,26.868,0.025552,0.044156,0.023119,17.014,22.200
18.199219,3,65,3934.43,16.3145,0.69459,286.18,49.537,10.419,516.13,28.805,26.870,0.004613,-0.003678,-0.019143,17.053,22.200
18.203125,3,65,3947.79,16.2761,0.69142,285.84,49.540,10.508,520.59,28.808,26.873,-0.040411,-0.019854,-0.001267,17.304,22.200
18.207031,3,65,3954.83,16.4472,0.71518,296.19,49.501,10.647,527.01,28.811,26.875,0.051328,0.052793,0.026884,17.241,22.200
18.210938,3,65,3945.82,16.2617,0.69714,288.06,49.532,10.536,521.88,28.814,26.878,-0.023709,-0.046906,0.024190,17.362,22.200
18.214844,3,65,3948.04,16.4004,0.70239,290.39,49.553,10.541,522.36,28.817,26.880,-0.018891,-0.047811,0.024709,17.152,22.200
18.218750,3,65,3949.54,16.3810,0.69481,287.37,49.528,10.461,518.14,28.820,26.882,0.045441,0.003052,-0.020614,17.094,22.200
18.222656,3,65,3934.86,16.3300,0.69399,285.96,49.528,10.459,518.00,28.823,26.885,0.041005,0.051976,0.026963,17.098,22.200
18.226563,3,65,3942.59,16.2327,0.71128,293.66,49.530,10.505,520.31,28.827,26.887,-0.029327,-0.032807,0.013392,17.060,22.200
18.230469,3,65,3944.63,16.3976,0.69918,288.82,49.536,10.366,513.50,28.830,26.889,-0.014526,-0.046723,0.023971,17.264,22.200
18.234375,3,65,3951.53,16.4424,0.70430,291.44,49.554,10.582,524.40,28.833,26.892,-0.036271,0.005143,-0.015883,17.054,22.200
18.238281,3,65,3942.55,16.2820,0.70544,291.25,49.557,10.635,527.04,28.836,26.894,-0.002333,-0.009455,-0.008576,17.174,22.200
18.242188,3,65,3935.93,16.1538,0.69877,288.01,49.562,10.387,514.81,28.839,26.896,-0.034697,-0.034176,0.010347,17.115,22.200
18.246094,3,65,3946.57,16.4499,0.71723,296.42,49.547,10.470,518.74,28.842,26.899,0.064539,0.037377,0.016901,17.226,22.200
18.250000,3,65,3942.03,16.2458,0.70912,292.73,49.527,10.557,522.84,28.845,26.901,0.030496,0.048262,0.025014,17.098,22.200
18.253906,3,65,3954.31,16.4268,0.70513,291.99,49.538,10.554,522.82,28.848,26.903,0.026879,0.045376,0.022907,17.347,22.200
18.257813,3,65,3941.62,16.3112,0.69152,285.43,49.562,10.484,519.60,28.851,26.906,-0.002170,-0.009316,-0.011940,17.132,22.200
18.261719,3,65,3941.91,16.3772,0.68970,284.70,49.525,10.579,523.95,28.855,26.908,-0.048922,-0.003684,-0.021490,17.167,22.200
18.265625,3,65,3957.83,16.3028,0.70255,291.18,49.557,10.572,523.93,28.858,26.911,-0.041724,-0.000339,-0.023244,17.224,22.200
18.269531,3,65,3942.96,16.4768,0.69121,285.40,49.530,10.541,522.10,28.861,26.913,-0.018959,-0.056787,0.026369,17.156,22.200
18.273438,3,65,3942.15,16.3275,0.69249,285.87,49.517,10.469,518.38,28.864,26.915,-0.020481,-0.053497,0.025782,17.167,22.200
18.277344,3,65,3944.72,16.2856,0.70264,290.25,49.539,10.534,521.85,28.867,26.918,-0.030464,-0.041504,0.016078,17.227,22.200
18.281250,3,65,3934.84,16.2377,0.69602,286.80,49.545,10.498,520.14,28.870,26.920,-0.033957,0.004712,-0.016162,17.096,22.200
18.285156,3,65,3948.81,16.5214,0.69756,288.45,49.515,10.546,522.17,28.873,26.922,0.002391,-0.007203,-0.014324,16.989,22.200
18.289063,3,65,3943.61,16.2535,0.69598,287.42,49.535,10.433,516.79,28.876,26.924,0.048728,0.054365,0.030477,17.159,22.200
18.292969,3,65,3945.59,16.3657,0.69737,288.14,49.556,10.574,523.98,28.879,26.927,-0.016575,0.016020,-0.004045,17.141,22.200
18.296875,3,65,3953.79,16.4064,0.70820,293.22,49.511,10.602,524.89,28.883,26.929,-0.040332,-0.019324,0.003386,17.247,22.200
18.300781,3,65,3945.32,16.2693,0.69496,287.12,49.536,10.591,524.62,28.886,26.932,0.004610,-0.001292,-0.025111,17.153,22.200
18.304688,3,65,3953.37,16.4100,0.70804,293.13,49.546,10.484,519.46,28.889,26.934,0.050445,0.053266,0.029043,17.127,22.200
18.308594,3,65,3951.48,16.3564,0.69907,289.27,49.522,10.444,517.22,28.892,26.936,-0.049298,-0.000271,-0.019519,17.139,22.200
18.312500,3,65,3941.78,16.4121,0.69902,288.54,49.544,10.522,521.30,28.895,26.938,0.043577,0.052271,0.025862,17.037,22.200
18.316406,3,65,3941.70,16.3805,0.70606,291.44,49.536,10.504,520.34,28.898,26.941,0.034166,-0.003519,-0.026278,17.153,22.200
18.320313,3,65,3936.92,16.2558,0.69158,285.12,49.553,10.427,516.68,28.901,26.943,0.053750,0.051700,0.025753,17.133,22.200
18.324219,3,65,3948.80,16.3293,0.71003,293.61,49.509,10.538,521.72,28.904,26.945,0.001607,0.027411,0.009329,17.179,22.200
18.328125,3,65,3947.77,16.3743,0.70085,289.74,49.576,10.447,517.91,28.907,26.948,-0.025453,0.008924,-0.013203,17.097,22.200
18.332031,3,65,3946.88,16.3294,0.70315,290.62,49.525,10.664,528.14,28.910,26.950,-0.030371,0.009896,-0.016509,17.079,22.200
18.335938,3,65,3964.20,16.3691,0.70136,291.15,49.547,10.526,521.55,28.914,26.952,-0.005949,-0.022159,0.001212,17.295,22.200
18.339844,3,65,3948.78,16.4247,0.70574,291.83,49.548,10.451,517.85,28.917,26.955,0.010519,0.037807,0.014652,17.057,22.200
18.343750,3,65,3944.31,16.3468,0.70189,289.91,49.517,10.603,525.03,28.920,26.957,-0.037245,0.001819,-0.021661,17.132,22.200
18.347656,3,65,3942.04,16.3764,0.68823,284.11,49.534,10.596,524.84,28.923,26.959,-0.008379,-0.016394,-0.000187,17.172,22.200
18.351563,3,65,3948.63,16.3128,0.69130,285.85,49.535,10.451,517.70,28.926,26.962,-0.043867,-0.009206,-0.007630,17.117,22.200
18.355469,3,65,3955.88,16.3557,0.70168,290.68,49.542,10.529,521.63,28.929,26.964,0.056458,0.015142,0.000295,17.228,22.200
18.359375,3,65,3946.83,16.3213,0.69496,287.24,49.524,10.532,521.60,28.932,26.966,-0.033740,-0.026107,0.005415,17.125,22.200
18.363281,3,65,3951.44,16.3253,0.71452,295.67,49.540,10.568,523.54,28.935,26.969,0.010997,-0.004915,-0.026701,17.280,22.200
18.367188,3,65,3950.91,16.4301,0.69713,288.43,49.513,10.679,528.75,28.938,26.971,-0.007810,-0.016633,0.000960,17.118,22.200
18.371094,3,65,3959.21,16.5252,0.70116,290.71,49.515,10.665,528.07,28.941,26.973,0.044109,0.002072,-0.016914,17.169,22.200
18.375000,3,65,3941.59,16.2943,0.69411,286.50,49.541,10.503,520.34,28.945,26.976,0.055862,0.049940,0.023935,17.269,22.200
18.378906,3,65,3959.22,16.4431,0.71186,295.14,49.551,10.487,519.66,28.948,26.978,-0.048565,-0.002212,-0.023114,17.257,22.200
18.382813,3,65,3953.99,16.3938,0.69479,287.68,49.532,10.473,518.74,28.951,26.980,-0.002469,-0.008493,-0.011324,17.139,22.200
18.386719,3,65,3944.67,16.2446,0.70592,291.60,49.521,10.610,525.39,28.954,26.982,-0.047729,0.003854,-0.026869,17.341,22.200
18.390625,3,65,3950.54,16.3298,0.69532,287.65,49.539,10.407,515.57,28.957,26.985,-0.040077,0.003848,-0.020510,17.074,22.200
18.394531,3,65,3943.22,16.3131,0.70427,290.82,49.536,10.535,521.87,28.960,26.987,-0.035177,0.003056,-0.019681,17.098,22.200
18.398438,3,65,3940.76,16.3577,0.69350,286.19,49.520,10.402,515.09,28.963,26.989,0.002910,-0.004918,-0.018981,17.058,22.200
18.402344,3,65,3947.68,16.3103,0.70876,293.00,49.526,10.579,523.95,28.966,26.992,-0.050279,0.000624,-0.024755,17.118,22.200
18.406250,3,65,3950.47,16.3438,0.70930,293.43,49.540,10.455,517.93,28.969,26.994,-0.041333,0.003753,-0.019708,17.144,22.200
18.410156,3,65,3943.74,16.3660,0.69713,287.90,49.523,10.576,523.77,28.972,26.996,0.048075,0.051950,0.031443,17.160,22.200
18.414063,3,65,3954.24,16.5147,0.70455,291.75,49.537,10.460,518.14,28.975,26.998,-0.016985,-0.054476,0.028003,17.216,22.200
18.417969,3,65,3944.67,16.3817,0.70568,291.51,49.536,10.468,518.54,28.978,27.001,-0.041380,0.002271,-0.023616,17.193,22.200
18.421875,3,65,3956.16,16.4224,0.69910,289.63,49.539,10.502,520.23,28.981,27.003,-0.034681,-0.034678,0.015592,17.272,22.200
18.425781,3,65,3952.48,16.3584,0.69934,289.46,49.562,10.613,525.99,28.984,27.005,-0.050139,0.002663,-0.025673,17.318,22.200
18.429688,3,65,3944.90,16.4372,0.70422,290.92,49.570,10.434,517.19,28.987,27.007,-0.042718,-0.013436,-0.007290,17.253,22.200
18.433594,3,65,3944.73,16.2545,0.69918,288.82,49.569,10.464,518.71,28.990,27.010,-0.027745,0.009556,-0.009383,17.125,22.200
18.437500,3,65,3938.88,16.2101,0.69943,288.50,49.524,10.523,521.17,28.993,27.012,0.003028,-0.003081,-0.021900,17.024,22.200
18.441406,3,65,3955.98,16.4369,0.71023,294.23,49.529,10.500,520.06,28.996,27.014,-0.035377,0.003278,-0.017593,17.058,22.200
18.445313,3,65,3948.65,16.3879,0.70137,290.02,49.525,10.572,523.56,28.999,27.016,-0.037081,0.008870,-0.017166,17.167,22.200
18.449219,3,65,3948.97,16.3390,0.70960,293.45,49.567,10.480,519.46,29.002,27.019,0.047459,-0.001408,-0.016103,17.166,22.200
18.453125,3,65,3949.41,16.3954,0.69981,289.43,49.550,10.493,519.95,29.005,27.021,-0.025441,-0.040823,0.017926,17.072,22.200
18.457031,3,65,3947.93,16.3265,0.71238,294.52,49.541,10.500,520.19,29.008,27.023,-0.005982,-0.019692,-0.000650,17.056,22.200
18.460938,3,65,3951.77,16.3372,0.71014,293.88,49.540,10.487,519.54,29.011,27.025,-0.036679,0.003137,-0.020204,17.214,22.200
18.464844,3,65,3943.41,16.3193,0.69905,288.68,49.549,10.460,518.30,29.014,27.028,-0.018720,-0.052751,0.029464,17.022,22.200
18.468750,3,65,3948.31,16.4639,0.71224,294.49,49.550,10.400,515.33,29.017,27.030,0.015891,-0.002677,-0.024839,17.190,22.200
18.472656,3,65,3948.96,16.3928,0.70870,293.07,49.533,10.500,520.08,29.020,27.032,-0.049071,0.002140,-0.024474,17.049,22.200
18.476563,3,65,3953.14,16.4192,0.70562,292.11,49.546,10.503,520.40,29.023,27.034,0.017141,-0.001223,-0.026039,17.156,22.200
18.480469,3,65,3958.47,16.4063,0.71273,295.45,49.553,10.597,525.13,29.026,27.037,0.047271,0.009013,-0.011968,17.186,22.200
18.484375,3,65,3955.19,16.4721,0.71127,294.60,49.525,10.461,518.09,29.029,27.039,-0.010964,-0.027589,0.014069,17.306,22.200
18.488281,3,65,3941.46,16.4214,0.70025,289.03,49.540,10.514,520.86,29.032,27.041,-0.011875,-0.041404,0.022789,17.052,22.200
18.492188,3,65,3947.12,16.4079,0.69135,285.76,49.527,10.524,521.21,29.035,27.043,-0.012797,-0.039836,0.022456,17.122,22.200
18.496094,3,65,3944.08,16.2341,0.69131,285.53,49.529,10.531,521.61,29.038,27.046,-0.051131,0.004640,-0.027000,17.076,22.200
18.500000,3,65,3952.76,16.4267,0.70208,290.61,49.533,10.589,524.49,29.042,27.048,-0.047580,-0.000625,-0.021850,17.133,22.200
18.503906,3,65,3949.18,16.3854,0.69718,288.32,49.530,10.529,521.49,29.045,27.050,-0.025277,0.010107,-0.010367,17.204,22.200
18.507813,3,65,3950.69,16.3090,0.70476,291.57,49.531,10.591,524.58,29.048,27.052,-0.029558,-0.044491,0.019753,17.284,22.200
18.511719,3,65,3956.17,16.4152,0.69220,286.77,49.519,10.481,519.01,29.051,27.055,-0.018844,-0.054068,0.029823,17.197,22.200
18.515625,3,65,3954.68,16.5331,0.70052,290.11,49.549,10.462,518.37,29.054,27.057,0.003443,-0.002963,-0.019622,17.127,22.200
18.519531,3,65,3956.80,16.3285,0.71093,294.58,49.543,10.558,523.07,29.057,27.059,0.028312,-0.000017,-0.027273,17.184,22.200
18.523438,3,65,3948.82,16.3804,0.69622,287.90,49.535,10.569,523.52,29.060,27.061,0.051313,0.050627,0.028027,17.262,22.200
18.527344,3,65,3956.93,16.4560,0.70341,291.47,49.525,10.626,526.25,29.063,27.064,-0.044371,0.000378,-0.026782,17.115,22.200
18.531250,3,65,3948.06,16.3440,0.68989,285.23,49.540,10.563,523.31,29.066,27.066,0.006991,-0.001618,-0.023979,17.202,22.200
18.535156,3,65,3953.40,16.3486,0.70587,292.23,49.536,10.482,519.22,29.069,27.068,0.038717,0.002864,-0.023348,17.092,22.200
18.539063,3,65,3956.06,16.5394,0.71213,295.02,49.566,10.503,520.60,29.072,27.070,0.011178,-0.001791,-0.026061,17.296,22.200
18.542969,3,65,3952.87,16.3825,0.71109,294.35,49.506,10.698,529.61,29.075,27.073,-0.025321,-0.045649,0.022181,17.239,22.200
18.546875,3,65,3941.73,16.3684,0.69628,287.41,49.554,10.523,521.46,29.078,27.075,-0.007782,-0.015796,-0.000524,17.116,22.200
18.550781,3,65,3951.34,16.4165,0.70031,289.78,49.532,10.499,520.06,29.081,27.077,-0.034671,-0.028245,0.011080,17.098,22.200
18.554688,3,65,3949.44,16.2504,0.71393,295.27,49.545,10.542,522.32,29.084,27.079,0.017146,-0.003045,-0.028003,17.144,22.200
18.558594,3,65,3949.20,16.3658,0.69710,288.29,49.559,10.479,519.31,29.087,27.082,-0.014109,-0.044181,0.022698,17.204,22.200
18.562500,3,65,3956.83,16.4417,0.71012,294.24,49.545,10.594,524.87,29.090,27.084,0.060544,0.041217,0.018026,17.159,22.200
18.566406,3,65,3951.51,16.3642,0.71279,294.96,49.535,10.579,524.03,29.093,27.086,-0.048203,-0.001834,-0.016451,17.193,22.200
18.570313,3,65,3948.74,16.3621,0.69945,289.23,49.515,10.569,523.34,29.096,27.088,0.061310,0.041947,0.014777,17.159,22.200
18.574219,3,65,3949.51,16.4850,0.69717,288.34,49.518,10.527,521.29,29.099,27.090,-0.025746,-0.037674,0.017057,17.275,22.200
18.578125,3,65,3956.65,16.3671,0.69355,287.36,49.524,10.531,521.56,29.102,27.093,0.058179,0.048046,0.024497,17.241,22.200
18.582031,3,65,3957.25,16.4325,0.71167,294.92,49.546,10.492,519.85,29.105,27.095,-0.018934,-0.051668,0.029596,17.254,22.200
18.585938,3,65,3957.23,16.3790,0.71178,294.96,49.519,10.678,528.75,29.108,27.097,-0.052683,0.000100,-0.029735,17.255,22.200
18.589844,3,65,3953.86,16.5116,0.70283,291.00,49.561,10.471,518.97,29.111,27.099,0.026581,0.046262,0.021858,17.217,22.200
18.593750,3,65,3954.27,16.4973,0.70474,291.83,49.534,10.597,524.93,29.114,27.102,-0.000445,-0.006373,-0.010941,17.256,22.200
18.597656,3,65,3937.66,16.3340,0.70233,289.61,49.534,10.497,519.98,29.117,27.104,-0.013120,-0.041272,0.023715,17.107,22.200
18.601563,3,65,3947.38,16.2578,0.69149,285.84,49.540,10.529,521.62,29.120,27.106,-0.050784,-0.000752,-0.026169,17.113,22.200
18.605469,3,65,3955.93,16.3899,0.71306,295.40,49.524,10.466,518.32,29.123,27.108,-0.040289,-0.022820,0.001763,17.250,22.200
18.609375,3,65,3951.08,16.3955,0.69492,287.53,49.535,10.567,523.45,29.126,27.110,-0.007661,-0.019576,-0.000561,17.115,22.200
18.613281,3,65,3948.01,16.2608,0.69804,288.59,49.531,10.531,521.59,29.129,27.113,-0.049520,-0.000260,-0.019808,17.126,22.200
18.617188,3,65,3952.20,16.3364,0.72072,298.29,49.500,10.598,524.62,29.132,27.115,0.027625,-0.001717,-0.026189,17.055,22.200
18.621094,3,65,3956.50,16.4313,0.69907,289.64,49.534,10.551,522.61,29.135,27.117,-0.028684,0.008322,-0.015564,17.116,22.200
18.625000,3,65,3951.83,16.3599,0.70803,293.01,49.535,10.577,523.93,29.138,27.119,-0.040752,-0.013818,-0.003119,17.180,22.200
18.628906,3,65,3953.63,16.4201,0.69998,289.81,49.548,10.522,521.33,29.141,27.121,-0.015975,-0.045748,0.023369,17.229,22.200
18.632813,3,65,3955.99,16.4003,0.71657,296.85,49.535,10.542,522.21,29.144,27.124,-0.014336,-0.043374,0.021215,17.166,22.200
18.636719,3,65,3958.83,16.5135,0.70622,292.78,49.532,10.553,522.70,29.147,27.126,-0.032887,-0.038618,0.015844,17.241,22.200
18.640625,3,65,3949.20,16.3053,0.70747,292.58,49.578,10.392,515.21,29.150,27.128,-0.021441,0.013278,-0.006653,17.196,22.200
18.644531,3,65,3960.02,16.4170,0.69902,289.88,49.560,10.446,517.70,29.153,27.130,-0.016609,-0.048917,0.025977,17.227,22.200
18.648438,3,65,3959.90,16.4873,0.70782,293.52,49.533,10.660,528.03,29.156,27.132,-0.048561,0.000798,-0.018560,17.289,22.200
18.652344,3,65,3947.91,16.3674,0.70221,290.31,49.525,10.499,519.95,29.159,27.135,0.029176,0.000017,-0.028268,17.168,22.200
18.656250,3,65,3951.22,16.3743,0.70450,291.50,49.501,10.642,526.80,29.162,27.137,-0.016061,-0.055509,0.027593,17.102,22.200
18.660156,3,65,3960.26,16.4931,0.69623,288.74,49.532,10.533,521.74,29.165,27.139,-0.028281,-0.038345,0.016049,17.254,22.200
18.664063,3,65,3957.85,16.4615,0.69594,288.44,49.576,10.429,517.01,29.167,27.141,0.063417,0.033724,0.013266,17.133,22.200
18.667969,3,65,3955.28,16.3353,0.69857,289.35,49.506,10.543,521.95,29.170,27.143,-0.022653,-0.048445,0.025900,17.236,22.200
18.671875,3,65,3948.19,16.3985,0.69913,289.06,49.539,10.513,520.82,29.173,27.145,-0.033882,-0.031925,0.012123,17.320,22.200
18.675781,3,65,3942.82,16.3250,0.69870,288.49,49.563,10.527,521.74,29.176,27.148,0.043654,0.003449,-0.018002,17.168,22.200
18.679688,3,65,3949.15,16.4358,0.70635,292.11,49.544,10.579,524.15,29.179,27.150,-0.011131,-0.028602,0.008499,17.240,22.200
18.683594,3,65,3948.23,16.4212,0.69492,287.32,49.548,10.537,522.08,29.182,27.152,-0.006667,-0.015135,0.000726,17.254,22.200
18.687500,3,65,3950.83,16.3309,0.71324,295.09,49.547,10.563,523.37,29.185,27.154,-0.016576,-0.041664,0.022763,17.090,22.200
18.691406,3,65,3961.21,16.4357,0.71837,297.99,49.519,10.624,526.08,29.188,27.156,0.016622,0.035261,0.019649,17.237,22.200
18.695313,3,65,3971.77,16.5166,0.70943,295.07,49.519,10.604,525.08,29.191,27.159,-0.017376,-0.052821,0.026405,17.207,22.200
18.699219,3,65,3946.46,16.3453,0.69992,289.26,49.549,10.466,518.57,29.194,27.161,-0.023482,0.013740,-0.006842,17.176,22.200
18.703125,3,65,3948.64,16.5138,0.70675,292.24,49.552,10.450,517.81,29.197,27.163,-0.042072,0.000469,-0.024261,17.116,22.200
18.707031,3,65,3955.09,16.5237,0.71664,296.81,49.509,10.458,517.79,29.200,27.165,0.060031,0.044154,0.023281,17.223,22.200
18.710938,3,65,3956.04,16.5392,0.71036,294.29,49.519,10.592,524.50,29.203,27.167,-0.035277,-0.025874,0.007181,17.224,22.200
18.714844,3,65,3941.08,16.3189,0.70039,289.06,49.542,10.446,517.50,29.206,27.169,0.035934,0.000602,-0.023587,17.115,22.200
18.718750,3,65,3959.58,16.4634,0.71123,294.91,49.505,10.552,522.38,29.209,27.172,0.029445,-0.000235,-0.024550,17.274,22.200
18.722656,3,65,3948.06,16.3785,0.69561,287.59,49.506,10.497,519.67,29.212,27.174,-0.007050,0.022014,0.005409,17.150,22.200
18.726563,3,65,3948.64,16.4801,0.69465,287.24,49.562,10.344,512.69,29.214,27.176,-0.002266,-0.003858,-0.015251,17.198,22.200
18.730469,3,65,3949.44,16.3911,0.69247,286.40,49.528,10.625,526.26,29.217,27.178,-0.029758,0.006692,-0.014902,17.076,22.200
18.734375,3,65,3959.46,16.4917,0.70382,291.83,49.529,10.600,525.00,29.220,27.180,0.026902,-0.001459,-0.025141,17.266,22.200
18.738281,3,65,3959.25,16.3988,0.70028,290.34,49.572,10.528,521.91,29.223,27.182,-0.010991,-0.030323,0.011090,17.233,22.200
18.742188,3,65,3950.28,16.3995,0.70866,293.15,49.516,10.524,521.09,29.226,27.184,-0.014461,0.016490,-0.003458,17.141,22.200
18.746094,3,65,3959.88,16.5032,0.71240,295.42,49.524,10.532,521.61,29.229,27.187,0.055284,0.018227,-0.001809,17.352,22.200
18.750000,3,65,3956.89,16.4640,0.69433,287.71,49.555,10.419,516.31,29.232,27.189,-0.012575,-0.043166,0.024217,17.258,22.200
18.753906,3,65,3948.90,16.4039,0.69679,288.14,49.526,10.410,515.56,29.235,27.191,0.034001,-0.001847,-0.024714,16.980,22.200
18.757813,3,65,3954.71,16.4688,0.69574,288.13,49.516,10.654,527.52,29.238,27.193,0.015780,-0.001759,-0.027716,17.131,22.200
18.761719,3,65,3956.53,16.4608,0.70097,290.43,49.538,10.611,525.66,29.241,27.195,0.059239,0.026249,0.007180,17.205,22.200
18.765625,3,65,3950.66,16.4211,0.70446,291.44,49.540,10.546,522.46,29.244,27.197,-0.021539,-0.053749,0.024438,17.084,22.200
18.769531,3,65,3952.38,16.4168,0.69940,289.48,49.520,10.530,521.43,29.247,27.199,0.002533,-0.004790,-0.014102,17.253,22.200
18.773438,3,65,3965.73,16.6579,0.70219,291.61,49.537,10.563,523.23,29.250,27.202,-0.046938,0.004371,-0.028779,17.173,22.200
18.777344,3,65,3948.71,16.4545,0.70733,292.49,49.535,10.574,523.80,29.253,27.204,-0.050876,-0.000075,-0.021304,17.172,22.200
18.781250,3,65,3953.97,16.4082,0.69080,286.03,49.531,10.600,525.01,29.256,27.206,-0.036127,-0.028951,0.009010,17.289,22.200
18.785156,3,65,3949.20,16.2835,0.70577,291.88,49.568,10.554,523.14,29.258,27.208,-0.003318,-0.014089,-0.004913,17.189,22.200
18.789063,3,65,3952.60,16.2716,0.70326,291.09,49.534,10.497,519.95,29.261,27.210,-0.046279,-0.001863,-0.018607,17.150,22.200
18.792969,3,65,3957.50,16.5214,0.70712,293.05,49.546,10.431,516.82,29.264,27.212,-0.015388,-0.050763,0.024990,17.191,22.200
18.796875,3,65,3959.89,16.5374,0.69555,288.43,49.514,10.530,521.38,29.267,27.214,-0.018009,-0.049378,0.028043,17.332,22.200
18.800781,3,65,3959.09,16.3688,0.70371,291.75,49.537,10.570,523.59,29.270,27.217,-0.017558,-0.053902,0.029675,17.266,22.200
18.804688,3,65,3946.24,16.3830,0.69520,287.29,49.550,10.481,519.35,29.273,27.219,-0.053504,0.002227,-0.025717,17.178,22.200
18.808594,3,65,3959.13,16.4634,0.70305,291.49,49.522,10.696,529.67,29.276,27.221,0.049492,0.050957,0.027387,17.293,22.200
18.812500,3,65,3949.01,16.4148,0.69806,288.67,49.543,10.652,527.74,29.279,27.223,0.059994,0.030469,0.012087,17.142,22.200
18.816406,3,65,3959.00,16.5130,0.69602,288.56,49.528,10.459,517.99,29.282,27.225,-0.015102,-0.053362,0.026652,17.219,22.200
18.820313,3,65,3961.11,16.5556,0.70645,293.04,49.553,10.568,523.69,29.285,27.227,-0.009893,-0.034832,0.010062,17.278,22.200
18.824219,3,65,3956.06,16.3520,0.70927,293.84,49.526,10.468,518.43,29.288,27.229,0.062818,0.036054,0.015265,17.244,22.200
18.828125,3,65,3955.62,16.3819,0.70795,293.25,49.540,10.532,521.77,29.290,27.232,0.033799,-0.001443,-0.023488,17.254,22.200
18.832031,3,65,3960.62,16.4678,0.70755,293.46,49.542,10.567,523.53,29.293,27.234,0.056378,0.050782,0.023177,17.147,22.200
18.835938,3,65,3958.32,16.4771,0.70935,294.03,49.524,10.560,522.97,29.296,27.236,-0.026358,-0.043984,0.016354,17.171,22.200
18.839844,3,65,3950.48,16.4378,0.69613,287.99,49.530,10.478,518.97,29.299,27.238,-0.004986,-0.009209,-0.005830,17.251,22.200
18.843750,3,65,3952.22,16.4225,0.70126,290.24,49.564,10.429,516.92,29.302,27.240,0.050311,0.009072,-0.014654,17.130,22.200
18.847656,3,65,3951.09,16.3316,0.71040,293.93,49.556,10.583,524.44,29.305,27.242,0.061372,0.040669,0.018509,17.170,22.200
18.851563,3,65,3952.82,16.4265,0.70095,290.15,49.563,10.454,518.12,29.308,27.244,-0.016055,0.015657,-0.003792,17.295,22.200
18.855469,3,65,3957.78,16.5365,0.71376,295.82,49.505,10.567,523.11,29.311,27.246,-0.044639,-0.003889,-0.018050,17.264,22.200
18.859375,3,65,3957.59,16.5212,0.70398,291.76,49.572,10.398,515.42,29.313,27.248,-0.011140,0.023171,0.002796,17.240,22.200
18.863281,3,65,3954.74,16.3935,0.69126,286.28,49.527,10.543,522.14,29.316,27.250,0.024349,-0.001651,-0.027154,17.207,22.200
18.867188,3,65,3954.82,16.4979,0.70301,291.15,49.549,10.508,520.66,29.319,27.253,-0.022468,-0.049604,0.025704,17.174,22.200
18.871094,3,65,3964.22,16.4633,0.72179,299.64,49.526,10.609,525.41,29.322,27.255,-0.051882,-0.000302,-0.027566,17.240,22.200
18.875000,3,65,3948.92,16.3188,0.69765,288.50,49.530,10.687,529.34,29.325,27.257,0.040713,0.002378,-0.019414,17.057,22.200
18.878906,3,65,3949.77,16.4509,0.69568,287.75,49.515,10.683,528.99,29.328,27.259,-0.052191,0.003308,-0.028132,17.162,22.200
18.882813,3,65,3956.58,16.3443,0.70993,294.15,49.520,10.542,522.02,29.331,27.261,0.061463,0.021724,0.001857,17.185,22.200
18.886719,3,65,3950.94,16.3677,0.70248,290.64,49.569,10.466,518.80,29.334,27.263,-0.032138,-0.033016,0.011773,17.160,22.200
18.890625,3,65,3964.67,16.4572,0.71199,295.60,49.514,10.586,524.13,29.337,27.265,0.044229,0.001769,-0.019038,17.213,22.200
18.894531,3,65,3960.39,16.3950,0.69175,286.89,49.512,10.578,523.72,29.340,27.267,0.059626,0.036879,0.014931,17.291,22.200
18.898438,3,65,3953.50,16.3585,0.70183,290.56,49.571,10.373,514.22,29.342,27.269,0.048504,0.003636,-0.015967,17.258,22.200
18.902344,3,65,3954.14,16.4537,0.71725,297.00,49.533,10.511,520.62,29.345,27.272,-0.038289,-0.015639,-0.004675,17.191,22.200
18.906250,3,65,3961.29,16.5642,0.72445,300.52,49.547,10.436,517.08,29.348,27.274,0.057472,0.011611,-0.006379,17.217,22.200
18.910156,3,65,3958.76,16.3606,0.71540,296.58,49.550,10.508,520.68,29.351,27.276,-0.032650,-0.027315,0.009170,17.330,22.200
18.914063,3,65,3949.80,16.2716,0.70515,291.66,49.521,10.663,528.03,29.354,27.278,0.057208,0.051656,0.025196,17.243,22.200
18.917969,3,65,3953.91,16.5519,0.71197,294.79,49.524,10.613,525.60,29.357,27.280,-0.032474,-0.033864,0.012650,17.193,22.200
18.921875,3,65,3947.52,16.3821,0.70504,291.45,49.545,10.451,517.78,29.359,27.282,-0.028639,0.008036,-0.013798,17.128,22.200
18.925781,3,65,3957.71,16.3814,0.70526,292.30,49.529,10.596,524.79,29.362,27.284,0.007090,-0.000105,-0.022358,17.381,22.200
18.929688,3,65,3967.93,16.4455,0.69699,289.61,49.558,10.586,524.61,29.365,27.286,-0.047802,0.003685,-0.027536,17.305,22.200
18.933594,3,65,3956.07,16.3887,0.71772,297.34,49.531,10.526,521.34,29.368,27.288,0.007336,-0.002738,-0.023170,17.267,22.200
18.937500,3,65,3953.27,16.3615,0.70758,292.93,49.528,10.479,518.99,29.371,27.290,-0.047118,-0.006068,-0.015526,17.239,22.200
18.941406,3,65,3949.86,16.3856,0.69968,289.41,49.507,10.520,520.82,29.374,27.292,-0.023933,0.012114,-0.009175,17.162,22.200
18.945313,3,65,3961.89,16.4763,0.70510,292.54,49.543,10.530,521.70,29.377,27.294,0.005938,0.031371,0.013139,17.170,22.200
18.949219,3,65,3960.77,16.3802,0.70965,294.34,49.558,10.529,521.78,29.379,27.297,-0.036812,0.000315,-0.019839,17.210,22.200
18.953125,3,65,3965.05,16.4548,0.70367,292.18,49.528,10.654,527.68,29.382,27.299,-0.012347,-0.037234,0.019038,17.270,22.200
18.957031,3,65,3964.17,16.4940,0.70742,293.67,49.519,10.616,525.71,29.385,27.301,-0.008831,-0.026219,0.008386,17.272,22.200
18.960938,3,65,3958.64,16.4664,0.71132,294.88,49.521,10.553,522.61,29.388,27.303,0.008384,0.030832,0.013771,17.300,22.200
18.964844,3,65,3960.17,16.4780,0.70742,293.37,49.529,10.610,525.49,29.391,27.305,-0.042733,-0.009006,-0.010688,17.220,22.200
18.968750,3,65,3959.03,16.4714,0.71324,295.70,49.537,10.571,523.68,29.394,27.307,-0.022834,-0.045082,0.021395,17.155,22.200
18.972656,3,65,3953.36,16.4602,0.69418,287.39,49.552,10.553,522.92,29.397,27.309,0.052688,0.052590,0.028399,17.234,22.200
18.976563,3,65,3959.32,16.5556,0.70084,290.58,49.545,10.532,521.81,29.400,27.311,0.048954,0.006376,-0.014982,17.239,22.200
18.980469,3,65,3947.35,16.3495,0.70439,291.17,49.532,10.466,518.38,29.402,27.313,-0.038756,-0.019757,-0.002507,17.144,22.200
18.984375,3,65,3951.38,16.3998,0.70999,293.79,49.530,10.621,526.08,29.405,27.315,0.051433,0.004448,-0.012888,17.108,22.200
18.988281,3,65,3956.31,16.4905,0.69954,289.82,49.553,10.442,517.45,29.408,27.317,0.038108,0.052191,0.026965,17.229,22.200
18.992188,3,65,3950.42,16.3103,0.71091,294.09,49.565,10.527,521.80,29.411,27.319,-0.009857,-0.021320,0.002727,17.276,22.200
18.996094,3,65,3954.29,16.3669,0.69896,289.43,49.530,10.582,524.13,29.414,27.321,-0.022045,0.013961,-0.008462,17.132,22.200
19.000000,3,65,3967.25,16.5959,0.71308,296.25,49.548,10.595,524.99,29.417,27.324,0.034356,0.001334,-0.028781,17.272,22.200
19.003906,3,65,3960.57,16.5796,0.71529,296.67,49.567,10.597,525.28,29.420,27.326,-0.007253,-0.015660,-0.004291,17.310,22.200
19.007813,3,65,3958.24,16.4539,0.69362,287.51,49.525,10.580,523.99,29.422,27.328,-0.007941,0.021828,0.004957,17.221,22.200
19.011719,3,65,3953.11,16.4848,0.70497,291.83,49.542,10.453,517.86,29.425,27.330,-0.018278,-0.054015,0.027472,17.194,22.200
19.015625,3,65,3955.24,16.3593,0.70267,291.04,49.548,10.445,517.54,29.428,27.332,-0.012464,-0.046446,0.022941,17.224,22.200
19.019531,3,65,3956.85,16.5083,0.70031,290.18,49.535,10.589,524.51,29.431,27.334,0.039120,0.001359,-0.027282,17.197,22.200
19.023438,3,65,3960.40,16.4094,0.70723,293.31,49.520,10.654,527.60,29.434,27.336,-0.034963,-0.032188,0.010386,17.284,22.200
19.027344,3,65,3958.95,16.3982,0.70827,293.63,49.557,10.616,526.08,29.437,27.338,-0.006627,-0.024926,0.007619,17.299,22.200
19.031250,3,65,3959.83,16.4530,0.70208,291.13,49.533,10.547,522.42,29.439,27.340,0.016659,0.038145,0.017534,17.097,22.200
19.035156,3,65,3958.22,16.5154,0.69543,288.26,49.554,10.484,519.55,29.442,27.342,-0.047339,-0.003401,-0.016615,17.198,22.200
19.039063,3,65,3949.41,16.4572,0.69587,287.80,49.537,10.584,524.30,29.445,27.344,0.054328,0.014646,-0.006022,17.289,22.200
19.042969,3,65,3961.26,16.4770,0.70242,291.38,49.550,10.534,521.94,29.448,27.346,0.046923,0.006474,-0.011159,17.070,22.200
19.046875,3,65,3950.06,16.3757,0.69801,288.73,49.544,10.446,517.52,29.451,27.348,-0.018357,0.014007,-0.005514,17.136,22.200
19.050781,3,65,3958.55,16.3941,0.71081,294.66,49.505,10.515,520.54,29.453,27.350,-0.037505,0.005558,-0.018840,17.202,22.200
19.054688,3,65,3955.73,16.4632,0.69081,286.16,49.517,10.476,518.73,29.456,27.352,0.044119,0.003818,-0.016547,17.218,22.200
19.058594,3,65,3951.89,16.3083,0.71031,293.96,49.546,10.526,521.54,29.459,27.354,0.030236,0.000384,-0.024664,17.213,22.200
19.062500,3,65,3962.90,16.4283,0.70716,293.47,49.507,10.618,525.69,29.462,27.356,0.037535,0.049790,0.028090,17.300,22.200
19.066406,3,65,3965.44,16.5023,0.70962,294.68,49.536,10.626,526.35,29.465,27.358,0.054107,0.052097,0.023422,17.267,22.200
19.070313,3,65,3963.88,16.4678,0.70079,290.89,49.501,10.680,528.67,29.468,27.361,-0.039377,0.002153,-0.022751,17.197,22.200
19.074219,3,65,3958.15,16.4466,0.70443,291.99,49.540,10.539,522.11,29.470,27.363,0.026029,-0.002560,-0.028181,17.220,22.200
19.078125,3,65,3955.50,16.3323,0.70959,293.93,49.544,10.538,522.11,29.473,27.365,-0.041645,-0.012285,-0.009526,17.201,22.200
19.082031,3,65,3955.57,16.5356,0.70964,293.95,49.519,10.624,526.11,29.476,27.367,0.016406,0.038418,0.016925,17.323,22.200
19.085938,3,65,3942.69,16.3425,0.70794,292.29,49.510,10.505,520.11,29.479,27.369,0.061051,0.034136,0.015675,17.276,22.200
19.089844,3,65,3960.88,16.5691,0.69841,289.69,49.515,10.413,515.58,29.482,27.371,0.057071,0.016150,-0.005753,17.331,22.200
19.093750,3,65,3950.61,16.4281,0.70060,289.84,49.524,10.501,520.03,29.484,27.373,0.058043,0.018794,0.001342,17.158,22.200
19.097656,3,65,3952.89,16.3289,0.69473,287.58,49.514,10.509,520.34,29.487,27.375,0.061601,0.026957,0.005190,17.194,22.200
19.101563,3,65,3953.26,16.3867,0.70412,291.49,49.533,10.432,516.71,29.490,27.377,-0.017692,-0.054369,0.029343,17.239,22.200
19.105469,3,65,3954.86,16.3722,0.69907,289.52,49.542,10.472,518.82,29.493,27.379,0.024563,-0.001895,-0.030673,17.229,22.200
19.109375,3,65,3961.27,16.4461,0.70057,290.61,49.529,10.625,526.27,29.495,27.381,-0.024117,-0.048809,0.021008,17.239,22.200
19.113281,3,65,3954.35,16.4573,0.71335,295.40,49.522,10.496,519.76,29.498,27.383,-0.033116,-0.031451,0.009969,17.204,22.200
19.117188,3,65,3948.42,16.2357,0.71107,294.01,49.529,10.457,517.90,29.501,27.385,0.034539,0.049257,0.028592,17.111,22.200
19.121094,3,65,3950.94,16.3987,0.69417,287.21,49.504,10.483,518.96,29.504,27.387,0.054379,0.051485,0.025095,17.115,22.200
19.125000,3,65,3955.82,16.4933,0.69482,287.83,49.547,10.535,521.98,29.506,27.389,-0.026746,0.009580,-0.012188,17.313,22.200
19.128906,3,65,3960.93,16.4537,0.70708,293.29,49.522,10.524,521.16,29.509,27.391,-0.048887,0.003772,-0.027379,17.212,22.200
19.132813,3,65,3962.18,16.4182,0.70614,292.99,49.548,10.632,526.78,29.512,27.393,-0.006689,-0.019286,-0.000336,17.114,22.200
19.136719,3,65,3964.29,16.5433,0.71594,297.21,49.503,10.765,532.88,29.515,27.395,0.006507,-0.000639,-0.018515,17.189,22.200
19.140625,3,65,3962.99,16.5212,0.71256,295.71,49.528,10.561,523.05,29.518,27.397,0.052780,0.008780,-0.011316,17.178,22.200
19.144531,3,65,3961.70,16.3993,0.69206,287.11,49.521,10.616,525.69,29.521,27.399,0.044783,0.055117,0.028105,17.237,22.200
19.148438,3,65,3959.62,16.5077,0.71608,296.92,49.526,10.445,517.29,29.523,27.401,-0.032571,-0.031467,0.009415,17.224,22.200
19.152344,3,65,3962.03,16.4570,0.71392,296.21,49.546,10.565,523.44,29.526,27.403,-0.039239,-0.019794,0.002521,17.142,22.200
19.156250,3,65,3954.20,16.4738,0.70425,291.62,49.550,10.395,515.06,29.529,27.405,-0.007768,-0.020448,0.001864,17.240,22.200
19.160156,3,65,3959.79,16.5410,0.69884,289.79,49.526,10.599,524.93,29.532,27.407,-0.012234,-0.037726,0.017414,17.252,22.200
19.164063,3,65,3959.89,16.4282,0.70983,294.35,49.514,10.575,523.60,29.534,27.409,-0.048167,0.002545,-0.024160,17.200,22.200
19.167969,3,65,3963.58,16.5193,0.71807,298.05,49.515,10.603,525.00,29.537,27.411,0.053153,0.008581,-0.010260,17.225,22.200
19.171875,3,65,3956.13,16.4844,0.71958,298.11,49.556,10.596,525.10,29.540,27.413,0.053249,0.048393,0.026666,17.257,22.200
19.175781,3,65,3957.43,16.5289,0.71098,294.65,49.527,10.639,526.92,29.543,27.415,-0.050849,-0.002321,-0.023803,17.092,22.200
19.179688,3,65,3958.28,16.4746,0.70046,290.35,49.529,10.527,521.39,29.546,27.417,0.028138,-0.001988,-0.026160,17.096,22.200
19.183594,3,65,3969.52,16.5178,0.71334,296.53,49.504,10.634,526.41,29.548,27.419,0.061974,0.034476,0.014076,17.264,22.200
19.187500,3,65,3964.88,16.5406,0.71062,295.05,49.535,10.596,524.89,29.551,27.421,-0.020442,0.011011,-0.006396,17.165,22.200
19.191406,3,65,3959.20,16.6011,0.70989,294.32,49.557,10.528,521.74,29.554,27.423,0.006487,-0.003238,-0.021740,17.183,22.200
19.195313,3,65,3961.50,16.4756,0.69748,289.35,49.552,10.646,527.55,29.557,27.425,0.008903,-0.003262,-0.024456,17.400,22.200
19.199219,3,65,3960.37,16.4844,0.70649,293.00,49.505,10.634,526.46,29.560,27.427,0.043466,0.005461,-0.020399,17.169,22.200
19.203125,3,65,3961.53,16.4192,0.69864,289.83,49.537,10.507,520.50,29.562,27.429,-0.038682,0.006691,-0.018080,17.317,22.200
19.207031,3,65,3966.80,16.5414,0.70067,291.06,49.507,10.613,525.41,29.565,27.431,-0.050573,0.001647,-0.027671,17.341,22.200
19.210938,3,65,3961.01,16.5934,0.69702,289.12,49.528,10.595,524.76,29.568,27.433,0.049759,0.007190,-0.014163,17.173,22.200
19.214844,3,65,3951.37,16.4275,0.70373,291.20,49.566,10.506,520.77,29.571,27.435,-0.000105,-0.008340,-0.010593,17.124,22.200
19.218750,3,65,3961.75,16.5389,0.70979,294.47,49.536,10.544,522.32,29.574,27.437,0.015067,0.035615,0.016519,17.321,22.200
19.222656,3,65,3956.01,16.3277,0.70656,292.71,49.508,10.601,524.82,29.576,27.439,0.004002,-0.007419,-0.009757,17.243,22.200
19.226563,3,65,3954.32,16.4084,0.69612,288.26,49.571,10.596,525.25,29.579,27.441,0.059088,0.043655,0.022364,17.170,22.200
19.230469,3,65,3959.42,16.5426,0.71260,295.47,49.550,10.509,520.73,29.582,27.443,0.028092,0.041475,0.023106,17.271,22.200
19.234375,3,65,3952.79,16.4493,0.69862,289.18,49.527,10.562,523.09,29.585,27.445,0.062420,0.034986,0.013610,17.225,22.200
19.238281,3,65,3951.86,16.4355,0.69682,288.37,49.516,10.440,516.92,29.587,27.447,0.057162,0.050346,0.025708,17.072,22.200
19.242188,3,65,3950.10,16.2815,0.70849,293.07,49.555,10.538,522.20,29.590,27.449,-0.051608,0.004654,-0.028337,17.216,22.200
19.246094,3,65,3952.73,16.4631,0.70304,291.01,49.538,10.526,521.44,29.593,27.451,-0.030299,0.003648,-0.014220,17.178,22.200
19.250000,3,65,3957.76,16.4753,0.70305,291.38,49.537,10.508,520.56,29.595,27.453,-0.051471,-0.001392,-0.023185,17.291,22.200
19.253906,3,65,3957.99,16.4296,0.69780,289.22,49.547,10.426,516.58,29.598,27.455,0.055900,0.048038,0.024862,17.220,22.200
19.257813,3,65,3958.47,16.5040,0.71162,294.99,49.522,10.628,526.32,29.601,27.457,-0.016307,-0.044198,0.019321,17.243,22.200
19.261719,3,65,3947.91,16.4828,0.69227,286.20,49.543,10.438,517.15,29.604,27.459,0.001774,-0.005448,-0.016477,17.222,22.200
19.265625,3,65,3950.94,16.3755,0.71122,294.26,49.524,10.480,519.01,29.606,27.460,-0.023285,-0.046908,0.025379,17.220,22.200
19.269531,3,65,3962.69,16.5369,0.70444,292.32,49.541,10.581,524.22,29.609,27.462,-0.026933,-0.038360,0.016704,17.253,22.200
19.273438,3,65,3964.78,16.5381,0.70728,293.66,49.511,10.611,525.37,29.612,27.464,-0.018181,-0.051317,0.030116,17.151,22.200
19.277344,3,65,3954.48,16.4263,0.70133,290.43,49.525,10.647,527.28,29.615,27.466,-0.017606,-0.049144,0.024164,17.226,22.200
19.281250,3,65,3969.55,16.6687,0.71636,297.78,49.531,10.587,524.40,29.617,27.468,-0.026356,-0.048248,0.022482,17.231,22.200
19.285156,3,65,3960.12,16.5498,0.69935,290.02,49.543,10.448,517.63,29.620,27.470,-0.046995,0.001315,-0.025908,17.135,22.200
19.289063,3,65,3951.11,16.3757,0.69785,288.74,49.541,10.516,521.00,29.623,27.472,0.057537,0.012625,-0.005754,17.137,22.200
19.292969,3,65,3962.39,16.4280,0.69809,289.67,49.554,10.597,525.14,29.626,27.474,0.052953,0.052438,0.026142,17.183,22.200
19.296875,3,65,3962.58,16.4396,0.72208,299.63,49.507,10.553,522.46,29.628,27.476,-0.003049,-0.011599,-0.007278,17.087,22.200
19.300781,3,65,3954.07,16.4391,0.71192,294.79,49.526,10.561,523.05,29.631,27.478,-0.016255,0.014612,-0.005255,17.274,22.200
19.304688,3,65,3960.63,16.4658,0.70790,293.60,49.531,10.562,523.14,29.634,27.480,0.024381,-0.002233,-0.028164,17.131,22.200
19.308594,3,65,3966.44,16.6387,0.70585,293.18,49.547,10.529,521.69,29.636,27.482,-0.003509,-0.013855,-0.004217,17.352,22.200
19.312500,3,65,3949.18,16.3836,0.70411,291.19,49.508,10.619,525.73,29.639,27.484,0.063636,0.043075,0.018413,17.309,22.200
19.316406,3,65,3956.67,16.5199,0.70717,293.01,49.564,10.468,518.84,29.642,27.486,-0.050508,0.001602,-0.028367,17.283,22.200
19.320313,3,65,3954.02,16.3472,0.70498,291.91,49.525,10.486,519.29,29.645,27.488,0.055414,0.013339,-0.005999,17.094,22.200
19.324219,3,65,3956.67,16.5224,0.70132,290.58,49.535,10.514,520.82,29.647,27.490,0.019590,-0.000618,-0.027916,17.233,22.200
19.328125,3,65,3962.55,16.4378,0.70316,291.78,49.528,10.519,520.98,29.650,27.492,-0.008891,-0.024330,0.007911,17.314,22.200
19.332031,3,65,3961.74,16.4209,0.70416,292.14,49.549,10.627,526.56,29.653,27.494,-0.010525,-0.024818,0.007802,17.192,22.200
19.335938,3,65,3967.25,16.4938,0.71744,298.06,49.514,10.569,523.30,29.655,27.496,-0.012804,-0.040662,0.018097,17.302,22.200
19.339844,3,65,3963.17,16.4889,0.71369,296.20,49.517,10.614,525.59,29.658,27.498,-0.006222,-0.016850,-0.000918,17.202,22.200
19.343750,3,65,3952.36,16.4292,0.70511,291.84,49.567,10.488,519.86,29.661,27.500,0.052451,0.007463,-0.005113,17.248,22.200
19.347656,3,65,3962.87,16.5643,0.70432,292.29,49.533,10.729,531.45,29.664,27.502,-0.042817,0.001965,-0.024242,17.383,22.200
19.351563,3,65,3968.73,16.5009,0.70646,293.61,49.575,10.498,520.44,29.666,27.503,0.020743,0.042767,0.022025,17.181,22.200
19.355469,3,65,3961.68,16.4767,0.71451,296.43,49.520,10.657,527.71,29.669,27.505,0.011246,0.039314,0.018714,17.191,22.200
19.359375,3,65,3960.88,16.3719,0.70523,292.52,49.539,10.545,522.37,29.672,27.507,0.012043,0.035049,0.016554,17.207,22.200
19.363281,3,65,3962.95,16.4874,0.70516,292.64,49.512,10.501,519.93,29.675,27.509,-0.022835,0.010476,-0.010924,17.279,22.200
19.367188,3,65,3953.11,16.5330,0.69727,288.65,49.520,10.498,519.84,29.677,27.511,0.017679,0.041503,0.021903,17.268,22.200
19.371094,3,65,3960.92,16.5104,0.71371,296.04,49.512,10.653,527.43,29.680,27.513,-0.052107,0.003007,-0.023723,17.136,22.200
19.375000,3,65,3952.15,16.4807,0.69812,288.93,49.544,10.545,522.46,29.683,27.515,0.055068,0.015173,-0.003983,17.207,22.200
19.378906,3,65,3957.74,16.3741,0.69737,289.03,49.513,10.538,521.79,29.685,27.517,0.039467,0.000232,-0.024371,17.163,22.200
19.382813,3,65,3955.87,16.3530,0.70460,291.89,49.547,10.490,519.72,29.688,27.519,-0.020286,0.010787,-0.006992,17.160,22.200
19.386719,3,65,3964.31,16.3785,0.69789,289.72,49.555,10.521,521.36,29.691,27.521,-0.024402,0.010305,-0.011154,17.375,22.200
19.390625,3,65,3958.53,16.4190,0.70471,292.13,49.539,10.715,530.78,29.694,27.523,0.029125,-0.004403,-0.025483,17.121,22.200
19.394531,3,65,3962.50,16.5727,0.70795,293.77,49.523,10.605,525.21,29.696,27.525,-0.045536,0.002257,-0.025113,17.208,22.200
19.398438,3,65,3961.85,16.4766,0.70249,291.45,49.541,10.545,522.43,29.699,27.527,-0.035437,0.006305,-0.017259,17.210,22.200
19.402344,3,65,3961.42,16.4557,0.71263,295.63,49.531,10.634,526.70,29.702,27.529,0.018700,0.043651,0.019604,17.110,22.200
19.406250,3,65,3955.00,16.4888,0.70609,292.44,49.550,10.538,522.17,29.704,27.531,0.056307,0.022813,0.001302,17.198,22.200
19.410156,3,65,3953.31,16.4197,0.68949,285.44,49.526,10.511,520.55,29.707,27.533,-0.033548,0.007529,-0.014979,17.334,22.200
19.414063,3,65,3953.45,16.4229,0.69875,289.29,49.506,10.582,523.86,29.710,27.534,0.053756,0.019023,-0.000788,17.351,22.200
19.417969,3,65,3960.36,16.4509,0.70871,293.92,49.502,10.617,525.59,29.713,27.536,-0.039753,-0.020865,-0.002547,17.346,22.200
19.421875,3,65,3960.28,16.4672,0.71145,295.05,49.532,10.622,526.15,29.715,27.538,-0.016519,0.010859,-0.007122,17.253,22.200
19.425781,3,65,3963.09,16.4262,0.71281,295.82,49.543,10.566,523.47,29.718,27.540,0.051695,0.055181,0.029106,17.236,22.200
19.429688,3,65,3949.18,16.3318,0.70617,292.04,49.517,10.590,524.38,29.721,27.542,-0.045849,0.003415,-0.025084,17.101,22.200
19.433594,3,65,3958.89,16.3562,0.70772,293.40,49.547,10.420,516.26,29.723,27.544,0.041362,0.001545,-0.020556,17.272,22.200
19.437500,3,65,3968.78,16.5766,0.71730,298.12,49.524,10.565,523.23,29.726,27.546,-0.042836,-0.014068,-0.006181,17.281,22.200
19.441406,3,65,3971.46,16.4986,0.71149,295.90,49.520,10.609,525.38,29.729,27.548,-0.047655,-0.000402,-0.028997,17.326,22.200
19.445313,3,65,3957.74,16.4612,0.70772,293.32,49.518,10.523,521.09,29.731,27.550,-0.027947,-0.035737,0.012264,17.248,22.200
19.449219,3,65,3964.02,16.4252,0.69973,290.47,49.527,10.610,525.49,29.734,27.552,-0.013306,0.015384,-0.002994,17.200,22.200
19.453125,3,65,3963.87,16.4340,0.72201,299.70,49.535,10.601,525.12,29.737,27.554,0.062825,0.035336,0.013264,17.312,22.200
19.457031,3,65,3965.67,16.4187,0.71501,296.93,49.527,10.534,521.71,29.739,27.556,0.010467,0.037111,0.014905,17.082,22.200
19.460938,3,65,3956.80,16.3789,0.70625,292.64,49.539,10.558,523.06,29.742,27.557,0.006873,-0.002972,-0.021247,17.119,22.200
19.464844,3,65,3957.27,16.5199,0.71043,294.41,49.527,10.568,523.42,29.745,27.559,-0.051739,0.002792,-0.026015,17.252,22.200
19.468750,3,65,3962.28,16.6357,0.70272,291.58,49.537,10.580,524.09,29.747,27.561,-0.034991,-0.029627,0.010572,17.277,22.200
19.472656,3,65,3961.87,16.4154,0.70367,291.94,49.564,10.490,519.90,29.750,27.563,-0.049899,0.003118,-0.029128,17.307,22.200
19.476563,3,65,3958.39,16.4207,0.69902,289.76,49.553,10.585,524.54,29.753,27.565,-0.019841,0.008923,-0.009845,17.274,22.200
19.480469,3,65,3944.67,16.3708,0.68876,284.51,49.564,10.496,520.22,29.755,27.567,-0.045431,-0.008838,-0.011323,17.064,22.200
19.484375,3,65,3958.67,16.4887,0.70707,293.12,49.556,10.571,523.87,29.758,27.569,-0.014851,-0.047436,0.024728,17.263,22.200
19.488281,3,65,3964.33,16.3838,0.70821,294.01,49.517,10.683,528.97,29.761,27.571,-0.027305,-0.047015,0.020764,17.200,22.200
19.492188,3,65,3959.97,16.4640,0.70210,291.15,49.510,10.601,524.84,29.764,27.573,-0.006715,-0.027183,0.006821,17.174,22.200
19.496094,3,65,3952.26,16.3461,0.70721,292.70,49.564,10.341,512.55,29.766,27.574,0.054059,0.009449,-0.009141,17.151,22.200
19.500000,3,65,3963.73,16.4897,0.70794,293.85,49.539,10.557,522.99,29.769,27.576,0.056438,0.012950,-0.002963,17.167,22.200
19.503906,3,65,3964.34,16.5135,0.70823,294.02,49.526,10.603,525.13,29.771,27.578,-0.036232,-0.030687,0.010560,17.187,22.200
19.507813,3,65,3950.60,16.4330,0.70756,292.72,49.530,10.438,517.00,29.774,27.580,-0.008604,-0.018034,0.003314,17.189,22.200
19.511719,3,65,3950.63,16.3431,0.70925,293.42,49.553,10.482,519.42,29.777,27.582,-0.041512,-0.010020,-0.007171,17.213,22.200
19.515625,3,65,3958.65,16.3989,0.70038,290.34,49.560,10.492,519.97,29.779,27.584,-0.022411,-0.052502,0.026438,17.126,22.200
19.519531,3,65,3965.78,16.4772,0.69838,290.03,49.564,10.546,522.69,29.782,27.586,0.059118,0.032384,0.010083,17.211,22.200
19.523438,3,65,3942.64,16.2217,0.69227,285.82,49.517,10.482,519.05,29.784,27.587,-0.035585,0.002889,-0.014609,17.148,22.200
19.527344,3,65,3961.67,16.4763,0.70822,293.82,49.539,10.498,520.05,29.787,27.589,0.013891,-0.001298,-0.027828,17.259,22.200
19.531250,3,65,3960.36,16.3761,0.69945,290.08,49.535,10.658,527.96,29.790,27.591,0.059677,0.030261,0.009122,17.191,22.200
19.535156,3,65,3962.01,16.3703,0.69722,289.28,49.545,10.614,525.90,29.792,27.593,-0.002026,0.027272,0.008065,17.244,22.200
19.539063,3,65,3961.05,16.5171,0.70521,292.52,49.528,10.567,523.38,29.795,27.595,-0.025880,0.006413,-0.010266,17.377,22.200
19.542969,3,65,3959.85,16.5388,0.69274,287.26,49.534,10.548,522.50,29.798,27.597,-0.051750,-0.001510,-0.024260,17.216,22.200
19.546875,3,65,3965.94,16.4052,0.71344,296.30,49.518,10.607,525.22,29.800,27.599,0.027996,0.045112,0.022330,17.196,22.200
19.550781,3,65,3957.55,16.4877,0.71154,294.88,49.507,10.711,530.25,29.803,27.601,-0.013693,-0.051456,0.025487,17.122,22.200
19.554688,3,65,3962.42,16.6493,0.71334,295.99,49.505,10.622,525.83,29.806,27.603,0.000530,-0.004338,-0.018504,17.259,22.200
19.558594,3,65,3954.27,16.4335,0.69534,287.94,49.515,10.649,527.30,29.809,27.605,0.011654,0.033758,0.016550,17.094,22.200
19.562500,3,65,3965.00,16.4673,0.71758,297.95,49.541,10.688,529.48,29.811,27.607,-0.046640,-0.003745,-0.017232,17.142,22.200
19.566406,3,65,3955.27,16.3853,0.70668,292.70,49.544,10.534,521.92,29.814,27.608,-0.046167,0.004270,-0.026766,17.286,22.200
19.570313,3,65,3965.64,16.5464,0.71476,296.83,49.536,10.566,523.42,29.817,27.610,-0.007302,-0.027384,0.008868,17.344,22.200
19.574219,3,65,3952.47,16.4958,0.70517,291.87,49.569,10.447,517.86,29.819,27.612,-0.007417,-0.013309,-0.005234,17.142,22.200
19.578125,3,65,3953.02,16.3453,0.70352,291.23,49.534,10.511,520.63,29.822,27.614,-0.041144,0.002080,-0.022047,17.226,22.200
19.582031,3,65,3945.55,16.2374,0.69869,288.68,49.544,10.478,519.10,29.824,27.616,-0.038245,-0.018515,0.004173,17.177,22.200
19.585938,3,65,3970.54,16.4915,0.69811,290.27,49.536,10.574,523.78,29.827,27.618,0.053897,0.049935,0.024699,17.244,22.200
19.589844,3,65,3959.03,16.4698,0.70154,290.85,49.513,10.625,526.07,29.830,27.619,-0.020971,-0.048658,0.027841,17.240,22.200
19.593750,3,65,3958.96,16.4143,0.69941,289.96,49.523,10.627,526.26,29.832,27.621,-0.048237,0.001829,-0.028351,17.224,22.200
19.597656,3,65,3964.38,16.4473,0.70871,294.22,49.530,10.544,522.26,29.835,27.623,-0.040915,0.004453,-0.022577,17.267,22.200
19.601563,3,65,3960.72,16.5252,0.71207,295.34,49.553,10.534,522.00,29.838,27.625,-0.016500,0.010966,-0.005960,17.237,22.200
19.605469,3,65,3963.52,16.5704,0.71026,294.80,49.495,10.729,531.03,29.840,27.627,0.057568,0.051398,0.027479,17.294,22.200
19.609375,3,65,3956.68,16.4739,0.70248,291.07,49.543,10.521,521.23,29.843,27.629,0.059823,0.044027,0.020300,17.186,22.200
19.613281,3,65,3957.51,16.5396,0.71419,295.98,49.551,10.537,522.12,29.846,27.631,-0.029302,-0.037961,0.015481,17.268,22.200
19.617188,3,65,3965.98,16.4421,0.71691,297.74,49.528,10.542,522.12,29.848,27.633,-0.034174,-0.029176,0.006478,17.190,22.200
19.621094,3,65,3956.00,16.3339,0.69738,288.90,49.530,10.543,522.21,29.851,27.634,-0.035123,-0.024266,0.006988,17.272,22.200
19.625000,3,65,3953.58,16.4227,0.69329,287.03,49.525,10.569,523.43,29.853,27.636,0.058423,0.039304,0.015462,17.149,22.200
19.628906,3,65,3958.83,16.5865,0.70865,293.78,49.537,10.540,522.14,29.856,27.638,0.058360,0.044987,0.023719,17.361,22.200
19.632813,3,65,3965.08,16.5059,0.70849,294.18,49.534,10.505,520.34,29.859,27.640,-0.005337,-0.011238,-0.010660,17.181,22.200
19.636719,3,65,3952.34,16.2719,0.69721,288.57,49.502,10.533,521.43,29.861,27.642,-0.012082,-0.043922,0.019762,17.270,22.200
19.640625,3,65,3952.29,16.3939,0.70677,292.52,49.512,10.675,528.54,29.864,27.644,-0.046729,0.000341,-0.018984,17.231,22.200
19.644531,3,65,3967.11,16.5546,0.71116,295.44,49.550,10.528,521.65,29.866,27.645,-0.044330,0.003549,-0.025789,17.208,22.200
19.648438,3,65,3967.43,16.5243,0.70745,293.92,49.522,10.504,520.17,29.869,27.647,0.051844,0.011140,-0.006447,17.224,22.200
19.652344,3,65,3944.69,16.3871,0.69626,287.62,49.532,10.565,523.31,29.872,27.649,0.031395,0.050217,0.026204,17.160,22.200
19.656250,3,65,3960.46,16.5196,0.69922,289.99,49.545,10.646,527.47,29.874,27.651,-0.005998,-0.018811,0.002609,17.132,22.200
19.660156,3,65,3955.61,16.4286,0.70125,290.48,49.546,10.404,515.47,29.877,27.653,0.058694,0.044139,0.021690,17.137,22.200
19.664063,3,65,3962.52,16.4794,0.70204,291.31,49.535,10.564,523.29,29.879,27.655,-0.028402,-0.036740,0.014990,17.287,22.200
19.667969,3,65,3961.25,16.5816,0.71033,294.66,49.534,10.513,520.75,29.882,27.656,-0.008468,-0.033371,0.013310,17.308,22.200
19.671875,3,65,3965.53,16.4622,0.69877,290.18,49.505,10.601,524.82,29.885,27.658,0.059769,0.039507,0.016196,17.100,22.200
19.675781,3,65,3956.51,16.5162,0.70759,293.17,49.537,10.601,525.13,29.887,27.660,-0.007399,-0.018450,0.000522,17.146,22.200
19.679688,3,65,3962.70,16.5309,0.71072,294.93,49.521,10.606,525.20,29.890,27.662,-0.046920,-0.006856,-0.014398,17.272,22.200
19.683594,3,65,3959.84,16.5000,0.69271,287.25,49.547,10.517,521.08,29.892,27.664,0.041194,0.051614,0.025903,17.277,22.200
19.687500,3,65,3960.41,16.3736,0.70603,292.81,49.526,10.670,528.45,29.895,27.666,-0.013517,-0.037640,0.017773,17.224,22.200
19.691406,3,65,3967.78,16.5067,0.71618,297.58,49.549,10.750,532.65,29.898,27.668,0.062503,0.023376,0.004555,17.216,22.200
19.695313,3,65,3961.21,16.5096,0.72158,299.32,49.539,10.560,523.14,29.900,27.669,0.036790,-0.003182,-0.025135,17.250,22.200
19.699219,3,65,3960.56,16.5193,0.71292,295.68,49.564,10.456,518.26,29.903,27.671,0.019454,-0.004261,-0.029329,17.309,22.199
19.703125,3,65,3955.76,16.4253,0.71220,295.03,49.523,10.566,523.24,29.906,27.673,0.020103,0.040143,0.020992,17.155,22.199
19.707031,3,65,3958.71,16.4571,0.71327,295.69,49.534,10.505,520.36,29.908,27.675,0.048263,0.009626,-0.014453,17.304,22.199
19.710938,3,65,3957.17,16.4391,0.70225,291.01,49.547,10.385,514.55,29.911,27.676,0.007513,0.031204,0.012525,17.311,22.199
19.714844,3,65,3957.98,16.4549,0.70501,292.21,49.526,10.607,525.31,29.913,27.678,-0.012491,-0.040518,0.019845,17.226,22.199
19.718750,3,65,3965.67,16.5257,0.71247,295.88,49.540,10.600,525.13,29.916,27.680,0.028767,-0.003019,-0.026227,17.241,22.199
19.722656,3,65,3947.77,16.2609,0.70382,290.97,49.539,10.577,523.99,29.918,27.682,-0.033324,-0.031736,0.009989,17.253,22.199
19.726563,3,65,3963.61,16.4625,0.72230,299.80,49.538,10.483,519.29,29.921,27.684,0.059229,0.043578,0.018903,17.296,22.199
19.730469,3,65,3955.47,16.3887,0.70706,292.88,49.542,10.546,522.47,29.924,27.686,-0.043657,-0.012470,-0.006490,17.156,22.199
19.734375,3,65,3962.47,16.5375,0.70431,292.25,49.549,10.542,522.33,29.926,27.687,0.037957,-0.001844,-0.026386,17.162,22.199
19.738281,3,65,3957.96,16.5045,0.71858,297.84,49.537,10.476,518.93,29.929,27.689,0.036144,0.050629,0.027900,17.259,22.199
19.742188,3,65,3960.36,16.3393,0.70724,293.31,49.524,10.457,517.86,29.931,27.691,0.055221,0.048579,0.027274,17.278,22.199
19.746094,3,65,3960.39,16.4788,0.69891,289.86,49.537,10.417,516.04,29.934,27.693,0.009349,-0.001735,-0.024228,17.255,22.199
19.750000,3,65,3964.38,16.5508,0.70258,291.68,49.531,10.643,527.13,29.936,27.694,-0.016741,0.014224,-0.002232,17.169,22.199
19.753906,3,65,3957.76,16.4237,0.71877,297.90,49.529,10.542,522.14,29.939,27.696,0.022625,0.041599,0.020781,17.149,22.199
19.757813,3,65,3967.48,16.5607,0.71157,295.64,49.510,10.504,520.08,29.941,27.698,-0.009640,-0.026172,0.010860,17.308,22.199
19.761719,3,65,3963.31,16.5229,0.71104,295.11,49.536,10.606,525.40,29.944,27.700,0.008372,-0.001543,-0.027110,17.065,22.199
19.765625,3,65,3956.36,16.4197,0.69727,288.88,49.527,10.585,524.27,29.947,27.702,0.020749,-0.001857,-0.028285,17.239,22.199
19.769531,3,65,3953.70,16.4533,0.69208,286.54,49.534,10.576,523.87,29.949,27.703,-0.042591,-0.015885,-0.005518,17.292,22.199
19.773438,3,65,3953.08,16.3846,0.71094,294.30,49.552,10.530,521.78,29.952,27.705,-0.050474,-0.003916,-0.022150,17.178,22.199
19.777344,3,65,3951.44,16.4405,0.70560,291.97,49.541,10.639,527.06,29.954,27.707,-0.008818,-0.029262,0.010963,17.126,22.199
19.781250,3,65,3947.44,16.4359,0.70329,290.72,49.546,10.631,526.71,29.957,27.709,-0.001851,-0.009615,-0.010754,17.179,22.199
19.785156,3,65,3964.01,16.4728,0.69714,289.39,49.525,10.506,520.31,29.959,27.711,0.061939,0.043455,0.016029,17.168,22.199
19.789063,3,65,3965.34,16.5245,0.69652,289.23,49.567,10.548,522.86,29.962,27.712,-0.045463,0.002542,-0.027667,17.221,22.199
19.792969,3,65,3951.02,16.3733,0.69991,289.59,49.550,10.384,514.55,29.964,27.714,0.005948,-0.000299,-0.024151,17.251,22.199
19.796875,3,65,3962.91,16.4160,0.70347,291.94,49.525,10.534,521.70,29.967,27.716,-0.019105,-0.052338,0.026619,17.207,22.199
19.800781,3,65,3961.06,16.4882,0.70159,291.02,49.528,10.552,522.62,29.970,27.718,0.057425,0.017089,0.003037,17.229,22.199
19.804688,3,65,3958.87,16.4165,0.70736,293.25,49.567,10.584,524.64,29.972,27.720,-0.043614,-0.005332,-0.011258,17.231,22.199
19.808594,3,65,3948.09,16.4533,0.69940,289.16,49.522,10.605,525.20,29.975,27.721,-0.002118,-0.011600,-0.008093,17.163,22.199
19.812500,3,65,3963.70,16.5354,0.71856,298.26,49.544,10.501,520.26,29.977,27.723,-0.047480,0.002458,-0.026272,17.272,22.199
19.816406,3,65,3966.37,16.5955,0.70598,293.24,49.533,10.507,520.44,29.980,27.725,0.004716,0.028715,0.013326,17.209,22.199
19.820313,3,65,3954.69,16.4596,0.71438,295.85,49.520,10.601,524.96,29.982,27.727,0.003572,-0.001427,-0.019983,17.200,22.199
19.824219,3,65,3955.27,16.3141,0.69916,289.59,49.512,10.612,525.40,29.985,27.728,-0.048594,0.000007,-0.027787,17.160,22.199
19.828125,3,65,3968.79,16.5730,0.72222,300.16,49.533,10.622,526.16,29.988,27.730,-0.019015,-0.056800,0.026024,17.175,22.199
19.832031,3,65,3962.43,16.4831,0.70531,292.67,49.545,10.524,521.40,29.990,27.732,-0.042874,-0.012980,-0.001442,17.187,22.199
19.835938,3,65,3953.43,16.4955,0.71365,295.45,49.525,10.526,521.29,29.993,27.734,0.014420,0.036696,0.017574,17.201,22.199
19.839844,3,65,3952.00,16.4719,0.70690,292.55,49.552,10.461,518.36,29.995,27.736,-0.051407,-0.001286,-0.024835,17.227,22.199
19.843750,3,65,3967.38,16.4665,0.70724,293.83,49.543,10.556,522.96,29.998,27.737,0.056046,0.047237,0.018803,17.236,22.199
19.847656,3,65,3947.16,16.3515,0.68906,284.82,49.533,10.437,516.99,30.000,27.739,-0.038818,-0.016957,0.001442,17.149,22.199
19.851563,3,65,3962.10,16.4810,0.71120,295.09,49.512,10.523,521.03,30.003,27.741,-0.035132,0.004569,-0.017414,17.262,22.199
19.855469,3,65,3955.29,16.3975,0.70121,290.44,49.530,10.532,521.65,30.005,27.743,-0.033454,0.006559,-0.015818,17.206,22.199
19.859375,3,65,3956.50,16.4656,0.69259,286.96,49.529,10.574,523.71,30.008,27.744,-0.014792,-0.050874,0.024626,17.123,22.199
19.863281,3,65,3952.92,16.4332,0.71052,294.12,49.550,10.500,520.29,30.010,27.746,-0.027978,-0.046293,0.023242,17.183,22.199
19.867188,3,65,3970.57,16.4862,0.70463,292.98,49.489,10.713,530.16,30.013,27.748,-0.045812,-0.005775,-0.009749,17.321,22.199
19.871094,3,65,3955.10,16.4536,0.69454,287.66,49.533,10.500,520.11,30.015,27.750,-0.042360,0.002947,-0.023073,17.355,22.199
19.875000,3,65,3956.99,16.4814,0.70055,290.29,49.554,10.501,520.37,30.018,27.751,-0.046865,-0.004953,-0.015227,17.092,22.199
19.878906,3,65,3962.41,16.5022,0.70988,294.56,49.527,10.668,528.36,30.020,27.753,-0.051144,0.003436,-0.024842,17.264,22.199
19.882813,3,65,3962.40,16.4540,0.70460,292.37,49.535,10.574,523.80,30.023,27.755,0.041100,0.053779,0.028838,17.072,22.199
19.886719,3,65,3969.83,16.5129,0.70682,293.84,49.522,10.543,522.12,30.025,27.757,-0.050729,-0.001918,-0.024699,17.320,22.199
19.890625,3,65,3960.54,16.5292,0.68890,285.72,49.535,10.487,519.46,30.028,27.758,-0.009223,0.022086,0.001718,17.348,22.199
19.894531,3,65,3960.15,16.4362,0.69599,288.63,49.528,10.532,521.62,30.030,27.760,0.048345,0.053670,0.025821,17.261,22.199
19.898438,3,65,3956.95,16.5031,0.70307,291.33,49.539,10.610,525.60,30.033,27.762,0.033891,0.002031,-0.024725,17.242,22.199
19.902344,3,65,3961.85,16.3986,0.71426,296.33,49.536,10.600,525.10,30.036,27.764,0.063246,0.031114,0.011626,17.132,22.199
19.906250,3,65,3957.50,16.3901,0.70958,294.07,49.540,10.496,519.97,30.038,27.765,0.003640,0.028474,0.009394,17.204,22.199
19.910156,3,65,3955.18,16.4339,0.69875,289.41,49.526,10.528,521.42,30.041,27.767,-0.010932,-0.024252,0.006986,17.238,22.199
19.914063,3,65,3955.28,16.3758,0.71240,295.07,49.541,10.436,517.02,30.043,27.769,-0.048423,-0.003124,-0.018327,17.260,22.199
19.917969,3,65,3958.16,16.3998,0.70482,292.15,49.550,10.553,522.90,30.045,27.771,0.000028,0.027247,0.006208,17.123,22.199
19.921875,3,65,3962.28,16.4592,0.70036,290.60,49.525,10.579,523.91,30.048,27.772,-0.019399,-0.049691,0.027611,17.114,22.199
19.925781,3,65,3964.01,16.4536,0.70920,294.40,49.524,10.587,524.30,30.051,27.774,-0.003394,-0.011704,-0.007634,17.307,22.199
19.929688,3,65,3958.48,16.3780,0.70801,293.49,49.534,10.656,527.83,30.053,27.776,-0.048832,-0.000291,-0.029861,17.357,22.199
19.933594,3,65,3967.55,16.6065,0.70827,294.27,49.533,10.569,523.54,30.056,27.778,0.058641,0.049157,0.023352,17.275,22.199
19.937500,3,65,3949.96,16.3489,0.70908,293.30,49.569,10.477,519.33,30.058,27.779,-0.015705,-0.049219,0.024020,17.124,22.199
19.941406,3,65,3961.65,16.4991,0.70589,292.85,49.547,10.477,519.11,30.061,27.781,-0.035371,-0.030267,0.008353,17.130,22.199
19.945313,3,65,3965.68,16.5739,0.70769,293.89,49.534,10.503,520.25,30.063,27.783,0.037285,-0.003433,-0.024862,17.306,22.199
19.949219,3,65,3959.43,16.4835,0.70472,292.20,49.532,10.580,524.06,30.066,27.785,-0.011297,-0.022700,0.001399,17.258,22.199
19.953125,3,65,3959.06,16.4794,0.70101,290.63,49.540,10.573,523.77,30.068,27.786,-0.021106,-0.049986,0.028872,17.225,22.199
19.957031,3,65,3954.54,16.3773,0.70988,293.98,49.545,10.441,517.31,30.071,27.788,0.015332,-0.000488,-0.027504,17.235,22.199
19.960938,3,65,3950.74,16.3923,0.70020,289.69,49.533,10.588,524.45,30.073,27.790,0.020547,-0.006691,-0.026075,17.301,22.199
19.964844,3,65,3952.68,16.3915,0.68991,285.57,49.518,10.624,526.07,30.076,27.791,0.048740,0.006168,-0.015104,17.232,22.199
19.968750,3,65,3959.00,16.5148,0.70639,292.86,49.528,10.677,528.79,30.078,27.793,-0.020172,-0.052215,0.028604,17.319,22.199
19.972656,3,65,3957.35,16.4792,0.70240,291.08,49.528,10.424,516.28,30.081,27.795,0.026290,-0.003323,-0.026935,17.178,22.199
19.976563,3,65,3957.01,16.4288,0.70842,293.55,49.551,10.572,523.86,30.083,27.797,-0.007030,-0.018537,-0.000372,17.227,22.199
19.980469,3,65,3952.54,16.4669,0.69957,289.56,49.522,10.546,522.26,30.086,27.798,0.053642,0.012563,-0.008422,17.247,22.199
19.984375,3,65,3957.48,16.4344,0.70670,292.87,49.544,10.487,519.55,30.088,27.800,0.055995,0.048934,0.022115,17.118,22.199
19.988281,3,65,3960.95,16.4238,0.71882,298.16,49.541,10.602,525.25,30.091,27.802,-0.016952,-0.047687,0.023910,17.237,22.199
19.992188,3,65,3962.27,16.3562,0.71093,294.98,49.521,10.465,518.23,30.093,27.804,0.048890,0.008551,-0.013225,17.201,22.199
19.996094,3,65,3963.35,16.5012,0.70998,294.67,49.524,10.551,522.54,30.095,27.805,-0.047639,0.002818,-0.025229,17.261,22.199
20.000000,3,65,3962.82,16.5844,0.70399,292.15,49.539,10.559,523.09,30.098,27.807,-0.016373,0.013390,-0.005077,17.098,22.199
20.003906,3,65,3949.73,16.2848,0.69336,286.78,49.538,10.508,520.53,30.100,27.809,-0.048320,0.002728,-0.028379,17.124,22.199
20.007813,3,65,3958.20,16.4251,0.69989,290.10,49.538,10.553,522.76,30.103,27.810,-0.027532,0.008657,-0.013310,17.261,22.199
20.011719,3,65,3954.36,16.4488,0.69666,288.49,49.522,10.483,519.16,30.105,27.812,-0.035720,0.005026,-0.019079,17.173,22.199
20.015625,3,65,3955.32,16.4269,0.70973,293.97,49.552,10.504,520.51,30.108,27.814,-0.010884,-0.025665,0.005109,17.194,22.199
20.019531,3,65,3972.43,16.4554,0.71220,296.27,49.511,10.638,526.72,30.110,27.816,-0.006138,-0.013461,-0.005233,17.390,22.199
20.023438,3,65,3963.32,16.5354,0.70484,292.54,49.527,10.514,520.72,30.113,27.817,-0.029569,-0.040676,0.014508,17.246,22.199
20.027344,3,65,3967.09,16.5113,0.71147,295.57,49.535,10.477,519.01,30.115,27.819,0.061555,0.028807,0.010989,17.260,22.199
20.031250,3,65,3956.47,16.5120,0.70178,290.76,49.538,10.678,528.96,30.118,27.821,-0.041219,0.001470,-0.020185,17.209,22.199
20.035156,3,65,3955.31,16.4657,0.71209,294.95,49.543,10.536,522.01,30.120,27.822,-0.046956,-0.005500,-0.014939,17.200,22.199
20.039063,3,65,3961.91,16.5810,0.70640,293.08,49.532,10.520,521.10,30.123,27.824,0.059458,0.016395,-0.004736,17.261,22.199
20.042969,3,65,3959.98,16.3173,0.70536,292.50,49.564,10.510,520.92,30.125,27.826,-0.048892,0.003122,-0.024685,17.166,22.199
20.046875,3,65,3959.87,16.4403,0.71271,295.54,49.533,10.505,520.36,30.128,27.827,0.035784,0.053314,0.025615,17.236,22.199
20.050781,3,65,3958.65,16.4118,0.69852,289.57,49.537,10.518,521.03,30.130,27.829,-0.035594,0.007469,-0.019922,17.193,22.199
20.054688,3,65,3964.70,16.4829,0.70958,294.60,49.540,10.570,523.62,30.133,27.831,0.062982,0.027223,0.008281,17.194,22.199
20.058594,3,65,3956.89,16.4513,0.70211,290.93,49.522,10.597,524.81,30.135,27.833,-0.050990,0.001817,-0.030834,17.191,22.199
20.062500,3,65,3962.83,16.5820,0.70296,291.72,49.496,10.620,525.68,30.138,27.834,0.044769,0.052393,0.031611,17.151,22.199
20.066406,3,65,3958.55,16.4414,0.71762,297.48,49.540,10.516,520.95,30.140,27.836,-0.034276,0.005022,-0.017292,17.317,22.199
20.070313,3,65,3959.15,16.5612,0.71396,296.01,49.524,10.520,521.01,30.142,27.838,0.013860,-0.003920,-0.024546,17.246,22.199
20.074219,3,65,3966.85,16.4738,0.71696,297.83,49.552,10.575,524.03,30.145,27.839,0.058095,0.024398,0.005580,17.288,22.199
20.078125,3,65,3961.19,16.3825,0.71061,294.77,49.548,10.508,520.67,30.147,27.841,-0.015169,-0.050738,0.025391,17.137,22.199
20.082031,3,65,3961.68,16.5201,0.69861,289.83,49.525,10.602,525.07,30.150,27.843,0.002610,0.027183,0.009336,17.186,22.199
20.085938,3,65,3953.28,16.5028,0.68784,284.76,49.521,10.472,518.56,30.152,27.844,-0.000240,-0.008172,-0.009414,17.312,22.199
20.089844,3,65,3958.79,16.5067,0.70500,292.27,49.570,10.435,517.28,30.155,27.846,-0.014507,-0.044460,0.022146,17.262,22.199
20.093750,3,65,3963.55,16.4524,0.70068,290.83,49.533,10.637,526.88,30.157,27.848,0.008695,-0.003420,-0.024328,17.198,22.199
20.097656,3,65,3965.73,16.4840,0.70911,294.49,49.556,10.643,527.41,30.160,27.850,0.008806,-0.003566,-0.023614,17.312,22.199
20.101563,3,65,3966.11,16.5381,0.70536,292.96,49.544,10.561,523.21,30.162,27.851,-0.045643,-0.003787,-0.014815,17.224,22.199
20.105469,3,65,3967.03,16.5261,0.70679,293.62,49.516,10.585,524.11,30.165,27.853,0.024767,-0.004870,-0.027796,17.217,22.199
20.109375,3,65,3950.76,16.3133,0.68776,284.54,49.539,10.535,521.92,30.167,27.855,0.056052,0.045261,0.024500,17.331,22.199
20.113281,3,65,3957.19,16.3857,0.70216,290.97,49.512,10.651,527.34,30.170,27.856,-0.013878,-0.046243,0.025233,17.127,22.199
20.117188,3,65,3971.94,16.5326,0.71105,295.75,49.511,10.651,527.34,30.172,27.858,-0.046662,-0.008520,-0.009549,17.232,22.199
20.121094,3,65,3958.68,16.3827,0.69885,289.71,49.540,10.581,524.19,30.175,27.860,-0.016047,-0.048929,0.024471,17.166,22.199
20.125000,3,65,3963.09,16.5917,0.71495,296.72,49.523,10.531,521.51,30.177,27.861,0.037232,-0.001974,-0.024781,17.287,22.199
20.128906,3,65,3967.06,16.4364,0.71662,297.70,49.506,10.612,525.35,30.179,27.863,-0.041969,0.004492,-0.021604,17.203,22.199
20.132813,3,65,3962.25,16.5035,0.70058,290.69,49.504,10.625,525.96,30.182,27.865,-0.013122,-0.041130,0.020648,17.145,22.199
20.136719,3,65,3966.92,16.4902,0.71990,299.06,49.548,10.567,523.55,30.184,27.867,0.014245,-0.002910,-0.025147,17.376,22.199
20.140625,3,65,3960.32,16.4806,0.70257,291.37,49.529,10.521,521.10,30.187,27.868,0.003353,-0.004914,-0.020256,17.356,22.199
20.144531,3,65,3958.39,16.4272,0.70880,293.81,49.536,10.615,525.84,30.189,27.870,0.010886,0.033642,0.015546,17.172,22.199
20.148438,3,65,3967.06,16.4741,0.70450,292.67,49.522,10.594,524.64,30.192,27.872,0.062901,0.034287,0.013153,17.175,22.199
20.152344,3,65,3959.58,16.4886,0.70822,293.66,49.525,10.589,524.41,30.194,27.873,-0.032057,0.007397,-0.012691,17.202,22.199
20.156250,3,65,3957.24,16.4845,0.70715,293.04,49.526,10.631,526.51,30.197,27.875,0.004668,-0.004502,-0.022078,17.254,22.199
20.160156,3,65,3962.12,16.3971,0.70575,292.83,49.546,10.673,528.78,30.199,27.877,0.037291,-0.001305,-0.020540,17.229,22.199
20.164063,3,65,3953.44,16.3777,0.70287,290.99,49.555,10.521,521.37,30.202,27.878,-0.023098,-0.045250,0.022552,17.297,22.199
20.167969,3,65,3956.97,16.4200,0.69585,288.34,49.523,10.600,524.96,30.204,27.880,0.046256,0.052106,0.028119,17.075,22.199
20.171875,3,65,3966.43,16.5459,0.70314,292.06,49.530,10.586,524.31,30.207,27.882,-0.012706,-0.037345,0.017692,17.140,22.199
20.175781,3,65,3949.89,16.4548,0.69876,289.03,49.530,10.465,518.33,30.209,27.883,0.056244,0.018500,0.000910,17.119,22.199
20.179688,3,65,3958.61,16.4546,0.71399,295.98,49.516,10.542,522.02,30.211,27.885,0.003730,-0.005693,-0.020160,17.111,22.199
20.183594,3,65,3959.74,16.5335,0.71035,294.56,49.529,10.504,520.26,30.214,27.887,0.028761,0.045207,0.023007,17.183,22.199
20.187500,3,65,3953.46,16.2606,0.70313,291.10,49.510,10.475,518.61,30.216,27.888,0.058687,0.031445,0.013311,17.177,22.199
20.191406,3,65,3962.06,16.5496,0.70559,292.75,49.514,10.577,523.69,30.219,27.890,0.021106,-0.001057,-0.026972,17.328,22.199
20.195313,3,65,3953.62,16.4551,0.71088,294.32,49.522,10.589,524.41,30.221,27.892,-0.050089,-0.003536,-0.011308,17.241,22.199
20.199219,3,65,3961.46,16.5043,0.70621,292.97,49.548,10.587,524.57,30.223,27.893,-0.026015,-0.040693,0.017628,17.304,22.199
20.203125,3,65,3945.52,16.2120,0.69531,287.28,49.528,10.445,517.33,30.226,27.895,-0.012468,-0.044141,0.023343,17.076,22.199
20.207031,3,65,3964.64,16.5293,0.69732,289.51,49.548,10.491,519.79,30.228,27.897,0.053844,0.011170,-0.006252,17.208,22.199
20.210938,3,65,3960.80,16.5270,0.71581,296.90,49.522,10.654,527.63,30.231,27.898,0.061242,0.023208,0.003153,17.253,22.199
20.214844,3,65,3954.80,16.4587,0.71417,295.77,49.522,10.514,520.66,30.233,27.900,-0.006169,-0.009373,-0.009601,17.182,22.199
20.218750,3,65,3967.07,16.4984,0.71426,296.73,49.512,10.604,525.01,30.235,27.902,-0.052334,0.001584,-0.024748,17.265,22.199
20.222656,3,65,3966.80,16.6468,0.71167,295.63,49.516,10.619,525.82,30.238,27.903,0.005238,0.028917,0.010969,17.157,22.199
20.226563,3,65,3956.72,16.4166,0.71783,297.43,49.549,10.464,518.46,30.240,27.905,-0.050156,0.001423,-0.026195,17.257,22.199
20.230469,3,65,3948.48,16.3438,0.69364,286.81,49.543,10.601,525.22,30.243,27.907,0.022980,-0.000263,-0.029181,17.145,22.199
20.234375,3,65,3952.57,16.3578,0.70223,290.66,49.544,10.656,527.96,30.245,27.908,-0.004612,0.018003,0.005694,17.135,22.199
20.238281,3,65,3960.11,16.4765,0.69964,290.14,49.548,10.569,523.70,30.248,27.910,-0.046468,-0.002519,-0.019507,17.267,22.199
20.242188,3,65,3964.29,16.5117,0.70803,293.93,49.530,10.623,526.17,30.250,27.912,-0.004940,-0.013114,-0.007046,17.186,22.199
20.246094,3,65,3972.46,16.4041,0.71713,298.32,49.522,10.559,522.91,30.253,27.913,-0.006422,-0.017708,-0.002655,17.311,22.199
20.250000,3,65,3959.40,16.4027,0.70188,291.02,49.550,10.575,524.01,30.255,27.915,0.030434,-0.002008,-0.026150,17.273,22.199
20.253906,3,65,3951.38,16.3595,0.70966,293.65,49.530,10.416,515.90,30.257,27.917,-0.046997,0.004458,-0.026767,17.226,22.199
20.257813,3,65,3959.04,16.4132,0.70195,291.02,49.562,10.522,521.49,30.260,27.918,-0.037102,-0.024139,0.007062,17.352,22.199
20.261719,3,65,3966.79,16.5726,0.71125,295.45,49.542,10.495,519.95,30.262,27.920,-0.016079,-0.049898,0.026463,17.285,22.199
20.265625,3,65,3966.36,16.4824,0.69207,287.45,49.543,10.502,520.28,30.264,27.921,-0.032843,-0.026762,0.009061,17.145,22.199
20.269531,3,65,3969.72,16.4301,0.72423,301.07,49.531,10.687,529.35,30.267,27.923,0.043831,0.052622,0.031711,17.206,22.199
20.273438,3,65,3953.72,16.4261,0.70907,293.58,49.542,10.460,518.23,30.269,27.925,-0.026317,0.010538,-0.011109,17.148,22.199
20.277344,3,65,3952.44,16.4296,0.70095,290.12,49.552,10.476,519.12,30.272,27.926,-0.049693,-0.003809,-0.018359,17.078,22.199
20.281250,3,65,3973.28,16.5317,0.71019,295.50,49.556,10.509,520.81,30.274,27.928,0.037995,0.052402,0.026433,17.175,22.199
20.285156,3,65,3948.11,16.3101,0.69335,286.66,49.532,10.448,517.53,30.276,27.930,-0.051224,0.003332,-0.026678,17.181,22.199
20.289063,3,65,3956.97,16.4759,0.70523,292.23,49.523,10.509,520.43,30.279,27.931,0.038220,0.051263,0.027659,17.147,22.199
20.292969,3,65,3959.86,16.3934,0.69165,286.81,49.539,10.509,520.59,30.281,27.933,0.033909,0.001279,-0.022629,17.097,22.199
20.296875,3,65,3969.14,16.5309,0.70998,295.10,49.553,10.492,519.90,30.283,27.934,-0.035256,-0.025608,0.003471,17.278,22.199
20.300781,3,65,3964.84,16.5977,0.70716,293.61,49.522,10.673,528.53,30.286,27.936,-0.010377,-0.030896,0.011610,17.294,22.199
20.304688,3,65,3957.80,16.4362,0.69682,288.80,49.534,10.544,522.30,30.288,27.938,0.010683,-0.001482,-0.025392,17.327,22.199
20.308594,3,65,3953.80,16.4252,0.71407,295.65,49.552,10.542,522.37,30.291,27.939,0.043218,0.001680,-0.021889,17.098,22.199
20.312500,3,65,3950.06,16.2701,0.69613,287.95,49.543,10.540,522.17,30.293,27.941,0.042007,0.005414,-0.015992,17.146,22.199
20.316406,3,65,3955.73,16.3447,0.69325,287.17,49.542,10.405,515.49,30.295,27.942,-0.005568,-0.014368,-0.005399,17.180,22.199
20.320313,3,65,3960.45,16.4915,0.70592,292.77,49.521,10.544,522.15,30.298,27.944,0.032948,-0.002785,-0.024941,17.293,22.198
20.324219,3,65,3962.13,16.3965,0.69908,290.06,49.536,10.710,530.53,30.300,27.946,0.059989,0.046837,0.026969,17.309,22.198
20.328125,3,65,3958.28,16.5008,0.70609,292.68,49.536,10.554,522.82,30.302,27.947,0.044582,0.052632,0.024459,17.246,22.198
20.332031,3,65,3954.25,16.3639,0.70477,291.83,49.556,10.570,523.78,30.305,27.949,-0.004876,0.019588,0.004415,17.205,22.198
20.335938,3,65,3963.90,16.4307,0.69558,288.74,49.544,10.612,525.74,30.307,27.951,-0.013916,-0.033793,0.013143,17.174,22.198
20.339844,3,65,3962.01,16.3936,0.70522,292.60,49.506,10.598,524.67,30.310,27.952,0.057563,0.053134,0.024700,17.199,22.198
20.343750,3,65,3957.04,16.3848,0.69038,286.08,49.551,10.595,524.97,30.312,27.954,-0.036681,-0.028447,0.004991,17.396,22.198
20.347656,3,65,3962.89,16.5158,0.70550,292.78,49.525,10.634,526.63,30.315,27.956,-0.022673,0.010134,-0.006214,17.204,22.198
20.351563,3,65,3965.47,16.5611,0.70944,294.61,49.518,10.599,524.81,30.317,27.957,0.040600,0.051792,0.026677,17.231,22.198
20.355469,3,65,3968.19,16.5889,0.71716,298.01,49.547,10.622,526.28,30.319,27.959,0.048830,0.004075,-0.010484,17.204,22.198
20.359375,3,65,3971.06,16.5593,0.70823,294.52,49.511,10.585,524.06,30.322,27.961,-0.007729,-0.023959,0.005585,17.281,22.198
20.363281,3,65,3963.39,16.6031,0.70599,293.02,49.528,10.633,526.62,30.324,27.962,0.058606,0.045588,0.021650,17.209,22.198
20.367188,3,65,3953.44,16.4520,0.70098,290.21,49.531,10.411,515.68,30.326,27.964,0.017552,0.037938,0.017081,17.071,22.198
20.371094,3,65,3966.72,16.5980,0.71775,298.15,49.525,10.607,525.30,30.329,27.965,-0.050648,0.001485,-0.021811,17.357,22.198
20.375000,3,65,3943.08,16.4097,0.70218,289.94,49.542,10.520,521.17,30.331,27.967,0.014480,0.034539,0.016640,17.171,22.198
20.378906,3,65,3955.40,16.3318,0.68999,285.80,49.529,10.634,526.71,30.334,27.969,-0.002635,-0.013213,-0.004169,17.178,22.198
20.382813,3,65,3960.91,16.4461,0.69901,289.94,49.548,10.649,527.65,30.336,27.970,-0.016294,-0.054936,0.027049,17.243,22.198
20.386719,3,65,3952.69,16.4120,0.70527,291.93,49.542,10.479,519.17,30.338,27.972,0.030085,0.044138,0.025444,17.237,22.198
20.390625,3,65,3965.13,16.5574,0.71633,297.44,49.523,10.609,525.39,30.341,27.974,-0.012042,-0.042211,0.022327,17.378,22.198
20.394531,3,65,3966.47,16.4538,0.71673,297.71,49.548,10.496,520.05,30.343,27.975,0.050500,0.008103,-0.011140,17.279,22.198
20.398438,3,65,3960.18,16.4257,0.70726,293.31,49.527,10.578,523.89,30.345,27.977,0.012856,-0.004114,-0.027826,17.381,22.198
20.402344,3,65,3960.63,16.4533,0.71066,294.75,49.511,10.583,523.97,30.348,27.978,-0.049585,-0.002866,-0.020443,17.211,22.198
20.406250,3,65,3967.31,16.5369,0.70197,291.64,49.532,10.527,521.42,30.350,27.980,0.032821,-0.002388,-0.026433,17.317,22.198
20.410156,3,65,3960.44,16.5122,0.70331,291.69,49.571,10.393,515.18,30.352,27.981,0.054339,0.012964,-0.006648,17.172,22.198
20.414063,3,65,3961.13,16.4680,0.72182,299.42,49.526,10.480,519.03,30.355,27.983,-0.042111,-0.013530,-0.004647,17.278,22.198
20.417969,3,65,3966.29,16.5610,0.70181,291.50,49.549,10.574,523.92,30.357,27.985,-0.045132,-0.015455,-0.010308,17.123,22.198
20.421875,3,65,3961.02,16.4202,0.69261,287.29,49.544,10.563,523.35,30.359,27.986,0.060451,0.027338,0.002647,17.294,22.198
20.425781,3,65,3961.61,16.4965,0.71482,296.55,49.533,10.512,520.71,30.362,27.988,-0.029372,-0.039243,0.020000,17.124,22.198
20.429688,3,65,3947.29,16.4725,0.68748,284.18,49.523,10.504,520.22,30.364,27.989,0.027124,0.045561,0.027158,17.191,22.198
20.433594,3,65,3949.38,16.2716,0.70690,292.36,49.542,10.436,516.99,30.366,27.991,0.012472,0.038016,0.018864,17.109,22.198
20.437500,3,65,3956.36,16.3875,0.70985,294.10,49.522,10.610,525.45,30.369,27.992,-0.026632,-0.044691,0.018520,17.127,22.198
20.441406,3,65,3952.70,16.4373,0.70583,292.16,49.561,10.619,526.31,30.371,27.994,-0.028129,-0.041257,0.020067,17.129,22.198
20.445313,3,65,3964.53,16.5155,0.70091,290.99,49.537,10.638,527.00,30.374,27.996,-0.019097,0.011984,-0.005554,17.203,22.198
20.449219,3,65,3958.87,16.5103,0.71373,295.89,49.538,10.705,530.31,30.376,27.997,0.042363,0.004868,-0.021823,17.316,22.198
20.453125,3,65,3957.42,16.4273,0.71063,294.50,49.557,10.521,521.41,30.378,27.999,0.025232,0.042234,0.023088,17.188,22.198
20.457031,3,65,3970.59,16.5780,0.71226,296.16,49.519,10.567,523.29,30.381,28.001,-0.051368,-0.002146,-0.023731,17.380,22.198
20.460938,3,65,3961.44,16.5397,0.72189,299.47,49.528,10.587,524.33,30.383,28.002,-0.032480,0.008273,-0.012962,17.340,22.198
20.464844,3,65,3952.02,16.4390,0.71405,295.51,49.528,10.446,517.36,30.385,28.004,-0.008789,0.021115,0.003426,17.131,22.198
20.468750,3,65,3959.31,16.4519,0.69958,290.06,49.529,10.564,523.21,30.388,28.005,-0.041918,-0.021547,0.000592,17.141,22.198
20.472656,3,65,3957.03,16.4132,0.69334,287.30,49.514,10.631,526.36,30.390,28.007,0.060390,0.026876,0.010751,17.193,22.198
20.476563,3,65,3958.03,16.3949,0.70955,294.10,49.524,10.629,526.37,30.392,28.009,-0.051584,-0.000633,-0.025062,17.337,22.198
20.480469,3,65,3955.97,16.4289,0.70791,293.26,49.519,10.627,526.25,30.395,28.010,0.021631,-0.003632,-0.027179,17.149,22.198
20.484375,3,65,3966.97,16.4952,0.69244,287.65,49.521,10.612,525.51,30.397,28.012,0.014617,-0.004221,-0.026416,17.242,22.198
20.488281,3,65,3965.34,16.3878,0.70854,294.22,49.504,10.598,524.65,30.400,28.013,0.031907,0.052498,0.028111,17.302,22.198
20.492188,3,65,3963.96,16.5669,0.71370,296.26,49.543,10.581,524.23,30.402,28.015,-0.052609,0.004273,-0.028017,17.136,22.198
20.496094,3,65,3964.73,16.5956,0.70356,292.11,49.514,10.480,518.92,30.404,28.016,0.014190,-0.002970,-0.025243,17.277,22.198
20.500000,3,65,3954.80,16.3447,0.69867,289.35,49.556,10.539,522.28,30.406,28.018,0.053770,0.013550,-0.006507,17.234,22.198
20.503906,3,65,3968.36,16.5643,0.70539,293.14,49.551,10.589,524.68,30.409,28.020,0.057908,0.047331,0.027914,17.207,22.198
20.507813,3,65,3957.40,16.3886,0.70592,292.55,49.548,10.661,528.21,30.411,28.021,-0.025887,-0.044191,0.022159,17.221,22.198
20.511719,3,65,3958.50,16.4715,0.70704,293.09,49.532,10.467,518.43,30.413,28.023,0.045058,0.004086,-0.017091,17.196,22.198
20.515625,3,65,3964.34,16.5191,0.69621,289.03,49.531,10.645,527.24,30.416,28.024,-0.014108,-0.038972,0.019564,17.281,22.198
20.519531,3,65,3964.90,16.6631,0.71531,297.00,49.536,10.637,526.90,30.418,28.026,-0.007293,0.022006,0.001708,17.179,22.198
20.523438,3,65,3962.11,16.4960,0.71021,294.68,49.506,10.665,527.99,30.421,28.028,0.041427,0.001940,-0.019417,17.305,22.198
20.527344,3,65,3956.44,16.4687,0.70473,291.98,49.543,10.674,528.83,30.423,28.029,-0.018068,-0.050349,0.025283,17.348,22.198
20.531250,3,65,3955.40,16.4135,0.69510,287.91,49.511,10.580,523.82,30.425,28.031,-0.008891,-0.031384,0.014121,17.227,22.198
20.535156,3,65,3950.77,16.3173,0.70162,290.28,49.555,10.554,523.00,30.428,28.032,0.056899,0.034527,0.014869,17.221,22.198
20.539063,3,65,3962.34,16.4960,0.70539,292.69,49.519,10.536,521.73,30.430,28.034,0.005842,-0.004192,-0.019069,17.398,22.198
20.542969,3,65,3958.56,16.3710,0.70337,291.57,49.528,10.538,521.91,30.432,28.036,0.015406,-0.001362,-0.027518,17.217,22.198
20.546875,3,65,3960.33,16.5847,0.70165,290.99,49.516,10.481,518.97,30.435,28.037,0.055025,0.017041,-0.002386,17.202,22.198
20.550781,3,65,3974.56,16.6130,0.71813,298.90,49.541,10.478,519.10,30.437,28.039,0.018652,0.000851,-0.027476,17.373,22.198
20.554688,3,65,3959.92,16.4532,0.69895,289.84,49.551,10.477,519.17,30.439,28.040,-0.017746,-0.053627,0.028123,17.182,22.198
20.558594,3,65,3962.74,16.4552,0.69665,289.09,49.541,10.725,531.34,30.441,28.042,-0.052275,0.003255,-0.025962,17.221,22.198
20.562500,3,65,3952.04,16.3767,0.69596,288.03,49.557,10.414,516.08,30.444,28.043,0.003695,-0.007762,-0.019215,17.285,22.198
20.566406,3,65,3951.68,16.3270,0.69378,287.10,49.548,10.404,515.47,30.446,28.045,-0.015508,-0.047804,0.022643,17.294,22.198
20.570313,3,65,3968.93,16.5653,0.72134,299.81,49.534,10.511,520.66,30.448,28.046,-0.040691,-0.020608,0.000855,17.265,22.198
20.574219,3,65,3954.68,16.4132,0.70087,290.25,49.529,10.588,524.44,30.451,28.048,0.044458,0.054237,0.028912,17.228,22.198
20.578125,3,65,3969.79,16.5667,0.70721,294.00,49.529,10.574,523.70,30.453,28.049,-0.014396,-0.039473,0.023240,17.218,22.198
20.582031,3,65,3960.53,16.4460,0.70699,293.22,49.546,10.530,521.71,30.455,28.051,-0.021552,-0.049143,0.028493,17.284,22.198
20.585938,3,65,3958.65,16.4618,0.71025,294.44,49.531,10.614,525.70,30.457,28.052,0.058331,0.014480,-0.002110,17.248,22.198
20.589844,3,65,3957.85,16.4080,0.70849,293.65,49.525,10.664,528.13,30.460,28.054,0.059595,0.022256,0.004016,17.046,22.198
20.593750,3,65,3951.37,16.3667,0.71004,293.81,49.537,10.601,525.13,30.462,28.056,0.052298,0.013503,-0.011975,17.092,22.198
20.597656,3,65,3961.86,16.5395,0.71380,296.14,49.545,10.644,527.35,30.465,28.057,0.046512,0.051736,0.027941,17.136,22.198
20.601563,3,65,3964.26,16.4227,0.69873,290.07,49.537,10.446,517.46,30.467,28.059,0.059952,0.032372,0.012637,17.339,22.198
20.605469,3,65,3965.98,16.4857,0.70683,293.56,49.560,10.547,522.71,30.469,28.060,0.019852,0.038359,0.020437,17.126,22.198
20.609375,3,65,3961.79,16.4397,0.71496,296.62,49.526,10.582,524.08,30.471,28.062,-0.051346,-0.001232,-0.028800,17.138,22.198
20.613281,3,65,3960.16,16.3878,0.70982,294.37,49.532,10.494,519.80,30.474,28.063,-0.014600,-0.043453,0.024437,17.179,22.198
20.617188,3,65,3968.07,16.4531,0.72045,299.37,49.530,10.705,530.23,30.476,28.065,-0.008869,-0.037030,0.017571,17.253,22.198
20.621094,3,65,3967.54,16.5763,0.70977,294.89,49.519,10.663,528.05,30.478,28.067,-0.020906,-0.053762,0.029179,17.240,22.198
20.625000,3,65,3959.85,16.5446,0.70162,290.94,49.520,10.565,523.20,30.481,28.068,0.057705,0.022605,0.002586,17.243,22.198
20.628906,3,65,3964.26,16.6183,0.70868,294.20,49.545,10.537,522.08,30.483,28.070,-0.004078,0.022316,0.008057,17.298,22.198
20.632813,3,65,3971.01,16.5994,0.71772,298.46,49.523,10.764,533.06,30.485,28.071,-0.014770,-0.048197,0.025337,17.271,22.198
20.636719,3,65,3958.77,16.5564,0.70891,293.89,49.529,10.489,519.51,30.488,28.073,-0.023997,-0.051859,0.029459,17.281,22.198
20.640625,3,65,3957.27,16.4107,0.69545,288.20,49.550,10.545,522.48,30.490,28.074,0.016272,0.001668,-0.029030,17.039,22.198
20.644531,3,65,3963.12,16.4192,0.70612,293.05,49.567,10.489,519.92,30.492,28.076,-0.023323,-0.052916,0.026379,17.231,22.198
20.648438,3,65,3954.32,16.3861,0.69841,289.21,49.541,10.596,524.93,30.494,28.077,-0.047683,0.004844,-0.026266,17.191,22.198
20.652344,3,65,3956.73,16.5505,0.70209,290.91,49.541,10.591,524.72,30.497,28.079,-0.024587,0.012718,-0.007201,17.100,22.198
20.656250,3,65,3955.37,16.4671,0.69774,289.01,49.545,10.455,518.00,30.499,28.080,-0.041058,-0.014008,-0.004353,17.102,22.198
20.660156,3,65,3963.19,16.5117,0.69410,288.07,49.545,10.471,518.78,30.501,28.082,-0.030878,-0.033808,0.013339,17.324,22.198
20.664063,3,65,3950.21,16.3192,0.70979,293.61,49.547,10.469,518.68,30.503,28.083,-0.006849,-0.019235,0.000349,17.136,22.198
20.667969,3,65,3970.69,16.6200,0.70984,295.16,49.515,10.557,522.73,30.506,28.085,-0.049071,-0.001352,-0.021036,17.420,22.198
20.671875,3,65,3970.56,16.6132,0.71807,298.57,49.520,10.539,521.88,30.508,28.086,0.002046,0.028946,0.010201,17.301,22.198
20.675781,3,65,3947.44,16.3554,0.70723,292.35,49.539,10.420,516.18,30.510,28.088,0.038810,0.001427,-0.020861,17.187,22.198
20.679688,3,65,3958.60,16.4274,0.69252,287.08,49.538,10.514,520.87,30.512,28.089,0.007575,-0.000793,-0.023782,17.266,22.198
20.683594,3,65,3962.76,16.4336,0.70728,293.51,49.517,10.576,523.68,30.515,28.091,0.042270,0.052704,0.027287,17.226,22.198
20.687500,3,65,3952.39,16.3900,0.69702,288.49,49.526,10.490,519.51,30.517,28.092,-0.045530,-0.003756,-0.017120,17.198,22.198
20.691406,3,65,3958.48,16.4244,0.70842,293.66,49.523,10.623,526.10,30.519,28.094,0.054994,0.051125,0.025498,17.228,22.198
20.695313,3,65,3968.76,16.6193,0.71055,295.31,49.538,10.579,524.04,30.522,28.095,-0.026194,0.005574,-0.016555,17.332,22.198
20.699219,3,65,3956.56,16.4408,0.70739,293.09,49.540,10.548,522.57,30.524,28.097,-0.006540,0.022064,0.002917,17.260,22.198
20.703125,3,65,3969.70,16.5872,0.71158,295.81,49.524,10.598,524.87,30.526,28.098,-0.048511,-0.005475,-0.016675,17.265,22.198
20.707031,3,65,3955.02,16.4791,0.71023,294.16,49.557,10.535,522.07,30.528,28.100,-0.014855,0.015577,-0.001699,17.077,22.198
20.710938,3,65,3952.54,16.4440,0.70158,290.39,49.522,10.588,524.32,30.531,28.102,0.013432,-0.000081,-0.025614,17.128,22.198
20.714844,3,65,3960.67,16.4177,0.70255,291.39,49.516,10.640,526.83,30.533,28.103,-0.000664,-0.010812,-0.016028,17.316,22.198
20.718750,3,65,3966.71,16.5271,0.70288,291.97,49.529,10.586,524.31,30.535,28.105,-0.049193,-0.005620,-0.016244,17.216,22.198
20.722656,3,65,3961.88,16.4717,0.71122,295.08,49.537,10.634,526.77,30.538,28.106,0.018605,-0.002483,-0.031130,17.234,22.198
20.726563,3,65,3961.44,16.3915,0.71139,295.11,49.524,10.684,529.09,30.540,28.108,-0.005811,-0.018661,-0.000914,17.350,22.198
20.730469,3,65,3962.73,16.4313,0.70668,293.26,49.549,10.694,529.86,30.542,28.109,0.059212,0.037444,0.015275,17.251,22.198
20.734375,3,65,3960.75,16.5350,0.68770,285.23,49.555,10.512,520.92,30.544,28.111,-0.045158,-0.006947,-0.007869,17.143,22.198
20.738281,3,65,3973.57,16.6438,0.71073,295.74,49.563,10.467,518.76,30.547,28.112,-0.003281,-0.006697,-0.012920,17.265,22.198
20.742188,3,65,3950.91,16.5027,0.71724,296.75,49.534,10.458,518.05,30.549,28.114,-0.050590,0.000737,-0.028165,17.199,22.198
20.746094,3,65,3960.97,16.5523,0.68992,286.17,49.535,10.603,525.23,30.551,28.115,-0.017065,-0.053499,0.028280,17.191,22.198
20.750000,3,65,3961.85,16.5166,0.71702,297.48,49.520,10.600,524.91,30.553,28.117,0.057937,0.045122,0.021358,17.292,22.197
20.753906,3,65,3951.11,16.4312,0.69476,287.46,49.535,10.530,521.61,30.556,28.118,-0.035696,-0.029601,0.005921,17.272,22.197
20.757813,3,65,3956.73,16.3581,0.69503,287.98,49.568,10.558,523.34,30.558,28.120,-0.037763,0.001742,-0.022461,17.108,22.197
20.761719,3,65,3955.18,16.3675,0.69818,289.18,49.525,10.529,521.44,30.560,28.121,-0.019346,-0.049116,0.026747,17.292,22.197
20.765625,3,65,3965.18,16.4814,0.71306,296.08,49.488,10.618,525.46,30.562,28.123,0.021115,-0.003348,-0.027438,17.171,22.197
20.769531,3,65,3955.54,16.4141,0.70275,291.09,49.499,10.599,524.63,30.565,28.124,0.047638,0.007538,-0.011920,17.227,22.197
20.773438,3,65,3955.35,16.5641,0.70856,293.49,49.555,10.533,521.98,30.567,28.126,-0.004852,-0.014718,-0.002073,17.178,22.197
20.777344,3,65,3963.72,16.4493,0.69195,287.22,49.540,10.484,519.39,30.569,28.127,-0.023268,-0.052839,0.027863,17.176,22.197
20.781250,3,65,3958.83,16.4948,0.68945,285.82,49.533,10.596,524.84,30.571,28.129,0.062929,0.037817,0.016670,17.165,22.197
20.785156,3,65,3962.92,16.3923,0.69944,290.27,49.544,10.696,529.93,30.574,28.130,-0.051938,0.002202,-0.029387,17.302,22.197
20.789063,3,65,3958.05,16.4591,0.70402,291.81,49.519,10.547,522.29,30.576,28.132,0.001667,-0.006543,-0.014429,17.314,22.197
20.792969,3,65,3972.07,16.5497,0.71976,299.39,49.508,10.682,528.87,30.578,28.133,-0.012375,-0.044103,0.018423,17.337,22.197
20.796875,3,65,3958.03,16.5083,0.71098,294.69,49.526,10.674,528.64,30.581,28.135,-0.030670,0.007101,-0.017349,17.235,22.197
20.800781,3,65,3953.06,16.4143,0.70630,292.38,49.573,10.462,518.61,30.583,28.136,-0.004503,-0.013561,-0.000202,17.272,22.197
20.804688,3,65,3959.09,16.3236,0.70806,293.56,49.523,10.627,526.29,30.585,28.138,-0.049766,0.003928,-0.026579,17.164,22.197
20.808594,3,65,3964.53,16.4299,0.71298,296.00,49.534,10.587,524.42,30.587,28.139,-0.015099,0.014046,-0.004523,17.281,22.197
20.812500,3,65,3960.89,16.4092,0.70046,290.54,49.544,10.561,523.24,30.590,28.141,-0.020946,0.011457,-0.007835,17.113,22.197
20.816406,3,65,3958.76,16.4113,0.69729,289.07,49.532,10.612,525.61,30.592,28.142,-0.009789,-0.019045,0.001235,17.273,22.197
20.820313,3,65,3958.85,16.3935,0.71827,297.77,49.519,10.577,523.76,30.594,28.144,-0.048848,-0.008536,-0.015038,17.163,22.197
20.824219,3,65,3955.03,16.3531,0.71403,295.73,49.545,10.490,519.75,30.596,28.145,-0.031336,-0.032870,0.011996,17.240,22.197
20.828125,3,65,3958.07,16.3599,0.70480,292.13,49.553,10.428,516.74,30.598,28.147,0.001375,0.032499,0.010089,17.203,22.197
20.832031,3,65,3960.25,16.4289,0.71134,295.00,49.571,10.440,517.51,30.601,28.148,0.013097,0.033570,0.017225,17.120,22.197
20.835938,3,65,3962.99,16.4692,0.72009,298.84,49.540,10.594,524.83,30.603,28.150,0.056953,0.019912,-0.003299,17.390,22.197
20.839844,3,65,3958.92,16.4915,0.70379,291.77,49.546,10.518,521.14,30.605,28.151,0.039068,0.052223,0.024081,17.294,22.197
20.843750,3,65,3960.38,16.3888,0.71117,294.94,49.545,10.583,524.36,30.607,28.153,-0.048505,-0.001296,-0.028052,17.174,22.197
20.847656,3,65,3962.73,16.4956,0.71577,297.03,49.529,10.700,529.98,30.610,28.154,-0.035922,0.000212,-0.018929,17.293,22.197
20.851563,3,65,3963.04,16.4847,0.70716,293.48,49.510,10.653,527.45,30.612,28.156,0.045180,0.001905,-0.019520,17.215,22.197
20.855469,3,65,3955.29,16.4588,0.70018,290.01,49.527,10.566,523.28,30.614,28.157,-0.048984,0.002930,-0.026457,17.145,22.197
20.859375,3,65,3958.69,16.4356,0.70628,292.79,49.535,10.605,525.34,30.616,28.159,0.044880,0.001474,-0.020643,17.226,22.197
20.863281,3,65,3951.39,16.3381,0.69198,286.33,49.540,10.404,515.41,30.618,28.160,0.001297,0.028745,0.012341,17.115,22.197
20.867188,3,65,3959.99,16.4978,0.69861,289.70,49.531,10.599,525.00,30.621,28.162,0.054064,0.008842,-0.010970,17.260,22.197
20.871094,3,65,3961.86,16.5035,0.70737,293.48,49.525,10.508,520.42,30.623,28.163,0.060039,0.043580,0.019091,17.093,22.197
20.875000,3,65,3963.97,16.5425,0.70340,291.99,49.514,10.612,525.44,30.625,28.165,0.059700,0.046685,0.019811,17.257,22.197
20.878906,3,65,3960.14,16.5473,0.72365,300.10,49.530,10.462,518.20,30.627,28.166,0.037222,0.050772,0.028579,17.208,22.197
20.882813,3,65,3958.66,16.4885,0.70170,290.89,49.557,10.487,519.72,30.629,28.167,-0.049374,0.003204,-0.024863,17.265,22.197
20.886719,3,65,3955.11,16.4766,0.69225,286.71,49.537,10.521,521.16,30.632,28.169,-0.049575,0.000009,-0.028271,17.150,22.197
20.890625,3,65,3967.19,16.6056,0.71154,295.60,49.533,10.560,523.07,30.634,28.170,0.035606,-0.004459,-0.024374,17.315,22.197
20.894531,3,65,3948.47,16.3023,0.70079,289.76,49.563,10.607,525.74,30.636,28.172,0.025659,0.042596,0.021922,17.311,22.197
20.898438,3,65,3961.76,16.5164,0.69929,290.12,49.522,10.548,522.35,30.638,28.173,-0.029827,0.004892,-0.016097,17.210,22.197
20.902344,3,65,3956.62,16.4822,0.70720,293.02,49.524,10.481,519.04,30.640,28.175,0.007198,-0.005349,-0.023220,17.241,22.197
20.906250,3,65,3955.01,16.3675,0.71565,296.40,49.536,10.458,518.02,30.643,28.176,0.042182,0.050951,0.029823,17.272,22.197
20.910156,3,65,3965.09,16.6408,0.71687,297.66,49.531,10.584,524.26,30.645,28.178,-0.048170,0.003054,-0.028020,17.392,22.197
20.914063,3,65,3964.67,16.4847,0.70411,292.33,49.533,10.630,526.53,30.647,28.179,-0.009754,0.016978,-0.000127,17.326,22.197
20.917969,3,65,3957.32,16.4791,0.71204,295.08,49.539,10.571,523.66,30.649,28.181,-0.031630,-0.037911,0.017445,17.196,22.197
20.921875,3,65,3968.20,16.5127,0.71139,295.62,49.520,10.700,529.88,30.652,28.182,-0.038374,-0.021263,-0.000456,17.179,22.197
20.925781,3,65,3968.23,16.4807,0.71037,295.19,49.513,10.596,524.64,30.654,28.184,-0.000548,0.026121,0.005446,17.087,22.197
20.929688,3,65,3962.54,16.4883,0.69593,288.78,49.535,10.570,523.60,30.656,28.185,0.049274,0.000720,-0.014437,17.123,22.197
20.933594,3,65,3948.83,16.3695,0.70622,292.04,49.535,10.529,521.57,30.658,28.186,-0.042213,-0.014637,-0.007072,17.111,22.197
20.937500,3,65,3956.96,16.4621,0.69777,289.14,49.524,10.592,524.54,30.660,28.188,-0.049481,0.002347,-0.027419,17.373,22.197
20.941406,3,65,3961.72,16.5884,0.70802,293.73,49.546,10.494,519.94,30.663,28.189,-0.047197,-0.007283,-0.012084,17.106,22.197
20.945313,3,65,3965.77,16.4481,0.70082,291.05,49.544,10.544,522.38,30.665,28.191,0.000597,-0.007007,-0.016207,17.313,22.197
20.949219,3,65,3963.14,16.4388,0.69755,289.50,49.561,10.506,520.70,30.667,28.192,-0.046900,-0.004198,-0.013735,17.156,22.197
20.953125,3,65,3958.22,16.4810,0.69948,289.94,49.559,10.421,516.43,30.669,28.194,0.034897,0.000315,-0.022994,17.293,22.197
20.957031,3,65,3948.39,16.4610,0.70322,290.76,49.543,10.606,525.44,30.671,28.195,0.056465,0.055514,0.025984,17.140,22.197
20.960938,3,65,3960.53,16.5343,0.69917,289.98,49.521,10.510,520.46,30.673,28.196,-0.020423,-0.051119,0.025461,17.204,22.197
20.964844,3,65,3965.20,16.5835,0.70829,294.11,49.518,10.558,522.82,30.676,28.198,-0.011081,-0.032491,0.013976,17.149,22.197
20.968750,3,65,3959.05,16.4272,0.69397,287.71,49.511,10.552,522.42,30.678,28.199,-0.023553,-0.052614,0.028170,17.412,22.197
20.972656,3,65,3952.66,16.3861,0.70567,292.09,49.522,10.510,520.48,30.680,28.201,-0.024197,-0.042892,0.022619,17.147,22.197
20.976563,3,65,3957.55,16.5342,0.69448,287.82,49.528,10.601,525.03,30.682,28.202,-0.020276,-0.054328,0.026299,17.144,22.197
20.980469,3,65,3957.36,16.4175,0.71142,294.82,49.543,10.389,514.71,30.684,28.204,-0.051985,0.000918,-0.022247,17.121,22.197
20.984375,3,65,3958.79,16.4706,0.69804,289.38,49.550,10.631,526.74,30.686,28.205,-0.015632,-0.047902,0.025495,17.145,22.197
20.988281,3,65,3961.64,16.5140,0.71059,294.80,49.531,10.551,522.61,30.689,28.207,-0.051795,0.000233,-0.027964,17.154,22.197
20.992188,3,65,3952.50,16.4052,0.70426,291.50,49.509,10.589,524.25,30.691,28.208,-0.042809,0.002091,-0.025589,17.347,22.197
20.996094,3,65,3960.42,16.4821,0.70989,294.41,49.518,10.554,522.60,30.693,28.209,-0.036559,0.002542,-0.022475,17.172,22.197
21.000000,3,65,3965.65,16.5704,0.69444,288.39,49.522,10.676,528.69,30.695,28.211,0.000211,0.028554,0.010152,17.321,22.197
21.003906,3,65,3966.53,16.5554,0.70420,292.51,49.559,10.558,523.23,30.697,28.212,-0.014521,-0.049375,0.029715,17.336,22.197
21.007813,3,65,3958.20,16.3613,0.69132,286.55,49.535,10.620,526.08,30.700,28.214,-0.040887,0.007127,-0.019872,17.101,22.197
21.011719,3,65,3968.94,16.5060,0.71326,296.45,49.508,10.607,525.15,30.702,28.215,-0.034526,0.005033,-0.016260,17.139,22.197
21.015625,3,65,3950.89,16.4132,0.70106,290.05,49.569,10.512,521.06,30.704,28.217,-0.051315,0.001218,-0.029190,17.092,22.197
21.019531,3,65,3952.80,16.4796,0.69605,288.12,49.519,10.495,519.72,30.706,28.218,-0.047945,-0.002535,-0.017555,17.122,22.197
21.023438,3,65,3959.09,16.4570,0.71813,297.73,49.533,10.609,525.50,30.708,28.220,0.054464,0.008907,-0.006353,17.163,22.197
21.027344,3,65,3960.24,16.5528,0.70709,293.24,49.559,10.387,514.76,30.710,28.221,-0.040049,0.003179,-0.020619,17.252,22.197
21.031250,3,65,3957.64,16.4434,0.69499,288.04,49.534,10.424,516.36,30.713,28.222,0.049597,0.008067,-0.011242,17.298,22.197
21.035156,3,65,3957.65,16.3497,0.70264,291.20,49.537,10.652,527.66,30.715,28.224,-0.009465,-0.034946,0.015745,17.170,22.197
21.039063,3,65,3951.30,16.2791,0.70652,292.34,49.545,10.562,523.30,30.717,28.225,-0.011752,-0.042267,0.022471,17.077,22.197
21.042969,3,65,3955.46,16.5349,0.70531,292.15,49.560,10.485,519.66,30.719,28.227,0.048898,0.010708,-0.013373,17.216,22.197
21.046875,3,65,3957.01,16.5064,0.70361,291.56,49.501,10.601,524.78,30.721,28.228,0.034178,0.050168,0.027955,17.300,22.197
21.050781,3,65,3966.00,16.4034,0.71039,295.04,49.531,10.638,526.90,30.723,28.229,-0.004813,-0.019697,-0.000390,17.297,22.197
21.054688,3,65,3974.29,16.6217,0.69760,290.33,49.541,10.617,525.99,30.726,28.231,-0.023600,-0.048640,0.026260,17.273,22.197
21.058594,3,65,3951.14,16.3523,0.70623,292.21,49.551,10.589,524.68,30.728,28.232,-0.046194,-0.005846,-0.018844,17.162,22.197
21.062500,3,65,3962.04,16.4870,0.70324,291.78,49.532,10.474,518.79,30.730,28.234,-0.050918,0.002246,-0.025404,17.303,22.197
21.066406,3,65,3955.97,16.5150,0.71585,296.55,49.523,10.633,526.60,30.732,28.235,-0.008403,0.022968,0.005466,17.145,22.197
21.070313,3,65,3959.92,16.4209,0.71453,296.30,49.563,10.509,520.86,30.734,28.237,-0.024555,-0.047390,0.023884,17.327,22.197
21.074219,3,65,3968.49,16.5411,0.70330,292.28,49.534,10.584,524.29,30.736,28.238,-0.039612,0.002546,-0.019464,17.371,22.197
21.078125,3,65,3961.54,16.5085,0.70024,290.50,49.525,10.541,522.03,30.739,28.239,-0.040920,-0.025537,-0.001095,17.295,22.197
21.082031,3,65,3968.67,16.5921,0.71579,297.48,49.525,10.559,522.96,30.741,28.241,-0.006938,-0.021117,0.000485,17.262,22.197
21.085938,3,65,3953.67,16.3517,0.70421,291.56,49.544,10.572,523.77,30.743,28.242,-0.003458,-0.018103,-0.002090,17.310,22.197
21.089844,3,65,3961.44,16.4934,0.70846,293.90,49.549,10.512,520.86,30.745,28.244,-0.006749,-0.009545,-0.008013,17.174,22.197
21.093750,3,65,3962.69,16.4652,0.71012,294.68,49.543,10.443,517.39,30.747,28.245,0.062342,0.043967,0.021664,17.254,22.197
21.097656,3,65,3960.59,16.4340,0.70761,293.48,49.519,10.636,526.69,30.749,28.246,-0.028134,-0.038780,0.018139,17.226,22.197
21.101563,3,65,3961.12,16.5095,0.70141,290.95,49.518,10.570,523.40,30.752,28.248,0.050901,0.054679,0.026793,17.195,22.196
21.105469,3,65,3958.79,16.5523,0.72296,299.71,49.542,10.509,520.65,30.754,28.249,-0.014013,-0.048692,0.025725,17.148,22.196
21.109375,3,65,3955.85,16.3704,0.68386,283.29,49.556,10.439,517.33,30.756,28.251,-0.050370,-0.003464,-0.018198,17.216,22.196
21.113281,3,65,3966.14,16.4642,0.71048,295.09,49.522,10.617,525.76,30.758,28.252,-0.027204,-0.043730,0.021344,17.314,22.196
21.117188,3,65,3949.64,16.3649,0.69287,286.57,49.549,10.377,514.14,30.760,28.253,0.049771,0.056378,0.026838,17.250,22.196
21.121094,3,65,3968.09,16.5286,0.71640,297.69,49.540,10.562,523.25,30.762,28.255,-0.049034,-0.002836,-0.029634,17.199,22.196
21.125000,3,65,3958.65,16.3746,0.69845,289.54,49.562,10.495,520.17,30.764,28.256,-0.046692,0.000954,-0.024302,17.245,22.196
21.128906,3,65,3962.30,16.5112,0.70377,292.02,49.545,10.604,525.39,30.766,28.258,0.023435,-0.003879,-0.026840,17.120,22.196
21.132813,3,65,3956.23,16.4371,0.71252,295.19,49.526,10.586,524.27,30.769,28.259,-0.005171,-0.011168,-0.003277,17.193,22.196
21.136719,3,65,3957.38,16.5079,0.70009,290.13,49.543,10.443,517.35,30.771,28.260,0.055080,0.052680,0.026737,17.207,22.196
21.140625,3,65,3958.61,16.4839,0.70445,292.02,49.553,10.540,522.29,30.773,28.262,-0.050960,0.000720,-0.023663,17.172,22.196
21.144531,3,65,3958.41,16.4072,0.69583,288.44,49.533,10.499,520.03,30.775,28.263,0.002728,0.024998,0.008201,17.115,22.196
21.148438,3,65,3960.60,16.4886,0.70153,290.96,49.511,10.511,520.41,30.777,28.264,0.017056,0.036289,0.018813,17.228,22.196
21.152344,3,65,3959.02,16.4555,0.71609,296.88,49.530,10.577,523.88,30.779,28.266,-0.041233,-0.016949,-0.001810,17.143,22.196
21.156250,3,65,3952.37,16.4452,0.70512,291.84,49.537,10.472,518.75,30.781,28.267,-0.022722,-0.050030,0.021407,17.196,22.196
21.160156,3,65,3963.66,16.5593,0.71327,296.06,49.540,10.510,520.67,30.783,28.269,-0.047711,-0.000415,-0.027223,17.232,22.196
21.164063,3,65,3965.13,16.4382,0.71946,298.74,49.522,10.644,527.13,30.785,28.270,-0.025436,-0.043872,0.021287,17.280,22.196
21.167969,3,65,3970.84,16.5284,0.71314,296.54,49.563,10.574,524.07,30.788,28.271,-0.030740,0.006826,-0.012492,17.372,22.196
21.171875,3,65,3967.21,16.6208,0.70551,293.10,49.530,10.668,528.41,30.790,28.273,-0.039028,0.001545,-0.021526,17.237,22.196
21.175781,3,65,3964.90,16.5234,0.71632,297.42,49.547,10.538,522.11,30.792,28.274,0.017230,-0.000759,-0.028845,17.396,22.196
21.179688,3,65,3955.80,16.3961,0.70128,290.51,49.517,10.510,520.44,30.794,28.276,0.007810,0.000194,-0.024664,17.303,22.196
21.183594,3,65,3955.05,16.6087,0.70708,292.85,49.539,10.519,521.09,30.796,28.277,0.010972,-0.000824,-0.026208,17.201,22.196
21.187500,3,65,3959.36,16.4522,0.71161,295.05,49.505,10.526,521.07,30.798,28.278,0.064119,0.040783,0.016400,17.145,22.196
21.191406,3,65,3952.46,16.4699,0.69518,287.73,49.563,10.482,519.54,30.800,28.280,-0.001366,0.022158,0.007136,17.124,22.196
21.195313,3,65,3961.72,16.5085,0.70857,293.97,49.533,10.612,525.63,30.802,28.281,-0.009108,-0.035809,0.015436,17.109,22.196
21.199219,3,65,3957.34,16.4269,0.68863,285.37,49.508,10.670,528.25,30.805,28.283,0.055467,0.018166,-0.001287,17.170,22.196
21.203125,3,65,3964.00,16.4880,0.71344,296.16,49.542,10.684,529.32,30.807,28.284,-0.053189,0.003521,-0.027693,17.297,22.196
21.207031,3,65,3954.37,16.4050,0.70674,292.66,49.535,10.540,522.07,30.809,28.285,-0.033496,-0.031327,0.009705,17.178,22.196
21.210938,3,65,3958.41,16.5037,0.69585,288.45,49.543,10.553,522.82,30.811,28.287,0.010345,-0.003394,-0.024092,17.253,22.196
21.214844,3,65,3956.44,16.4506,0.70790,293.30,49.563,10.498,520.33,30.813,28.288,-0.028656,0.009907,-0.011427,17.121,22.196
21.218750,3,65,3956.36,16.4360,0.69832,289.32,49.526,10.501,520.07,30.815,28.290,0.061046,0.040389,0.017015,17.294,22.196
21.222656,3,65,3965.67,16.4879,0.72033,299.14,49.533,10.563,523.21,30.817,28.291,-0.040081,-0.019741,-0.000556,17.278,22.196
21.226563,3,65,3952.93,16.4179,0.71029,294.03,49.553,10.526,521.61,30.819,28.292,-0.006119,-0.017148,0.002626,17.103,22.196
21.230469,3,65,3951.39,16.3691,0.69944,289.42,49.512,10.583,523.98,30.822,28.294,0.058456,0.033929,0.012510,17.216,22.196
21.234375,3,65,3955.95,16.4133,0.71351,295.58,49.549,10.456,518.11,30.824,28.295,0.030307,0.047792,0.022889,17.365,22.196
21.238281,3,65,3965.28,16.4525,0.71253,295.87,49.550,10.456,518.08,30.826,28.296,-0.019873,-0.052604,0.028662,17.332,22.196
21.242188,3,65,3954.76,16.4143,0.69808,289.10,49.521,10.516,520.77,30.828,28.298,0.063477,0.046034,0.022951,17.241,22.196
21.246094,3,65,3964.96,16.5522,0.71292,296.01,49.535,10.677,528.90,30.830,28.299,0.010537,0.035864,0.015244,17.290,22.196
21.250000,3,65,3966.72,16.4269,0.71829,298.37,49.529,10.531,521.57,30.832,28.300,-0.042270,0.004227,-0.019701,17.252,22.196
21.253906,3,65,3951.24,16.2997,0.70572,292.01,49.518,10.542,522.01,30.834,28.302,-0.030234,-0.037968,0.017177,17.111,22.196
21.257813,3,65,3967.59,16.5000,0.71571,297.37,49.552,10.629,526.68,30.836,28.303,-0.042361,-0.018629,-0.001688,17.260,22.196
21.261719,3,65,3968.65,16.5586,0.70966,294.93,49.508,10.469,518.30,30.838,28.305,0.019268,-0.003533,-0.027149,17.273,22.196
21.265625,3,65,3950.38,16.4587,0.69597,287.91,49.550,10.566,523.52,30.840,28.306,0.057261,0.045601,0.025096,17.187,22.196
21.269531,3,65,3951.47,16.3529,0.70643,292.32,49.549,10.627,526.55,30.843,28.307,-0.046540,0.000015,-0.022220,17.110,22.196
21.273438,3,65,3973.15,16.6262,0.71510,297.53,49.536,10.580,524.09,30.845,28.309,-0.037953,-0.016959,-0.002573,17.172,22.196
21.277344,3,65,3955.69,16.4920,0.70618,292.53,49.576,10.441,517.61,30.847,28.310,-0.051514,0.002026,-0.020990,17.191,22.196
21.281250,3,65,3963.73,16.5221,0.71308,295.99,49.533,10.660,528.01,30.849,28.311,-0.037564,0.002594,-0.020051,17.349,22.196
21.285156,3,65,3956.57,16.4016,0.69571,288.25,49.527,10.587,524.33,30.851,28.313,-0.022308,-0.054382,0.024830,17.260,22.196
21.289063,3,65,3960.37,16.4588,0.70833,293.76,49.549,10.569,523.70,30.853,28.314,0.061697,0.015218,-0.002981,17.205,22.196
21.292969,3,65,3954.57,16.3931,0.70551,292.17,49.526,10.478,518.91,30.855,28.316,-0.000834,-0.009179,-0.013046,17.228,22.196
21.296875,3,65,3963.59,16.3228,0.69506,288.50,49.519,10.575,523.67,30.857,28.317,-0.045495,-0.000284,-0.026512,17.231,22.196
21.300781,3,65,3963.37,16.4452,0.71479,296.67,49.523,10.635,526.66,30.859,28.318,0.034668,0.049729,0.025664,17.129,22.196
21.304688,3,65,3956.21,16.3493,0.69318,287.18,49.513,10.633,526.44,30.862,28.320,-0.047038,0.001771,-0.019298,17.250,22.196
21.308594,3,65,3969.02,16.5190,0.70782,294.19,49.516,10.659,527.80,30.864,28.321,-0.015746,-0.053040,0.028621,17.202,22.196
21.312500,3,65,3957.14,16.3311,0.69906,289.68,49.529,10.541,522.09,30.866,28.322,-0.025078,-0.047507,0.025230,17.231,22.196
21.316406,3,65,3955.98,16.3332,0.69792,289.13,49.510,10.573,523.47,30.868,28.324,-0.008828,-0.020258,0.001856,17.271,22.196
21.320313,3,65,3958.07,16.3940,0.70646,292.82,49.538,10.651,527.65,30.870,28.325,-0.007280,-0.020500,0.001711,17.243,22.196
21.324219,3,65,3966.57,16.5301,0.69881,290.27,49.531,10.499,520.04,30.872,28.327,-0.044987,-0.010236,-0.011050,17.194,22.196
21.328125,3,65,3965.71,16.4615,0.71308,296.13,49.493,10.611,525.17,30.874,28.328,-0.035409,-0.025454,0.004012,17.179,22.196
21.332031,3,65,3960.86,16.4912,0.71038,294.65,49.525,10.524,521.20,30.876,28.329,0.055515,0.013446,-0.005830,17.186,22.196
21.335938,3,65,3967.21,16.4802,0.70509,292.93,49.507,10.636,526.55,30.878,28.331,-0.044144,-0.010393,-0.008390,17.354,22.196
21.339844,3,65,3963.84,16.5476,0.70018,290.64,49.520,10.622,526.01,30.881,28.332,-0.051082,0.002042,-0.026417,17.176,22.196
21.343750,3,65,3957.03,16.4883,0.70011,290.11,49.540,10.494,519.87,30.883,28.333,-0.024593,-0.043201,0.022719,17.134,22.196
21.347656,3,65,3971.60,16.6308,0.71102,295.72,49.552,10.558,523.18,30.885,28.335,0.044859,0.052524,0.028423,17.134,22.196
21.351563,3,65,3973.66,16.6195,0.70338,292.69,49.542,10.557,523.04,30.887,28.336,0.040405,0.050477,0.026785,17.239,22.196
21.355469,3,65,3958.67,16.4372,0.70659,292.92,49.521,10.547,522.32,30.889,28.337,0.001586,0.030877,0.011008,17.279,22.196
21.359375,3,65,3958.53,16.4715,0.71782,297.56,49.527,10.557,522.84,30.891,28.339,0.057016,0.022326,0.000231,17.222,22.196
21.363281,3,65,3963.00,16.5234,0.71246,295.68,49.518,10.649,527.33,30.893,28.340,0.035048,0.051403,0.022642,17.188,22.196
21.367188,3,65,3959.08,16.5185,0.70892,293.92,49.546,10.485,519.47,30.895,28.341,-0.032514,0.009781,-0.016667,17.199,22.196
21.371094,3,65,3959.99,16.4685,0.69572,288.51,49.523,10.551,522.49,30.897,28.343,-0.014087,-0.032876,0.012878,17.099,22.196
21.375000,3,65,3958.85,16.4802,0.70983,294.28,49.527,10.570,523.52,30.899,28.344,0.018765,0.000971,-0.025368,17.094,22.196
21.378906,3,65,3962.66,16.4455,0.69088,286.69,49.553,10.605,525.50,30.901,28.346,-0.010075,0.016424,0.000121,17.260,22.196
21.382813,3,65,3960.24,16.4826,0.70560,292.63,49.528,10.683,529.12,30.903,28.347,0.016113,-0.003945,-0.027048,17.299,22.196
21.386719,3,65,3956.55,16.4740,0.68829,285.18,49.527,10.633,526.63,30.906,28.348,0.034009,-0.000676,-0.026295,17.200,22.196
21.390625,3,65,3950.94,16.3456,0.71114,294.23,49.532,10.541,522.10,30.908,28.350,-0.016179,-0.052268,0.026139,17.178,22.196
21.394531,3,65,3959.10,16.4737,0.70220,291.13,49.515,10.611,525.43,30.910,28.351,-0.038544,-0.011553,-0.004265,17.116,22.196
21.398438,3,65,3964.79,16.4716,0.71636,297.43,49.539,10.537,521.99,30.912,28.352,0.013841,0.035840,0.018887,17.200,22.196
21.402344,3,65,3954.38,16.4244,0.71102,294.44,49.551,10.528,521.66,30.914,28.354,-0.015686,-0.046958,0.027942,17.261,22.195
21.406250,3,65,3962.08,16.5089,0.71596,297.06,49.545,10.723,531.28,30.916,28.355,-0.018882,-0.052018,0.028082,17.311,22.195
21.410156,3,65,3957.59,16.5078,0.71870,297.86,49.549,10.457,518.13,30.918,28.356,0.056604,0.017988,-0.003993,17.188,22.195
21.414063,3,65,3968.18,16.5596,0.69678,289.54,49.511,10.628,526.19,30.920,28.358,0.046173,0.004438,-0.015345,17.375,22.195
21.417969,3,65,3951.81,16.3005,0.70018,289.76,49.549,10.551,522.80,30.922,28.359,-0.028511,-0.035435,0.011402,17.121,22.195
21.421875,3,65,3955.42,16.3702,0.68940,285.56,49.570,10.458,518.39,30.924,28.360,0.057230,0.015030,-0.002783,17.256,22.195
21.425781,3,65,3956.84,16.4753,0.70481,292.05,49.543,10.484,519.43,30.926,28.362,-0.006077,0.025626,0.007590,17.187,22.195
21.429688,3,65,3964.39,16.5210,0.69390,288.07,49.513,10.555,522.63,30.928,28.363,-0.023510,0.012443,-0.009043,17.292,22.195
21.433594,3,65,3962.67,16.5825,0.72034,298.92,49.545,10.603,525.31,30.930,28.364,-0.019868,-0.053991,0.028259,17.142,22.195
21.437500,3,65,3966.57,16.4722,0.71714,297.88,49.525,10.630,526.42,30.932,28.366,0.053320,0.009721,-0.006559,17.109,22.195
21.441406,3,65,3953.42,16.4446,0.71520,296.09,49.528,10.550,522.51,30.934,28.367,-0.049951,-0.002765,-0.023697,17.112,22.195
21.445313,3,65,3952.95,16.3758,0.70376,291.32,49.533,10.514,520.80,30.937,28.368,-0.044639,0.000302,-0.025645,17.157,22.195
21.449219,3,65,3956.89,16.5217,0.70571,292.42,49.535,10.477,518.98,30.939,28.370,-0.013228,-0.046043,0.022367,17.306,22.195
21.453125,3,65,3953.01,16.3584,0.70469,291.71,49.544,10.593,524.81,30.941,28.371,0.001499,-0.006337,-0.015603,17.130,22.195
21.457031,3,65,3971.33,16.6131,0.70961,295.11,49.554,10.658,528.13,30.943,28.372,0.053581,0.016564,-0.005403,17.239,22.195
21.460938,3,65,3956.10,16.4122,0.69679,288.67,49.515,10.568,523.26,30.945,28.374,0.025874,0.045062,0.024803,17.156,22.195
21.464844,3,65,3963.90,16.5538,0.69877,290.06,49.532,10.614,525.75,30.947,28.375,0.047919,0.051830,0.028030,17.422,22.195
21.468750,3,65,3964.80,16.5605,0.70600,293.13,49.543,10.598,525.05,30.949,28.376,-0.030428,-0.036812,0.014207,17.254,22.195
21.472656,3,65,3949.62,16.3398,0.70891,293.21,49.520,10.421,516.04,30.951,28.378,-0.008285,-0.026837,0.008947,17.180,22.195
21.476563,3,65,3957.15,16.5125,0.70281,291.24,49.541,10.486,519.48,30.953,28.379,-0.005465,-0.010920,-0.007210,17.100,22.195
21.480469,3,65,3968.53,16.4870,0.71372,296.61,49.518,10.652,527.45,30.955,28.380,-0.047630,-0.001983,-0.018837,17.249,22.195
21.484375,3,65,3957.80,16.4198,0.71017,294.34,49.551,10.412,515.94,30.957,28.381,0.057830,0.027283,0.007437,17.258,22.195
21.488281,3,65,3966.96,16.5518,0.71205,295.80,49.522,10.640,526.91,30.959,28.383,-0.039836,-0.014206,-0.006501,17.200,22.195
21.492188,3,65,3953.10,16.4398,0.69478,287.62,49.530,10.593,524.69,30.961,28.384,0.016548,0.038243,0.018521,17.167,22.195
21.496094,3,65,3954.21,16.3710,0.70163,290.54,49.544,10.521,521.25,30.963,28.385,-0.033318,-0.032594,0.013352,17.191,22.195
21.500000,3,65,3968.81,16.6270,0.70169,291.63,49.537,10.543,522.26,30.965,28.387,0.061564,0.037773,0.016159,17.251,22.195
21.503906,3,65,3960.14,16.5006,0.71397,296.09,49.512,10.498,519.78,30.967,28.388,0.028501,-0.004608,-0.027824,17.190,22.195
21.507813,3,65,3964.13,16.4903,0.70503,292.67,49.548,10.480,519.28,30.969,28.389,0.010285,0.033700,0.013107,17.300,22.195
21.511719,3,65,3958.46,16.4396,0.70268,291.28,49.531,10.530,521.55,30.971,28.391,0.055561,0.014550,-0.008021,17.295,22.195
21.515625,3,65,3952.92,16.4552,0.71124,294.42,49.549,10.503,520.41,30.973,28.392,-0.010669,-0.036030,0.015116,17.207,22.195
21.519531,3,65,3968.73,16.4939,0.69956,290.74,49.502,10.757,532.48,30.975,28.393,-0.001498,-0.010351,-0.009428,17.322,22.195
21.523438,3,65,3960.19,16.4894,0.71142,295.03,49.538,10.546,522.42,30.977,28.395,-0.022976,-0.051289,0.025963,17.315,22.195
21.527344,3,65,3964.64,16.5547,0.70416,292.35,49.543,10.651,527.70,30.979,28.396,-0.010132,-0.025688,0.005077,17.208,22.195
21.531250,3,65,3966.54,16.5126,0.71968,298.94,49.556,10.490,519.86,30.981,28.397,0.000303,-0.005660,-0.014473,17.196,22.195
21.535156,3,65,3950.87,16.3760,0.70745,292.70,49.541,10.554,522.87,30.983,28.399,0.030876,0.051879,0.027832,17.032,22.195
21.539063,3,65,3953.81,16.4597,0.69744,288.77,49.527,10.472,518.64,30.985,28.400,0.010418,-0.002933,-0.024987,17.196,22.195
21.542969,3,65,3967.96,16.4978,0.69895,290.43,49.531,10.625,526.29,30.988,28.401,-0.040078,-0.020906,0.003880,17.317,22.195
21.546875,3,65,3967.45,16.4884,0.69145,287.28,49.517,10.666,528.17,30.990,28.403,-0.053115,-0.003243,-0.020829,17.332,22.195
21.550781,3,65,3955.05,16.3758,0.70441,291.75,49.561,10.511,520.94,30.992,28.404,-0.016104,-0.055451,0.026209,17.255,22.195
21.554688,3,65,3954.85,16.3306,0.70883,293.56,49.557,10.446,517.68,30.994,28.405,-0.048321,-0.001422,-0.018951,17.193,22.195
21.558594,3,65,3962.16,16.4377,0.70810,293.80,49.535,10.473,518.75,30.996,28.406,-0.028862,-0.038073,0.016724,17.155,22.195
21.562500,3,65,3967.43,16.5407,0.69513,288.81,49.521,10.542,522.07,30.998,28.408,-0.052235,0.001185,-0.024465,17.204,22.195
21.566406,3,65,3956.93,16.5075,0.70467,292.00,49.515,10.558,522.79,31.000,28.409,0.036792,-0.000378,-0.023914,17.146,22.195
21.570313,3,65,3966.96,16.5316,0.69525,288.82,49.549,10.580,524.25,31.002,28.410,0.058940,0.044545,0.021454,17.261,22.195
21.574219,3,65,3962.68,16.5631,0.70206,291.34,49.556,10.624,526.49,31.004,28.412,-0.045868,0.002258,-0.025127,17.178,22.195
21.578125,3,65,3960.07,16.3779,0.70157,290.94,49.539,10.582,524.25,31.006,28.413,0.060642,0.027551,0.009230,17.216,22.195
21.582031,3,65,3969.69,16.5606,0.70976,295.05,49.513,10.514,520.57,31.008,28.414,-0.032967,0.002222,-0.014598,17.340,22.195
21.585938,3,65,3952.02,16.3947,0.70625,292.29,49.515,10.618,525.74,31.010,28.415,-0.048751,0.001952,-0.024786,17.202,22.195
21.589844,3,65,3956.72,16.4154,0.69118,286.39,49.540,10.535,521.89,31.012,28.417,-0.046070,-0.005557,-0.013005,17.299,22.195
21.593750,3,65,3958.15,16.4821,0.70392,291.77,49.528,10.521,521.07,31.014,28.418,-0.011861,-0.042021,0.022975,17.306,22.195
21.597656,3,65,3956.53,16.4527,0.71193,294.97,49.550,10.494,519.96,31.016,28.419,0.060048,0.021557,0.000039,17.220,22.195
21.601563,3,65,3956.01,16.3229,0.70569,292.35,49.525,10.593,524.61,31.018,28.421,0.044510,-0.002211,-0.021994,17.188,22.195
21.605469,3,65,3959.04,16.4119,0.71324,295.70,49.553,10.542,522.38,31.020,28.422,-0.022142,-0.051131,0.025326,17.303,22.195
21.609375,3,65,3955.46,16.4390,0.69801,289.13,49.543,10.532,521.78,31.022,28.423,-0.020543,-0.053297,0.026762,17.230,22.195
21.613281,3,65,3960.72,16.5280,0.69285,287.37,49.526,10.532,521.60,31.024,28.424,-0.043867,-0.006739,-0.009528,17.292,22.195
21.617188,3,65,3965.16,16.5642,0.71008,294.84,49.524,10.593,524.62,31.026,28.426,-0.019247,-0.051759,0.027754,17.290,22.195
21.621094,3,65,3968.25,16.5419,0.70837,294.37,49.487,10.664,527.71,31.028,28.427,-0.006595,0.021773,0.005193,17.255,22.195
21.625000,3,65,3962.05,16.4324,0.71180,295.33,49.532,10.543,522.22,31.030,28.428,0.005060,0.030804,0.013398,17.180,22.195
21.628906,3,65,3965.05,16.4610,0.70231,291.61,49.531,10.651,527.56,31.032,28.430,0.020037,-0.003356,-0.029852,17.212,22.195
21.632813,3,65,3961.02,16.3704,0.71470,296.45,49.513,10.599,524.80,31.034,28.431,0.059996,0.044377,0.020702,17.348,22.195
21.636719,3,65,3963.13,16.5125,0.71355,296.14,49.544,10.477,519.07,31.036,28.432,0.059559,0.037288,0.016009,17.159,22.195
21.640625,3,65,3965.52,16.5910,0.71301,296.09,49.520,10.552,522.55,31.038,28.433,0.038446,-0.000697,-0.020746,17.236,22.195
21.644531,3,65,3967.35,16.5866,0.70532,293.03,49.535,10.577,523.91,31.040,28.435,0.058549,0.019707,0.003150,17.116,22.195
21.648438,3,65,3963.31,16.5114,0.71633,297.30,49.563,10.539,522.35,31.042,28.436,0.004820,0.030948,0.016369,17.181,22.195
21.652344,3,65,3959.79,16.4090,0.70640,292.92,49.571,10.496,520.29,31.044,28.437,0.002616,0.025462,0.007675,17.318,22.195
21.656250,3,65,3955.73,16.4949,0.70101,290.39,49.533,10.519,521.06,31.046,28.438,-0.050882,-0.000887,-0.021772,17.134,22.195
21.660156,3,65,3953.70,16.4488,0.70264,290.92,49.534,10.597,524.90,31.048,28.440,0.032043,0.000535,-0.028792,17.239,22.195
21.664063,3,65,3968.33,16.4211,0.70254,291.95,49.551,10.603,525.41,31.050,28.441,-0.051384,0.001814,-0.027233,17.154,22.195
21.667969,3,65,3961.60,16.4384,0.70695,293.28,49.561,10.460,518.41,31.052,28.442,-0.032963,-0.031136,0.012638,17.304,22.195
21.671875,3,65,3950.01,16.3509,0.70530,291.74,49.533,10.530,521.58,31.054,28.444,-0.048212,-0.007639,-0.010720,17.206,22.194
21.675781,3,65,3961.61,16.4511,0.71341,295.96,49.523,10.521,521.01,31.056,28.445,0.062951,0.028864,0.008155,17.223,22.194
21.679688,3,65,3961.99,16.6380,0.69701,289.19,49.540,10.459,518.13,31.058,28.446,-0.021245,-0.049574,0.026875,17.142,22.194
21.683594,3,65,3959.01,16.5100,0.70619,292.78,49.503,10.605,524.98,31.060,28.447,-0.049542,-0.002262,-0.019752,17.156,22.194
21.687500,3,65,3961.53,16.5266,0.70416,292.12,49.529,10.597,524.87,31.062,28.449,-0.022430,0.012503,-0.009282,17.199,22.194
21.691406,3,65,3965.29,16.4953,0.70829,294.11,49.543,10.664,528.32,31.064,28.450,-0.016570,-0.050444,0.024993,17.127,22.194
21.695313,3,65,3956.79,16.3817,0.70453,291.93,49.542,10.548,522.59,31.066,28.451,-0.043401,-0.010088,-0.009132,17.181,22.194
21.699219,3,65,3963.52,16.4865,0.71009,294.73,49.518,10.677,528.72,31.068,28.453,-0.002340,-0.010692,-0.010423,17.290,22.194
21.703125,3,65,3963.46,16.4861,0.70529,292.73,49.533,10.546,522.38,31.070,28.454,-0.032602,-0.035583,0.015149,17.295,22.194
21.707031,3,65,3965.17,16.5216,0.70799,293.98,49.547,10.543,522.38,31.072,28.455,-0.013953,-0.048422,0.025168,17.355,22.194
21.710938,3,65,3952.48,16.4025,0.71902,297.60,49.529,10.569,523.46,31.074,28.456,0.059202,0.021717,0.000382,17.161,22.194
21.714844,3,65,3970.40,16.5258,0.69390,288.51,49.518,10.696,529.66,31.076,28.458,-0.015874,0.015668,-0.004552,17.366,22.194
21.718750,3,65,3967.74,16.5404,0.71090,295.38,49.532,10.445,517.35,31.078,28.459,0.051547,0.004571,-0.012249,17.261,22.194
21.722656,3,65,3958.88,16.4226,0.71395,295.98,49.529,10.565,523.27,31.080,28.460,0.031731,0.000565,-0.023089,17.391,22.194
21.726563,3,65,3970.11,16.4195,0.72040,299.51,49.547,10.620,526.21,31.082,28.461,-0.023088,-0.050633,0.026771,17.266,22.194
21.730469,3,65,3954.59,16.4200,0.71045,294.22,49.527,10.596,524.79,31.084,28.463,0.044563,0.003368,-0.014902,17.234,22.194
21.734375,3,65,3970.92,16.4834,0.70684,293.93,49.512,10.544,522.04,31.086,28.464,-0.002768,-0.009376,-0.010598,17.273,22.194
21.738281,3,65,3954.21,16.4042,0.68944,285.49,49.527,10.566,523.29,31.088,28.465,-0.024312,-0.049945,0.021377,17.101,22.194
21.742188,3,65,3952.85,16.3703,0.69882,289.27,49.525,10.639,526.88,31.090,28.467,0.001647,-0.006905,-0.017543,17.184,22.194
21.746094,3,65,3954.01,16.2572,0.69738,288.76,49.531,10.502,520.19,31.092,28.468,0.040666,0.053155,0.029094,17.190,22.194
21.750000,3,65,3959.29,16.3777,0.70149,290.85,49.546,10.587,524.54,31.094,28.469,0.052461,0.005795,-0.011765,17.243,22.194
21.753906,3,65,3951.15,16.4337,0.71186,294.54,49.535,10.419,516.11,31.095,28.470,-0.016529,-0.046819,0.025937,17.220,22.194
21.757813,3,65,3954.42,16.4777,0.71948,297.94,49.508,10.587,524.14,31.097,28.471,0.007757,0.030132,0.014148,17.268,22.194
21.761719,3,65,3961.42,16.4497,0.70740,293.46,49.543,10.588,524.55,31.099,28.473,-0.049710,0.004663,-0.024435,17.302,22.194
21.765625,3,65,3958.75,16.4289,0.70826,293.61,49.527,10.640,526.97,31.101,28.474,0.047544,0.054380,0.029911,17.287,22.194
21.769531,3,65,3954.89,16.4115,0.69518,287.91,49.547,10.397,515.14,31.103,28.475,-0.019603,0.012892,-0.003995,17.138,22.194
21.773438,3,65,3962.43,16.5673,0.70001,290.47,49.517,10.549,522.35,31.105,28.476,-0.025364,0.010671,-0.010879,17.185,22.194
21.777344,3,65,3958.69,16.4765,0.71590,296.78,49.570,10.427,516.86,31.107,28.478,-0.049543,0.004530,-0.027239,17.277,22.194
21.781250,3,65,3962.60,16.5459,0.70587,292.91,49.559,10.594,525.05,31.109,28.479,-0.013316,-0.038717,0.017859,17.313,22.194
21.785156,3,65,3954.85,16.4105,0.69748,288.86,49.538,10.472,518.74,31.111,28.480,-0.009303,0.014902,0.001415,17.164,22.194
21.789063,3,65,3963.11,16.5448,0.70496,292.57,49.538,10.445,517.43,31.113,28.481,0.058169,0.018084,-0.002198,17.178,22.194
21.792969,3,65,3953.95,16.3685,0.70428,291.61,49.536,10.629,526.52,31.115,28.483,0.059119,0.042345,0.021612,17.203,22.194
21.796875,3,65,3970.83,16.5711,0.71603,297.74,49.515,10.614,525.56,31.117,28.484,-0.015042,-0.046415,0.025526,17.389,22.194
21.800781,3,65,3968.04,16.5161,0.70962,294.87,49.516,10.626,526.17,31.119,28.485,-0.046679,0.000233,-0.021846,17.250,22.194
21.804688,3,65,3967.68,16.6207,0.71161,295.67,49.540,10.517,521.01,31.121,28.486,-0.033781,0.005112,-0.019054,17.279,22.194
21.808594,3,65,3972.33,16.4799,0.70496,293.25,49.513,10.601,524.87,31.123,28.488,-0.046669,0.001386,-0.025721,17.230,22.194
21.812500,3,65,3955.84,16.3040,0.70207,290.83,49.541,10.473,518.83,31.125,28.489,0.058528,0.046050,0.025730,17.179,22.194
21.816406,3,65,3962.76,16.5119,0.69770,289.53,49.529,10.512,520.64,31.127,28.490,-0.037955,0.003661,-0.022533,17.166,22.194
21.820313,3,65,3956.08,16.3839,0.70065,290.26,49.554,10.493,519.98,31.129,28.491,-0.039018,-0.014240,-0.002437,17.327,22.194
21.824219,3,65,3970.87,16.5424,0.69988,291.03,49.513,10.697,529.66,31.131,28.493,0.018715,-0.004133,-0.025627,17.353,22.194
21.828125,3,65,3958.63,16.3931,0.70381,291.76,49.548,10.565,523.47,31.133,28.494,0.062078,0.033123,0.015682,17.304,22.194
21.832031,3,65,3958.22,16.4791,0.70343,291.58,49.538,10.526,521.42,31.135,28.495,0.042398,0.003226,-0.018278,17.276,22.194
21.835938,3,65,3965.97,16.4834,0.71027,294.98,49.516,10.524,521.10,31.137,28.496,0.017287,-0.001949,-0.028067,17.277,22.194
21.839844,3,65,3951.21,16.3735,0.70783,292.88,49.564,10.470,518.92,31.138,28.497,0.054619,0.010447,-0.008571,17.096,22.194
21.843750,3,65,3962.99,16.5264,0.71000,294.65,49.533,10.608,525.42,31.140,28.499,-0.048075,-0.001741,-0.021396,17.258,22.194
21.847656,3,65,3966.93,16.4902,0.69124,287.15,49.557,10.561,523.39,31.142,28.500,-0.012058,-0.022816,0.005142,17.193,22.194
21.851563,3,65,3957.14,16.4775,0.69462,287.84,49.530,10.482,519.18,31.144,28.501,0.059581,0.038360,0.011799,17.230,22.194
21.855469,3,65,3953.13,16.3509,0.69150,286.26,49.524,10.540,521.99,31.146,28.502,-0.007518,0.019428,0.001028,17.246,22.194
21.859375,3,65,3949.64,16.3533,0.70217,290.42,49.547,10.592,524.83,31.148,28.504,-0.016500,0.013742,-0.000233,17.101,22.194
21.863281,3,65,3963.96,16.5363,0.71573,297.10,49.547,10.483,519.40,31.150,28.505,-0.004003,-0.007163,-0.012023,17.335,22.194
21.867188,3,65,3953.68,16.4943,0.71895,297.66,49.517,10.605,525.13,31.152,28.506,-0.018008,0.011902,-0.005971,17.303,22.194
21.871094,3,65,3955.23,16.3686,0.70103,290.36,49.576,10.406,515.89,31.154,28.507,-0.050064,-0.004329,-0.017223,17.226,22.194
21.875000,3,65,3961.87,16.4626,0.71870,298.18,49.515,10.638,526.72,31.156,28.508,-0.002281,-0.011122,-0.004012,17.254,22.194
21.878906,3,65,3959.19,16.5075,0.69311,287.37,49.520,10.644,527.09,31.158,28.510,-0.038312,-0.015750,-0.002228,17.230,22.194
21.882813,3,65,3963.29,16.6094,0.70631,293.14,49.568,10.471,519.04,31.160,28.511,-0.003815,-0.020449,0.004676,17.253,22.194
21.886719,3,65,3960.77,16.5073,0.71188,295.27,49.531,10.528,521.45,31.162,28.512,-0.053865,0.004206,-0.025819,17.155,22.194
21.890625,3,65,3956.62,16.3485,0.69859,289.45,49.522,10.453,517.63,31.164,28.513,-0.015770,-0.047730,0.026088,17.257,22.194
21.894531,3,65,3956.00,16.5271,0.70530,292.18,49.547,10.468,518.63,31.165,28.514,-0.020715,-0.053840,0.027182,17.327,22.194
21.898438,3,65,3965.50,16.4831,0.70598,293.17,49.544,10.663,528.30,31.167,28.516,0.031316,-0.000533,-0.027093,17.365,22.194
21.902344,3,65,3949.54,16.3582,0.69558,287.69,49.520,10.584,524.12,31.169,28.517,-0.044590,-0.006154,-0.011494,17.172,22.194
21.906250,3,65,3965.72,16.4747,0.70565,293.05,49.514,10.640,526.82,31.171,28.518,-0.033437,0.007466,-0.016149,17.187,22.194
21.910156,3,65,3966.19,16.5439,0.70139,291.31,49.568,10.526,521.76,31.173,28.519,0.020750,-0.002835,-0.026679,17.267,22.194
21.914063,3,65,3963.11,16.4873,0.69618,288.93,49.546,10.378,514.21,31.175,28.520,-0.005672,-0.020404,0.002683,17.099,22.194
21.917969,3,65,3962.83,16.4097,0.69480,288.33,49.534,10.595,524.80,31.177,28.522,-0.026318,-0.050058,0.024955,17.193,22.193
21.921875,3,65,3958.62,16.4183,0.71279,295.49,49.546,10.646,527.49,31.179,28.523,0.015952,-0.005493,-0.028015,17.167,22.193
21.925781,3,65,3962.61,16.4274,0.70349,291.92,49.547,10.565,523.46,31.181,28.524,0.038664,0.051280,0.027589,17.123,22.193
21.929688,3,65,3961.11,16.4305,0.71378,296.08,49.539,10.507,520.50,31.183,28.525,-0.045629,-0.001804,-0.018976,17.297,22.193
21.933594,3,65,3953.05,16.4611,0.69760,288.78,49.553,10.445,517.56,31.185,28.527,0.046460,0.056473,0.026612,17.084,22.193
21.937500,3,65,3957.15,16.3640,0.70213,290.96,49.535,10.561,523.16,31.187,28.528,-0.049284,0.001065,-0.029584,17.255,22.193
21.941406,3,65,3960.92,16.4521,0.68280,283.22,49.546,10.466,518.54,31.188,28.529,-0.007406,-0.023128,0.005482,17.331,22.193
21.945313,3,65,3962.24,16.4926,0.71414,296.31,49.531,10.584,524.23,31.190,28.530,0.057531,0.020275,-0.003181,17.320,22.193
21.949219,3,65,3966.49,16.5878,0.70059,291.00,49.504,10.669,528.14,31.192,28.531,0.022151,0.046537,0.022552,17.297,22.193
21.953125,3,65,3973.46,16.6280,0.69166,287.80,49.529,10.489,519.50,31.194,28.533,-0.048671,0.005776,-0.027811,17.258,22.193
21.957031,3,65,3952.06,16.4632,0.69473,287.52,49.518,10.596,524.68,31.196,28.534,0.042932,0.004790,-0.018982,17.161,22.193
21.960938,3,65,3956.85,16.5132,0.69260,286.98,49.533,10.651,527.59,31.198,28.535,0.040608,0.003963,-0.020515,17.227,22.193
21.964844,3,65,3953.98,16.4451,0.70944,293.75,49.545,10.672,528.73,31.200,28.536,-0.008002,-0.026951,0.010960,17.183,22.193
21.968750,3,65,3957.58,16.4685,0.70664,292.86,49.537,10.510,520.62,31.202,28.538,0.037820,0.051746,0.023755,17.077,22.193
21.972656,3,65,3957.10,16.3478,0.70331,291.44,49.540,10.565,523.37,31.204,28.539,0.059886,0.045648,0.021918,17.209,22.193
21.976563,3,65,3962.89,16.3760,0.69612,288.88,49.545,10.525,521.47,31.206,28.540,-0.013023,-0.040506,0.017728,17.187,22.193
21.980469,3,65,3965.87,16.5448,0.70600,293.21,49.521,10.638,526.81,31.208,28.541,-0.043802,0.000655,-0.026008,17.297,22.193
21.984375,3,65,3963.10,16.5892,0.69777,289.58,49.535,10.591,524.61,31.210,28.542,0.053627,0.053458,0.025217,17.243,22.193
21.988281,3,65,3958.88,16.4806,0.69986,290.14,49.526,10.494,519.70,31.212,28.544,-0.050827,0.001408,-0.026427,17.283,22.193
21.992188,3,65,3955.97,16.4382,0.70326,291.34,49.532,10.427,516.47,31.213,28.545,0.014807,0.039922,0.016539,17.196,22.193
21.996094,3,65,3956.88,16.4509,0.70063,290.31,49.543,10.562,523.29,31.215,28.546,-0.021090,-0.052411,0.028065,17.205,22.193
22.000000,0,0,3939.29,16.2080,0.68652,283.21,49.526,10.542,522.11,31.217,28.547,0.002751,-0.008890,-0.014204,17.150,22.193
22.003906,0,0,3923.85,16.1800,0.69474,285.47,49.525,10.405,515.33,31.219,28.548,0.012318,0.034204,0.016458,16.994,22.193
22.007813,0,0,3892.60,15.9753,0.67725,276.07,49.554,10.298,510.32,31.221,28.549,-0.052515,0.000541,-0.022754,16.938,22.193
22.011719,0,0,3868.02,15.6706,0.67927,275.15,49.586,10.114,501.49,31.222,28.550,0.025587,0.045260,0.019713,16.819,22.193
22.015625,0,0,3863.00,15.6686,0.68307,276.32,49.573,10.160,503.68,31.224,28.551,-0.004774,-0.013372,-0.007024,16.907,22.193
22.019531,0,0,3829.42,15.2868,0.66585,267.02,49.550,10.104,500.66,31.226,28.552,0.008231,-0.000222,-0.021233,16.677,22.193
22.023438,0,0,3808.24,15.2663,0.64686,257.97,49.593,9.980,494.96,31.227,28.553,-0.046362,0.000703,-0.026154,16.520,22.193
22.027344,0,0,3779.07,14.9264,0.64254,254.28,49.603,9.959,494.00,31.229,28.554,0.008577,-0.005230,-0.017837,16.399,22.193
22.031250,0,0,3779.85,14.9002,0.65483,259.20,49.601,9.797,485.96,31.230,28.555,-0.029242,0.003481,-0.012141,16.453,22.193
22.035156,0,0,3745.62,14.7048,0.62821,246.41,49.616,9.756,484.06,31.232,28.555,-0.020339,-0.049558,0.026901,16.300,22.193
22.039063,0,0,3722.91,14.6080,0.62867,245.10,49.601,9.782,485.20,31.233,28.556,-0.013432,-0.033008,0.009349,16.181,22.193
22.042969,0,0,3702.56,14.4158,0.60973,236.41,49.620,9.526,472.68,31.234,28.557,0.042374,0.003607,-0.016117,16.076,22.193
22.046875,0,0,3684.66,14.1764,0.59282,228.74,49.629,9.457,469.32,31.235,28.557,-0.023204,0.008358,-0.011516,16.180,22.193
22.050781,0,0,3658.53,14.0497,0.60087,230.20,49.644,9.394,466.37,31.237,28.558,-0.016231,-0.051299,0.027555,15.948,22.193
22.054688,0,0,3640.52,13.9588,0.59727,227.70,49.603,9.461,469.29,31.238,28.558,0.057746,0.029731,0.011352,15.802,22.193
22.058594,0,0,3620.36,13.7454,0.57937,219.65,49.620,9.434,468.12,31.239,28.559,0.012915,0.031145,0.016873,15.865,22.193
22.062500,0,0,3601.98,13.6550,0.58729,221.53,49.623,9.343,463.64,31.240,28.560,-0.008808,-0.024973,0.006605,15.741,22.193
22.066406,0,0,3577.77,13.5446,0.57482,215.37,49.643,9.326,462.96,31.241,28.560,-0.045298,0.000070,-0.027254,15.416,22.193
22.070313,0,0,3547.30,13.1461,0.57196,212.47,49.663,9.065,450.18,31.242,28.560,-0.042913,0.000973,-0.028663,15.582,22.193
22.074219,0,0,3530.86,12.9959,0.56000,207.06,49.662,9.048,449.35,31.243,28.561,0.017213,0.034035,0.018138,15.424,22.193
22.078125,0,0,3526.55,13.0496,0.55357,204.43,49.660,8.985,446.22,31.244,28.561,-0.030830,-0.032726,0.013554,15.310,22.193
22.082031,0,0,3500.39,12.9615,0.55561,203.66,49.678,8.907,442.50,31.245,28.561,0.039519,0.003489,-0.016607,15.192,22.193
22.085938,0,0,3479.80,12.6746,0.54647,199.14,49.661,8.811,437.54,31.246,28.562,-0.026365,0.004303,-0.012486,15.305,22.193
22.089844,0,0,3466.44,12.6435,0.54124,196.47,49.695,8.792,436.92,31.246,28.562,0.049514,0.011294,-0.006140,15.026,22.193
22.093750,0,0,3450.83,12.4938,0.54957,198.60,49.690,8.567,425.68,31.247,28.562,-0.034427,-0.020970,0.001029,15.167,22.193
22.097656,0,0,3428.10,12.4001,0.52417,188.17,49.704,8.614,428.16,31.248,28.562,-0.013323,-0.045354,0.022512,14.873,22.193
22.101563,0,0,3413.16,12.2998,0.53857,192.50,49.687,8.541,424.35,31.248,28.562,0.035557,0.001284,-0.017892,14.963,22.193
22.105469,0,0,3389.63,12.0560,0.52958,187.98,49.687,8.511,422.87,31.249,28.562,-0.041385,0.005258,-0.023748,14.764,22.193
22.109375,0,0,3366.98,11.9289,0.51490,181.55,49.710,8.344,414.80,31.249,28.562,-0.032327,-0.016549,0.000951,14.671,22.193
22.113281,0,0,3350.66,11.8130,0.49537,173.82,49.714,8.328,414.02,31.250,28.562,-0.029587,0.007533,-0.014754,14.577,22.193
22.117188,0,0,3335.41,11.6716,0.49408,172.57,49.717,8.421,418.68,31.250,28.562,-0.010778,-0.027495,0.014071,14.460,22.193
22.121094,0,0,3313.82,11.6529,0.50048,173.68,49.719,8.275,411.40,31.251,28.562,-0.039220,-0.004677,-0.015201,14.520,22.193
22.125000,0,0,3302.58,11.4719,0.48053,166.19,49.739,8.315,413.60,31.251,28.562,-0.044968,0.003060,-0.023143,14.311,22.193
22.128906,0,0,3272.17,11.1088,0.47773,163.70,49.708,8.177,406.48,31.252,28.562,-0.042878,0.000988,-0.020837,14.195,22.193
22.132813,0,0,3245.81,11.0344,0.47483,161.39,49.733,7.974,396.56,31.252,28.562,0.021175,-0.002614,-0.022738,14.229,22.193
22.136719,0,0,3243.86,11.1056,0.47206,160.36,49.731,7.984,397.04,31.252,28.561,-0.043274,0.001085,-0.022098,14.149,22.193
22.140625,0,0,3216.02,10.8144,0.45766,154.13,49.734,8.048,400.27,31.252,28.561,-0.038645,-0.002627,-0.012214,13.929,22.193
22.144531,0,0,3203.57,10.7355,0.45122,151.37,49.754,7.894,392.74,31.253,28.561,0.008536,-0.003980,-0.023229,13.958,22.193
22.148438,0,0,3182.92,10.6317,0.46178,153.92,49.770,7.710,383.74,31.253,28.560,-0.011102,0.010295,-0.002370,13.804,22.192
22.152344,0,0,3167.38,10.4918,0.45446,150.74,49.749,7.730,384.57,31.253,28.560,-0.000761,-0.007569,-0.010499,13.723,22.192
22.156250,0,0,3151.85,10.2895,0.44313,146.26,49.754,7.598,378.01,31.253,28.560,-0.032176,0.002472,-0.017850,13.689,22.192
22.160156,0,0,3144.71,10.3397,0.44433,146.32,49.792,7.743,385.55,31.253,28.559,-0.005703,-0.020130,0.001214,13.694,22.192
22.164063,0,0,3118.98,10.1942,0.42723,139.54,49.762,7.573,376.87,31.253,28.559,0.053609,0.029445,0.011506,13.745,22.192
22.167969,0,0,3094.09,10.1293,0.43280,140.23,49.818,7.594,378.30,31.253,28.558,0.046634,0.029052,0.011250,13.500,22.192
22.171875,0,0,3082.64,10.0659,0.42109,135.93,49.789,7.566,376.71,31.253,28.558,0.049302,0.037186,0.016500,13.437,22.192
22.175781,0,0,3065.14,9.7603,0.41585,133.48,49.786,7.526,374.68,31.253,28.557,-0.035251,0.000255,-0.017844,13.173,22.192
22.179688,0,0,3044.41,9.7867,0.42121,134.29,49.790,7.286,362.78,31.253,28.557,0.000539,-0.007450,-0.012801,13.309,22.192
22.183594,0,0,3032.39,9.6725,0.41103,130.52,49.795,7.342,365.62,31.253,28.556,0.047857,0.030699,0.009235,13.259,22.192
22.187500,0,0,3007.07,9.5992,0.40063,126.16,49.826,7.292,363.31,31.252,28.556,0.006465,0.027065,0.012288,13.026,22.192
22.191406,0,0,2999.76,9.4466,0.40849,128.32,49.820,7.264,361.90,31.252,28.555,-0.009674,-0.022751,0.008312,13.018,22.192
22.195313,0,0,2984.02,9.4032,0.39396,123.11,49.806,7.244,360.80,31.252,28.554,-0.032291,0.003058,-0.023421,13.044,22.192
22.199219,0,0,2967.54,9.2987,0.39625,123.14,49.835,7.118,354.74,31.252,28.554,-0.010517,0.012501,-0.001388,12.996,22.192
22.203125,0,0,2945.45,9.0623,0.38362,118.33,49.816,7.100,353.72,31.251,28.553,-0.005373,0.017226,0.004658,12.806,22.192
22.207031,0,0,2936.61,9.0350,0.38015,116.91,49.863,7.004,349.25,31.251,28.552,-0.031456,0.003927,-0.013314,12.752,22.192
22.210938,0,0,2919.72,8.9693,0.37970,116.10,49.803,6.983,347.79,31.251,28.551,-0.035535,0.001712,-0.021065,12.711,22.192
22.214844,0,0,2906.02,8.8893,0.37803,115.04,49.834,6.926,345.14,31.250,28.550,-0.012375,0.011088,-0.002374,12.626,22.192
22.218750,0,0,2880.59,8.7511,0.37083,111.86,49.852,6.857,341.82,31.250,28.550,-0.032846,-0.008854,-0.001523,12.544,22.192
22.222656,0,0,2877.49,8.6023,0.38103,114.82,49.866,6.880,343.08,31.249,28.549,-0.035120,0.000107,-0.012895,12.451,22.192
22.226563,0,0,2852.06,8.5954,0.37336,111.51,49.830,6.716,334.67,31.249,28.548,-0.009707,-0.035443,0.016970,12.493,22.192
22.230469,0,0,2830.30,8.4123,0.36353,107.74,49.852,6.763,337.13,31.248,28.547,-0.020539,-0.028785,0.013844,12.322,22.192
22.234375,0,0,2823.81,8.4354,0.35930,106.25,49.853,6.703,334.19,31.248,28.546,-0.002686,-0.010127,-0.006955,12.261,22.192
22.238281,0,0,2801.75,8.2619,0.36390,106.77,49.836,6.692,333.50,31.247,28.545,-0.003187,-0.009928,-0.005569,12.189,22.192
22.242188,0,0,2782.50,8.0473,0.35070,102.19,49.890,6.602,329.36,31.246,28.544,-0.008652,-0.020295,0.008175,12.073,22.192
22.246094,0,0,2768.67,8.1222,0.34658,100.49,49.891,6.491,323.86,31.246,28.543,-0.008295,-0.033158,0.016200,12.074,22.192
22.250000,0,0,2762.63,8.0424,0.35024,101.33,49.873,6.509,324.64,31.245,28.542,-0.008229,-0.020127,0.004738,11.983,22.192
22.253906,0,0,2748.33,7.8637,0.34001,97.86,49.867,6.431,320.72,31.244,28.541,0.011764,-0.002316,-0.021672,12.006,22.192
22.257813,0,0,2728.78,7.7966,0.33484,95.68,49.873,6.499,324.13,31.244,28.540,0.023614,0.001301,-0.017066,11.844,22.192
22.261719,0,0,2706.90,7.6464,0.32304,91.57,49.877,6.364,317.43,31.243,28.539,0.015063,0.000086,-0.017836,11.822,22.192
22.265625,0,0,2690.99,7.6616,0.31907,89.91,49.877,6.246,311.54,31.242,28.538,-0.016886,-0.032535,0.019636,11.799,22.192
22.269531,0,0,2686.31,7.6315,0.32425,91.21,49.882,6.308,314.64,31.241,28.536,0.029551,0.036105,0.019057,11.676,22.192
22.273438,0,0,2667.03,7.5324,0.33029,92.25,49.907,6.305,314.65,31.240,28.535,0.030853,0.036409,0.021229,11.716,22.192
22.277344,0,0,2653.73,7.4437,0.31107,86.45,49.882,6.197,309.12,31.240,28.534,0.020279,-0.000665,-0.019283,11.541,22.192
22.281250,0,0,2636.02,7.3588,0.31358,86.56,49.892,6.210,309.85,31.239,28.533,-0.023497,0.001794,-0.014158,11.384,22.192
22.285156,0,0,2622.06,7.2579,0.31091,85.37,49.882,6.100,304.27,31.238,28.532,-0.027614,0.005246,-0.016098,11.475,22.192
22.289063,0,0,2609.04,7.2200,0.29899,81.69,49.900,5.969,297.87,31.237,28.530,0.040139,0.008656,-0.006219,11.359,22.192
22.292969,0,0,2590.72,7.0713,0.30194,81.92,49.917,5.898,294.42,31.236,28.529,-0.012419,-0.036883,0.021339,11.238,22.192
22.296875,0,0,2577.67,7.0248,0.29724,80.23,49.906,6.091,303.98,31.235,28.528,-0.025765,0.003233,-0.010618,11.155,22.192
22.300781,0,0,2565.04,6.8186,0.30367,81.57,49.935,5.814,290.32,31.234,28.526,0.004503,-0.002239,-0.014866,11.093,22.192
22.304688,0,0,2549.09,6.7748,0.29169,77.86,49.905,6.090,303.94,31.233,28.525,-0.013929,-0.036563,0.016333,11.119,22.192
22.308594,0,0,2535.11,6.7498,0.28345,75.25,49.912,5.979,298.43,31.232,28.524,-0.015035,-0.034357,0.021723,11.040,22.192
22.312500,0,0,2519.76,6.6250,0.28384,74.90,49.942,5.741,286.69,31.231,28.522,0.020012,0.031487,0.015246,11.112,22.192
22.316406,0,0,2498.60,6.4781,0.27266,71.34,49.930,5.704,284.79,31.229,28.521,0.013438,-0.000977,-0.017996,10.797,22.192
22.320313,0,0,2487.78,6.5233,0.26926,70.15,49.940,5.784,288.86,31.228,28.519,-0.006920,-0.011759,0.004437,10.876,22.192
22.324219,0,0,2479.60,6.4318,0.27901,72.45,49.964,5.640,281.78,31.227,28.518,-0.012836,-0.033982,0.017628,10.850,22.192
22.328125,0,0,2469.93,6.4248,0.25888,66.96,49.923,5.817,290.41,31.226,28.516,0.041699,0.026483,0.010953,10.674,22.192
22.332031,0,0,2447.03,6.2603,0.27627,70.80,49.958,5.614,280.46,31.225,28.515,-0.031256,-0.000374,-0.013184,10.711,22.192
22.335938,0,0,2440.46,6.2578,0.26334,67.30,49.939,5.647,282.02,31.223,28.513,-0.004041,-0.023670,0.011877,10.501,22.192
22.339844,0,0,2423.51,6.1335,0.26322,66.80,49.937,5.507,275.02,31.222,28.512,0.011501,-0.000080,-0.017457,10.481,22.192
22.343750,0,0,2416.63,6.0465,0.25501,64.53,49.971,5.525,276.11,31.221,28.510,-0.008381,0.011280,-0.000503,10.487,22.192
22.347656,0,0,2397.10,6.0017,0.25581,64.21,49.931,5.404,269.82,31.219,28.509,-0.032595,0.004752,-0.019241,10.385,22.192
22.351563,0,0,2383.74,5.9489,0.25778,64.35,49.971,5.531,276.38,31.218,28.507,0.005650,0.022735,0.010103,10.418,22.192
22.355469,0,0,2373.73,5.8012,0.24817,61.69,49.950,5.447,272.06,31.217,28.505,-0.002220,-0.005951,-0.005144,10.368,22.192
22.359375,0,0,2353.56,5.7273,0.25413,62.63,49.951,5.449,272.19,31.215,28.504,0.027362,0.034139,0.018301,10.206,22.192
22.363281,0,0,2346.79,5.7915,0.25632,62.99,49.961,5.210,260.30,31.214,28.502,-0.024084,-0.014694,-0.000187,10.276,22.191
22.367188,0,0,2325.24,5.7199,0.25285,61.57,49.982,5.228,261.33,31.213,28.500,-0.031572,-0.001019,-0.018136,10.020,22.191
22.371094,0,0,2318.94,5.7202,0.23990,58.26,49.962,5.238,261.72,31.211,28.499,-0.012150,-0.030135,0.018129,10.142,22.191
22.375000,0,0,2296.33,5.5947,0.22305,53.64,49.980,5.230,261.39,31.210,28.497,0.012447,0.002047,-0.018329,9.979,22.191
22.378906,0,0,2294.33,5.5504,0.24275,58.32,49.945,5.203,259.88,31.208,28.495,-0.028267,-0.005658,-0.006774,9.908,22.191
22.382813,0,0,2275.66,5.4551,0.22670,54.02,50.000,5.220,260.98,31.207,28.493,-0.013753,0.005080,-0.004215,9.941,22.191
22.386719,0,0,2265.95,5.4541,0.23318,55.33,49.995,5.074,253.65,31.205,28.492,-0.005868,-0.009306,0.000072,9.947,22.191
22.390625,0,0,2259.66,5.3544,0.23045,54.53,49.974,5.148,257.25,31.204,28.490,0.026662,0.002777,-0.010433,9.778,22.191
22.394531,0,0,2245.70,5.2355,0.22947,53.97,49.989,5.090,254.47,31.202,28.488,0.037974,0.017347,0.006276,9.639,22.191
22.398438,0,0,2229.21,5.1794,0.22741,53.09,49.979,5.086,254.21,31.200,28.486,0.037727,0.017755,0.004508,9.735,22.191
22.402344,0,0,2212.62,5.0950,0.22657,52.50,49.995,4.998,249.89,31.199,28.484,0.035324,0.026624,0.009145,9.603,22.191
22.406250,0,0,2206.43,5.0320,0.21579,49.86,49.995,4.999,249.94,31.197,28.483,-0.007768,0.015496,-0.000054,9.727,22.191
22.410156,0,0,2196.12,5.0787,0.22765,52.35,49.981,4.938,246.83,31.196,28.481,0.027642,0.001518,-0.011402,9.677,22.191
22.414063,0,0,2185.77,5.0582,0.20986,48.03,50.005,4.826,241.33,31.194,28.479,-0.008837,-0.028936,0.013685,9.372,22.191
22.417969,0,0,2168.36,4.8380,0.22182,50.37,49.987,4.945,247.20,31.192,28.477,0.036329,0.019662,0.005647,9.304,22.191
22.421875,0,0,2157.92,4.9008,0.21281,48.09,50.018,4.948,247.51,31.191,28.475,-0.002351,-0.002864,-0.007657,9.340,22.191
22.425781,0,0,2148.11,4.8439,0.21627,48.65,50.028,4.754,237.83,31.189,28.473,-0.026895,0.002806,-0.011087,9.266,22.191
22.429688,0,0,2133.69,4.8461,0.20866,46.62,50.019,4.730,236.58,31.187,28.471,-0.014014,-0.026736,0.012611,9.188,22.191
22.433594,0,0,2113.21,4.6912,0.20286,44.89,50.038,4.812,240.78,31.185,28.469,0.036864,0.032385,0.014729,9.243,22.191
22.437500,0,0,2104.64,4.6764,0.19625,43.25,49.996,4.790,239.47,31.184,28.467,0.020787,0.027247,0.015196,9.129,22.191
22.441406,0,0,2097.61,4.5948,0.19883,43.67,50.005,4.719,235.96,31.182,28.465,-0.009206,-0.027699,0.015567,9.155,22.191
22.445313,0,0,2092.46,4.6278,0.18898,41.41,50.016,4.735,236.84,31.180,28.463,-0.029520,-0.000573,-0.008917,9.126,22.191
22.449219,0,0,2065.51,4.4168,0.19491,42.16,50.013,4.678,233.96,31.178,28.461,-0.026276,0.001352,-0.015078,8.911,22.191
22.453125,0,0,2066.02,4.4592,0.18910,40.91,49.981,4.693,234.57,31.176,28.459,0.036036,0.022677,0.013695,8.906,22.191
22.457031,0,0,2053.52,4.5505,0.19524,41.99,50.022,4.635,231.84,31.175,28.457,-0.011937,-0.030510,0.014245,8.879,22.191
22.460938,0,0,2038.62,4.2591,0.18112,38.67,50.045,4.532,226.80,31.173,28.455,0.038293,0.021645,0.009679,8.869,22.191
22.464844,0,0,2026.34,4.3376,0.17098,36.28,50.046,4.535,226.95,31.171,28.453,-0.018748,-0.012395,0.001505,8.873,22.191
22.468750,0,0,2018.69,4.1784,0.18487,39.08,50.071,4.452,222.93,31.169,28.451,-0.006900,0.012336,0.001927,8.827,22.191
22.472656,0,0,2004.60,4.1876,0.18312,38.44,50.019,4.467,223.42,31.167,28.449,-0.030407,0.003400,-0.015098,8.647,22.191
22.476563,0,0,1990.27,4.1653,0.17221,35.89,50.028,4.434,221.82,31.165,28.447,-0.010438,-0.029285,0.012991,8.643,22.191
22.480469,0,0,1982.06,4.0403,0.17452,36.22,50.051,4.323,216.39,31.163,28.445,-0.013359,-0.023224,0.012849,8.534,22.191
22.484375,0,0,1961.83,4.0394,0.16995,34.92,50.018,4.440,222.10,31.161,28.443,0.034270,0.015314,0.005642,8.561,22.191
22.488281,0,0,1954.19,4.0711,0.17332,35.47,50.060,4.374,218.98,31.159,28.440,-0.005020,-0.006420,-0.005498,8.564,22.191
22.492188,0,0,1953.61,3.9194,0.16773,34.31,50.039,4.359,218.10,31.157,28.438,0.007431,-0.003440,-0.017286,8.430,22.191
22.496094,0,0,1933.30,3.8702,0.18198,36.84,50.052,4.216,211.02,31.155,28.436,-0.022207,0.003739,-0.014444,8.432,22.191
22.500000,0,0,1921.92,3.8614,0.17702,35.63,50.033,4.330,216.67,31.153,28.434,-0.024235,-0.006514,-0.002652,8.334,22.191
22.503906,0,0,1914.50,3.8509,0.16426,32.93,50.065,4.165,208.54,31.151,28.432,0.021434,0.027619,0.014010,8.342,22.191
22.507813,0,0,1905.22,3.8836,0.16197,32.32,50.022,4.312,215.72,31.149,28.429,-0.021808,-0.007890,-0.001237,8.301,22.191
22.511719,0,0,1898.86,3.7012,0.15251,30.33,50.063,4.269,213.74,31.147,28.427,-0.006985,-0.008003,-0.003374,8.264,22.191
22.515625,0,0,1881.16,3.7239,0.15313,30.17,50.048,4.268,213.59,31.145,28.425,-0.012733,0.006254,-0.003430,8.157,22.191
22.519531,0,0,1876.30,3.7277,0.14573,28.63,50.063,4.304,215.48,31.143,28.423,0.025553,0.008676,-0.004108,8.219,22.191
22.523438,0,0,1867.92,3.6897,0.16367,32.02,50.065,4.215,211.04,31.140,28.421,0.033019,0.012390,-0.000844,8.099,22.191
22.527344,0,0,1858.15,3.6892,0.14407,28.03,50.069,4.145,207.56,31.138,28.418,-0.012882,-0.021703,0.007198,8.014,22.191
22.531250,0,0,1841.23,3.5308,0.15426,29.74,50.051,4.197,210.08,31.136,28.416,-0.001232,-0.003332,-0.006295,7.910,22.191
22.535156,0,0,1841.39,3.4914,0.14957,28.84,50.052,4.050,202.69,31.134,28.414,-0.011033,-0.027148,0.013842,7.858,22.191
22.539063,0,0,1821.83,3.3468,0.14638,27.93,50.059,4.041,202.30,31.132,28.412,0.003378,-0.000936,-0.011625,7.848,22.191
22.542969,0,0,1809.16,3.4625,0.14540,27.55,50.085,4.045,202.61,31.130,28.409,-0.020674,-0.003754,-0.004109,7.894,22.191
22.546875,0,0,1800.09,3.3430,0.13876,26.16,50.044,4.012,200.76,31.127,28.407,-0.005854,-0.004800,-0.001475,7.773,22.191
22.550781,0,0,1792.39,3.2661,0.13967,26.22,50.049,4.007,200.56,31.125,28.405,-0.015179,-0.018428,0.005920,7.782,22.191
22.554688,0,0,1774.25,3.2620,0.13882,25.79,50.079,3.894,195.02,31.123,28.402,-0.005135,0.010746,-0.000368,7.758,22.191
22.558594,0,0,1767.30,3.3514,0.14480,26.80,50.081,3.942,197.40,31.121,28.400,-0.004342,-0.012488,0.000733,7.735,22.191
22.562500,0,0,1766.98,3.2115,0.14501,26.83,50.096,3.979,199.33,31.119,28.397,-0.004954,-0.012609,0.001062,7.734,22.191
22.566406,0,0,1752.20,3.2269,0.14413,26.45,50.107,3.797,190.23,31.116,28.395,0.009036,0.021595,0.008935,7.569,22.190
22.570313,0,0,1749.41,3.2394,0.13543,24.81,50.097,3.836,192.19,31.114,28.393,0.022249,0.027904,0.012582,7.644,22.190
22.574219,0,0,1728.68,3.0344,0.14314,25.91,50.052,4.011,200.78,31.112,28.390,-0.000922,0.000175,-0.007462,7.476,22.190
22.578125,0,0,1729.73,3.1168,0.13169,23.85,50.083,3.884,194.50,31.109,28.388,-0.017132,0.003484,-0.008042,7.465,22.190
22.582031,0,0,1714.95,3.0960,0.13288,23.86,50.075,3.767,188.65,31.107,28.385,-0.004631,-0.010034,-0.001758,7.403,22.190
22.585938,0,0,1699.66,2.9779,0.12505,22.26,50.085,3.723,186.47,31.105,28.383,-0.023975,-0.001031,-0.016438,7.277,22.190
22.589844,0,0,1704.32,3.0734,0.13088,23.36,50.086,3.825,191.58,31.102,28.381,-0.015431,-0.015637,0.005445,7.286,22.190
22.593750,0,0,1683.47,3.0255,0.11725,20.67,50.076,3.721,186.32,31.100,28.378,-0.012581,0.005049,-0.005130,7.266,22.190
22.597656,0,0,1676.93,2.9414,0.12478,21.91,50.072,3.747,187.63,31.098,28.376,-0.008568,-0.027917,0.015042,7.193,22.190
22.601563,0,0,1659.38,2.8313,0.12169,21.15,50.098,3.684,184.56,31.095,28.373,0.023333,0.025838,0.013436,7.245,22.190
22.605469,0,0,1667.13,2.8503,0.12334,21.53,50.086,3.841,192.39,31.093,28.371,0.028272,0.026109,0.011885,7.112,22.190
22.609375,0,0,1651.86,2.8175,0.12774,22.10,50.114,3.782,189.54,31.091,28.368,-0.001863,-0.010634,0.000226,7.239,22.190
22.613281,0,0,1640.35,2.8111,0.11292,19.40,50.099,3.530,176.86,31.088,28.366,0.026915,0.006578,-0.004424,7.174,22.190
22.617188,0,0,1622.78,2.8050,0.11624,19.75,50.097,3.752,187.96,31.086,28.363,-0.020569,-0.006803,-0.002179,7.004,22.190
22.621094,0,0,1615.83,2.6750,0.12341,20.88,50.095,3.601,180.40,31.083,28.361,0.025799,0.010850,0.000965,7.115,22.190
22.625000,0,0,1614.22,2.6348,0.12483,21.10,50.116,3.589,179.84,31.081,28.358,-0.019607,-0.008819,0.001692,7.064,22.190
22.628906,0,0,1603.60,2.7274,0.11667,19.59,50.091,3.554,178.04,31.078,28.356,-0.022206,0.001307,-0.010642,6.864,22.190
22.632813,0,0,1590.87,2.6681,0.12101,20.16,50.109,3.497,175.21,31.076,28.353,0.023909,0.025606,0.012173,6.870,22.190
22.636719,0,0,1582.32,2.6468,0.10658,17.66,50.105,3.516,176.18,31.073,28.351,-0.001605,0.014391,0.005063,6.962,22.190
22.640625,0,0,1574.15,2.6352,0.10639,17.54,50.127,3.479,174.38,31.071,28.348,0.003390,0.011653,0.007371,6.930,22.190
22.644531,0,0,1567.04,2.6719,0.11455,18.80,50.130,3.557,178.30,31.068,28.345,-0.000632,-0.000823,-0.010058,6.781,22.190
22.648438,0,0,1561.75,2.5119,0.10355,16.94,50.110,3.508,175.80,31.066,28.343,-0.005473,-0.022119,0.007266,6.823,22.190
22.652344,0,0,1549.12,2.5352,0.11495,18.65,50.114,3.539,177.34,31.063,28.340,-0.018986,-0.001501,-0.013427,6.770,22.190
22.656250,0,0,1550.47,2.4201,0.10857,17.63,50.110,3.588,179.79,31.061,28.338,-0.002722,-0.011702,0.002773,6.809,22.190
22.660156,0,0,1530.21,2.4826,0.10351,16.59,50.105,3.516,176.16,31.059,28.335,-0.011767,0.005416,-0.003598,6.630,22.190
22.664063,0,0,1529.64,2.4795,0.09853,15.78,50.113,3.431,171.95,31.056,28.333,-0.021698,0.003125,-0.013692,6.608,22.190
22.667969,0,0,1518.11,2.4344,0.10093,16.05,50.123,3.309,165.87,31.053,28.330,-0.008380,-0.022773,0.011494,6.530,22.190
22.671875,0,0,1518.67,2.4470,0.11087,17.63,50.106,3.497,175.24,31.051,28.327,-0.023290,-0.000296,-0.009653,6.445,22.190
22.675781,0,0,1493.80,2.3896,0.09730,15.22,50.138,3.397,170.32,31.048,28.325,-0.008862,-0.021222,0.010326,6.390,22.190
22.679688,0,0,1488.62,2.3904,0.09997,15.58,50.137,3.454,173.18,31.046,28.322,-0.014868,-0.012801,0.002062,6.324,22.190
22.683594,0,0,1478.19,2.3776,0.09599,14.86,50.161,3.353,168.19,31.043,28.320,-0.022534,-0.001047,-0.009814,6.453,22.190
22.687500,0,0,1476.31,2.3097,0.10422,16.11,50.091,3.403,170.46,31.041,28.317,0.024077,0.005062,-0.003698,6.481,22.190
22.691406,0,0,1468.39,2.2453,0.09555,14.69,50.121,3.371,168.97,31.038,28.314,0.009513,-0.002107,-0.011226,6.428,22.190
22.695313,0,0,1453.51,2.2311,0.08707,13.25,50.106,3.347,167.71,31.036,28.312,-0.021285,-0.000611,-0.009620,6.237,22.190
22.699219,0,0,1446.83,2.2188,0.09161,13.88,50.115,3.256,163.18,31.033,28.309,0.004671,-0.001104,-0.009956,6.379,22.190
22.703125,0,0,1443.08,2.1305,0.09071,13.71,50.162,3.130,156.98,31.030,28.306,0.012362,0.021807,0.008957,6.315,22.190
22.707031,0,0,1427.22,2.1027,0.09933,14.85,50.156,3.233,162.15,31.028,28.304,0.027335,0.021012,0.008315,6.249,22.190
22.710938,0,0,1430.04,2.1722,0.09158,13.71,50.157,3.145,157.74,31.025,28.301,0.012845,0.000789,-0.011572,6.133,22.190
22.714844,0,0,1417.11,2.0447,0.09121,13.53,50.146,3.175,159.22,31.022,28.298,-0.005874,-0.013618,0.003121,6.063,22.190
22.718750,0,0,1410.29,2.0777,0.08688,12.83,50.161,3.208,160.91,31.019,28.296,0.003439,0.015864,0.004865,6.191,22.190
22.722656,0,0,1410.15,2.1173,0.07949,11.74,50.140,3.337,167.29,31.017,28.293,0.014346,0.022546,0.010097,6.081,22.190
22.726563,0,0,1400.17,2.0739,0.09854,14.45,50.137,3.111,155.98,31.014,28.290,0.007569,-0.001124,-0.012068,6.016,22.190
22.730469,0,0,1390.43,1.9566,0.08621,12.55,50.149,3.188,159.85,31.012,28.287,-0.019818,-0.001224,-0.004542,6.039,22.190
22.734375,0,0,1381.30,1.9541,0.08003,11.58,50.135,3.217,161.30,31.009,28.285,0.003656,-0.001103,-0.008341,6.083,22.190
22.738281,0,0,1366.73,2.0313,0.08336,11.93,50.108,3.220,161.37,31.006,28.282,-0.003632,0.006749,-0.003091,5.903,22.190
22.742188,0,0,1362.40,1.9565,0.08117,11.58,50.140,3.043,152.56,31.003,28.279,0.001343,-0.001966,-0.005127,6.038,22.190
22.746094,0,0,1361.84,1.9435,0.08181,11.67,50.163,3.010,150.99,31.001,28.277,0.014144,-0.001313,-0.011686,5.895,22.190
22.750000,0,0,1345.78,1.8795,0.08712,12.28,50.148,3.042,152.57,30.998,28.274,0.015070,0.000207,-0.008728,5.907,22.190
22.753906,0,0,1343.29,1.8281,0.07460,10.49,50.165,3.083,154.63,30.995,28.271,-0.000502,-0.001740,-0.005833,5.828,22.190
22.757813,0,0,1332.35,1.8891,0.07775,10.85,50.153,3.016,151.28,30.992,28.268,0.005651,0.000215,-0.009670,5.801,22.189
22.761719,0,0,1330.87,1.9096,0.07783,10.85,50.160,3.054,153.21,30.990,28.265,-0.016770,0.001554,-0.008578,5.914,22.189
22.765625,0,0,1319.17,1.7835,0.07895,10.91,50.137,3.011,150.94,30.987,28.263,-0.005919,-0.018835,0.009309,5.787,22.189
22.769531,0,0,1316.63,1.8355,0.08565,11.81,50.127,3.074,154.09,30.984,28.260,-0.014124,-0.015727,0.009133,5.784,22.189
22.773438,0,0,1302.22,1.7660,0.08376,11.42,50.129,2.985,149.63,30.981,28.257,0.014624,-0.000830,-0.009318,5.662,22.189
22.777344,0,0,1295.75,1.7956,0.07004,9.50,50.150,3.000,150.44,30.979,28.254,-0.012031,-0.000987,-0.007499,5.567,22.189
22.781250,0,0,1289.17,1.7441,0.07616,10.28,50.151,2.930,146.96,30.976,28.252,-0.006099,-0.010719,0.004963,5.692,22.189
22.785156,0,0,1280.06,1.7777,0.08163,10.94,50.159,2.972,149.07,30.973,28.249,0.019637,0.019179,0.012923,5.661,22.189
22.789063,0,0,1269.74,1.6752,0.07819,10.40,50.142,2.854,143.13,30.970,28.246,0.015981,0.001705,-0.007270,5.561,22.189
22.792969,0,0,1266.72,1.6270,0.08071,10.71,50.169,2.895,145.23,30.967,28.243,0.023968,0.005792,-0.001321,5.517,22.189
22.796875,0,0,1259.59,1.5852,0.06644,8.76,50.179,2.927,146.87,30.965,28.240,-0.007770,-0.017356,0.013351,5.491,22.189
22.800781,0,0,1252.78,1.6800,0.07236,9.49,50.142,3.039,152.38,30.962,28.238,0.019105,0.020442,0.011077,5.499,22.189
22.804688,0,0,1242.20,1.5713,0.06717,8.74,50.172,2.850,142.97,30.959,28.235,0.021352,0.015044,0.008533,5.462,22.189
22.808594,0,0,1238.07,1.7114,0.07238,9.38,50.148,2.893,145.07,30.956,28.232,-0.012348,-0.016860,0.005920,5.305,22.189
22.812500,0,0,1235.77,1.5683,0.06884,8.91,50.181,2.798,140.42,30.953,28.229,-0.016773,-0.000753,-0.009760,5.394,22.189
22.816406,0,0,1222.70,1.5478,0.05144,6.59,50.186,2.886,144.84,30.950,28.226,-0.004311,0.005644,-0.002783,5.249,22.189
22.820313,0,0,1221.69,1.5992,0.07398,9.46,50.156,2.940,147.43,30.948,28.223,-0.013340,-0.014255,0.006042,5.309,22.189
22.824219,0,0,1211.16,1.5462,0.05767,7.31,50.175,2.809,140.93,30.945,28.220,-0.017559,-0.005073,-0.000547,5.310,22.189
22.828125,0,0,1210.84,1.5531,0.05573,7.07,50.164,2.736,137.23,30.942,28.218,-0.013374,-0.005631,0.000175,5.187,22.189
22.832031,0,0,1201.30,1.4355,0.05620,7.07,50.195,2.699,135.48,30.939,28.215,0.022748,0.015149,0.007540,5.213,22.189
22.835938,0,0,1195.98,1.5389,0.06058,7.59,50.186,2.850,143.05,30.936,28.212,0.023397,0.005895,0.000719,5.141,22.189
22.839844,0,0,1187.57,1.4227,0.06459,8.03,50.187,2.785,139.75,30.933,28.209,0.016715,0.018861,0.007490,5.038,22.189
22.843750,0,0,1178.20,1.4362,0.05189,6.40,50.166,2.826,141.76,30.930,28.206,-0.002975,-0.019968,0.011238,5.096,22.189
22.847656,0,0,1173.95,1.5604,0.06299,7.74,50.166,2.807,140.79,30.927,28.203,0.009252,0.019339,0.007957,5.050,22.189
22.851563,0,0,1165.81,1.5036,0.05908,7.21,50.183,2.797,140.35,30.925,28.200,0.004274,0.015924,0.007873,4.998,22.189
22.855469,0,0,1166.18,1.4448,0.06411,7.83,50.163,2.786,139.75,30.922,28.198,0.019416,0.002273,-0.001914,5.141,22.189
22.859375,0,0,1152.02,1.3078,0.06298,7.60,50.173,2.760,138.46,30.919,28.195,-0.007679,0.003690,-0.003597,5.131,22.189
22.863281,0,0,1148.89,1.3717,0.06306,7.59,50.176,2.653,133.10,30.916,28.192,-0.016290,0.002876,-0.006501,4.849,22.189
22.867188,0,0,1140.90,1.3298,0.07293,8.71,50.188,2.581,129.51,30.913,28.189,-0.015852,0.003068,-0.010686,5.046,22.189
22.871094,0,0,1134.91,1.3809,0.05642,6.71,50.170,2.854,143.21,30.910,28.186,-0.009666,-0.017341,0.012084,4.985,22.189
22.875000,0,0,1128.94,1.3160,0.06486,7.67,50.200,2.647,132.88,30.907,28.183,-0.000656,-0.000781,-0.006949,5.031,22.189
22.878906,0,0,1122.27,1.3296,0.05276,6.20,50.178,2.714,136.19,30.904,28.180,-0.005967,0.005490,-0.001010,4.779,22.189
22.882813,0,0,1121.95,1.3274,0.05494,6.45,50.196,2.658,133.43,30.901,28.177,-0.012616,-0.000168,-0.007910,4.807,22.189
22.886719,0,0,1109.58,1.3509,0.04675,5.43,50.178,2.752,138.07,30.898,28.174,0.021141,0.000360,-0.006014,4.753,22.189
22.890625,0,0,1102.31,1.3693,0.05264,6.08,50.178,2.635,132.22,30.895,28.171,-0.003472,-0.019369,0.009463,4.792,22.189
22.894531,0,0,1096.64,1.2836,0.05741,6.59,50.181,2.668,133.88,30.892,28.169,-0.000534,-0.006888,-0.000059,4.840,22.189
22.898438,0,0,1095.64,1.2085,0.05607,6.43,50.155,2.626,131.73,30.889,28.166,0.022334,0.015600,0.006406,4.782,22.189
22.902344,0,0,1081.80,1.2392,0.04170,4.72,50.198,2.618,131.42,30.886,28.163,-0.006392,0.003818,-0.000676,4.804,22.189
22.906250,0,0,1073.83,1.2631,0.06193,6.96,50.192,2.603,130.63,30.884,28.160,-0.002534,0.006522,-0.001543,4.600,22.189
22.910156,0,0,1075.73,1.1690,0.05667,6.38,50.189,2.488,124.86,30.880,28.157,-0.018865,-0.001429,-0.006390,4.788,22.189
22.914063,0,0,1064.89,1.2059,0.06126,6.83,50.186,2.523,126.64,30.877,28.154,-0.011580,-0.006721,0.003919,4.702,22.189
22.917969,0,0,1066.62,1.1773,0.05151,5.75,50.199,2.487,124.84,30.874,28.151,-0.001441,-0.005236,-0.007287,4.576,22.189
22.921875,0,0,1052.02,1.1561,0.05127,5.65,50.183,2.632,132.08,30.871,28.148,-0.007539,0.002988,-0.006895,4.614,22.189
22.925781,0,0,1048.87,1.2208,0.03755,4.12,50.206,2.514,126.19,30.868,28.145,-0.018514,-0.001801,-0.008990,4.442,22.189
22.929688,0,0,1044.79,1.2584,0.04715,5.16,50.200,2.552,128.10,30.865,28.142,0.016664,0.001267,-0.007864,4.554,22.189
22.933594,0,0,1035.44,1.1521,0.04344,4.71,50.188,2.452,123.08,30.862,28.139,-0.014065,-0.001496,-0.005261,4.460,22.189
22.937500,0,0,1032.84,1.1369,0.04304,4.65,50.175,2.498,125.35,30.859,28.136,-0.014540,-0.000517,-0.007817,4.465,22.189
22.941406,0,0,1025.22,1.0549,0.04110,4.41,50.201,2.639,132.46,30.856,28.133,0.003943,0.010719,0.006504,4.513,22.188
22.945313,0,0,1021.36,1.1285,0.04102,4.39,50.205,2.365,118.75,30.853,28.130,-0.007893,-0.018697,0.006933,4.488,22.188
22.949219,0,0,1015.82,1.1493,0.03796,4.04,50.180,2.493,125.08,30.850,28.127,-0.007242,-0.015193,0.008466,4.367,22.188
22.953125,0,0,1011.92,1.1157,0.05009,5.31,50.186,2.498,125.37,30.847,28.124,0.017947,0.019725,0.010133,4.252,22.188
22.957031,0,0,1004.00,0.9795,0.04392,4.62,50.209,2.517,126.40,30.844,28.121,0.020556,0.014410,0.006580,4.501,22.188
22.960938,0,0,1003.10,0.9426,0.04355,4.57,50.200,2.550,128.03,30.841,28.118,-0.012892,0.000237,-0.007942,4.231,22.188
22.964844,0,0,986.32,1.0472,0.04115,4.25,50.207,2.422,121.61,30.838,28.115,-0.000933,-0.015314,0.004429,4.409,22.188
22.968750,0,0,994.33,1.0751,0.04499,4.68,50.186,2.453,123.09,30.835,28.112,-0.012659,-0.014458,0.006294,4.271,22.188
22.972656,0,0,982.87,1.0799,0.04352,4.48,50.213,2.271,114.04,30.832,28.109,0.006809,0.001574,-0.009766,4.208,22.188
22.976563,0,0,980.56,1.0726,0.04347,4.46,50.207,2.423,121.68,30.829,28.106,-0.002028,-0.009151,0.003377,4.334,22.188
22.980469,0,0,966.91,0.9665,0.03621,3.67,50.211,2.495,125.29,30.826,28.103,0.007118,-0.002095,-0.009829,4.183,22.188
22.984375,0,0,969.07,1.0045,0.04035,4.09,50.174,2.379,119.38,30.823,28.100,0.018802,0.002991,-0.002710,4.273,22.188
22.988281,0,0,958.85,0.9083,0.04869,4.89,50.195,2.393,120.09,30.820,28.097,-0.000434,-0.002206,-0.008761,4.067,22.188
22.992188,0,0,954.04,0.9817,0.03693,3.69,50.194,2.461,123.53,30.817,28.094,-0.009671,-0.015013,0.010094,4.167,22.188
22.996094,0,0,951.66,0.9512,0.04459,4.44,50.186,2.527,126.81,30.814,28.091,-0.013186,-0.003099,-0.005758,4.116,22.188
23.000000,4,85,989.35,1.0058,0.03411,3.53,50.199,2.431,122.05,30.811,28.088,0.017408,0.002446,-0.006010,4.336,22.188
23.003906,4,85,1029.38,1.1155,0.04261,4.59,50.194,2.449,122.92,30.808,28.085,-0.010071,-0.011080,0.003367,4.335,22.188
23.007813,4,85,1062.50,1.1774,0.04827,5.37,50.174,2.643,132.63,30.805,28.083,-0.001290,-0.002203,-0.005202,4.550,22.188
23.011719,4,85,1097.39,1.2641,0.04820,5.54,50.189,2.549,127.91,30.802,28.080,-0.013002,0.003137,-0.007800,4.726,22.188
23.015625,4,85,1132.74,1.3204,0.05962,7.07,50.177,2.708,135.89,30.799,28.077,-0.007027,-0.014550,0.009195,4.962,22.188
23.019531,4,85,1167.88,1.4481,0.06444,7.88,50.169,2.772,139.08,30.796,28.074,0.016480,0.020368,0.010377,5.148,22.188
23.023438,4,85,1207.93,1.4819,0.06473,8.19,50.181,2.751,138.04,30.793,28.071,-0.004157,-0.016076,0.006132,5.200,22.188
23.027344,4,85,1242.25,1.5910,0.06549,8.52,50.147,2.900,145.40,30.791,28.069,-0.020024,-0.003155,-0.005836,5.398,22.188
23.031250,4,85,1279.04,1.7602,0.07537,10.10,50.167,3.013,151.16,30.788,28.066,-0.001678,0.007044,-0.000033,5.572,22.188
23.035156,4,85,1312.66,1.8174,0.07141,9.82,50.158,3.078,154.39,30.785,28.063,-0.004545,0.005762,0.002336,5.589,22.188
23.039063,4,85,1343.00,1.8864,0.07554,10.62,50.151,3.035,152.21,30.783,28.061,-0.013473,-0.012871,0.001314,5.884,22.188
23.042969,4,85,1379.90,1.9622,0.08189,11.83,50.146,3.203,160.61,30.780,28.058,-0.006083,0.007009,-0.000447,6.073,22.188
23.046875,4,85,1421.71,2.0692,0.09773,14.55,50.145,3.221,161.50,30.778,28.056,0.022043,0.023183,0.012571,6.370,22.188
23.050781,4,85,1455.51,2.1936,0.09627,14.67,50.147,3.160,158.44,30.775,28.053,0.026223,0.010135,0.004384,6.306,22.188
23.054688,4,85,1486.23,2.3755,0.10677,16.62,50.150,3.253,163.14,30.772,28.051,0.020019,0.021328,0.010742,6.524,22.188
23.058594,4,85,1518.65,2.4459,0.09553,15.19,50.126,3.388,169.83,30.770,28.048,-0.013260,-0.019318,0.010256,6.688,22.188
23.062500,4,85,1550.37,2.4681,0.10992,17.85,50.125,3.480,174.46,30.768,28.046,-0.015206,0.005110,-0.004531,6.729,22.188
23.066406,4,85,1577.77,2.5604,0.11216,18.53,50.132,3.381,169.47,30.765,28.043,-0.006826,-0.024814,0.014122,6.903,22.188
23.070313,4,85,1607.30,2.7197,0.11514,19.38,50.107,3.574,179.10,30.763,28.041,0.012792,0.021821,0.008746,6.971,22.188
23.074219,4,85,1641.57,2.8718,0.11587,19.92,50.098,3.739,187.31,30.761,28.039,0.018308,0.000767,-0.013300,7.143,22.188
23.078125,4,85,1675.56,2.9525,0.12206,21.42,50.095,3.853,193.03,30.759,28.037,-0.003591,-0.013706,0.008031,7.304,22.188
23.082031,4,85,1704.21,3.0555,0.12998,23.20,50.085,3.807,190.69,30.757,28.034,-0.014427,-0.023628,0.011790,7.361,22.188
23.085938,4,85,1736.99,3.1603,0.13427,24.42,50.104,3.916,196.21,30.754,28.032,0.010880,0.000827,-0.013793,7.593,22.188
23.089844,4,85,1772.80,3.3038,0.14225,26.41,50.073,4.026,201.61,30.752,28.030,0.025656,0.003216,-0.004525,7.770,22.188
23.093750,4,85,1800.89,3.3734,0.15580,29.38,50.076,4.005,200.58,30.750,28.028,0.031854,0.023967,0.008731,7.785,22.188
23.097656,4,85,1829.27,3.4506,0.15184,29.09,50.034,4.169,208.60,30.749,28.026,0.029688,0.011898,0.001645,8.021,22.188
23.101563,4,85,1861.42,3.7382,0.15694,30.59,50.047,4.266,213.52,30.747,28.024,-0.022385,-0.013672,-0.001322,8.071,22.188
23.105469,4,85,1893.71,3.7384,0.17015,33.74,50.046,4.255,212.94,30.745,28.022,0.025842,0.004977,-0.010247,8.155,22.188
23.109375,4,85,1907.45,3.7618,0.16813,33.58,50.022,4.356,217.91,30.743,28.021,-0.013176,-0.018555,0.008263,8.354,22.188
23.113281,4,85,1947.79,3.9668,0.16356,33.36,50.038,4.324,216.36,30.741,28.019,0.013728,0.000065,-0.016987,8.407,22.188
23.117188,4,85,1971.88,4.0540,0.16348,33.76,50.019,4.387,219.43,30.740,28.017,-0.027267,-0.003844,-0.006571,8.703,22.187
23.121094,4,85,2003.48,4.2884,0.18795,39.43,50.075,4.411,220.87,30.738,28.015,0.018731,0.022949,0.015968,8.596,22.187
23.125000,4,85,2023.84,4.3007,0.19266,40.83,50.024,4.517,225.95,30.736,28.013,0.010913,0.025709,0.013960,8.909,22.187
23.128906,4,85,2060.28,4.3833,0.17470,37.69,50.010,4.693,234.71,30.735,28.012,0.035323,0.012874,0.001606,8.935,22.187
23.132813,4,85,2080.65,4.5136,0.19479,42.44,50.010,4.650,232.53,30.733,28.010,0.033063,0.018264,0.002728,9.097,22.187
23.136719,4,85,2117.95,4.5609,0.21270,47.18,50.024,4.682,234.20,30.731,28.008,-0.020354,-0.013079,-0.000756,9.211,22.187
23.140625,4,85,2145.77,4.8105,0.20611,46.31,50.005,4.762,238.14,30.730,28.007,-0.008854,-0.032279,0.016201,9.301,22.187
23.144531,4,85,2163.18,4.8652,0.20672,46.83,49.972,4.910,245.38,30.728,28.005,-0.002988,-0.006767,-0.005848,9.447,22.187
23.148438,4,85,2185.95,5.0387,0.21338,48.85,49.972,4.933,246.53,30.727,28.004,0.007859,0.001509,-0.016856,9.525,22.187
23.152344,4,85,2224.72,5.1151,0.21412,49.88,49.987,5.019,250.87,30.726,28.002,-0.004822,-0.010624,0.001695,9.584,22.187
23.156250,4,85,2247.11,5.3699,0.22071,51.94,49.980,5.031,251.42,30.724,28.001,0.028459,0.002663,-0.011422,9.861,22.187
23.160156,4,85,2273.24,5.5404,0.23365,55.62,49.986,5.060,252.94,30.723,27.999,-0.009429,-0.016788,0.006904,9.927,22.187
23.164063,4,85,2301.24,5.6717,0.24272,58.49,49.978,5.213,260.55,30.722,27.998,-0.000685,-0.009369,-0.003822,9.980,22.187
23.167969,4,85,2324.15,5.6421,0.23831,58.00,49.950,5.239,261.67,30.721,27.996,-0.002100,-0.007646,-0.004248,10.192,22.187
23.171875,4,85,2346.78,5.6875,0.23427,57.57,49.978,5.228,261.28,30.719,27.995,0.015533,-0.001288,-0.017667,10.168,22.187
23.175781,4,85,2367.28,5.8508,0.26167,64.87,49.957,5.457,272.60,30.718,27.994,0.002929,-0.002553,-0.013572,10.363,22.187
23.179688,4,85,2404.68,5.9966,0.25214,63.49,49.934,5.506,274.92,30.717,27.993,0.004073,0.022947,0.009166,10.519,22.187
23.183594,4,85,2420.97,6.1993,0.26198,66.42,49.972,5.488,274.22,30.716,27.991,-0.004384,-0.010132,0.000235,10.603,22.187
23.187500,4,85,2440.13,6.2287,0.28201,72.06,49.955,5.572,278.37,30.715,27.990,0.009697,0.026165,0.012452,10.609,22.187
23.191406,4,85,2475.25,6.5028,0.27622,71.60,49.926,5.801,289.60,30.714,27.989,-0.028689,-0.002867,-0.009229,10.769,22.187
23.195313,4,85,2492.47,6.5575,0.28069,73.26,49.933,5.639,281.60,30.713,27.988,-0.010279,-0.032997,0.017938,10.780,22.187
23.199219,4,85,2522.45,6.6542,0.29587,78.16,49.922,5.760,287.53,30.712,27.987,0.016844,-0.000594,-0.019296,10.838,22.187
23.203125,4,85,2543.55,6.8366,0.28439,75.75,49.914,5.931,296.05,30.712,27.986,-0.016791,-0.028593,0.014185,11.130,22.187
23.207031,4,85,2567.26,6.9635,0.30524,82.06,49.926,5.910,295.07,30.711,27.985,-0.003585,0.016651,0.005148,11.194,22.187
23.210938,4,85,2585.81,7.0494,0.31735,85.93,49.913,5.872,293.11,30.710,27.984,0.015557,-0.004258,-0.019584,11.280,22.187
23.214844,4,85,2611.58,7.1069,0.30813,84.27,49.913,6.139,306.42,30.709,27.983,-0.003791,-0.014643,-0.001063,11.384,22.187
23.218750,4,85,2634.08,7.2002,0.30022,82.81,49.913,6.023,300.62,30.709,27.982,0.015586,0.001667,-0.019821,11.380,22.187
23.222656,4,85,2660.65,7.4478,0.31381,87.44,49.899,6.187,308.73,30.708,27.981,-0.034329,0.002753,-0.018450,11.496,22.187
23.226563,4,85,2672.65,7.4942,0.31512,88.19,49.885,6.324,315.46,30.708,27.981,-0.013597,-0.034374,0.019111,11.588,22.187
23.230469,4,85,2694.60,7.6378,0.34012,95.97,49.871,6.269,312.63,30.707,27.980,0.028385,-0.002086,-0.013849,11.729,22.187
23.234375,4,85,2721.96,7.7836,0.33442,95.33,49.882,6.299,314.19,30.707,27.979,0.026569,0.032246,0.018358,11.886,22.187
23.238281,4,85,2744.80,7.8944,0.34254,98.46,49.898,6.551,326.87,30.706,27.979,0.031312,0.041896,0.019481,11.968,22.187
23.242188,4,85,2767.97,8.0535,0.34920,101.22,49.859,6.640,331.08,30.706,27.978,0.037521,0.009277,-0.008702,12.029,22.187
23.246094,4,85,2780.70,8.0698,0.35488,103.34,49.847,6.667,332.33,30.706,27.977,0.016904,-0.003824,-0.021949,12.057,22.187
23.250000,4,85,2804.26,8.3264,0.34278,100.66,49.867,6.587,328.47,30.705,27.977,-0.018806,-0.028131,0.013990,12.180,22.187
23.253906,4,85,2827.01,8.4193,0.36355,107.63,49.842,6.722,335.06,30.705,27.976,-0.022426,-0.032952,0.011946,12.235,22.187
23.257813,4,85,2852.86,8.4427,0.36803,109.95,49.830,6.868,342.22,30.705,27.976,-0.037581,0.002722,-0.017317,12.308,22.187
23.261719,4,85,2868.99,8.5684,0.36289,109.03,49.836,6.949,346.29,30.705,27.975,0.024701,0.002386,-0.020427,12.494,22.187
23.265625,4,85,2882.22,8.6978,0.36706,110.79,49.845,6.993,348.55,30.705,27.975,-0.016879,-0.035802,0.020433,12.714,22.187
23.269531,4,85,2897.45,8.9218,0.36811,111.69,49.831,6.932,345.45,30.704,27.975,-0.031767,-0.017359,-0.001276,12.545,22.187
23.273438,4,85,2929.03,9.0682,0.37646,115.47,49.813,7.036,350.46,30.704,27.974,0.046067,0.031608,0.013258,12.740,22.187
23.277344,4,85,2946.04,9.0695,0.39459,121.73,49.804,7.117,354.44,30.704,27.974,-0.014274,0.009526,-0.003624,12.738,22.187
23.281250,4,85,2967.48,9.2589,0.39946,124.13,49.786,7.179,357.43,30.704,27.974,-0.005090,-0.011722,0.000136,12.903,22.187
23.285156,4,85,2986.70,9.3692,0.40330,126.14,49.798,7.185,357.82,30.704,27.974,0.040567,0.042338,0.023272,12.922,22.186
23.289063,4,85,3001.38,9.4025,0.41553,130.60,49.818,7.265,361.91,30.705,27.973,0.005399,0.024585,0.009855,13.138,22.186
23.292969,4,85,3024.24,9.5331,0.41789,132.35,49.799,7.426,369.81,30.705,27.973,0.032676,0.039075,0.023603,13.055,22.186
23.296875,4,85,3033.15,9.6187,0.42265,134.25,49.802,7.357,366.38,30.705,27.973,-0.036879,-0.010301,-0.003538,13.000,22.186
23.300781,4,85,3060.40,9.8201,0.42944,137.63,49.769,7.379,367.24,30.705,27.973,-0.010978,-0.023976,0.011589,13.292,22.186
23.304688,4,85,3077.66,9.9593,0.42795,137.93,49.760,7.551,375.73,30.705,27.973,0.002222,-0.002448,-0.012144,13.345,22.186
23.308594,4,85,3104.28,10.1684,0.42081,136.80,49.772,7.445,370.55,30.705,27.973,-0.013556,0.009705,-0.003201,13.571,22.186
23.312500,4,85,3111.82,10.1351,0.44072,143.62,49.781,7.584,377.55,30.706,27.973,0.036682,0.044381,0.022779,13.598,22.186
23.316406,4,85,3131.92,10.3307,0.44195,144.95,49.790,7.615,379.13,30.706,27.973,0.040158,0.047006,0.020808,13.534,22.186
23.320313,4,85,3149.43,10.4847,0.45909,151.41,49.740,7.790,387.49,30.706,27.973,0.043010,0.042985,0.021249,13.620,22.186
23.324219,4,85,3173.41,10.5480,0.45174,150.12,49.781,7.818,389.18,30.707,27.973,-0.021380,-0.037778,0.020606,13.839,22.186
23.328125,4,85,3177.06,10.5254,0.46122,153.45,49.754,7.753,385.77,30.707,27.973,0.037460,0.004080,-0.014398,13.834,22.186
23.332031,4,85,3206.93,10.8139,0.46404,155.84,49.750,8.048,400.37,30.708,27.973,0.038141,0.042131,0.025313,13.929,22.186
23.335938,4,85,3221.04,10.8797,0.46108,155.52,49.754,7.925,394.32,30.708,27.973,-0.037864,0.001221,-0.014211,13.953,22.186
23.339844,4,85,3239.95,11.0881,0.47558,161.36,49.770,7.882,392.28,30.709,27.973,0.016383,0.001313,-0.024676,14.025,22.186
23.343750,4,85,3251.64,11.1962,0.47431,161.51,49.713,8.039,399.66,30.709,27.974,0.044947,0.044942,0.021854,14.095,22.186
23.347656,4,85,3265.03,11.1950,0.49600,169.59,49.726,8.187,407.11,30.710,27.974,-0.012112,-0.033226,0.017274,14.122,22.186
23.351563,4,85,3274.10,11.2996,0.48449,166.11,49.734,8.049,400.33,30.711,27.974,0.038757,0.001599,-0.013989,14.228,22.186
23.355469,4,85,3293.67,11.2824,0.48774,168.23,49.711,8.274,411.33,30.711,27.974,0.043983,0.046678,0.023510,14.308,22.186
23.359375,4,85,3307.08,11.5304,0.49053,169.88,49.710,8.205,407.86,30.712,27.975,-0.008367,-0.037760,0.020204,14.356,22.186
23.363281,4,85,3333.71,11.7617,0.48918,170.77,49.737,8.244,410.01,30.713,27.975,0.047345,0.043369,0.021082,14.626,22.186
23.367188,4,85,3338.53,11.7064,0.50044,174.96,49.715,8.339,414.59,30.713,27.975,0.048993,0.018799,0.000315,14.489,22.186
23.371094,4,85,3368.95,11.9285,0.51619,182.11,49.707,8.486,421.81,30.714,27.976,0.039379,0.002641,-0.021600,14.641,22.186
23.375000,4,85,3379.80,12.0739,0.51955,183.89,49.720,8.444,419.83,30.715,27.976,-0.032992,-0.012054,-0.003905,14.649,22.186
23.378906,4,85,3396.06,12.1732,0.53268,189.44,49.687,8.559,425.29,30.716,27.977,0.034858,0.000522,-0.016981,14.800,22.186
23.382813,4,85,3412.38,12.3032,0.53459,191.03,49.698,8.591,426.95,30.717,27.977,-0.040039,-0.000298,-0.023820,14.974,22.186
23.386719,4,85,3415.20,12.2261,0.53200,190.26,49.665,8.598,427.02,30.718,27.978,0.052635,0.027899,0.008572,14.792,22.186
23.390625,4,85,3438.47,12.3758,0.54089,194.76,49.717,8.650,430.04,30.719,27.978,-0.006147,-0.022800,0.004159,15.013,22.186
23.394531,4,85,3447.86,12.5284,0.54069,195.22,49.684,8.854,439.88,30.720,27.979,0.013168,-0.000030,-0.023953,14.921,22.186
23.398438,4,85,3480.19,12.7046,0.54318,197.96,49.682,8.899,442.13,30.721,27.980,0.051530,0.021630,0.008276,15.040,22.186
23.402344,4,85,3488.35,12.6586,0.54222,198.07,49.675,8.918,443.00,30.722,27.980,-0.016681,-0.046557,0.025381,15.216,22.186
23.406250,4,85,3508.69,12.9061,0.54733,201.11,49.654,8.963,445.06,30.723,27.981,-0.041971,-0.001794,-0.017683,15.260,22.186
23.410156,4,85,3514.36,12.9115,0.55027,202.51,49.638,8.960,444.77,30.724,27.982,0.049034,0.018308,0.002751,15.297,22.186
23.414063,4,85,3524.93,13.0252,0.56205,207.47,49.697,8.845,439.56,30.726,27.982,-0.014394,-0.044018,0.023301,15.446,22.186
23.417969,4,85,3541.02,13.1691,0.56567,209.76,49.658,8.994,446.63,30.727,27.983,0.035823,0.049283,0.023584,15.496,22.186
23.421875,4,85,3546.52,13.1906,0.57711,214.33,49.676,9.037,448.90,30.728,27.984,-0.002489,-0.011871,-0.008180,15.435,22.186
23.425781,4,85,3573.63,13.5414,0.57611,215.60,49.664,9.038,448.89,30.729,27.985,0.043986,0.001259,-0.017593,15.409,22.186
23.429688,4,85,3587.15,13.5209,0.58158,218.47,49.643,9.307,462.02,30.731,27.986,-0.044684,-0.003984,-0.017421,15.643,22.186
23.433594,4,85,3601.99,13.5975,0.58772,221.69,49.636,9.257,459.50,30.732,27.986,-0.048238,0.000845,-0.022400,15.560,22.186
23.437500,4,85,3606.60,13.6198,0.58058,219.27,49.640,9.299,461.60,30.733,27.987,-0.044935,0.000981,-0.028590,15.825,22.186
23.441406,4,85,3627.08,13.9378,0.59329,225.35,49.622,9.214,457.22,30.735,27.988,0.037267,0.048781,0.025579,15.830,22.186
23.445313,4,85,3634.66,13.8826,0.59186,225.28,49.628,9.413,467.14,30.736,27.989,0.041212,0.003794,-0.016621,15.828,22.186
23.449219,4,85,3648.82,13.9703,0.59764,228.36,49.622,9.438,468.31,30.737,27.990,0.028052,0.042062,0.022268,15.885,22.185
23.453125,4,85,3663.60,14.1141,0.59849,229.61,49.629,9.393,466.18,30.739,27.991,0.029962,0.047033,0.024167,15.961,22.185
23.457031,4,85,3667.15,14.0856,0.61039,234.40,49.625,9.471,470.01,30.740,27.992,-0.031999,-0.027237,0.011691,15.985,22.185
23.460938,4,85,3692.62,14.3270,0.61411,237.47,49.602,9.545,473.43,30.742,27.993,-0.041210,0.001061,-0.022745,16.141,22.185
23.464844,4,85,3694.96,14.3538,0.61807,239.15,49.611,9.510,471.82,30.743,27.994,0.025292,0.040019,0.023325,15.949,22.185
23.468750,4,85,3723.84,14.4871,0.62502,243.73,49.607,9.653,478.83,30.745,27.995,-0.016715,-0.046095,0.027991,16.138,22.185
23.472656,4,85,3723.69,14.6222,0.61230,238.76,49.600,9.609,476.59,30.746,27.996,-0.047102,-0.003487,-0.012784,16.299,22.185
23.476563,4,85,3737.28,14.6630,0.62607,245.02,49.588,9.624,477.23,30.748,27.997,0.024905,-0.002304,-0.025101,16.251,22.185
23.480469,4,85,3744.83,14.7142,0.64463,252.80,49.624,9.764,484.55,30.750,27.999,-0.011315,-0.036056,0.017560,16.236,22.185
23.484375,4,85,3762.24,15.0015,0.63814,251.41,49.594,9.795,485.76,30.751,28.000,-0.018021,-0.048709,0.027460,16.290,22.185
23.488281,4,85,3762.25,14.8316,0.63172,248.89,49.582,9.889,490.33,30.753,28.001,-0.047837,0.002948,-0.025576,16.250,22.185
23.492188,4,85,3779.12,15.0522,0.63463,251.15,49.566,9.925,491.93,30.755,28.002,-0.029415,-0.033001,0.011154,16.542,22.185
23.496094,4,85,3804.76,15.1183,0.66386,264.50,49.588,10.011,496.43,30.757,28.003,-0.011981,0.019747,0.000405,16.441,22.185
23.500000,4,85,3803.48,15.1134,0.65436,260.63,49.585,9.918,491.77,30.758,28.005,-0.036974,-0.019090,0.000876,16.625,22.185
23.503906,4,85,3824.50,15.3390,0.65260,261.37,49.581,10.129,502.18,30.760,28.006,0.059414,0.030162,0.008526,16.616,22.185
23.507813,4,85,3824.18,15.3610,0.65090,260.67,49.554,10.111,501.05,30.762,28.007,0.031888,0.000342,-0.026796,16.684,22.185
23.511719,4,85,3839.92,15.3847,0.66596,267.79,49.581,10.038,497.71,30.764,28.009,-0.037661,-0.012110,-0.005947,16.687,22.185
23.515625,4,85,3853.56,15.6391,0.67341,271.75,49.572,10.086,499.99,30.766,28.010,0.023101,-0.002387,-0.030060,16.785,22.185
23.519531,4,85,3860.39,15.7474,0.65165,263.44,49.574,10.156,503.48,30.768,28.011,0.044670,0.005873,-0.013011,16.872,22.185
23.523438,4,85,3877.25,15.8067,0.67264,273.11,49.560,10.124,501.72,30.769,28.013,0.052703,0.053259,0.026387,17.016,22.185
23.527344,4,85,3877.36,15.7550,0.67195,272.83,49.572,10.267,508.94,30.771,28.014,0.001623,-0.004486,-0.017090,16.826,22.185
23.531250,4,85,3896.32,15.9426,0.66825,272.66,49.549,10.277,509.20,30.773,28.015,0.049186,0.053686,0.025265,16.868,22.185
23.535156,4,85,3900.58,15.9395,0.68429,279.51,49.529,10.491,519.62,30.775,28.017,0.018561,0.038166,0.021209,16.921,22.185
23.539063,4,85,3921.13,16.1546,0.70661,290.15,49.554,10.587,524.62,30.778,28.019,0.019398,-0.003137,-0.028362,17.081,22.185
23.542969,4,85,3927.00,16.2210,0.69219,284.65,49.532,10.336,511.96,30.780,28.020,-0.040603,0.008093,-0.020297,17.197,22.185
23.546875,4,85,3927.28,16.1788,0.69394,285.39,49.504,10.503,519.92,30.782,28.022,0.045542,0.002936,-0.015886,17.108,22.185
23.550781,4,85,3958.78,16.4534,0.71676,297.14,49.526,10.572,523.58,30.784,28.023,-0.045529,0.003130,-0.024649,17.246,22.185
23.554688,4,85,3953.03,16.3543,0.71286,295.10,49.548,10.489,519.70,30.786,28.025,-0.040715,-0.001206,-0.024547,17.268,22.185
23.558594,4,85,3968.63,16.4735,0.70125,291.43,49.526,10.581,524.01,30.788,28.026,0.043832,0.004634,-0.019434,17.327,22.185
23.562500,4,85,3966.99,16.4717,0.70937,294.69,49.505,10.591,524.33,30.790,28.028,-0.042683,0.005306,-0.025536,17.238,22.185
23.566406,4,85,3991.83,16.7290,0.72407,302.68,49.527,10.611,525.52,30.792,28.029,-0.040013,0.004255,-0.019214,17.358,22.185
23.570313,4,85,3996.37,16.6724,0.73204,306.36,49.525,10.652,527.57,30.795,28.031,-0.021113,0.011816,-0.008773,17.363,22.185
23.574219,4,85,3999.54,16.7861,0.70756,296.35,49.515,10.815,535.49,30.797,28.033,-0.006042,-0.013349,-0.006445,17.444,22.185
23.578125,4,85,4020.24,16.9780,0.73474,309.32,49.503,10.770,533.15,30.799,28.034,-0.052414,0.003584,-0.027665,17.504,22.185
23.582031,4,85,4027.70,16.9599,0.71768,302.70,49.516,10.719,530.78,30.801,28.036,0.024781,0.044919,0.021936,17.512,22.185
23.585938,4,85,4038.08,17.2057,0.73286,309.90,49.504,10.959,542.50,30.804,28.038,0.010982,0.000546,-0.024885,17.530,22.185
23.589844,4,85,4039.81,17.1933,0.72206,305.47,49.516,10.933,541.35,30.806,28.040,0.029015,-0.002498,-0.030801,17.455,22.185
23.593750,4,85,4050.94,17.1204,0.74399,315.61,49.518,10.947,542.06,30.808,28.041,-0.015030,0.015490,-0.000272,17.743,22.185
23.597656,4,85,4071.36,17.3489,0.74288,316.73,49.521,10.981,543.80,30.811,28.043,0.049740,0.006960,-0.011645,17.683,22.185
23.601563,4,85,4075.34,17.4242,0.74616,318.44,49.504,10.986,543.86,30.813,28.045,0.051663,0.056348,0.028299,17.807,22.185
23.605469,4,85,4085.56,17.6674,0.74586,319.11,49.483,11.067,547.64,30.816,28.047,0.012411,-0.002196,-0.025913,17.757,22.184
23.609375,4,85,4094.77,17.6795,0.74350,318.81,49.510,11.001,544.65,30.818,28.049,0.049418,0.004769,-0.015989,17.785,22.184
23.613281,4,85,4092.82,17.6556,0.75504,323.61,49.485,11.099,549.26,30.821,28.051,-0.050419,-0.004247,-0.016728,17.798,22.184
23.617188,4,85,4101.52,17.5813,0.76458,328.39,49.499,11.085,548.72,30.823,28.052,-0.002249,-0.013204,-0.001650,17.700,22.184
23.621094,4,85,4114.28,17.8289,0.76418,329.25,49.454,11.199,553.84,30.826,28.054,-0.046950,-0.009328,-0.010568,17.827,22.184
23.625000,4,85,4124.11,17.9113,0.75785,327.30,49.465,11.148,551.41,30.828,28.056,-0.046259,0.001046,-0.024635,17.885,22.184
23.628906,4,85,4134.95,17.9474,0.77651,336.24,49.463,11.395,563.63,30.831,28.058,0.000181,-0.006479,-0.018279,17.929,22.184
23.632813,4,85,4128.10,17.8446,0.76071,328.85,49.471,11.212,554.67,30.833,28.060,-0.000386,0.027589,0.012101,17.935,22.184
23.636719,4,85,4150.24,18.1581,0.76765,333.63,49.488,11.267,557.58,30.836,28.062,-0.005838,0.023072,0.007690,18.084,22.184
23.640625,4,85,4168.33,18.1725,0.77369,337.72,49.467,11.414,564.61,30.838,28.064,0.010633,-0.002875,-0.026310,18.174,22.184
23.644531,4,85,4169.37,18.2061,0.77855,339.93,49.458,11.278,557.80,30.841,28.066,0.036891,0.054564,0.027815,18.208,22.184
23.648438,4,85,4173.23,18.3452,0.78825,344.48,49.466,11.456,566.68,30.844,28.068,-0.050421,-0.000633,-0.029274,18.274,22.184
23.652344,4,85,4178.74,18.3544,0.76975,336.84,49.485,11.407,564.48,30.846,28.070,0.037626,0.001113,-0.026126,18.213,22.184
23.656250,4,85,4184.23,18.4056,0.78534,344.11,49.451,11.465,566.96,30.849,28.072,-0.042223,-0.011780,-0.003951,18.162,22.184
23.660156,4,85,4200.58,18.4167,0.78982,347.43,49.449,11.609,574.03,30.852,28.074,-0.002076,-0.014425,-0.005038,18.222,22.184
23.664063,4,85,4211.75,18.6101,0.78594,346.64,49.421,11.603,573.46,30.854,28.076,0.059690,0.051443,0.026870,18.159,22.184
23.667969,4,85,4207.58,18.7161,0.78967,347.94,49.447,11.645,575.84,30.857,28.078,-0.049301,-0.005127,-0.012846,18.294,22.184
23.671875,4,85,4222.80,18.7789,0.80648,356.63,49.448,11.667,576.93,30.860,28.081,0.026855,0.045164,0.023190,18.244,22.184
23.675781,4,85,4221.26,18.7561,0.80632,356.43,49.466,11.546,571.15,30.863,28.083,-0.039143,-0.025129,0.002712,18.320,22.184
23.679688,4,85,4226.00,18.7477,0.79770,353.02,49.462,11.646,576.05,30.866,28.085,-0.052943,0.000409,-0.031415,18.344,22.184
23.683594,4,85,4249.76,18.9728,0.80763,359.42,49.451,11.688,578.00,30.868,28.087,-0.011024,-0.038448,0.013361,18.494,22.184
23.687500,4,85,4251.95,18.9703,0.81076,361.00,49.455,11.735,580.37,30.871,28.089,-0.030410,-0.046272,0.021495,18.575,22.184
23.691406,4,85,4246.94,18.9698,0.79452,353.35,49.412,11.735,579.85,30.874,28.091,-0.019892,0.014365,-0.007412,18.322,22.184
23.695313,4,85,4263.77,19.0270,0.82408,367.95,49.450,11.737,580.39,30.877,28.093,-0.047569,0.002138,-0.030567,18.448,22.184
23.699219,4,85,4267.29,19.0876,0.82965,370.74,49.470,11.777,582.62,30.880,28.096,-0.013270,-0.047457,0.024754,18.573,22.184
23.703125,4,85,4272.84,19.2577,0.82374,368.58,49.445,11.855,586.18,30.883,28.098,0.008847,0.038065,0.018741,18.520,22.184
23.707031,4,85,4278.00,19.3074,0.81809,366.50,49.402,11.935,589.64,30.886,28.100,0.030835,-0.003760,-0.032174,18.543,22.184
23.710938,4,85,4282.31,19.1892,0.83266,373.40,49.411,11.930,589.50,30.889,28.102,0.039786,-0.000538,-0.025013,18.669,22.184
23.714844,4,85,4308.30,19.4986,0.83407,376.30,49.434,11.845,585.55,30.891,28.105,-0.055060,0.001058,-0.032488,18.705,22.184
23.718750,4,85,4313.10,19.5329,0.83957,379.21,49.443,11.911,588.91,30.894,28.107,0.027609,0.044126,0.023146,18.900,22.184
23.722656,4,85,4324.65,19.6984,0.85171,385.72,49.423,12.117,598.88,30.897,28.109,-0.048045,0.002447,-0.027710,18.754,22.184
23.726563,4,85,4322.53,19.6403,0.84506,382.52,49.398,11.972,591.39,30.900,28.112,0.028034,-0.004106,-0.031169,18.710,22.184
23.730469,4,85,4331.11,19.7209,0.84573,383.58,49.428,12.154,600.72,30.904,28.114,0.005925,0.033679,0.012162,18.995,22.184
23.734375,4,85,4328.12,19.6747,0.84305,382.10,49.409,11.979,591.87,30.906,28.116,0.054770,0.057660,0.029736,18.731,22.184
23.738281,4,85,4346.09,19.8557,0.85716,390.11,49.409,12.027,594.26,30.909,28.119,-0.011471,-0.029052,0.012295,18.867,22.184
23.742188,4,85,4340.70,19.8138,0.86635,393.81,49.430,12.036,594.94,30.912,28.121,-0.029090,-0.051345,0.024585,18.924,22.184
23.746094,4,85,4354.14,20.0056,0.84392,384.80,49.415,12.045,595.18,30.915,28.123,0.058568,0.008665,-0.011306,19.037,22.184
23.750000,4,85,4354.61,19.9865,0.86616,394.98,49.421,11.989,592.52,30.918,28.126,-0.041258,-0.018728,-0.001322,18.850,22.184
23.753906,4,85,4376.67,20.0910,0.85738,392.96,49.380,12.120,598.47,30.922,28.128,-0.044292,-0.018421,-0.007194,19.103,22.184
23.757813,4,85,4381.79,20.0535,0.86762,398.12,49.401,12.285,606.89,30.925,28.130,0.024857,0.050978,0.022883,19.041,22.184
23.761719,4,85,4392.75,20.1751,0.86893,399.71,49.424,12.117,598.87,30.928,28.133,-0.031950,-0.041478,0.019307,19.243,22.183
23.765625,4,85,4374.57,20.0246,0.85523,391.78,49.405,12.280,606.68,30.931,28.135,-0.050792,-0.008295,-0.014686,19.048,22.183
23.769531,4,85,4401.45,20.3558,0.87731,404.37,49.382,12.207,602.83,30.934,28.138,-0.036553,-0.037314,0.011483,19.156,22.183
23.773438,4,85,4395.99,20.2791,0.86091,396.32,49.387,12.338,609.34,30.937,28.140,-0.052065,0.000843,-0.027885,19.014,22.183
23.777344,4,85,4405.85,20.3854,0.87230,402.46,49.374,12.443,614.36,30.940,28.143,0.007052,0.030311,0.014067,19.203,22.183
23.781250,4,85,4414.43,20.4692,0.86988,402.13,49.401,12.462,615.62,30.944,28.145,-0.038217,-0.029855,0.009908,19.172,22.183
23.785156,4,85,4410.37,20.4135,0.88663,409.49,49.392,12.218,603.47,30.947,28.148,0.015300,-0.002028,-0.028974,19.153,22.183
23.789063,4,85,4412.94,20.3290,0.89729,414.66,49.392,12.428,613.87,30.950,28.150,-0.033873,-0.037932,0.014869,19.173,22.183
23.792969,4,85,4427.76,20.5399,0.86340,400.34,49.394,12.507,617.79,30.953,28.153,-0.052486,-0.000917,-0.031385,19.369,22.183
23.796875,4,85,4440.36,20.5847,0.89030,413.99,49.366,12.487,616.45,30.957,28.155,0.062676,0.053091,0.028511,19.284,22.183
23.800781,4,85,4442.29,20.7407,0.88256,410.56,49.386,12.554,619.99,30.960,28.158,0.066415,0.037337,0.010450,19.398,22.183
23.804688,4,85,4442.82,20.8415,0.88113,409.95,49.393,12.419,613.40,30.963,28.160,-0.037467,-0.034230,0.013562,19.403,22.183
23.808594,4,85,4453.72,20.7587,0.89343,416.69,49.369,12.499,617.05,30.966,28.163,0.045062,-0.000791,-0.024963,19.453,22.183
23.812500,4,85,4460.13,20.8849,0.90909,424.60,49.368,12.583,621.22,30.970,28.165,0.065975,0.055868,0.025713,19.349,22.183
23.816406,4,85,4449.69,20.8394,0.89949,419.14,49.398,12.454,615.19,30.973,28.168,0.047109,0.003959,-0.023763,19.336,22.183
23.820313,4,85,4464.31,21.0150,0.89818,419.90,49.367,12.609,622.44,30.976,28.171,0.012414,-0.001163,-0.029222,19.347,22.183
23.824219,4,85,4476.22,20.9102,0.89738,420.65,49.367,12.560,620.03,30.980,28.173,0.009085,0.000280,-0.027969,19.367,22.183
23.828125,4,85,4471.16,21.0503,0.89566,419.37,49.368,12.579,620.99,30.983,28.176,-0.034707,-0.036420,0.017682,19.576,22.183
23.832031,4,85,4482.85,21.0524,0.89738,421.27,49.366,12.699,626.89,30.986,28.178,-0.022736,-0.056940,0.028931,19.611,22.183
23.835938,4,85,4485.25,21.2753,0.90285,424.07,49.373,12.589,621.54,30.990,28.181,-0.056060,0.003496,-0.028850,19.585,22.183
23.839844,4,85,4482.77,21.1505,0.89435,419.84,49.377,12.696,626.89,30.993,28.184,0.070096,0.048895,0.022894,19.515,22.183
23.843750,4,85,4490.68,21.2208,0.90095,423.68,49.359,12.799,631.74,30.996,28.186,-0.021692,-0.056694,0.031782,19.605,22.183
23.847656,4,85,4510.11,21.3003,0.91242,430.93,49.364,12.749,629.35,31.000,28.189,-0.022496,-0.056625,0.030768,19.574,22.183
23.851563,4,85,4502.33,21.2571,0.90988,428.99,49.362,12.753,629.50,31.003,28.192,-0.057245,0.001652,-0.027586,19.603,22.183
23.855469,4,85,4511.30,21.3728,0.91539,432.45,49.381,12.827,633.43,31.007,28.194,-0.030657,-0.044033,0.019069,19.716,22.183
23.859375,4,85,4506.73,21.4806,0.89968,424.60,49.346,12.738,628.55,31.010,28.197,0.066874,0.053512,0.024638,19.568,22.183
23.863281,4,85,4514.08,21.5332,0.92004,434.92,49.367,12.721,627.98,31.014,28.200,0.020553,-0.002537,-0.029850,19.538,22.183
23.867188,4,85,4512.81,21.4625,0.91954,434.56,49.376,12.779,630.96,31.017,28.202,0.066564,0.052784,0.024529,19.552,22.183
23.871094,4,85,4526.97,21.4506,0.92538,438.69,49.344,12.891,636.08,31.020,28.205,0.048197,0.061188,0.030048,19.628,22.183
23.875000,4,85,4547.89,21.7373,0.91720,436.82,49.353,12.836,633.50,31.024,28.208,-0.039804,-0.033618,0.010980,19.886,22.183
23.878906,4,85,4533.02,21.4484,0.92973,441.34,49.361,12.936,638.54,31.027,28.210,0.046192,0.057794,0.027228,19.815,22.183
23.882813,4,85,4545.13,21.7499,0.92855,441.96,49.322,12.886,635.57,31.031,28.213,0.067836,0.032375,0.012723,19.814,22.183
23.886719,4,85,4546.61,21.6858,0.93319,444.31,49.339,12.957,639.30,31.034,28.216,0.041164,0.058283,0.029638,19.774,22.183
23.890625,4,85,4549.34,21.7431,0.94052,448.07,49.336,12.906,636.71,31.038,28.219,-0.006908,-0.017215,-0.000489,19.767,22.183
23.894531,4,85,4551.71,21.7367,0.92788,442.28,49.321,12.992,640.76,31.041,28.221,-0.039994,-0.031205,0.007583,19.790,22.183
23.898438,4,85,4566.97,21.8216,0.92870,444.15,49.329,12.909,636.78,31.045,28.224,0.044487,0.058999,0.029770,19.778,22.183
23.902344,4,85,4568.26,21.8761,0.93660,448.06,49.337,13.001,641.43,31.049,28.227,-0.047762,0.000376,-0.026487,19.854,22.183
23.906250,4,85,4578.47,22.0392,0.94743,454.25,49.335,13.180,650.23,31.052,28.230,0.059347,0.007238,-0.013418,19.977,22.183
23.910156,4,85,4578.33,22.0174,0.93867,450.04,49.317,12.998,641.00,31.056,28.233,-0.013292,-0.033611,0.010723,20.021,22.182
23.914063,4,85,4585.09,22.1085,0.95582,458.94,49.365,13.082,645.78,31.059,28.235,-0.006037,-0.029151,0.007786,19.889,22.182
23.917969,4,85,4578.36,21.9755,0.93743,449.45,49.299,13.107,646.19,31.063,28.238,0.054837,0.063897,0.031718,19.999,22.182
23.921875,4,85,4586.02,21.9869,0.94401,453.36,49.340,13.047,643.72,31.067,28.241,-0.005805,-0.015348,-0.005346,19.946,22.182
23.925781,4,85,4594.83,22.2213,0.95713,460.54,49.322,13.184,650.28,31.070,28.244,0.053871,0.004364,-0.017186,19.905,22.182
23.929688,4,85,4599.33,22.1980,0.95683,460.85,49.355,13.010,642.11,31.074,28.247,0.019391,-0.005304,-0.030904,19.985,22.182
23.933594,4,85,4598.76,22.1733,0.96642,465.41,49.322,13.123,647.28,31.077,28.250,-0.003767,-0.006388,-0.012673,19.935,22.182
23.937500,4,85,4596.82,22.2776,0.94215,453.53,49.332,13.132,647.82,31.081,28.252,-0.020825,0.020230,-0.005222,20.083,22.182
23.941406,4,85,4600.52,22.3112,0.94140,453.53,49.306,13.079,644.86,31.085,28.255,-0.049500,-0.016096,-0.004416,19.989,22.182
23.945313,4,85,4626.47,22.3685,0.97587,472.79,49.331,13.221,652.20,31.088,28.258,0.009211,-0.005128,-0.028684,20.167,22.182
23.949219,4,85,4619.32,22.4406,0.96844,468.47,49.298,13.225,651.97,31.092,28.261,-0.058452,0.004692,-0.030455,20.065,22.182
23.953125,4,85,4619.81,22.4257,0.96614,467.40,49.296,13.277,654.48,31.096,28.264,0.032206,-0.002011,-0.033906,20.216,22.182
23.957031,4,85,4612.78,22.3630,0.95649,462.03,49.334,13.287,655.53,31.099,28.267,-0.057195,0.002169,-0.029652,20.071,22.182
23.960938,4,85,4631.96,22.4590,0.95182,461.69,49.340,13.204,651.47,31.103,28.270,-0.055476,-0.000548,-0.025197,20.171,22.182
23.964844,4,85,4636.17,22.6728,0.96159,466.85,49.328,13.185,650.37,31.107,28.272,-0.053160,-0.008496,-0.018726,20.311,22.182
23.968750,4,85,4639.34,22.6336,0.96329,467.99,49.286,13.267,653.87,31.110,28.275,0.028796,-0.004103,-0.032567,20.111,22.182
23.972656,4,85,4643.77,22.6552,0.97501,474.14,49.278,13.495,665.02,31.114,28.278,0.003644,-0.003358,-0.022078,20.187,22.182
23.976563,4,85,4641.58,22.6552,0.97215,472.53,49.316,13.247,653.26,31.118,28.281,-0.058485,0.002785,-0.032036,20.212,22.182
23.980469,4,85,4653.88,22.8014,0.97956,477.39,49.309,13.183,650.05,31.121,28.284,0.032272,0.055583,0.029651,20.282,22.182
23.984375,4,85,4642.76,22.5996,0.98258,477.72,49.273,13.360,658.31,31.125,28.287,-0.040753,0.007342,-0.021049,20.119,22.182
23.988281,4,85,4651.64,22.7965,0.97660,475.72,49.301,13.347,658.02,31.129,28.290,-0.055745,-0.003133,-0.018386,20.204,22.182
23.992188,4,85,4659.87,22.7545,0.97820,477.34,49.308,13.403,660.89,31.133,28.293,0.021901,-0.003458,-0.030692,20.332,22.182
23.996094,4,85,4648.33,22.6857,0.97826,476.19,49.308,13.386,660.02,31.136,28.296,0.030101,0.051410,0.026811,20.282,22.182
24.000000,4,85,4668.49,22.8906,0.98078,479.49,49.265,13.512,665.68,31.140,28.299,0.006356,-0.006050,-0.023642,20.277,22.182
24.003906,4,85,4668.43,23.0243,0.98697,482.50,49.333,13.368,659.47,31.144,28.302,-0.039926,-0.035673,0.008655,20.239,22.182
24.007813,4,85,4673.01,22.9800,0.97619,477.70,49.305,13.550,668.07,31.148,28.305,-0.055599,0.004194,-0.033529,20.408,22.182
24.011719,4,85,4666.70,22.8480,0.98408,480.92,49.285,13.493,664.99,31.152,28.308,-0.024103,-0.062764,0.032550,20.393,22.182
24.015625,4,85,4677.16,22.8961,0.98439,482.14,49.283,13.527,666.66,31.155,28.311,0.057199,0.060245,0.033059,20.312,22.182
24.019531,4,85,4679.04,22.9666,0.98992,485.05,49.264,13.543,667.19,31.159,28.314,0.069190,0.050359,0.024171,20.373,22.182
24.023438,4,85,4684.50,23.0322,0.98914,485.23,49.283,13.446,662.65,31.163,28.317,-0.032072,-0.056381,0.026744,20.354,22.182
24.027344,4,85,4688.82,23.2488,0.99200,487.08,49.288,13.461,663.49,31.167,28.320,-0.037349,-0.041081,0.014796,20.516,22.182
24.031250,4,85,4678.44,22.9668,0.99314,486.56,49.281,13.440,662.36,31.171,28.323,-0.060896,0.000523,-0.033657,20.229,22.182
24.035156,4,85,4694.07,23.1304,0.98106,482.25,49.284,13.558,668.18,31.174,28.326,0.004864,-0.002998,-0.026347,20.285,22.182
24.039063,4,85,4704.41,23.2547,0.99940,492.35,49.298,13.416,661.38,31.178,28.329,-0.055391,0.001849,-0.030595,20.488,22.182
24.042969,4,85,4711.94,23.3888,0.99239,489.68,49.320,13.551,668.35,31.182,28.332,0.070425,0.044861,0.020708,20.494,22.182
24.046875,4,85,4694.55,23.2034,0.98603,484.75,49.307,13.538,667.50,31.186,28.335,-0.012456,-0.038111,0.012369,20.345,22.182
24.050781,4,85,4707.93,23.2977,0.99556,490.82,49.313,13.531,667.27,31.190,28.338,0.072894,0.043644,0.018900,20.398,22.182
24.054688,4,85,4705.67,23.3248,0.98406,484.92,49.301,13.565,668.76,31.193,28.341,-0.021037,-0.061210,0.029609,20.524,22.181
24.058594,4,85,4716.74,23.4304,1.00094,494.40,49.282,13.722,676.23,31.197,28.344,0.035730,-0.002155,-0.029660,20.505,22.181
24.062500,4,85,4710.52,23.3127,0.99044,488.57,49.266,13.659,672.93,31.201,28.347,0.066725,0.055810,0.026553,20.541,22.181
24.066406,4,85,4728.11,23.4540,0.99668,493.48,49.279,13.739,677.06,31.205,28.350,-0.012715,-0.030680,0.011528,20.528,22.181
24.070313,4,85,4732.64,23.4031,1.01719,504.12,49.277,13.716,675.89,31.209,28.353,-0.026065,-0.058294,0.030905,20.583,22.181
24.074219,4,85,4724.62,23.4980,0.99763,493.59,49.277,13.659,673.09,31.213,28.356,-0.043247,-0.027969,0.004591,20.542,22.181
24.078125,4,85,4734.25,23.5484,0.99313,492.36,49.278,13.719,676.04,31.217,28.359,-0.053689,0.000577,-0.031391,20.518,22.181
24.082031,4,85,4730.81,23.5273,0.99930,495.06,49.304,13.679,674.44,31.221,28.362,-0.061605,0.004331,-0.029090,20.365,22.181
24.085938,4,85,4724.41,23.4081,1.00431,496.87,49.279,13.586,669.53,31.225,28.365,-0.016982,-0.049557,0.026218,20.570,22.181
24.089844,4,85,4735.48,23.4602,1.01570,503.68,49.297,13.582,669.56,31.228,28.368,0.040223,-0.002587,-0.029047,20.679,22.181
24.093750,4,85,4748.77,23.6764,1.01777,506.12,49.279,13.675,673.91,31.232,28.371,-0.023778,0.011156,-0.008912,20.670,22.181
24.097656,4,85,4742.08,23.4597,0.99897,496.08,49.265,13.833,681.49,31.236,28.374,-0.017954,-0.061222,0.029867,20.659,22.181
24.101563,4,85,4735.24,23.5520,1.00715,499.42,49.266,13.751,677.44,31.240,28.378,0.066607,0.060350,0.028021,20.542,22.181
24.105469,4,85,4754.10,23.7348,1.01551,505.57,49.276,13.890,684.46,31.244,28.381,0.010391,0.043054,0.017344,20.649,22.181
24.109375,4,85,4739.08,23.5361,1.00255,497.54,49.270,13.629,671.52,31.248,28.384,0.043948,-0.001027,-0.026612,20.670,22.181
24.113281,4,85,4758.10,23.7095,1.01619,506.33,49.265,13.721,675.98,31.252,28.387,0.062970,0.013121,-0.008101,20.579,22.181
24.117188,4,85,4766.65,23.9906,1.01922,508.75,49.259,13.877,683.57,31.256,28.390,-0.002120,0.028035,0.008202,20.904,22.181
24.121094,4,85,4753.41,23.7323,1.00725,501.39,49.267,13.774,678.60,31.260,28.393,-0.011317,0.025592,0.003517,20.734,22.181
24.125000,4,85,4768.78,23.9515,1.02137,510.06,49.236,13.920,685.34,31.264,28.396,-0.006550,-0.016773,-0.002309,20.766,22.181
24.128906,4,85,4765.26,23.8720,1.02990,513.94,49.245,13.941,686.53,31.268,28.399,0.021214,-0.001128,-0.033126,20.767,22.181
24.132813,4,85,4764.81,23.8523,1.01664,507.27,49.276,13.856,682.79,31.272,28.403,-0.010911,-0.028212,0.008127,20.676,22.181
24.136719,4,85,4765.64,23.7056,1.01998,509.03,49.272,13.933,686.50,31.276,28.406,0.068586,0.057974,0.029364,20.743,22.181
24.140625,4,85,4776.76,24.0058,1.03684,518.65,49.271,13.980,688.83,31.280,28.409,-0.040932,0.006946,-0.020107,20.696,22.181
24.144531,4,85,4775.86,23.8872,1.01140,505.83,49.243,13.943,686.59,31.284,28.412,-0.053821,0.000214,-0.031737,20.673,22.181
24.148438,4,85,4773.84,23.9635,1.01715,508.49,49.265,13.816,680.63,31.288,28.415,0.015591,-0.002832,-0.034622,20.797,22.181
24.152344,4,85,4767.59,23.8665,1.01727,507.88,49.264,13.811,680.40,31.292,28.418,0.072638,0.049058,0.021984,20.703,22.181
24.156250,4,85,4781.61,24.0062,1.02811,514.80,49.244,13.898,684.39,31.296,28.421,0.061507,0.066916,0.032941,20.793,22.181
24.160156,4,85,4767.42,23.7884,1.01659,507.52,49.277,13.838,681.89,31.300,28.425,-0.043720,-0.028766,0.003701,20.752,22.181
24.164063,4,85,4786.27,24.2025,1.04572,524.13,49.250,13.971,688.07,31.304,28.428,-0.026187,-0.063210,0.034931,21.014,22.181
24.167969,4,85,4790.19,24.0469,1.02291,513.12,49.262,14.015,690.40,31.308,28.431,-0.013745,-0.037305,0.016714,20.883,22.181
24.171875,4,85,4807.25,24.2665,1.04004,523.57,49.215,14.074,692.63,31.312,28.434,-0.039534,-0.038394,0.014048,20.871,22.181
24.175781,4,85,4798.19,24.2183,1.03998,522.55,49.271,13.953,687.47,31.316,28.437,0.023040,-0.002793,-0.033474,20.714,22.181
24.179688,4,85,4803.34,24.2638,1.04574,526.01,49.261,13.982,688.77,31.320,28.440,-0.050066,-0.016117,-0.006328,20.927,22.181
24.183594,4,85,4801.96,24.1709,1.04808,527.04,49.275,14.008,690.24,31.324,28.444,-0.009078,-0.033466,0.008930,21.014,22.181
24.187500,4,85,4795.32,24.1239,1.03005,517.26,49.254,13.994,689.26,31.328,28.447,0.067374,0.059121,0.031813,20.690,22.181
24.191406,4,85,4803.25,24.3168,1.03522,520.71,49.247,14.003,689.61,31.332,28.450,-0.029485,-0.059787,0.026137,20.924,22.181
24.195313,4,85,4798.03,24.3247,1.02424,514.63,49.236,13.977,688.16,31.336,28.453,-0.058619,0.004801,-0.031734,20.892,22.180
24.199219,4,85,4813.48,24.3241,1.04089,524.68,49.245,14.238,701.13,31.340,28.456,0.007098,-0.002763,-0.027283,20.945,22.180
24.203125,4,85,4802.12,24.1820,1.03090,518.41,49.274,13.971,688.41,31.344,28.460,0.065767,0.059163,0.029079,20.865,22.180
24.207031,4,85,4817.89,24.3810,1.03516,522.27,49.247,14.127,695.72,31.349,28.463,-0.058835,0.000979,-0.027822,20.933,22.180
24.210938,4,85,4821.44,24.4849,1.06631,538.38,49.259,14.114,695.26,31.353,28.466,-0.014172,-0.054294,0.027847,20.975,22.180
24.214844,4,85,4812.21,24.2958,1.03259,520.36,49.267,14.028,691.10,31.357,28.469,0.067768,0.060604,0.028201,20.838,22.180
24.218750,4,85,4819.26,24.2753,1.04623,528.00,49.245,14.130,695.82,31.361,28.472,0.048980,0.002064,-0.026397,21.017,22.180
24.222656,4,85,4816.66,24.4287,1.05241,530.83,49.248,14.114,695.09,31.365,28.476,-0.019549,-0.059733,0.027984,20.956,22.180
24.226563,4,85,4816.13,24.3131,1.03411,521.55,49.248,14.163,697.52,31.369,28.479,-0.032752,-0.049975,0.027094,20.894,22.180
24.230469,4,85,4829.63,24.6105,1.04434,528.18,49.276,14.009,690.31,31.373,28.482,0.001519,-0.005476,-0.021629,21.049,22.180
24.234375,4,85,4824.54,24.4982,1.05026,530.62,49.235,14.180,698.13,31.377,28.485,-0.037364,-0.039389,0.015670,21.090,22.180
24.238281,4,85,4825.58,24.4904,1.04800,529.59,49.222,14.013,689.74,31.381,28.488,0.004481,-0.001673,-0.020689,20.923,22.180
24.242188,4,85,4834.42,24.5335,1.04877,530.95,49.228,14.079,693.09,31.385,28.492,0.043360,0.000704,-0.028997,21.081,22.180
24.246094,4,85,4841.68,24.6666,1.05664,535.74,49.261,14.113,695.20,31.389,28.495,-0.017593,-0.050308,0.027117,21.075,22.180
24.250000,4,85,4842.33,24.6596,1.05963,537.33,49.226,14.232,700.57,31.393,28.498,0.066667,0.063222,0.032670,21.139,22.180
24.253906,4,85,4833.58,24.5466,1.04602,529.47,49.229,14.219,699.97,31.398,28.501,-0.045322,0.004342,-0.021571,21.041,22.180
24.257813,4,85,4830.80,24.5824,1.05130,531.83,49.235,14.248,701.52,31.402,28.505,0.056385,0.063542,0.034310,21.018,22.180
24.261719,4,85,4848.41,24.7559,1.04178,528.94,49.231,14.321,705.04,31.406,28.508,-0.017054,-0.046903,0.025156,21.129,22.180
24.265625,4,85,4847.19,24.6243,1.05168,533.83,49.268,14.200,699.59,31.410,28.511,0.019692,-0.002105,-0.032099,21.087,22.180
24.269531,4,85,4839.22,24.7148,1.05187,533.05,49.217,14.163,697.05,31.414,28.514,-0.001631,-0.011096,-0.009843,21.027,22.180
24.273438,4,85,4834.95,24.4148,1.05562,534.47,49.237,14.118,695.12,31.418,28.518,0.022811,0.044921,0.024864,21.081,22.180
24.277344,4,85,4846.57,24.5938,1.05360,534.74,49.232,14.270,702.54,31.422,28.521,0.033191,0.059159,0.029403,21.016,22.180
24.281250,4,85,4847.71,24.7170,1.07220,544.30,49.200,14.266,701.90,31.427,28.524,-0.063256,0.003181,-0.032176,21.173,22.180
24.285156,4,85,4850.97,24.6479,1.05627,536.58,49.256,14.195,699.19,31.431,28.527,-0.007491,-0.018941,-0.002217,21.188,22.180
24.289063,4,85,4857.82,24.7835,1.06176,540.13,49.200,14.359,706.46,31.435,28.531,-0.017211,-0.057127,0.028658,21.103,22.180
24.292969,4,85,4862.47,24.7720,1.06958,544.63,49.232,14.242,701.15,31.439,28.534,-0.054321,-0.006937,-0.011833,21.106,22.180
24.296875,4,85,4853.12,24.8821,1.06123,539.33,49.220,14.233,700.54,31.443,28.537,0.055446,0.001630,-0.022589,21.078,22.180
24.300781,4,85,4857.79,24.8146,1.06164,540.06,49.232,14.359,706.90,31.447,28.541,-0.013094,-0.029554,0.005841,21.176,22.180
24.304688,4,85,4860.08,24.8431,1.06213,540.56,49.227,14.242,701.09,31.451,28.544,-0.048332,-0.021518,-0.005622,21.197,22.180
24.308594,4,85,4858.37,24.7545,1.05528,536.89,49.220,14.312,704.44,31.456,28.547,0.021379,-0.001707,-0.031574,21.026,22.180
24.312500,4,85,4860.42,24.8079,1.06470,541.92,49.236,14.289,703.53,31.460,28.550,-0.013684,-0.033951,0.012827,21.249,22.180
24.316406,4,85,4873.67,24.9677,1.07168,546.95,49.222,14.252,701.50,31.464,28.554,0.074817,0.040795,0.013617,21.220,22.180
24.320313,4,85,4861.83,24.7554,1.05945,539.40,49.221,14.282,702.97,31.468,28.557,-0.043120,-0.030632,0.003311,21.138,22.180
24.324219,4,85,4872.20,25.0202,1.06898,545.41,49.221,14.377,707.65,31.472,28.560,0.065924,0.021031,-0.001664,21.303,22.180
24.328125,4,85,4867.01,24.7967,1.06626,543.44,49.234,14.331,705.58,31.476,28.563,-0.004569,-0.011390,-0.014520,21.193,22.180
24.332031,4,85,4869.29,25.0048,1.05827,539.63,49.229,14.350,706.44,31.481,28.567,-0.036839,-0.044723,0.015542,21.296,22.179
24.335938,4,85,4868.13,24.9530,1.06973,545.34,49.220,14.324,705.01,31.485,28.570,-0.013824,-0.045406,0.021847,21.212,22.179
24.339844,4,85,4880.86,24.9592,1.06444,544.06,49.245,14.336,706.00,31.489,28.573,0.007489,0.038213,0.012933,21.132,22.179
24.343750,4,85,4871.06,24.9377,1.06768,544.62,49.218,14.404,708.91,31.493,28.577,0.024981,-0.001840,-0.033643,21.128,22.179
24.347656,4,85,4881.68,24.9344,1.07609,550.10,49.219,14.350,706.32,31.497,28.580,-0.012350,0.020260,0.001156,21.068,22.179
24.351563,4,85,4879.49,25.0706,1.07077,547.14,49.207,14.382,707.69,31.501,28.583,0.005688,-0.003164,-0.027223,21.287,22.179
24.355469,4,85,4884.94,25.1158,1.08040,552.68,49.240,14.391,708.61,31.506,28.586,-0.033445,0.007493,-0.012446,21.262,22.179
24.359375,4,85,4867.50,24.9545,1.07659,548.76,49.231,14.324,705.19,31.510,28.590,0.076018,0.048890,0.019537,21.057,22.179
24.363281,4,85,4882.94,25.0712,1.07676,550.59,49.231,14.438,710.80,31.514,28.593,-0.055292,-0.013226,-0.012743,21.252,22.179
24.367188,4,85,4878.33,24.9641,1.05834,540.66,49.235,14.295,703.84,31.518,28.596,0.073829,0.032395,0.006150,21.176,22.179
24.371094,4,85,4891.55,25.0614,1.07726,551.82,49.209,14.347,706.02,31.522,28.600,-0.051938,0.002622,-0.028465,21.388,22.179
24.375000,4,85,4883.65,25.1496,1.07036,547.40,49.212,14.461,711.68,31.527,28.603,0.004964,0.033389,0.014255,21.315,22.179
24.378906,4,85,4887.33,25.0527,1.07366,549.50,49.225,14.332,705.49,31.531,28.606,-0.065396,0.004233,-0.030022,21.374,22.179
24.382813,4,85,4884.42,25.0248,1.07441,549.55,49.238,14.400,709.05,31.535,28.609,-0.027197,0.015024,-0.010031,21.291,22.179
24.386719,4,85,4884.99,25.0115,1.07500,549.92,49.238,14.274,702.84,31.539,28.613,-0.015202,-0.033551,0.014179,21.336,22.179
24.390625,4,85,4888.40,24.9740,1.07681,551.23,49.195,14.491,712.89,31.543,28.616,0.073966,0.028284,0.008365,21.297,22.179
24.394531,4,85,4897.63,25.1304,1.07286,550.25,49.207,14.464,711.71,31.547,28.619,0.056095,0.001827,-0.021279,21.274,22.179
24.398438,4,85,4891.66,25.1876,1.08393,555.25,49.215,14.344,705.95,31.552,28.622,0.072321,0.048581,0.023829,21.294,22.179
24.402344,4,85,4901.53,25.2686,1.08261,555.69,49.220,14.437,710.61,31.556,28.626,-0.014419,-0.036022,0.012618,21.402,22.179
24.406250,4,85,4904.82,25.3570,1.08066,555.06,49.221,14.491,713.28,31.560,28.629,0.072549,0.054897,0.025470,21.365,22.179
24.410156,4,85,4903.65,25.1883,1.09547,562.53,49.195,14.539,715.25,31.564,28.632,0.002433,0.035360,0.010657,21.310,22.179
24.414063,4,85,4896.40,25.1812,1.07591,551.67,49.217,14.605,718.84,31.569,28.636,0.018599,-0.003270,-0.031942,21.326,22.179
24.417969,4,85,4900.19,25.2887,1.08833,558.47,49.232,14.400,708.96,31.573,28.639,0.066478,0.017861,-0.006647,21.427,22.179
24.421875,4,85,4891.85,25.1012,1.07769,552.07,49.225,14.320,704.89,31.577,28.642,0.073533,0.053215,0.023149,21.200,22.179
24.425781,4,85,4895.58,25.1898,1.07409,550.65,49.230,14.532,715.41,31.581,28.646,0.001978,0.030312,0.012198,21.321,22.179
24.429688,4,85,4910.12,25.2998,1.08619,558.51,49.236,14.478,712.83,31.585,28.649,0.070449,0.019991,-0.003550,21.332,22.179
24.433594,4,85,4914.26,25.2957,1.08554,558.64,49.200,14.508,713.80,31.590,28.652,0.066096,0.015079,-0.005650,21.372,22.179
24.437500,4,85,4911.59,25.2869,1.09006,560.66,49.207,14.546,715.78,31.594,28.656,-0.008351,-0.017336,0.000203,21.417,22.179
24.441406,4,85,4904.36,25.3505,1.08602,557.76,49.189,14.479,712.20,31.598,28.659,-0.062208,0.002574,-0.034891,21.324,22.179
24.445313,4,85,4914.35,25.3906,1.08949,560.69,49.195,14.624,719.45,31.602,28.662,0.068706,0.017911,-0.004149,21.350,22.179
24.449219,4,85,4912.30,25.4753,1.08449,557.88,49.203,14.509,713.90,31.607,28.666,-0.045351,-0.025457,0.001407,21.319,22.179
24.453125,4,85,4911.74,25.2978,1.08928,560.28,49.200,14.442,710.55,31.611,28.669,-0.059851,0.002155,-0.034056,21.326,22.179
24.457031,4,85,4909.39,25.2863,1.08376,557.17,49.187,14.526,714.51,31.615,28.672,0.073584,0.048482,0.018609,21.271,22.179
24.460938,4,85,4901.40,25.2319,1.09180,560.39,49.222,14.509,714.15,31.619,28.675,0.069384,0.018307,-0.003042,21.347,22.179
24.464844,4,85,4915.47,25.2466,1.08405,558.01,49.234,14.430,710.46,31.623,28.679,0.047512,0.000089,-0.023996,21.353,22.178
24.468750,4,85,4931.63,25.5368,1.08015,557.83,49.234,14.603,718.98,31.628,28.682,0.073931,0.034130,0.008628,21.421,22.178
24.472656,4,85,4925.38,25.5124,1.07828,556.16,49.212,14.505,713.81,31.632,28.685,-0.014396,0.023424,0.000714,21.451,22.178
24.476563,4,85,4922.38,25.4757,1.07940,556.40,49.213,14.441,710.67,31.636,28.689,0.042072,0.063395,0.031513,21.493,22.178
24.480469,4,85,4911.21,25.3055,1.07540,553.08,49.192,14.552,715.83,31.640,28.692,-0.063628,0.000885,-0.032368,21.385,22.178
24.484375,4,85,4925.20,25.4829,1.08649,560.37,49.201,14.510,713.92,31.644,28.695,-0.057631,0.003474,-0.032945,21.490,22.178
24.488281,4,85,4929.48,25.4060,1.09900,567.32,49.215,14.449,711.09,31.648,28.698,-0.037245,0.008610,-0.018087,21.397,22.178
24.492188,4,85,4917.19,25.4105,1.07363,552.84,49.190,14.603,718.30,31.653,28.702,0.068492,0.020470,-0.001346,21.341,22.178
24.496094,4,85,4934.42,25.6192,1.09330,564.94,49.198,14.515,714.13,31.657,28.705,-0.024191,-0.063272,0.034202,21.491,22.178
24.500000,4,85,4935.79,25.4929,1.10491,571.10,49.185,14.650,720.53,31.661,28.708,-0.004534,-0.022000,-0.001796,21.498,22.178
24.503906,4,85,4926.95,25.5780,1.09623,565.60,49.212,14.635,720.23,31.665,28.712,0.075205,0.048532,0.017311,21.339,22.178
24.507813,4,85,4927.44,25.6005,1.08192,558.27,49.213,14.561,716.56,31.670,28.715,-0.041429,-0.035639,0.011812,21.414,22.178
24.511719,4,85,4933.28,25.5536,1.09384,565.09,49.197,14.511,713.90,31.674,28.718,0.004398,-0.008985,-0.024918,21.467,22.178
24.515625,4,85,4931.57,25.5529,1.09826,567.18,49.220,14.559,716.59,31.678,28.722,0.018047,0.046339,0.024573,21.537,22.178
24.519531,4,85,4948.16,25.7098,1.11366,577.06,49.203,14.613,718.98,31.682,28.725,0.066834,0.061513,0.031960,21.590,22.178
24.523438,4,85,4943.62,25.6893,1.09858,568.73,49.221,14.581,717.68,31.687,28.728,-0.024457,-0.064366,0.034977,21.441,22.178
24.527344,4,85,4930.09,25.3926,1.10519,570.59,49.192,14.524,714.48,31.691,28.731,0.012107,-0.002774,-0.028808,21.503,22.178
24.531250,4,85,4928.36,25.4639,1.09514,565.20,49.201,14.497,713.29,31.695,28.735,0.002366,0.035738,0.010382,21.617,22.178
24.535156,4,85,4926.18,25.5275,1.09133,562.98,49.231,14.554,716.52,31.699,28.738,0.000902,-0.009146,-0.018737,21.474,22.178
24.539063,4,85,4940.72,25.6342,1.11003,574.32,49.196,14.593,717.91,31.703,28.741,-0.040091,-0.035923,0.011805,21.519,22.178
24.542969,4,85,4935.08,25.6406,1.10219,569.61,49.169,14.602,717.96,31.708,28.745,-0.044050,-0.026476,0.001842,21.425,22.178
24.546875,4,85,4946.37,25.6557,1.10155,570.58,49.187,14.656,720.88,31.712,28.748,-0.033262,-0.052171,0.025692,21.459,22.178
24.550781,4,85,4946.55,25.6580,1.10572,572.77,49.191,14.668,721.55,31.716,28.751,0.031612,0.055860,0.030047,21.596,22.178
24.554688,4,85,4939.36,25.6068,1.10644,572.31,49.220,14.583,717.79,31.720,28.755,0.000229,-0.009158,-0.018289,21.475,22.178
24.558594,4,85,4940.49,25.6137,1.08407,560.86,49.181,14.656,720.79,31.724,28.758,0.071845,0.029292,0.002955,21.418,22.178
24.562500,4,85,4935.36,25.5219,1.09076,563.74,49.193,14.509,713.75,31.729,28.761,-0.001879,-0.011291,-0.017370,21.540,22.178
24.566406,4,85,4948.83,25.7606,1.09466,567.30,49.177,14.777,726.70,31.733,28.764,0.058001,0.004631,-0.021508,21.471,22.178
24.570313,4,85,4944.09,25.6542,1.09578,567.34,49.179,14.730,724.40,31.737,28.768,-0.033449,-0.058031,0.029203,21.506,22.178
24.574219,4,85,4957.16,25.7843,1.09503,568.45,49.175,14.774,726.53,31.742,28.771,0.033590,-0.000319,-0.035236,21.543,22.178
24.578125,4,85,4957.76,25.8170,1.10790,575.20,49.195,14.719,724.09,31.746,28.775,-0.049138,0.006441,-0.028953,21.506,22.178
24.582031,4,85,4952.59,25.7103,1.10432,572.74,49.199,14.613,718.93,31.750,28.778,0.057292,0.065082,0.034667,21.517,22.178
24.585938,4,85,4944.26,25.6750,1.10682,573.07,49.182,14.711,723.51,31.754,28.781,0.008373,0.039657,0.015484,21.490,22.178
24.589844,4,85,4943.61,25.7724,1.10574,572.43,49.216,14.634,720.25,31.759,28.784,0.038834,0.060361,0.030982,21.495,22.178
24.593750,4,85,4946.10,25.7294,1.10705,573.40,49.199,14.671,721.82,31.763,28.788,0.006597,-0.004895,-0.023758,21.549,22.178
24.597656,4,85,4954.68,25.7802,1.09451,567.89,49.194,14.650,720.68,31.767,28.791,0.062900,0.011790,-0.009139,21.626,22.177
24.601563,4,85,4945.16,25.7198,1.10907,574.34,49.211,14.615,719.22,31.771,28.794,-0.037118,-0.054064,0.022788,21.543,22.177
24.605469,4,85,4950.13,25.6054,1.09830,569.33,49.205,14.648,720.77,31.775,28.798,0.017851,0.046401,0.021251,21.484,22.177
24.609375,4,85,4947.21,25.7010,1.10117,570.48,49.204,14.749,725.71,31.780,28.801,0.071806,0.055415,0.027534,21.513,22.177
24.613281,4,85,4952.34,25.7210,1.10926,575.27,49.185,14.708,723.41,31.784,28.804,-0.019506,-0.062277,0.035245,21.430,22.177
24.617188,4,85,4956.93,25.8055,1.10612,574.17,49.183,14.839,729.81,31.788,28.808,-0.058185,-0.004498,-0.022856,21.554,22.177
24.621094,4,85,4948.65,25.7049,1.08945,564.58,49.208,14.672,721.99,31.793,28.811,-0.046314,-0.030617,0.006824,21.491,22.177
24.625000,4,85,4959.90,25.8851,1.09682,569.69,49.189,14.657,720.98,31.797,28.814,-0.033687,-0.055503,0.029254,21.553,22.177
24.628906,4,85,4949.83,25.7512,1.11804,579.53,49.210,14.646,720.73,31.801,28.817,-0.059713,0.003356,-0.033042,21.665,22.177
24.632813,4,85,4962.65,25.8719,1.10890,576.28,49.184,14.883,731.99,31.805,28.821,0.003122,-0.007004,-0.021508,21.636,22.177
24.636719,4,85,4956.82,25.6281,1.11164,577.03,49.190,14.811,728.53,31.810,28.824,0.029249,-0.006811,-0.033572,21.435,22.177
24.640625,4,85,4962.42,25.9017,1.10960,576.62,49.182,14.692,722.58,31.814,28.828,-0.017619,0.022475,0.000947,21.485,22.177
24.644531,4,85,4962.69,25.9486,1.09094,566.95,49.156,14.760,725.54,31.818,28.831,0.008007,-0.006914,-0.024501,21.541,22.177
24.648438,4,85,4959.98,25.8718,1.11212,577.64,49.201,14.721,724.29,31.822,28.834,-0.024928,-0.061862,0.034472,21.550,22.177
24.652344,4,85,4956.08,25.8022,1.08737,564.34,49.202,14.743,725.36,31.827,28.837,0.029158,-0.000751,-0.035014,21.606,22.177
24.656250,4,85,4962.05,25.8291,1.10226,572.76,49.199,14.818,729.03,31.831,28.841,0.062753,0.062711,0.030802,21.588,22.177
24.660156,4,85,4955.96,25.7654,1.09778,569.73,49.179,14.677,721.80,31.835,28.844,-0.036033,0.006734,-0.018120,21.614,22.177
24.664063,4,85,4955.62,25.8221,1.11632,579.32,49.195,14.810,728.56,31.839,28.847,0.066190,0.061342,0.035017,21.536,22.177
24.667969,4,85,4966.34,25.7345,1.11245,578.56,49.205,14.835,729.97,31.844,28.851,-0.060729,0.000638,-0.035783,21.740,22.177
24.671875,4,85,4968.21,25.8010,1.10726,576.07,49.189,14.714,723.75,31.848,28.854,-0.033587,0.009939,-0.014642,21.486,22.177
24.675781,4,85,4959.90,25.8635,1.10979,576.42,49.190,14.690,722.62,31.852,28.857,-0.058420,0.005209,-0.034669,21.588,22.177
24.679688,4,85,4968.06,25.8594,1.10644,575.63,49.208,14.680,722.37,31.856,28.861,-0.017172,-0.045552,0.020441,21.549,22.177
24.683594,4,85,4966.00,25.9026,1.11413,579.39,49.203,14.745,725.48,31.861,28.864,0.001091,0.034441,0.010719,21.662,22.177
24.687500,4,85,4967.09,25.8237,1.10690,575.76,49.179,14.907,733.12,31.865,28.867,-0.057023,-0.004986,-0.018329,21.631,22.177
24.691406,4,85,4965.62,25.8642,1.11201,578.24,49.179,14.776,726.65,31.869,28.871,-0.009870,-0.027081,0.002754,21.467,22.177
24.695313,4,85,4968.89,26.0248,1.12311,584.40,49.196,14.727,724.53,31.873,28.874,0.074410,0.052943,0.024829,21.612,22.177
24.699219,4,85,4964.49,25.8335,1.12305,583.85,49.176,14.697,722.74,31.878,28.877,-0.035620,-0.046755,0.020459,21.573,22.177
24.703125,4,85,4971.22,25.8486,1.10951,577.59,49.182,14.790,727.43,31.882,28.880,-0.058262,-0.004887,-0.019050,21.564,22.177
24.707031,4,85,4963.67,25.9101,1.10370,573.70,49.168,14.748,725.16,31.886,28.884,-0.011118,0.027798,0.003843,21.621,22.177
24.710938,4,85,4988.45,26.1151,1.12109,585.64,49.185,14.804,728.13,31.890,28.887,-0.014358,-0.037738,0.015974,21.702,22.177
24.714844,4,85,4960.23,25.9400,1.10553,574.25,49.186,14.720,724.05,31.894,28.890,0.075717,0.031605,0.002410,21.499,22.177
24.718750,4,85,4960.64,25.8821,1.10312,573.05,49.187,14.781,727.04,31.899,28.894,-0.044291,-0.031356,0.008117,21.613,22.177
24.722656,4,85,4967.43,25.8948,1.11328,579.12,49.205,14.754,725.99,31.903,28.897,-0.063457,0.000361,-0.032776,21.527,22.177
24.726563,4,85,4971.57,25.9348,1.12847,587.51,49.193,14.724,724.35,31.907,28.900,-0.062381,0.000870,-0.035364,21.562,22.176
24.730469,4,85,4974.54,25.8554,1.11120,578.86,49.201,14.772,726.78,31.911,28.903,0.009908,-0.004498,-0.027308,21.598,22.176
24.734375,4,85,4961.93,25.8940,1.11001,576.78,49.180,14.818,728.74,31.916,28.907,-0.013653,-0.046594,0.021962,21.530,22.176
24.738281,4,85,4977.60,26.0711,1.11442,580.89,49.199,14.736,725.00,31.920,28.910,0.043526,0.000465,-0.033412,21.671,22.176
24.742188,4,85,4973.51,25.9815,1.11840,582.49,49.148,14.860,730.33,31.924,28.913,-0.030530,0.012988,-0.013591,21.726,22.176
24.746094,4,85,4970.49,25.9922,1.10224,573.72,49.171,14.679,721.77,31.928,28.917,0.012328,0.042147,0.016600,21.672,22.176
24.750000,4,85,4983.62,26.0525,1.10458,576.46,49.171,14.890,732.14,31.932,28.920,-0.054480,-0.006673,-0.016028,21.773,22.176
24.753906,4,85,4974.85,26.0403,1.10526,575.80,49.212,14.674,722.14,31.937,28.923,-0.010921,-0.020774,-0.000560,21.627,22.176
24.757813,4,85,4967.77,26.0002,1.10568,575.20,49.184,14.749,725.39,31.941,28.926,-0.057967,0.000571,-0.031977,21.618,22.176
24.761719,4,85,4980.27,25.9984,1.11523,581.63,49.179,14.922,733.86,31.945,28.930,0.024399,-0.002940,-0.034973,21.793,22.176
24.765625,4,85,4973.46,25.9301,1.11089,578.57,49.200,14.845,730.40,31.949,28.933,-0.061778,0.005053,-0.034484,21.509,22.176
24.769531,4,85,4971.97,25.9290,1.10822,577.01,49.167,14.808,728.05,31.954,28.936,-0.022452,-0.061642,0.033746,21.715,22.176
24.773438,4,85,4988.48,26.0613,1.12896,589.76,49.187,14.859,730.86,31.958,28.940,-0.045965,-0.026701,0.001560,21.581,22.176
24.777344,4,85,4984.06,25.9847,1.11982,584.46,49.170,14.849,730.10,31.962,28.943,0.074085,0.031694,0.002176,21.726,22.176
24.781250,4,85,4978.73,26.1520,1.10544,576.34,49.174,14.735,724.59,31.966,28.946,0.028672,-0.000655,-0.034659,21.740,22.176
24.785156,4,85,4991.90,26.1764,1.10281,576.49,49.165,14.908,732.93,31.971,28.949,0.059002,0.065175,0.034983,21.698,22.176
24.789063,4,85,4983.05,26.0899,1.11994,584.41,49.181,14.799,727.82,31.975,28.953,-0.060427,-0.006943,-0.020930,21.659,22.176
24.792969,4,85,4975.88,26.0629,1.11763,582.36,49.188,14.844,730.12,31.979,28.956,0.070391,0.058800,0.029725,21.622,22.176
24.796875,4,85,4995.13,26.2205,1.12912,590.63,49.154,14.931,733.92,31.983,28.959,0.002322,-0.005345,-0.021843,21.812,22.176
24.800781,4,85,4975.80,26.1374,1.12429,585.83,49.162,14.827,728.94,31.988,28.963,-0.054168,-0.012713,-0.010856,21.659,22.176
24.804688,4,85,4984.68,26.0406,1.11380,581.40,49.180,14.860,730.79,31.992,28.966,-0.053228,-0.013313,-0.012066,21.735,22.176
24.808594,4,85,4981.98,26.0557,1.10596,576.99,49.173,14.992,737.19,31.996,28.969,-0.027069,0.015477,-0.008440,21.640,22.176
24.812500,4,85,4983.19,25.9842,1.11365,581.15,49.186,14.813,728.58,32.000,28.972,-0.059001,-0.005793,-0.019885,21.604,22.176
24.816406,4,85,4990.19,26.1991,1.11579,583.08,49.167,14.998,737.42,32.005,28.976,0.002224,0.033003,0.010167,21.571,22.176
24.820313,4,85,4989.82,26.1197,1.11214,581.13,49.162,14.915,733.26,32.009,28.979,0.076282,0.050608,0.020287,21.741,22.176
24.824219,4,85,4996.21,26.0997,1.11581,583.79,49.179,14.857,730.66,32.013,28.982,0.072537,0.058971,0.029765,21.714,22.176
24.828125,4,85,4980.89,26.0976,1.12843,588.59,49.191,14.787,727.41,32.017,28.986,0.066417,0.064252,0.033927,21.640,22.176
24.832031,4,85,4992.93,26.2927,1.11073,580.75,49.161,14.914,733.19,32.022,28.989,0.001190,-0.007022,-0.018293,21.671,22.176
24.835938,4,85,5001.93,26.2640,1.14039,597.34,49.162,15.005,737.66,32.026,28.992,-0.009371,-0.023176,0.002473,21.683,22.176
24.839844,4,85,4984.89,26.1158,1.12943,589.58,49.180,14.855,730.57,32.030,28.996,-0.051693,-0.011591,-0.015393,21.791,22.176
24.843750,4,85,4993.16,26.2267,1.12329,587.35,49.187,14.929,734.31,32.034,28.999,-0.012242,-0.034961,0.013061,21.760,22.176
24.847656,4,85,4999.64,26.2569,1.13225,592.80,49.199,14.989,737.45,32.039,29.002,-0.015359,-0.037423,0.019705,21.736,22.176
24.851563,4,85,4996.57,26.1879,1.12429,588.27,49.151,14.975,736.04,32.043,29.005,-0.023548,-0.059667,0.029839,21.656,22.176
24.855469,4,85,4983.98,25.9437,1.11112,579.92,49.172,14.850,730.21,32.047,29.009,-0.036902,-0.047783,0.020568,21.550,22.175
24.859375,4,85,4993.89,26.1855,1.13022,591.06,49.205,14.767,726.63,32.051,29.012,0.060467,0.066411,0.035133,21.620,22.175
24.863281,4,85,4988.76,26.3086,1.11866,584.41,49.177,14.911,733.30,32.056,29.015,0.043670,-0.000164,-0.027475,21.793,22.175
24.867188,4,85,4984.09,26.0916,1.11057,579.64,49.192,14.818,728.94,32.060,29.018,-0.040673,-0.036025,0.013277,21.734,22.175
24.871094,4,85,4997.09,26.2442,1.12800,590.27,49.203,14.818,729.11,32.064,29.022,0.007264,-0.006125,-0.025122,21.766,22.175
24.875000,4,85,4995.14,26.2246,1.13547,593.96,49.188,14.794,727.69,32.068,29.025,-0.038546,0.008309,-0.016870,21.747,22.175
24.878906,4,85,4980.17,26.0683,1.11174,579.80,49.193,14.849,730.50,32.072,29.028,0.028165,0.050520,0.025664,21.551,22.175
24.882813,4,85,4983.82,26.0830,1.12129,585.21,49.177,14.809,728.26,32.076,29.031,-0.055804,0.002913,-0.032821,21.668,22.175
24.886719,4,85,4995.83,26.2178,1.11456,583.10,49.167,14.997,737.33,32.081,29.035,0.076913,0.042108,0.017143,21.750,22.175
24.890625,4,85,4993.52,26.0947,1.11059,580.75,49.177,14.830,729.30,32.085,29.038,-0.016571,-0.052782,0.027868,21.807,22.175
24.894531,4,85,4996.52,26.2197,1.12266,587.41,49.201,14.817,729.00,32.089,29.041,0.066747,0.060904,0.032567,21.623,22.175
24.898438,4,85,4998.93,26.2146,1.12483,588.84,49.173,14.844,729.93,32.093,29.044,-0.001411,-0.012167,-0.011034,21.762,22.175
24.902344,4,85,4989.66,26.0805,1.13661,593.90,49.196,14.839,730.02,32.097,29.047,-0.038747,0.004456,-0.020682,21.694,22.175
24.906250,4,85,4996.14,26.2469,1.14164,597.30,49.180,14.945,734.99,32.102,29.051,-0.034402,0.009043,-0.015992,21.693,22.175
24.910156,4,85,4992.44,26.1537,1.12604,588.70,49.172,14.902,732.77,32.106,29.054,-0.047602,-0.020460,-0.002468,21.580,22.175
24.914063,4,85,4997.80,26.1172,1.11913,585.72,49.164,15.024,738.61,32.110,29.057,0.055883,0.003255,-0.024587,21.692,22.175
24.917969,4,85,4992.95,26.1418,1.12612,588.80,49.177,14.873,731.41,32.114,29.061,-0.021791,-0.067454,0.035225,21.868,22.175
24.921875,4,85,5004.09,26.3515,1.13501,594.77,49.182,14.997,737.56,32.119,29.064,-0.014653,-0.056781,0.027694,21.918,22.175
24.925781,4,85,4994.89,26.1448,1.13126,591.72,49.217,14.791,727.94,32.123,29.067,0.029269,0.050896,0.027967,21.754,22.175
24.929688,4,85,5001.25,26.2010,1.12081,587.00,49.170,14.937,734.45,32.127,29.070,0.009536,0.042812,0.016320,21.752,22.175
24.933594,4,85,5001.48,26.3250,1.13243,593.11,49.195,14.899,732.93,32.131,29.073,0.001402,-0.009152,-0.017543,21.847,22.175
24.937500,4,85,4999.01,26.2947,1.12625,589.59,49.172,14.914,733.36,32.135,29.077,-0.050850,-0.018356,-0.004837,21.743,22.175
24.941406,4,85,4990.61,26.2408,1.13477,593.05,49.190,14.870,731.45,32.139,29.080,-0.022890,-0.061374,0.033052,21.555,22.175
24.945313,4,85,5005.02,26.3201,1.13532,595.05,49.193,14.906,733.29,32.144,29.083,-0.054081,0.001828,-0.032291,21.774,22.175
24.949219,4,85,5012.03,26.3879,1.13250,594.40,49.177,14.816,728.58,32.148,29.086,0.068308,0.062735,0.033582,21.770,22.175
24.953125,4,85,4999.12,26.4099,1.12690,589.94,49.189,14.932,734.47,32.152,29.090,0.048858,0.063456,0.036399,21.763,22.175
24.957031,4,85,4991.13,26.1592,1.12941,590.31,49.179,14.919,733.70,32.156,29.093,0.051562,0.065336,0.031779,21.712,22.175
24.960938,4,85,5003.93,26.2373,1.10892,581.09,49.180,14.955,735.50,32.160,29.096,-0.049350,-0.020820,-0.001520,21.840,22.175
24.964844,4,85,5012.60,26.4298,1.11474,585.15,49.176,14.963,735.83,32.165,29.099,-0.035901,-0.049470,0.021209,21.892,22.175
24.968750,4,85,5008.03,26.2036,1.12972,592.47,49.162,14.918,733.41,32.169,29.103,0.052850,0.062082,0.035205,21.793,22.175
24.972656,4,85,5002.89,26.3627,1.13740,595.89,49.167,14.904,732.79,32.173,29.106,0.054234,0.005415,-0.023516,21.800,22.175
24.976563,4,85,5008.66,26.3888,1.12657,590.89,49.172,15.056,740.33,32.177,29.109,0.002509,0.038281,0.016905,21.858,22.174
24.980469,4,85,4990.48,26.0967,1.12342,587.10,49.160,14.955,735.16,32.181,29.112,-0.056732,-0.010119,-0.015282,21.738,22.174
24.984375,4,85,4996.72,26.2124,1.12392,588.10,49.182,14.869,731.28,32.186,29.115,-0.040218,-0.042207,0.013512,21.641,22.174
24.988281,4,85,5000.70,26.1070,1.11739,585.15,49.192,14.897,732.81,32.190,29.119,-0.034760,-0.047073,0.018960,21.776,22.174
24.992188,4,85,4996.30,26.1511,1.13276,592.67,49.177,14.784,727.05,32.194,29.122,0.076291,0.052068,0.025318,21.747,22.174
24.996094,4,85,5003.65,26.1699,1.13523,594.84,49.161,14.872,731.14,32.198,29.125,-0.016258,-0.058754,0.031594,21.700,22.174
25.000000,4,85,5012.67,26.4200,1.12635,591.25,49.177,14.883,731.88,32.202,29.128,-0.031887,-0.060999,0.032114,21.858,22.174
25.003906,4,85,5010.72,26.3157,1.12844,592.12,49.161,14.904,732.70,32.206,29.131,0.074559,0.060743,0.026608,21.769,22.174
25.007813,4,85,5007.44,26.3459,1.13498,595.16,49.150,14.852,729.98,32.210,29.134,0.060376,0.068324,0.036199,21.775,22.174
25.011719,4,85,5004.06,26.3070,1.13399,594.24,49.175,14.953,735.31,32.215,29.138,0.017567,0.046215,0.019032,21.790,22.174
25.015625,4,85,5009.35,26.3045,1.13076,593.17,49.167,14.960,735.55,32.219,29.141,-0.017052,-0.055033,0.027293,21.758,22.174
25.019531,4,85,5004.02,26.2568,1.12934,591.80,49.172,14.844,729.93,32.223,29.144,-0.035964,-0.052853,0.026398,21.794,22.174
25.023438,4,85,5004.16,26.3925,1.12615,590.14,49.170,14.956,735.39,32.227,29.147,0.026848,0.053434,0.025986,21.802,22.174
25.027344,4,85,5006.85,26.3021,1.12859,591.74,49.169,14.876,731.44,32.231,29.150,-0.011784,-0.031202,0.009978,21.832,22.174
25.031250,4,85,4998.95,26.3765,1.11083,581.51,49.183,14.883,731.97,32.235,29.154,-0.014437,-0.043399,0.020555,21.766,22.174
25.035156,4,85,5008.32,26.4365,1.12954,592.41,49.176,14.849,730.22,32.239,29.157,-0.052325,-0.011147,-0.011493,21.810,22.174
25.039063,4,85,5005.62,26.3140,1.13338,594.10,49.163,14.814,728.32,32.243,29.160,-0.023605,0.014640,-0.005541,21.835,22.174
25.042969,4,85,5012.20,26.4511,1.13798,597.30,49.177,15.122,743.66,32.248,29.163,0.019183,0.047039,0.024070,21.741,22.174
25.046875,4,85,5010.39,26.3875,1.12606,590.83,49.170,15.026,738.84,32.252,29.166,-0.020324,-0.067579,0.033022,21.794,22.174
25.050781,4,85,5014.26,26.3016,1.13508,596.02,49.169,15.022,738.60,32.256,29.170,-0.016522,-0.051912,0.025923,21.908,22.174
25.054688,4,85,5018.61,26.4713,1.13518,596.59,49.176,14.997,737.48,32.260,29.173,-0.042651,-0.044489,0.018458,21.844,22.174
25.058594,4,85,5008.84,26.3825,1.12026,587.60,49.161,14.937,734.30,32.264,29.176,-0.039260,0.006291,-0.020001,21.840,22.174
25.062500,4,85,5001.03,26.3567,1.12946,591.50,49.175,14.869,731.21,32.269,29.179,-0.004582,0.027030,0.006823,21.632,22.174
25.066406,4,85,5016.34,26.3359,1.14324,600.55,49.159,14.903,732.60,32.273,29.182,-0.045141,-0.029313,0.003612,21.848,22.174
25.070313,4,85,5000.49,26.3643,1.14428,599.20,49.174,14.927,734.05,32.277,29.185,0.003315,-0.005949,-0.020064,21.698,22.174
25.074219,4,85,5008.90,26.3612,1.10924,581.83,49.146,14.931,733.79,32.281,29.189,0.061588,0.010370,-0.015606,21.755,22.174
25.078125,4,85,5009.32,26.3165,1.12141,588.27,49.172,14.855,730.44,32.285,29.192,-0.056384,-0.011663,-0.016042,21.858,22.174
25.082031,4,85,5003.70,26.2460,1.13892,596.78,49.167,14.835,729.40,32.289,29.195,-0.052806,-0.017592,-0.006071,21.814,22.174
25.085938,4,85,5007.93,26.2963,1.13632,595.92,49.172,15.003,737.73,32.293,29.198,-0.064093,0.005580,-0.031873,21.877,22.174
25.089844,4,85,5000.39,26.1841,1.12326,588.18,49.198,14.812,728.70,32.297,29.201,0.004326,0.034945,0.012383,21.760,22.174
25.093750,4,85,5014.17,26.3751,1.12149,588.88,49.187,14.909,733.30,32.301,29.204,0.054596,0.065316,0.036998,21.651,22.174
25.097656,4,85,5014.68,26.3976,1.11941,587.84,49.152,14.977,736.16,32.306,29.207,-0.028143,-0.061601,0.032811,21.901,22.173
25.101563,4,85,5014.17,26.4299,1.14413,600.76,49.179,15.058,740.53,32.310,29.211,-0.052107,-0.012768,-0.009726,21.931,22.173
25.105469,4,85,5017.62,26.4887,1.12417,590.69,49.185,14.850,730.43,32.314,29.214,-0.013702,-0.042291,0.018124,21.915,22.173
25.109375,4,85,5018.33,26.3820,1.14941,604.04,49.186,15.031,739.33,32.318,29.217,0.073892,0.060275,0.031500,21.756,22.173
25.113281,4,85,5009.83,26.2982,1.13243,594.10,49.183,14.942,734.89,32.322,29.220,-0.047656,0.005060,-0.026620,21.750,22.173
25.117188,4,85,5022.49,26.5150,1.13168,595.21,49.178,14.918,733.63,32.326,29.223,-0.014221,-0.047505,0.022752,21.786,22.173
25.121094,4,85,5015.39,26.3389,1.12825,592.57,49.151,15.057,740.07,32.330,29.227,-0.056409,0.003580,-0.029689,21.775,22.173
25.125000,4,85,5023.50,26.4154,1.14378,601.70,49.173,15.032,739.19,32.335,29.230,-0.025438,-0.069854,0.031291,21.945,22.173
25.128906,4,85,5005.55,26.3377,1.11997,587.07,49.189,14.898,732.81,32.339,29.233,0.003067,-0.006376,-0.023938,21.686,22.173
25.132813,4,85,5014.90,26.4280,1.12162,589.03,49.182,14.979,736.68,32.343,29.236,-0.034026,-0.055794,0.024079,21.946,22.173
25.136719,4,85,5019.95,26.5059,1.12082,589.20,49.175,14.888,732.14,32.347,29.239,0.061848,0.060990,0.034663,21.816,22.173
25.140625,4,85,5008.78,26.3801,1.13613,595.92,49.178,14.874,731.46,32.351,29.242,-0.055662,-0.012241,-0.012779,21.768,22.173
25.144531,4,85,5020.55,26.5869,1.14513,602.05,49.191,14.956,735.72,32.355,29.245,0.010639,0.038819,0.015858,21.788,22.173
25.148438,4,85,5017.81,26.4936,1.12486,591.07,49.143,15.024,738.34,32.359,29.249,0.077231,0.040912,0.011771,21.764,22.173
25.152344,4,85,5014.26,26.3503,1.12463,590.54,49.179,15.024,738.88,32.363,29.252,0.021930,0.047103,0.020172,21.787,22.173
25.156250,4,85,5011.12,26.4543,1.13397,595.06,49.183,14.907,733.16,32.367,29.255,0.026454,0.053436,0.027369,21.921,22.173
25.160156,4,85,5027.47,26.5078,1.13189,595.91,49.197,15.001,738.02,32.372,29.258,0.072783,0.024134,0.003056,22.023,22.173
25.164063,4,85,5013.19,26.3824,1.13211,594.34,49.172,14.970,736.11,32.376,29.261,-0.018738,-0.061254,0.030964,21.819,22.173
25.167969,4,85,5015.08,26.3792,1.13103,593.99,49.178,14.962,735.81,32.380,29.264,-0.038820,-0.047704,0.018862,21.918,22.173
25.171875,4,85,5009.71,26.2996,1.12897,592.28,49.177,14.957,735.53,32.384,29.267,-0.055661,-0.011771,-0.013674,21.844,22.173
25.175781,4,85,5024.17,26.5892,1.13770,598.58,49.189,14.984,737.04,32.388,29.270,0.073204,0.058037,0.027471,21.962,22.173
25.179688,4,85,5019.79,26.4828,1.12532,591.55,49.175,15.050,740.08,32.392,29.274,-0.032879,-0.064109,0.029671,21.906,22.173
25.183594,4,85,5024.61,26.5566,1.14138,600.57,49.185,14.900,732.85,32.396,29.277,-0.008918,0.026928,0.006622,21.885,22.173
25.187500,4,85,5017.94,26.5194,1.14542,601.89,49.190,14.953,735.53,32.400,29.280,-0.014382,-0.037436,0.014074,21.792,22.173
25.191406,4,85,5006.29,26.3180,1.12107,587.73,49.160,15.015,738.12,32.404,29.283,-0.030240,0.009259,-0.011123,21.791,22.173
25.195313,4,85,5015.49,26.3093,1.12974,593.36,49.160,14.887,731.85,32.408,29.286,0.069475,0.062883,0.027055,21.810,22.173
25.199219,4,85,5016.25,26.5399,1.13339,595.37,49.162,14.991,736.99,32.413,29.289,-0.059207,-0.004023,-0.022317,21.792,22.173
25.203125,4,85,5020.89,26.5474,1.13382,596.15,49.181,15.026,738.99,32.417,29.292,0.037977,0.059563,0.027160,21.900,22.173
25.207031,4,85,5013.06,26.4571,1.12955,592.97,49.171,14.951,735.15,32.421,29.295,0.057649,0.066316,0.034426,21.628,22.173
25.210938,4,85,5014.21,26.3885,1.13749,597.28,49.173,15.025,738.82,32.425,29.299,-0.048894,0.005045,-0.030040,21.845,22.173
25.214844,4,85,5023.34,26.5519,1.13261,595.80,49.162,15.021,738.47,32.429,29.302,0.042612,0.061404,0.031494,21.795,22.173
25.218750,4,85,5004.01,26.3883,1.11880,586.27,49.154,14.935,734.11,32.433,29.305,0.058648,0.005479,-0.017628,21.878,22.172
25.222656,4,85,5020.68,26.4069,1.14620,602.63,49.168,15.000,737.52,32.437,29.308,-0.025396,-0.066987,0.033422,21.706,22.172
25.226563,4,85,5021.44,26.5918,1.12194,589.96,49.162,14.920,733.50,32.441,29.311,0.068792,0.010307,-0.011381,21.898,22.172
25.230469,4,85,5024.71,26.5343,1.12539,592.17,49.188,15.048,740.18,32.445,29.314,-0.024319,0.015486,-0.011509,21.833,22.172
25.234375,4,85,5020.25,26.5383,1.12616,592.05,49.186,14.993,737.45,32.449,29.317,0.008673,-0.002842,-0.026355,21.873,22.172
25.238281,4,85,5010.20,26.3490,1.12555,590.54,49.174,14.976,736.44,32.453,29.320,-0.014880,-0.031138,0.011040,21.755,22.172
25.242188,4,85,5024.53,26.5626,1.13495,597.17,49.152,15.017,738.13,32.458,29.323,-0.062186,0.004473,-0.034144,21.876,22.172
25.246094,4,85,5013.55,26.3016,1.13507,595.93,49.158,14.981,736.42,32.462,29.327,-0.019028,-0.059148,0.030762,21.839,22.172
25.250000,4,85,5027.03,26.4642,1.13139,595.60,49.189,14.941,734.92,32.466,29.330,-0.020244,-0.060140,0.033170,21.868,22.172
25.253906,4,85,5025.59,26.3977,1.13551,597.59,49.167,14.970,736.04,32.470,29.333,0.056355,0.001972,-0.025558,21.891,22.172
25.257813,4,85,5024.69,26.5577,1.14137,600.57,49.163,14.954,735.17,32.474,29.336,0.067009,0.016799,-0.005363,21.781,22.172
25.261719,4,85,5020.50,26.4563,1.13716,597.86,49.176,14.907,733.08,32.478,29.339,-0.058950,0.000412,-0.028921,21.751,22.172
25.265625,4,85,5016.96,26.4182,1.14978,604.06,49.181,15.059,740.63,32.482,29.342,-0.030459,-0.064747,0.031496,21.768,22.172
25.269531,4,85,5024.80,26.3632,1.13128,595.28,49.158,15.057,740.17,32.486,29.345,0.057815,0.006035,-0.014049,22.024,22.172
25.273438,4,85,5017.90,26.4025,1.13101,594.31,49.156,14.977,736.21,32.490,29.348,-0.039238,-0.045835,0.017285,21.830,22.172
25.277344,4,85,5014.35,26.3639,1.13202,594.43,49.168,14.898,732.50,32.494,29.351,-0.012928,-0.040872,0.015928,21.876,22.172
25.281250,4,85,5037.48,26.6362,1.14392,603.44,49.174,15.017,738.46,32.498,29.354,-0.024633,-0.068103,0.035480,21.908,22.172
25.285156,4,85,5027.52,26.5261,1.14274,601.63,49.194,15.046,740.18,32.502,29.357,-0.048664,-0.029536,0.004548,21.991,22.172
25.289063,4,85,5031.38,26.5948,1.13816,599.68,49.156,15.053,739.92,32.506,29.361,-0.031169,-0.049802,0.021211,21.856,22.172
25.292969,4,85,5025.60,26.5190,1.13230,595.90,49.166,15.075,741.18,32.510,29.364,-0.020996,-0.057600,0.029902,21.905,22.172
25.296875,4,85,5016.38,26.2590,1.12785,592.48,49.192,14.988,737.31,32.514,29.367,0.002309,0.034846,0.012339,21.925,22.172
25.300781,4,85,5027.16,26.5929,1.12860,594.15,49.180,14.971,736.28,32.518,29.370,-0.058834,0.003660,-0.032342,21.907,22.172
25.304688,4,85,5024.83,26.5062,1.13258,595.96,49.144,15.135,743.79,32.523,29.373,0.074340,0.027829,0.003740,21.987,22.172
25.308594,4,85,5031.94,26.6132,1.15847,610.45,49.164,14.932,734.12,32.527,29.376,-0.016617,-0.053323,0.026039,21.832,22.172
25.312500,4,85,5024.60,26.5339,1.13305,596.18,49.188,14.987,737.20,32.531,29.379,-0.060054,-0.002445,-0.019760,21.789,22.172
25.316406,4,85,5026.40,26.6422,1.14645,603.45,49.153,14.987,736.66,32.535,29.382,-0.059409,-0.000323,-0.036195,21.993,22.172
25.320313,4,85,5031.88,26.4871,1.12563,593.14,49.139,15.125,743.21,32.539,29.385,-0.014919,-0.034179,0.012492,21.875,22.172
25.324219,4,85,5031.60,26.5896,1.13897,600.13,49.145,15.114,742.79,32.543,29.388,-0.048673,-0.030386,0.006825,21.911,22.172
25.328125,4,85,5018.28,26.3394,1.13303,595.42,49.213,14.969,736.66,32.547,29.391,0.003116,-0.006142,-0.022880,21.899,22.172
25.332031,4,85,5026.28,26.5831,1.13801,598.99,49.161,15.149,744.74,32.551,29.395,0.068077,0.061816,0.033463,21.770,22.172
25.335938,4,85,5033.76,26.7035,1.14107,601.50,49.140,15.071,740.57,32.555,29.398,-0.023143,-0.068477,0.036979,21.900,22.171
25.339844,4,85,5020.96,26.5023,1.11911,588.42,49.154,14.947,734.71,32.559,29.401,-0.016731,-0.048641,0.023931,21.779,22.171
25.343750,4,85,5023.52,26.4878,1.13752,598.41,49.157,15.033,738.97,32.563,29.404,-0.036962,0.008169,-0.017610,21.738,22.171
25.347656,4,85,5016.00,26.3439,1.12237,589.55,49.173,14.952,735.21,32.567,29.407,0.050613,0.063955,0.037319,21.820,22.171
25.351563,4,85,5021.73,26.5296,1.12293,590.52,49.181,14.941,734.84,32.571,29.410,-0.064895,0.001476,-0.034526,21.828,22.171
25.355469,4,85,5022.35,26.4841,1.12963,594.12,49.154,15.060,740.24,32.575,29.413,-0.001874,-0.009768,-0.018001,21.771,22.171
25.359375,4,85,5011.90,26.3807,1.14168,599.21,49.160,14.894,732.21,32.579,29.416,0.032435,-0.003290,-0.032544,21.680,22.171
25.363281,4,85,5018.71,26.3024,1.12249,589.93,49.190,14.955,735.64,32.583,29.419,-0.015296,-0.054999,0.024386,21.847,22.171
25.367188,4,85,5021.21,26.5024,1.14500,602.06,49.157,15.113,742.92,32.587,29.422,-0.044649,0.008721,-0.020198,21.956,22.171
25.371094,4,85,5032.68,26.5442,1.14831,605.19,49.177,14.989,737.10,32.591,29.425,0.056610,0.064749,0.035170,21.891,22.171
25.375000,4,85,5028.19,26.5682,1.13985,600.19,49.178,15.016,738.43,32.595,29.428,-0.015948,-0.045182,0.021562,21.802,22.171
25.378906,4,85,5020.37,26.4529,1.14086,599.78,49.154,14.937,734.21,32.599,29.431,-0.018079,-0.053667,0.026648,21.795,22.171
25.382813,4,85,5035.38,26.6486,1.14517,603.85,49.168,15.050,739.99,32.603,29.434,0.073416,0.024893,0.000867,21.877,22.171
25.386719,4,85,5020.32,26.4655,1.13264,595.46,49.162,14.999,737.36,32.607,29.437,0.078726,0.048178,0.015165,21.797,22.171
25.390625,4,85,5031.28,26.5254,1.14475,603.14,49.160,15.097,742.17,32.611,29.440,0.071799,0.060838,0.028710,21.908,22.171
25.394531,4,85,5033.80,26.5566,1.15789,610.37,49.185,15.059,740.69,32.615,29.443,-0.015647,-0.050078,0.027904,21.897,22.171
25.398438,4,85,5031.00,26.5934,1.14503,603.25,49.162,15.029,738.85,32.619,29.446,-0.038811,-0.044004,0.017636,21.938,22.171
25.402344,4,85,5023.33,26.4635,1.13330,596.16,49.158,15.007,737.70,32.623,29.449,-0.057315,-0.011839,-0.015304,21.849,22.171
25.406250,4,85,5017.30,26.4165,1.13955,598.73,49.162,14.884,731.70,32.627,29.452,-0.012289,-0.046013,0.023981,21.761,22.171
25.410156,4,85,5025.50,26.5800,1.13032,594.85,49.139,15.008,737.48,32.631,29.455,0.032125,-0.003840,-0.031396,21.856,22.171
25.414063,4,85,5030.56,26.5835,1.15220,606.98,49.162,15.165,745.52,32.636,29.458,-0.062070,-0.000690,-0.031952,22.000,22.171
25.417969,4,85,5026.14,26.4578,1.13750,598.71,49.163,14.936,734.30,32.639,29.461,0.061696,0.008521,-0.013855,21.903,22.171
25.421875,4,85,5026.16,26.5117,1.14572,603.03,49.165,15.083,741.55,32.644,29.464,-0.023288,-0.069041,0.034153,21.886,22.171
25.425781,4,85,5023.32,26.5644,1.13800,598.64,49.135,15.039,738.96,32.648,29.467,-0.047323,-0.025413,-0.000154,21.807,22.171
25.429688,4,85,5020.51,26.4221,1.12747,592.76,49.181,15.010,738.20,32.652,29.470,-0.061194,0.002384,-0.035147,21.786,22.171
25.433594,4,85,5027.47,26.4774,1.13440,597.23,49.164,15.001,737.51,32.655,29.473,0.070382,0.063177,0.031514,21.960,22.171
25.437500,4,85,5021.36,26.4245,1.12692,592.58,49.142,14.895,731.96,32.659,29.476,-0.058867,-0.001370,-0.033295,21.928,22.171
25.441406,4,85,5023.86,26.5292,1.12355,591.10,49.167,15.026,738.78,32.663,29.479,0.061757,0.010426,-0.014968,21.895,22.171
25.445313,4,85,5038.49,26.5736,1.14834,605.90,49.198,15.071,741.46,32.667,29.482,-0.063206,-0.003089,-0.025701,21.983,22.171
25.449219,4,85,5030.58,26.5186,1.14389,602.60,49.146,15.119,743.02,32.671,29.486,-0.053314,-0.010095,-0.016111,21.894,22.171
25.453125,4,85,5012.44,26.3867,1.12729,591.72,49.198,14.880,732.08,32.675,29.488,0.011637,-0.005719,-0.029032,21.712,22.170
25.457031,4,85,5031.58,26.6881,1.13612,598.63,49.167,14.973,736.16,32.679,29.491,-0.060943,0.002128,-0.034762,21.940,22.170
25.460938,4,85,5021.53,26.4429,1.12559,591.89,49.181,14.937,734.61,32.683,29.494,-0.048788,0.004147,-0.028006,21.934,22.170
25.464844,4,85,5014.54,26.3869,1.14115,599.24,49.175,14.929,734.14,32.687,29.497,0.058768,0.009014,-0.017156,21.790,22.170
25.468750,4,85,5017.28,26.4040,1.12739,592.34,49.168,14.907,732.93,32.691,29.500,-0.055367,-0.012686,-0.012878,21.822,22.170
25.472656,4,85,5030.21,26.5062,1.12665,593.47,49.166,15.115,743.17,32.695,29.503,-0.018816,-0.064613,0.033333,21.925,22.170
25.476563,4,85,5034.89,26.5934,1.14355,602.94,49.167,14.975,736.30,32.699,29.506,-0.055413,0.005631,-0.033143,21.923,22.170
25.480469,4,85,5029.75,26.5817,1.13802,599.41,49.159,15.017,738.22,32.703,29.509,0.018264,0.048132,0.024354,21.773,22.170
25.484375,4,85,5035.20,26.6824,1.15034,606.56,49.125,15.152,744.34,32.707,29.512,-0.037123,-0.048748,0.023006,21.932,22.170
25.488281,4,85,5021.90,26.4957,1.13508,596.93,49.151,15.016,738.04,32.711,29.515,0.024859,-0.002177,-0.035627,21.954,22.170
25.492188,4,85,5034.47,26.5130,1.14089,601.49,49.171,15.185,746.67,32.715,29.518,0.010267,0.043099,0.016032,21.755,22.170
25.496094,4,85,5036.45,26.5809,1.13279,597.45,49.145,15.131,743.60,32.719,29.521,0.077812,0.043846,0.015502,21.983,22.170
25.500000,4,85,5024.53,26.4453,1.15093,605.58,49.166,14.839,729.54,32.723,29.524,-0.003183,-0.013905,-0.012008,21.796,22.170
25.503906,4,85,5028.46,26.5708,1.12875,594.38,49.149,15.031,738.76,32.727,29.527,-0.001127,-0.014164,-0.015762,21.827,22.170
25.507813,4,85,5023.50,26.5166,1.13487,597.01,49.173,15.034,739.28,32.731,29.530,-0.034458,-0.056126,0.024768,21.763,22.170
25.511719,4,85,5024.16,26.4851,1.13610,597.73,49.166,14.996,737.29,32.735,29.533,0.056221,0.009082,-0.019368,21.864,22.170
25.515625,4,85,5031.43,26.6075,1.14260,602.03,49.162,15.143,744.44,32.739,29.536,-0.040523,-0.039686,0.014152,21.923,22.170
25.519531,4,85,5043.34,26.6450,1.15433,609.64,49.150,15.180,746.09,32.743,29.539,0.049305,0.065724,0.034598,22.065,22.170
25.523438,4,85,5037.78,26.6888,1.14182,602.38,49.165,14.968,735.92,32.747,29.542,0.027828,0.055757,0.028512,21.917,22.170
25.527344,4,85,5036.17,26.6315,1.14790,605.39,49.168,15.054,740.19,32.751,29.545,-0.038853,-0.042548,0.018441,21.893,22.170
25.531250,4,85,5025.65,26.5098,1.13534,597.51,49.175,14.944,734.89,32.755,29.548,-0.014009,-0.052804,0.024987,21.849,22.170
25.535156,4,85,5036.83,26.6816,1.13564,599.00,49.152,15.118,743.08,32.759,29.551,-0.027307,-0.062383,0.032095,21.980,22.170
25.539063,4,85,5025.15,26.5397,1.14280,601.38,49.170,15.022,738.65,32.763,29.554,-0.010560,0.026732,0.005101,21.836,22.170
25.542969,4,85,5019.54,26.5450,1.13483,596.52,49.182,14.996,737.51,32.767,29.557,-0.043072,0.005453,-0.019982,21.845,22.170
25.546875,4,85,5037.01,26.6063,1.15545,609.47,49.154,15.046,739.58,32.771,29.560,-0.040307,-0.047004,0.016049,21.917,22.170
25.550781,4,85,5040.01,26.6834,1.15587,610.06,49.152,15.078,741.11,32.775,29.563,0.052796,0.000087,-0.028852,21.949,22.170
25.554688,4,85,5032.79,26.6387,1.13645,598.95,49.118,15.121,742.71,32.778,29.566,-0.019471,-0.054680,0.026544,21.923,22.170
25.558594,4,85,5028.09,26.5970,1.14070,600.62,49.146,15.069,740.60,32.782,29.569,-0.057135,0.003380,-0.031154,21.887,22.170
25.562500,4,85,5024.47,26.4336,1.14210,600.93,49.160,15.067,740.68,32.786,29.572,-0.032392,-0.053385,0.024647,21.817,22.170
25.566406,4,85,5027.55,26.5653,1.13331,596.67,49.199,14.950,735.52,32.790,29.575,0.048903,-0.003500,-0.027225,21.735,22.169
25.570313,4,85,5027.90,26.5641,1.13245,596.26,49.153,15.019,738.25,32.794,29.578,-0.057982,-0.005933,-0.019478,21.826,22.169
25.574219,4,85,5028.83,26.6177,1.13381,597.08,49.142,14.978,736.05,32.798,29.581,-0.010813,-0.030910,0.009265,21.870,22.169
25.578125,4,85,5026.90,26.4236,1.13885,599.51,49.144,15.093,741.72,32.802,29.584,0.000922,0.033931,0.012657,21.926,22.169
25.582031,4,85,5027.71,26.5724,1.14193,601.23,49.159,15.094,742.00,32.806,29.587,-0.034897,-0.050301,0.021576,21.741,22.169
25.585938,4,85,5032.34,26.5152,1.13202,596.56,49.173,15.128,743.87,32.810,29.590,-0.013580,0.021961,-0.000393,21.761,22.169
25.589844,4,85,5032.43,26.6422,1.13801,599.72,49.154,15.048,739.66,32.814,29.593,0.032576,-0.000676,-0.034958,21.971,22.169
25.593750,4,85,5039.25,26.7492,1.14113,602.18,49.135,15.050,739.48,32.818,29.596,-0.021528,-0.065175,0.033920,21.928,22.169
25.597656,4,85,5032.03,26.6209,1.13383,597.48,49.168,15.098,742.35,32.822,29.599,-0.065574,0.003340,-0.035741,21.982,22.169
25.601563,4,85,5027.72,26.4865,1.12907,594.46,49.154,15.028,738.67,32.826,29.601,0.041457,0.001423,-0.031969,21.745,22.169
25.605469,4,85,5030.45,26.6672,1.13801,599.49,49.139,15.075,740.75,32.830,29.604,-0.065201,-0.000138,-0.031592,21.748,22.169
25.609375,4,85,5033.09,26.6791,1.14035,601.04,49.185,15.056,740.55,32.834,29.607,0.064786,0.012937,-0.015119,21.838,22.169
25.613281,4,85,5026.92,26.4611,1.14014,600.19,49.188,14.870,731.43,32.837,29.610,-0.024876,0.016043,-0.007647,21.987,22.169
25.617188,4,85,5033.50,26.6267,1.14237,602.15,49.182,15.052,740.26,32.841,29.613,0.053348,0.066051,0.034148,21.755,22.169
25.621094,4,85,5027.65,26.5466,1.12506,592.34,49.158,14.868,730.91,32.845,29.616,-0.044951,0.006968,-0.020916,21.808,22.169
25.625000,4,85,5043.45,26.8581,1.13520,599.55,49.160,15.197,747.11,32.849,29.619,0.000049,0.029808,0.010869,21.913,22.169
25.628906,4,85,5040.34,26.6799,1.15139,607.73,49.164,15.087,741.77,32.853,29.622,-0.003753,0.031328,0.006193,22.009,22.169
25.632813,4,85,5029.10,26.5363,1.14746,604.31,49.164,15.042,739.54,32.857,29.625,-0.016373,-0.045773,0.019621,21.928,22.169
25.636719,4,85,5033.43,26.6405,1.14743,604.81,49.177,15.029,739.10,32.861,29.628,-0.042150,-0.039598,0.011705,21.918,22.169
25.640625,4,85,5035.02,26.6354,1.14280,602.56,49.171,15.137,744.31,32.865,29.631,-0.040065,-0.033939,0.007238,21.846,22.169
25.644531,4,85,5030.54,26.5286,1.13608,598.48,49.175,14.931,734.26,32.869,29.634,0.068198,0.065785,0.034773,21.993,22.169
25.648438,4,85,5035.14,26.6492,1.14691,604.74,49.171,15.097,742.35,32.873,29.636,0.006652,-0.005482,-0.024195,21.784,22.169
25.652344,4,85,5036.76,26.6826,1.13931,600.93,49.180,15.021,738.75,32.876,29.639,0.000254,-0.007701,-0.017724,21.935,22.169
25.656250,4,85,5035.87,26.7122,1.13206,597.00,49.139,15.122,743.09,32.880,29.642,0.014405,-0.001024,-0.032802,21.863,22.169
25.660156,4,85,5043.63,26.7612,1.13112,597.42,49.139,15.098,741.92,32.884,29.645,0.017154,0.042941,0.021574,21.917,22.169
25.664063,4,85,5019.39,26.4201,1.12940,593.65,49.165,14.913,733.18,32.888,29.648,-0.003613,0.029210,0.004641,21.825,22.169
25.667969,4,85,5021.35,26.5466,1.14069,599.81,49.187,15.017,738.62,32.892,29.651,0.074739,0.057849,0.030280,21.957,22.169
25.671875,4,85,5023.00,26.4473,1.12233,590.36,49.188,14.893,732.55,32.896,29.654,0.077008,0.045603,0.019051,21.814,22.169
25.675781,4,85,5042.84,26.7663,1.14107,602.58,49.190,15.040,739.83,32.900,29.657,0.000334,0.034543,0.011835,21.947,22.169
25.679688,4,85,5040.32,26.6484,1.14718,605.51,49.182,14.988,737.12,32.904,29.660,0.065802,0.011959,-0.013667,21.854,22.168
25.683594,4,85,5032.82,26.5725,1.12707,594.00,49.174,14.958,735.55,32.907,29.662,0.020628,-0.002418,-0.032911,21.969,22.168
25.687500,4,85,5038.31,26.7034,1.13520,598.94,49.150,15.058,740.11,32.911,29.665,0.031052,0.058089,0.027951,21.887,22.168
25.691406,4,85,5031.58,26.5442,1.13371,597.36,49.194,15.079,741.79,32.915,29.668,-0.012075,-0.032410,0.010416,21.796,22.168
25.695313,4,85,5024.34,26.4123,1.13946,599.53,49.151,15.001,737.29,32.919,29.671,-0.049761,-0.024354,0.001239,21.910,22.168
25.699219,4,85,5037.32,26.5867,1.14775,605.44,49.160,15.029,738.81,32.923,29.674,-0.025004,-0.063657,0.034840,21.865,22.168
25.703125,4,85,5028.59,26.6218,1.13889,599.73,49.153,14.990,736.82,32.927,29.677,0.075297,0.037790,0.010165,21.797,22.168
25.707031,4,85,5023.97,26.5357,1.14459,602.18,49.153,14.959,735.31,32.931,29.680,-0.015117,-0.054054,0.028009,21.854,22.168
25.710938,4,85,5025.08,26.5226,1.14801,604.11,49.142,14.990,736.62,32.934,29.682,0.026326,-0.001264,-0.034836,21.739,22.168
25.714844,4,85,5025.78,26.5789,1.13714,598.47,49.180,15.075,741.40,32.938,29.685,-0.014879,0.022642,-0.002929,21.897,22.168
25.718750,4,85,5035.72,26.7141,1.13966,600.99,49.143,15.245,749.19,32.942,29.688,-0.019446,-0.056764,0.032037,21.804,22.168
25.722656,4,85,5027.48,26.5429,1.13860,599.44,49.153,14.974,736.02,32.946,29.691,0.028446,0.000458,-0.034063,21.857,22.168
25.726563,4,85,5036.19,26.5207,1.14104,601.77,49.149,15.143,744.27,32.950,29.694,0.003498,-0.004872,-0.021770,21.840,22.168
25.730469,4,85,5031.22,26.5924,1.13646,598.77,49.203,15.010,738.56,32.954,29.697,-0.022748,-0.067400,0.034924,21.834,22.168
25.734375,4,85,5037.00,26.7013,1.13047,596.29,49.158,15.146,744.54,32.958,29.700,0.000981,-0.007751,-0.020867,21.911,22.168
25.738281,4,85,5035.07,26.6621,1.14791,605.26,49.157,15.079,741.22,32.962,29.703,-0.039302,0.006323,-0.018882,21.879,22.168
25.742188,4,85,5034.37,26.6285,1.13437,598.04,49.179,15.052,740.22,32.965,29.706,-0.026397,0.015187,-0.010098,21.957,22.168
25.746094,4,85,5028.51,26.4927,1.14404,602.43,49.173,14.988,737.01,32.969,29.708,-0.057695,-0.009993,-0.013821,21.889,22.168
25.750000,4,85,5037.98,26.6531,1.14682,605.03,49.172,14.981,736.67,32.973,29.711,0.075250,0.056940,0.029743,21.937,22.168
25.753906,4,85,5030.03,26.4515,1.14219,601.64,49.169,15.042,739.60,32.977,29.714,0.043877,0.064786,0.033284,21.838,22.168
25.757813,4,85,5040.07,26.6843,1.13348,598.25,49.183,15.016,738.52,32.981,29.717,-0.044722,-0.028154,0.005668,21.925,22.168
25.761719,4,85,5038.06,26.5745,1.12919,595.74,49.184,15.023,738.89,32.985,29.720,0.074668,0.048074,0.022753,21.871,22.168
25.765625,4,85,5037.40,26.6443,1.13847,600.56,49.133,15.123,743.02,32.988,29.723,0.072758,0.028926,0.002569,21.950,22.168
25.769531,4,85,5038.40,26.6867,1.12883,595.59,49.169,15.146,744.71,32.992,29.726,-0.016248,0.023270,0.002345,21.977,22.168
25.773438,4,85,5038.83,26.7616,1.13797,600.46,49.147,15.252,749.60,32.996,29.729,-0.008652,-0.029807,0.006097,21.860,22.168
25.777344,4,85,5042.30,26.5715,1.14887,606.64,49.201,14.942,735.17,33.000,29.731,0.039807,0.000948,-0.029312,21.899,22.168
25.781250,4,85,5031.03,26.5771,1.14368,602.54,49.184,15.033,739.40,33.004,29.734,-0.059052,-0.001945,-0.023936,21.879,22.168
25.785156,4,85,5041.27,26.6718,1.14684,605.44,49.179,15.266,750.79,33.008,29.737,-0.014065,-0.042741,0.020802,22.046,22.168
25.789063,4,85,5025.84,26.4731,1.13593,597.85,49.163,15.046,739.73,33.012,29.740,0.071689,0.027106,0.003099,21.923,22.167
25.792969,4,85,5022.62,26.6335,1.14390,601.65,49.190,14.966,736.20,33.015,29.743,0.074437,0.052788,0.025819,21.794,22.167
25.796875,4,85,5038.15,26.7102,1.14979,606.62,49.170,14.978,736.46,33.019,29.746,0.074318,0.051012,0.024742,21.920,22.167
25.800781,4,85,5032.21,26.5922,1.13238,596.73,49.170,14.975,736.33,33.023,29.748,-0.037550,0.009290,-0.016818,21.845,22.167
25.804688,4,85,5033.47,26.4774,1.14647,604.31,49.134,15.149,744.34,33.027,29.751,-0.064754,0.001544,-0.031064,21.862,22.167
25.808594,4,85,5026.22,26.5330,1.14897,604.75,49.164,14.982,736.56,33.031,29.754,0.010202,0.041196,0.016149,21.865,22.167
25.812500,4,85,5026.47,26.7081,1.13625,598.09,49.177,15.118,743.44,33.035,29.757,-0.002098,-0.015411,-0.011323,21.916,22.167
25.816406,4,85,5041.38,26.7090,1.14636,605.20,49.172,15.024,738.74,33.038,29.760,0.073479,0.038282,0.013531,21.967,22.167
25.820313,4,85,5035.72,26.7020,1.12773,594.70,49.171,15.091,742.04,33.042,29.763,0.049488,0.063042,0.034002,21.933,22.167
25.824219,4,85,5039.85,26.6908,1.13488,598.96,49.151,15.076,741.02,33.046,29.765,0.077222,0.041777,0.011560,22.014,22.167
25.828125,4,85,5033.88,26.5282,1.15090,606.69,49.153,15.085,741.46,33.050,29.768,-0.028027,0.014116,-0.010881,21.842,22.167
25.832031,4,85,5033.19,26.6996,1.14749,604.81,49.155,15.107,742.61,33.054,29.771,-0.008160,0.026497,0.001419,21.956,22.167
25.835938,4,85,5032.64,26.5784,1.13727,599.36,49.188,15.009,738.28,33.057,29.774,0.044244,0.060883,0.031590,21.887,22.167
25.839844,4,85,5046.49,26.7296,1.14931,607.37,49.144,15.055,739.89,33.061,29.777,0.022174,-0.000177,-0.031674,21.936,22.167
25.843750,4,85,5036.67,26.7147,1.12613,593.96,49.174,15.008,738.02,33.065,29.780,-0.008458,-0.015739,-0.005471,22.000,22.167
25.847656,4,85,5033.45,26.6862,1.14110,601.48,49.161,15.130,743.82,33.069,29.782,0.007353,-0.004430,-0.026799,21.936,22.167
25.851563,4,85,5028.13,26.6515,1.12995,594.97,49.173,15.019,738.53,33.073,29.785,-0.002615,-0.008476,-0.015103,21.760,22.167
25.855469,4,85,5033.09,26.5211,1.13967,600.68,49.151,15.191,746.66,33.077,29.788,-0.051246,0.004377,-0.026820,21.985,22.167
25.859375,4,85,5027.18,26.4889,1.14772,604.21,49.208,14.920,734.18,33.080,29.791,-0.033868,-0.044361,0.019129,21.861,22.167
25.863281,4,85,5032.20,26.5924,1.13753,599.44,49.153,15.139,744.13,33.084,29.794,0.075306,0.044201,0.019128,21.838,22.167
25.867188,4,85,5027.73,26.6212,1.13165,595.82,49.173,14.963,735.76,33.088,29.796,-0.021018,-0.066159,0.036605,21.857,22.167
25.871094,4,85,5030.09,26.6683,1.12404,592.09,49.200,14.945,735.31,33.092,29.799,-0.041482,0.007339,-0.021436,21.850,22.167
25.875000,4,85,5029.76,26.5747,1.15272,607.16,49.171,15.083,741.66,33.095,29.802,0.061122,0.064336,0.036073,21.802,22.167
25.878906,4,85,5031.95,26.5064,1.13797,599.65,49.181,15.035,739.43,33.099,29.805,0.016165,-0.003341,-0.031915,21.875,22.167
25.882813,4,85,5035.11,26.6795,1.15066,606.71,49.172,14.975,736.36,33.103,29.807,0.046860,0.062559,0.032833,21.764,22.167
25.886719,4,85,5042.49,26.7382,1.13922,601.56,49.187,15.115,743.46,33.107,29.810,-0.020553,-0.063234,0.030585,21.931,22.167
25.890625,4,85,5030.97,26.6502,1.14161,601.45,49.140,15.099,741.97,33.110,29.813,-0.035355,0.008588,-0.015019,21.909,22.167
25.894531,4,85,5036.49,26.5828,1.13774,600.07,49.162,15.154,744.99,33.114,29.816,-0.030500,-0.056681,0.030267,21.843,22.167
25.898438,4,85,5038.77,26.5766,1.14815,605.83,49.149,15.097,742.02,33.118,29.819,-0.023451,0.016999,-0.010135,21.927,22.166
25.902344,4,85,5035.93,26.6398,1.14643,604.58,49.173,15.027,738.93,33.122,29.822,0.037164,0.060424,0.029734,21.873,22.166
25.906250,4,85,5034.98,26.5185,1.14056,601.38,49.180,15.005,737.97,33.126,29.824,-0.010609,0.024840,0.003884,21.923,22.166
25.910156,4,85,5023.02,26.4789,1.13647,597.79,49.204,14.975,736.81,33.129,29.827,0.073560,0.062770,0.028308,21.811,22.166
25.914063,4,85,5030.62,26.5875,1.13438,597.60,49.171,15.052,740.11,33.133,29.830,-0.053010,-0.010277,-0.012496,21.983,22.166
25.917969,4,85,5036.18,26.7275,1.14980,606.39,49.153,15.094,741.90,33.137,29.833,-0.007537,-0.025104,0.004027,21.785,22.166
25.921875,4,85,5026.93,26.4628,1.15021,605.49,49.161,14.938,734.38,33.141,29.835,-0.062610,0.004493,-0.031832,21.783,22.166
25.925781,4,85,5044.93,26.7141,1.14214,603.40,49.174,15.164,745.68,33.144,29.838,-0.042973,0.007231,-0.022097,21.812,22.166
25.929688,4,85,5029.59,26.4965,1.13572,598.18,49.168,15.075,741.22,33.148,29.841,-0.022895,-0.068671,0.033275,21.901,22.166
25.933594,4,85,5030.27,26.6151,1.13036,595.44,49.176,14.968,736.06,33.152,29.844,0.068185,0.018759,-0.004087,21.960,22.166
25.937500,4,85,5030.36,26.5334,1.14294,602.08,49.182,15.070,741.17,33.156,29.846,-0.022092,-0.069786,0.032598,21.914,22.166
25.941406,4,85,5023.95,26.4966,1.12439,591.55,49.191,15.018,738.77,33.159,29.849,0.075908,0.053568,0.025340,21.885,22.166
25.945313,4,85,5028.69,26.5941,1.13352,596.92,49.169,14.996,737.35,33.163,29.852,-0.019814,-0.051822,0.026992,21.905,22.166
25.949219,4,85,5041.78,26.6972,1.13392,598.68,49.183,15.008,738.16,33.167,29.855,-0.013941,-0.046482,0.020217,22.064,22.166
25.953125,4,85,5044.14,26.6067,1.14599,605.34,49.163,15.032,739.03,33.171,29.857,-0.057830,0.004033,-0.033823,21.895,22.166
25.957031,4,85,5031.77,26.5044,1.13807,599.68,49.162,15.097,742.22,33.174,29.860,-0.060162,0.000939,-0.036318,21.887,22.166
25.960938,4,85,5036.53,26.7083,1.13085,596.44,49.168,15.043,739.64,33.178,29.863,0.070040,0.019355,-0.003838,21.885,22.166
25.964844,4,85,5030.42,26.5691,1.14835,604.93,49.153,14.986,736.60,33.182,29.866,-0.044762,0.006448,-0.021814,21.823,22.166
25.968750,4,85,5041.74,26.6576,1.14712,605.64,49.150,15.220,748.06,33.186,29.869,0.071877,0.057652,0.029216,21.939,22.166
25.972656,4,85,5027.44,26.4476,1.15113,606.04,49.182,15.094,742.35,33.189,29.871,0.053938,0.002018,-0.026199,21.945,22.166
25.976563,4,85,5028.88,26.5920,1.13510,597.77,49.185,14.941,734.87,33.193,29.874,0.066759,0.017797,-0.003295,21.770,22.166
25.980469,4,85,5036.10,26.5618,1.13437,598.24,49.148,15.072,740.76,33.197,29.877,-0.039698,-0.041729,0.012170,21.851,22.166
25.984375,4,85,5030.91,26.5151,1.13424,597.56,49.177,14.993,737.32,33.200,29.879,-0.056082,-0.005751,-0.019157,21.870,22.166
25.988281,4,85,5032.63,26.6170,1.13032,595.70,49.174,15.067,740.90,33.204,29.882,-0.062361,0.001658,-0.036362,21.867,22.166
25.992188,4,85,5039.63,26.6923,1.14691,605.28,49.192,14.889,732.41,33.208,29.885,0.073841,0.034430,0.010594,21.943,22.166
25.996094,4,85,5051.92,26.8662,1.14539,605.95,49.151,15.130,743.68,33.212,29.888,-0.060452,0.005806,-0.033694,22.020,22.166
26.000000,4,85,5046.55,26.7150,1.13872,601.79,49.142,15.112,742.64,33.215,29.890,-0.061103,0.003153,-0.034812,21.889,22.166
26.003906,4,85,5042.90,26.7148,1.15237,608.55,49.152,15.108,742.60,33.219,29.893,-0.022883,-0.068192,0.036972,21.950,22.165
26.007813,4,85,5049.04,26.8281,1.14525,605.53,49.153,15.101,742.26,33.223,29.896,-0.022433,-0.065906,0.034619,22.092,22.165
26.011719,4,85,5035.74,26.5112,1.14732,605.03,49.185,14.972,736.41,33.227,29.899,0.073664,0.054472,0.025904,21.881,22.165
26.015625,4,85,5044.42,26.7648,1.12876,596.27,49.181,15.225,748.76,33.230,29.901,0.064925,0.013594,-0.013076,21.979,22.165
26.019531,4,85,5039.68,26.6864,1.14712,605.40,49.171,15.084,741.69,33.234,29.904,-0.014094,-0.046679,0.022075,21.959,22.165
26.023438,4,85,5032.81,26.5074,1.12448,592.64,49.183,15.020,738.73,33.238,29.907,-0.058691,0.001715,-0.031485,21.823,22.165
26.027344,4,85,5037.42,26.5497,1.14263,602.76,49.165,15.065,740.66,33.242,29.910,0.075429,0.037963,0.011924,21.899,22.165
26.031250,4,85,5021.76,26.4540,1.12180,589.93,49.188,14.884,732.13,33.245,29.912,-0.051990,-0.021164,-0.003414,21.935,22.165
26.035156,4,85,5025.48,26.4222,1.13956,599.71,49.182,15.061,740.71,33.249,29.915,-0.036557,-0.050260,0.021409,21.876,22.165
26.039063,4,85,5020.90,26.4581,1.13685,597.74,49.167,15.022,738.57,33.253,29.918,0.008599,0.041043,0.017394,21.798,22.165
26.042969,4,85,5033.70,26.6608,1.13762,599.67,49.162,15.061,740.41,33.256,29.920,-0.052012,0.004030,-0.028584,21.906,22.165
26.046875,4,85,5042.91,26.6883,1.13460,599.17,49.165,15.138,744.28,33.260,29.923,0.070776,0.025966,0.002295,21.962,22.165
26.050781,4,85,5036.58,26.7019,1.14595,604.41,49.178,14.987,737.03,33.264,29.926,-0.060614,-0.000241,-0.027996,21.952,22.165
26.054688,4,85,5037.27,26.6452,1.14680,604.94,49.121,15.070,740.28,33.267,29.929,-0.000579,-0.009955,-0.015404,21.923,22.165
26.058594,4,85,5044.03,26.6931,1.14098,602.68,49.188,15.109,743.16,33.271,29.931,-0.038560,-0.038137,0.013204,21.874,22.165
26.062500,4,85,5036.38,26.5126,1.13631,599.30,49.142,15.082,741.14,33.275,29.934,-0.043127,-0.035992,0.008676,21.807,22.165
26.066406,4,85,5036.02,26.5926,1.14041,601.42,49.148,15.052,739.78,33.279,29.937,-0.063145,0.000896,-0.031585,21.869,22.165
26.070313,4,85,5038.54,26.7463,1.14525,604.27,49.155,14.987,736.69,33.282,29.939,0.051358,-0.001709,-0.028178,21.914,22.165
26.074219,4,85,5040.37,26.7661,1.12621,594.44,49.146,15.026,738.48,33.286,29.942,0.004817,-0.003674,-0.023462,21.826,22.165
26.078125,4,85,5040.30,26.7325,1.13758,600.44,49.162,15.085,741.61,33.290,29.945,-0.046483,-0.026015,0.003765,22.003,22.165
26.082031,4,85,5034.87,26.6809,1.14666,604.57,49.153,14.986,736.60,33.293,29.947,-0.038947,-0.044001,0.016434,21.933,22.165
26.085938,4,85,5044.28,26.6955,1.15484,610.02,49.196,15.145,745.08,33.297,29.950,0.055401,0.068933,0.034969,22.031,22.165
26.089844,4,85,5044.33,26.7766,1.13711,600.67,49.164,15.072,741.02,33.301,29.953,-0.006372,-0.011950,-0.006408,21.994,22.165
26.093750,4,85,5039.14,26.6804,1.14471,604.06,49.162,15.091,741.89,33.304,29.956,-0.014273,-0.045587,0.018771,21.990,22.165
26.097656,4,85,5032.60,26.6498,1.14579,603.84,49.175,15.095,742.29,33.308,29.958,0.005936,0.035387,0.013205,21.797,22.165
26.101563,4,85,5052.09,26.8683,1.15998,613.69,49.143,15.043,739.28,33.312,29.961,-0.064564,0.001397,-0.031387,22.089,22.165
26.105469,4,85,5041.76,26.7254,1.14148,602.67,49.189,15.133,744.38,33.315,29.964,-0.030152,-0.057523,0.031561,21.978,22.165
26.109375,4,85,5036.22,26.7036,1.15656,609.96,49.148,15.113,742.79,33.319,29.966,-0.020087,-0.061104,0.030877,21.890,22.165
26.113281,4,85,5041.61,26.6481,1.14562,604.84,49.156,15.240,749.15,33.323,29.969,0.067148,0.018694,-0.006253,21.830,22.164
26.117188,4,85,5043.31,26.6433,1.16258,614.00,49.157,15.191,746.75,33.327,29.972,0.044010,0.002018,-0.028204,21.967,22.164
26.121094,4,85,5047.34,26.7758,1.14993,607.80,49.175,15.140,744.51,33.330,29.975,0.014187,-0.004669,-0.028494,21.861,22.164
26.125000,4,85,5036.21,26.5133,1.12914,595.50,49.157,15.158,745.15,33.334,29.977,-0.057975,0.003957,-0.030692,21.859,22.164
26.128906,4,85,5035.68,26.6325,1.14934,606.09,49.170,15.034,739.21,33.338,29.980,-0.017693,0.023368,-0.001142,21.786,22.164
26.132813,4,85,5031.74,26.5236,1.14650,604.12,49.164,15.151,744.91,33.341,29.983,-0.018081,-0.062667,0.033684,21.805,22.164
26.136719,4,85,5043.27,26.7902,1.14336,603.84,49.141,15.197,746.78,33.345,29.986,-0.038334,0.009258,-0.018417,21.913,22.164
26.140625,4,85,5042.55,26.5907,1.14139,602.72,49.179,15.196,747.34,33.349,29.988,-0.029569,0.013193,-0.011476,22.091,22.164
26.144531,4,85,5032.17,26.5295,1.13532,598.28,49.164,15.072,740.99,33.353,29.991,-0.051566,-0.010749,-0.013274,21.950,22.164
26.148438,4,85,5040.89,26.6660,1.15463,609.50,49.162,15.093,741.98,33.356,29.994,-0.054536,0.001454,-0.030945,21.844,22.164
26.152344,4,85,5035.62,26.6904,1.13772,599.95,49.188,15.012,738.39,33.360,29.996,-0.047079,0.001824,-0.023748,21.853,22.164
26.156250,4,85,5043.25,26.8116,1.15615,610.60,49.167,15.171,745.91,33.364,29.999,-0.019490,-0.059111,0.033597,21.898,22.164
26.160156,4,85,5033.22,26.5706,1.13872,600.19,49.136,15.135,743.68,33.367,30.002,-0.015369,-0.042882,0.017631,22.083,22.164
26.164063,4,85,5036.62,26.6139,1.14050,601.54,49.183,14.927,734.16,33.371,30.004,0.034374,-0.001128,-0.033308,21.858,22.164
26.167969,4,85,5044.54,26.6952,1.13784,601.08,49.164,15.131,743.91,33.375,30.007,0.066329,0.066564,0.034623,21.868,22.164
26.171875,4,85,5032.36,26.5645,1.13739,599.39,49.189,15.006,738.15,33.378,30.010,0.068456,0.066075,0.034226,21.779,22.164
26.175781,4,85,5044.26,26.7259,1.14430,604.46,49.167,15.073,741.07,33.382,30.012,-0.030220,-0.061715,0.026686,21.931,22.164
26.179688,4,85,5029.58,26.6560,1.15368,607.64,49.157,15.116,743.05,33.386,30.015,-0.019335,-0.059848,0.034039,21.898,22.164
26.183594,4,85,5044.03,26.8214,1.15568,610.44,49.146,15.049,739.61,33.389,30.018,0.079165,0.036888,0.008543,21.911,22.164
26.187500,4,85,5033.41,26.5580,1.13305,597.23,49.194,14.914,733.68,33.393,30.020,-0.054820,0.001847,-0.027520,21.815,22.164
26.191406,4,85,5022.60,26.4645,1.12819,593.39,49.163,14.929,733.98,33.396,30.023,-0.008008,-0.034464,0.013705,21.873,22.164
26.195313,4,85,5037.75,26.6555,1.14622,604.69,49.176,15.142,744.62,33.400,30.025,-0.004728,-0.012913,-0.012572,21.902,22.164
26.199219,4,85,5035.82,26.7439,1.13605,599.10,49.184,14.989,737.23,33.404,30.028,-0.037545,0.007809,-0.018047,21.918,22.164
26.203125,4,85,5044.19,26.7446,1.14834,606.59,49.164,14.978,736.37,33.407,30.031,-0.046200,0.004600,-0.022991,21.997,22.164
26.207031,4,85,5033.99,26.5472,1.14344,602.77,49.151,15.091,741.71,33.411,30.033,-0.060888,-0.000380,-0.024661,21.888,22.164
26.210938,4,85,5039.51,26.7177,1.13594,599.48,49.129,15.108,742.23,33.414,30.036,-0.015219,-0.046981,0.020992,21.933,22.164
26.214844,4,85,5045.36,26.7038,1.14671,605.86,49.162,15.189,746.71,33.418,30.039,0.006753,-0.008762,-0.028031,21.976,22.163
26.218750,4,85,5030.61,26.5108,1.14471,603.04,49.178,15.000,737.64,33.422,30.041,0.051754,-0.001152,-0.023750,21.955,22.163
26.222656,4,85,5030.69,26.4444,1.15531,608.63,49.170,15.039,739.45,33.425,30.044,-0.034867,-0.054451,0.024354,21.867,22.163
26.226563,4,85,5034.24,26.6017,1.12886,595.12,49.163,15.122,743.42,33.429,30.047,-0.018746,-0.048344,0.023299,21.831,22.163
26.230469,4,85,5021.05,26.4831,1.13243,595.43,49.149,14.923,733.46,33.433,30.049,0.054813,0.065619,0.035371,21.674,22.163
26.234375,4,85,5036.81,26.6207,1.13562,598.99,49.141,15.007,737.47,33.436,30.052,0.042500,-0.003309,-0.033326,21.908,22.163
26.238281,4,85,5035.91,26.6005,1.13401,598.03,49.141,15.133,743.64,33.440,30.054,0.065727,0.011601,-0.012254,21.899,22.163
26.242188,4,85,5035.44,26.6048,1.14823,605.47,49.151,15.228,748.47,33.443,30.057,0.017910,-0.000952,-0.032368,21.795,22.163
26.246094,4,85,5029.99,26.5678,1.14792,604.65,49.176,15.095,742.30,33.447,30.060,0.038599,-0.001741,-0.033340,21.823,22.163
26.250000,4,85,5033.10,26.6007,1.14388,602.90,49.164,15.046,739.71,33.451,30.062,-0.000833,0.035753,0.013958,21.888,22.163
26.253906,4,85,5040.91,26.6940,1.13493,599.11,49.187,15.030,739.30,33.454,30.065,-0.052780,-0.013205,-0.011656,21.941,22.163
26.257813,4,85,5032.32,26.6758,1.13127,596.16,49.131,15.093,741.52,33.458,30.068,0.040800,-0.001395,-0.031994,21.885,22.163
26.261719,4,85,5048.72,26.8859,1.13827,601.80,49.151,15.176,745.92,33.462,30.070,-0.063016,0.003368,-0.031480,21.856,22.163
26.265625,4,85,5042.63,26.7640,1.14239,603.25,49.185,14.961,735.84,33.465,30.073,-0.013386,-0.029051,0.006196,21.943,22.163
26.269531,4,85,5044.18,26.7280,1.13829,601.28,49.135,15.159,744.87,33.469,30.075,-0.012102,-0.027899,0.006670,21.925,22.163
26.273438,4,85,5041.13,26.6084,1.12452,593.64,49.131,15.160,744.85,33.472,30.078,-0.010902,-0.026625,0.003848,22.069,22.163
26.277344,4,85,5028.88,26.6877,1.13815,599.38,49.196,14.876,731.84,33.476,30.081,-0.006418,-0.012845,-0.008128,21.882,22.163
26.281250,4,85,5038.21,26.6128,1.15415,608.93,49.168,15.107,742.78,33.480,30.083,-0.056845,0.003965,-0.035974,21.925,22.163
26.285156,4,85,5033.39,26.5155,1.14145,601.65,49.150,15.105,742.43,33.483,30.086,0.045296,0.063714,0.032726,21.896,22.163
26.289063,4,85,5052.93,26.8584,1.15641,611.90,49.179,15.028,739.07,33.487,30.088,-0.019479,0.018281,-0.002473,22.019,22.163
26.292969,4,85,5030.55,26.6797,1.12629,593.32,49.180,14.997,737.56,33.490,30.091,-0.012712,-0.028681,0.005356,21.951,22.163
26.296875,4,85,5034.27,26.5743,1.13891,600.42,49.156,15.134,743.93,33.494,30.094,-0.004929,-0.015669,-0.010817,21.902,22.163
26.300781,4,85,5036.95,26.6159,1.13081,596.47,49.148,15.040,739.19,33.497,30.096,-0.026607,0.014413,-0.010613,21.982,22.163
26.304688,4,85,5034.72,26.5871,1.13923,600.64,49.161,15.094,742.02,33.501,30.099,0.047325,0.001778,-0.026773,21.955,22.163
26.308594,4,85,5044.05,26.7588,1.13449,599.25,49.146,15.214,747.71,33.505,30.101,-0.043187,-0.028145,0.003277,21.842,22.163
26.312500,4,85,5043.42,26.7547,1.14513,604.79,49.183,14.947,735.14,33.508,30.104,-0.056343,-0.006702,-0.018514,22.018,22.163
26.316406,4,85,5040.20,26.6940,1.16234,613.49,49.181,15.111,743.18,33.512,30.107,-0.040642,-0.044122,0.015202,21.904,22.163
26.320313,4,85,5032.92,26.6284,1.13510,598.25,49.146,14.964,735.44,33.515,30.109,-0.063098,0.003383,-0.030889,21.833,22.162
26.324219,4,85,5036.56,26.6456,1.15913,611.36,49.171,15.036,739.35,33.519,30.112,-0.050681,-0.011399,-0.007177,21.958,22.162
26.328125,4,85,5036.39,26.6299,1.14592,604.37,49.163,15.032,739.02,33.522,30.114,0.006180,0.035144,0.013034,21.927,22.162
26.332031,4,85,5035.17,26.6012,1.13447,598.19,49.169,14.988,736.95,33.526,30.117,-0.062540,0.001493,-0.025457,21.946,22.162
26.335938,4,85,5037.27,26.5539,1.14179,602.29,49.163,15.146,744.65,33.530,30.119,0.029071,0.053760,0.025358,21.837,22.162
26.339844,4,85,5031.41,26.5012,1.13360,597.28,49.140,15.058,739.94,33.533,30.122,-0.060354,-0.000843,-0.028449,21.936,22.162
26.343750,4,85,5038.36,26.6914,1.14898,606.22,49.166,15.001,737.52,33.537,30.125,0.078639,0.045474,0.019823,21.978,22.162
26.347656,4,85,5046.27,26.7414,1.13401,599.26,49.196,15.057,740.73,33.540,30.127,-0.012718,0.026345,0.002850,21.962,22.162
26.351563,4,85,5038.52,26.6609,1.14950,606.52,49.180,14.989,737.15,33.544,30.130,-0.049790,0.003507,-0.026541,21.855,22.162
26.355469,4,85,5043.72,26.6046,1.14127,602.79,49.155,15.127,743.58,33.547,30.132,-0.013015,-0.040573,0.015497,21.881,22.162
26.359375,4,85,5040.00,26.6917,1.14545,604.55,49.140,15.222,747.99,33.551,30.135,0.076880,0.030939,0.006582,21.958,22.162
26.363281,4,85,5036.85,26.7127,1.13614,599.27,49.165,15.194,747.00,33.555,30.138,0.071202,0.056307,0.025078,21.880,22.162
26.367188,4,85,5033.70,26.5859,1.13060,595.97,49.201,14.974,736.75,33.558,30.140,0.060228,0.068841,0.034507,21.847,22.162
26.371094,4,85,5029.66,26.5810,1.13433,597.46,49.145,15.066,740.45,33.562,30.143,-0.029028,-0.056232,0.029084,21.898,22.162
26.375000,4,85,5039.20,26.5805,1.14512,604.28,49.145,14.997,737.02,33.565,30.145,0.074334,0.048290,0.022952,21.967,22.162
26.378906,4,85,5041.68,26.7127,1.14117,602.50,49.156,14.973,736.03,33.569,30.148,-0.023067,-0.062697,0.033269,21.893,22.162
26.382813,4,85,5036.26,26.6496,1.13617,599.21,49.191,14.915,733.70,33.572,30.150,-0.015297,-0.048687,0.023856,21.851,22.162
26.386719,4,85,5035.81,26.7582,1.14751,605.14,49.156,15.151,744.77,33.576,30.153,-0.035089,-0.052622,0.023797,21.936,22.162
26.390625,4,85,5032.54,26.5957,1.14637,604.14,49.150,15.197,746.95,33.579,30.155,-0.015936,-0.056175,0.030371,21.888,22.162
26.394531,4,85,5033.62,26.5108,1.14046,601.16,49.162,15.012,738.01,33.583,30.158,0.022648,-0.003282,-0.032475,21.918,22.162
26.398438,4,85,5051.59,26.7202,1.14133,603.76,49.163,15.160,745.32,33.586,30.161,-0.019735,-0.063284,0.036725,21.972,22.162
26.402344,4,85,5041.02,26.7234,1.15129,607.76,49.164,15.044,739.65,33.590,30.163,0.056128,0.005697,-0.020432,21.937,22.162
26.406250,4,85,5046.75,26.7712,1.14242,603.76,49.155,15.147,744.55,33.594,30.166,0.063479,0.063258,0.032632,22.046,22.162
26.410156,4,85,5037.70,26.6634,1.15522,609.43,49.150,15.110,742.68,33.597,30.168,-0.006537,-0.017086,-0.005994,21.923,22.162
26.414063,4,85,5034.12,26.6265,1.12672,593.97,49.168,15.059,740.43,33.601,30.171,0.075192,0.027047,0.006257,21.961,22.162
26.417969,4,85,5048.46,26.6914,1.15076,608.37,49.148,15.141,744.14,33.604,30.173,-0.062528,0.006669,-0.033553,22.012,22.162
26.421875,4,85,5039.11,26.7111,1.15150,607.64,49.151,15.068,740.62,33.608,30.176,0.039760,0.060929,0.031862,22.006,22.161
26.425781,4,85,5052.00,26.8626,1.14649,606.54,49.163,15.098,742.24,33.611,30.178,0.045467,0.061784,0.031058,21.981,22.161
26.429688,4,85,5035.93,26.6611,1.14779,605.30,49.174,14.996,737.42,33.615,30.181,0.037234,-0.002027,-0.034470,21.970,22.161
26.433594,4,85,5040.88,26.6328,1.14408,603.94,49.162,15.153,744.95,33.618,30.184,-0.065147,0.000517,-0.033998,21.866,22.161
26.437500,4,85,5045.11,26.7837,1.14855,606.80,49.169,15.124,743.65,33.622,30.186,0.017189,0.043993,0.019700,21.963,22.161
26.441406,4,85,5034.93,26.6746,1.14098,601.59,49.162,14.908,732.92,33.625,30.189,-0.060718,0.003914,-0.033912,22.025,22.161
26.445313,4,85,5029.68,26.5316,1.13303,596.77,49.170,15.005,737.78,33.629,30.191,-0.057260,0.003720,-0.033416,21.842,22.161
26.449219,4,85,5035.18,26.6286,1.13705,599.55,49.169,14.965,735.82,33.632,30.194,-0.029486,-0.060975,0.030049,21.995,22.161
26.453125,4,85,5028.89,26.5878,1.14554,603.27,49.159,15.033,738.98,33.636,30.196,0.075271,0.043638,0.013971,21.895,22.161
26.457031,4,85,5039.32,26.7779,1.13034,596.50,49.168,15.060,740.47,33.639,30.199,0.064760,0.069304,0.031232,21.974,22.161
26.460938,4,85,5045.13,26.6949,1.15044,607.80,49.137,15.112,742.53,33.643,30.201,0.001632,0.033440,0.011093,21.899,22.161
26.464844,4,85,5043.59,26.6119,1.13838,601.25,49.164,15.081,741.43,33.646,30.204,-0.026297,-0.055187,0.027175,22.017,22.161
26.468750,4,85,5037.91,26.6824,1.14876,606.05,49.183,15.006,738.05,33.650,30.206,-0.009449,-0.024259,-0.000267,21.998,22.161
26.472656,4,85,5049.54,26.8471,1.14674,606.38,49.147,15.189,746.48,33.653,30.209,-0.036016,0.009963,-0.016092,21.856,22.161
26.476563,4,85,5042.79,26.6382,1.13108,597.30,49.163,15.151,744.87,33.657,30.211,0.052637,0.003295,-0.021859,21.904,22.161
26.480469,4,85,5038.78,26.7223,1.13191,597.26,49.164,15.090,741.89,33.660,30.214,-0.063119,0.005776,-0.035669,21.844,22.161
26.484375,4,85,5042.01,26.6559,1.14957,606.97,49.183,15.067,741.03,33.664,30.216,-0.020462,-0.067203,0.037041,21.902,22.161
26.488281,4,85,5046.41,26.7002,1.14737,606.34,49.150,15.084,741.35,33.667,30.219,-0.060970,0.001960,-0.032999,21.942,22.161
26.492188,4,85,5034.64,26.6531,1.14911,605.84,49.154,15.139,744.13,33.671,30.221,0.001864,0.033618,0.011584,21.963,22.161
26.496094,4,85,5039.79,26.6616,1.14870,606.24,49.179,15.065,740.90,33.675,30.224,-0.023623,-0.063748,0.034918,21.871,22.161
26.500000,4,85,5034.19,26.6269,1.13798,599.92,49.155,15.120,743.23,33.678,30.226,-0.004726,-0.014684,-0.007107,21.877,22.161
26.503906,4,85,5028.68,26.5312,1.14790,604.49,49.191,14.998,737.75,33.681,30.229,0.027572,-0.002722,-0.035662,21.952,22.161
26.507813,4,85,5033.07,26.6383,1.13162,596.44,49.173,15.120,743.48,33.685,30.231,-0.024594,-0.066180,0.032390,21.996,22.161
26.511719,4,85,5038.80,26.5948,1.15664,610.31,49.148,15.051,739.71,33.688,30.234,-0.007002,-0.024883,0.003597,21.850,22.161
26.515625,4,85,5040.94,26.6819,1.13976,601.66,49.161,15.026,738.71,33.692,30.236,-0.056042,-0.010992,-0.010975,21.842,22.161
26.519531,4,85,5041.39,26.6673,1.14278,603.31,49.161,15.133,743.94,33.695,30.239,0.055887,0.004904,-0.022140,21.926,22.161
26.523438,4,85,5042.84,26.6566,1.12727,595.29,49.176,15.106,742.86,33.699,30.241,0.065722,0.011885,-0.006373,21.851,22.160
26.527344,4,85,5032.49,26.4931,1.12449,592.61,49.155,15.175,745.93,33.703,30.244,-0.002499,0.031799,0.010315,21.924,22.160
26.531250,4,85,5035.59,26.6960,1.12983,595.79,49.152,14.980,736.32,33.706,30.246,-0.042745,-0.038429,0.010650,21.968,22.160
26.535156,4,85,5054.48,26.8443,1.16047,614.24,49.152,15.152,744.73,33.709,30.249,0.017646,-0.003713,-0.032855,21.899,22.160
26.539063,4,85,5034.70,26.6812,1.14748,604.99,49.159,15.068,740.72,33.713,30.251,-0.027129,0.018556,-0.007016,22.029,22.160
26.542969,4,85,5044.28,26.6752,1.13715,600.68,49.161,15.137,744.13,33.716,30.254,-0.016116,-0.044538,0.021377,21.893,22.160
26.546875,4,85,5041.76,26.5867,1.14793,606.07,49.179,15.019,738.63,33.720,30.256,-0.050874,-0.017747,-0.006213,22.080,22.160
26.550781,4,85,5040.06,26.5979,1.15062,607.29,49.164,15.104,742.59,33.723,30.259,0.037024,-0.000345,-0.030956,21.998,22.160
26.554688,4,85,5048.40,26.7542,1.14209,603.78,49.164,15.114,743.04,33.727,30.261,0.033455,-0.004125,-0.033673,22.021,22.160
26.558594,4,85,5036.08,26.7505,1.14352,603.07,49.168,15.054,740.15,33.730,30.264,0.075644,0.031914,0.006612,21.900,22.160
26.562500,4,85,5032.52,26.6385,1.14962,605.86,49.156,15.101,742.29,33.734,30.266,-0.023968,0.018441,-0.007735,21.829,22.160
26.566406,4,85,5022.57,26.5151,1.12887,593.74,49.166,15.024,738.66,33.737,30.269,-0.057712,0.004413,-0.030437,21.910,22.160
26.570313,4,85,5036.30,26.6318,1.14347,603.07,49.170,15.001,737.60,33.741,30.271,0.052413,0.002641,-0.025543,21.887,22.160
26.574219,4,85,5042.95,26.6842,1.13208,597.85,49.165,15.066,740.70,33.744,30.274,-0.018790,-0.061247,0.031579,21.887,22.160
26.578125,4,85,5026.89,26.6276,1.14166,600.99,49.186,15.059,740.69,33.748,30.276,-0.060476,-0.003232,-0.019212,21.928,22.160
26.582031,4,85,5034.77,26.6230,1.15018,606.42,49.167,14.957,735.38,33.751,30.279,-0.021859,-0.064667,0.035141,21.963,22.160
26.585938,4,85,5023.54,26.4451,1.13560,597.40,49.174,14.896,732.49,33.754,30.281,-0.029902,0.012875,-0.009800,21.929,22.160
26.589844,4,85,5040.11,26.5842,1.14361,603.60,49.178,14.968,736.12,33.758,30.283,-0.026238,-0.064220,0.033198,21.865,22.160
26.593750,4,85,5042.05,26.7172,1.14754,605.90,49.146,15.114,742.77,33.761,30.286,-0.064403,0.000365,-0.028879,22.001,22.160
26.597656,4,85,5029.82,26.6793,1.12881,594.57,49.144,15.153,744.67,33.765,30.288,-0.046514,-0.031808,0.004230,21.746,22.160
26.601563,4,85,5031.37,26.5334,1.14180,601.60,49.169,15.116,743.26,33.768,30.291,-0.048227,-0.022633,0.002043,21.978,22.160
26.605469,4,85,5034.00,26.5888,1.13291,597.22,49.164,15.022,738.51,33.772,30.293,0.073686,0.025392,0.002909,21.830,22.160
26.609375,4,85,5034.42,26.6851,1.14868,605.59,49.172,15.058,740.44,33.775,30.296,-0.049313,-0.021218,-0.006894,21.826,22.160
26.613281,4,85,5047.71,26.7532,1.14491,605.19,49.167,15.166,745.65,33.779,30.298,-0.026504,0.016907,-0.008568,21.907,22.160
26.617188,4,85,5036.62,26.7504,1.13502,598.65,49.180,15.029,739.13,33.782,30.301,0.019452,-0.000645,-0.033383,21.944,22.160
26.621094,4,85,5043.62,26.6212,1.15327,609.12,49.194,14.947,735.31,33.785,30.303,-0.060200,-0.003250,-0.026565,22.012,22.160
26.625000,4,85,5029.14,26.6001,1.14720,604.17,49.185,15.060,740.70,33.789,30.306,-0.044573,-0.034533,0.009310,21.837,22.159
26.628906,4,85,5035.62,26.6884,1.15340,608.22,49.175,15.090,742.05,33.792,30.308,-0.046081,0.005115,-0.026380,22.055,22.159
26.632813,4,85,5044.92,26.8077,1.14537,605.10,49.169,15.088,741.84,33.796,30.310,0.021951,-0.003918,-0.036081,21.883,22.159
26.636719,4,85,5044.25,26.7385,1.14016,602.27,49.157,15.150,744.71,33.799,30.313,0.011017,-0.003107,-0.030110,21.859,22.159
26.640625,4,85,5029.40,26.5247,1.14399,602.51,49.160,14.950,734.94,33.802,30.315,0.069367,0.066211,0.034038,21.922,22.159
26.644531,4,85,5033.62,26.6323,1.14464,603.36,49.131,15.146,744.12,33.806,30.318,0.038255,-0.001667,-0.034267,21.874,22.159
26.648438,4,85,5046.25,26.8478,1.15457,610.13,49.149,15.080,741.15,33.809,30.320,0.058344,0.006878,-0.017269,22.043,22.159
26.652344,4,85,5036.47,26.6983,1.13908,600.77,49.150,15.043,739.37,33.813,30.323,0.064532,0.015215,-0.013753,21.956,22.159
26.656250,4,85,5039.03,26.6440,1.14409,603.72,49.169,15.186,746.68,33.816,30.325,-0.044817,-0.024085,0.000602,21.961,22.159
26.660156,4,85,5052.81,26.9289,1.15313,610.16,49.168,15.076,741.26,33.820,30.328,0.075300,0.053157,0.023369,21.966,22.159
26.664063,4,85,5050.78,26.7104,1.13799,601.90,49.152,15.182,746.23,33.823,30.330,-0.022319,-0.069471,0.033322,21.981,22.159
26.667969,4,85,5037.51,26.5722,1.14415,603.57,49.182,15.010,738.22,33.827,30.332,0.014679,0.048360,0.018795,21.897,22.159
26.671875,4,85,5041.94,26.5930,1.13295,598.19,49.162,15.114,743.05,33.830,30.335,0.038315,-0.004153,-0.033029,21.966,22.159
26.675781,4,85,5040.70,26.6346,1.13490,599.07,49.168,15.134,744.08,33.833,30.337,0.056883,0.068533,0.034083,22.068,22.159
26.679688,4,85,5039.10,26.7571,1.14526,604.35,49.163,14.972,736.06,33.837,30.340,-0.048107,-0.027367,0.007960,21.891,22.159
26.683594,4,85,5040.06,26.6229,1.16022,612.36,49.167,15.104,742.62,33.840,30.342,-0.009506,-0.019538,-0.000804,21.908,22.159
26.687500,4,85,5037.79,26.7972,1.13763,600.16,49.155,15.065,740.51,33.844,30.345,-0.063403,-0.001527,-0.027539,22.024,22.159
26.691406,4,85,5039.69,26.6920,1.15333,608.68,49.162,15.024,738.63,33.847,30.347,-0.022840,0.018935,-0.005416,21.920,22.159
26.695313,4,85,5028.11,26.5060,1.14123,600.91,49.172,14.961,735.64,33.850,30.349,0.071003,0.062787,0.032676,21.764,22.159
26.699219,4,85,5039.06,26.6402,1.14737,605.46,49.176,15.043,739.75,33.854,30.352,0.034240,-0.002682,-0.036008,21.934,22.159
26.703125,4,85,5040.85,26.7665,1.13527,599.28,49.161,15.071,740.92,33.857,30.354,-0.009425,-0.017028,-0.008444,22.020,22.159
26.707031,4,85,5045.99,26.6496,1.14086,602.84,49.141,15.085,741.29,33.861,30.357,0.049250,0.062947,0.032254,21.878,22.159
26.710938,4,85,5054.86,26.7790,1.14708,607.20,49.176,15.235,749.21,33.864,30.359,0.022757,-0.004441,-0.033869,21.920,22.159
26.714844,4,85,5044.04,26.6970,1.14185,603.14,49.154,15.049,739.70,33.867,30.362,-0.060178,0.005561,-0.033648,21.980,22.159
26.718750,4,85,5039.82,26.6630,1.14102,602.19,49.157,15.124,743.42,33.871,30.364,0.043098,-0.003342,-0.032080,21.875,22.159
26.722656,4,85,5040.39,26.6747,1.14470,604.20,49.158,14.951,734.95,33.874,30.366,-0.053637,0.007030,-0.027797,22.002,22.158
26.726563,4,85,5032.13,26.5777,1.14738,604.63,49.166,15.009,737.95,33.878,30.369,-0.017589,-0.052856,0.028819,21.979,22.158
26.730469,4,85,5035.68,26.5802,1.12674,594.17,49.152,15.115,742.93,33.881,30.371,-0.009630,-0.018392,-0.006815,21.942,22.158
26.734375,4,85,5039.28,26.7047,1.14767,605.64,49.152,15.107,742.56,33.884,30.374,0.012843,-0.003799,-0.028852,21.867,22.158
26.738281,4,85,5043.59,26.6665,1.14194,603.13,49.142,15.118,742.95,33.888,30.376,-0.029440,-0.063151,0.034401,21.909,22.158
26.742188,4,85,5032.87,26.5886,1.14260,602.20,49.163,15.117,743.19,33.891,30.378,0.078581,0.043177,0.017028,21.922,22.158
26.746094,4,85,5040.51,26.7356,1.13849,600.94,49.142,15.109,742.48,33.895,30.381,-0.043336,0.006884,-0.020513,21.949,22.158
26.750000,4,85,5043.43,26.8111,1.14748,606.04,49.187,15.032,739.38,33.898,30.383,-0.017845,-0.055764,0.028152,21.921,22.158
26.753906,4,85,5049.37,26.6395,1.15236,609.33,49.167,15.141,744.45,33.901,30.386,-0.016487,-0.044613,0.020181,22.100,22.158
26.757813,4,85,5031.40,26.6803,1.14167,601.53,49.147,15.057,740.00,33.905,30.388,-0.065261,0.004769,-0.033998,21.782,22.158
26.761719,4,85,5024.06,26.5466,1.13189,595.51,49.184,14.985,737.02,33.908,30.390,-0.052490,0.003061,-0.030790,21.940,22.158
26.765625,4,85,5046.13,26.7545,1.15168,608.58,49.132,15.257,749.62,33.912,30.393,0.040313,0.060706,0.033771,22.000,22.158
26.769531,4,85,5037.15,26.7811,1.14767,605.39,49.166,15.088,741.80,33.915,30.395,0.013438,-0.005362,-0.032628,21.861,22.158
26.773438,4,85,5031.82,26.6199,1.13298,597.00,49.175,14.957,735.51,33.918,30.398,0.026658,-0.002336,-0.031734,21.902,22.158
26.777344,4,85,5036.13,26.6888,1.14278,602.68,49.167,15.145,744.61,33.922,30.400,-0.018015,-0.064774,0.034313,21.909,22.158
26.781250,4,85,5035.13,26.5704,1.13789,599.99,49.169,15.085,741.72,33.925,30.402,-0.007656,-0.020894,-0.002456,21.916,22.158
26.785156,4,85,5039.69,26.6592,1.14100,602.17,49.182,15.082,741.77,33.928,30.405,-0.062000,0.001169,-0.033670,21.949,22.158
26.789063,4,85,5042.58,26.5993,1.13334,598.47,49.160,15.009,737.83,33.932,30.407,-0.004473,-0.017682,-0.007294,21.986,22.158
26.792969,4,85,5047.57,26.7438,1.15211,608.98,49.163,15.275,750.95,33.935,30.410,0.005698,0.040624,0.014811,21.858,22.158
26.796875,4,85,5033.47,26.6279,1.13173,596.54,49.167,15.039,739.43,33.939,30.412,0.024964,0.050147,0.026046,21.902,22.158
26.800781,4,85,5045.89,26.7898,1.14020,602.48,49.155,15.011,737.88,33.942,30.414,-0.045875,0.005038,-0.022621,21.891,22.158
26.804688,4,85,5036.98,26.7082,1.14616,604.57,49.182,15.089,742.13,33.945,30.417,0.058763,0.009761,-0.016301,22.101,22.158
26.808594,4,85,5048.75,26.7409,1.14089,603.19,49.167,15.044,739.66,33.949,30.419,-0.061005,0.006341,-0.035101,22.037,22.158
26.812500,4,85,5032.51,26.5428,1.12558,593.19,49.175,14.976,736.43,33.952,30.421,-0.040627,0.006623,-0.018333,21.898,22.158
26.816406,4,85,5042.30,26.6859,1.14879,606.59,49.156,15.198,747.06,33.955,30.424,-0.027067,-0.065153,0.034258,21.978,22.158
26.820313,4,85,5035.08,26.6388,1.14777,605.19,49.190,15.111,743.31,33.959,30.426,-0.050369,-0.021052,-0.003705,21.976,22.157
26.824219,4,85,5044.58,26.6814,1.14462,604.67,49.167,15.053,740.09,33.962,30.429,0.044707,0.002090,-0.029251,22.011,22.157
26.828125,4,85,5032.76,26.5594,1.14587,603.91,49.156,15.048,739.69,33.965,30.431,0.029942,-0.001949,-0.034770,21.936,22.157
26.832031,4,85,5036.69,26.6159,1.15504,609.22,49.141,15.141,744.06,33.969,30.433,0.002693,-0.006705,-0.017264,21.867,22.157
26.835938,4,85,5044.43,26.6107,1.15015,607.57,49.174,15.035,739.32,33.972,30.436,0.071270,0.026150,-0.000648,21.946,22.157
26.839844,4,85,5037.60,26.7438,1.13677,599.69,49.132,15.041,739.01,33.975,30.438,-0.011274,-0.033326,0.008938,21.916,22.157
26.843750,4,85,5047.43,26.6877,1.14270,603.99,49.125,15.244,748.84,33.979,30.440,0.075197,0.021761,0.002568,21.931,22.157
26.847656,4,85,5056.53,26.8905,1.16000,614.24,49.146,15.081,741.15,33.982,30.443,-0.024789,-0.065854,0.032652,22.093,22.157
26.851563,4,85,5037.85,26.5927,1.13097,596.66,49.159,15.042,739.44,33.985,30.445,-0.022409,-0.067847,0.035832,21.834,22.157
26.855469,4,85,5031.82,26.6217,1.13636,598.78,49.153,15.112,742.80,33.989,30.447,0.073078,0.027270,-0.001345,21.945,22.157
26.859375,4,85,5052.40,26.7538,1.14995,608.42,49.160,15.133,743.93,33.992,30.450,-0.053792,-0.006720,-0.015509,22.048,22.157
26.863281,4,85,5044.98,26.6626,1.13433,599.28,49.180,15.116,743.42,33.996,30.452,-0.057110,-0.007948,-0.018301,21.985,22.157
26.867188,4,85,5035.39,26.6320,1.14014,601.20,49.192,15.183,746.90,33.999,30.455,-0.062234,0.000860,-0.028158,21.810,22.157
26.871094,4,85,5030.98,26.6137,1.13006,595.37,49.157,15.189,746.66,34.002,30.457,0.076856,0.057338,0.027476,21.971,22.157
26.875000,4,85,5047.49,26.8229,1.13674,600.85,49.151,15.119,743.11,34.006,30.459,-0.057965,0.004411,-0.032639,21.955,22.157
26.878906,4,85,5050.11,26.9583,1.16046,613.71,49.134,15.234,748.49,34.009,30.462,0.016485,0.000395,-0.031587,21.989,22.157
26.882813,4,85,5043.92,26.7857,1.13839,601.29,49.161,15.164,745.47,34.013,30.464,-0.037546,0.010347,-0.019008,21.971,22.157
26.886719,4,85,5042.66,26.6430,1.13863,601.27,49.145,15.127,743.42,34.016,30.467,-0.045464,-0.034860,0.009984,21.963,22.157
26.890625,4,85,5033.99,26.5107,1.13427,597.94,49.150,15.094,741.85,34.019,30.469,0.071810,0.061679,0.029334,21.835,22.157
26.894531,4,85,5028.42,26.5237,1.13136,595.75,49.167,15.164,745.56,34.023,30.471,-0.013389,0.023029,0.002598,21.985,22.157
26.898438,4,85,5052.27,26.6803,1.15329,610.17,49.168,15.088,741.86,34.026,30.474,-0.003770,0.028216,0.004741,22.065,22.157
26.902344,4,85,5036.37,26.5680,1.13821,600.30,49.175,15.023,738.78,34.029,30.476,0.078305,0.043936,0.014161,21.894,22.157
26.906250,4,85,5042.98,26.7756,1.15445,609.67,49.185,15.177,746.46,34.033,30.478,-0.009683,-0.027766,0.004321,21.987,22.157
26.910156,4,85,5037.18,26.5545,1.13536,598.90,49.160,15.112,742.92,34.036,30.481,0.077388,0.028533,0.009051,21.909,22.157
26.914063,4,85,5046.67,26.7874,1.14849,606.96,49.163,15.154,745.00,34.039,30.483,-0.061764,-0.002948,-0.027658,22.043,22.157
26.917969,4,85,5040.31,26.7974,1.14457,604.13,49.175,15.141,744.56,34.043,30.485,0.059439,0.004698,-0.019015,21.853,22.156
26.921875,4,85,5044.78,26.7303,1.14134,602.95,49.169,15.198,747.28,34.046,30.488,-0.020515,-0.063301,0.032688,21.895,22.156
26.925781,4,85,5047.07,26.7191,1.14546,605.41,49.167,15.103,742.55,34.049,30.490,-0.023710,0.014417,-0.004927,22.002,22.156
26.929688,4,85,5038.34,26.6570,1.14198,602.52,49.167,15.180,746.35,34.053,30.493,0.020397,-0.002765,-0.032023,21.923,22.156
26.933594,4,85,5035.07,26.6020,1.14956,606.13,49.169,15.060,740.47,34.056,30.495,0.070134,0.021803,-0.000845,21.843,22.156
26.937500,4,85,5035.56,26.6428,1.13334,597.63,49.156,15.151,744.76,34.059,30.497,-0.060072,-0.003206,-0.022886,21.991,22.156
26.941406,4,85,5039.62,26.6043,1.15666,610.43,49.166,15.106,742.71,34.063,30.500,-0.038589,0.007021,-0.018332,21.942,22.156
26.945313,4,85,5033.67,26.6390,1.13910,600.45,49.172,15.059,740.50,34.066,30.502,-0.018135,-0.064772,0.033874,21.848,22.156
26.949219,4,85,5041.58,26.7309,1.14778,605.97,49.191,15.018,738.73,34.069,30.504,-0.007420,-0.018134,-0.002609,21.864,22.156
26.953125,4,85,5049.18,26.8139,1.14015,602.85,49.152,15.024,738.47,34.072,30.506,0.076745,0.030426,0.009529,21.970,22.156
26.957031,4,85,5048.07,26.6871,1.15260,609.30,49.168,15.033,739.14,34.076,30.509,0.026849,0.052604,0.025333,22.024,22.156
26.960938,4,85,5040.90,26.6691,1.14870,606.38,49.165,15.063,740.57,34.079,30.511,0.069667,0.057998,0.028994,21.839,22.156
26.964844,4,85,5032.83,26.6698,1.14273,602.26,49.187,14.984,737.01,34.082,30.513,-0.063735,0.000733,-0.035053,22.032,22.156
26.968750,4,85,5036.43,26.6960,1.13585,599.06,49.175,15.165,745.73,34.086,30.516,-0.061548,-0.001084,-0.026878,21.894,22.156
26.972656,4,85,5045.48,26.8291,1.14910,607.14,49.161,15.201,747.28,34.089,30.518,0.074488,0.044632,0.014644,22.082,22.156
26.976563,4,85,5033.79,26.5671,1.13563,598.63,49.174,15.039,739.55,34.092,30.520,0.064565,0.006022,-0.014725,21.814,22.156
26.980469,4,85,5047.85,26.7362,1.13580,600.39,49.168,15.014,738.23,34.095,30.523,-0.046433,0.007345,-0.024406,21.868,22.156
26.984375,4,85,5034.40,26.5895,1.14218,602.16,49.166,15.053,740.08,34.099,30.525,0.073482,0.043783,0.016875,21.832,22.156
26.988281,4,85,5030.44,26.5565,1.14671,604.07,49.166,15.086,741.70,34.102,30.527,-0.052780,-0.022482,-0.007462,22.006,22.156
26.992188,4,85,5039.24,26.6849,1.14697,605.27,49.186,15.191,747.17,34.105,30.529,0.014795,0.046855,0.018912,21.873,22.156
26.996094,4,85,5040.71,26.6957,1.15551,609.95,49.148,15.164,745.30,34.109,30.532,0.009915,0.042633,0.016128,21.893,22.156
27.000000,4,85,5038.06,26.7274,1.13793,600.36,49.159,15.071,740.87,34.112,30.534,0.071668,0.056798,0.026100,21.996,22.156
27.003906,4,85,5045.18,26.7166,1.13312,598.66,49.177,15.154,745.20,34.115,30.536,-0.037945,-0.047609,0.019839,22.054,22.156
27.007813,4,85,5053.54,26.9116,1.15963,613.68,49.158,15.172,745.83,34.119,30.539,-0.062211,-0.004284,-0.021507,21.996,22.156
27.011719,4,85,5036.19,26.4974,1.13072,596.33,49.166,15.105,742.67,34.122,30.541,0.049266,0.002863,-0.026793,21.995,22.155
27.015625,4,85,5037.77,26.6706,1.12708,594.59,49.177,14.968,736.05,34.125,30.543,0.032547,-0.004095,-0.032829,21.791,22.155
27.019531,4,85,5039.57,26.6248,1.13758,600.35,49.163,15.165,745.57,34.128,30.546,-0.008470,-0.022632,-0.002322,22.002,22.155
27.023438,4,85,5038.93,26.7146,1.13903,601.04,49.153,15.032,738.86,34.132,30.548,-0.014014,-0.038284,0.016896,21.905,22.155
27.027344,4,85,5036.71,26.6357,1.12992,595.97,49.185,15.142,744.76,34.135,30.550,-0.063163,0.000199,-0.034473,21.879,22.155
27.031250,4,85,5041.56,26.7312,1.16308,614.05,49.145,14.993,736.84,34.138,30.552,0.030333,-0.004638,-0.038098,21.886,22.155
27.035156,4,85,5040.33,26.5290,1.14137,602.44,49.145,15.243,749.10,34.141,30.555,0.068302,0.066202,0.034671,22.000,22.155
27.039063,4,85,5046.63,26.8050,1.14535,605.30,49.134,15.251,749.37,34.145,30.557,0.053450,0.002453,-0.025641,21.955,22.155
27.042969,4,85,5040.91,26.6881,1.13727,600.34,49.162,15.119,743.26,34.148,30.559,0.023360,0.050079,0.026286,22.014,22.155
27.046875,4,85,5029.28,26.5716,1.13637,598.49,49.157,15.121,743.28,34.151,30.562,0.065800,0.061633,0.033057,21.934,22.155
27.050781,4,85,5045.75,26.7141,1.14632,605.71,49.139,15.061,740.11,34.155,30.564,-0.054630,0.004092,-0.032496,22.067,22.155
27.054688,4,85,5038.57,26.7721,1.15576,609.82,49.130,15.175,745.56,34.158,30.566,-0.015622,0.023019,-0.000446,21.938,22.155
27.058594,4,85,5042.69,26.8143,1.15307,608.90,49.173,15.013,738.25,34.161,30.569,0.077931,0.055558,0.027602,22.058,22.155
27.062500,4,85,5046.15,26.8439,1.13750,601.09,49.154,15.096,742.01,34.164,30.571,0.030736,0.056511,0.025451,21.837,22.155
27.066406,4,85,5040.75,26.7260,1.14193,602.79,49.180,15.036,739.45,34.168,30.573,-0.036426,0.009130,-0.014238,21.970,22.155
27.070313,4,85,5049.99,26.7301,1.15069,608.52,49.167,14.981,736.58,34.171,30.575,-0.003527,-0.010890,-0.015656,21.896,22.155
27.074219,4,85,5047.89,26.7898,1.13278,598.80,49.159,15.066,740.64,34.174,30.578,-0.063153,0.001745,-0.031929,21.949,22.155
27.078125,4,85,5039.30,26.7202,1.12236,592.28,49.148,15.170,745.58,34.177,30.580,0.060700,0.008124,-0.015785,22.015,22.155
27.082031,4,85,5043.26,26.6972,1.14361,603.98,49.163,15.108,742.76,34.181,30.582,0.015984,-0.005369,-0.029590,21.834,22.155
27.085938,4,85,5031.32,26.6242,1.15061,606.23,49.176,15.006,737.92,34.184,30.584,0.036095,-0.000995,-0.033647,21.896,22.155
27.089844,4,85,5053.24,26.8448,1.16723,617.67,49.139,15.169,745.39,34.187,30.587,-0.017493,-0.055881,0.026601,22.022,22.155
27.093750,4,85,5043.03,26.6254,1.15348,609.16,49.145,15.066,740.40,34.190,30.589,0.058353,0.006669,-0.014702,21.907,22.155
27.097656,4,85,5041.58,26.6511,1.15107,607.71,49.163,15.080,741.35,34.194,30.591,-0.034178,0.009661,-0.015508,21.919,22.155
27.101563,4,85,5030.62,26.5746,1.13069,595.66,49.196,14.992,737.54,34.197,30.593,0.039225,-0.002832,-0.031533,21.718,22.155
27.105469,4,85,5036.21,26.6847,1.15109,607.07,49.177,15.075,741.36,34.200,30.596,0.074033,0.051688,0.022660,21.952,22.155
27.109375,4,85,5041.00,26.7009,1.13694,600.18,49.160,15.102,742.42,34.203,30.598,-0.033148,-0.049850,0.022725,22.003,22.154
27.113281,4,85,5043.41,26.7959,1.14235,603.33,49.159,15.185,746.46,34.206,30.600,0.046176,0.064416,0.034204,21.899,22.154
27.117188,4,85,5038.93,26.5657,1.14298,603.12,49.168,15.157,745.23,34.210,30.603,0.016215,-0.004642,-0.033315,21.962,22.154
27.121094,4,85,5044.55,26.7540,1.15458,609.93,49.189,15.046,740.12,34.213,30.605,0.066573,0.010458,-0.013789,21.887,22.154
27.125000,4,85,5041.97,26.6900,1.13757,600.63,49.155,15.141,744.28,34.216,30.607,0.005962,-0.007733,-0.021864,21.991,22.154
27.128906,4,85,5048.06,26.6737,1.14577,605.69,49.173,15.042,739.65,34.219,30.609,-0.012226,-0.030605,0.007966,22.022,22.154
27.132813,4,85,5043.01,26.6676,1.15234,608.55,49.150,15.198,747.01,34.223,30.612,-0.019019,-0.053969,0.026741,21.918,22.154
27.136719,4,85,5029.49,26.5952,1.14756,604.41,49.159,15.000,737.37,34.226,30.614,-0.057299,-0.013217,-0.013481,21.956,22.154
27.140625,4,85,5045.09,26.7343,1.12991,596.96,49.197,15.063,741.05,34.229,30.616,0.071944,0.063337,0.030725,21.954,22.154
27.144531,4,85,5042.70,26.6408,1.14153,602.81,49.158,15.147,744.60,34.232,30.618,0.011208,-0.003085,-0.029598,21.941,22.154
27.148438,4,85,5037.99,26.6910,1.13682,599.76,49.179,15.086,741.90,34.236,30.620,-0.020067,-0.062618,0.033038,21.935,22.154
27.152344,4,85,5040.66,26.6560,1.15140,607.77,49.170,14.995,737.28,34.239,30.623,0.064838,0.064625,0.033487,21.980,22.154
27.156250,4,85,5042.50,26.7691,1.15852,611.75,49.167,15.159,745.31,34.242,30.625,0.052677,0.004000,-0.022484,21.996,22.154
27.160156,4,85,5039.95,26.7333,1.14845,606.13,49.180,14.921,733.83,34.245,30.627,-0.006407,-0.014446,-0.011010,21.956,22.154
27.164063,4,85,5044.55,26.7767,1.14042,602.44,49.196,15.038,739.79,34.248,30.629,-0.061420,0.003917,-0.033566,22.024,22.154
27.167969,4,85,5042.57,26.7435,1.15498,609.89,49.177,15.050,740.10,34.251,30.631,0.049034,0.001072,-0.026765,22.071,22.154
27.171875,4,85,5037.58,26.6249,1.14279,602.86,49.167,15.063,740.60,34.255,30.634,0.024683,-0.001532,-0.033342,22.089,22.154
27.175781,4,85,5042.66,26.6227,1.15877,611.91,49.172,15.106,742.79,34.258,30.636,-0.002364,0.033258,0.008098,21.881,22.154
27.179688,4,85,5039.06,26.6087,1.14931,606.48,49.191,15.008,738.29,34.261,30.638,-0.041766,-0.039396,0.014877,21.858,22.154
27.183594,4,85,5046.22,26.5809,1.14472,604.91,49.188,15.062,740.84,34.264,30.640,0.061371,0.009043,-0.017038,21.973,22.154
27.187500,4,85,5043.51,26.7255,1.15984,612.58,49.151,15.234,748.77,34.267,30.643,0.027181,-0.003153,-0.035654,21.966,22.154
27.191406,4,85,5036.09,26.7319,1.14674,604.77,49.164,15.107,742.70,34.271,30.645,0.034365,-0.003090,-0.033739,21.985,22.154
27.195313,4,85,5048.71,26.9243,1.14622,606.01,49.172,15.200,747.43,34.274,30.647,0.017897,-0.002849,-0.033302,22.062,22.154
27.199219,4,85,5047.68,26.7749,1.15528,610.67,49.153,15.163,745.29,34.277,30.649,0.068112,0.013977,-0.003961,21.960,22.154
27.203125,4,85,5045.59,26.7779,1.14458,604.77,49.156,15.099,742.20,34.280,30.652,-0.026820,-0.063305,0.033292,21.910,22.153
27.207031,4,85,5037.68,26.7235,1.13082,596.56,49.189,15.011,738.40,34.284,30.654,0.022634,-0.000882,-0.034611,21.827,22.153
27.210938,4,85,5045.28,26.7313,1.15038,607.79,49.147,15.033,738.83,34.287,30.656,0.071991,0.064181,0.033356,21.972,22.153
27.214844,4,85,5035.54,26.6199,1.12677,594.17,49.173,15.068,740.94,34.290,30.658,0.030102,0.056975,0.026882,21.993,22.153
27.218750,4,85,5057.18,26.7226,1.15715,612.81,49.154,15.186,746.47,34.293,30.660,0.078903,0.041619,0.017316,21.938,22.153
27.222656,4,85,5038.41,26.7049,1.14512,604.19,49.162,15.139,744.27,34.296,30.663,0.004388,0.035240,0.014999,21.919,22.153
27.226563,4,85,5044.26,26.6279,1.14736,606.07,49.156,15.121,743.31,34.299,30.665,-0.008400,0.030081,0.004245,21.888,22.153
27.230469,4,85,5040.02,26.6931,1.13246,597.70,49.186,15.010,738.28,34.303,30.667,0.013920,-0.003153,-0.028084,21.859,22.153
27.234375,4,85,5032.82,26.6181,1.13851,600.04,49.181,15.005,737.96,34.306,30.669,-0.006517,-0.013520,-0.010422,21.907,22.153
27.238281,4,85,5044.29,26.6534,1.15313,609.12,49.168,15.201,747.42,34.309,30.671,-0.006688,0.028929,0.003116,21.997,22.153
27.242188,4,85,5038.14,26.6211,1.12713,594.66,49.182,15.082,741.76,34.312,30.674,-0.012404,-0.044709,0.018797,21.809,22.153
27.246094,4,85,5039.06,26.6852,1.13582,599.36,49.176,15.127,743.86,34.315,30.676,0.057568,0.007581,-0.017520,21.927,22.153
27.250000,4,85,5034.82,26.6316,1.12881,595.16,49.167,15.054,740.16,34.319,30.678,-0.036159,-0.051479,0.023562,21.876,22.153
27.253906,4,85,5040.93,26.7758,1.14010,601.84,49.186,15.112,743.28,34.322,30.680,-0.058219,-0.003695,-0.018851,21.941,22.153
27.257813,4,85,5040.73,26.6681,1.13605,599.68,49.167,15.036,739.28,34.325,30.682,0.006616,0.038574,0.015360,21.959,22.153
27.261719,4,85,5041.30,26.6329,1.14294,603.39,49.131,15.148,744.23,34.328,30.685,-0.021877,-0.063629,0.033740,22.079,22.153
27.265625,4,85,5045.01,26.7301,1.14163,603.14,49.167,15.124,743.61,34.331,30.687,-0.025023,-0.067336,0.035028,21.965,22.153
27.269531,4,85,5038.87,26.6513,1.14711,605.30,49.178,15.036,739.45,34.334,30.689,0.073728,0.060587,0.027956,21.939,22.153
27.273438,4,85,5040.29,26.7453,1.14543,604.58,49.144,15.236,748.75,34.338,30.691,0.066253,0.062627,0.032249,21.980,22.153
27.277344,4,85,5031.39,26.5045,1.13469,597.85,49.136,15.200,746.86,34.341,30.694,0.010367,-0.002247,-0.027986,21.853,22.153
27.281250,4,85,5044.06,26.7994,1.15575,610.48,49.146,15.097,741.96,34.344,30.696,-0.009357,-0.032731,0.007510,21.880,22.153
27.285156,4,85,5039.38,26.7574,1.14186,602.59,49.173,15.103,742.65,34.347,30.698,-0.043022,-0.035887,0.014339,22.008,22.153
27.289063,4,85,5043.34,26.6901,1.14142,602.83,49.152,15.253,749.74,34.350,30.700,-0.063146,-0.000878,-0.033135,21.877,22.153
27.292969,4,85,5045.38,26.7775,1.14386,604.36,49.156,15.001,737.40,34.354,30.702,0.046426,0.064633,0.036201,21.926,22.153
27.296875,4,85,5037.27,26.6310,1.14777,605.45,49.173,14.992,737.19,34.357,30.704,-0.044287,-0.025274,0.003778,21.743,22.152
27.300781,4,85,5037.46,26.7398,1.15437,608.95,49.159,15.035,739.09,34.360,30.707,0.071177,0.060966,0.035026,21.869,22.152
27.304688,4,85,5042.56,26.7084,1.13981,601.88,49.183,15.100,742.64,34.363,30.709,-0.058687,-0.005840,-0.025589,21.969,22.152
27.308594,4,85,5045.90,26.7610,1.14885,607.06,49.155,15.050,739.78,34.366,30.711,-0.026374,-0.064574,0.032642,22.053,22.152
27.312500,4,85,5039.37,26.6875,1.14522,604.36,49.153,15.103,742.34,34.369,30.713,-0.014144,0.028712,0.003773,21.910,22.152
27.316406,4,85,5034.79,26.6630,1.13937,600.72,49.157,15.214,747.88,34.372,30.715,0.072303,0.022886,0.000644,21.919,22.152
27.320313,4,85,5049.06,26.7044,1.14002,602.77,49.161,15.042,739.48,34.376,30.717,0.035962,0.059727,0.030513,21.887,22.152
27.324219,4,85,5047.44,26.7815,1.16192,614.15,49.149,15.081,741.24,34.379,30.720,-0.030322,-0.059518,0.027850,22.003,22.152
27.328125,4,85,5039.39,26.7033,1.12932,595.97,49.167,15.046,739.77,34.382,30.722,0.046182,-0.000213,-0.030152,21.817,22.152
27.332031,4,85,5041.75,26.6987,1.14945,606.88,49.171,15.142,744.55,34.385,30.724,-0.043756,-0.031433,0.007341,21.913,22.152
27.335938,4,85,5044.79,26.8671,1.14286,603.76,49.146,15.104,742.29,34.388,30.726,0.000448,-0.006228,-0.023378,21.927,22.152
27.339844,4,85,5047.50,26.7867,1.14521,605.33,49.180,15.099,742.58,34.391,30.728,-0.007491,0.027737,0.007729,21.812,22.152
27.343750,4,85,5032.90,26.6655,1.14413,603.01,49.160,15.019,738.32,34.394,30.730,-0.031987,-0.053559,0.024372,21.942,22.152
27.347656,4,85,5050.29,26.7479,1.14142,603.66,49.180,15.036,739.49,34.397,30.733,-0.045386,0.003610,-0.024052,22.005,22.152
27.351563,4,85,5029.66,26.5796,1.13331,596.92,49.157,15.124,743.46,34.401,30.735,-0.065272,0.000549,-0.034215,21.909,22.152
27.355469,4,85,5033.07,26.5473,1.13447,597.94,49.146,15.126,743.37,34.404,30.737,-0.044303,-0.024170,0.002634,21.803,22.152
27.359375,4,85,5038.84,26.6731,1.14261,602.92,49.175,15.021,738.68,34.407,30.739,-0.038008,-0.046205,0.020748,21.985,22.152
27.363281,4,85,5038.90,26.6164,1.13529,599.06,49.169,15.031,739.09,34.410,30.741,0.027184,0.051333,0.023437,21.873,22.152
27.367188,4,85,5035.74,26.6779,1.14259,602.53,49.164,15.167,745.66,34.413,30.743,-0.045385,0.003672,-0.022986,21.858,22.152
27.371094,4,85,5033.11,26.6136,1.15600,609.29,49.170,14.985,736.80,34.416,30.745,0.032682,0.057510,0.028100,21.841,22.152
27.375000,4,85,5031.93,26.6033,1.14531,603.51,49.166,15.128,743.80,34.419,30.748,-0.062989,0.000638,-0.035642,21.936,22.152
27.378906,4,85,5050.03,26.8161,1.15421,610.39,49.170,15.076,741.27,34.422,30.750,0.001023,-0.005902,-0.019049,21.919,22.152
27.382813,4,85,5040.32,26.5830,1.14736,605.60,49.165,14.934,734.24,34.425,30.752,0.038793,-0.003912,-0.032829,21.918,22.152
27.386719,4,85,5052.27,26.7935,1.14281,604.63,49.139,15.109,742.44,34.429,30.754,0.059216,0.068081,0.033125,21.914,22.151
27.390625,4,85,5035.36,26.5248,1.13180,596.80,49.153,15.180,746.12,34.432,30.756,-0.045591,-0.027721,0.005879,21.893,22.151
27.394531,4,85,5040.07,26.6200,1.15964,612.06,49.155,15.088,741.65,34.435,30.758,0.073803,0.036864,0.010112,21.944,22.151
27.398438,4,85,5044.25,26.7152,1.14751,606.15,49.166,15.125,743.64,34.438,30.760,0.001640,-0.010426,-0.018199,21.770,22.151
27.402344,4,85,5036.91,26.6750,1.15930,611.49,49.182,15.059,740.65,34.441,30.763,0.007709,-0.004574,-0.028622,21.940,22.151
27.406250,4,85,5035.97,26.6307,1.13948,600.92,49.139,15.109,742.44,34.444,30.765,0.043341,0.000875,-0.028247,21.841,22.151
27.410156,4,85,5024.81,26.5818,1.14073,600.25,49.184,14.937,734.67,34.447,30.767,-0.016387,-0.048965,0.024419,21.794,22.151
27.414063,4,85,5054.65,26.8215,1.15253,610.06,49.147,15.105,742.37,34.450,30.769,-0.011653,-0.030367,0.011162,22.052,22.151
27.417969,4,85,5040.35,26.6032,1.14347,603.55,49.156,15.052,739.91,34.453,30.771,0.050274,0.001920,-0.027002,22.021,22.151
27.421875,4,85,5039.69,26.6976,1.15253,608.26,49.164,15.183,746.45,34.457,30.773,0.044769,-0.002973,-0.032554,21.868,22.151
27.425781,4,85,5042.76,26.7585,1.15188,608.28,49.151,15.167,745.47,34.460,30.775,0.032269,0.056535,0.029372,22.026,22.151
27.429688,4,85,5035.14,26.5866,1.12942,595.52,49.158,15.108,742.65,34.463,30.777,-0.057162,0.005127,-0.029924,21.966,22.151
27.433594,4,85,5034.84,26.6267,1.15249,607.64,49.167,14.999,737.48,34.466,30.780,0.053226,0.064273,0.035219,21.977,22.151
27.437500,4,85,5029.51,26.5083,1.14269,601.85,49.165,14.944,734.75,34.469,30.782,-0.015259,0.022807,-0.000975,21.786,22.151
27.441406,4,85,5035.78,26.4315,1.12380,592.63,49.166,14.998,737.41,34.472,30.784,0.076243,0.049801,0.021907,21.887,22.151
27.445313,4,85,5028.34,26.4881,1.13504,597.67,49.146,15.138,743.99,34.475,30.786,0.055824,0.065238,0.034402,22.008,22.151
27.449219,4,85,5038.81,26.6659,1.14797,605.74,49.171,15.102,742.58,34.478,30.788,0.076014,0.029738,0.003534,21.983,22.151
27.453125,4,85,5034.83,26.5764,1.14565,604.04,49.172,15.041,739.57,34.481,30.790,-0.046367,-0.026825,0.002329,21.756,22.151
27.457031,4,85,5038.13,26.6904,1.13216,597.32,49.173,15.018,738.51,34.484,30.792,-0.014918,-0.058562,0.029704,21.901,22.151
27.460938,4,85,5037.61,26.7293,1.14981,606.57,49.178,14.944,734.91,34.487,30.794,-0.031906,-0.061971,0.030536,21.820,22.151
27.464844,4,85,5035.23,26.6821,1.13664,599.34,49.173,15.000,737.58,34.490,30.796,-0.052351,0.003009,-0.031071,21.838,22.151
27.468750,4,85,5032.25,26.4307,1.13595,598.62,49.183,15.092,742.24,34.493,30.798,-0.060539,0.002278,-0.032967,21.788,22.151
27.472656,4,85,5032.65,26.6660,1.13521,598.28,49.146,15.108,742.52,34.496,30.800,0.021653,-0.003997,-0.035656,21.871,22.151
27.476563,4,85,5030.37,26.6844,1.13964,600.34,49.172,15.034,739.23,34.499,30.802,-0.029896,-0.061315,0.030309,21.881,22.151
27.480469,4,85,5042.80,26.7389,1.13380,598.74,49.147,15.137,743.95,34.503,30.805,-0.035234,-0.056550,0.026854,21.860,22.150
27.484375,4,85,5047.16,26.7400,1.14484,605.09,49.160,15.255,749.93,34.506,30.807,-0.006122,0.030307,0.006781,21.979,22.150
27.488281,4,85,5041.08,26.7592,1.15041,607.30,49.165,15.064,740.61,34.509,30.809,-0.015310,-0.051149,0.023983,21.800,22.150
27.492188,4,85,5025.47,26.4884,1.13752,598.64,49.150,15.136,743.91,34.512,30.811,-0.045201,-0.034870,0.009381,21.980,22.150
27.496094,4,85,5031.96,26.6631,1.12267,591.59,49.173,15.028,738.96,34.515,30.813,0.004693,0.039774,0.015400,21.828,22.150
27.500000,4,85,5051.79,26.8516,1.14586,606.19,49.170,15.147,744.79,34.518,30.815,0.000441,-0.010097,-0.019230,21.899,22.150
27.503906,4,85,5044.09,26.7277,1.15328,609.18,49.156,15.056,740.07,34.521,30.817,0.074739,0.022488,-0.000384,21.957,22.150
27.507813,4,85,5030.09,26.5451,1.14910,605.29,49.181,14.915,733.54,34.524,30.819,0.072010,0.060552,0.030788,22.025,22.150
27.511719,4,85,5040.83,26.6029,1.14269,603.20,49.156,15.137,744.06,34.527,30.821,0.013891,-0.002381,-0.032047,21.999,22.150
27.515625,4,85,5048.63,26.7612,1.14719,606.51,49.137,15.123,743.08,34.530,30.824,0.052112,0.003270,-0.025502,21.940,22.150
27.519531,4,85,5039.03,26.6712,1.15024,606.97,49.182,15.071,741.23,34.533,30.826,0.074400,0.029263,0.002556,21.965,22.150
27.523438,4,85,5030.84,26.5011,1.13962,600.39,49.179,15.009,738.11,34.536,30.828,-0.060101,-0.003010,-0.022440,21.887,22.150
27.527344,4,85,5042.48,26.6602,1.14345,603.79,49.170,15.046,739.80,34.539,30.830,-0.005585,-0.015129,-0.007345,21.931,22.150
27.531250,4,85,5035.14,26.5974,1.12771,594.62,49.158,14.960,735.39,34.542,30.832,0.003817,-0.005587,-0.025500,21.883,22.150
27.535156,4,85,5038.90,26.6966,1.15621,610.10,49.148,15.056,739.96,34.545,30.834,-0.008857,-0.017026,-0.002317,22.041,22.150
27.539063,4,85,5038.63,26.5775,1.13044,596.47,49.181,15.062,740.74,34.548,30.836,-0.036993,-0.049574,0.021146,21.912,22.150
27.542969,4,85,5044.01,26.7835,1.14573,605.19,49.134,15.123,743.07,34.551,30.838,-0.007394,-0.021439,-0.003064,21.981,22.150
27.546875,4,85,5041.57,26.6787,1.13820,600.92,49.133,14.988,736.41,34.554,30.840,-0.038708,-0.042212,0.018150,21.918,22.150
27.550781,4,85,5028.81,26.5318,1.14039,600.55,49.152,15.086,741.50,34.557,30.842,0.073161,0.055760,0.028979,21.921,22.150
27.554688,4,85,5045.96,26.6640,1.15487,610.25,49.152,15.145,744.39,34.560,30.844,0.026302,-0.002005,-0.036222,21.884,22.150
27.558594,4,85,5024.20,26.5603,1.12350,591.11,49.188,15.086,742.08,34.564,30.846,-0.038828,-0.041460,0.016071,21.716,22.150
27.562500,4,85,5042.99,26.6909,1.13084,597.20,49.176,15.140,744.54,34.567,30.848,-0.028355,-0.062102,0.030610,21.915,22.150
27.566406,4,85,5028.89,26.5836,1.13241,596.35,49.154,14.939,734.29,34.570,30.850,-0.012158,-0.029181,0.008253,21.879,22.150
27.570313,4,85,5032.90,26.7558,1.14743,604.75,49.185,14.963,735.96,34.573,30.852,-0.034035,-0.051996,0.021745,21.914,22.149
27.574219,4,85,5039.22,26.6743,1.13697,599.99,49.155,15.063,740.41,34.576,30.854,-0.051878,0.002938,-0.028729,21.906,22.149
27.578125,4,85,5047.59,26.7856,1.14705,606.31,49.172,15.075,741.24,34.579,30.857,0.046036,0.063656,0.034432,21.808,22.149
27.582031,4,85,5037.05,26.6185,1.14779,605.44,49.176,15.068,740.98,34.582,30.859,-0.019884,-0.053590,0.029796,21.887,22.149
27.585938,4,85,5044.61,26.6325,1.14777,606.33,49.174,15.089,741.98,34.585,30.861,0.020904,0.000008,-0.034381,21.997,22.149
27.589844,4,85,5040.73,26.7264,1.13960,601.55,49.158,15.044,739.51,34.588,30.863,-0.051909,0.003376,-0.024230,22.051,22.149
27.593750,4,85,5042.33,26.6933,1.14472,604.45,49.169,15.117,743.26,34.591,30.865,-0.018726,0.020124,-0.002865,22.035,22.149
27.597656,4,85,5044.59,26.7729,1.15199,608.56,49.139,15.071,740.60,34.594,30.867,0.035053,-0.003143,-0.033696,21.982,22.149
27.601563,4,85,5035.79,26.6083,1.14444,603.51,49.159,15.053,740.00,34.597,30.869,-0.029232,-0.068725,0.036007,21.834,22.149
27.605469,4,85,5051.79,26.7862,1.14564,606.07,49.148,15.160,745.08,34.600,30.871,0.047678,0.001293,-0.029717,22.043,22.149
27.609375,4,85,5051.71,26.7876,1.15326,610.09,49.157,15.189,746.64,34.603,30.873,-0.024465,-0.063851,0.038415,21.918,22.149
27.613281,4,85,5036.13,26.7352,1.14027,601.36,49.143,15.050,739.61,34.606,30.875,-0.053360,-0.011223,-0.011433,21.912,22.149
27.617188,4,85,5048.28,26.7219,1.15052,608.23,49.161,15.168,745.65,34.609,30.877,-0.035748,-0.049684,0.017971,21.793,22.149
27.621094,4,85,5048.15,26.7801,1.14942,607.63,49.150,15.109,742.62,34.612,30.879,-0.030337,0.012680,-0.013535,21.994,22.149
27.625000,4,85,5034.79,26.6017,1.13756,599.77,49.155,15.160,745.17,34.615,30.881,0.066473,0.066764,0.032984,21.866,22.149
27.628906,4,85,5038.01,26.5741,1.14934,606.37,49.189,14.904,733.10,34.618,30.883,-0.038105,0.006647,-0.017710,21.882,22.149
27.632813,4,85,5032.66,26.5037,1.13452,597.92,49.146,14.980,736.20,34.621,30.885,-0.062820,-0.000102,-0.029079,21.814,22.149
27.636719,4,85,5038.87,26.7012,1.14581,604.61,49.174,15.109,743.00,34.624,30.887,-0.006862,0.027044,0.006619,21.970,22.149
27.640625,4,85,5031.76,26.7016,1.13861,599.96,49.160,14.976,736.19,34.627,30.889,0.025939,0.051775,0.027025,21.715,22.149
27.644531,4,85,5040.67,26.6467,1.13491,599.07,49.134,15.017,737.84,34.630,30.891,-0.007161,-0.018542,0.000413,22.027,22.149
27.648438,4,85,5039.25,26.6751,1.13546,599.20,49.165,15.150,744.84,34.633,30.893,0.072688,0.056863,0.027833,21.801,22.149
27.652344,4,85,5039.42,26.6633,1.13816,600.64,49.178,15.111,743.14,34.636,30.895,-0.015941,-0.059150,0.029549,22.019,22.149
27.656250,4,85,5038.50,26.6234,1.15783,610.91,49.163,15.114,743.06,34.639,30.898,-0.006192,-0.014379,-0.007795,21.992,22.149
27.660156,4,85,5039.63,26.7174,1.15091,607.39,49.145,15.046,739.43,34.642,30.900,0.044692,-0.002636,-0.029809,21.800,22.148
27.664063,4,85,5046.19,26.6167,1.14497,605.05,49.159,15.203,747.36,34.645,30.902,-0.034033,-0.057276,0.025072,22.042,22.148
27.667969,4,85,5029.43,26.5283,1.12572,592.89,49.162,15.084,741.55,34.648,30.904,0.061338,0.012676,-0.015014,21.965,22.148
27.671875,4,85,5033.01,26.6324,1.15189,607.11,49.205,14.951,735.69,34.651,30.906,0.068179,0.018266,-0.005729,21.855,22.148
27.675781,4,85,5040.09,26.7064,1.13345,598.23,49.161,15.217,748.06,34.654,30.908,-0.065754,0.003317,-0.035340,21.933,22.148
27.679688,4,85,5031.56,26.5635,1.14804,604.91,49.184,15.075,741.45,34.657,30.910,0.071258,0.023037,-0.000963,21.820,22.148
27.683594,4,85,5033.87,26.5316,1.14332,602.70,49.162,14.958,735.34,34.660,30.912,-0.023466,-0.068175,0.035905,21.929,22.148
27.687500,4,85,5036.28,26.6435,1.13136,596.68,49.164,14.984,736.66,34.663,30.914,0.037783,0.054737,0.031194,21.787,22.148
27.691406,4,85,5042.16,26.6935,1.13691,600.31,49.169,15.008,737.91,34.666,30.916,0.061360,0.063869,0.033567,21.935,22.148
27.695313,4,85,5040.79,26.6223,1.14306,603.39,49.166,15.061,740.49,34.669,30.918,-0.060730,-0.002517,-0.026045,21.946,22.148
27.699219,4,85,5030.07,26.5134,1.14094,600.99,49.192,15.002,737.97,34.672,30.920,0.079233,0.048827,0.022995,21.999,22.148
27.703125,4,85,5053.60,26.8876,1.14797,607.52,49.136,15.139,743.89,34.675,30.922,0.021412,-0.001219,-0.034485,21.913,22.148
27.707031,4,85,5045.78,26.8888,1.12899,596.55,49.168,15.148,744.77,34.678,30.924,0.052565,0.064393,0.033876,21.908,22.148
27.710938,4,85,5041.76,26.6725,1.13315,598.27,49.164,15.072,740.99,34.681,30.926,-0.019803,-0.052692,0.030455,21.829,22.148
27.714844,4,85,5034.54,26.5446,1.13245,597.05,49.159,15.037,739.18,34.684,30.928,-0.019566,-0.052203,0.027431,21.803,22.148
27.718750,4,85,5041.32,26.6875,1.13106,597.11,49.183,15.105,742.93,34.687,30.930,0.004838,0.036377,0.011343,21.925,22.148
27.722656,4,85,5048.06,26.8647,1.13545,600.24,49.160,15.143,744.41,34.690,30.932,-0.002886,-0.015968,-0.009692,21.955,22.148
27.726563,4,85,5045.62,26.5971,1.13197,598.10,49.155,15.077,741.10,34.693,30.934,-0.028901,-0.058669,0.025611,22.045,22.148
27.730469,4,85,5040.41,26.7346,1.13863,601.00,49.169,15.064,740.67,34.696,30.936,-0.017171,-0.062619,0.034750,22.026,22.148
27.734375,4,85,5029.73,26.4586,1.12357,591.80,49.175,15.048,739.97,34.698,30.938,-0.019963,0.016266,-0.004930,21.950,22.148
27.738281,4,85,5043.70,26.6900,1.14845,606.58,49.174,15.132,744.09,34.701,30.940,-0.055215,-0.010862,-0.010699,22.006,22.148
27.742188,4,85,5038.78,26.6783,1.14127,602.20,49.168,15.112,743.03,34.704,30.942,-0.064500,0.002051,-0.028437,21.829,22.148
27.746094,4,85,5036.10,26.5067,1.15637,609.85,49.131,15.121,742.88,34.707,30.944,-0.053901,0.001060,-0.030412,21.783,22.148
27.750000,4,85,5035.95,26.6670,1.14306,602.81,49.192,15.024,739.03,34.710,30.946,0.072658,0.060461,0.028821,21.885,22.147
27.753906,4,85,5041.35,26.5760,1.14754,605.82,49.164,15.074,741.09,34.713,30.948,-0.015242,0.022222,-0.002352,21.867,22.147
27.757813,4,85,5039.13,26.5754,1.13338,598.08,49.146,15.137,743.94,34.716,30.950,0.056438,0.005913,-0.021901,21.785,22.147
27.761719,4,85,5045.01,26.6264,1.15033,607.74,49.131,15.190,746.31,34.719,30.952,0.036265,-0.001749,-0.034041,21.865,22.147
27.765625,4,85,5043.72,26.7112,1.14384,604.15,49.193,14.950,735.46,34.722,30.954,0.033327,0.057532,0.031091,21.947,22.147
27.769531,4,85,5035.82,26.6111,1.12803,594.87,49.198,15.002,738.07,34.725,30.956,-0.049024,-0.022771,-0.002036,21.878,22.147
27.773438,4,85,5042.41,26.5974,1.15530,610.04,49.186,15.111,743.25,34.728,30.958,0.060341,0.068478,0.033928,21.946,22.147
27.777344,4,85,5048.45,26.8173,1.15115,608.58,49.172,15.184,746.63,34.731,30.960,0.072839,0.020527,-0.003584,22.023,22.147
27.781250,4,85,5042.47,26.6763,1.15168,608.14,49.140,14.993,736.78,34.734,30.962,-0.064745,-0.003323,-0.025253,21.821,22.147
27.785156,4,85,5040.68,26.6509,1.13655,599.93,49.168,15.109,742.86,34.737,30.964,0.051540,0.001104,-0.026062,21.829,22.147
27.789063,4,85,5038.01,26.6313,1.15267,608.12,49.158,15.084,741.51,34.740,30.966,0.017831,-0.001879,-0.028840,21.874,22.147
27.792969,4,85,5034.32,26.6823,1.15849,610.75,49.150,15.058,740.09,34.743,30.968,0.000269,0.033205,0.009827,21.943,22.147
27.796875,4,85,5038.16,26.6759,1.14028,601.61,49.173,15.039,739.51,34.746,30.970,0.061651,0.063659,0.033696,21.937,22.147
27.800781,4,85,5031.74,26.5913,1.13455,597.82,49.171,15.006,737.86,34.749,30.972,-0.006584,-0.018854,-0.007479,21.873,22.147
27.804688,4,85,5052.48,26.8730,1.14079,603.59,49.185,15.118,743.56,34.752,30.974,0.008802,-0.002491,-0.024709,22.064,22.147
27.808594,4,85,5055.89,26.7557,1.15172,609.78,49.170,15.138,744.33,34.755,30.976,0.046116,-0.000722,-0.030124,21.966,22.147
27.812500,4,85,5050.81,26.8450,1.15152,609.06,49.158,15.099,742.23,34.758,30.978,0.055340,0.005470,-0.023432,21.998,22.147
27.816406,4,85,5036.99,26.5778,1.13835,600.45,49.161,15.153,744.91,34.761,30.980,0.075129,0.032215,0.008873,21.917,22.147
27.820313,4,85,5038.32,26.6153,1.15069,607.12,49.146,15.101,742.16,34.763,30.982,0.074138,0.062190,0.026483,21.947,22.147
27.824219,4,85,5034.42,26.6025,1.13058,596.05,49.167,15.117,743.27,34.766,30.984,-0.037227,-0.048805,0.022017,21.892,22.147
27.828125,4,85,5040.97,26.7523,1.13912,601.33,49.139,15.113,742.62,34.769,30.986,0.022215,0.050669,0.025745,21.996,22.147
27.832031,4,85,5041.00,26.7340,1.14452,604.19,49.146,15.274,750.68,34.772,30.988,0.015124,-0.000236,-0.033348,21.871,22.147
27.835938,4,85,5040.59,26.6136,1.13935,601.40,49.140,15.102,742.13,34.775,30.990,-0.013209,-0.042894,0.013612,21.883,22.146
27.839844,4,85,5036.18,26.5694,1.13120,596.58,49.154,15.103,742.37,34.778,30.992,-0.062261,-0.000096,-0.030091,21.837,22.146
27.843750,4,85,5049.55,26.6683,1.15224,609.29,49.151,15.043,739.37,34.781,30.994,0.039898,-0.001144,-0.033728,22.138,22.146
27.847656,4,85,5041.02,26.6990,1.13534,599.34,49.131,15.110,742.35,34.784,30.996,-0.041604,-0.035530,0.010651,21.924,22.146
27.851563,4,85,5035.68,26.6261,1.13755,599.87,49.139,15.107,742.36,34.787,30.998,-0.017961,-0.051112,0.027438,21.875,22.146
27.855469,4,85,5030.55,26.5925,1.13988,600.49,49.196,15.028,739.29,34.790,31.000,-0.012647,-0.031574,0.010799,21.861,22.146
27.859375,4,85,5037.10,26.6647,1.14787,605.48,49.129,15.142,743.93,34.793,31.002,-0.060213,0.002610,-0.035008,21.802,22.146
27.863281,4,85,5031.96,26.4529,1.12988,595.39,49.162,15.019,738.36,34.796,31.003,-0.064162,0.002239,-0.030647,21.958,22.146
27.867188,4,85,5038.89,26.5715,1.14161,602.39,49.155,15.141,744.27,34.799,31.005,0.027008,-0.003176,-0.034601,21.931,22.146
27.871094,4,85,5043.44,26.7178,1.14991,607.32,49.164,15.089,741.86,34.802,31.007,-0.061884,-0.002636,-0.024531,21.856,22.146
27.875000,4,85,5035.74,26.6410,1.14288,602.69,49.179,14.891,732.34,34.805,31.009,-0.018476,-0.051339,0.026065,21.866,22.146
27.878906,4,85,5046.10,26.7173,1.15061,608.01,49.161,14.975,736.18,34.807,31.011,-0.038999,-0.045903,0.018351,21.913,22.146
27.882813,4,85,5034.69,26.6436,1.13517,598.50,49.137,15.217,747.71,34.810,31.013,-0.045750,-0.031730,0.006317,21.916,22.146
27.886719,4,85,5028.33,26.4675,1.13277,596.48,49.166,14.992,737.12,34.813,31.015,0.047404,0.065524,0.035252,21.943,22.146
27.890625,4,85,5034.30,26.6038,1.13806,599.98,49.195,15.042,740.01,34.816,31.017,0.079471,0.043769,0.017874,21.830,22.146
27.894531,4,85,5030.97,26.5774,1.12333,591.82,49.168,15.042,739.57,34.819,31.019,-0.021126,0.018546,-0.005146,21.856,22.146
27.898438,4,85,5047.95,26.7337,1.15968,613.03,49.174,15.116,743.30,34.822,31.021,0.078217,0.039203,0.014820,21.805,22.146
27.902344,4,85,5029.15,26.5152,1.13435,597.41,49.149,15.021,738.28,34.825,31.023,-0.061013,-0.006608,-0.021072,21.890,22.146
27.906250,4,85,5032.85,26.4372,1.13505,598.22,49.176,15.021,738.70,34.828,31.025,-0.061012,0.001236,-0.034570,22.015,22.146
27.910156,4,85,5050.23,26.8251,1.14058,603.20,49.129,15.114,742.53,34.831,31.027,0.070855,0.022731,-0.005421,22.022,22.146
27.914063,4,85,5038.12,26.5745,1.15331,608.47,49.169,14.965,735.81,34.833,31.029,-0.039683,0.006464,-0.019664,21.792,22.146
27.917969,4,85,5025.63,26.4363,1.15241,606.49,49.157,15.057,740.14,34.836,31.031,-0.003418,-0.011204,-0.011200,21.872,22.146
27.921875,4,85,5049.07,26.7582,1.14739,606.67,49.174,15.075,741.31,34.839,31.032,-0.037059,-0.044725,0.021061,21.988,22.146
27.925781,4,85,5048.51,26.8572,1.14427,604.95,49.150,15.141,744.17,34.842,31.034,-0.057990,-0.016216,-0.010510,21.908,22.145
27.929688,4,85,5034.84,26.6307,1.15010,606.39,49.175,15.092,742.16,34.845,31.036,-0.046043,-0.028713,0.000837,21.951,22.145
27.933594,4,85,5034.11,26.5238,1.14184,601.95,49.158,15.009,737.83,34.848,31.038,-0.043671,-0.033267,0.009605,21.865,22.145
27.937500,4,85,5036.34,26.6459,1.15075,606.91,49.162,15.055,740.12,34.851,31.040,0.044719,0.060635,0.031610,21.828,22.145
27.941406,4,85,5040.48,26.7057,1.13449,598.83,49.166,15.092,742.04,34.854,31.042,0.036933,-0.001129,-0.031427,21.785,22.145
27.945313,4,85,5039.46,26.8093,1.15260,608.26,49.162,15.130,743.84,34.857,31.044,0.076167,0.048907,0.021074,21.798,22.145
27.949219,4,85,5034.58,26.6446,1.14286,602.54,49.174,14.985,736.88,34.859,31.046,0.071080,0.019977,-0.004378,21.953,22.145
27.953125,4,85,5043.03,26.6333,1.14441,604.37,49.175,15.175,746.20,34.862,31.048,-0.013529,-0.036281,0.010502,22.043,22.145
27.957031,4,85,5053.67,26.8620,1.14618,606.58,49.171,15.087,741.82,34.865,31.050,-0.062744,-0.001925,-0.025509,22.091,22.145
27.960938,4,85,5052.22,26.7770,1.15359,610.33,49.139,15.119,742.94,34.868,31.052,0.001189,-0.008998,-0.017899,22.034,22.145
27.964844,4,85,5038.65,26.7191,1.14640,604.90,49.162,15.006,737.72,34.871,31.054,-0.002917,-0.008656,-0.014529,21.862,22.145
27.968750,4,85,5036.87,26.5800,1.13183,597.00,49.179,15.148,744.95,34.874,31.056,-0.039408,0.012066,-0.014181,21.869,22.145
27.972656,4,85,5036.27,26.5933,1.14687,604.86,49.171,15.005,737.79,34.877,31.058,-0.006743,0.027938,0.007270,21.911,22.145
27.976563,4,85,5036.74,26.6096,1.14350,603.14,49.153,15.047,739.60,34.880,31.059,-0.016733,-0.049759,0.025644,21.848,22.145
27.980469,4,85,5040.23,26.7640,1.14048,601.96,49.160,15.198,747.15,34.882,31.061,-0.012151,-0.032526,0.006096,21.985,22.145
27.984375,4,85,5037.25,26.5499,1.15402,608.75,49.153,15.109,742.63,34.885,31.063,0.001363,-0.008177,-0.019778,21.973,22.145
27.988281,4,85,5037.93,26.7785,1.15224,607.89,49.167,15.092,742.02,34.888,31.065,0.040844,0.059680,0.032580,21.829,22.145
27.992188,4,85,5036.94,26.6482,1.15045,606.83,49.183,15.072,741.27,34.891,31.067,-0.035413,0.010552,-0.014927,21.841,22.145
27.996094,4,85,5039.42,26.5496,1.13464,598.78,49.189,14.983,736.99,34.894,31.069,0.002763,-0.006297,-0.019570,21.957,22.145
28.000000,4,85,5039.53,26.6272,1.14692,605.28,49.164,14.989,736.90,34.897,31.071,-0.062469,-0.001211,-0.032099,22.042,22.145
28.003906,4,85,5038.62,26.7058,1.13345,598.06,49.162,15.031,738.93,34.900,31.073,-0.046587,-0.032344,0.006905,22.045,22.145
28.007813,4,85,5033.16,26.5373,1.14215,602.00,49.162,15.033,739.04,34.902,31.075,-0.007979,-0.028057,0.005456,21.928,22.145
28.011719,4,85,5050.09,26.6798,1.16285,614.96,49.160,15.043,739.51,34.905,31.077,-0.042890,-0.024802,0.006061,22.017,22.144
28.015625,4,85,5044.16,26.6812,1.14401,604.29,49.147,15.177,745.91,34.908,31.079,0.055759,0.004445,-0.019568,21.810,22.144
28.019531,4,85,5042.08,26.7480,1.13574,599.68,49.199,14.948,735.42,34.911,31.080,-0.027564,-0.062847,0.034445,21.864,22.144
28.023438,4,85,5032.34,26.5988,1.14854,605.26,49.175,15.042,739.68,34.914,31.082,0.003466,-0.006095,-0.024404,21.830,22.144
28.027344,4,85,5051.75,26.8525,1.15523,611.14,49.147,15.143,744.21,34.917,31.084,-0.062434,0.001406,-0.030744,21.980,22.144
28.031250,4,85,5032.42,26.7137,1.14267,602.18,49.170,15.072,741.11,34.920,31.086,0.058472,0.068648,0.036687,21.923,22.144
28.035156,4,85,5047.48,26.6485,1.14217,603.72,49.173,15.125,743.74,34.922,31.088,-0.008321,-0.021029,-0.000786,21.857,22.144
28.039063,4,85,5039.10,26.6541,1.13888,600.98,49.149,15.173,745.75,34.925,31.090,-0.057114,0.003702,-0.034183,21.886,22.144
28.042969,4,85,5039.79,26.6465,1.12559,594.05,49.143,14.997,736.98,34.928,31.092,-0.016317,-0.048722,0.022939,21.884,22.144
28.046875,4,85,5048.18,26.7143,1.13448,599.74,49.136,15.139,743.87,34.931,31.094,-0.060117,-0.000283,-0.023703,21.810,22.144
28.050781,4,85,5039.47,26.6682,1.14305,603.22,49.139,14.902,732.29,34.934,31.096,0.024032,0.052283,0.027746,22.062,22.144
28.054688,4,85,5038.70,26.6969,1.14648,604.94,49.149,15.182,746.17,34.937,31.098,0.005239,0.041564,0.015836,21.943,22.144
28.058594,4,85,5033.11,26.6798,1.12186,591.30,49.159,15.028,738.77,34.939,31.099,-0.047673,-0.026758,0.002963,21.840,22.144
28.062500,4,85,5033.07,26.5730,1.13060,595.90,49.172,15.101,742.55,34.942,31.101,0.019271,0.049070,0.023661,21.842,22.144
28.066406,4,85,5040.49,26.7012,1.14130,602.42,49.154,15.101,742.30,34.945,31.103,-0.063465,0.003321,-0.035545,22.013,22.144
28.070313,4,85,5038.93,26.6960,1.14151,602.35,49.139,15.089,741.45,34.948,31.105,-0.000391,-0.007587,-0.022163,22.015,22.144
28.074219,4,85,5030.80,26.6500,1.14384,602.60,49.167,14.966,735.84,34.951,31.107,-0.027232,0.017628,-0.008722,21.912,22.144
28.078125,4,85,5041.21,26.7294,1.14693,605.48,49.155,15.006,737.62,34.954,31.109,0.073427,0.057751,0.027898,21.896,22.144
28.082031,4,85,5045.18,26.7478,1.15538,610.42,49.140,15.169,745.41,34.956,31.111,0.031446,-0.000260,-0.033111,21.788,22.144
28.085938,4,85,5045.10,26.7014,1.14394,604.37,49.165,15.052,740.02,34.959,31.113,-0.027755,-0.061437,0.030026,21.987,22.144
28.089844,4,85,5036.49,26.6561,1.13703,599.69,49.186,15.107,743.06,34.962,31.114,-0.042224,0.006935,-0.020473,21.865,22.144
28.093750,4,85,5048.60,26.8378,1.15298,609.57,49.154,15.236,748.90,34.965,31.116,-0.042650,0.009023,-0.021588,21.981,22.144
28.097656,4,85,5032.35,26.6109,1.13631,598.82,49.154,15.031,738.82,34.968,31.118,-0.029579,-0.061168,0.028637,21.861,22.143
28.101563,4,85,5044.08,26.7280,1.13877,601.51,49.157,15.131,743.78,34.971,31.120,-0.010540,-0.018496,-0.000940,21.961,22.143
28.105469,4,85,5030.99,26.5075,1.13566,598.32,49.168,15.008,737.94,34.973,31.122,-0.035231,-0.054297,0.023354,21.858,22.143
28.109375,4,85,5037.06,26.6948,1.13774,600.13,49.174,15.074,741.27,34.976,31.124,-0.064102,0.000706,-0.035075,21.927,22.143
28.113281,4,85,5027.96,26.5184,1.13396,597.06,49.172,15.018,738.44,34.979,31.126,-0.051329,0.000957,-0.029335,21.812,22.143
28.117188,4,85,5026.07,26.5669,1.14558,602.95,49.165,14.929,734.01,34.982,31.128,0.029548,-0.000752,-0.033959,21.896,22.143
28.121094,4,85,5040.92,26.6148,1.13342,598.31,49.171,15.158,745.35,34.985,31.129,-0.027618,-0.062605,0.033683,21.978,22.143
28.125000,4,85,5041.37,26.6225,1.14112,602.43,49.168,15.095,742.17,34.987,31.131,0.078185,0.050142,0.025788,21.951,22.143
28.128906,4,85,5041.70,26.7012,1.15288,608.68,49.179,15.048,740.02,34.990,31.133,-0.031302,-0.059286,0.027374,21.961,22.143
28.132813,4,85,5044.21,26.7220,1.14119,602.81,49.148,15.183,746.21,34.993,31.135,0.069710,0.058687,0.027023,21.821,22.143
28.136719,4,85,5040.62,26.7028,1.15330,608.77,49.160,15.163,745.39,34.996,31.137,-0.060664,0.001314,-0.028603,21.906,22.143
28.140625,4,85,5032.30,26.6041,1.14542,603.62,49.155,15.075,740.99,34.999,31.139,0.074933,0.025862,0.000093,21.949,22.143
28.144531,4,85,5032.62,26.6168,1.13804,599.76,49.186,15.040,739.77,35.002,31.141,-0.042407,-0.039191,0.008774,21.900,22.143
28.148438,4,85,5036.38,26.7354,1.12689,594.33,49.180,15.055,740.39,35.004,31.143,-0.061084,-0.003718,-0.025684,21.897,22.143
28.152344,4,85,5052.47,26.8386,1.15866,613.04,49.115,15.306,751.73,35.007,31.145,-0.035493,-0.052432,0.023832,22.001,22.143
28.156250,4,85,5048.67,26.7343,1.14198,603.76,49.161,15.139,744.25,35.010,31.146,0.073397,0.030431,0.002473,22.083,22.143
28.160156,4,85,5029.96,26.6959,1.13239,596.47,49.187,14.953,735.51,35.013,31.148,-0.058814,-0.009066,-0.018656,21.822,22.143
28.164063,4,85,5040.06,26.7159,1.15877,611.59,49.144,15.100,742.07,35.016,31.150,-0.060619,0.004621,-0.035468,21.943,22.143
28.167969,4,85,5029.77,26.5332,1.13308,596.81,49.170,15.012,738.13,35.019,31.152,0.032101,-0.000800,-0.033283,21.897,22.143
28.171875,4,85,5051.07,26.8254,1.13610,600.94,49.152,15.195,746.85,35.021,31.154,-0.036096,-0.057652,0.025862,21.871,22.143
28.175781,4,85,5047.12,26.8041,1.14061,602.85,49.154,15.275,750.81,35.024,31.156,0.066735,0.064537,0.032820,21.893,22.143
28.179688,4,85,5042.30,26.6946,1.14289,603.48,49.172,15.177,746.27,35.027,31.158,0.075270,0.038908,0.009367,21.873,22.143
28.183594,4,85,5038.50,26.6283,1.13589,599.33,49.159,15.064,740.52,35.030,31.159,-0.051781,-0.017693,-0.006065,21.838,22.142
28.187500,4,85,5044.49,26.7301,1.14906,607.00,49.173,15.100,742.53,35.033,31.161,-0.058086,0.000523,-0.030218,21.940,22.142
28.191406,4,85,5039.30,26.6872,1.14833,605.99,49.184,15.041,739.78,35.036,31.163,-0.056036,-0.006406,-0.019018,21.770,22.142
28.195313,4,85,5038.04,26.7709,1.14297,603.01,49.189,14.950,735.39,35.038,31.165,-0.014702,-0.038435,0.011709,21.959,22.142
28.199219,4,85,5029.99,26.6297,1.13321,596.91,49.166,14.924,733.77,35.041,31.167,0.035954,0.057267,0.029229,21.905,22.142
28.203125,4,85,5037.00,26.5605,1.15448,608.96,49.180,15.052,740.26,35.044,31.169,-0.033447,-0.048357,0.022179,21.869,22.142
28.207031,4,85,5039.53,26.7318,1.14351,603.48,49.161,15.038,739.28,35.046,31.170,0.075661,0.035176,0.015845,21.917,22.142
28.210938,4,85,5034.59,26.5711,1.14615,604.27,49.158,15.025,738.58,35.049,31.172,0.077385,0.035203,0.011774,22.019,22.142
28.214844,4,85,5031.69,26.7016,1.14276,602.14,49.160,15.069,740.77,35.052,31.174,0.076409,0.053051,0.026552,21.890,22.142
28.218750,4,85,5032.97,26.6006,1.14381,602.85,49.184,14.922,733.93,35.055,31.176,0.051664,0.065120,0.035686,21.940,22.142
28.222656,4,85,5045.99,26.8139,1.13573,600.13,49.174,15.081,741.58,35.057,31.178,-0.016058,-0.053957,0.026514,21.968,22.142
28.226563,4,85,5036.67,26.5858,1.14123,601.93,49.148,15.144,744.29,35.060,31.179,-0.010474,-0.026364,0.004209,21.877,22.142
28.230469,4,85,5038.61,26.7533,1.13392,598.30,49.173,15.033,739.20,35.063,31.181,-0.047496,-0.023658,-0.001553,21.919,22.142
28.234375,4,85,5039.77,26.6126,1.12941,596.06,49.162,15.197,747.09,35.066,31.183,-0.019877,-0.066207,0.034982,21.835,22.142
28.238281,4,85,5051.74,26.8821,1.16343,615.47,49.183,15.090,742.17,35.069,31.185,-0.017796,-0.060147,0.030786,22.034,22.142
28.242188,4,85,5041.79,26.7863,1.14008,601.93,49.165,15.195,747.06,35.072,31.187,0.073946,0.031600,0.007663,22.000,22.142
28.246094,4,85,5045.57,26.7203,1.15127,608.29,49.142,15.178,745.88,35.074,31.189,0.045001,-0.001555,-0.033618,21.903,22.142
28.250000,4,85,5034.93,26.6620,1.14079,601.49,49.154,14.992,736.93,35.077,31.191,-0.031560,-0.060869,0.030458,21.825,22.142
28.253906,4,85,5033.51,26.5410,1.15786,610.32,49.155,15.077,741.10,35.080,31.192,0.051987,0.003276,-0.028724,21.938,22.142
28.257813,4,85,5029.74,26.5325,1.13037,595.38,49.153,15.085,741.48,35.083,31.194,-0.063097,0.000099,-0.036171,21.887,22.142
28.261719,4,85,5039.28,26.6157,1.14609,604.80,49.179,15.178,746.43,35.085,31.196,-0.036536,-0.047800,0.023664,21.964,22.142
28.265625,4,85,5031.00,26.5145,1.13336,597.11,49.140,15.117,742.86,35.088,31.198,0.057627,0.067177,0.035521,21.932,22.142
28.269531,4,85,5029.82,26.4967,1.13057,595.49,49.147,15.163,745.23,35.091,31.200,-0.058736,0.002512,-0.034775,21.901,22.141
28.273438,4,85,5031.53,26.7145,1.14087,601.12,49.165,15.047,739.80,35.094,31.202,0.001674,0.037484,0.009429,21.866,22.141
28.277344,4,85,5036.28,26.4746,1.12692,594.33,49.169,15.055,740.22,35.097,31.203,-0.020412,-0.062705,0.030869,21.806,22.141
28.281250,4,85,5045.10,26.5620,1.15904,612.35,49.164,15.059,740.34,35.099,31.205,0.031067,0.058733,0.030121,21.923,22.141
28.285156,4,85,5033.08,26.5815,1.13998,600.84,49.165,15.242,749.39,35.102,31.207,-0.046444,-0.030414,0.003301,22.014,22.141
28.289063,4,85,5042.87,26.6803,1.12741,595.37,49.141,15.136,743.81,35.105,31.209,-0.033065,-0.057477,0.025243,21.897,22.141
28.292969,4,85,5030.80,26.5758,1.14242,601.86,49.144,15.127,743.38,35.108,31.211,0.049036,0.003039,-0.027191,21.870,22.141
28.296875,4,85,5048.10,26.8111,1.15052,608.21,49.159,15.173,745.90,35.111,31.213,-0.059940,-0.002098,-0.020448,21.964,22.141
28.300781,4,85,5030.39,26.5192,1.13083,595.70,49.140,15.132,743.59,35.113,31.214,-0.056913,-0.010973,-0.010689,21.909,22.141
28.304688,4,85,5031.12,26.4927,1.14671,604.15,49.154,15.042,739.37,35.116,31.216,-0.002454,-0.006869,-0.017331,21.865,22.141
28.308594,4,85,5045.08,26.6583,1.15092,608.06,49.164,15.156,745.13,35.119,31.218,0.030049,-0.003155,-0.032822,21.989,22.141
28.312500,4,85,5031.00,26.6100,1.14561,603.56,49.143,15.126,743.31,35.122,31.220,0.019748,0.048004,0.019815,21.843,22.141
28.316406,4,85,5038.67,26.6372,1.15286,608.30,49.138,15.111,742.53,35.124,31.222,-0.017492,0.019280,-0.003990,21.765,22.141
28.320313,4,85,5038.58,26.7094,1.13710,599.98,49.174,15.076,741.36,35.127,31.224,0.061425,0.011459,-0.016588,22.043,22.141
28.324219,4,85,5038.53,26.6689,1.14831,605.89,49.169,15.137,744.27,35.130,31.225,-0.020106,-0.058777,0.032385,21.925,22.141
28.328125,4,85,5038.73,26.6327,1.14392,603.60,49.132,15.163,745.00,35.133,31.227,-0.008015,0.027435,0.004936,21.998,22.141
28.332031,4,85,5044.35,26.7423,1.15134,608.19,49.164,15.168,745.72,35.136,31.229,-0.022517,0.020215,-0.000746,22.016,22.141
28.335938,4,85,5044.71,26.6974,1.14399,604.35,49.169,15.046,739.78,35.138,31.231,-0.007138,-0.016856,-0.003390,22.013,22.141
28.339844,4,85,5031.45,26.5524,1.14029,600.81,49.143,15.162,745.12,35.141,31.233,-0.015102,-0.048158,0.021927,21.915,22.141
28.343750,4,85,5053.16,26.8496,1.15209,609.65,49.137,15.064,740.20,35.144,31.235,0.063830,0.065789,0.035027,21.948,22.141
28.347656,4,85,5038.97,26.5599,1.14626,604.86,49.173,15.078,741.42,35.146,31.236,-0.050197,-0.019922,-0.008098,21.855,22.141
28.351563,4,85,5041.28,26.6736,1.13891,601.25,49.169,15.066,740.81,35.149,31.238,0.073044,0.059665,0.026194,21.931,22.141
28.355469,4,85,5047.02,26.7546,1.14340,604.32,49.150,15.162,745.19,35.152,31.240,0.076743,0.035718,0.012178,21.885,22.140
28.359375,4,85,5036.99,26.6287,1.12955,595.80,49.163,15.063,740.54,35.155,31.242,-0.064360,-0.000263,-0.024679,21.928,22.140
28.363281,4,85,5042.25,26.5892,1.14760,605.96,49.168,14.983,736.70,35.157,31.243,-0.021304,-0.067052,0.035324,21.860,22.140
28.367188,4,85,5032.45,26.5615,1.13724,599.32,49.172,14.961,735.67,35.160,31.245,0.049556,0.000876,-0.028248,21.828,22.140
28.371094,4,85,5047.10,26.7156,1.15484,610.37,49.146,15.146,744.39,35.163,31.247,-0.016633,-0.058197,0.028612,22.033,22.140
28.375000,4,85,5041.92,26.7705,1.14340,603.70,49.164,15.165,745.55,35.166,31.249,-0.001474,-0.010293,-0.018263,21.982,22.140
28.378906,4,85,5036.68,26.5688,1.15367,608.49,49.162,15.084,741.54,35.168,31.251,0.053552,-0.001354,-0.020188,21.816,22.140
28.382813,4,85,5032.11,26.5982,1.14918,605.57,49.158,15.031,738.89,35.171,31.252,-0.004188,-0.010322,-0.013571,21.856,22.140
28.386719,4,85,5044.13,26.7358,1.15772,611.53,49.182,15.089,742.11,35.174,31.254,-0.008974,-0.015213,-0.002325,21.978,22.140
28.390625,4,85,5033.67,26.6826,1.14123,601.57,49.160,15.209,747.65,35.177,31.256,-0.060470,0.000686,-0.035476,21.957,22.140
28.394531,4,85,5032.71,26.6564,1.15329,607.81,49.161,15.007,737.77,35.179,31.258,-0.047152,-0.030135,0.004353,21.848,22.140
28.398438,4,85,5048.30,26.7898,1.15228,609.16,49.160,15.198,747.14,35.182,31.260,0.003755,-0.008667,-0.022383,22.084,22.140
28.402344,4,85,5043.54,26.6657,1.14743,606.02,49.192,14.982,737.00,35.185,31.261,-0.010159,-0.031932,0.006647,22.061,22.140
28.406250,4,85,5041.25,26.7025,1.14221,603.00,49.175,14.948,735.05,35.187,31.263,-0.049821,-0.017179,-0.007562,22.046,22.140
28.410156,4,85,5045.03,26.7355,1.14516,605.01,49.169,15.201,747.42,35.190,31.265,-0.059733,0.001924,-0.034291,22.010,22.140
28.414063,4,85,5050.08,26.8735,1.14040,603.09,49.166,15.140,744.36,35.193,31.267,-0.019562,-0.063220,0.035076,22.054,22.140
28.417969,4,85,5031.01,26.6136,1.13406,597.47,49.180,14.980,736.72,35.195,31.268,-0.060268,0.002395,-0.036930,21.923,22.140
28.421875,4,85,5041.28,26.6881,1.13394,598.63,49.164,15.074,741.10,35.198,31.270,0.044609,0.060348,0.029939,21.925,22.140
28.425781,4,85,5041.50,26.8258,1.14543,604.72,49.164,15.063,740.54,35.201,31.272,-0.012200,-0.032240,0.009505,21.896,22.140
28.429688,4,85,5052.56,26.8009,1.15027,608.61,49.170,15.113,743.09,35.204,31.274,0.043415,0.061772,0.030917,22.098,22.140
28.433594,4,85,5043.99,26.7630,1.15711,611.19,49.151,15.009,737.69,35.206,31.275,0.032838,-0.003013,-0.035702,22.033,22.140
28.437500,4,85,5037.95,26.6797,1.14293,602.98,49.175,15.048,739.99,35.209,31.277,-0.063354,-0.002301,-0.028695,21.845,22.139
28.441406,4,85,5044.70,26.8457,1.14303,603.84,49.154,15.069,740.69,35.212,31.279,0.037656,-0.006029,-0.033408,21.937,22.139
28.445313,4,85,5036.30,26.6234,1.14570,604.24,49.167,15.111,742.99,35.214,31.281,-0.037502,-0.048782,0.022355,21.898,22.139
28.449219,4,85,5045.06,26.7431,1.15415,609.76,49.169,15.079,741.43,35.217,31.282,0.074484,0.057855,0.027724,22.011,22.139
28.453125,4,85,5047.14,26.7083,1.14180,603.48,49.147,15.106,742.41,35.220,31.284,-0.009673,-0.021930,-0.003067,21.952,22.139
28.457031,4,85,5025.69,26.7029,1.15210,606.34,49.163,15.150,744.84,35.223,31.286,-0.029076,-0.063231,0.032508,21.804,22.139
28.460938,4,85,5041.37,26.6473,1.13915,601.40,49.193,15.032,739.45,35.225,31.288,0.011268,-0.004132,-0.030754,21.903,22.139
28.464844,4,85,5044.97,26.6947,1.14630,605.60,49.154,15.129,743.68,35.228,31.290,0.001555,-0.009312,-0.020592,21.838,22.139
28.468750,4,85,5041.52,26.7785,1.14558,604.80,49.161,15.034,739.10,35.231,31.291,0.064143,0.065674,0.033515,21.882,22.139
28.472656,4,85,5037.93,26.6645,1.15303,608.30,49.168,15.124,743.62,35.233,31.293,-0.050069,-0.013347,-0.010669,21.982,22.139
28.476563,4,85,5041.67,26.6368,1.14973,607.01,49.154,15.147,744.55,35.236,31.295,-0.066044,0.002033,-0.035381,22.036,22.139
28.480469,4,85,5026.09,26.5799,1.15062,605.60,49.173,14.872,731.29,35.239,31.297,-0.061780,-0.003973,-0.021036,21.867,22.139
28.484375,4,85,5046.80,26.7611,1.14530,605.29,49.152,15.172,745.71,35.241,31.298,-0.035807,0.010336,-0.016953,21.995,22.139
28.488281,4,85,5043.19,26.6397,1.15153,608.15,49.168,15.012,738.12,35.244,31.300,-0.017904,-0.057697,0.029539,21.918,22.139
28.492188,4,85,5031.01,26.5275,1.15137,606.59,49.160,15.118,743.21,35.247,31.302,0.058380,0.068119,0.035730,21.854,22.139
28.496094,4,85,5032.61,26.6541,1.12751,594.21,49.172,14.996,737.40,35.249,31.303,0.074271,0.047095,0.015560,21.934,22.139
28.500000,4,85,5026.67,26.4189,1.13287,596.33,49.158,15.116,743.08,35.252,31.305,-0.039314,-0.040519,0.014465,21.835,22.139
28.503906,4,85,5044.53,26.7700,1.14463,604.67,49.173,15.132,744.09,35.255,31.307,-0.011768,-0.033476,0.012219,21.933,22.139
28.507813,4,85,5034.11,26.5131,1.14244,602.26,49.147,15.088,741.52,35.257,31.309,-0.057982,0.001226,-0.031003,22.005,22.139
28.511719,4,85,5035.84,26.5855,1.14170,602.08,49.170,15.055,740.26,35.260,31.311,0.021620,0.052022,0.023630,22.003,22.139
28.515625,4,85,5039.86,26.6632,1.14243,602.94,49.158,15.135,744.00,35.263,31.312,0.059865,0.007802,-0.018364,21.911,22.139
28.519531,4,85,5028.96,26.6529,1.14416,602.55,49.168,15.022,738.59,35.265,31.314,0.002029,-0.007157,-0.022934,21.751,22.139
28.523438,4,85,5030.25,26.5762,1.13335,597.01,49.156,15.010,737.84,35.268,31.316,0.025560,-0.001215,-0.036291,21.872,22.138
28.527344,4,85,5041.42,26.6154,1.15072,607.51,49.145,15.174,745.74,35.271,31.317,-0.000142,0.030794,0.010688,22.041,22.138
28.531250,4,85,5046.44,26.5976,1.14969,607.57,49.157,15.145,744.46,35.273,31.319,-0.043536,-0.032546,0.005541,22.005,22.138
28.535156,4,85,5049.04,26.7298,1.15129,608.73,49.146,15.074,740.83,35.276,31.321,0.056314,0.007567,-0.018986,22.102,22.138
28.539063,4,85,5052.12,26.8031,1.15557,611.36,49.151,15.118,743.05,35.279,31.323,0.044106,0.061881,0.033844,21.872,22.138
28.542969,4,85,5040.11,26.7514,1.14240,602.96,49.155,15.035,739.04,35.281,31.324,-0.038361,-0.043907,0.017885,21.867,22.138
28.546875,4,85,5037.55,26.6705,1.14116,602.00,49.167,15.092,742.05,35.284,31.326,-0.061576,0.000720,-0.027417,21.848,22.138
28.550781,4,85,5045.49,26.7514,1.15700,611.31,49.139,15.066,740.34,35.287,31.328,-0.053523,0.004721,-0.031303,21.838,22.138
28.554688,4,85,5035.66,26.5803,1.13553,598.80,49.154,15.092,741.81,35.289,31.330,-0.016098,-0.056572,0.028238,21.961,22.138
28.558594,4,85,5048.33,26.7980,1.15709,611.71,49.154,15.087,741.59,35.292,31.331,-0.047287,0.004186,-0.025266,21.917,22.138
28.562500,4,85,5046.14,26.7728,1.13571,600.14,49.167,15.087,741.81,35.295,31.333,0.076317,0.038588,0.010419,21.837,22.138
28.566406,4,85,5048.70,26.7281,1.14657,606.19,49.179,15.110,743.08,35.297,31.335,-0.053492,-0.014363,-0.004987,21.845,22.138
28.570313,4,85,5042.52,26.7635,1.13917,601.54,49.178,15.049,740.10,35.300,31.337,0.067701,0.060251,0.034271,21.991,22.138
28.574219,4,85,5036.42,26.6134,1.14431,603.52,49.159,15.109,742.73,35.303,31.338,-0.022144,-0.056903,0.026086,21.927,22.138
28.578125,4,85,5038.15,26.6203,1.13213,597.30,49.161,15.066,740.67,35.305,31.340,-0.041446,-0.034324,0.006647,21.938,22.138
28.582031,4,85,5051.01,26.7645,1.15558,611.24,49.174,15.119,743.47,35.308,31.342,0.076754,0.054379,0.026970,21.981,22.138
28.585938,4,85,5036.54,26.6517,1.14157,602.09,49.167,15.024,738.70,35.311,31.343,-0.025299,-0.066542,0.034363,21.985,22.138
28.589844,4,85,5033.72,26.7311,1.15158,607.03,49.185,14.996,737.59,35.313,31.345,-0.018939,-0.062023,0.032842,21.815,22.138
28.593750,4,85,5047.22,26.8138,1.14497,605.17,49.166,15.160,745.35,35.316,31.347,0.031881,-0.000292,-0.036976,22.006,22.138
28.597656,4,85,5030.63,26.5624,1.12891,594.72,49.163,15.013,738.10,35.319,31.349,-0.057466,-0.007232,-0.014699,21.849,22.138
28.601563,4,85,5039.89,26.6798,1.14305,603.28,49.157,15.164,745.43,35.321,31.350,-0.009838,-0.034955,0.010618,21.884,22.138
28.605469,4,85,5037.30,26.6313,1.13826,600.44,49.159,15.181,746.30,35.324,31.352,-0.019785,-0.064947,0.032814,21.900,22.137
28.609375,4,85,5028.14,26.5381,1.13644,598.39,49.165,15.200,747.31,35.327,31.354,-0.016899,-0.055899,0.031676,21.947,22.137
28.613281,4,85,5034.36,26.7107,1.13723,599.55,49.185,15.009,738.21,35.329,31.356,-0.062547,0.002013,-0.034712,21.725,22.137
28.617188,4,85,5044.45,26.6023,1.14905,606.99,49.190,15.023,738.98,35.332,31.357,-0.008631,0.024532,0.006389,21.984,22.137
28.621094,4,85,5050.86,26.7604,1.14127,603.65,49.167,15.116,743.22,35.335,31.359,0.018856,-0.003171,-0.033868,22.016,22.137
28.625000,4,85,5032.61,26.6279,1.13316,597.19,49.174,15.021,738.64,35.337,31.361,-0.003221,0.030284,0.009925,21.963,22.137
28.628906,4,85,5039.42,26.7196,1.14419,603.82,49.150,15.173,745.74,35.340,31.362,-0.020364,-0.061722,0.032678,21.890,22.137
28.632813,4,85,5039.36,26.6579,1.14103,602.15,49.163,15.180,746.31,35.343,31.364,-0.061491,-0.000395,-0.030328,21.920,22.137
28.636719,4,85,5032.70,26.6064,1.15144,606.84,49.162,15.024,738.60,35.345,31.366,0.015464,0.043762,0.016030,21.779,22.137
28.640625,4,85,5034.25,26.5579,1.14879,605.62,49.178,15.162,745.64,35.348,31.368,0.053337,0.065410,0.035591,21.953,22.137
28.644531,4,85,5038.48,26.4890,1.12788,595.10,49.163,15.116,743.16,35.350,31.369,-0.001190,-0.006398,-0.016425,21.845,22.137
28.648438,4,85,5040.60,26.6701,1.14258,603.11,49.154,15.183,746.30,35.353,31.371,-0.057747,-0.004719,-0.021745,21.796,22.137
28.652344,4,85,5039.10,26.7902,1.13934,601.22,49.150,15.071,740.76,35.356,31.373,0.015342,-0.002888,-0.027862,21.986,22.137
28.656250,4,85,5032.38,26.5203,1.13943,600.47,49.199,15.007,738.33,35.358,31.374,-0.010987,-0.034169,0.014187,22.008,22.137
28.660156,4,85,5049.95,26.7649,1.14484,605.43,49.180,15.106,742.89,35.361,31.376,0.073145,0.020481,-0.001451,21.930,22.137
28.664063,4,85,5041.98,26.7857,1.15648,610.62,49.167,15.137,744.23,35.364,31.378,-0.053761,-0.014030,-0.009143,21.884,22.137
28.667969,4,85,5037.71,26.6276,1.14342,603.21,49.149,15.249,749.48,35.366,31.380,0.023823,0.048558,0.024935,21.923,22.137
28.671875,4,85,5046.94,26.6288,1.13827,601.59,49.168,15.071,740.99,35.369,31.381,-0.059291,-0.005299,-0.023117,21.823,22.137
28.675781,4,85,5046.50,26.7364,1.15279,609.21,49.174,15.003,737.74,35.372,31.383,-0.050783,0.002907,-0.029813,21.959,22.137
28.679688,4,85,5037.48,26.6721,1.13729,599.95,49.156,15.146,744.52,35.374,31.385,-0.046522,0.001581,-0.024059,21.990,22.137
28.683594,4,85,5034.69,26.5433,1.12830,594.88,49.166,15.033,739.10,35.377,31.386,-0.049493,0.004141,-0.028929,22.037,22.137
28.687500,4,85,5039.62,26.7461,1.15174,607.83,49.155,15.215,747.87,35.380,31.388,-0.022027,-0.065025,0.035938,21.831,22.136
28.691406,4,85,5041.61,26.7406,1.14401,603.99,49.175,15.134,744.23,35.382,31.390,-0.058926,0.003255,-0.034269,21.921,22.136
28.695313,4,85,5033.32,26.6519,1.12965,595.43,49.176,15.109,742.99,35.385,31.391,0.067630,0.019969,-0.002993,21.863,22.136
28.699219,4,85,5038.91,26.7140,1.14452,603.93,49.166,14.993,737.15,35.387,31.393,0.069458,0.020366,-0.004297,21.873,22.136
28.703125,4,85,5041.07,26.6485,1.14767,605.86,49.145,15.040,739.14,35.390,31.395,-0.022120,-0.066621,0.036274,21.806,22.136
28.707031,4,85,5050.99,26.9088,1.14276,604.45,49.164,15.079,741.34,35.393,31.396,-0.037088,-0.050655,0.022264,21.943,22.136
28.710938,4,85,5045.06,26.7634,1.14169,603.17,49.149,15.093,741.80,35.395,31.398,0.074570,0.055062,0.025239,22.012,22.136
28.714844,4,85,5042.62,26.6900,1.13459,599.13,49.139,15.121,743.01,35.398,31.400,0.037263,-0.004503,-0.032119,21.943,22.136
28.718750,4,85,5046.00,26.6373,1.14856,606.92,49.151,15.085,741.42,35.400,31.402,0.060403,0.006260,-0.017641,21.940,22.136
28.722656,4,85,5037.61,26.5610,1.12637,594.20,49.123,15.133,743.40,35.403,31.403,-0.022168,-0.066412,0.031932,21.967,22.136
28.726563,4,85,5037.39,26.6791,1.12540,593.66,49.148,15.106,742.46,35.406,31.405,-0.060590,0.001851,-0.031072,21.857,22.136
28.730469,4,85,5041.42,26.7529,1.13486,599.13,49.157,15.089,741.72,35.408,31.407,0.039072,0.058549,0.032075,22.042,22.136
28.734375,4,85,5039.82,26.6133,1.15480,609.47,49.181,15.046,740.00,35.411,31.408,-0.027470,-0.063733,0.034442,21.966,22.136
28.738281,4,85,5038.01,26.7131,1.14762,605.46,49.137,15.200,746.86,35.414,31.410,0.050908,0.063656,0.035029,21.822,22.136
28.742188,4,85,5033.29,26.6186,1.14245,602.17,49.199,14.960,736.02,35.416,31.412,0.074556,0.055331,0.028656,21.788,22.136
28.746094,4,85,5038.08,26.6718,1.14771,605.52,49.171,15.085,741.76,35.419,31.413,-0.058804,-0.003683,-0.018533,22.005,22.136
28.750000,4,85,5033.03,26.5322,1.13660,599.05,49.139,15.113,742.64,35.421,31.415,-0.037318,-0.043661,0.018019,21.882,22.136
28.753906,4,85,5039.28,26.6116,1.15583,609.95,49.182,14.939,734.71,35.424,31.417,0.003821,0.038171,0.014732,21.830,22.136
28.757813,4,85,5035.97,26.6736,1.14214,602.32,49.161,15.170,745.76,35.426,31.418,-0.054121,-0.013347,-0.011365,21.905,22.136
28.761719,4,85,5039.05,26.5229,1.15125,607.50,49.170,15.076,741.29,35.429,31.420,-0.017659,-0.057971,0.027924,21.902,22.136
28.765625,4,85,5028.07,26.5111,1.13885,599.65,49.181,14.990,737.24,35.432,31.422,-0.025326,-0.064640,0.034591,21.848,22.136
28.769531,4,85,5044.24,26.7816,1.14318,603.87,49.185,15.047,740.08,35.434,31.423,-0.044375,-0.040318,0.012830,22.009,22.135
28.773438,4,85,5048.86,26.8120,1.14608,605.95,49.152,15.171,745.66,35.437,31.425,0.071280,0.017834,-0.004853,21.948,22.135
28.777344,4,85,5047.04,26.8630,1.14630,605.85,49.183,15.070,741.18,35.439,31.427,-0.040133,-0.039727,0.013512,21.921,22.135
28.781250,4,85,5050.84,26.7022,1.13791,601.87,49.158,15.176,746.03,35.442,31.428,-0.063332,0.001211,-0.036147,22.041,22.135
28.785156,4,85,5041.16,26.6200,1.16187,613.36,49.167,15.020,738.51,35.444,31.430,-0.016376,-0.044056,0.021453,21.872,22.135
28.789063,4,85,5035.97,26.6432,1.14124,601.85,49.171,14.936,734.43,35.447,31.431,0.018757,0.000591,-0.034964,21.937,22.135
28.792969,4,85,5037.00,26.5679,1.14290,602.85,49.145,15.181,746.06,35.450,31.433,0.076600,0.038407,0.014011,21.879,22.135
28.796875,4,85,5046.80,26.8279,1.14407,604.64,49.155,15.170,745.66,35.452,31.435,0.069545,0.025718,-0.000623,21.766,22.135
28.800781,4,85,5043.63,26.7424,1.14164,602.98,49.160,15.118,743.19,35.455,31.437,0.020750,0.047376,0.023568,21.836,22.135
28.804688,4,85,5024.83,26.5122,1.13376,596.58,49.183,15.036,739.52,35.457,31.438,0.035504,-0.001468,-0.033801,21.886,22.135
28.808594,4,85,5041.20,26.7332,1.14871,606.42,49.169,15.097,742.32,35.460,31.440,-0.015034,-0.044747,0.019787,21.809,22.135
28.812500,4,85,5037.90,26.7208,1.13917,600.99,49.194,14.915,733.74,35.462,31.441,0.060061,0.007980,-0.016378,21.885,22.135
28.816406,4,85,5037.21,26.7152,1.13924,600.94,49.180,15.001,737.77,35.465,31.443,0.062060,0.005129,-0.012847,21.938,22.135
28.820313,4,85,5038.20,26.6055,1.13644,599.59,49.171,14.970,736.07,35.467,31.445,0.041768,0.059479,0.034270,21.821,22.135
28.824219,4,85,5049.89,26.7633,1.14678,606.44,49.161,15.096,742.13,35.470,31.446,0.001908,0.038349,0.016249,21.874,22.135
28.828125,4,85,5027.76,26.5069,1.13728,598.78,49.193,14.991,737.44,35.473,31.448,-0.040828,-0.031883,0.010683,21.796,22.135
28.832031,4,85,5057.32,26.9152,1.15828,613.42,49.126,15.298,751.52,35.475,31.450,0.067844,0.018094,-0.004698,22.011,22.135
28.835938,4,85,5033.55,26.5538,1.12756,594.35,49.164,15.126,743.65,35.478,31.451,0.070737,0.061401,0.028126,21.754,22.135
28.839844,4,85,5041.92,26.7793,1.13937,601.57,49.165,15.035,739.18,35.480,31.453,-0.010318,-0.031291,0.006096,21.957,22.135
28.843750,4,85,5038.17,26.6185,1.15761,610.75,49.162,15.119,743.28,35.483,31.455,0.014939,0.041342,0.015816,22.070,22.135
28.847656,4,85,5040.56,26.6025,1.13766,600.51,49.176,15.080,741.56,35.486,31.456,-0.012191,-0.034937,0.010328,21.789,22.135
28.851563,4,85,5041.49,26.7293,1.13846,601.04,49.175,15.061,740.64,35.488,31.458,0.061690,0.006679,-0.019199,21.919,22.134
28.855469,4,85,5049.51,26.8141,1.15990,613.34,49.177,15.082,741.70,35.491,31.459,-0.007414,-0.015348,-0.010749,21.985,22.134
28.859375,4,85,5044.81,26.7691,1.14519,604.99,49.154,15.173,745.83,35.493,31.461,-0.017576,-0.043751,0.020045,21.947,22.134
28.863281,4,85,5033.37,26.6363,1.14784,605.02,49.177,15.037,739.49,35.496,31.463,0.029913,-0.001553,-0.032441,22.040,22.134
28.867188,4,85,5044.05,26.7495,1.13958,601.94,49.163,15.181,746.34,35.498,31.464,-0.064241,0.000229,-0.031426,22.010,22.134
28.871094,4,85,5030.92,26.5778,1.14387,602.63,49.155,15.149,744.66,35.501,31.466,-0.060917,0.002479,-0.032406,21.760,22.134
28.875000,4,85,5029.79,26.5715,1.15908,610.51,49.140,15.143,744.12,35.504,31.468,-0.026240,-0.065771,0.034345,21.884,22.134
28.878906,4,85,5043.41,26.7150,1.14971,607.21,49.165,15.115,743.15,35.506,31.469,-0.010071,-0.029394,0.007774,22.009,22.134
28.882813,4,85,5046.41,26.7048,1.13933,602.09,49.176,15.088,741.96,35.509,31.471,0.062598,0.008634,-0.018387,22.015,22.134
28.886719,4,85,5034.04,26.6754,1.14575,604.00,49.137,15.097,741.82,35.511,31.473,-0.028359,-0.062245,0.030005,21.888,22.134
28.890625,4,85,5045.85,26.7591,1.14634,605.73,49.121,15.167,745.01,35.514,31.474,-0.030743,-0.055872,0.027367,21.841,22.134
28.894531,4,85,5031.76,26.6069,1.14490,603.28,49.139,15.135,743.69,35.516,31.476,0.073568,0.037462,0.012031,21.926,22.134
28.898438,4,85,5042.91,26.6000,1.14606,605.23,49.153,15.118,743.08,35.519,31.478,-0.055028,0.003605,-0.031097,22.016,22.134
28.902344,4,85,5036.88,26.6673,1.14705,605.02,49.157,15.075,741.05,35.522,31.479,0.041959,-0.002864,-0.030860,21.914,22.134
28.906250,4,85,5039.11,26.5543,1.14133,602.27,49.147,15.092,741.73,35.524,31.481,-0.048455,-0.028026,0.004657,21.997,22.134
28.910156,4,85,5040.19,26.6914,1.15404,609.11,49.137,15.069,740.45,35.527,31.482,-0.021356,-0.058082,0.031458,21.927,22.134
28.914063,4,85,5041.33,26.7842,1.14068,602.20,49.136,15.129,743.39,35.529,31.484,-0.002517,-0.014357,-0.011760,21.960,22.134
28.917969,4,85,5032.72,26.5608,1.12919,595.11,49.176,15.093,742.18,35.532,31.486,-0.026652,-0.064466,0.033130,21.849,22.134
28.921875,4,85,5037.24,26.5957,1.16225,613.08,49.168,15.070,740.97,35.534,31.487,0.067295,0.059219,0.031752,21.963,22.134
28.925781,4,85,5034.81,26.5799,1.14903,605.82,49.160,15.109,742.79,35.537,31.489,0.053122,0.004968,-0.022669,21.892,22.134
28.929688,4,85,5037.31,26.5390,1.13729,599.93,49.136,15.197,746.73,35.539,31.491,-0.062766,-0.000790,-0.033376,21.854,22.133
28.933594,4,85,5038.26,26.5632,1.15507,609.42,49.145,15.158,744.93,35.542,31.492,-0.025810,-0.066091,0.035328,21.880,22.133
28.937500,4,85,5036.34,26.6191,1.13827,600.33,49.171,15.133,744.08,35.545,31.494,0.006178,0.041302,0.014172,21.973,22.133
28.941406,4,85,5038.37,26.6577,1.13504,598.87,49.154,15.049,739.70,35.547,31.496,0.041343,0.000029,-0.031078,21.890,22.133
28.945313,4,85,5043.47,26.7239,1.14213,603.22,49.146,15.051,739.68,35.550,31.497,0.060105,0.065528,0.035547,21.954,22.133
28.949219,4,85,5045.68,26.7783,1.14367,604.30,49.160,15.149,744.73,35.552,31.499,-0.013963,-0.033338,0.007724,21.954,22.133
28.953125,4,85,5035.69,26.6742,1.13838,600.31,49.174,15.148,744.88,35.555,31.500,-0.000382,0.035900,0.010333,22.076,22.133
28.957031,4,85,5047.82,26.7800,1.14881,607.27,49.189,15.110,743.26,35.557,31.502,0.078033,0.041683,0.016655,21.937,22.133
28.960938,4,85,5034.67,26.7035,1.14563,604.01,49.130,15.124,743.05,35.560,31.504,0.076146,0.052920,0.022609,21.876,22.133
28.964844,4,85,5035.00,26.6221,1.14700,604.77,49.173,15.198,747.31,35.562,31.505,-0.032353,-0.054688,0.025832,21.910,22.133
28.968750,4,85,5050.99,26.6386,1.15813,612.58,49.165,15.079,741.37,35.565,31.507,-0.043766,-0.036475,0.006674,21.923,22.133
28.972656,4,85,5046.82,26.8182,1.14416,604.69,49.146,15.157,744.90,35.567,31.509,0.012769,0.042205,0.018570,22.055,22.133
28.976563,4,85,5038.35,26.6842,1.13888,600.89,49.152,15.158,745.02,35.570,31.510,0.061809,0.011625,-0.012293,21.868,22.133
28.980469,4,85,5036.77,26.5579,1.14546,604.17,49.157,15.061,740.34,35.573,31.512,-0.060786,0.004435,-0.030815,21.912,22.133
28.984375,4,85,5028.69,26.5177,1.15072,605.97,49.156,15.006,737.63,35.575,31.513,0.066222,0.017846,-0.008397,21.887,22.133
28.988281,4,85,5026.66,26.5736,1.15376,607.33,49.172,14.958,735.52,35.577,31.515,-0.021756,-0.065701,0.035061,21.855,22.133
28.992188,4,85,5035.01,26.6017,1.13651,599.24,49.160,15.031,738.94,35.580,31.517,-0.025627,0.013377,-0.007446,22.013,22.133
28.996094,4,85,5044.59,26.7500,1.14456,604.64,49.182,15.163,745.73,35.582,31.518,-0.049267,0.002472,-0.025005,21.871,22.133
29.000000,0,0,5001.80,26.4250,1.11498,584.01,49.184,14.804,728.12,35.585,31.520,-0.017662,-0.060821,0.031098,21.713,22.133
29.003906,0,0,4981.90,26.1574,1.10656,577.29,49.213,14.798,728.24,35.587,31.521,0.058473,0.006609,-0.016505,21.763,22.133
29.007813,0,0,4946.29,25.7896,1.10279,571.22,49.181,14.656,720.80,35.589,31.522,0.017031,-0.002601,-0.033790,21.583,22.133
29.011719,0,0,4925.65,25.5417,1.09710,565.90,49.236,14.633,720.46,35.592,31.524,-0.046831,-0.025163,0.002653,21.357,22.132
29.015625,0,0,4912.91,25.2387,1.08685,559.16,49.191,14.604,718.37,35.594,31.525,-0.056367,0.001879,-0.032562,21.428,22.132
29.019531,0,0,4890.53,25.1259,1.08409,555.20,49.229,14.371,707.48,35.596,31.526,0.022458,-0.000363,-0.034415,21.293,22.132
29.023438,0,0,4850.76,24.7852,1.05502,535.92,49.249,14.219,700.27,35.598,31.527,-0.002432,-0.013561,-0.010485,21.127,22.132
29.027344,0,0,4821.49,24.3972,1.04028,525.24,49.249,14.185,698.61,35.600,31.528,-0.023135,-0.064907,0.032950,21.043,22.132
29.031250,0,0,4793.86,24.1331,1.03437,519.27,49.247,14.003,689.59,35.602,31.529,-0.016718,-0.054171,0.028629,20.803,22.132
29.035156,0,0,4771.42,23.9029,1.02214,510.73,49.283,13.764,678.32,35.603,31.530,0.002747,0.032918,0.011082,20.773,22.132
29.039063,0,0,4731.05,23.4448,1.00767,499.24,49.283,13.705,675.44,35.605,31.531,-0.054435,-0.003256,-0.019624,20.631,22.132
29.042969,0,0,4717.85,23.2807,1.01356,500.75,49.296,13.632,672.03,35.606,31.532,-0.038477,-0.035540,0.010515,20.462,22.132
29.046875,0,0,4684.21,23.0160,0.99771,489.40,49.263,13.565,668.27,35.608,31.533,-0.042439,-0.029251,0.005016,20.436,22.132
29.050781,0,0,4669.41,22.9719,0.98165,480.01,49.301,13.538,667.46,35.609,31.533,-0.058938,0.002456,-0.032594,20.351,22.132
29.054688,0,0,4633.83,22.6381,0.97094,471.15,49.297,13.390,660.08,35.611,31.534,-0.032197,0.004489,-0.014364,20.220,22.132
29.058594,0,0,4618.63,22.3547,0.95932,463.98,49.298,13.148,648.16,35.612,31.535,-0.055263,0.001976,-0.032845,20.205,22.132
29.062500,0,0,4580.04,22.0580,0.93094,446.50,49.358,12.894,636.40,35.613,31.535,-0.010719,-0.018383,-0.000880,19.925,22.132
29.066406,0,0,4568.89,21.9457,0.93930,449.41,49.333,13.149,648.67,35.614,31.535,0.018636,-0.001569,-0.029903,19.904,22.132
29.070313,0,0,4532.40,21.5305,0.91875,436.07,49.323,12.835,633.07,35.616,31.536,-0.001998,0.025249,0.005922,19.803,22.132
29.074219,0,0,4509.42,21.2093,0.92993,439.14,49.330,12.828,632.82,35.617,31.536,0.065992,0.048800,0.023623,19.648,22.132
29.078125,0,0,4479.23,21.0333,0.89648,420.51,49.352,12.613,622.47,35.618,31.536,-0.057066,0.002876,-0.028880,19.446,22.132
29.082031,0,0,4458.57,20.8620,0.88835,414.77,49.355,12.559,619.82,35.618,31.536,0.045279,0.055793,0.031741,19.409,22.132
29.085938,0,0,4425.02,20.4055,0.88852,411.73,49.378,12.525,618.48,35.619,31.537,0.055291,0.055930,0.032294,19.325,22.132
29.089844,0,0,4411.67,20.4202,0.87475,404.13,49.410,12.322,608.82,35.620,31.537,-0.032922,0.007601,-0.014475,19.146,22.131
29.093750,0,0,4387.75,20.2591,0.87021,399.85,49.418,12.172,601.53,35.621,31.537,-0.024841,-0.056966,0.029548,19.042,22.131
29.097656,0,0,4358.44,20.0586,0.84162,384.13,49.418,12.110,598.48,35.621,31.537,-0.034666,-0.033121,0.011975,19.041,22.131
29.101563,0,0,4339.28,19.7304,0.84553,384.22,49.409,11.982,592.03,35.622,31.536,-0.034078,-0.037297,0.013875,18.849,22.131
29.105469,0,0,4313.53,19.5454,0.84313,380.85,49.443,12.013,593.93,35.622,31.536,-0.006768,-0.022618,0.001040,18.713,22.131
29.109375,0,0,4297.44,19.3946,0.82636,371.88,49.423,11.859,586.13,35.623,31.536,-0.023875,0.011942,-0.009540,18.648,22.131
29.113281,0,0,4254.84,19.0480,0.81757,364.28,49.462,11.737,580.55,35.623,31.536,-0.015820,-0.049003,0.029755,18.515,22.131
29.117188,0,0,4236.44,18.8416,0.80915,358.97,49.453,11.611,574.22,35.623,31.536,-0.039720,0.004124,-0.021557,18.357,22.131
29.121094,0,0,4209.84,18.5395,0.80520,354.98,49.453,11.608,574.07,35.624,31.535,0.046495,0.003252,-0.020829,18.194,22.131
29.125000,0,0,4180.99,18.4878,0.78474,343.59,49.445,11.321,559.77,35.624,31.535,-0.014337,-0.046968,0.022739,18.207,22.131
29.128906,0,0,4164.20,18.3370,0.78384,341.81,49.444,11.421,564.70,35.624,31.534,-0.027394,-0.044071,0.021172,18.034,22.131
29.132813,0,0,4154.89,18.1212,0.78155,340.05,49.450,11.367,562.10,35.624,31.534,0.001744,-0.003296,-0.022235,18.174,22.131
29.136719,0,0,4115.03,17.7292,0.76147,328.14,49.481,11.113,549.88,35.624,31.533,0.029827,0.001221,-0.027314,17.804,22.131
29.140625,0,0,4099.80,17.6243,0.76383,327.93,49.484,11.126,550.57,35.624,31.533,0.063966,0.033286,0.011042,17.700,22.131
29.144531,0,0,4071.42,17.3792,0.75189,320.57,49.480,11.017,545.15,35.624,31.532,-0.034394,-0.039849,0.016536,17.623,22.131
29.148438,0,0,4048.62,17.2340,0.74903,317.57,49.497,10.824,535.76,35.624,31.531,-0.048777,0.002756,-0.028122,17.664,22.131
29.152344,0,0,4027.45,16.9998,0.73430,309.70,49.516,10.812,535.37,35.623,31.530,-0.049521,0.002239,-0.029173,17.553,22.131
29.156250,0,0,4008.27,16.9583,0.72274,303.36,49.502,10.687,529.03,35.623,31.530,-0.049659,0.001104,-0.020753,17.478,22.131
29.160156,0,0,3976.22,16.5408,0.69962,291.31,49.513,10.675,528.54,35.623,31.529,-0.005528,-0.017067,-0.001777,17.309,22.131
29.164063,0,0,3969.96,16.5603,0.70591,293.47,49.550,10.698,530.09,35.623,31.528,-0.031798,-0.031617,0.011707,17.365,22.131
29.167969,0,0,3944.21,16.2406,0.69693,287.86,49.536,10.468,518.53,35.622,31.527,0.000944,-0.005989,-0.013337,17.177,22.131
29.171875,0,0,3925.34,16.1783,0.69756,286.74,49.535,10.365,513.41,35.622,31.526,-0.011629,-0.031371,0.016172,17.090,22.130
29.175781,0,0,3886.97,15.8688,0.66595,271.07,49.586,10.323,511.90,35.621,31.525,0.048846,0.051873,0.027539,16.998,22.130
29.179688,0,0,3885.24,15.7801,0.69897,284.38,49.548,10.291,509.92,35.621,31.524,-0.013054,-0.036391,0.017591,17.042,22.130
29.183594,0,0,3859.72,15.6592,0.67564,273.09,49.560,10.198,505.42,35.620,31.523,0.014459,-0.002233,-0.026548,16.842,22.130
29.187500,0,0,3832.69,15.3706,0.66115,265.36,49.599,9.998,495.90,35.619,31.521,-0.008648,-0.014552,-0.004552,16.847,22.130
29.191406,0,0,3826.03,15.4003,0.65448,262.23,49.591,10.017,496.76,35.618,31.520,-0.006182,-0.018385,0.001437,16.554,22.130
29.195313,0,0,3793.44,15.1095,0.64910,257.85,49.591,9.933,492.58,35.618,31.519,-0.046877,0.001198,-0.026043,16.526,22.130
29.199219,0,0,3766.85,14.9908,0.63909,252.10,49.556,9.847,487.97,35.617,31.518,0.058447,0.038358,0.016463,16.297,22.130
29.203125,0,0,3740.55,14.7144,0.63185,247.50,49.594,9.632,477.68,35.616,31.516,-0.018861,-0.052120,0.025251,16.163,22.130
29.207031,0,0,3729.88,14.6180,0.63793,249.17,49.592,9.683,480.18,35.615,31.515,-0.026342,-0.038548,0.019380,16.286,22.130
29.210938,0,0,3711.82,14.3737,0.62370,242.43,49.631,9.621,477.49,35.614,31.513,0.047239,0.046985,0.024654,16.121,22.130
29.214844,0,0,3695.22,14.2915,0.61490,237.94,49.622,9.513,472.05,35.613,31.512,0.041476,0.001634,-0.016773,16.053,22.130
29.218750,0,0,3666.63,14.0428,0.60638,232.83,49.615,9.391,465.94,35.612,31.510,-0.019070,-0.050859,0.025232,15.925,22.130
29.222656,0,0,3644.97,13.9815,0.59828,228.36,49.645,9.319,462.65,35.611,31.509,0.041777,0.002833,-0.018841,15.725,22.130
29.226563,0,0,3636.80,13.8245,0.59349,226.03,49.633,9.384,465.73,35.609,31.507,-0.012752,-0.038216,0.021532,15.823,22.130
29.230469,0,0,3601.02,13.6947,0.58334,219.98,49.653,9.234,458.51,35.608,31.506,0.022699,-0.001532,-0.023780,15.700,22.130
29.234375,0,0,3585.09,13.5433,0.58820,220.83,49.655,9.181,455.87,35.607,31.504,-0.050024,0.000025,-0.025954,15.678,22.130
29.238281,0,0,3569.31,13.4675,0.56337,210.57,49.661,9.067,450.29,35.606,31.502,0.016359,-0.003685,-0.026406,15.558,22.130
29.242188,0,0,3546.01,13.3055,0.55917,207.64,49.681,9.028,448.50,35.604,31.500,0.048093,0.011938,-0.004574,15.461,22.130
29.246094,0,0,3531.64,13.1036,0.55622,205.71,49.656,9.106,452.17,35.603,31.499,-0.007569,-0.012667,-0.000938,15.325,22.130
29.250000,0,0,3509.53,12.9466,0.55855,205.28,49.668,8.894,441.74,35.602,31.497,-0.031857,0.004496,-0.016574,15.355,22.129
29.253906,0,0,3487.90,12.8366,0.54909,200.56,49.661,8.937,443.83,35.600,31.495,-0.017343,-0.049672,0.025396,15.114,22.129
29.257813,0,0,3472.07,12.5614,0.54001,196.34,49.659,8.887,441.34,35.599,31.493,0.043073,0.045477,0.026256,15.074,22.129
29.261719,0,0,3450.71,12.4826,0.53982,195.07,49.676,8.755,434.93,35.597,31.491,-0.028479,0.002587,-0.017539,14.989,22.129
29.265625,0,0,3439.80,12.4568,0.53066,191.15,49.688,8.721,433.33,35.596,31.489,-0.042580,0.001197,-0.020910,14.937,22.129
29.269531,0,0,3413.85,12.1588,0.52230,186.72,49.712,8.520,423.55,35.594,31.487,0.008650,0.000311,-0.024543,14.865,22.129
29.273438,0,0,3384.02,12.0799,0.49893,176.81,49.703,8.443,419.64,35.592,31.485,0.023434,0.041536,0.021577,14.774,22.129
29.277344,0,0,3372.16,11.9591,0.51080,180.38,49.691,8.602,427.45,35.591,31.483,-0.005050,-0.021018,0.005828,14.652,22.129
29.281250,0,0,3348.51,11.6896,0.50300,176.38,49.718,8.255,410.44,35.589,31.481,0.047388,0.037979,0.016134,14.513,22.129
29.285156,0,0,3334.82,11.7524,0.51376,179.42,49.715,8.324,413.81,35.587,31.479,-0.028488,-0.025407,0.006135,14.517,22.129
29.289063,0,0,3310.03,11.5192,0.49658,172.13,49.723,8.269,411.16,35.585,31.477,-0.041716,0.001624,-0.023801,14.343,22.129
29.292969,0,0,3295.46,11.4914,0.48982,169.04,49.717,8.142,404.80,35.583,31.475,-0.032248,0.002249,-0.016102,14.301,22.129
29.296875,0,0,3278.39,11.2425,0.48952,168.06,49.740,8.025,399.15,35.581,31.472,-0.044597,0.002785,-0.018795,14.313,22.129
29.300781,0,0,3264.52,11.1885,0.48316,165.17,49.706,8.144,404.80,35.579,31.470,0.048731,0.008394,-0.001960,14.182,22.129
29.304688,0,0,3244.11,11.0647,0.47352,160.86,49.743,7.923,394.13,35.577,31.468,-0.010991,-0.020384,0.004393,14.098,22.129
29.308594,0,0,3231.36,10.9079,0.46449,157.18,49.752,7.969,396.49,35.575,31.466,-0.004115,-0.014004,-0.003294,14.144,22.129
29.312500,0,0,3203.28,10.7536,0.46098,154.63,49.757,7.764,386.32,35.573,31.463,-0.019062,0.011366,-0.006152,13.777,22.129
29.316406,0,0,3197.51,10.7935,0.45391,151.99,49.770,7.802,388.32,35.571,31.461,0.020070,-0.002657,-0.022033,13.885,22.129
29.320313,0,0,3168.00,10.5831,0.45160,149.82,49.733,7.821,388.97,35.569,31.458,0.046181,0.042110,0.022592,13.811,22.129
29.324219,0,0,3158.95,10.4506,0.44760,148.07,49.778,7.760,386.26,35.567,31.456,-0.026459,0.004244,-0.016636,13.761,22.129
29.328125,0,0,3137.62,10.3196,0.44680,146.81,49.798,7.618,379.37,35.565,31.453,-0.026241,-0.022226,0.008945,13.640,22.128
29.332031,0,0,3118.98,10.3005,0.45056,147.16,49.791,7.500,373.46,35.562,31.451,-0.039388,-0.002053,-0.016271,13.599,22.128
29.335938,0,0,3097.55,10.0674,0.42785,138.78,49.794,7.470,371.93,35.560,31.448,-0.010460,-0.025181,0.010494,13.357,22.128
29.339844,0,0,3087.99,10.0637,0.43262,139.90,49.807,7.373,367.22,35.558,31.446,0.018861,0.033369,0.019144,13.419,22.128
29.343750,0,0,3061.09,9.8842,0.42572,136.47,49.825,7.421,369.75,35.555,31.443,0.033913,0.042462,0.021702,13.266,22.128
29.347656,0,0,3052.69,9.7789,0.42823,136.90,49.810,7.492,373.15,35.553,31.441,0.048969,0.029616,0.011225,13.230,22.128
29.351563,0,0,3028.35,9.5807,0.40618,128.81,49.777,7.318,364.26,35.551,31.438,-0.004721,-0.014607,0.001002,13.160,22.128
29.355469,0,0,3015.82,9.5468,0.42160,133.15,49.815,7.318,364.55,35.548,31.435,-0.011056,-0.030142,0.015573,13.283,22.128
29.359375,0,0,2997.18,9.4355,0.40455,126.97,49.822,7.237,360.54,35.546,31.433,-0.015712,-0.041803,0.022255,12.910,22.128
29.363281,0,0,2982.97,9.3875,0.40829,127.54,49.797,7.321,364.57,35.543,31.430,-0.035174,0.000373,-0.022326,12.911,22.128
29.367188,0,0,2960.72,9.1750,0.38865,120.50,49.805,6.941,345.69,35.541,31.427,0.045511,0.036211,0.015916,12.884,22.128
29.371094,0,0,2951.64,9.1067,0.38503,119.01,49.801,7.135,355.35,35.538,31.424,-0.029193,0.002131,-0.019004,12.942,22.128
29.375000,0,0,2944.54,9.0464,0.38513,118.75,49.783,7.151,355.98,35.536,31.422,-0.015891,-0.038249,0.019853,12.684,22.128
29.378906,0,0,2916.91,8.8926,0.39876,121.80,49.837,6.859,341.83,35.533,31.419,0.035600,0.005291,-0.013828,12.697,22.128
29.382813,0,0,2906.71,8.8260,0.37196,113.22,49.829,7.031,350.33,35.530,31.416,-0.007047,-0.014702,0.000779,12.715,22.128
29.386719,0,0,2892.11,8.7344,0.37627,113.96,49.846,6.926,345.26,35.528,31.413,-0.005097,-0.023373,0.009033,12.554,22.128
29.390625,0,0,2865.19,8.5124,0.36586,109.77,49.847,6.885,343.17,35.525,31.410,-0.009941,-0.025403,0.010938,12.405,22.128
29.394531,0,0,2858.02,8.6172,0.36277,108.57,49.849,6.757,336.84,35.522,31.407,0.044075,0.024861,0.008076,12.439,22.128
29.398438,0,0,2841.45,8.4980,0.37826,112.55,49.841,6.741,335.96,35.520,31.404,0.037474,0.005896,-0.009433,12.463,22.128
29.402344,0,0,2823.78,8.2866,0.35841,105.98,49.839,6.617,329.79,35.517,31.401,-0.036757,-0.001238,-0.013423,12.197,22.128
29.406250,0,0,2806.64,8.3010,0.35484,104.29,49.852,6.704,334.20,35.514,31.398,-0.011062,-0.034582,0.019191,12.300,22.127
29.410156,0,0,2783.65,8.1461,0.34727,101.23,49.829,6.559,326.82,35.511,31.395,-0.005300,-0.015503,0.003319,12.118,22.127
29.414063,0,0,2784.23,8.2004,0.34451,100.45,49.857,6.634,330.77,35.508,31.392,-0.017533,0.007834,-0.005751,12.221,22.127
29.417969,0,0,2768.21,8.1243,0.34567,100.20,49.870,6.540,326.15,35.505,31.389,0.036402,0.002052,-0.013476,11.989,22.127
29.421875,0,0,2751.73,8.0172,0.34227,98.63,49.865,6.432,320.71,35.503,31.386,0.012447,-0.001701,-0.020091,11.976,22.127
29.425781,0,0,2730.46,7.8453,0.34136,97.61,49.871,6.478,323.08,35.500,31.383,0.035092,0.037031,0.017797,11.905,22.127
29.429688,0,0,2707.12,7.7348,0.32221,91.34,49.877,6.410,319.73,35.497,31.380,-0.035979,-0.001385,-0.021901,11.646,22.127
29.433594,0,0,2693.65,7.6207,0.32330,91.20,49.873,6.333,315.84,35.494,31.377,0.002611,-0.003056,-0.015145,11.866,22.127
29.437500,0,0,2684.65,7.4561,0.33645,94.59,49.881,6.310,314.76,35.491,31.374,0.041097,0.024211,0.011316,11.713,22.127
29.441406,0,0,2670.54,7.4305,0.31744,88.77,49.887,6.101,304.35,35.487,31.370,0.001059,-0.003166,-0.011160,11.726,22.127
29.445313,0,0,2648.04,7.3410,0.31504,87.36,49.890,6.214,310.04,35.484,31.367,-0.008546,-0.033828,0.017655,11.578,22.127
29.449219,0,0,2638.24,7.4072,0.31623,87.37,49.854,6.223,310.22,35.481,31.364,-0.023767,0.005366,-0.009438,11.478,22.127
29.453125,0,0,2615.27,7.0881,0.30353,83.13,49.881,6.141,306.30,35.478,31.361,-0.037958,0.000467,-0.017590,11.388,22.127
29.457031,0,0,2611.87,7.1705,0.31705,86.72,49.913,5.990,298.98,35.475,31.357,0.020432,0.002705,-0.019736,11.347,22.127
29.460938,0,0,2596.38,7.0380,0.30634,83.29,49.911,5.966,297.75,35.472,31.354,-0.032825,0.001468,-0.017187,11.260,22.127
29.464844,0,0,2579.19,6.9773,0.29779,80.43,49.931,6.040,301.59,35.469,31.351,-0.013494,-0.035089,0.019117,11.185,22.127
29.468750,0,0,2562.60,6.9521,0.29171,78.28,49.952,5.908,295.11,35.465,31.347,-0.017916,-0.033137,0.017946,11.108,22.127
29.472656,0,0,2560.38,6.8405,0.28963,77.66,49.935,5.951,297.15,35.462,31.344,-0.023305,-0.017030,0.003168,11.135,22.127
29.476563,0,0,2540.65,6.7358,0.28619,76.14,49.902,6.005,299.65,35.459,31.341,0.041668,0.022909,0.012180,11.029,22.127
29.480469,0,0,2513.59,6.5776,0.28103,73.97,49.908,5.883,293.60,35.456,31.337,0.020286,0.029227,0.013935,11.007,22.127
29.484375,0,0,2505.95,6.6991,0.27838,73.05,49.934,5.643,281.78,35.452,31.334,-0.000986,-0.011805,-0.002954,10.938,22.126
29.488281,0,0,2500.12,6.5571,0.27390,71.71,49.922,5.857,292.41,35.449,31.330,-0.029415,-0.005298,-0.011346,10.862,22.126
29.492188,0,0,2481.30,6.5322,0.27784,72.20,49.946,5.775,288.43,35.446,31.327,-0.018912,-0.026732,0.013406,10.675,22.126
29.496094,0,0,2460.45,6.3394,0.26991,69.54,49.976,5.683,284.03,35.442,31.324,-0.012386,-0.033359,0.019474,10.672,22.126
29.500000,0,0,2453.74,6.3712,0.26785,68.82,49.936,5.721,285.67,35.439,31.320,-0.000130,-0.006331,-0.008038,10.673,22.126
29.503906,0,0,2439.02,6.1976,0.26187,66.89,49.944,5.583,278.85,35.435,31.317,0.012078,-0.001833,-0.016941,10.565,22.126
29.507813,0,0,2431.67,6.2591,0.26017,66.25,49.932,5.607,279.97,35.432,31.313,-0.027398,0.002676,-0.012370,10.561,22.126
29.511719,0,0,2416.85,6.1191,0.25112,63.56,49.942,5.567,278.04,35.428,31.310,-0.031571,-0.001590,-0.012320,10.428,22.126
29.515625,0,0,2398.01,5.9240,0.26292,66.02,49.945,5.392,269.32,35.425,31.306,-0.019392,-0.025018,0.010889,10.456,22.126
29.519531,0,0,2376.64,5.8799,0.25533,63.55,49.948,5.581,278.76,35.421,31.302,0.021852,-0.005020,-0.014618,10.247,22.126
29.523438,0,0,2376.09,5.8024,0.25022,62.26,49.961,5.399,269.75,35.418,31.299,0.041919,0.021726,0.007233,10.250,22.126
29.527344,0,0,2353.23,5.9172,0.24275,59.82,49.980,5.413,270.53,35.414,31.295,0.027587,0.036121,0.019697,10.338,22.126
29.531250,0,0,2347.51,5.8807,0.24494,60.21,49.935,5.446,271.97,35.411,31.292,-0.002529,-0.005021,-0.007383,10.092,22.126
29.535156,0,0,2333.55,5.7467,0.23539,57.52,49.952,5.359,267.69,35.407,31.288,-0.022788,-0.012432,0.001666,10.165,22.126
29.539063,0,0,2321.28,5.5711,0.23209,56.42,49.960,5.344,267.00,35.404,31.284,-0.036162,0.001619,-0.018229,10.013,22.126
29.542969,0,0,2310.04,5.5556,0.23414,56.64,49.966,5.249,262.26,35.400,31.281,-0.003540,-0.005963,-0.006864,10.042,22.126
29.546875,0,0,2293.71,5.5577,0.23334,56.05,49.980,5.265,263.16,35.396,31.277,-0.008496,-0.029575,0.013378,9.887,22.126
29.550781,0,0,2289.57,5.4868,0.23615,56.62,49.962,5.269,263.26,35.393,31.273,-0.019693,-0.023339,0.012813,9.995,22.126
29.554688,0,0,2275.96,5.4574,0.23196,55.28,49.962,5.166,258.13,35.389,31.270,0.029616,0.034104,0.017123,9.852,22.126
29.558594,0,0,2260.62,5.3202,0.24001,56.82,49.964,5.198,259.71,35.385,31.266,-0.020542,-0.017198,0.006669,9.836,22.126
29.562500,0,0,2240.08,5.1685,0.21324,50.02,49.999,5.170,258.48,35.382,31.262,-0.023038,-0.007292,-0.001716,9.770,22.125
29.566406,0,0,2231.40,5.2752,0.21664,50.62,49.979,4.992,249.50,35.378,31.258,-0.010274,-0.029324,0.017598,9.684,22.125
29.570313,0,0,2216.98,5.1630,0.22466,52.16,49.976,4.972,248.47,35.374,31.255,-0.013348,-0.028920,0.013486,9.548,22.125
29.574219,0,0,2208.76,5.1224,0.21434,49.58,49.975,5.077,253.70,35.370,31.251,-0.025067,-0.013204,-0.004090,9.745,22.125
29.578125,0,0,2203.22,5.0430,0.21890,50.50,49.966,5.023,250.99,35.367,31.247,0.036801,0.030734,0.015350,9.557,22.125
29.582031,0,0,2180.25,5.0529,0.20498,46.80,49.990,4.947,247.31,35.363,31.243,-0.012550,0.007165,-0.002875,9.464,22.125
29.585938,0,0,2169.17,4.8845,0.20853,47.37,49.986,4.901,244.96,35.359,31.239,-0.013351,-0.028653,0.016837,9.520,22.125
29.589844,0,0,2156.34,4.8678,0.20974,47.36,50.008,4.849,242.51,35.355,31.235,-0.005320,-0.007555,-0.005328,9.404,22.125
29.593750,0,0,2149.29,4.8401,0.21012,47.29,49.997,4.838,241.87,35.351,31.232,0.031353,0.032004,0.015137,9.337,22.125
29.597656,0,0,2136.27,4.7984,0.20459,45.77,50.038,4.695,234.90,35.347,31.228,-0.028847,0.003137,-0.016567,9.491,22.125
29.601563,0,0,2121.56,4.7814,0.20556,45.67,50.017,4.820,241.09,35.343,31.224,-0.024656,-0.013100,0.003052,9.152,22.125
29.605469,0,0,2112.22,4.7048,0.20187,44.65,50.015,4.898,244.96,35.339,31.220,0.029828,0.006977,-0.004874,9.097,22.125
29.609375,0,0,2095.37,4.6724,0.19053,41.81,50.025,4.694,234.80,35.336,31.216,0.017933,0.026327,0.015976,9.123,22.125
29.613281,0,0,2092.11,4.5271,0.18930,41.47,50.030,4.716,235.94,35.332,31.212,-0.010597,-0.033279,0.018529,9.195,22.125
29.617188,0,0,2071.53,4.5314,0.18977,41.17,50.031,4.715,235.89,35.328,31.208,-0.007888,-0.028298,0.013605,8.976,22.125
29.621094,0,0,2064.31,4.4039,0.19379,41.89,50.008,4.738,236.93,35.324,31.204,0.034909,0.026068,0.013145,9.114,22.125
29.625000,0,0,2057.25,4.5004,0.19558,42.13,50.017,4.511,225.62,35.320,31.200,-0.029167,-0.002360,-0.013467,8.907,22.125
29.628906,0,0,2040.61,4.3669,0.17700,37.82,50.023,4.692,234.72,35.316,31.196,-0.019284,-0.016130,0.003132,8.848,22.125
29.632813,0,0,2024.41,4.3877,0.18282,38.76,50.039,4.694,234.86,35.312,31.192,-0.029008,-0.002535,-0.015516,8.720,22.125
29.636719,0,0,2018.10,4.2730,0.19443,41.09,50.026,4.617,230.95,35.308,31.188,-0.028487,-0.000170,-0.014116,8.753,22.124
29.640625,0,0,2007.48,4.2887,0.18095,38.04,50.018,4.404,220.27,35.304,31.184,-0.021243,-0.009067,-0.001872,8.769,22.124
29.644531,0,0,1990.56,4.0611,0.18037,37.60,50.016,4.445,222.34,35.299,31.180,-0.004730,-0.018390,0.006363,8.600,22.124
29.648438,0,0,1983.72,4.2513,0.17653,36.67,50.025,4.549,227.55,35.295,31.176,0.026632,0.002418,-0.004674,8.692,22.124
29.652344,0,0,1967.26,4.0971,0.18048,37.18,50.039,4.541,227.23,35.291,31.172,0.031770,0.006139,-0.008675,8.536,22.124
29.656250,0,0,1961.92,4.0557,0.16231,33.35,50.046,4.305,215.46,35.287,31.168,-0.020287,-0.006976,-0.004169,8.568,22.124
29.660156,0,0,1956.33,4.0823,0.17455,35.76,50.043,4.432,221.78,35.283,31.164,0.024479,0.028478,0.015488,8.494,22.124
29.664063,0,0,1940.68,3.9294,0.17192,34.94,50.033,4.356,217.96,35.279,31.160,-0.003374,-0.015080,0.006900,8.467,22.124
29.667969,0,0,1938.76,3.9613,0.17340,35.20,50.054,4.303,215.39,35.275,31.156,-0.017418,-0.020160,0.011142,8.370,22.124
29.671875,0,0,1913.67,3.8105,0.16360,32.78,50.080,4.179,209.28,35.271,31.152,0.005701,-0.001342,-0.014610,8.275,22.124
29.675781,0,0,1908.75,3.8016,0.16919,33.82,50.044,4.341,217.21,35.266,31.148,0.020954,0.027670,0.014577,8.354,22.124
29.679688,0,0,1901.75,3.7922,0.16003,31.87,50.042,4.136,206.95,35.262,31.143,-0.025312,-0.006232,-0.003934,8.223,22.124
29.683594,0,0,1884.77,3.6111,0.15581,30.75,50.064,4.230,211.75,35.258,31.139,-0.003917,-0.008053,-0.001389,8.087,22.124
29.687500,0,0,1874.51,3.6541,0.16361,32.12,50.043,4.210,210.66,35.254,31.135,-0.002219,-0.017863,0.007083,8.183,22.124
29.691406,0,0,1864.47,3.5168,0.16898,32.99,50.038,4.233,211.83,35.249,31.131,-0.017310,-0.023710,0.008387,8.116,22.124
29.695313,0,0,1862.17,3.7211,0.15461,30.15,50.085,4.226,211.65,35.245,31.127,-0.014198,-0.026760,0.010075,8.143,22.124
29.699219,0,0,1848.34,3.5445,0.14903,28.85,50.037,4.215,210.91,35.241,31.123,-0.015758,0.002615,-0.007190,8.021,22.124
29.703125,0,0,1833.97,3.5671,0.14234,27.34,50.042,4.181,209.21,35.237,31.118,-0.019412,0.005379,-0.009305,7.964,22.124
29.707031,0,0,1822.34,3.4517,0.14255,27.20,50.093,3.869,193.83,35.232,31.114,0.021276,0.000159,-0.008900,7.890,22.124
29.710938,0,0,1805.58,3.3489,0.13990,26.45,50.061,4.032,201.82,35.228,31.110,0.024592,0.027401,0.014375,7.818,22.124
29.714844,0,0,1803.73,3.4517,0.14467,27.33,50.033,4.109,205.58,35.224,31.106,0.018673,-0.000212,-0.014197,7.803,22.123
29.718750,0,0,1798.23,3.4486,0.13900,26.18,50.070,3.954,197.98,35.219,31.101,-0.018747,-0.011185,0.001310,7.772,22.123
29.722656,0,0,1789.29,3.3635,0.13878,26.00,50.063,4.003,200.41,35.215,31.097,0.003349,0.001331,-0.009619,7.902,22.123
29.726563,0,0,1766.48,3.3529,0.13386,24.76,50.078,4.011,200.85,35.211,31.093,0.030108,0.010473,0.003842,7.641,22.123
29.730469,0,0,1764.75,3.2081,0.14270,26.37,50.059,4.044,202.46,35.206,31.089,-0.000793,-0.009495,0.001905,7.628,22.123
29.734375,0,0,1753.20,3.2902,0.13251,24.33,50.079,3.789,189.75,35.202,31.084,-0.025291,-0.001383,-0.015228,7.635,22.123
29.738281,0,0,1749.54,3.2653,0.14534,26.63,50.047,3.995,199.94,35.198,31.080,0.029552,0.020779,0.009465,7.685,22.123
29.742188,0,0,1739.21,3.2327,0.12681,23.10,50.083,3.933,197.00,35.193,31.076,0.030112,0.024263,0.011692,7.469,22.123
29.746094,0,0,1718.54,3.1137,0.12400,22.32,50.108,3.763,188.57,35.189,31.071,0.007876,0.017912,0.007754,7.422,22.123
29.750000,0,0,1714.25,3.0204,0.12913,23.18,50.086,3.845,192.58,35.184,31.067,0.002509,0.016361,0.004792,7.625,22.123
29.753906,0,0,1698.84,3.0164,0.13656,24.29,50.095,3.747,187.73,35.180,31.063,-0.003647,-0.008170,0.000269,7.275,22.123
29.757813,0,0,1699.23,2.9890,0.13072,23.26,50.072,3.924,196.47,35.175,31.059,-0.024323,-0.005757,-0.006552,7.394,22.123
29.761719,0,0,1681.97,3.0033,0.12442,21.92,50.093,3.740,187.36,35.171,31.054,0.012395,0.001830,-0.011444,7.323,22.123
29.765625,0,0,1682.24,3.0185,0.12289,21.65,50.108,3.785,189.65,35.167,31.050,-0.009614,-0.020676,0.012094,7.351,22.123
29.769531,0,0,1672.81,2.8990,0.12234,21.43,50.099,3.699,185.31,35.162,31.045,0.000058,0.010815,0.002255,7.188,22.123
29.773438,0,0,1663.88,2.7684,0.12159,21.19,50.094,3.724,186.56,35.158,31.041,-0.015549,-0.018532,0.007562,7.181,22.123
29.777344,0,0,1649.37,2.8473,0.13363,23.08,50.109,3.761,188.44,35.153,31.037,-0.011848,-0.022446,0.013755,7.052,22.123
29.781250,0,0,1634.36,2.7375,0.11357,19.44,50.107,3.780,189.41,35.149,31.032,0.027758,0.006018,-0.003516,7.179,22.123
29.785156,0,0,1637.46,2.7755,0.11597,19.89,50.098,3.642,182.45,35.144,31.028,-0.022684,-0.000048,-0.011548,7.003,22.123
29.789063,0,0,1620.61,2.8215,0.13057,22.16,50.124,3.567,178.79,35.139,31.024,-0.009270,-0.024640,0.013350,7.115,22.122
29.792969,0,0,1609.62,2.7189,0.11608,19.57,50.070,3.691,184.83,35.135,31.019,0.020093,0.001762,-0.008588,6.959,22.122
29.796875,0,0,1596.34,2.6034,0.10656,17.81,50.075,3.633,181.95,35.130,31.015,-0.025051,0.001411,-0.011136,6.943,22.122
29.800781,0,0,1595.88,2.6480,0.11332,18.94,50.089,3.637,182.16,35.126,31.010,-0.013163,-0.017502,0.010221,6.771,22.122
29.804688,0,0,1581.98,2.5745,0.10889,18.04,50.099,3.509,175.78,35.121,31.006,-0.023229,0.001241,-0.011781,6.945,22.122
29.808594,0,0,1582.90,2.5294,0.11501,19.06,50.114,3.599,180.36,35.117,31.002,0.001179,-0.000909,-0.005744,6.858,22.122
29.812500,0,0,1569.97,2.6121,0.11761,19.34,50.130,3.564,178.64,35.112,30.997,0.019640,0.024602,0.012159,6.893,22.122
29.816406,0,0,1557.43,2.6201,0.10884,17.75,50.115,3.395,170.14,35.108,30.993,-0.005991,0.006210,-0.000572,6.769,22.122
29.820313,0,0,1558.36,2.5089,0.10852,17.71,50.139,3.422,171.59,35.103,30.988,-0.005307,-0.017626,0.009522,6.804,22.122
29.824219,0,0,1541.14,2.5651,0.10783,17.40,50.090,3.542,177.42,35.098,30.984,0.014363,0.024321,0.011217,6.746,22.122
29.828125,0,0,1531.07,2.4204,0.11393,18.27,50.111,3.415,171.11,35.094,30.979,0.030054,0.018059,0.009353,6.676,22.122
29.832031,0,0,1527.92,2.4053,0.10373,16.60,50.133,3.345,167.70,35.089,30.975,-0.015128,-0.014058,0.003565,6.678,22.122
29.835938,0,0,1521.53,2.4276,0.09536,15.19,50.127,3.342,167.54,35.084,30.970,-0.009090,-0.023819,0.011004,6.589,22.122
29.839844,0,0,1516.86,2.4852,0.10555,16.77,50.128,3.308,165.83,35.080,30.966,-0.000895,0.000088,-0.009331,6.617,22.122
29.843750,0,0,1499.20,2.3438,0.10520,16.52,50.132,3.473,174.10,35.075,30.961,-0.018463,-0.010282,-0.000459,6.466,22.122
29.847656,0,0,1491.68,2.2678,0.10507,16.41,50.133,3.342,167.53,35.070,30.957,0.018071,0.022746,0.012103,6.436,22.122
29.851563,0,0,1484.86,2.2300,0.09815,15.26,50.131,3.314,166.16,35.066,30.952,-0.018419,-0.001570,-0.006759,6.553,22.122
29.855469,0,0,1480.20,2.3290,0.10301,15.97,50.116,3.318,166.28,35.061,30.948,-0.006419,-0.018856,0.008865,6.459,22.122
29.859375,0,0,1476.91,2.2504,0.10326,15.97,50.122,3.322,166.49,35.056,30.943,0.003043,0.012075,0.007327,6.427,22.122
29.863281,0,0,1463.75,2.1853,0.10100,15.48,50.116,3.432,171.98,35.052,30.939,-0.007674,-0.019002,0.011421,6.352,22.122
29.867188,0,0,1450.78,2.2770,0.09861,14.98,50.130,3.233,162.05,35.047,30.934,0.023005,0.015836,0.005805,6.246,22.121
29.871094,0,0,1443.67,2.1313,0.09221,13.94,50.132,3.259,163.40,35.042,30.930,-0.020588,-0.005602,-0.004779,6.287,22.121
29.875000,0,0,1436.63,2.1532,0.09794,14.73,50.147,3.200,160.49,35.037,30.925,0.011854,0.001000,-0.013151,6.265,22.121
29.878906,0,0,1430.30,2.1304,0.08984,13.46,50.159,3.237,162.39,35.033,30.921,0.022363,-0.001227,-0.006143,6.046,22.121
29.882813,0,0,1416.94,2.1118,0.09605,14.25,50.137,3.109,155.86,35.028,30.916,-0.016446,-0.007921,0.001876,6.127,22.121
29.886719,0,0,1413.25,2.1668,0.09772,14.46,50.129,3.290,164.94,35.023,30.911,-0.004299,0.005417,0.002475,6.194,22.121
29.890625,0,0,1403.64,2.0488,0.08157,11.99,50.134,3.200,160.44,35.018,30.907,0.016572,0.000191,-0.007951,6.125,22.121
29.894531,0,0,1396.99,2.1194,0.08548,12.51,50.160,3.258,163.41,35.014,30.902,0.013172,0.021840,0.011282,6.090,22.121
29.898438,0,0,1390.16,2.0438,0.08398,12.23,50.128,3.108,155.80,35.009,30.898,-0.016158,-0.002171,-0.005042,6.113,22.121
29.902344,0,0,1383.94,2.0080,0.09158,13.27,50.154,3.072,154.06,35.004,30.893,-0.015905,-0.003179,-0.001182,6.007,22.121
29.906250,0,0,1378.73,2.0685,0.07701,11.12,50.147,3.135,157.23,34.999,30.889,0.021339,0.008216,-0.003501,5.993,22.121
29.910156,0,0,1361.41,1.9594,0.07524,10.73,50.161,3.148,157.91,34.994,30.884,-0.014162,-0.012832,0.007030,5.934,22.121
29.914063,0,0,1348.85,1.9111,0.07706,10.88,50.153,3.152,158.09,34.990,30.879,-0.003448,-0.014200,0.006074,5.804,22.121
29.917969,0,0,1345.50,1.9390,0.07764,10.94,50.096,3.208,160.70,34.985,30.875,-0.009396,0.005083,-0.007195,5.807,22.121
29.921875,0,0,1347.05,1.8962,0.08367,11.80,50.129,3.011,150.96,34.980,30.870,-0.021570,-0.003566,-0.009881,5.873,22.121
29.925781,0,0,1335.40,1.8568,0.07769,10.86,50.166,3.043,152.65,34.975,30.866,0.013580,0.019282,0.010265,5.691,22.121
29.929688,0,0,1332.41,1.8188,0.07881,11.00,50.142,3.020,151.41,34.970,30.861,-0.010918,-0.016654,0.008654,5.801,22.121
29.933594,0,0,1321.23,1.8268,0.06881,9.52,50.149,3.044,152.65,34.966,30.856,0.022050,0.014724,0.002776,5.697,22.121
29.937500,0,0,1307.08,1.8559,0.08638,11.82,50.187,2.934,147.23,34.961,30.852,0.025642,0.011782,0.003907,5.591,22.121
29.941406,0,0,1304.08,1.7990,0.08041,10.98,50.162,3.117,156.35,34.956,30.847,-0.020204,-0.001100,-0.007371,5.856,22.120
29.945313,0,0,1306.46,1.7900,0.06501,8.89,50.159,2.995,150.25,34.951,30.843,0.011649,0.019517,0.008363,5.757,22.120
29.949219,0,0,1296.88,1.7675,0.07847,10.66,50.158,2.968,148.89,34.946,30.838,0.008597,0.003189,-0.009409,5.723,22.120
29.953125,0,0,1288.03,1.7264,0.08123,10.96,50.130,3.111,155.98,34.942,30.833,0.008708,0.016487,0.008264,5.729,22.120
29.957031,0,0,1282.09,1.7678,0.07120,9.56,50.170,2.862,143.60,34.937,30.829,0.021965,0.018507,0.006311,5.709,22.120
29.960938,0,0,1268.30,1.7499,0.06416,8.52,50.174,2.929,146.94,34.932,30.824,0.008919,-0.000219,-0.012209,5.542,22.120
29.964844,0,0,1263.74,1.6808,0.07057,9.34,50.162,2.858,143.34,34.927,30.819,0.023775,0.018036,0.007004,5.538,22.120
29.968750,0,0,1253.61,1.6301,0.07439,9.77,50.153,2.903,145.60,34.922,30.815,0.024064,0.018533,0.002709,5.402,22.120
29.972656,0,0,1252.65,1.6531,0.07483,9.82,50.186,2.833,142.16,34.917,30.810,-0.017935,-0.000289,-0.005954,5.450,22.120
29.976563,0,0,1242.68,1.5955,0.07540,9.81,50.197,2.822,141.67,34.912,30.805,-0.018180,0.000026,-0.011347,5.492,22.120
29.980469,0,0,1237.25,1.7000,0.06956,9.01,50.174,2.804,140.69,34.907,30.801,0.020271,0.006158,-0.002202,5.575,22.120
29.984375,0,0,1225.93,1.5431,0.07023,9.02,50.163,2.913,146.14,34.902,30.796,-0.011951,-0.013509,0.007927,5.416,22.120
29.988281,0,0,1219.77,1.5756,0.06172,7.88,50.160,2.969,148.95,34.897,30.791,-0.010411,-0.015723,0.006295,5.260,22.120
29.992188,0,0,1214.45,1.4572,0.07041,8.95,50.169,2.817,141.34,34.893,30.787,0.015254,0.018416,0.010463,5.143,22.120
29.996094,0,0,1208.59,1.5654,0.05979,7.57,50.151,2.906,145.73,34.888,30.782,0.020977,0.006716,-0.002113,5.360,22.120
30.000000,0,0,1204.19,1.5102,0.06628,8.36,50.193,2.709,135.99,34.883,30.777,0.017145,0.020628,0.009473,5.235,22.120
30.003906,0,0,1197.92,1.4777,0.06306,7.91,50.154,2.812,141.06,34.878,30.773,0.012257,0.020903,0.009934,5.096,22.120
30.007813,0,0,1194.22,1.5632,0.05743,7.18,50.156,2.817,141.27,34.873,30.768,0.015404,0.000321,-0.009095,5.233,22.120
30.011719,0,0,1183.76,1.3965,0.06965,8.63,50.187,2.742,137.62,34.868,30.763,0.017256,0.016442,0.009938,5.038,22.120
30.015625,0,0,1171.73,1.4545,0.06602,8.10,50.189,2.806,140.82,34.863,30.759,0.022309,0.012392,0.004772,5.020,22.119
30.019531,0,0,1164.89,1.3674,0.05852,7.14,50.193,2.747,137.85,34.858,30.754,-0.017189,-0.001665,-0.011234,4.959,22.119
30.023438,0,0,1159.71,1.3530,0.06189,7.52,50.200,2.652,133.13,34.853,30.749,0.012431,-0.000933,-0.010563,5.011,22.119
30.027344,0,0,1150.55,1.4347,0.06157,7.42,50.176,2.650,132.94,34.848,30.744,-0.017034,0.003910,-0.010663,4.919,22.119
30.031250,0,0,1152.41,1.3468,0.06429,7.76,50.206,2.576,129.34,34.843,30.740,-0.018260,0.000682,-0.010656,4.885,22.119
30.035156,0,0,1152.16,1.3412,0.06770,8.17,50.155,2.782,139.54,34.838,30.735,-0.018123,-0.000409,-0.007375,5.117,22.119
30.039063,0,0,1132.77,1.3766,0.04999,5.93,50.179,2.659,133.45,34.833,30.730,0.020014,0.015393,0.008791,4.951,22.119
30.042969,0,0,1134.03,1.3321,0.06278,7.46,50.174,2.577,129.30,34.828,30.726,-0.021761,0.002422,-0.008651,4.808,22.119
30.046875,0,0,1119.43,1.3560,0.06139,7.20,50.186,2.603,130.66,34.823,30.721,-0.007859,-0.017074,0.007702,4.850,22.119
30.050781,0,0,1112.96,1.3248,0.05585,6.51,50.172,2.672,134.06,34.818,30.716,-0.001647,-0.005302,-0.001599,4.862,22.119
30.054688,0,0,1103.99,1.3733,0.04758,5.50,50.185,2.662,133.60,34.813,30.711,0.005025,0.013222,0.006427,4.858,22.119
30.058594,0,0,1098.26,1.3352,0.05981,6.88,50.193,2.535,127.26,34.808,30.707,0.020741,0.008539,0.000685,4.830,22.119
30.062500,0,0,1101.92,1.3208,0.04971,5.74,50.168,2.644,132.63,34.803,30.702,0.017818,0.015896,0.011411,4.784,22.119
30.066406,0,0,1094.53,1.2881,0.05469,6.27,50.185,2.573,129.12,34.798,30.697,-0.003839,-0.009598,0.003855,4.800,22.119
30.070313,0,0,1089.59,1.2464,0.04739,5.41,50.203,2.569,128.98,34.793,30.692,0.015198,0.019301,0.010978,4.730,22.119
30.074219,0,0,1081.58,1.2009,0.05818,6.59,50.191,2.570,128.97,34.788,30.688,0.019594,0.017474,0.008163,4.694,22.119
30.078125,0,0,1071.77,1.2330,0.05238,5.88,50.195,2.464,123.69,34.783,30.683,0.012876,-0.000066,-0.005949,4.616,22.119
30.082031,0,0,1066.30,1.2078,0.05228,5.84,50.209,2.658,133.47,34.778,30.678,-0.008727,-0.019082,0.009809,4.631,22.119
30.085938,0,0,1065.78,1.2117,0.04411,4.92,50.196,2.513,126.14,34.773,30.673,-0.002861,-0.002737,-0.005541,4.690,22.119
30.089844,0,0,1047.78,1.1038,0.04778,5.24,50.188,2.490,124.96,34.768,30.669,-0.001662,-0.005991,0.002341,4.583,22.118
30.093750,0,0,1052.42,1.1411,0.05162,5.69,50.198,2.465,123.74,34.763,30.664,-0.017873,0.000252,-0.009166,4.576,22.118
30.097656,0,0,1041.83,1.1407,0.04552,4.97,50.176,2.537,127.29,34.758,30.659,-0.008572,-0.019622,0.008337,4.485,22.118
30.101563,0,0,1035.03,1.1470,0.04614,5.00,50.177,2.573,129.09,34.753,30.654,0.014348,0.001991,-0.005273,4.553,22.118
30.105469,0,0,1032.86,1.1152,0.04875,5.27,50.203,2.600,130.54,34.748,30.650,0.014474,0.000960,-0.005843,4.395,22.118
30.109375,0,0,1030.37,1.0655,0.05463,5.89,50.202,2.405,120.72,34.742,30.645,0.011792,0.015498,0.010241,4.484,22.118
30.113281,0,0,1018.88,1.0093,0.05564,5.94,50.212,2.513,126.19,34.737,30.640,0.005832,0.000164,-0.007327,4.474,22.118
30.117188,0,0,1013.17,1.0370,0.04585,4.87,50.198,2.546,127.81,34.732,30.635,-0.002681,-0.014679,0.008491,4.224,22.118
30.121094,0,0,1005.19,1.0044,0.04988,5.25,50.194,2.471,124.03,34.727,30.631,-0.005624,-0.019706,0.008519,4.353,22.118
30.125000,0,0,1002.91,0.9658,0.05443,5.72,50.181,2.473,124.10,34.722,30.626,-0.003526,-0.017278,0.007438,4.432,22.118
30.128906,0,0,1001.40,0.9970,0.05025,5.27,50.195,2.600,130.52,34.717,30.621,-0.017295,0.003607,-0.006811,4.446,22.118
30.132813,0,0,993.98,1.1015,0.04923,5.12,50.194,2.391,120.01,34.712,30.616,0.019384,0.008691,0.001053,4.298,22.118
30.136719,0,0,986.07,1.0499,0.04978,5.14,50.197,2.391,120.01,34.707,30.611,0.011893,0.001082,-0.008207,4.222,22.118
30.140625,0,0,981.88,1.0564,0.03643,3.75,50.209,2.377,119.37,34.702,30.607,0.016505,-0.000503,-0.004369,4.297,22.118
30.144531,0,0,975.70,0.9554,0.04153,4.24,50.185,2.592,130.07,34.697,30.602,0.019778,0.009068,0.000267,4.182,22.118
30.148438,0,0,971.75,0.9801,0.04219,4.29,50.175,2.432,122.00,34.692,30.597,0.007461,-0.002106,-0.008097,4.248,22.118
30.152344,0,0,958.45,0.9860,0.04136,4.15,50.211,2.449,122.97,34.687,30.593,-0.006812,-0.010824,0.004175,4.307,22.118
30.156250,0,0,964.99,0.9552,0.03551,3.59,50.191,2.352,118.05,34.682,30.588,0.004148,0.012363,0.004086,4.206,22.118
30.160156,0,0,950.95,0.9713,0.04888,4.87,50.216,2.282,114.57,34.677,30.583,0.008749,0.011748,0.006221,4.111,22.118
30.164063,0,0,954.76,1.0317,0.04724,4.72,50.212,2.343,117.65,34.672,30.578,0.001491,0.012075,0.003018,4.225,22.117
30.167969,0,0,943.70,0.9375,0.03025,2.99,50.204,2.347,117.81,34.666,30.573,-0.003780,-0.008706,0.001984,4.122,22.117
30.171875,0,0,947.76,0.9173,0.03917,3.89,50.234,2.244,112.71,34.661,30.568,-0.005148,-0.015390,0.010740,4.038,22.117
30.175781,0,0,936.66,0.9485,0.03655,3.58,50.216,2.277,114.36,34.656,30.564,0.015242,0.016472,0.006685,4.169,22.117
30.179688,0,0,930.08,0.9059,0.03229,3.15,50.190,2.416,121.26,34.651,30.559,-0.017481,0.001377,-0.006837,3.996,22.117
30.183594,0,0,921.73,0.9099,0.03567,3.44,50.209,2.384,119.72,34.646,30.554,-0.009913,-0.006985,0.001501,4.014,22.117
30.187500,0,0,918.77,0.8575,0.02954,2.84,50.232,2.282,114.65,34.641,30.549,0.012025,-0.001341,-0.004777,4.036,22.117
30.191406,0,0,918.60,0.8110,0.03953,3.80,50.212,2.318,116.41,34.636,30.545,0.018282,0.004166,-0.004686,3.903,22.117
30.195313,0,0,905.89,0.7784,0.02694,2.56,50.211,2.392,120.10,34.631,30.540,-0.010814,0.000668,-0.008110,3.895,22.117
30.199219,0,0,897.45,0.8414,0.03362,3.16,50.208,2.167,108.82,34.625,30.535,-0.012509,-0.007173,-0.000164,3.823,22.117
30.203125,0,0,901.79,0.8821,0.03502,3.31,50.229,2.314,116.22,34.620,30.530,-0.003506,0.004329,0.000507,3.899,22.117
30.207031,0,0,901.02,0.8148,0.03825,3.61,50.204,2.200,110.45,34.615,30.525,-0.007371,-0.015452,0.007590,3.911,22.117
30.210938,0,0,885.26,0.7892,0.03612,3.35,50.237,2.249,112.97,34.610,30.521,-0.017083,-0.000822,-0.004757,3.823,22.117
30.214844,0,0,880.97,0.7875,0.03881,3.58,50.211,2.319,116.44,34.605,30.516,-0.007177,-0.014229,0.005938,3.821,22.117
30.218750,0,0,878.32,0.8359,0.04225,3.89,50.212,2.195,110.24,34.600,30.511,0.001543,-0.000255,-0.007262,3.734,22.117
30.222656,0,0,875.30,0.7789,0.02797,2.56,50.222,2.329,116.97,34.595,30.506,-0.013816,0.000290,-0.003732,3.781,22.117
30.226563,0,0,868.66,0.7851,0.02543,2.31,50.217,2.199,110.42,34.590,30.501,-0.006741,-0.014908,0.007168,3.774,22.117
30.230469,0,0,865.49,0.8722,0.02393,2.17,50.184,2.288,114.81,34.584,30.497,0.013421,0.013474,0.010534,3.707,22.117
30.234375,0,0,858.93,0.7793,0.03543,3.19,50.234,2.171,109.04,34.579,30.492,-0.016664,-0.000957,-0.009820,3.648,22.117
30.238281,0,0,858.85,0.8044,0.03570,3.21,50.222,2.153,108.13,34.574,30.487,-0.015991,0.000265,-0.009656,3.687,22.116
30.242188,0,0,852.80,0.7543,0.04066,3.63,50.238,2.240,112.55,34.569,30.482,-0.017164,-0.000238,-0.006893,3.667,22.116
30.246094,0,0,842.43,0.7373,0.02748,2.42,50.221,2.248,112.90,34.564,30.477,-0.009689,-0.007581,0.004672,3.544,22.116
30.250000,0,0,836.91,0.7267,0.02678,2.35,50.206,2.174,109.15,34.559,30.473,-0.006352,0.003952,0.000349,3.557,22.116
30.253906,0,0,837.81,0.8036,0.02681,2.35,50.195,2.253,113.07,34.554,30.468,-0.003466,-0.004529,0.000279,3.709,22.116
30.257813,0,0,829.04,0.7342,0.03449,2.99,50.241,2.145,107.74,34.548,30.463,0.011883,0.017325,0.008289,3.637,22.116
30.261719,0,0,829.19,0.7374,0.02785,2.42,50.192,2.215,111.16,34.543,30.458,0.016084,0.004935,-0.000386,3.608,22.116
30.265625,0,0,820.22,0.7852,0.03065,2.63,50.222,2.207,110.82,34.538,30.453,-0.014581,-0.002576,-0.002626,3.556,22.116
30.269531,0,0,812.70,0.6355,0.03144,2.68,50.222,2.185,109.75,34.533,30.449,0.001520,0.009307,0.004582,3.561,22.116
30.273438,0,0,816.58,0.6926,0.02358,2.02,50.229,2.204,110.70,34.528,30.444,0.006891,0.011078,0.003633,3.547,22.116
30.277344,0,0,808.58,0.7756,0.03383,2.86,50.204,2.110,105.92,34.523,30.439,0.005843,0.013788,0.004153,3.604,22.116
30.281250,0,0,807.38,0.6933,0.02479,2.10,50.220,2.243,112.66,34.518,30.434,-0.000100,-0.004123,-0.000000,3.364,22.116
30.285156,0,0,803.02,0.6567,0.02249,1.89,50.222,2.096,105.27,34.512,30.429,0.005933,-0.001150,-0.008822,3.513,22.116
30.289063,0,0,794.87,0.7339,0.02987,2.49,50.214,2.151,108.03,34.507,30.425,0.011515,-0.003166,-0.007008,3.542,22.116
30.292969,0,0,785.72,0.7458,0.02830,2.33,50.236,2.123,106.67,34.502,30.420,-0.008651,-0.005918,0.002199,3.355,22.116
30.296875,0,0,787.51,0.6865,0.03749,3.09,50.217,2.102,105.55,34.497,30.415,-0.004754,-0.011076,0.005832,3.408,22.116
30.300781,0,0,782.07,0.7112,0.02844,2.33,50.217,2.104,105.66,34.492,30.410,-0.002318,0.003599,-0.000531,3.523,22.116
30.304688,0,0,777.20,0.6607,0.03080,2.51,50.240,1.960,98.45,34.486,30.405,-0.003707,-0.012511,0.007473,3.408,22.116
30.308594,0,0,775.97,0.6358,0.01840,1.50,50.196,2.136,107.22,34.481,30.401,0.003149,0.004993,0.000416,3.371,22.116
30.312500,0,0,765.48,0.6246,0.03223,2.58,50.225,2.006,100.74,34.476,30.396,-0.011150,-0.001564,-0.002270,3.148,22.115
30.316406,0,0,763.69,0.6498,0.02523,2.02,50.238,2.249,113.01,34.471,30.391,-0.011784,-0.000406,-0.006925,3.299,22.115
30.320313,0,0,753.93,0.6346,0.02628,2.07,50.222,2.066,103.74,34.466,30.386,0.003677,0.011856,0.004308,3.233,22.115
30.324219,0,0,752.61,0.5874,0.03036,2.39,50.253,2.057,103.39,34.461,30.381,0.003879,-0.002722,-0.005670,3.307,22.115
30.328125,0,0,748.83,0.4580,0.02542,1.99,50.227,1.996,100.25,34.455,30.376,-0.008106,-0.012982,0.003672,3.245,22.115
30.332031,0,0,743.77,0.5805,0.02936,2.29,50.238,2.005,100.70,34.450,30.372,0.001817,0.008691,0.004347,3.173,22.115
30.335938,0,0,745.97,0.6801,0.02808,2.19,50.237,2.084,104.67,34.445,30.367,0.016566,0.009041,0.002336,3.299,22.115
30.339844,0,0,739.71,0.6830,0.02944,2.28,50.231,2.006,100.74,34.440,30.362,0.009042,0.016108,0.004088,3.146,22.115
30.343750,0,0,740.96,0.5682,0.03174,2.46,50.219,2.166,108.79,34.435,30.357,-0.009370,-0.002997,-0.001791,3.167,22.115
30.347656,0,0,725.31,0.5772,0.02257,1.71,50.213,2.141,107.50,34.430,30.353,-0.012926,0.002903,-0.006845,3.165,22.115
30.351563,0,0,726.24,0.5079,0.01955,1.49,50.247,2.096,105.33,34.425,30.348,0.000972,-0.001000,-0.007583,3.083,22.115
30.355469,0,0,720.95,0.5498,0.02012,1.52,50.227,1.972,99.06,34.419,30.343,-0.009617,-0.000003,-0.004197,3.029,22.115
30.359375,0,0,717.80,0.5680,0.02379,1.79,50.215,1.941,97.48,34.414,30.338,0.014177,0.005543,-0.000642,3.112,22.115
30.363281,0,0,718.25,0.4961,0.02522,1.90,50.226,1.979,99.40,34.409,30.333,-0.000165,-0.005384,0.000604,3.186,22.115
30.367188,0,0,712.43,0.5767,0.01679,1.25,50.235,1.913,96.12,34.404,30.328,-0.002554,-0.011119,0.010706,3.118,22.115
30.371094,0,0,702.62,0.4859,0.02285,1.68,50.235,1.907,95.80,34.398,30.324,-0.007381,-0.012358,0.003659,3.030,22.115
30.375000,0,0,705.62,0.4630,0.02070,1.53,50.227,1.985,99.68,34.393,30.319,0.016560,0.005854,-0.002555,3.071,22.115
30.378906,0,0,693.81,0.5446,0.03123,2.27,50.232,1.958,98.37,34.388,30.314,0.011324,-0.002119,-0.004199,2.932,22.115
30.382813,0,0,697.56,0.5033,0.02279,1.67,50.244,2.034,102.19,34.383,30.309,0.014897,0.000292,-0.001294,3.036,22.115
30.386719,0,0,695.11,0.4813,0.02368,1.72,50.215,2.008,100.84,34.378,30.304,0.007714,0.014419,0.005592,3.071,22.114
30.390625,0,0,690.85,0.5676,0.01979,1.43,50.235,1.954,98.18,34.372,30.300,-0.007701,0.003889,-0.002586,3.032,22.114
30.394531,0,0,677.22,0.4858,0.01762,1.25,50.240,1.850,92.93,34.367,30.295,0.008095,0.013844,0.007074,3.043,22.114
30.398438,0,0,674.08,0.5010,0.02130,1.50,50.211,1.960,98.43,34.362,30.290,-0.005529,-0.010526,0.006710,2.958,22.114
30.402344,0,0,676.56,0.5163,0.01209,0.86,50.230,2.083,104.63,34.357,30.285,-0.012094,0.000411,-0.006921,2.924,22.114
30.406250,0,0,670.51,0.4251,0.01886,1.32,50.230,1.948,97.84,34.352,30.280,-0.016150,0.001425,-0.004861,2.937,22.114
30.410156,0,0,666.67,0.3922,0.02788,1.95,50.227,1.948,97.84,34.346,30.276,-0.010076,0.003731,-0.004569,2.987,22.114
30.414063,0,0,665.59,0.4472,0.01529,1.07,50.267,1.983,99.67,34.341,30.271,0.002015,0.001488,-0.002945,2.942,22.114
30.417969,0,0,662.44,0.4390,0.01693,1.17,50.243,1.919,96.43,34.336,30.266,-0.013247,0.003229,-0.008180,2.911,22.114
30.421875,0,0,652.87,0.5162,0.01940,1.33,50.252,1.915,96.23,34.331,30.261,0.008783,0.012407,0.005041,2.905,22.114
30.425781,0,0,654.74,0.4149,0.01171,0.80,50.245,1.892,95.04,34.326,30.256,0.006058,0.006870,0.004324,2.834,22.114
30.429688,0,0,646.72,0.4611,0.02286,1.55,50.241,2.002,100.57,34.321,30.252,0.002398,0.005393,0.004923,2.837,22.114
30.433594,0,0,647.67,0.4433,0.01432,0.97,50.241,1.967,98.84,34.315,30.247,-0.003364,-0.008770,0.004458,2.873,22.114
30.437500,0,0,643.23,0.3722,0.01461,0.98,50.248,2.024,101.71,34.310,30.242,0.006626,-0.000716,-0.005354,2.991,22.114
30.441406,0,0,639.97,0.3887,0.01545,1.04,50.270,1.768,88.90,34.305,30.237,-0.007918,-0.004979,0.002770,2.692,22.114
30.445313,0,0,631.17,0.4326,0.02553,1.69,50.229,1.894,95.12,34.300,30.232,0.011481,-0.000321,-0.003207,2.871,22.114
30.449219,0,0,628.63,0.3820,0.02455,1.62,50.266,1.852,93.09,34.295,30.228,0.007762,0.010129,0.005256,2.744,22.114
30.453125,0,0,630.61,0.3512,0.02252,1.49,50.226,1.938,97.32,34.289,30.223,0.011443,0.013392,0.005251,2.785,22.114
30.457031,0,0,617.42,0.3667,0.01373,0.89,50.258,1.744,87.66,34.284,30.218,-0.004402,-0.001908,-0.004330,2.604,22.114
30.460938,0,0,625.37,0.4543,0.01024,0.67,50.271,1.816,91.29,34.279,30.213,0.000401,-0.005712,0.003366,2.704,22.113
30.464844,0,0,615.52,0.4716,0.02044,1.32,50.265,1.887,94.83,34.274,30.208,-0.002212,-0.015372,0.006712,2.641,22.113
30.468750,0,0,612.56,0.3920,0.00858,0.55,50.254,1.780,89.44,34.268,30.203,0.008437,0.014953,0.006811,2.650,22.113
30.472656,0,0,613.28,0.4041,0.01434,0.92,50.222,1.973,99.08,34.263,30.199,-0.003914,-0.007136,0.003443,2.603,22.113
30.476563,0,0,609.76,0.2899,0.01817,1.16,50.259,1.932,97.09,34.258,30.194,-0.008528,-0.001528,0.002847,2.595,22.113
30.480469,0,0,603.41,0.3940,0.01744,1.10,50.241,1.775,89.19,34.253,30.189,-0.005092,-0.009289,0.006271,2.693,22.113
30.484375,0,0,606.17,0.4654,0.02830,1.80,50.230,1.873,94.07,34.248,30.184,0.000394,0.007832,0.002976,2.589,22.113
30.488281,0,0,600.38,0.3682,0.00585,0.37,50.234,1.852,93.02,34.242,30.180,0.011958,0.012918,0.005968,2.545,22.113
30.492188,0,0,599.61,0.3730,0.02207,1.39,50.273,1.718,86.39,34.237,30.175,-0.007586,-0.002928,-0.000941,2.528,22.113
30.496094,0,0,582.59,0.3492,0.02118,1.29,50.271,1.658,83.37,34.232,30.170,0.011738,0.009453,0.004397,2.630,22.113
30.500000,0,0,584.89,0.3584,0.01397,0.86,50.259,1.836,92.30,34.227,30.165,0.006280,-0.003165,-0.005285,2.478,22.113
30.503906,0,0,586.02,0.3579,0.01130,0.69,50.250,1.819,91.38,34.221,30.160,-0.007434,0.001211,-0.003178,2.558,22.113
30.507813,0,0,586.56,0.4287,0.02108,1.29,50.234,1.886,94.72,34.216,30.156,0.013768,0.001067,-0.002894,2.595,22.113
30.511719,0,0,575.46,0.3447,0.01699,1.02,50.239,1.753,88.07,34.211,30.151,-0.006642,-0.011097,0.003131,2.574,22.113
30.515625,0,0,578.34,0.3947,0.01392,0.84,50.252,1.894,95.19,34.206,30.146,0.017595,0.006843,0.003219,2.576,22.113
30.519531,0,0,567.99,0.3263,0.01677,1.00,50.259,1.807,90.82,34.201,30.141,-0.008574,0.001277,-0.003912,2.499,22.113
30.523438,0,0,564.13,0.3299,0.01920,1.13,50.229,1.941,97.49,34.195,30.136,0.001253,0.009840,0.002354,2.460,22.113
30.527344,0,0,569.00,0.2762,0.01147,0.68,50.254,1.830,91.99,34.190,30.132,-0.005306,-0.007628,0.000703,2.424,22.113
30.531250,0,0,563.52,0.3400,0.01355,0.80,50.251,1.804,90.64,34.185,30.127,-0.011091,-0.000374,-0.003363,2.377,22.112
30.535156,0,0,560.62,0.2602,0.01542,0.91,50.254,1.702,85.54,34.180,30.122,0.004599,0.000605,-0.006163,2.529,22.112
30.539063,0,0,553.88,0.3395,0.00420,0.24,50.244,1.788,89.82,34.175,30.117,-0.008865,0.004908,-0.003507,2.323,22.112
30.542969,0,0,551.87,0.3683,0.01141,0.66,50.285,1.787,89.88,34.169,30.113,-0.009070,0.003263,-0.003444,2.386,22.112
30.546875,0,0,551.52,0.4072,0.01455,0.84,50.235,1.833,92.08,34.164,30.108,-0.011083,0.000570,-0.004921,2.402,22.112
30.550781,0,0,546.21,0.2712,0.02216,1.27,50.249,1.829,91.93,34.159,30.103,0.013476,0.010048,0.004386,2.416,22.112
30.554688,0,0,541.86,0.3515,0.00803,0.46,50.255,1.851,93.03,34.154,30.098,-0.002049,0.002531,-0.000796,2.258,22.112
30.558594,0,0,538.30,0.3445,0.00818,0.46,50.219,1.742,87.49,34.149,30.094,0.014860,0.004615,0.001659,2.391,22.112
30.562500,0,0,536.98,0.3034,0.01317,0.74,50.278,1.805,90.75,34.144,30.089,-0.004312,-0.010037,0.001307,2.340,22.112
30.566406,0,0,536.65,0.3043,0.02231,1.25,50.237,1.654,83.10,34.138,30.084,-0.001096,-0.001271,-0.008049,2.366,22.112
30.570313,0,0,532.05,0.2374,0.00881,0.49,50.284,1.749,87.94,34.133,30.079,0.008961,0.008568,0.004952,2.302,22.112
30.574219,0,0,526.10,0.2274,0.02166,1.19,50.274,1.687,84.82,34.128,30.074,0.011004,0.011817,0.005517,2.232,22.112
30.578125,0,0,525.00,0.2423,0.01028,0.57,50.277,1.786,89.79,34.123,30.070,-0.003809,-0.010155,0.004771,2.227,22.112
30.582031,0,0,525.93,0.3254,0.01075,0.59,50.253,1.760,88.44,34.117,30.065,0.010180,0.014059,0.004381,2.307,22.112
30.585938,0,0,523.18,0.3118,0.01492,0.82,50.278,1.698,85.38,34.112,30.060,-0.006901,-0.002365,-0.000746,2.267,22.112
30.589844,0,0,521.34,0.2871,0.00716,0.39,50.277,1.743,87.64,34.107,30.055,-0.007910,-0.000030,-0.003765,2.280,22.112
30.593750,0,0,510.08,0.2544,0.01325,0.71,50.242,1.744,87.63,34.102,30.051,0.010916,0.010316,0.006042,2.162,22.112
30.597656,0,0,512.31,0.2493,0.01111,0.60,50.259,1.602,80.51,34.097,30.046,0.009466,0.002226,-0.003304,2.196,22.112
30.601563,0,0,507.71,0.2890,0.00261,0.14,50.264,1.814,91.16,34.091,30.041,-0.002862,0.004731,-0.000812,2.200,22.112
30.605469,0,0,501.89,0.3089,0.00361,0.19,50.243,1.698,85.29,34.086,30.036,0.001062,0.006383,0.004364,2.201,22.111
30.609375,0,0,502.26,0.2890,0.00246,0.13,50.282,1.687,84.85,34.081,30.032,0.014770,0.004477,-0.001192,2.190,22.111
30.613281,0,0,497.63,0.2396,0.01155,0.60,50.228,1.757,88.25,34.076,30.027,-0.005888,0.000033,-0.002459,2.017,22.111
30.617188,0,0,497.76,0.3075,0.01484,0.77,50.245,1.771,88.98,34.071,30.022,0.003008,0.008270,0.003390,2.120,22.111
30.621094,0,0,493.72,0.2480,0.01655,0.86,50.266,1.705,85.68,34.065,30.017,0.000543,0.004235,-0.000601,2.040,22.111
30.625000,0,0,494.51,0.2678,0.01339,0.69,50.267,1.790,89.97,34.060,30.013,0.000961,-0.001924,-0.003981,2.178,22.111
30.628906,0,0,486.56,0.2553,0.00179,0.09,50.281,1.732,87.07,34.055,30.008,0.004561,-0.000962,-0.005803,2.008,22.111
30.632813,0,0,482.57,0.3137,0.01758,0.89,50.272,1.743,87.63,34.050,30.003,0.001224,0.002110,-0.003922,2.013,22.111
30.636719,0,0,484.39,0.2198,0.01460,0.74,50.278,1.664,83.65,34.045,29.998,0.002531,-0.001054,-0.006923,2.169,22.111
30.640625,0,0,478.61,0.2536,0.01039,0.52,50.274,1.593,80.09,34.039,29.994,0.000028,-0.000392,0.001048,1.991,22.111
30.644531,0,0,476.30,0.2875,0.01029,0.51,50.249,1.644,82.60,34.034,29.989,0.006351,0.001186,-0.002593,2.106,22.111
30.648438,0,0,471.82,0.2266,0.01017,0.50,50.224,1.745,87.63,34.029,29.984,0.000461,0.007232,0.005129,2.049,22.111
30.652344,0,0,470.51,0.2042,0.01145,0.56,50.279,1.576,79.26,34.024,29.979,0.002740,0.000002,-0.004153,1.939,22.111
30.656250,0,0,475.19,0.2160,0.00852,0.42,50.247,1.745,87.68,34.019,29.975,-0.011648,0.000675,-0.005742,2.107,22.111
30.660156,0,0,466.24,0.3337,0.01349,0.66,50.256,1.757,88.28,34.013,29.970,0.007550,0.003965,-0.002602,2.028,22.111
30.664063,0,0,461.66,0.2139,0.00514,0.25,50.284,1.587,79.79,34.008,29.965,-0.005667,0.002785,-0.001105,1.994,22.111
30.667969,0,0,463.12,0.1438,0.00516,0.25,50.239,1.679,84.36,34.003,29.960,-0.008260,-0.005473,-0.001167,1.869,22.111
30.671875,0,0,456.82,0.2090,0.00292,0.14,50.262,1.630,81.92,33.998,29.956,-0.002882,-0.008554,0.006025,2.004,22.111
30.675781,0,0,458.12,0.3318,0.01867,0.90,50.258,1.705,85.71,33.993,29.951,0.011292,0.005878,-0.003508,2.001,22.110
30.679688,0,0,451.74,0.1324,0.00460,0.22,50.262,1.716,86.26,33.988,29.946,-0.000037,0.003515,0.001294,1.885,22.110
30.683594,0,0,456.52,0.2203,0.01382,0.66,50.266,1.647,82.77,33.982,29.942,-0.003104,-0.005797,0.001902,1.952,22.110
30.687500,0,0,443.33,0.1831,0.00879,0.41,50.247,1.654,83.10,33.977,29.937,-0.010955,-0.001359,-0.004114,2.002,22.110
30.691406,0,0,447.53,0.2220,0.01107,0.52,50.276,1.602,80.54,33.972,29.932,-0.006905,-0.001329,-0.001328,2.004,22.110
30.695313,0,0,444.63,0.2808,0.00449,0.21,50.253,1.649,82.87,33.967,29.927,0.000441,-0.003245,0.000459,2.065,22.110
30.699219,0,0,444.82,0.1696,0.00494,0.23,50.265,1.748,87.89,33.962,29.923,-0.004644,-0.012482,0.007163,1.903,22.110
30.703125,0,0,436.88,0.1999,0.00821,0.38,50.248,1.698,85.30,33.956,29.918,-0.004205,-0.011619,0.005586,1.968,22.110
30.707031,0,0,439.85,0.1540,0.01044,0.48,50.255,1.815,91.22,33.951,29.913,0.009214,0.009210,0.003525,1.992,22.110
30.710938,0,0,439.96,0.2793,0.00955,0.44,50.289,1.593,80.10,33.946,29.909,0.010679,0.003722,0.001203,1.849,22.110
30.714844,0,0,428.06,0.2005,0.00831,0.37,50.276,1.557,78.28,33.941,29.904,0.013929,0.012678,0.006277,1.851,22.110
30.718750,0,0,422.91,0.1867,0.01304,0.58,50.268,1.612,81.05,33.936,29.899,-0.003601,-0.006428,0.004688,1.778,22.110
30.722656,0,0,434.63,0.2164,0.01255,0.57,50.258,1.669,83.90,33.931,29.895,0.000789,-0.011258,0.003155,1.830,22.110
30.726563,0,0,430.81,0.0866,0.00745,0.34,50.260,1.732,87.05,33.925,29.890,-0.008138,-0.011821,0.002845,1.820,22.110
30.730469,0,0,428.82,0.2074,0.00570,0.26,50.266,1.549,77.87,33.920,29.885,-0.004611,-0.008291,0.005515,1.937,22.110
30.734375,0,0,421.64,0.2301,0.00124,0.05,50.288,1.628,81.86,33.915,29.880,0.001898,0.006491,0.000507,1.962,22.110
30.738281,0,0,416.35,0.2003,0.00332,0.14,50.270,1.629,81.90,33.910,29.876,0.007140,0.000219,-0.005051,1.808,22.110
30.742188,0,0,416.00,0.1237,0.01077,0.47,50.266,1.678,84.33,33.905,29.871,0.012432,0.008849,0.001278,1.898,22.110
30.746094,0,0,415.39,0.1928,0.01132,0.49,50.263,1.546,77.72,33.900,29.866,-0.011384,0.000584,-0.007299,1.903,22.110
30.750000,0,0,410.64,0.1965,0.00963,0.41,50.264,1.673,84.07,33.894,29.862,-0.001347,-0.001943,0.002192,1.724,22.109
30.753906,0,0,403.68,0.1878,0.00668,0.28,50.272,1.563,78.56,33.889,29.857,-0.004990,0.001680,-0.006310,1.838,22.109
30.757813,0,0,409.20,0.2059,0.00841,0.36,50.240,1.515,76.13,33.884,29.852,-0.012924,-0.001318,-0.005312,1.849,22.109
30.761719,0,0,398.92,0.1403,0.00000,0.00,50.287,1.555,78.22,33.879,29.848,-0.001955,-0.008392,0.002802,1.697,22.109
30.765625,0,0,397.35,0.1659,0.00262,0.11,50.267,1.631,81.97,33.874,29.843,-0.009205,-0.004859,-0.005310,1.786,22.109
30.769531,0,0,400.74,0.1322,0.01221,0.51,50.269,1.508,75.82,33.868,29.838,-0.002891,-0.008260,0.005089,1.688,22.109
30.773438,0,0,397.14,0.2292,0.00646,0.27,50.276,1.554,78.14,33.863,29.833,-0.006933,-0.007163,-0.000980,1.713,22.109
30.777344,0,0,397.05,0.1838,0.01147,0.48,50.256,1.610,80.93,33.858,29.829,-0.004141,-0.005710,0.000537,1.707,22.109
30.781250,0,0,388.14,0.2313,0.00913,0.37,50.283,1.572,79.03,33.853,29.824,0.013583,0.010838,0.002764,1.718,22.109
30.785156,0,0,395.20,0.1368,0.01720,0.71,50.269,1.634,82.14,33.848,29.819,-0.008169,0.001577,-0.005099,1.801,22.109
30.789063,0,0,391.49,0.2228,0.00263,0.11,50.262,1.640,82.45,33.843,29.815,-0.007637,0.002916,-0.006656,1.677,22.109
30.792969,0,0,388.52,0.1716,0.00000,0.00,50.266,1.560,78.40,33.837,29.810,-0.000495,-0.001812,-0.005049,1.777,22.109
30.796875,0,0,385.44,0.1445,0.00969,0.39,50.265,1.534,77.09,33.832,29.805,-0.011867,0.000477,-0.004654,1.671,22.109
30.800781,0,0,385.02,0.1107,0.01183,0.48,50.257,1.581,79.47,33.827,29.801,-0.006298,-0.008951,0.000908,1.608,22.109
30.804688,0,0,378.66,0.1852,0.00000,0.00,50.259,1.615,81.19,33.822,29.796,0.001205,-0.000382,-0.004559,1.572,22.109
30.808594,0,0,374.39,0.2298,0.00366,0.14,50.270,1.480,74.40,33.817,29.791,0.008373,-0.000136,-0.000314,1.608,22.109
30.812500,0,0,377.53,0.1422,0.00601,0.24,50.273,1.586,79.75,33.812,29.787,-0.006114,-0.001706,-0.002453,1.690,22.109
30.816406,0,0,373.54,0.2411,0.00599,0.23,50.276,1.544,77.63,33.806,29.782,-0.010733,0.003465,-0.005581,1.694,22.109
30.820313,0,0,375.72,0.0939,0.01300,0.51,50.279,1.516,76.21,33.801,29.777,0.004171,0.007261,0.001592,1.591,22.108
30.824219,0,0,371.39,0.0600,0.01184,0.46,50.262,1.424,71.55,33.796,29.773,-0.010906,0.001642,-0.006181,1.627,22.108
30.828125,0,0,369.03,0.2305,0.00000,0.00,50.275,1.606,80.76,33.791,29.768,-0.003016,-0.011506,0.004913,1.599,22.108
30.832031,0,0,362.92,0.1460,0.00553,0.21,50.252,1.572,78.98,33.786,29.763,-0.001550,-0.004423,0.003941,1.653,22.108
30.835938,0,0,363.20,0.1217,0.01365,0.52,50.288,1.493,75.06,33.781,29.759,-0.004716,-0.003999,0.002264,1.607,22.108
30.839844,0,0,363.84,0.0578,0.01349,0.51,50.269,1.678,84.35,33.776,29.754,0.001881,0.004094,0.005134,1.459,22.108
30.843750,0,0,358.50,0.1571,0.00075,0.03,50.276,1.481,74.46,33.770,29.749,0.006628,-0.001218,-0.003798,1.483,22.108
30.847656,0,0,356.95,0.0988,0.00743,0.28,50.267,1.547,77.79,33.765,29.745,-0.004027,-0.007737,0.004632,1.534,22.108
30.851563,0,0,358.26,0.0834,0.00757,0.28,50.304,1.532,77.06,33.760,29.740,0.012130,0.002268,0.000318,1.611,22.108
30.855469,0,0,357.69,0.0887,0.01351,0.51,50.282,1.419,71.36,33.755,29.735,-0.001232,0.003311,-0.000757,1.546,22.108
30.859375,0,0,354.55,0.2076,0.00972,0.36,50.273,1.496,75.22,33.750,29.731,-0.000275,-0.003080,-0.005090,1.481,22.108
30.863281,0,0,351.32,0.1091,0.00176,0.06,50.282,1.419,71.36,33.744,29.726,-0.006081,-0.002171,-0.000800,1.458,22.108
30.867188,0,0,348.18,0.1277,0.00000,0.00,50.271,1.449,72.84,33.739,29.721,0.012876,0.011271,0.004124,1.536,22.108
30.871094,0,0,348.73,0.0790,0.00742,0.27,50.271,1.521,76.46,33.734,29.717,0.000615,-0.000002,-0.002398,1.590,22.108
30.875000,0,0,343.26,0.0701,0.00000,0.00,50.285,1.493,75.09,33.729,29.712,-0.005703,-0.010104,0.004095,1.445,22.108
30.878906,0,0,345.37,0.1384,0.00108,0.04,50.284,1.482,74.52,33.724,29.707,-0.012481,-0.000697,-0.001310,1.522,22.108
30.882813,0,0,343.61,0.1504,0.00528,0.19,50.262,1.517,76.23,33.719,29.703,-0.009615,0.002248,-0.004033,1.484,22.108
30.886719,0,0,335.72,0.1285,0.01146,0.40,50.264,1.461,73.44,33.713,29.698,-0.006106,-0.000423,-0.006757,1.438,22.108
30.890625,0,0,337.90,0.1471,0.00846,0.30,50.308,1.421,71.48,33.708,29.693,0.000074,0.003864,0.001779,1.381,22.107
30.894531,0,0,337.27,0.1871,0.00856,0.30,50.301,1.454,73.12,33.703,29.689,-0.005699,-0.006756,0.005347,1.488,22.107
30.898438,0,0,331.47,0.0147,0.01538,0.53,50.271,1.516,76.22,33.698,29.684,-0.005665,-0.003999,0.000935,1.472,22.107
30.902344,0,0,332.55,0.0250,0.00518,0.18,50.299,1.555,78.19,33.693,29.680,0.008004,-0.001085,-0.003294,1.386,22.107
30.906250,0,0,330.66,0.1728,0.00043,0.01,50.288,1.523,76.57,33.688,29.675,0.001426,0.000764,-0.005809,1.326,22.107
30.910156,0,0,328.26,0.1738,0.00023,0.01,50.278,1.459,73.36,33.683,29.670,0.008983,0.011748,0.006286,1.397,22.107
30.914063,0,0,331.46,0.1245,0.00645,0.22,50.265,1.531,76.94,33.677,29.666,-0.008254,0.003183,-0.001561,1.455,22.107
30.917969,0,0,322.34,0.0362,0.00000,0.00,50.264,1.537,77.27,33.672,29.661,0.010928,0.010615,0.006526,1.300,22.107
30.921875,0,0,321.63,0.1662,0.00960,0.32,50.265,1.567,78.77,33.667,29.657,-0.008691,0.002375,-0.003223,1.356,22.107
30.925781,0,0,315.89,0.1128,0.00000,0.00,50.283,1.484,74.63,33.662,29.652,-0.009366,-0.004493,-0.003120,1.387,22.107
30.929688,0,0,323.12,0.1387,0.00000,0.00,50.291,1.495,75.18,33.657,29.647,-0.005453,-0.012331,0.004526,1.438,22.107
30.933594,0,0,311.31,0.0709,0.00230,0.07,50.306,1.542,77.59,33.652,29.643,-0.003995,-0.009600,0.001554,1.359,22.107
30.937500,0,0,311.30,0.1135,0.00673,0.22,50.296,1.482,74.54,33.647,29.638,-0.001888,-0.003798,0.001198,1.310,22.107
30.941406,0,0,314.52,0.0564,0.00821,0.27,50.275,1.565,78.69,33.642,29.634,0.012324,0.004941,-0.000632,1.429,22.107
30.945313,0,0,318.83,0.0632,0.00357,0.12,50.271,1.502,75.51,33.637,29.629,0.001112,-0.001207,-0.001631,1.272,22.107
30.949219,0,0,311.90,0.0656,0.00700,0.23,50.313,1.374,69.13,33.631,29.624,-0.006660,0.001515,-0.003389,1.361,22.107
30.953125,0,0,302.94,0.1221,0.00207,0.07,50.264,1.468,73.81,33.626,29.620,0.004762,-0.001240,-0.002571,1.273,22.107
30.957031,0,0,302.46,0.1156,0.00900,0.28,50.264,1.438,72.26,33.621,29.615,0.004995,0.011814,0.008232,1.319,22.107
30.960938,0,0,304.21,0.1191,0.00216,0.07,50.281,1.470,73.93,33.616,29.611,-0.001246,0.007002,0.000501,1.284,22.106
30.964844,0,0,303.40,0.0480,0.00295,0.09,50.274,1.448,72.79,33.611,29.606,-0.003795,-0.006504,0.006620,1.408,22.106
30.968750,0,0,303.51,0.1165,0.00784,0.25,50.282,1.350,67.90,33.606,29.601,-0.004725,-0.005657,0.004136,1.460,22.106
30.972656,0,0,300.64,0.0836,0.00245,0.08,50.312,1.413,71.08,33.601,29.597,0.011998,0.003064,0.002761,1.350,22.106
30.976563,0,0,297.15,0.0952,0.00384,0.12,50.268,1.561,78.44,33.596,29.592,-0.001642,-0.000124,-0.001685,1.223,22.106
30.980469,0,0,299.49,0.1067,0.01624,0.51,50.262,1.491,74.93,33.590,29.588,-0.005867,-0.004894,0.002893,1.310,22.106
30.984375,0,0,293.27,0.1403,0.00321,0.10,50.298,1.389,69.88,33.585,29.583,0.002084,-0.005169,-0.000862,1.322,22.106
30.988281,0,0,288.73,0.0721,0.01026,0.31,50.288,1.435,72.15,33.580,29.578,0.011045,0.005078,0.005049,1.239,22.106
30.992188,0,0,289.67,0.0350,0.00022,0.01,50.299,1.369,68.86,33.575,29.574,-0.003021,-0.009488,0.002126,1.281,22.106
30.996094,0,0,284.74,0.0617,0.00781,0.23,50.280,1.481,74.47,33.570,29.569,0.013339,0.005910,0.006231,1.289,22.106
31.000000,0,0,291.31,0.0000,0.00095,0.03,50.299,1.385,69.69,33.565,29.565,-0.004541,-0.007125,0.003347,1.329,22.106
31.003906,0,0,287.32,0.1486,0.00524,0.16,50.280,1.438,72.31,33.560,29.560,-0.001989,-0.003842,-0.000223,1.283,22.106
31.007813,0,0,276.86,0.0816,0.00419,0.12,50.267,1.396,70.19,33.555,29.555,0.008351,0.006682,0.006377,1.328,22.106
31.011719,0,0,281.89,0.0654,0.00186,0.05,50.279,1.382,69.48,33.549,29.551,-0.005892,-0.001570,0.002305,1.152,22.106
31.015625,0,0,281.44,0.0740,0.01154,0.34,50.286,1.344,67.57,33.544,29.546,-0.000895,-0.004556,0.001553,1.302,22.106
31.019531,0,0,282.77,0.0461,0.00016,0.00,50.280,1.363,68.51,33.539,29.542,0.012781,0.005101,-0.000971,1.266,22.106
31.023438,0,0,278.80,0.0547,0.00000,0.00,50.295,1.437,72.25,33.534,29.537,0.010836,0.006443,0.001452,1.235,22.106
31.027344,0,0,278.81,0.0256,0.00000,0.00,50.284,1.388,69.81,33.529,29.532,0.010427,0.004040,0.001899,1.191,22.106
31.031250,0,0,279.33,0.0000,0.00813,0.24,50.315,1.450,72.94,33.524,29.528,0.000331,-0.005603,0.003872,1.263,22.106
31.035156,0,0,275.44,0.0660,0.00000,0.00,50.271,1.476,74.18,33.519,29.523,0.001295,-0.002665,0.001005,1.179,22.105
31.039063,0,0,273.57,0.0989,0.00278,0.08,50.299,1.277,64.23,33.514,29.519,-0.004224,-0.004437,0.005999,1.241,22.105
31.042969,0,0,265.79,0.0451,0.00511,0.14,50.279,1.427,71.77,33.508,29.514,-0.004361,-0.008645,0.002375,1.043,22.105
31.046875,0,0,266.24,0.1030,0.00000,0.00,50.272,1.378,69.28,33.503,29.510,-0.006980,0.000595,-0.005031,1.159,22.105
31.050781,0,0,272.42,0.0267,0.00164,0.05,50.284,1.465,73.66,33.498,29.505,-0.000851,0.004406,0.002833,1.171,22.105
31.054688,0,0,269.04,0.0830,0.00380,0.11,50.282,1.495,75.18,33.493,29.501,0.007586,0.002132,-0.003684,1.190,22.105
31.058594,0,0,266.14,0.1050,0.00965,0.27,50.308,1.416,71.23,33.488,29.496,-0.009141,-0.002582,-0.001426,1.137,22.105
31.062500,0,0,263.40,0.1335,0.00506,0.14,50.262,1.400,70.39,33.483,29.492,0.000988,-0.002394,-0.004903,1.002,22.105
31.066406,0,0,259.79,0.1071,0.00000,0.00,50.271,1.350,67.85,33.478,29.487,-0.002657,-0.006154,0.001910,1.052,22.105
31.070313,0,0,258.74,0.0993,0.00103,0.03,50.268,1.368,68.78,33.473,29.482,0.002269,0.004047,0.001693,1.134,22.105
31.074219,0,0,256.28,0.1057,0.00393,0.11,50.275,1.441,72.43,33.468,29.478,-0.003117,-0.002621,-0.001498,1.069,22.105
31.078125,0,0,256.84,0.0954,0.00308,0.08,50.280,1.418,71.28,33.463,29.473,0.005820,0.005890,0.003206,1.084,22.105
31.082031,0,0,258.05,0.0509,0.00367,0.10,50.288,1.435,72.18,33.458,29.469,-0.006219,-0.005538,-0.000165,1.216,22.105
31.085938,0,0,254.14,0.1031,0.00113,0.03,50.304,1.351,67.98,33.453,29.464,-0.005454,-0.005399,0.002418,1.034,22.105
31.089844,0,0,251.31,0.0387,0.01623,0.43,50.291,1.488,74.86,33.448,29.460,0.006088,0.001979,-0.001754,0.926,22.105
31.093750,0,0,247.78,0.1421,0.00441,0.11,50.276,1.365,68.60,33.442,29.455,0.001509,-0.003257,-0.001475,1.158,22.105
31.097656,0,0,252.40,0.1440,0.00000,0.00,50.287,1.460,73.39,33.437,29.451,-0.008826,0.001983,-0.001760,0.931,22.105
31.101563,0,0,251.16,0.0673,0.01025,0.27,50.301,1.461,73.50,33.432,29.446,0.011802,0.003299,-0.000199,1.003,22.105
31.105469,0,0,250.14,0.1105,0.01487,0.39,50.289,1.295,65.12,33.427,29.442,-0.005376,-0.000371,-0.001199,1.039,22.104
31.109375,0,0,251.66,0.0903,0.00265,0.07,50.293,1.262,63.47,33.422,29.437,0.000453,-0.005471,0.001388,1.135,22.104
31.113281,0,0,242.07,0.1063,0.00822,0.21,50.306,1.418,71.31,33.417,29.433,-0.003079,-0.003104,0.002243,1.155,22.104
31.117188,0,0,245.64,0.1128,0.00634,0.16,50.284,1.445,72.66,33.412,29.428,0.002453,-0.003712,-0.003854,1.209,22.104
31.121094,0,0,244.24,0.1278,0.00962,0.25,50.272,1.421,71.45,33.407,29.424,-0.007204,-0.001954,0.000325,0.983,22.104
31.125000,0,0,248.95,0.0845,0.00470,0.12,50.306,1.211,60.91,33.402,29.419,0.010710,0.008446,-0.000326,0.987,22.104
31.128906,0,0,239.63,0.0160,0.00418,0.10,50.286,1.335,67.11,33.397,29.415,0.005748,0.002625,-0.005498,1.071,22.104
31.132813,0,0,243.05,0.0410,0.00000,0.00,50.296,1.413,71.05,33.392,29.410,0.008325,0.008653,0.005300,0.978,22.104
31.136719,0,0,238.28,0.0078,0.00194,0.05,50.302,1.407,70.80,33.387,29.406,-0.004888,-0.007693,0.004622,0.912,22.104
31.140625,0,0,233.19,0.0679,0.01275,0.31,50.293,1.390,69.88,33.382,29.401,0.005636,0.008949,0.002505,0.993,22.104
31.144531,0,0,229.69,0.0629,0.01149,0.28,50.295,1.384,69.62,33.377,29.397,0.009575,0.000830,-0.000739,0.984,22.104
31.148438,0,0,232.95,0.0359,0.00000,0.00,50.300,1.529,76.91,33.372,29.392,-0.003784,0.002691,-0.001116,1.063,22.104
31.152344,0,0,232.92,0.0782,0.00000,0.00,50.293,1.373,69.05,33.367,29.388,-0.005076,0.002256,0.000161,1.112,22.104
31.156250,0,0,230.38,0.0944,0.00311,0.08,50.313,1.313,66.05,33.361,29.383,-0.004053,-0.009950,0.003156,1.139,22.104
31.160156,0,0,223.40,0.0979,0.00057,0.01,50.284,1.367,68.72,33.356,29.379,0.001283,0.006594,0.002351,0.931,22.104
31.164063,0,0,222.33,0.0035,0.00000,0.00,50.286,1.373,69.02,33.351,29.374,-0.002355,-0.005081,0.001658,1.065,22.104
31.167969,0,0,232.35,0.0156,0.00751,0.18,50.304,1.379,69.39,33.346,29.370,-0.008733,-0.002489,0.000900,0.980,22.104
31.171875,0,0,221.03,0.0000,0.00749,0.17,50.300,1.321,66.43,33.341,29.365,-0.008168,0.001075,-0.003682,0.867,22.104
31.175781,0,0,222.83,0.0553,0.00000,0.00,50.300,1.327,66.75,33.336,29.361,-0.004780,0.000111,-0.005515,0.943,22.103
31.179688,0,0,222.71,0.0101,0.00000,0.00,50.301,1.348,67.81,33.331,29.356,-0.006929,-0.002582,-0.002240,0.921,22.103
31.183594,0,0,227.76,0.0677,0.00597,0.14,50.294,1.403,70.55,33.326,29.352,0.001115,-0.001090,-0.005452,0.963,22.103
31.187500,0,0,225.25,0.0426,0.00494,0.12,50.265,1.405,70.60,33.321,29.347,0.011077,0.010733,0.002995,1.009,22.103
31.191406,0,0,215.82,0.0000,0.00000,0.00,50.297,1.443,72.58,33.316,29.343,0.010188,0.004715,0.001768,1.015,22.103
31.195313,0,0,220.02,0.0901,0.00275,0.06,50.290,1.306,65.69,33.311,29.339,-0.000149,-0.001222,-0.001989,0.956,22.103
31.199219,0,0,211.09,0.1380,0.00000,0.00,50.306,1.325,66.65,33.306,29.334,-0.008468,-0.000851,-0.002992,0.964,22.103
31.203125,0,0,212.56,0.0843,0.00000,0.00,50.288,1.389,69.83,33.301,29.330,-0.001302,-0.007274,0.000752,0.877,22.103
31.207031,0,0,211.71,0.0851,0.00792,0.18,50.288,1.340,67.37,33.296,29.325,0.009599,0.005731,0.007136,0.928,22.103
31.210938,0,0,214.28,0.0000,0.00000,0.00,50.302,1.269,63.85,33.291,29.321,-0.002752,-0.005171,0.001127,0.915,22.103
31.214844,0,0,217.32,0.0749,0.01169,0.27,50.275,1.486,74.69,33.286,29.316,0.006880,0.006714,0.005205,1.071,22.103
31.218750,0,0,210.34,0.0000,0.00000,0.00,50.284,1.353,68.03,33.281,29.312,-0.001858,-0.001390,0.000943,0.970,22.103
31.222656,0,0,206.95,0.1092,0.00000,0.00,50.293,1.402,70.53,33.276,29.307,-0.004022,-0.001194,0.000140,0.793,22.103
31.226563,0,0,207.07,0.0570,0.00464,0.10,50.294,1.338,67.30,33.271,29.303,-0.007626,0.000233,-0.004075,0.825,22.103
31.230469,0,0,207.94,0.0251,0.00000,0.00,50.287,1.409,70.86,33.266,29.299,0.007738,0.001254,-0.001725,0.924,22.103
31.234375,0,0,205.14,0.0281,0.00092,0.02,50.314,1.405,70.68,33.261,29.294,-0.003595,0.001520,-0.003703,0.858,22.103
31.238281,0,0,210.04,0.0000,0.00000,0.00,50.293,1.303,65.55,33.256,29.290,0.001867,-0.001598,-0.005044,1.032,22.103
31.242188,0,0,202.69,0.1112,0.00476,0.10,50.301,1.397,70.26,33.251,29.285,-0.001038,-0.006218,0.005296,0.970,22.102
31.246094,0,0,199.22,0.0198,0.00000,0.00,50.293,1.235,62.12,33.246,29.281,-0.009066,-0.000713,-0.002142,0.838,22.102
31.250000,0,0,204.01,0.0026,0.00000,0.00,50.308,1.379,69.40,33.241,29.276,0.007008,0.002103,-0.001842,0.775,22.102
31.253906,0,0,197.36,0.0000,0.00000,0.00,50.283,1.473,74.07,33.236,29.272,-0.008519,0.002532,-0.002793,0.900,22.102
31.257813,0,0,204.41,0.0114,0.00007,0.00,50.297,1.393,70.06,33.231,29.268,-0.002730,-0.002994,0.004398,0.950,22.102
31.261719,0,0,195.91,0.0401,0.00000,0.00,50.309,1.351,67.98,33.226,29.263,0.005409,0.007648,0.004723,0.801,22.102
31.265625,0,0,197.53,0.0693,0.00979,0.20,50.267,1.381,69.42,33.221,29.259,-0.004656,0.000897,0.001443,0.802,22.102
31.269531,0,0,191.14,0.0325,0.00000,0.00,50.299,1.405,70.65,33.216,29.254,-0.004743,-0.009276,0.002818,0.877,22.102
31.273438,0,0,192.76,0.0633,0.00007,0.00,50.338,1.212,61.02,33.211,29.250,-0.000329,-0.003587,0.001584,0.800,22.102
31.277344,0,0,188.76,0.0454,0.00000,0.00,50.307,1.225,61.64,33.206,29.246,0.001337,-0.000204,-0.002199,0.826,22.102
31.281250,0,0,196.38,0.0214,0.00176,0.04,50.282,1.307,65.73,33.201,29.241,-0.000043,0.000251,-0.006275,0.869,22.102
31.285156,0,0,192.30,0.0681,0.00000,0.00,50.277,1.312,65.95,33.196,29.237,0.004201,-0.001540,-0.002796,0.790,22.102
31.289063,0,0,193.11,0.0067,0.00260,0.05,50.317,1.349,67.89,33.191,29.232,-0.004983,-0.002651,-0.000034,0.829,22.102
31.292969,0,0,192.07,0.0000,0.00000,0.00,50.280,1.379,69.31,33.186,29.228,0.008241,0.004619,0.001341,0.785,22.102
31.296875,0,0,186.91,0.0023,0.00425,0.08,50.309,1.287,64.72,33.181,29.224,-0.002512,-0.003154,0.001709,0.971,22.102
31.300781,0,0,186.19,0.0440,0.00118,0.02,50.303,1.461,73.50,33.176,29.219,0.007945,0.004577,0.004726,0.875,22.102
31.304688,0,0,192.46,0.0484,0.00857,0.17,50.272,1.463,73.54,33.171,29.215,-0.000188,-0.002748,-0.001309,0.679,22.102
31.308594,0,0,189.58,0.0400,0.00610,0.12,50.286,1.388,69.81,33.166,29.211,-0.002663,0.002730,0.000050,0.772,22.102
31.312500,0,0,187.41,0.0000,0.00000,0.00,50.338,1.218,61.29,33.161,29.206,-0.005861,0.000072,-0.001893,0.911,22.101
31.316406,0,0,181.85,0.0000,0.00295,0.06,50.305,1.315,66.18,33.156,29.202,-0.003695,0.004271,-0.005380,0.654,22.101
31.320313,0,0,185.69,0.0378,0.00000,0.00,50.302,1.444,72.64,33.151,29.197,0.000783,-0.000520,-0.000745,0.887,22.101
31.324219,0,0,180.65,0.0531,0.00223,0.04,50.282,1.448,72.82,33.147,29.193,0.000327,-0.000668,-0.004635,0.754,22.101
31.328125,0,0,179.58,0.0695,0.00516,0.10,50.287,1.424,71.60,33.142,29.189,-0.005445,-0.000483,-0.002773,0.643,22.101
31.332031,0,0,179.76,0.0010,0.00000,0.00,50.269,1.349,67.83,33.137,29.184,-0.008634,-0.001581,-0.003673,0.787,22.101
31.335938,0,0,183.47,0.0000,0.00000,0.00,50.290,1.454,73.12,33.132,29.180,-0.006443,-0.001479,-0.004179,0.793,22.101
31.339844,0,0,173.52,0.1005,0.00000,0.00,50.290,1.384,69.60,33.127,29.176,-0.004387,-0.006239,0.004277,0.781,22.101
31.343750,0,0,179.13,0.0000,0.00000,0.00,50.292,1.174,59.05,33.122,29.171,-0.000810,-0.007426,0.004613,0.802,22.101
31.347656,0,0,178.17,0.0103,0.00000,0.00,50.287,1.218,61.27,33.117,29.167,0.008780,0.007525,0.006396,0.804,22.101
31.351563,0,0,175.50,0.0092,0.00000,0.00,50.293,1.236,62.17,33.112,29.163,-0.007693,-0.005149,-0.000523,0.746,22.101
31.355469,0,0,167.15,0.0000,0.00000,0.00,50.299,1.290,64.89,33.107,29.158,0.004030,0.004881,-0.003251,0.709,22.101
31.359375,0,0,176.08,0.0745,0.00000,0.00,50.286,1.431,71.95,33.102,29.154,0.003045,0.006754,0.004718,0.879,22.101
31.363281,0,0,173.87,0.0854,0.00000,0.00,50.287,1.354,68.07,33.097,29.150,-0.003784,-0.000689,-0.005312,0.744,22.101
31.367188,0,0,171.74,0.0000,0.00358,0.06,50.272,1.260,63.32,33.092,29.145,-0.006891,0.001496,-0.003304,0.716,22.101
31.371094,0,0,165.93,0.0102,0.00205,0.04,50.289,1.246,62.64,33.087,29.141,-0.005036,0.000263,-0.005314,0.655,22.101
31.375000,0,0,170.13,0.1137,0.00472,0.08,50.296,1.362,68.52,33.082,29.136,-0.000891,0.000582,-0.002221,0.866,22.101
31.378906,0,0,168.51,0.0212,0.00151,0.03,50.295,1.363,68.55,33.077,29.132,0.009830,0.009503,0.005232,0.720,22.101
31.382813,0,0,169.55,0.0000,0.00000,0.00,50.297,1.477,74.29,33.073,29.128,-0.004238,-0.002179,0.000653,0.885,22.100
31.386719,0,0,164.43,0.0246,0.00000,0.00,50.332,1.256,63.20,33.068,29.124,0.003374,0.006566,0.001441,0.626,22.100
31.390625,0,0,168.28,0.0000,0.00000,0.00,50.308,1.249,62.83,33.063,29.119,0.002049,0.005353,0.003780,0.706,22.100
31.394531,0,0,160.84,0.0000,0.00000,0.00,50.300,1.278,64.30,33.058,29.115,0.008395,0.005527,0.004420,0.543,22.100
31.398438,0,0,162.35,0.0000,0.00000,0.00,50.277,1.380,69.38,33.053,29.111,-0.002077,0.000458,-0.000774,0.817,22.100
31.402344,0,0,165.33,0.0735,0.00398,0.07,50.318,1.384,69.62,33.048,29.106,-0.003386,-0.008461,0.001218,0.641,22.100
31.406250,0,0,159.38,0.0337,0.00705,0.12,50.315,1.248,62.77,33.043,29.102,0.000129,-0.001322,-0.003736,0.699,22.100
31.410156,0,0,166.01,0.0012,0.00000,0.00,50.308,1.217,61.25,33.038,29.098,-0.005790,-0.001575,-0.003803,0.768,22.100
31.414063,0,0,154.13,0.0146,0.00018,0.00,50.291,1.391,69.93,33.033,29.093,-0.005176,-0.003698,-0.000638,0.604,22.100
31.417969,0,0,159.67,0.1455,0.00000,0.00,50.300,1.330,66.89,33.028,29.089,-0.003523,-0.006367,0.001889,0.793,22.100
31.421875,0,0,157.28,0.0000,0.00000,0.00,50.277,1.308,65.75,33.023,29.085,0.001582,0.002452,-0.004894,0.648,22.100
31.425781,0,0,158.54,0.0000,0.00000,0.00,50.304,1.234,62.09,33.018,29.080,0.004028,0.006782,0.001838,0.703,22.100
31.429688,0,0,155.43,0.0552,0.00767,0.12,50.300,1.145,57.58,33.013,29.076,0.001243,-0.000355,-0.002736,0.612,22.100
31.433594,0,0,157.28,0.0000,0.00910,0.15,50.277,1.417,71.22,33.008,29.072,0.000054,-0.000245,-0.004517,0.676,22.100
31.437500,0,0,152.09,0.0000,0.00583,0.09,50.332,1.159,58.32,33.003,29.067,-0.006131,-0.002158,-0.000910,0.614,22.100
31.441406,0,0,151.17,0.0468,0.00271,0.04,50.273,1.302,65.47,32.999,29.063,0.004766,0.000288,-0.000424,0.629,22.100
31.445313,0,0,155.97,0.0635,0.00000,0.00,50.287,1.336,67.20,32.994,29.059,-0.006320,-0.000686,-0.003415,0.608,22.100
31.449219,0,0,149.02,0.0816,0.00000,0.00,50.300,1.336,67.19,32.989,29.054,0.010548,0.006503,0.002729,0.668,22.100
31.453125,0,0,148.83,0.0190,0.00000,0.00,50.306,1.277,64.24,32.984,29.050,0.002121,0.001928,0.001032,0.705,22.099
31.457031,0,0,146.99,0.0626,0.00000,0.00,50.293,1.307,65.76,32.979,29.046,0.005859,0.004806,0.003714,0.726,22.099
31.460938,0,0,149.72,0.1049,0.00115,0.02,50.298,1.279,64.34,32.974,29.042,0.001021,-0.006452,0.000826,0.744,22.099
31.464844,0,0,146.97,0.1555,0.00000,0.00,50.283,1.406,70.70,32.969,29.037,0.008046,0.005401,0.003969,0.539,22.099
31.468750,0,0,152.80,0.0000,0.00000,0.00,50.289,1.253,63.04,32.964,29.033,0.009190,0.004069,0.002058,0.591,22.099
31.472656,0,0,148.87,0.0000,0.00896,0.14,50.311,1.220,61.37,32.959,29.029,0.007521,0.003247,0.005519,0.705,22.099
31.476563,0,0,146.88,0.0554,0.00569,0.09,50.280,1.223,61.52,32.955,29.024,0.003507,0.008477,0.003187,0.610,22.099
31.480469,0,0,140.80,0.0546,0.00014,0.00,50.309,1.238,62.29,32.950,29.020,-0.005106,-0.000638,-0.005160,0.557,22.099
31.484375,0,0,141.19,0.0000,0.00333,0.05,50.289,1.199,60.31,32.945,29.016,0.007832,0.005089,0.004128,0.648,22.099
31.488281,0,0,141.46,0.0861,0.00198,0.03,50.314,1.265,63.64,32.940,29.012,0.008454,-0.001391,-0.000881,0.640,22.099
31.492188,0,0,137.30,0.0475,0.00000,0.00,50.263,1.349,67.79,32.935,29.007,0.004515,0.004069,0.004943,0.486,22.099
31.496094,0,0,142.83,0.0865,0.00000,0.00,50.315,1.286,64.71,32.930,29.003,-0.001195,0.003576,0.002640,0.616,22.099
31.500000,0,0,137.88,0.0000,0.00376,0.05,50.321,1.282,64.49,32.925,28.999,0.002035,-0.000004,-0.000492,0.574,22.099
31.503906,0,0,142.97,0.0290,0.00185,0.03,50.313,1.256,63.21,32.920,28.994,0.006993,0.006943,0.006229,0.560,22.099
31.507813,0,0,140.91,0.0594,0.00271,0.04,50.308,1.244,62.58,32.915,28.990,-0.000297,0.001702,0.003192,0.575,22.099
31.511719,0,0,141.12,0.0000,0.00000,0.00,50.304,1.334,67.09,32.911,28.986,0.007993,0.004139,0.004650,0.670,22.099
31.515625,0,0,139.38,0.0000,0.00000,0.00,50.306,1.196,60.15,32.906,28.982,0.005932,0.000551,0.000296,0.692,22.099
31.519531,0,0,139.84,0.0140,0.00524,0.08,50.297,1.282,64.49,32.901,28.977,0.001944,-0.002554,-0.002093,0.559,22.099
31.523438,0,0,132.73,0.0915,0.00000,0.00,50.299,1.256,63.19,32.896,28.973,-0.006623,-0.002581,-0.001791,0.626,22.098
31.527344,0,0,135.23,0.0000,0.00118,0.02,50.287,1.207,60.70,32.891,28.969,0.006466,0.005899,0.002739,0.502,22.098
31.531250,0,0,130.30,0.0000,0.00047,0.01,50.276,1.316,66.15,32.886,28.965,-0.001357,-0.004249,0.000890,0.543,22.098
31.535156,0,0,132.58,0.0062,0.00000,0.00,50.295,1.316,66.17,32.881,28.960,-0.004718,-0.005054,0.000549,0.527,22.098
31.539063,0,0,133.22,0.0852,0.00000,0.00,50.296,1.351,67.94,32.877,28.956,0.001806,0.002310,0.003492,0.518,22.098
31.542969,0,0,127.39,0.1142,0.00623,0.08,50.310,1.261,63.42,32.872,28.952,-0.002367,0.001361,0.001069,0.561,22.098
31.546875,0,0,135.01,0.0501,0.00000,0.00,50.306,1.250,62.89,32.867,28.948,-0.000597,0.008280,0.003253,0.568,22.098
31.550781,0,0,131.92,0.0000,0.00228,0.03,50.281,1.419,71.34,32.862,28.944,0.004394,0.001325,-0.004462,0.564,22.098
31.554688,0,0,128.25,0.0406,0.00000,0.00,50.303,1.405,70.68,32.857,28.939,-0.000244,0.001878,-0.001050,0.520,22.098
31.558594,0,0,122.53,0.0022,0.00496,0.06,50.317,1.166,58.67,32.852,28.935,-0.004283,0.000185,-0.002098,0.427,22.098
31.562500,0,0,126.68,0.0439,0.00454,0.06,50.273,1.287,64.69,32.848,28.931,-0.005723,-0.006930,0.004888,0.639,22.098
31.566406,0,0,130.72,0.0000,0.00268,0.04,50.282,1.240,62.36,32.843,28.927,-0.006676,-0.002891,-0.003279,0.575,22.098
31.570313,0,0,129.12,0.0000,0.00000,0.00,50.298,1.426,71.73,32.838,28.923,-0.002210,0.000389,-0.002451,0.587,22.098
31.574219,0,0,133.04,0.0706,0.00493,0.07,50.290,1.324,66.58,32.833,28.918,0.002781,0.003821,0.001678,0.462,22.098
31.578125,0,0,126.15,0.0250,0.00159,0.02,50.286,1.376,69.21,32.828,28.914,-0.002264,-0.000816,-0.004622,0.606,22.098
31.582031,0,0,130.04,0.0771,0.00017,0.00,50.298,1.340,67.38,32.824,28.910,-0.004935,-0.001341,-0.003591,0.477,22.098
31.585938,0,0,122.16,0.0000,0.00000,0.00,50.312,1.281,64.46,32.819,28.906,0.004041,-0.000671,-0.003263,0.561,22.098
31.589844,0,0,126.41,0.0109,0.00000,0.00,50.306,1.311,65.96,32.814,28.902,-0.001214,-0.004099,0.004430,0.534,22.097
31.593750,0,0,118.78,0.0275,0.00000,0.00,50.300,1.341,67.44,32.809,28.898,0.002954,-0.008393,0.001769,0.524,22.097
31.597656,0,0,118.61,0.0329,0.00026,0.00,50.308,1.234,62.10,32.804,28.893,0.000230,-0.002995,0.001641,0.554,22.097
31.601563,0,0,119.19,0.0000,0.00000,0.00,50.315,1.334,67.12,32.800,28.889,-0.006624,-0.000401,-0.002213,0.593,22.097
31.605469,0,0,121.33,0.0000,0.00000,0.00,50.298,1.203,60.50,32.795,28.885,-0.004376,0.000812,-0.000924,0.563,22.097
31.609375,0,0,117.78,0.0569,0.00389,0.05,50.296,1.264,63.60,32.790,28.881,0.003960,0.007454,0.004257,0.533,22.097
31.613281,0,0,120.97,0.0381,0.00422,0.05,50.292,1.294,65.07,32.785,28.877,-0.007604,-0.004594,-0.002500,0.541,22.097
31.617188,0,0,121.51,0.0000,0.00564,0.07,50.304,1.215,61.13,32.780,28.872,0.002972,0.008957,0.003132,0.550,22.097
31.621094,0,0,115.82,0.0196,0.00000,0.00,50.284,1.278,64.27,32.775,28.868,0.002550,0.006559,0.002745,0.564,22.097
31.625000,0,0,121.79,0.0000,0.00923,0.12,50.287,1.192,59.96,32.771,28.864,0.006775,0.002780,0.001395,0.491,22.097
31.628906,0,0,119.16,0.0000,0.00133,0.02,50.325,1.216,61.22,32.766,28.860,-0.007380,0.000686,-0.003507,0.516,22.097
31.632813,0,0,114.64,0.0000,0.00664,0.08,50.300,1.368,68.79,32.761,28.856,0.000717,-0.000351,-0.000705,0.376,22.097
31.636719,0,0,116.84,0.0000,0.00061,0.01,50.263,1.330,66.86,32.756,28.852,0.000769,-0.009333,0.004937,0.672,22.097
31.640625,0,0,110.63,0.0191,0.00101,0.01,50.251,1.357,68.18,32.751,28.848,0.001889,0.002325,-0.005439,0.468,22.097
31.644531,0,0,119.17,0.0558,0.00323,0.04,50.306,1.248,62.78,32.747,28.843,-0.004545,0.002194,-0.004968,0.541,22.097
31.648438,0,0,115.69,0.0663,0.00000,0.00,50.305,1.206,60.66,32.742,28.839,0.002283,0.005800,0.002607,0.604,22.097
31.652344,0,0,111.13,0.0248,0.00597,0.07,50.306,1.205,60.64,32.737,28.835,0.000770,-0.004693,0.004711,0.494,22.097
31.656250,0,0,113.21,0.0000,0.00000,0.00,50.276,1.352,67.96,32.732,28.831,-0.007557,0.000897,-0.002105,0.420,22.097
31.660156,0,0,111.92,0.0478,0.00360,0.04,50.302,1.315,66.17,32.728,28.827,0.004004,0.005085,0.004027,0.543,22.096
31.664063,0,0,104.89,0.0335,0.00000,0.00,50.312,1.137,57.21,32.723,28.823,0.002124,0.000933,-0.001789,0.505,22.096
31.667969,0,0,113.77,0.0000,0.00000,0.00,50.313,1.316,66.22,32.718,28.818,0.002443,0.007009,0.004885,0.441,22.096
31.671875,0,0,109.89,0.0116,0.00070,0.01,50.305,1.177,59.20,32.713,28.814,0.002096,0.004158,0.001348,0.610,22.096
31.675781,0,0,110.77,0.0000,0.00011,0.00,50.299,1.295,65.14,32.708,28.810,-0.000320,-0.004153,-0.001105,0.485,22.096
31.679688,0,0,112.49,0.0000,0.00000,0.00,50.308,1.271,63.96,32.704,28.806,-0.000009,0.001246,0.000951,0.501,22.096
31.683594,0,0,109.21,0.0000,0.00000,0.00,50.291,1.206,60.66,32.699,28.802,-0.005001,-0.002660,0.000039,0.558,22.096
31.687500,0,0,106.06,0.0753,0.00000,0.00,50.314,1.266,63.72,32.694,28.798,0.003995,0.005928,-0.000124,0.500,22.096
31.691406,0,0,113.20,0.0023,0.00000,0.00,50.300,1.165,58.61,32.689,28.793,-0.009010,0.002362,-0.004746,0.590,22.096
31.695313,0,0,105.38,0.0000,0.00000,0.00,50.290,1.358,68.30,32.684,28.789,-0.001483,-0.004399,0.001605,0.483,22.096
31.699219,0,0,109.94,0.0000,0.00000,0.00,50.300,1.229,61.84,32.680,28.785,0.008072,0.007236,0.002823,0.351,22.096
31.703125,0,0,101.60,0.0076,0.00000,0.00,50.298,1.236,62.19,32.675,28.781,-0.003191,-0.001865,0.000634,0.439,22.096
31.707031,0,0,101.68,0.0360,0.00160,0.02,50.292,1.291,64.91,32.670,28.777,-0.002591,-0.004359,0.000834,0.464,22.096
31.710938,0,0,105.51,0.0571,0.00101,0.01,50.321,1.141,57.41,32.665,28.773,-0.006885,0.001670,-0.003829,0.524,22.096
31.714844,0,0,103.11,0.0000,0.00000,0.00,50.296,1.207,60.69,32.661,28.769,-0.000293,-0.006801,0.003035,0.453,22.096
31.718750,0,0,100.90,0.0000,0.00356,0.04,50.289,1.324,66.57,32.656,28.765,0.003940,0.001897,-0.004002,0.307,22.096
31.722656,0,0,105.77,0.0000,0.00165,0.02,50.327,1.122,56.47,32.651,28.760,-0.003908,-0.001473,-0.000581,0.552,22.096
31.726563,0,0,109.08,0.0000,0.00256,0.03,50.311,1.241,62.41,32.646,28.756,-0.004620,-0.004634,0.002734,0.375,22.095
31.730469,0,0,99.07,0.0621,0.00000,0.00,50.299,1.283,64.51,32.642,28.752,-0.000631,-0.000803,-0.003871,0.344,22.095
31.734375,0,0,105.86,0.0811,0.00000,0.00,50.285,1.287,64.72,32.637,28.748,0.001910,0.005290,0.001370,0.464,22.095
31.738281,0,0,98.58,0.0202,0.00060,0.01,50.311,1.239,62.33,32.632,28.744,0.007389,0.001730,0.001225,0.462,22.095
31.742188,0,0,104.35,0.0191,0.00000,0.00,50.315,1.150,57.89,32.627,28.740,0.006839,0.004179,-0.000342,0.386,22.095
31.746094,0,0,96.90,0.0000,0.00370,0.04,50.296,1.191,59.92,32.622,28.736,0.006642,0.001250,-0.003478,0.389,22.095
31.750000,0,0,100.46,0.0000,0.00364,0.04,50.312,1.184,59.57,32.618,28.732,0.012540,0.005036,0.002464,0.532,22.095
31.753906,0,0,96.59,0.0000,0.00000,0.00,50.286,1.158,58.22,32.613,28.728,0.006112,0.004871,0.002506,0.419,22.095
31.757813,0,0,101.39,0.0252,0.00767,0.08,50.316,1.255,63.13,32.608,28.723,-0.003300,-0.003833,0.001439,0.471,22.095
31.761719,0,0,99.71,0.0000,0.00000,0.00,50.311,1.256,63.18,32.603,28.719,-0.005754,0.002744,-0.001851,0.413,22.095
31.765625,0,0,93.51,0.0000,0.00118,0.01,50.294,1.322,66.49,32.599,28.715,-0.000901,-0.007039,0.001883,0.448,22.095
31.769531,0,0,97.81,0.0323,0.00000,0.00,50.311,1.245,62.64,32.594,28.711,-0.004288,-0.000073,-0.003544,0.503,22.095
31.773438,0,0,93.80,0.0055,0.00053,0.01,50.287,1.274,64.08,32.589,28.707,-0.002470,-0.004000,0.001980,0.347,22.095
31.777344,0,0,90.86,0.0785,0.00000,0.00,50.307,1.249,62.83,32.585,28.703,0.005835,0.006184,0.005080,0.273,22.095
31.781250,0,0,92.90,0.0000,0.00703,0.07,50.281,1.368,68.77,32.580,28.699,0.006214,0.001768,0.002034,0.387,22.095
31.785156,0,0,94.09,0.0000,0.00000,0.00,50.305,1.272,64.00,32.575,28.695,-0.006524,0.000572,-0.005229,0.338,22.095
31.789063,0,0,98.51,0.0027,0.00000,0.00,50.294,1.143,57.47,32.570,28.691,0.006982,0.000249,0.000725,0.434,22.095
31.792969,0,0,95.02,0.0000,0.00000,0.00,50.312,1.239,62.33,32.566,28.687,0.001523,0.000647,-0.004058,0.472,22.095
31.796875,0,0,90.56,0.0000,0.00000,0.00,50.296,1.278,64.27,32.561,28.683,0.002609,0.003946,0.004151,0.349,22.094
31.800781,0,0,94.37,0.0743,0.00797,0.08,50.308,1.259,63.32,32.556,28.679,0.003457,0.002901,0.002274,0.375,22.094
31.804688,0,0,95.02,0.0256,0.00000,0.00,50.322,1.224,61.57,32.552,28.675,0.003604,0.000309,-0.001633,0.454,22.094
31.808594,0,0,86.37,0.0000,0.00384,0.03,50.301,1.252,62.99,32.547,28.671,-0.005164,0.001202,-0.003752,0.404,22.094
31.812500,0,0,91.28,0.0228,0.00742,0.07,50.273,1.248,62.77,32.542,28.667,-0.000801,0.001107,-0.002202,0.374,22.094
31.816406,0,0,87.87,0.0000,0.00000,0.00,50.303,1.231,61.93,32.538,28.663,-0.002789,-0.006162,0.002238,0.416,22.094
31.820313,0,0,90.68,0.0361,0.00000,0.00,50.284,1.226,61.66,32.533,28.659,0.007542,0.005210,0.004848,0.426,22.094
31.824219,0,0,93.34,0.0000,0.00603,0.06,50.288,1.358,68.31,32.528,28.655,-0.002172,-0.005552,0.002925,0.447,22.094
31.828125,0,0,90.56,0.0000,0.00070,0.01,50.311,1.174,59.08,32.523,28.651,0.002801,0.007043,0.001965,0.392,22.094
31.832031,0,0,85.99,0.0000,0.00257,0.02,50.272,1.258,63.24,32.519,28.646,-0.001761,-0.001464,0.004194,0.349,22.094
31.835938,0,0,86.65,0.0082,0.00000,0.00,50.306,1.095,55.08,32.514,28.642,0.000180,0.002340,0.000212,0.397,22.094
31.839844,0,0,91.07,0.0527,0.00237,0.02,50.326,1.283,64.59,32.509,28.638,0.004181,-0.003037,-0.003600,0.363,22.094
31.843750,0,0,82.64,0.0150,0.00000,0.00,50.301,1.338,67.29,32.505,28.634,-0.004825,0.002021,-0.003168,0.260,22.094
31.847656,0,0,87.21,0.1101,0.00248,0.02,50.313,1.169,58.82,32.500,28.630,0.004430,0.000639,-0.003040,0.481,22.094
31.851563,0,0,87.16,0.0000,0.00758,0.07,50.270,1.285,64.59,32.495,28.626,0.005450,0.003021,-0.002844,0.271,22.094
31.855469,0,0,86.55,0.0000,0.01257,0.11,50.299,1.236,62.18,32.491,28.622,-0.000350,0.004049,0.001893,0.460,22.094
31.859375,0,0,87.64,0.0000,0.00666,0.06,50.273,1.219,61.27,32.486,28.618,0.000062,-0.006423,0.002800,0.394,22.094
31.863281,0,0,87.51,0.0000,0.00000,0.00,50.297,1.190,59.87,32.481,28.614,-0.003081,-0.003637,-0.001196,0.317,22.093
31.867188,0,0,85.88,0.0000,0.00487,0.04,50.298,1.190,59.87,32.477,28.610,-0.005108,-0.007333,0.004373,0.490,22.093
31.871094,0,0,85.15,0.0218,0.00000,0.00,50.299,1.127,56.66,32.472,28.606,0.006131,0.003237,-0.000392,0.350,22.093
31.875000,0,0,87.09,0.0665,0.00523,0.05,50.299,1.282,64.46,32.467,28.602,0.005746,-0.002813,-0.003517,0.390,22.093
31.878906,0,0,81.00,0.0000,0.00000,0.00,50.321,1.243,62.57,32.463,28.598,0.001563,0.009565,0.003653,0.362,22.093
31.882813,0,0,89.52,0.0401,0.00128,0.01,50.301,1.302,65.51,32.458,28.594,-0.001045,-0.008453,0.001559,0.426,22.093
31.886719,0,0,77.00,0.0421,0.00000,0.00,50.307,1.272,64.00,32.453,28.590,-0.005362,0.000964,-0.001505,0.391,22.093
31.890625,0,0,78.73,0.0000,0.00102,0.01,50.298,1.340,67.42,32.449,28.586,-0.008329,0.000658,-0.005418,0.395,22.093
31.894531,0,0,83.26,0.0143,0.00157,0.01,50.276,1.075,54.03,32.444,28.582,0.007003,-0.001170,0.000358,0.506,22.093
31.898438,0,0,76.41,0.0000,0.00000,0.00,50.294,1.237,62.20,32.439,28.578,-0.004195,-0.003115,0.004839,0.344,22.093
31.902344,0,0,78.57,0.0679,0.00318,0.03,50.313,1.297,65.27,32.435,28.574,-0.005115,0.000039,-0.000569,0.365,22.093
31.906250,0,0,75.88,0.0618,0.00000,0.00,50.308,1.135,57.12,32.430,28.570,0.001317,-0.000857,-0.001830,0.401,22.093
31.910156,0,0,72.62,0.0000,0.00227,0.02,50.277,1.330,66.88,32.425,28.566,-0.003526,-0.007732,0.001567,0.317,22.093
31.914063,0,0,77.52,0.0705,0.00000,0.00,50.277,1.122,56.39,32.421,28.562,0.009028,-0.000750,-0.000069,0.387,22.093
31.917969,0,0,80.05,0.0000,0.00430,0.04,50.288,1.274,64.09,32.416,28.558,-0.005096,-0.006115,0.001283,0.208,22.093
31.921875,0,0,79.39,0.0000,0.00000,0.00,50.305,1.168,58.76,32.411,28.554,0.005049,0.000849,-0.001733,0.283,22.093
31.925781,0,0,75.83,0.0321,0.00317,0.03,50.317,1.148,57.75,32.407,28.550,0.003549,0.000426,-0.003029,0.449,22.093
31.929688,0,0,78.15,0.0192,0.00240,0.02,50.301,1.207,60.74,32.402,28.546,-0.004371,-0.008447,0.005039,0.308,22.092
31.933594,0,0,81.14,0.0514,0.00000,0.00,50.302,1.391,69.99,32.397,28.542,0.007621,0.004272,0.000934,0.351,22.092
31.937500,0,0,71.60,0.0490,0.00705,0.05,50.290,1.289,64.83,32.393,28.538,0.006380,0.003663,0.001384,0.287,22.092
31.941406,0,0,69.82,0.0183,0.00000,0.00,50.302,1.217,61.24,32.388,28.535,0.008778,0.005020,0.001227,0.305,22.092
31.945313,0,0,75.02,0.0000,0.00000,0.00,50.259,1.331,66.90,32.384,28.531,-0.002827,0.003404,0.001306,0.387,22.092
31.949219,0,0,75.50,0.0000,0.00078,0.01,50.328,1.161,58.41,32.379,28.527,0.005533,0.003460,-0.001882,0.377,22.092
31.953125,0,0,69.85,0.0567,0.00597,0.04,50.331,1.204,60.58,32.374,28.523,0.008996,0.001681,0.000081,0.242,22.092
31.957031,0,0,71.22,0.0000,0.00080,0.01,50.297,1.350,67.88,32.370,28.519,-0.002737,0.000108,-0.001297,0.258,22.092
31.960938,0,0,80.35,0.0047,0.00000,0.00,50.314,1.294,65.12,32.365,28.515,-0.007554,0.004616,-0.004910,0.338,22.092
31.964844,0,0,70.17,0.0000,0.00196,0.01,50.278,1.221,61.41,32.361,28.511,0.000737,-0.003219,-0.004443,0.384,22.092
31.968750,0,0,74.03,0.0000,0.00000,0.00,50.275,1.306,65.65,32.356,28.507,-0.001434,-0.001736,-0.002998,0.215,22.092
31.972656,0,0,65.73,0.0000,0.00000,0.00,50.283,1.268,63.74,32.351,28.503,0.004433,0.002361,0.005063,0.340,22.092
31.976563,0,0,70.29,0.0421,0.00000,0.00,50.310,1.263,63.54,32.347,28.499,-0.001070,-0.005569,-0.001829,0.261,22.092
31.980469,0,0,73.91,0.0709,0.00000,0.00,50.287,1.214,61.05,32.342,28.495,0.000867,-0.002419,-0.003090,0.354,22.092
31.984375,0,0,74.71,0.0183,0.00228,0.02,50.303,1.281,64.42,32.338,28.491,-0.009267,0.000338,-0.002915,0.409,22.092
31.988281,0,0,71.79,0.0692,0.00000,0.00,50.319,1.306,65.72,32.333,28.487,0.004367,-0.000340,-0.002692,0.270,22.092
31.992188,0,0,69.54,0.0000,0.00801,0.06,50.325,1.154,58.06,32.329,28.483,0.006689,0.006031,0.003607,0.396,22.092
31.996094,0,0,69.37,0.0000,0.00816,0.06,50.278,1.271,63.89,32.324,28.480,0.000360,0.005165,0.002737,0.295,22.092
