TIME,Run_ID,command_pct,rpm,thrust_n,torque_nm,vibration_g
not-recorded,0,0,0.15,0.0000,0.00000,0.000934
not-recorded,0,0,0.00,0.0000,0.00056,0.000114
not-recorded,0,0,0.74,0.0091,0.00000,-0.000717
not-recorded,0,0,3.37,0.0000,0.00000,-0.000377
not-recorded,0,0,0.44,0.0308,0.00501,-0.002689
not-recorded,0,0,3.51,0.0000,0.00259,0.000116
not-recorded,0,0,0.35,0.0000,0.00335,-0.000763
not-recorded,0,0,0.19,0.0052,0.00000,-0.001208
not-recorded,0,0,0.00,0.0252,0.00000,-0.002224
not-recorded,0,0,0.72,0.0211,0.00148,0.000402
not-recorded,0,0,0.00,0.0000,0.00000,0.001044
not-recorded,0,0,0.00,0.0000,0.00000,-0.000504
not-recorded,0,0,0.00,0.0000,0.00260,0.000422
not-recorded,0,0,0.39,0.0108,0.00000,-0.000694
not-recorded,0,0,1.22,0.0000,0.00601,-0.000558
not-recorded,0,0,0.00,0.0163,0.00000,-0.000552
not-recorded,0,0,0.00,0.0000,0.00000,0.000946
not-recorded,0,0,3.76,0.0000,0.00054,-0.001250
not-recorded,0,0,1.44,0.0848,0.00000,0.001864
not-recorded,0,0,0.00,0.0000,0.00791,-0.000024
not-recorded,0,0,0.58,0.0000,0.00378,0.000310
not-recorded,0,0,1.64,0.0014,0.00543,-0.000634
not-recorded,0,0,3.20,0.0471,0.00278,-0.000957
not-recorded,0,0,5.51,0.0000,0.00878,0.001176
not-recorded,0,0,2.33,0.0000,0.00000,0.000113
not-recorded,0,0,0.00,0.0368,0.00000,-0.000837
not-recorded,0,0,0.00,0.0000,0.00000,0.000213
not-recorded,0,0,0.13,0.0047,0.00000,-0.000608
not-recorded,0,0,0.00,0.0215,0.00000,-0.000811
not-recorded,0,0,1.17,0.0138,0.00472,-0.002004
not-recorded,0,0,0.35,0.0000,0.00000,0.002633
not-recorded,0,0,1.56,0.0400,0.00000,-0.000003
not-recorded,0,0,3.52,0.0000,0.00115,-0.000540
not-recorded,0,0,0.00,0.0000,0.00137,0.001972
not-recorded,0,0,0.00,0.0000,0.00000,-0.002941
not-recorded,0,0,3.54,0.0231,0.00107,-0.000239
not-recorded,0,0,0.36,0.0000,0.00000,-0.002054
not-recorded,0,0,0.00,0.0133,0.00050,-0.000701
not-recorded,0,0,0.00,0.0000,0.00607,-0.002173
not-recorded,0,0,0.79,0.0190,0.00000,-0.001800
not-recorded,0,0,1.43,0.0000,0.00000,0.000535
not-recorded,0,0,0.00,0.0000,0.00076,-0.000782
not-recorded,0,0,0.00,0.0000,0.00746,0.000114
not-recorded,0,0,0.00,0.0000,0.00031,-0.000523
not-recorded,0,0,4.29,0.0000,0.00425,0.000524
not-recorded,0,0,4.42,0.0000,0.00234,-0.000515
not-recorded,0,0,0.04,0.0428,0.00000,0.001020
not-recorded,0,0,0.00,0.0000,0.00294,-0.001367
not-recorded,0,0,0.00,0.0000,0.00068,0.001271
not-recorded,0,0,2.00,0.0285,0.00000,-0.001387
not-recorded,0,0,0.00,0.0000,0.00000,0.002308
not-recorded,0,0,0.00,0.0000,0.00384,0.000456
not-recorded,0,0,0.00,0.0000,0.00142,0.000217
not-recorded,0,0,0.60,0.0000,0.00086,-0.000727
not-recorded,0,0,0.00,0.0470,0.00000,0.000811
not-recorded,0,0,0.00,0.0000,0.00000,-0.000992
not-recorded,0,0,0.00,0.0001,0.00155,0.001195
not-recorded,0,0,0.00,0.0163,0.00000,-0.000426
not-recorded,0,0,2.23,0.0000,0.00000,0.000483
not-recorded,0,0,4.24,0.0000,0.00666,-0.001250
not-recorded,0,0,1.16,0.0000,0.00000,-0.000199
not-recorded,0,0,0.84,0.0395,0.00000,-0.001155
not-recorded,0,0,0.00,0.0000,0.00146,0.000780
not-recorded,0,0,0.00,0.0168,0.00428,0.002114
not-recorded,0,0,0.15,0.0398,0.00000,-0.000210
not-recorded,0,0,0.00,0.0113,0.00390,0.001179
not-recorded,0,0,0.00,0.0192,0.00000,-0.000043
not-recorded,0,0,0.00,0.0000,0.00023,-0.000680
not-recorded,0,0,0.00,0.0561,0.00205,0.000814
not-recorded,0,0,0.00,0.0326,0.00000,0.000119
not-recorded,0,0,1.05,0.0000,0.00425,-0.000223
not-recorded,0,0,0.36,0.0642,0.00166,-0.001280
not-recorded,0,0,0.00,0.0711,0.00113,-0.000043
not-recorded,0,0,0.00,0.0065,0.00049,0.000331
not-recorded,0,0,0.00,0.0488,0.00048,-0.000014
not-recorded,0,0,0.00,0.0145,0.00497,0.000148
not-recorded,0,0,0.00,0.0000,0.00288,0.000235
not-recorded,0,0,0.00,0.0353,0.00000,0.000546
not-recorded,0,0,2.46,0.0000,0.00000,0.000000
not-recorded,0,0,0.00,0.0713,0.00000,0.001162
not-recorded,0,0,0.24,0.0221,0.00375,0.000948
not-recorded,0,0,0.00,0.0000,0.00000,-0.002171
not-recorded,0,0,0.00,0.0346,0.00720,0.001214
not-recorded,0,0,4.02,0.0490,0.00683,0.000949
not-recorded,0,0,0.00,0.0617,0.00000,-0.000369
not-recorded,0,0,0.00,0.0000,0.00127,0.001518
not-recorded,0,0,0.00,0.0297,0.00000,-0.001392
not-recorded,0,0,0.00,0.0000,0.00816,-0.000629
not-recorded,0,0,0.00,0.0274,0.00000,0.000442
not-recorded,0,0,0.13,0.0000,0.00000,-0.000892
not-recorded,0,0,0.98,0.0000,0.00327,-0.000130
not-recorded,0,0,0.00,0.0000,0.00585,0.000376
not-recorded,0,0,0.00,0.0136,0.00000,0.002515
not-recorded,0,0,3.04,0.0600,0.00255,0.001080
not-recorded,0,0,0.00,0.0371,0.00000,-0.001377
not-recorded,0,0,0.12,0.0000,0.00320,0.001835
not-recorded,0,0,0.00,0.0000,0.00000,0.001848
not-recorded,0,0,0.00,0.0000,0.00000,-0.000783
not-recorded,0,0,2.19,0.0000,0.00224,0.001868
not-recorded,0,0,0.00,0.0177,0.00000,-0.000376
not-recorded,0,0,0.64,0.0000,0.00000,0.001491
not-recorded,0,0,0.00,0.0245,0.00132,-0.000023
not-recorded,0,0,0.00,0.0119,0.00601,-0.000382
not-recorded,0,0,1.62,0.0000,0.00642,0.001183
not-recorded,0,0,0.00,0.0058,0.00463,0.000114
not-recorded,0,0,0.00,0.0000,0.00000,0.000466
not-recorded,0,0,0.00,0.0000,0.00214,0.001199
not-recorded,0,0,0.25,0.0363,0.00040,0.000431
not-recorded,0,0,0.00,0.0152,0.00000,0.000799
not-recorded,0,0,2.01,0.0000,0.00000,-0.001216
not-recorded,0,0,0.00,0.0183,0.00000,-0.001814
not-recorded,0,0,0.00,0.0079,0.00000,-0.002149
not-recorded,0,0,2.98,0.0000,0.00000,-0.000742
not-recorded,0,0,0.00,0.0000,0.00426,-0.000423
not-recorded,0,0,0.00,0.0078,0.00000,-0.001301
not-recorded,0,0,0.00,0.0249,0.00288,-0.001443
not-recorded,0,0,0.00,0.0000,0.00000,-0.001000
not-recorded,0,0,3.39,0.0000,0.00000,0.001816
not-recorded,0,0,1.40,0.0504,0.00000,-0.001215
not-recorded,0,0,0.00,0.0000,0.00000,-0.001076
not-recorded,0,0,2.12,0.0000,0.00023,0.000927
not-recorded,0,0,1.36,0.0172,0.00000,0.002979
not-recorded,0,0,0.00,0.0000,0.00133,-0.001840
not-recorded,0,0,0.00,0.0555,0.00012,0.000745
not-recorded,0,0,0.00,0.0518,0.00000,0.001396
not-recorded,0,0,0.00,0.0000,0.00414,0.001217
not-recorded,0,0,0.00,0.0049,0.00000,0.000436
not-recorded,0,0,0.07,0.0351,0.00708,0.000874
not-recorded,0,0,0.00,0.0828,0.00000,-0.000492
not-recorded,0,0,1.08,0.0000,0.00167,-0.000646
not-recorded,0,0,0.00,0.0183,0.00371,0.001658
not-recorded,0,0,3.30,0.0096,0.00000,-0.000804
not-recorded,0,0,0.00,0.0000,0.00426,-0.000441
not-recorded,0,0,0.00,0.0000,0.00000,0.001264
not-recorded,0,0,0.00,0.0337,0.00098,-0.000446
not-recorded,0,0,0.75,0.0000,0.00165,0.001045
not-recorded,0,0,1.48,0.0000,0.00000,-0.002555
not-recorded,0,0,0.00,0.0408,0.00131,-0.001339
not-recorded,0,0,0.65,0.0000,0.00000,-0.000460
not-recorded,0,0,0.00,0.0291,0.00000,0.000235
not-recorded,0,0,1.14,0.0072,0.00000,0.002316
not-recorded,0,0,0.00,0.0641,0.00000,0.000926
not-recorded,0,0,0.00,0.0052,0.00000,-0.000101
not-recorded,0,0,2.50,0.0191,0.00000,-0.000994
not-recorded,0,0,0.00,0.0000,0.00454,-0.001094
not-recorded,0,0,0.00,0.0371,0.00000,0.001255
not-recorded,0,0,2.41,0.0131,0.00123,0.000553
not-recorded,0,0,3.54,0.0047,0.00000,0.000383
not-recorded,0,0,3.94,0.0061,0.00589,-0.001394
not-recorded,0,0,1.15,0.0000,0.00000,0.000807
not-recorded,0,0,0.41,0.0000,0.00413,-0.000977
not-recorded,0,0,0.85,0.0000,0.00284,0.000852
not-recorded,0,0,2.31,0.0000,0.00000,-0.000782
not-recorded,0,0,0.00,0.0000,0.00439,0.001461
not-recorded,0,0,1.63,0.0465,0.00048,-0.000739
not-recorded,0,0,2.30,0.0000,0.00000,-0.001427
not-recorded,0,0,3.16,0.0148,0.00163,-0.000015
not-recorded,0,0,0.57,0.0000,0.00000,-0.000363
not-recorded,0,0,0.00,0.0586,0.00219,-0.000171
not-recorded,0,0,2.83,0.0341,0.00000,-0.001375
not-recorded,0,0,1.38,0.0000,0.00010,-0.000774
not-recorded,0,0,0.00,0.0000,0.00188,0.001386
not-recorded,0,0,0.31,0.0000,0.00242,-0.002393
not-recorded,0,0,0.00,0.0000,0.00000,0.000892
not-recorded,0,0,0.45,0.0017,0.00000,0.000732
not-recorded,0,0,0.20,0.0000,0.00232,0.000334
not-recorded,0,0,3.00,0.0078,0.00414,-0.001457
not-recorded,0,0,0.00,0.0000,0.00000,-0.000685
not-recorded,0,0,0.00,0.0000,0.00236,-0.000925
not-recorded,0,0,0.00,0.0000,0.00000,0.001124
not-recorded,0,0,3.71,0.0000,0.00000,-0.000206
not-recorded,0,0,4.02,0.0175,0.00555,0.001315
not-recorded,0,0,2.79,0.0000,0.00000,0.000542
not-recorded,0,0,0.00,0.0470,0.00115,-0.000244
not-recorded,0,0,1.24,0.0792,0.00639,0.000162
not-recorded,0,0,0.00,0.0000,0.00132,0.000135
not-recorded,0,0,0.00,0.0426,0.00000,0.000365
not-recorded,0,0,2.41,0.0026,0.00608,0.000663
not-recorded,0,0,0.00,0.0769,0.00000,0.000995
not-recorded,0,0,0.00,0.0319,0.00000,0.001428
not-recorded,0,0,0.29,0.0121,0.00221,-0.000176
not-recorded,0,0,0.00,0.0000,0.00000,-0.000351
not-recorded,0,0,0.00,0.0200,0.00000,0.002313
not-recorded,0,0,2.21,0.0241,0.00000,-0.002202
not-recorded,0,0,0.00,0.0137,0.00295,-0.002519
not-recorded,0,0,2.77,0.0761,0.00585,-0.001977
not-recorded,0,0,0.00,0.0187,0.00000,0.000429
not-recorded,0,0,0.00,0.0000,0.00030,-0.001093
not-recorded,0,0,0.00,0.0000,0.00290,-0.001108
not-recorded,0,0,0.00,0.0000,0.00000,0.000447
not-recorded,0,0,3.73,0.0000,0.00005,-0.001156
not-recorded,0,0,2.24,0.0000,0.00131,-0.000954
not-recorded,0,0,0.00,0.0140,0.00000,0.002593
not-recorded,0,0,0.00,0.0328,0.00000,-0.002042
not-recorded,0,0,0.39,0.0003,0.00000,0.000496
not-recorded,0,0,0.00,0.0076,0.00000,0.002619
not-recorded,0,0,0.68,0.0018,0.00000,-0.002704
not-recorded,0,0,0.00,0.0000,0.00000,-0.000092
not-recorded,0,0,3.39,0.0548,0.00000,0.000487
not-recorded,0,0,0.00,0.0000,0.00000,0.000734
not-recorded,0,0,0.00,0.0000,0.00047,-0.002419
not-recorded,0,0,0.00,0.0000,0.00018,-0.000939
not-recorded,0,0,1.29,0.0000,0.00086,-0.001100
not-recorded,0,0,0.47,0.0000,0.00169,-0.000378
not-recorded,0,0,1.63,0.0417,0.00112,0.001233
not-recorded,0,0,0.03,0.0000,0.00000,0.000276
not-recorded,0,0,1.85,0.0000,0.00000,0.001946
not-recorded,0,0,2.19,0.0003,0.00178,0.000510
not-recorded,0,0,4.58,0.0339,0.00000,-0.001725
not-recorded,0,0,0.00,0.0468,0.00000,-0.000947
not-recorded,0,0,4.59,0.0000,0.00000,-0.000417
not-recorded,0,0,0.00,0.0043,0.00047,0.000396
not-recorded,0,0,0.00,0.0213,0.00079,-0.000384
not-recorded,0,0,0.50,0.0373,0.00000,-0.000480
not-recorded,0,0,0.00,0.0000,0.00000,0.000930
not-recorded,0,0,1.38,0.0528,0.00000,-0.002009
not-recorded,0,0,2.73,0.0000,0.00405,0.001080
not-recorded,0,0,0.00,0.0000,0.00634,-0.002284
not-recorded,0,0,0.00,0.0117,0.00052,-0.000072
not-recorded,0,0,0.00,0.0000,0.00000,0.000231
not-recorded,0,0,0.00,0.0242,0.00172,-0.000658
not-recorded,0,0,0.90,0.0000,0.00000,-0.000094
not-recorded,0,0,0.84,0.0344,0.00000,-0.000687
not-recorded,0,0,1.32,0.0000,0.00454,-0.000408
not-recorded,0,0,1.97,0.0000,0.00233,0.000850
not-recorded,0,0,0.00,0.0106,0.00176,0.000914
not-recorded,0,0,2.47,0.0092,0.00000,-0.000210
not-recorded,0,0,0.00,0.0000,0.00000,0.001746
not-recorded,0,0,0.74,0.0000,0.00340,0.000894
not-recorded,0,0,2.70,0.0000,0.00000,0.000168
not-recorded,0,0,0.00,0.0000,0.00000,-0.000482
not-recorded,0,0,0.00,0.0000,0.00000,-0.000257
not-recorded,0,0,0.00,0.0062,0.00230,0.000560
not-recorded,0,0,1.60,0.0157,0.00000,-0.000810
not-recorded,0,0,0.00,0.0000,0.00000,0.001032
not-recorded,0,0,0.00,0.0245,0.00000,0.000255
not-recorded,0,0,2.36,0.0000,0.00000,-0.000289
not-recorded,0,0,0.00,0.0087,0.00000,0.000727
not-recorded,0,0,0.00,0.0134,0.00000,-0.000558
not-recorded,0,0,0.00,0.0517,0.00000,0.000080
not-recorded,0,0,0.00,0.0363,0.00000,0.001282
not-recorded,0,0,0.80,0.0000,0.00000,-0.001993
not-recorded,0,0,0.00,0.0000,0.00000,0.001429
not-recorded,0,0,2.67,0.0078,0.00000,-0.001366
not-recorded,0,0,0.14,0.0000,0.00472,-0.000363
not-recorded,0,0,0.00,0.0000,0.00000,0.001418
not-recorded,0,0,0.00,0.0167,0.00197,-0.000326
not-recorded,0,0,0.00,0.0000,0.00578,-0.000135
not-recorded,0,0,0.00,0.0390,0.00087,0.001336
not-recorded,0,0,3.35,0.0000,0.00337,0.001037
not-recorded,0,0,3.56,0.0048,0.00201,-0.000936
not-recorded,0,0,2.62,0.0000,0.00000,0.000376
not-recorded,0,0,0.00,0.0502,0.00000,-0.000189
not-recorded,0,0,1.15,0.0000,0.00714,0.000455
not-recorded,0,0,0.00,0.0484,0.00121,-0.001289
not-recorded,0,0,0.00,0.0875,0.00077,-0.000781
not-recorded,0,0,0.00,0.0000,0.00000,-0.000655
not-recorded,0,0,0.55,0.0373,0.00523,0.001799
not-recorded,0,0,4.33,0.0000,0.00246,-0.000103
not-recorded,0,0,1.53,0.0000,0.00246,-0.000201
not-recorded,0,0,0.00,0.0456,0.00000,-0.001794
not-recorded,0,0,0.00,0.0000,0.00520,0.000706
not-recorded,0,0,2.77,0.0003,0.00000,0.000600
not-recorded,0,0,0.00,0.0000,0.00000,-0.000060
not-recorded,0,0,0.00,0.0000,0.00000,0.000310
not-recorded,0,0,0.00,0.0005,0.00000,0.001009
not-recorded,0,0,3.19,0.0000,0.00000,0.000179
not-recorded,0,0,1.02,0.0201,0.00000,0.000966
not-recorded,0,0,0.42,0.0378,0.00284,-0.000150
not-recorded,0,0,0.00,0.0357,0.00486,-0.000194
not-recorded,0,0,4.20,0.0000,0.00107,-0.000554
not-recorded,0,0,0.00,0.0371,0.00064,0.001720
not-recorded,0,0,1.52,0.0000,0.00000,0.002351
not-recorded,0,0,1.60,0.0000,0.00000,0.001690
not-recorded,0,0,1.91,0.0236,0.00166,0.000495
not-recorded,0,0,3.36,0.0000,0.00000,0.000355
not-recorded,0,0,0.17,0.0395,0.00088,0.001370
not-recorded,0,0,0.00,0.0014,0.00098,0.002874
not-recorded,0,0,3.49,0.0000,0.00000,-0.001428
not-recorded,0,0,2.57,0.0038,0.00000,0.001544
not-recorded,0,0,0.13,0.0000,0.00000,0.001958
not-recorded,0,0,0.39,0.0000,0.00000,-0.002314
not-recorded,0,0,0.00,0.0000,0.00543,-0.001253
not-recorded,0,0,0.00,0.0685,0.00834,-0.000598
not-recorded,0,0,1.71,0.0103,0.00000,-0.002837
not-recorded,0,0,3.24,0.0000,0.00195,0.001112
not-recorded,0,0,0.00,0.0000,0.00362,0.001329
not-recorded,0,0,0.07,0.0000,0.00000,-0.001572
not-recorded,0,0,0.74,0.0350,0.00021,-0.001418
not-recorded,0,0,1.13,0.0000,0.00291,-0.000029
not-recorded,0,0,0.00,0.0034,0.00000,0.001421
not-recorded,0,0,0.00,0.0762,0.00000,-0.000597
not-recorded,0,0,0.00,0.0152,0.00000,-0.000486
not-recorded,0,0,0.00,0.0000,0.00229,0.000676
not-recorded,0,0,0.48,0.0175,0.00000,-0.000363
not-recorded,0,0,0.00,0.0000,0.00000,0.001248
not-recorded,0,0,0.00,0.0000,0.00000,-0.000592
not-recorded,0,0,0.00,0.0328,0.00000,0.000832
not-recorded,0,0,0.00,0.0000,0.00202,0.001219
not-recorded,0,0,0.00,0.0000,0.00000,0.001151
not-recorded,0,0,0.00,0.0140,0.00311,-0.002204
not-recorded,0,0,3.32,0.0000,0.00680,-0.000142
not-recorded,0,0,2.54,0.0270,0.00162,0.000332
not-recorded,0,0,0.00,0.0443,0.00000,-0.001199
not-recorded,0,0,2.15,0.0000,0.00185,-0.001420
not-recorded,0,0,3.42,0.0209,0.00076,-0.000021
not-recorded,0,0,0.78,0.0376,0.00103,-0.001036
not-recorded,0,0,0.28,0.0172,0.00029,0.000274
not-recorded,0,0,1.28,0.0000,0.00000,-0.001960
not-recorded,0,0,0.11,0.0000,0.00000,0.000199
not-recorded,0,0,2.19,0.0702,0.00000,0.002266
not-recorded,0,0,1.18,0.0000,0.00068,0.000687
not-recorded,0,0,0.00,0.0324,0.00000,-0.000264
not-recorded,0,0,0.09,0.0000,0.00096,0.000787
not-recorded,0,0,1.84,0.0000,0.00000,0.000005
not-recorded,0,0,0.00,0.0135,0.00000,0.001103
not-recorded,0,0,0.00,0.0000,0.00375,0.001058
not-recorded,0,0,0.00,0.0157,0.00160,-0.000819
not-recorded,0,0,2.57,0.0000,0.00000,-0.000999
not-recorded,0,0,2.82,0.0298,0.00000,-0.000735
not-recorded,0,0,0.00,0.0000,0.00000,0.000288
not-recorded,0,0,3.92,0.0000,0.00000,0.001546
not-recorded,0,0,1.04,0.0000,0.00023,0.001414
not-recorded,0,0,0.00,0.0000,0.00736,0.000951
not-recorded,0,0,1.88,0.0000,0.00052,-0.000483
not-recorded,0,0,0.00,0.0421,0.00409,-0.000689
not-recorded,0,0,0.00,0.0000,0.00094,0.001262
not-recorded,0,0,0.44,0.0000,0.00000,0.000735
not-recorded,0,0,0.00,0.0130,0.00001,-0.000579
not-recorded,0,0,0.00,0.0138,0.00000,-0.000157
not-recorded,0,0,2.52,0.0004,0.00119,0.000607
not-recorded,0,0,0.00,0.0206,0.00000,0.001415
not-recorded,0,0,2.18,0.0255,0.00422,-0.000124
not-recorded,0,0,0.00,0.0217,0.00610,0.002739
not-recorded,0,0,0.00,0.0000,0.00011,0.001417
not-recorded,0,0,0.00,0.0000,0.00455,-0.000159
not-recorded,0,0,3.28,0.0218,0.00190,-0.000552
not-recorded,0,0,0.38,0.0043,0.00081,0.001517
not-recorded,0,0,0.92,0.0140,0.00429,0.001610
not-recorded,0,0,4.34,0.0000,0.00000,-0.000486
not-recorded,0,0,0.00,0.0453,0.00092,0.000662
not-recorded,0,0,2.64,0.0241,0.00000,-0.000388
not-recorded,0,0,3.80,0.0125,0.00033,0.000947
not-recorded,0,0,0.00,0.0090,0.00000,-0.000518
not-recorded,0,0,2.39,0.0444,0.00000,-0.000452
not-recorded,0,0,0.00,0.0000,0.00000,-0.000827
not-recorded,0,0,3.24,0.0304,0.00527,-0.000345
not-recorded,0,0,0.00,0.0247,0.00000,0.000285
not-recorded,0,0,1.00,0.0000,0.00000,0.000553
not-recorded,0,0,0.00,0.0000,0.00097,0.000122
not-recorded,0,0,0.00,0.0000,0.00000,-0.000540
not-recorded,0,0,0.00,0.0183,0.00000,0.000578
not-recorded,0,0,0.00,0.0117,0.00000,0.001020
not-recorded,0,0,0.00,0.0000,0.00000,-0.000757
not-recorded,0,0,0.00,0.0000,0.00000,-0.001002
not-recorded,0,0,0.00,0.0528,0.00000,0.000772
not-recorded,0,0,0.72,0.0410,0.00000,-0.000517
not-recorded,0,0,0.00,0.0225,0.00000,0.001418
not-recorded,0,0,0.00,0.0000,0.00108,-0.002137
not-recorded,0,0,1.21,0.0000,0.00000,0.000032
not-recorded,0,0,0.00,0.0000,0.00013,0.000319
not-recorded,0,0,0.28,0.0000,0.00280,-0.000322
not-recorded,0,0,0.00,0.0309,0.00000,-0.001272
not-recorded,0,0,0.00,0.0000,0.00000,0.001527
not-recorded,0,0,1.15,0.0027,0.00000,0.000783
not-recorded,0,0,0.89,0.0000,0.00000,0.000032
not-recorded,0,0,2.08,0.0120,0.00000,-0.000819
not-recorded,0,0,0.00,0.0059,0.00000,-0.000146
not-recorded,0,0,0.00,0.0154,0.00810,0.000217
not-recorded,0,0,0.00,0.0000,0.00000,0.001013
not-recorded,0,0,0.00,0.0211,0.00008,-0.000447
not-recorded,0,0,0.00,0.0406,0.00538,-0.000375
not-recorded,0,0,0.00,0.0000,0.00000,0.000443
not-recorded,0,0,2.90,0.0000,0.00487,0.000295
not-recorded,0,0,0.00,0.0127,0.00000,0.000287
not-recorded,0,0,3.10,0.0550,0.00000,0.000406
not-recorded,0,0,0.00,0.0000,0.00000,-0.000075
not-recorded,0,0,0.00,0.0000,0.00068,0.000391
not-recorded,0,0,1.92,0.0752,0.00000,-0.001073
not-recorded,0,0,2.86,0.0196,0.00129,-0.001431
not-recorded,0,0,0.00,0.0367,0.00500,-0.001418
not-recorded,0,0,0.00,0.0000,0.00000,0.001395
not-recorded,0,0,0.00,0.0266,0.00000,0.001454
not-recorded,0,0,0.00,0.0000,0.00000,0.000055
not-recorded,0,0,0.74,0.0443,0.00032,0.000236
not-recorded,0,0,0.00,0.0000,0.00000,-0.000374
not-recorded,0,0,0.00,0.0454,0.00000,0.000501
not-recorded,0,0,0.00,0.0617,0.00280,-0.000742
not-recorded,0,0,0.66,0.0000,0.00527,-0.001902
not-recorded,0,0,3.00,0.0042,0.00000,0.001966
not-recorded,0,0,0.00,0.0000,0.00000,-0.000541
not-recorded,0,0,0.00,0.0251,0.00024,-0.000880
not-recorded,0,0,0.00,0.0743,0.00462,-0.001447
not-recorded,0,0,0.00,0.0000,0.00000,-0.001936
not-recorded,0,0,0.15,0.0000,0.00000,0.001642
not-recorded,0,0,0.00,0.0000,0.00640,0.001507
not-recorded,0,0,1.56,0.0000,0.00000,0.000213
not-recorded,0,0,0.38,0.0482,0.00684,-0.000512
not-recorded,0,0,0.00,0.0000,0.00708,-0.001562
not-recorded,0,0,0.00,0.0373,0.00799,-0.000343
not-recorded,0,0,0.97,0.0000,0.00090,-0.000472
not-recorded,0,0,2.12,0.0000,0.00115,0.000300
not-recorded,0,0,1.32,0.0149,0.00160,0.000316
not-recorded,0,0,0.00,0.0000,0.00000,-0.002267
not-recorded,0,0,0.01,0.0000,0.00139,-0.001054
not-recorded,0,0,0.00,0.0153,0.00000,-0.001320
not-recorded,0,0,1.62,0.0000,0.00000,0.002038
not-recorded,0,0,0.00,0.0131,0.00000,-0.001693
not-recorded,0,0,0.00,0.0000,0.00000,0.000937
not-recorded,0,0,2.85,0.0138,0.00000,0.000562
not-recorded,0,0,0.00,0.0219,0.00374,-0.000548
not-recorded,0,0,0.25,0.0005,0.00146,0.001879
not-recorded,0,0,0.00,0.0000,0.00765,-0.000212
not-recorded,0,0,0.00,0.0000,0.00181,-0.000121
not-recorded,0,0,0.00,0.0000,0.00000,-0.002945
not-recorded,0,0,0.00,0.0000,0.00000,0.000538
not-recorded,0,0,0.29,0.0103,0.00259,0.000658
not-recorded,0,0,3.40,0.0085,0.00000,-0.000252
not-recorded,0,0,1.38,0.0501,0.00000,0.001103
not-recorded,0,0,0.00,0.0000,0.00000,0.000421
not-recorded,0,0,0.00,0.0000,0.00079,-0.000044
not-recorded,0,0,2.30,0.0000,0.00271,0.000837
not-recorded,0,0,0.00,0.0010,0.00049,-0.000067
not-recorded,0,0,0.00,0.0000,0.00000,0.000901
not-recorded,0,0,0.02,0.0039,0.00793,-0.000492
not-recorded,0,0,0.85,0.0537,0.00000,-0.000981
not-recorded,0,0,0.00,0.0499,0.00000,0.001854
not-recorded,0,0,5.40,0.0376,0.00073,-0.000060
not-recorded,0,0,0.00,0.0321,0.00000,-0.000798
not-recorded,0,0,3.28,0.0409,0.00000,0.000193
not-recorded,0,0,0.00,0.0000,0.00621,0.001854
not-recorded,0,0,0.00,0.0089,0.00000,-0.000491
not-recorded,0,0,0.00,0.0000,0.00000,0.000077
not-recorded,0,0,0.00,0.0652,0.00000,0.000435
not-recorded,0,0,2.98,0.0000,0.00621,0.001087
not-recorded,0,0,2.07,0.0000,0.00237,0.001084
not-recorded,0,0,0.40,0.0426,0.00013,0.001070
not-recorded,0,0,0.00,0.0072,0.00000,-0.002294
not-recorded,0,0,0.00,0.0621,0.00000,-0.000035
not-recorded,0,0,0.53,0.0067,0.00000,0.002238
not-recorded,0,0,2.61,0.0058,0.00160,-0.001578
not-recorded,0,0,0.00,0.0000,0.00000,-0.000998
not-recorded,0,0,1.05,0.0105,0.00000,-0.001630
not-recorded,0,0,0.00,0.0000,0.00500,-0.001159
not-recorded,0,0,0.00,0.0334,0.00242,0.000860
not-recorded,0,0,0.00,0.0373,0.00000,-0.002569
not-recorded,0,0,1.80,0.0000,0.00280,0.001021
not-recorded,0,0,0.00,0.0000,0.00286,0.001591
not-recorded,0,0,0.53,0.0466,0.00331,-0.000928
not-recorded,0,0,0.00,0.0370,0.00099,-0.000133
not-recorded,0,0,0.64,0.0000,0.00000,0.000168
not-recorded,0,0,1.45,0.0026,0.00000,0.001217
not-recorded,0,0,0.00,0.0137,0.00268,-0.000337
not-recorded,0,0,0.00,0.0000,0.00564,-0.001279
not-recorded,0,0,0.00,0.0637,0.00000,0.001669
not-recorded,0,0,0.00,0.0000,0.00200,0.001016
not-recorded,0,0,2.93,0.0763,0.00000,-0.000469
not-recorded,0,0,0.00,0.0102,0.00360,0.001735
not-recorded,0,0,1.15,0.0224,0.00378,0.000804
not-recorded,0,0,0.00,0.0000,0.00187,0.002732
not-recorded,0,0,2.15,0.0000,0.00050,0.000569
not-recorded,0,0,1.59,0.0423,0.00000,0.000741
not-recorded,0,0,1.22,0.0199,0.00000,-0.000320
not-recorded,0,0,3.18,0.0703,0.00498,-0.001302
not-recorded,0,0,0.94,0.0000,0.00401,0.001139
not-recorded,0,0,0.00,0.0000,0.00227,0.001118
not-recorded,0,0,0.00,0.0000,0.00384,-0.000710
not-recorded,0,0,0.98,0.0000,0.00006,0.000919
not-recorded,0,0,0.00,0.0260,0.00013,0.000667
not-recorded,0,0,0.00,0.0162,0.00080,-0.000395
not-recorded,0,0,2.05,0.0000,0.00000,-0.000427
not-recorded,0,0,0.28,0.0000,0.00698,0.000102
not-recorded,0,0,0.41,0.0248,0.00000,-0.002140
not-recorded,0,0,0.41,0.0000,0.00395,-0.002661
not-recorded,0,0,2.06,0.0384,0.00168,0.001042
not-recorded,0,0,0.00,0.0000,0.00000,0.000822
not-recorded,0,0,0.17,0.0000,0.00821,0.001642
not-recorded,0,0,0.00,0.0000,0.00162,0.000606
not-recorded,0,0,1.83,0.0219,0.00000,0.002106
not-recorded,0,0,0.00,0.0446,0.00778,0.000249
not-recorded,0,0,0.00,0.0000,0.00132,-0.001559
not-recorded,0,0,0.14,0.0000,0.00365,0.002356
not-recorded,0,0,0.00,0.0331,0.00027,0.001772
not-recorded,0,0,0.00,0.0197,0.00000,-0.001382
not-recorded,0,0,3.18,0.0000,0.00024,0.001364
not-recorded,0,0,0.00,0.0000,0.00000,-0.000061
not-recorded,0,0,0.00,0.0228,0.00000,0.000549
not-recorded,0,0,1.78,0.0683,0.00000,0.000817
not-recorded,0,0,0.00,0.0000,0.00338,-0.002073
not-recorded,0,0,2.06,0.0000,0.00608,-0.001955
not-recorded,0,0,0.35,0.0211,0.00332,0.003335
not-recorded,0,0,3.18,0.0279,0.00276,0.000587
not-recorded,0,0,1.14,0.0368,0.00321,0.001940
not-recorded,0,0,0.00,0.0117,0.00019,0.001762
not-recorded,0,0,1.34,0.0103,0.00662,-0.000651
not-recorded,0,0,0.04,0.0137,0.00000,-0.000366
not-recorded,0,0,0.00,0.0000,0.00586,0.000652
not-recorded,0,0,0.00,0.0643,0.00168,0.000764
not-recorded,0,0,0.10,0.0363,0.00174,0.000555
not-recorded,0,0,0.00,0.0000,0.00432,-0.001038
not-recorded,0,0,0.00,0.0000,0.00661,0.000452
not-recorded,0,0,0.00,0.0000,0.00000,0.000853
not-recorded,0,0,3.04,0.0000,0.00000,-0.000397
not-recorded,0,0,0.00,0.0000,0.00181,0.001506
not-recorded,0,0,0.00,0.0052,0.00000,0.002964
not-recorded,0,0,2.31,0.0000,0.00000,-0.000662
not-recorded,0,0,0.00,0.0005,0.00000,-0.001450
not-recorded,0,0,0.65,0.0218,0.00236,0.000582
not-recorded,0,0,0.00,0.0000,0.00000,0.000158
not-recorded,0,0,0.00,0.0092,0.00000,-0.001222
not-recorded,0,0,1.54,0.0013,0.00000,0.001150
not-recorded,0,0,0.51,0.0000,0.00000,0.000138
not-recorded,1,40,5.46,0.0178,0.00000,0.000874
not-recorded,1,40,13.12,0.0000,0.00000,0.002484
not-recorded,1,40,18.82,0.0295,0.00000,0.002075
not-recorded,1,40,20.24,0.0393,0.00237,0.005081
not-recorded,1,40,23.40,0.0058,0.00000,0.001033
not-recorded,1,40,28.95,0.0251,0.00000,0.001519
not-recorded,1,40,31.90,0.0459,0.00859,0.003733
not-recorded,1,40,41.52,0.0000,0.00000,0.002712
not-recorded,1,40,42.33,0.0000,0.00000,0.003399
not-recorded,1,40,44.12,0.0000,0.00232,0.003395
not-recorded,1,40,55.50,0.0207,0.00196,0.005009
not-recorded,1,40,56.70,0.0909,0.00213,0.006564
not-recorded,1,40,61.35,0.0000,0.00775,0.002827
not-recorded,1,40,64.04,0.0515,0.00000,0.005600
not-recorded,1,40,70.25,0.0222,0.00433,0.006116
not-recorded,1,40,75.48,0.0000,0.00000,0.006172
not-recorded,1,40,74.91,0.0366,0.00126,0.004024
not-recorded,1,40,81.51,0.0000,0.00266,0.002895
not-recorded,1,40,86.14,0.0000,0.00301,0.002867
not-recorded,1,40,93.44,0.0265,0.00000,0.003555
not-recorded,1,40,100.66,0.0719,0.00000,0.002454
not-recorded,1,40,101.14,0.0000,0.00582,0.002928
not-recorded,1,40,105.99,0.0300,0.00345,0.000802
not-recorded,1,40,111.10,0.0000,0.00292,-0.000374
not-recorded,1,40,110.73,0.0000,0.00004,0.001033
not-recorded,1,40,115.99,0.0114,0.00000,0.000554
not-recorded,1,40,124.32,0.0261,0.00000,-0.000747
not-recorded,1,40,128.62,0.0782,0.00067,-0.000964
not-recorded,1,40,132.51,0.0863,0.00470,-0.002108
not-recorded,1,40,133.99,0.0178,0.00000,-0.004058
not-recorded,1,40,136.65,0.0072,0.00089,-0.004894
not-recorded,1,40,143.62,0.0255,0.00285,-0.002825
not-recorded,1,40,148.80,0.0564,0.00000,-0.003733
not-recorded,1,40,155.08,0.0000,0.00145,-0.005960
not-recorded,1,40,157.78,0.0272,0.00000,-0.005841
not-recorded,1,40,163.54,0.0636,0.00184,-0.006703
not-recorded,1,40,170.42,0.0324,0.00000,-0.007384
not-recorded,1,40,172.08,0.0000,0.00175,-0.007120
not-recorded,1,40,178.48,0.0856,0.00000,-0.006597
not-recorded,1,40,179.27,0.0293,0.00000,-0.007360
not-recorded,1,40,185.07,0.0000,0.00000,-0.005210
not-recorded,1,40,189.96,0.0444,0.00251,-0.004954
not-recorded,1,40,195.41,0.0111,0.00453,-0.005937
not-recorded,1,40,200.74,0.0192,0.00556,-0.005113
not-recorded,1,40,203.73,0.0839,0.00000,-0.002043
not-recorded,1,40,205.90,0.0565,0.00312,-0.003653
not-recorded,1,40,208.94,0.0693,0.00250,-0.002470
not-recorded,1,40,211.47,0.0184,0.00097,-0.000846
not-recorded,1,40,220.34,0.0647,0.00000,0.000827
not-recorded,1,40,222.84,0.0556,0.00857,0.001220
not-recorded,1,40,225.27,0.0202,0.00000,0.002586
not-recorded,1,40,233.98,0.0431,0.00417,0.003695
not-recorded,1,40,238.47,0.1067,0.00000,0.005345
not-recorded,1,40,241.60,0.1133,0.00000,0.005081
not-recorded,1,40,248.31,0.0051,0.00219,0.005442
not-recorded,1,40,246.83,0.0467,0.00340,0.004311
not-recorded,1,40,252.28,0.0663,0.00000,0.005933
not-recorded,1,40,255.29,0.0794,0.00429,0.006751
not-recorded,1,40,262.43,0.0849,0.00243,0.005895
not-recorded,1,40,267.75,0.0918,0.00092,0.006867
not-recorded,1,40,270.49,0.0371,0.00168,0.007145
not-recorded,1,40,273.57,0.1243,0.00237,0.006354
not-recorded,1,40,281.76,0.0262,0.00586,0.007575
not-recorded,1,40,282.47,0.1117,0.00487,0.008398
not-recorded,1,40,290.33,0.0885,0.00000,0.005338
not-recorded,1,40,290.56,0.1338,0.00470,0.005047
not-recorded,1,40,294.30,0.0608,0.00502,0.004482
not-recorded,1,40,302.97,0.0530,0.00456,0.003901
not-recorded,1,40,304.77,0.0937,0.00000,0.002104
not-recorded,1,40,305.06,0.0517,0.00380,0.001150
not-recorded,1,40,311.19,0.1357,0.00557,0.001488
not-recorded,1,40,317.12,0.1341,0.01214,0.001030
not-recorded,1,40,315.22,0.1412,0.00439,0.001603
not-recorded,1,40,320.36,0.1607,0.00442,-0.000654
not-recorded,1,40,328.10,0.1291,0.00000,-0.002922
not-recorded,1,40,329.25,0.1278,0.00694,-0.003407
not-recorded,1,40,333.46,0.1022,0.00607,-0.002762
not-recorded,1,40,341.40,0.1005,0.00435,-0.005175
not-recorded,1,40,344.67,0.1476,0.00114,-0.005777
not-recorded,1,40,346.52,0.1126,0.00838,-0.006492
not-recorded,1,40,351.31,0.0967,0.01226,-0.008123
not-recorded,1,40,356.46,0.2126,0.00649,-0.006581
not-recorded,1,40,359.43,0.1146,0.00269,-0.007598
not-recorded,1,40,363.91,0.0974,0.00594,-0.009821
not-recorded,1,40,367.05,0.1269,0.01007,-0.008332
not-recorded,1,40,369.87,0.1066,0.00821,-0.010641
not-recorded,1,40,373.58,0.1122,0.00241,-0.006057
not-recorded,1,40,379.67,0.1042,0.00603,-0.006851
not-recorded,1,40,384.24,0.1770,0.01284,-0.004830
not-recorded,1,40,387.22,0.1146,0.01347,-0.005608
not-recorded,1,40,389.92,0.1224,0.01019,-0.004990
not-recorded,1,40,392.04,0.1978,0.01159,-0.003028
not-recorded,1,40,397.20,0.1691,0.00156,-0.000912
not-recorded,1,40,402.86,0.1107,0.00918,-0.001810
not-recorded,1,40,408.04,0.1649,0.01113,0.002538
not-recorded,1,40,411.59,0.1713,0.00668,0.001485
not-recorded,1,40,416.09,0.1527,0.01174,0.003382
not-recorded,1,40,415.60,0.1502,0.01254,0.003447
not-recorded,1,40,421.06,0.1721,0.00746,0.006528
not-recorded,1,40,426.65,0.2572,0.01168,0.005432
not-recorded,1,40,429.70,0.2306,0.00849,0.008336
not-recorded,1,40,434.74,0.2622,0.00809,0.010933
not-recorded,1,40,437.24,0.1650,0.00528,0.007271
not-recorded,1,40,442.40,0.1968,0.01147,0.009620
not-recorded,1,40,443.78,0.2438,0.00975,0.009729
not-recorded,1,40,447.38,0.2247,0.00722,0.010186
not-recorded,1,40,450.34,0.1943,0.01181,0.008287
not-recorded,1,40,457.59,0.2105,0.00722,0.010045
not-recorded,1,40,456.72,0.1817,0.00987,0.007741
not-recorded,1,40,467.23,0.1640,0.00739,0.006528
not-recorded,1,40,467.80,0.2500,0.01053,0.006829
not-recorded,1,40,468.10,0.2286,0.01508,0.005875
not-recorded,1,40,470.59,0.2123,0.01001,0.006273
not-recorded,1,40,476.35,0.2197,0.01191,0.006851
not-recorded,1,40,481.48,0.2493,0.00555,0.002666
not-recorded,1,40,488.19,0.2853,0.01200,0.000273
not-recorded,1,40,491.43,0.2091,0.01349,-0.000879
not-recorded,1,40,496.99,0.3136,0.00477,-0.004589
not-recorded,1,40,498.10,0.2826,0.00995,-0.002844
not-recorded,1,40,503.51,0.2484,0.01008,-0.005359
not-recorded,1,40,502.45,0.2508,0.01378,-0.004451
not-recorded,1,40,510.01,0.2158,0.01481,-0.007999
not-recorded,1,40,513.25,0.2865,0.01006,-0.009604
not-recorded,1,40,513.82,0.2437,0.00939,-0.009275
not-recorded,1,40,520.24,0.2346,0.01049,-0.008574
not-recorded,1,40,527.50,0.2917,0.00943,-0.008822
not-recorded,1,40,524.74,0.2417,0.00803,-0.011053
not-recorded,1,40,532.74,0.2667,0.01418,-0.012108
not-recorded,1,40,535.12,0.2709,0.01042,-0.009523
not-recorded,1,40,540.02,0.2784,0.01140,-0.010627
not-recorded,1,40,541.42,0.3042,0.01544,-0.009439
not-recorded,1,40,543.15,0.3192,0.01329,-0.008410
not-recorded,1,40,548.25,0.2734,0.01354,-0.008226
not-recorded,1,40,557.09,0.3026,0.01799,-0.005039
not-recorded,1,40,557.24,0.2323,0.01646,-0.003789
not-recorded,1,40,559.03,0.3142,0.02106,-0.002137
not-recorded,1,40,562.35,0.2507,0.01654,-0.002007
not-recorded,1,40,565.34,0.3721,0.01651,-0.002347
not-recorded,1,40,570.01,0.2624,0.01151,0.000499
not-recorded,1,40,571.85,0.3933,0.01794,0.001446
not-recorded,1,40,579.38,0.3229,0.02308,0.004369
not-recorded,1,40,584.70,0.3765,0.01379,0.006875
not-recorded,1,40,587.08,0.3633,0.02035,0.007397
not-recorded,1,40,591.64,0.3060,0.02357,0.009356
not-recorded,1,40,593.20,0.3556,0.01684,0.011190
not-recorded,1,40,596.63,0.4070,0.01714,0.008835
not-recorded,1,40,600.66,0.3403,0.01375,0.012955
not-recorded,1,40,607.98,0.3708,0.01821,0.011133
not-recorded,1,40,610.20,0.4041,0.02014,0.009781
not-recorded,1,40,609.62,0.3379,0.01363,0.009517
not-recorded,1,40,614.09,0.4412,0.02404,0.011062
not-recorded,1,40,620.63,0.4106,0.01599,0.008757
not-recorded,1,40,620.23,0.3627,0.01766,0.008997
not-recorded,1,40,619.92,0.4018,0.01881,0.009194
not-recorded,1,40,627.38,0.4424,0.01836,0.007176
not-recorded,1,40,629.33,0.3918,0.02119,0.004154
not-recorded,1,40,635.19,0.4681,0.02217,0.004938
not-recorded,1,40,638.68,0.3990,0.01844,0.000874
not-recorded,1,40,640.01,0.3915,0.01634,-0.001737
not-recorded,1,40,640.33,0.4026,0.01600,-0.000765
not-recorded,1,40,645.54,0.3624,0.01353,-0.002637
not-recorded,1,40,651.14,0.4086,0.01533,-0.004343
not-recorded,1,40,654.43,0.4246,0.01988,-0.006369
not-recorded,1,40,660.90,0.4921,0.01816,-0.009021
not-recorded,1,40,660.68,0.4500,0.01624,-0.008214
not-recorded,1,40,662.96,0.4670,0.02335,-0.009295
not-recorded,1,40,667.49,0.4130,0.01671,-0.011471
not-recorded,1,40,670.24,0.4638,0.01972,-0.011780
not-recorded,1,40,676.76,0.4919,0.02750,-0.012320
not-recorded,1,40,678.28,0.3969,0.02541,-0.012496
not-recorded,1,40,677.94,0.5075,0.01683,-0.011029
not-recorded,1,40,685.90,0.4885,0.02230,-0.010623
not-recorded,1,40,687.41,0.4676,0.01940,-0.009204
not-recorded,1,40,690.63,0.4245,0.02498,-0.009735
not-recorded,1,40,694.80,0.4940,0.02517,-0.009229
not-recorded,1,40,698.96,0.4895,0.02861,-0.008418
not-recorded,1,40,704.14,0.4964,0.02297,-0.004701
not-recorded,1,40,702.06,0.5285,0.02368,-0.004409
not-recorded,1,40,711.11,0.4850,0.02604,-0.000845
not-recorded,1,40,709.84,0.5344,0.02615,-0.001581
not-recorded,1,40,717.96,0.5484,0.02498,0.003424
not-recorded,1,40,716.66,0.5279,0.02250,0.003117
not-recorded,1,40,719.73,0.5165,0.02591,0.003942
not-recorded,1,40,724.19,0.4965,0.02279,0.006806
not-recorded,1,40,724.14,0.4697,0.02309,0.007004
not-recorded,1,40,732.14,0.6403,0.02195,0.010285
not-recorded,1,40,733.08,0.5837,0.02541,0.013036
not-recorded,1,40,737.08,0.5558,0.02172,0.013090
not-recorded,1,40,736.86,0.6014,0.02049,0.012834
not-recorded,1,40,747.70,0.6080,0.01646,0.014966
not-recorded,1,40,745.85,0.6215,0.02754,0.015178
not-recorded,1,40,750.46,0.5776,0.02314,0.011073
not-recorded,1,40,755.14,0.5528,0.02123,0.010998
not-recorded,1,40,755.80,0.6149,0.02537,0.011911
not-recorded,1,40,761.70,0.5536,0.02382,0.009144
not-recorded,1,40,761.40,0.6102,0.02346,0.006556
not-recorded,1,40,765.04,0.5965,0.03156,0.009591
not-recorded,1,40,769.46,0.6305,0.02998,0.003113
not-recorded,1,40,774.58,0.6470,0.03246,0.003414
not-recorded,1,40,775.91,0.5673,0.02708,0.000329
not-recorded,1,40,780.82,0.6666,0.02671,-0.003941
not-recorded,1,40,784.52,0.7003,0.02780,-0.004233
not-recorded,1,40,786.95,0.6480,0.01863,-0.005028
not-recorded,1,40,786.78,0.6774,0.03317,-0.007617
not-recorded,1,40,791.02,0.6765,0.02881,-0.009170
not-recorded,1,40,792.55,0.6512,0.02790,-0.008530
not-recorded,1,40,798.73,0.6607,0.03294,-0.012164
not-recorded,1,40,801.43,0.6931,0.02350,-0.010037
not-recorded,1,40,803.28,0.6996,0.03075,-0.013493
not-recorded,1,40,805.50,0.6869,0.02933,-0.013229
not-recorded,1,40,809.25,0.7166,0.02698,-0.011929
not-recorded,1,40,816.53,0.6774,0.02565,-0.013116
not-recorded,1,40,816.18,0.7216,0.02649,-0.012278
not-recorded,1,40,822.32,0.7454,0.02971,-0.010912
not-recorded,1,40,821.12,0.7015,0.02757,-0.010078
not-recorded,1,40,826.23,0.6726,0.02905,-0.006601
not-recorded,1,40,833.62,0.7299,0.02808,-0.005104
not-recorded,1,40,834.40,0.7355,0.03643,-0.003507
not-recorded,1,40,831.99,0.7190,0.02948,-0.006157
not-recorded,1,40,839.09,0.8043,0.03035,0.000453
not-recorded,1,40,838.11,0.7001,0.03606,-0.000936
not-recorded,1,40,845.05,0.7002,0.03613,0.001770
not-recorded,1,40,848.12,0.7372,0.03352,0.006413
not-recorded,1,40,849.94,0.8460,0.03555,0.004885
not-recorded,1,40,857.36,0.7496,0.03810,0.012498
not-recorded,1,40,859.30,0.7603,0.03439,0.013280
not-recorded,1,40,858.93,0.8060,0.03165,0.012802
not-recorded,1,40,865.62,0.7759,0.03838,0.014568
not-recorded,1,40,865.29,0.7729,0.03048,0.014318
not-recorded,1,40,864.71,0.7842,0.02668,0.012723
not-recorded,1,40,871.23,0.8026,0.03661,0.016383
not-recorded,1,40,877.24,0.8094,0.03298,0.012470
not-recorded,1,40,878.91,0.7071,0.03900,0.013893
not-recorded,1,40,881.18,0.8202,0.04530,0.013875
not-recorded,1,40,880.29,0.8136,0.03527,0.012455
not-recorded,1,40,885.79,0.7913,0.03666,0.009505
not-recorded,1,40,889.42,0.7879,0.03666,0.007939
not-recorded,1,40,890.46,0.7819,0.03729,0.007994
not-recorded,1,40,895.76,0.8327,0.03463,0.002591
not-recorded,1,40,897.51,0.8368,0.04167,-0.000325
not-recorded,1,40,897.55,0.8903,0.03596,-0.001048
not-recorded,1,40,900.92,0.8146,0.03103,-0.002633
not-recorded,1,40,910.07,0.8688,0.03102,-0.007332
not-recorded,1,40,908.92,0.8421,0.04101,-0.007527
not-recorded,1,40,907.78,0.8653,0.03263,-0.007682
not-recorded,1,40,915.74,0.9115,0.03066,-0.012979
not-recorded,1,40,920.14,0.8926,0.04241,-0.011574
not-recorded,1,40,924.18,0.8138,0.04136,-0.014405
not-recorded,1,40,923.29,0.9013,0.03259,-0.013281
not-recorded,1,40,927.79,0.8237,0.04416,-0.015764
not-recorded,1,40,927.52,0.9144,0.04084,-0.015923
not-recorded,1,40,933.61,0.9058,0.03936,-0.013436
not-recorded,1,40,935.61,0.9132,0.04556,-0.014115
not-recorded,1,40,934.02,0.9342,0.04676,-0.015449
not-recorded,1,40,941.12,0.9068,0.04119,-0.012117
not-recorded,1,40,942.32,0.9674,0.04454,-0.010024
not-recorded,1,40,945.36,0.9806,0.03755,-0.008639
not-recorded,1,40,954.76,0.9350,0.03718,-0.001611
not-recorded,1,40,953.88,0.9461,0.04366,-0.002527
not-recorded,1,40,957.38,0.9045,0.03987,-0.001254
not-recorded,1,40,954.66,0.9622,0.04661,0.000010
not-recorded,1,40,960.11,0.9871,0.04706,0.002956
not-recorded,1,40,968.52,1.0135,0.04118,0.008952
not-recorded,1,40,968.54,1.0126,0.04268,0.011149
not-recorded,1,40,968.44,0.9966,0.03663,0.008397
not-recorded,1,40,969.92,0.9519,0.04358,0.011564
not-recorded,1,40,975.83,0.9889,0.04696,0.015421
not-recorded,1,40,979.54,1.0147,0.04580,0.015487
not-recorded,1,40,978.60,0.9650,0.03665,0.016143
not-recorded,1,40,983.45,1.0625,0.04719,0.014040
not-recorded,1,40,988.21,1.0415,0.03979,0.016529
not-recorded,1,40,989.70,0.9836,0.04457,0.012934
not-recorded,1,40,990.21,0.9813,0.04196,0.014364
not-recorded,1,40,995.50,1.0020,0.04980,0.011290
not-recorded,1,40,996.06,1.0418,0.03833,0.014041
not-recorded,1,40,997.73,0.9722,0.04904,0.009482
not-recorded,1,40,999.29,1.0160,0.05213,0.008192
not-recorded,1,40,1002.29,1.0294,0.05076,0.005236
not-recorded,1,40,1006.81,1.0593,0.04378,0.003200
not-recorded,1,40,1010.23,1.0456,0.04049,-0.000721
not-recorded,1,40,1013.01,1.0509,0.04708,-0.002844
not-recorded,1,40,1017.14,1.0565,0.04654,-0.005393
not-recorded,1,40,1019.09,1.1518,0.04690,-0.008572
not-recorded,1,40,1025.33,1.0601,0.05204,-0.010749
not-recorded,1,40,1022.08,1.0496,0.04216,-0.011167
not-recorded,1,40,1025.90,1.1091,0.04962,-0.012008
not-recorded,1,40,1027.79,1.1046,0.04661,-0.015921
not-recorded,1,40,1031.08,1.1094,0.04724,-0.017769
not-recorded,1,40,1036.49,1.0887,0.04854,-0.013859
not-recorded,1,40,1038.73,1.1544,0.04644,-0.018307
not-recorded,1,40,1038.73,1.1450,0.05012,-0.017225
not-recorded,1,40,1040.15,1.1192,0.04853,-0.016480
not-recorded,1,40,1048.88,1.1408,0.05159,-0.009903
not-recorded,1,40,1048.41,1.1239,0.04556,-0.011918
not-recorded,1,40,1051.62,1.1415,0.04915,-0.009251
not-recorded,1,40,1054.86,1.1421,0.04811,-0.008830
not-recorded,1,40,1056.11,1.1368,0.04929,-0.008718
not-recorded,1,40,1055.42,1.1566,0.04987,-0.004931
not-recorded,1,40,1057.69,1.1482,0.04904,-0.003223
not-recorded,1,40,1059.88,1.2103,0.05051,-0.001250
not-recorded,1,40,1064.31,1.2594,0.05064,0.003860
not-recorded,1,40,1065.51,1.1898,0.05012,0.007081
not-recorded,1,40,1069.70,1.1888,0.05156,0.009000
not-recorded,1,40,1074.48,1.1856,0.05142,0.010967
not-recorded,1,40,1077.97,1.1891,0.05329,0.014662
not-recorded,1,40,1083.13,1.1717,0.05323,0.015623
not-recorded,1,40,1082.56,1.1993,0.04835,0.015958
not-recorded,1,40,1082.91,1.2486,0.05191,0.016304
not-recorded,1,40,1088.72,1.2703,0.05872,0.017122
not-recorded,1,40,1089.87,1.2315,0.05491,0.017095
not-recorded,1,40,1090.18,1.2178,0.05480,0.018144
not-recorded,1,40,1096.78,1.1725,0.05340,0.012970
not-recorded,1,40,1093.79,1.2324,0.05851,0.014234
not-recorded,1,40,1102.61,1.2153,0.05039,0.010122
not-recorded,1,40,1100.16,1.2294,0.04999,0.012544
not-recorded,1,40,1105.93,1.2344,0.05190,0.006066
not-recorded,1,40,1106.60,1.2590,0.05228,0.005277
not-recorded,1,40,1115.71,1.2540,0.05234,-0.004230
not-recorded,1,40,1111.92,1.2845,0.05090,-0.001388
not-recorded,1,40,1115.64,1.3059,0.05832,-0.005146
not-recorded,1,40,1119.59,1.3011,0.06000,-0.010058
not-recorded,1,40,1124.83,1.3415,0.05438,-0.012394
not-recorded,1,40,1120.31,1.2871,0.05831,-0.010738
not-recorded,1,40,1124.53,1.3649,0.06007,-0.013730
not-recorded,1,40,1128.88,1.3739,0.05757,-0.016359
not-recorded,1,40,1127.77,1.3078,0.05138,-0.018632
not-recorded,1,40,1136.89,1.3154,0.06198,-0.018518
not-recorded,1,40,1136.20,1.3746,0.06119,-0.020255
not-recorded,1,40,1133.35,1.3385,0.05897,-0.016831
not-recorded,1,40,1138.12,1.3548,0.06056,-0.017446
not-recorded,1,40,1142.49,1.3716,0.05372,-0.014553
not-recorded,1,40,1147.12,1.4287,0.05636,-0.010863
not-recorded,1,40,1142.60,1.4235,0.05545,-0.016293
not-recorded,1,40,1149.73,1.3379,0.06175,-0.009583
not-recorded,1,40,1152.85,1.3301,0.05479,-0.007418
not-recorded,1,40,1156.53,1.4119,0.05815,-0.002927
not-recorded,1,40,1155.21,1.3527,0.05893,-0.001258
not-recorded,1,40,1159.06,1.3792,0.06118,0.000338
not-recorded,1,40,1161.28,1.4004,0.06137,0.004499
not-recorded,1,40,1161.76,1.4206,0.05555,0.006586
not-recorded,1,40,1169.26,1.3805,0.05876,0.009867
not-recorded,1,40,1164.94,1.3387,0.06451,0.009095
not-recorded,1,40,1175.13,1.3664,0.05953,0.016629
not-recorded,1,40,1174.14,1.4541,0.06456,0.016195
not-recorded,1,40,1176.22,1.3970,0.06120,0.018577
not-recorded,1,40,1177.53,1.4234,0.06916,0.019618
not-recorded,1,40,1182.06,1.4667,0.06607,0.018215
not-recorded,1,40,1181.49,1.4690,0.05951,0.017760
not-recorded,1,40,1186.17,1.4958,0.06292,0.017860
not-recorded,1,40,1189.89,1.4756,0.07079,0.014629
not-recorded,1,40,1188.78,1.4340,0.06249,0.014152
not-recorded,1,40,1198.85,1.5270,0.06700,0.008933
not-recorded,1,40,1190.47,1.4639,0.05984,0.011966
not-recorded,1,40,1199.85,1.4806,0.06243,0.005578
not-recorded,1,40,1199.52,1.5153,0.06440,0.006539
not-recorded,1,40,1201.93,1.4491,0.06771,0.002373
not-recorded,1,40,1203.17,1.4426,0.06973,0.001092
not-recorded,1,40,1204.21,1.5322,0.06795,-0.001036
not-recorded,1,40,1208.16,1.4965,0.06177,-0.004878
not-recorded,1,40,1212.22,1.4445,0.06919,-0.011034
not-recorded,1,40,1213.81,1.5473,0.06543,-0.011091
not-recorded,1,40,1210.40,1.5051,0.06319,-0.010658
not-recorded,1,40,1219.03,1.5475,0.06821,-0.015695
not-recorded,1,40,1216.35,1.5730,0.06943,-0.016424
not-recorded,1,40,1225.83,1.5288,0.06295,-0.017080
not-recorded,1,40,1225.29,1.5710,0.06790,-0.018575
not-recorded,1,40,1227.61,1.5878,0.07215,-0.017477
not-recorded,1,40,1232.78,1.5547,0.06651,-0.016624
not-recorded,1,40,1230.35,1.5536,0.06882,-0.015733
not-recorded,1,40,1231.19,1.6316,0.06942,-0.015177
not-recorded,1,40,1239.78,1.5677,0.07137,-0.011003
not-recorded,1,40,1237.64,1.6573,0.06330,-0.013716
not-recorded,1,40,1243.39,1.6249,0.07212,-0.006962
not-recorded,1,40,1243.39,1.5825,0.07246,-0.006325
not-recorded,1,40,1246.08,1.5492,0.06790,-0.002410
not-recorded,1,40,1244.34,1.6062,0.07317,-0.003252
not-recorded,1,40,1248.54,1.6025,0.06603,0.003246
not-recorded,1,40,1254.39,1.6865,0.07701,0.008503
not-recorded,1,40,1253.68,1.5973,0.07554,0.008797
not-recorded,1,40,1258.21,1.6588,0.06884,0.014210
not-recorded,1,40,1259.77,1.6228,0.06990,0.015854
not-recorded,1,40,1262.42,1.6059,0.07152,0.017755
not-recorded,1,40,1266.59,1.6417,0.06557,0.019759
not-recorded,1,40,1268.49,1.6710,0.07080,0.019375
not-recorded,1,40,1268.56,1.6472,0.06990,0.017823
not-recorded,1,40,1269.27,1.5955,0.07153,0.020679
not-recorded,1,40,1272.46,1.6904,0.07469,0.020537
not-recorded,1,40,1278.71,1.7449,0.07084,0.015759
not-recorded,1,40,1276.44,1.6232,0.07724,0.017020
not-recorded,1,40,1278.38,1.6293,0.07149,0.012055
not-recorded,1,40,1277.06,1.6733,0.07279,0.012532
not-recorded,1,40,1282.38,1.6867,0.07247,0.010416
not-recorded,1,40,1284.27,1.6378,0.06980,0.007556
not-recorded,1,40,1286.77,1.7360,0.07395,0.002056
not-recorded,1,40,1289.48,1.6770,0.07710,-0.002968
not-recorded,1,40,1290.32,1.6725,0.08257,-0.001100
not-recorded,1,40,1292.25,1.7356,0.06994,-0.006087
not-recorded,1,40,1299.81,1.7904,0.07846,-0.010651
not-recorded,1,40,1297.91,1.7593,0.07307,-0.012830
not-recorded,1,40,1302.47,1.7701,0.07275,-0.017309
not-recorded,1,40,1301.49,1.7209,0.07026,-0.016443
not-recorded,1,40,1304.94,1.7416,0.08599,-0.019026
not-recorded,1,40,1310.94,1.8004,0.08376,-0.019672
not-recorded,1,40,1312.17,1.7836,0.07651,-0.019039
not-recorded,1,40,1311.15,1.7559,0.07579,-0.019270
not-recorded,1,40,1312.43,1.7462,0.08159,-0.018380
not-recorded,1,40,1318.78,1.7936,0.08054,-0.014507
not-recorded,1,40,1319.73,1.7778,0.08632,-0.014179
not-recorded,1,40,1317.52,1.8187,0.08082,-0.015867
not-recorded,1,40,1323.16,1.7988,0.07891,-0.010494
not-recorded,1,40,1322.72,1.8174,0.08178,-0.009817
not-recorded,1,40,1327.28,1.7561,0.08247,-0.004989
not-recorded,1,40,1323.46,1.7745,0.07289,-0.005000
not-recorded,1,40,1332.12,1.8628,0.07520,0.001901
not-recorded,1,40,1331.11,1.8559,0.07772,0.002843
not-recorded,1,40,1333.28,1.8694,0.08650,0.005013
not-recorded,1,40,1335.79,1.8005,0.07868,0.011532
not-recorded,1,40,1340.32,1.8365,0.07649,0.015119
not-recorded,1,40,1337.52,1.8515,0.07649,0.014577
not-recorded,1,40,1343.40,1.8761,0.08883,0.016702
not-recorded,1,40,1346.72,1.8953,0.08966,0.019271
not-recorded,1,40,1352.31,1.8994,0.07903,0.018136
not-recorded,1,40,1347.84,1.8811,0.08604,0.018899
not-recorded,1,40,1349.86,1.8682,0.08892,0.019106
not-recorded,1,40,1351.10,1.9005,0.08601,0.020630
not-recorded,1,40,1354.86,1.9349,0.08197,0.018411
not-recorded,1,40,1358.75,1.8530,0.08484,0.011994
not-recorded,1,40,1356.07,1.8775,0.08461,0.014159
not-recorded,1,40,1358.17,1.9095,0.08123,0.013363
not-recorded,1,40,1364.87,1.9111,0.08278,0.005333
not-recorded,1,40,1367.90,2.0220,0.08098,0.002542
not-recorded,1,40,1371.47,1.9622,0.08056,-0.002876
not-recorded,1,40,1370.72,1.9403,0.08312,-0.002849
not-recorded,1,40,1373.37,1.9801,0.08517,-0.006665
not-recorded,1,40,1370.39,1.9172,0.08305,-0.006088
not-recorded,1,40,1376.84,1.9223,0.08351,-0.011003
not-recorded,1,40,1375.61,1.9790,0.09082,-0.012409
not-recorded,1,40,1378.72,1.8832,0.08911,-0.015570
not-recorded,1,40,1385.21,1.9550,0.08608,-0.020979
not-recorded,1,40,1382.88,2.0003,0.07707,-0.020148
not-recorded,1,40,1380.77,2.0134,0.08238,-0.019283
not-recorded,1,40,1387.43,2.0168,0.08393,-0.019812
not-recorded,1,40,1388.93,1.9486,0.09363,-0.021495
not-recorded,1,40,1391.22,1.9520,0.08573,-0.017784
not-recorded,1,40,1393.05,2.0225,0.08431,-0.017754
not-recorded,1,40,1394.12,1.9205,0.08931,-0.015475
not-recorded,1,40,1395.29,2.0177,0.09716,-0.013058
not-recorded,1,40,1400.77,1.9712,0.08635,-0.009352
not-recorded,1,40,1398.11,2.0056,0.08958,-0.009560
not-recorded,1,40,1400.58,2.0463,0.08349,-0.005047
not-recorded,1,40,1410.16,2.0876,0.08580,0.005555
not-recorded,1,40,1406.73,2.0661,0.08630,0.005061
not-recorded,1,40,1411.52,2.0784,0.08760,0.008499
not-recorded,1,40,1407.90,1.9922,0.08691,0.005999
not-recorded,1,40,1412.19,2.0696,0.09380,0.013177
not-recorded,1,40,1415.15,2.1065,0.09352,0.016034
not-recorded,1,40,1410.57,2.0892,0.08758,0.014692
not-recorded,1,40,1418.61,2.1149,0.09328,0.021157
not-recorded,1,40,1425.92,2.0732,0.09096,0.021446
not-recorded,1,40,1425.32,2.0409,0.09308,0.020977
not-recorded,1,40,1424.57,2.1375,0.09390,0.020913
not-recorded,1,40,1427.75,2.0984,0.09007,0.019945
not-recorded,1,40,1432.19,2.1841,0.08799,0.017263
not-recorded,1,40,1431.52,2.1050,0.09242,0.017755
not-recorded,1,40,1430.68,2.0980,0.09200,0.017115
not-recorded,1,40,1437.48,2.1283,0.09729,0.009268
not-recorded,1,40,1432.16,2.1549,0.09477,0.015107
not-recorded,1,40,1436.15,2.1015,0.09718,0.007401
not-recorded,1,40,1438.91,2.1361,0.09430,0.003040
not-recorded,1,40,1438.40,2.1784,0.09747,0.004348
not-recorded,1,40,1446.15,2.1169,0.09657,-0.006947
not-recorded,1,40,1441.72,2.1142,0.08759,-0.005516
not-recorded,1,40,1448.38,2.1783,0.09347,-0.011882
not-recorded,1,40,1453.08,2.1907,0.09309,-0.019056
not-recorded,1,40,1450.80,2.1711,0.10004,-0.015825
not-recorded,1,40,1453.34,2.0925,0.09469,-0.020791
not-recorded,1,40,1454.61,2.1636,0.09399,-0.020292
not-recorded,1,40,1457.12,2.1610,0.09189,-0.021373
not-recorded,1,40,1458.93,2.2451,0.09411,-0.021341
not-recorded,1,40,1459.03,2.1215,0.09393,-0.020470
not-recorded,1,40,1461.43,2.1461,0.09694,-0.020348
not-recorded,1,40,1462.87,2.1930,0.09765,-0.019605
not-recorded,1,40,1463.47,2.1588,0.09905,-0.017613
not-recorded,1,40,1468.74,2.2213,0.10086,-0.015009
not-recorded,1,40,1467.88,2.2249,0.09767,-0.010854
not-recorded,1,40,1474.09,2.2461,0.10085,-0.007146
not-recorded,1,40,1472.29,2.1518,0.09874,-0.007951
not-recorded,1,40,1473.49,2.2714,0.10186,-0.004091
not-recorded,1,40,1471.01,2.2445,0.09856,-0.002340
not-recorded,1,40,1476.75,2.2901,0.09924,0.003192
not-recorded,1,40,1475.06,2.2271,0.09480,0.003929
not-recorded,1,40,1484.08,2.2597,0.09864,0.013322
not-recorded,1,40,1485.22,2.2335,0.09639,0.015339
not-recorded,1,40,1488.11,2.2555,0.09414,0.020786
not-recorded,1,40,1485.98,2.2217,0.10255,0.019297
not-recorded,1,40,1485.86,2.3088,0.10165,0.019838
not-recorded,1,40,1491.72,2.2606,0.09976,0.021880
not-recorded,1,40,1488.47,2.2783,0.10188,0.022574
not-recorded,1,40,1490.13,2.2979,0.09596,0.020886
not-recorded,1,40,1493.27,2.2532,0.10194,0.021420
not-recorded,1,40,1502.30,2.3198,0.09770,0.015452
not-recorded,1,40,1501.99,2.3202,0.10067,0.016331
not-recorded,1,40,1503.73,2.2482,0.10023,0.011796
not-recorded,1,40,1503.39,2.2783,0.09788,0.011438
not-recorded,1,40,1504.54,2.3403,0.10231,0.007838
not-recorded,1,40,1506.67,2.3731,0.10921,0.005160
not-recorded,1,40,1507.28,2.3331,0.09782,0.002590
not-recorded,1,40,1509.06,2.3363,0.09969,-0.002440
not-recorded,1,40,1511.50,2.3615,0.09780,-0.005670
not-recorded,1,40,1509.25,2.3215,0.10252,-0.004792
not-recorded,1,40,1516.17,2.3574,0.10751,-0.015501
not-recorded,1,40,1518.29,2.3453,0.10581,-0.019603
not-recorded,1,40,1519.33,2.3968,0.10870,-0.019224
not-recorded,1,40,1520.33,2.3941,0.09925,-0.018139
not-recorded,1,40,1523.46,2.3905,0.10585,-0.022471
not-recorded,1,40,1522.45,2.3786,0.10635,-0.023558
not-recorded,1,40,1527.08,2.4185,0.10413,-0.022370
not-recorded,1,40,1528.01,2.3732,0.10014,-0.020147
not-recorded,1,40,1532.70,2.3696,0.10632,-0.017816
not-recorded,1,40,1529.58,2.4712,0.10313,-0.017185
not-recorded,1,40,1532.11,2.3766,0.10603,-0.018629
not-recorded,1,40,1536.65,2.4761,0.10375,-0.010221
not-recorded,1,40,1536.51,2.4493,0.10803,-0.011162
not-recorded,1,40,1536.21,2.4723,0.10135,-0.006535
not-recorded,1,40,1539.86,2.4408,0.11303,-0.002370
not-recorded,1,40,1541.36,2.4220,0.10265,-0.001354
not-recorded,1,40,1542.63,2.4306,0.10284,0.002576
not-recorded,1,40,1543.09,2.4893,0.10833,0.009041
not-recorded,1,40,1547.86,2.4779,0.11263,0.013777
not-recorded,1,40,1549.50,2.4510,0.10985,0.018974
not-recorded,1,40,1549.91,2.4525,0.10737,0.017931
not-recorded,1,40,1552.27,2.4836,0.10629,0.021091
not-recorded,1,40,1551.40,2.4625,0.11368,0.020671
not-recorded,1,40,1556.78,2.4998,0.10851,0.022892
not-recorded,1,40,1553.96,2.4662,0.10714,0.022413
not-recorded,1,40,1555.81,2.4823,0.11004,0.024477
not-recorded,1,40,1560.93,2.5250,0.10352,0.021117
not-recorded,1,40,1560.12,2.5715,0.11005,0.022456
not-recorded,1,40,1560.94,2.4717,0.10682,0.017380
not-recorded,1,40,1564.00,2.5333,0.10208,0.016126
not-recorded,1,40,1560.22,2.5315,0.10952,0.019612
not-recorded,1,40,1569.49,2.5262,0.11007,0.008117
not-recorded,1,40,1570.02,2.5332,0.10815,0.003416
not-recorded,1,40,1574.58,2.5949,0.11090,-0.003764
not-recorded,1,40,1572.52,2.5553,0.11208,-0.003228
not-recorded,1,40,1572.50,2.5798,0.11311,-0.003877
not-recorded,1,40,1573.61,2.5352,0.11112,-0.006580
not-recorded,1,40,1575.52,2.5247,0.11109,-0.011451
not-recorded,1,40,1581.22,2.5730,0.11310,-0.015887
not-recorded,1,40,1579.87,2.6009,0.11365,-0.016413
not-recorded,1,40,1583.13,2.5796,0.11736,-0.021952
not-recorded,1,40,1581.92,2.5322,0.11388,-0.021145
not-recorded,1,40,1581.65,2.6017,0.11626,-0.020751
not-recorded,1,40,1587.52,2.5991,0.11346,-0.022771
not-recorded,1,40,1590.06,2.6099,0.10998,-0.023551
not-recorded,1,40,1587.09,2.6559,0.10825,-0.024402
not-recorded,1,40,1592.23,2.6446,0.10861,-0.018395
not-recorded,1,40,1591.30,2.6157,0.11577,-0.018268
not-recorded,1,40,1594.39,2.6557,0.11418,-0.014580
not-recorded,1,40,1596.65,2.6235,0.11200,-0.010269
not-recorded,1,40,1595.45,2.5855,0.10817,-0.013160
not-recorded,1,40,1601.72,2.6597,0.11559,-0.001404
not-recorded,1,40,1600.22,2.6303,0.11707,-0.000863
not-recorded,1,40,1605.67,2.6719,0.11166,0.005639
not-recorded,1,40,1601.62,2.6200,0.11171,0.002976
not-recorded,1,40,1604.46,2.6392,0.11966,0.008978
not-recorded,1,40,1605.21,2.6824,0.11908,0.011786
not-recorded,1,40,1607.14,2.6231,0.11920,0.015440
not-recorded,1,40,1605.64,2.6750,0.11071,0.015127
not-recorded,1,40,1607.48,2.6573,0.11323,0.018672
not-recorded,1,40,1614.96,2.6315,0.12184,0.022647
not-recorded,1,40,1615.07,2.6929,0.11587,0.025535
not-recorded,1,40,1617.50,2.6987,0.11645,0.021757
not-recorded,1,40,1614.22,2.6818,0.11515,0.023415
not-recorded,1,40,1619.68,2.7335,0.11366,0.021822
not-recorded,1,40,1619.78,2.7608,0.11254,0.020288
not-recorded,1,40,1619.34,2.6888,0.12063,0.019273
not-recorded,1,40,1624.22,2.7254,0.11646,0.014105
not-recorded,1,40,1619.85,2.6826,0.12066,0.015135
not-recorded,1,40,1629.40,2.7063,0.11614,0.003889
not-recorded,1,40,1627.82,2.7059,0.11644,0.004303
not-recorded,1,40,1629.38,2.7738,0.11450,0.000502
not-recorded,1,40,1630.90,2.7543,0.12422,-0.002695
not-recorded,1,40,1633.34,2.7914,0.12215,-0.007604
not-recorded,1,40,1635.61,2.7413,0.12020,-0.014758
not-recorded,1,40,1635.42,2.7580,0.11272,-0.011795
not-recorded,1,40,1634.93,2.8054,0.12231,-0.015004
not-recorded,1,40,1638.75,2.7976,0.12050,-0.019249
not-recorded,1,40,1640.48,2.7466,0.11535,-0.021891
not-recorded,1,40,1644.40,2.7702,0.12064,-0.023168
not-recorded,1,40,1642.57,2.8024,0.12648,-0.021408
not-recorded,1,40,1644.28,2.7384,0.12341,-0.023866
not-recorded,1,40,1644.57,2.7765,0.12522,-0.024638
not-recorded,1,40,1645.82,2.8177,0.12333,-0.023812
not-recorded,1,40,1652.70,2.7598,0.12136,-0.017209
not-recorded,1,40,1647.13,2.8321,0.12319,-0.019683
not-recorded,1,40,1653.42,2.7878,0.11698,-0.012951
not-recorded,1,40,1654.43,2.7904,0.12842,-0.010291
not-recorded,1,40,1653.88,2.8202,0.12364,-0.006424
not-recorded,1,40,1656.29,2.7613,0.12852,-0.003466
not-recorded,1,40,1655.02,2.7685,0.12387,-0.003907
not-recorded,1,40,1661.55,2.8673,0.12470,0.008732
not-recorded,1,40,1661.40,2.8702,0.12389,0.007587
not-recorded,1,40,1662.61,2.8656,0.12923,0.010460
not-recorded,1,40,1668.00,2.8129,0.12139,0.020996
not-recorded,1,40,1661.91,2.8488,0.12406,0.016481
not-recorded,1,40,1667.48,2.8425,0.12283,0.018790
not-recorded,1,40,1663.97,2.7990,0.12878,0.019628
not-recorded,1,40,1671.47,2.8611,0.12475,0.024495
not-recorded,1,40,1669.59,2.8850,0.12018,0.023501
not-recorded,1,40,1671.70,2.8614,0.12688,0.023522
not-recorded,1,40,1676.11,2.8920,0.12832,0.022112
not-recorded,1,40,1674.91,2.9070,0.12027,0.021262
not-recorded,1,40,1674.38,2.8957,0.12906,0.021596
not-recorded,1,40,1678.10,2.8693,0.12378,0.015561
not-recorded,1,40,1676.57,2.9134,0.12887,0.015040
not-recorded,1,40,1684.29,2.8395,0.12239,0.006737
not-recorded,1,40,1683.38,2.9310,0.12575,0.007046
not-recorded,1,40,1681.88,2.8682,0.12617,0.006516
not-recorded,1,40,1682.12,2.9158,0.12796,0.003015
not-recorded,1,40,1690.49,2.9785,0.12100,-0.009881
not-recorded,1,40,1682.89,2.9701,0.12762,-0.004214
not-recorded,1,40,1687.88,2.9095,0.12458,-0.012313
not-recorded,1,40,1689.99,2.9657,0.12952,-0.015769
not-recorded,1,40,1688.79,2.9246,0.12937,-0.017022
not-recorded,1,40,1692.86,2.9872,0.13080,-0.021837
not-recorded,1,40,1692.31,2.8973,0.13062,-0.022743
not-recorded,1,40,1694.04,2.8874,0.13592,-0.023119
not-recorded,1,40,1696.04,2.9838,0.12543,-0.023656
not-recorded,1,40,1698.80,2.9582,0.12611,-0.025727
not-recorded,1,40,1700.14,2.9751,0.12919,-0.024195
not-recorded,1,40,1699.66,3.0243,0.12482,-0.021994
not-recorded,1,40,1703.98,2.9850,0.13257,-0.018697
not-recorded,1,40,1707.27,3.0229,0.12954,-0.014031
not-recorded,1,40,1707.27,2.9773,0.13295,-0.011810
not-recorded,1,40,1707.75,3.0150,0.13499,-0.009553
not-recorded,1,40,1711.15,3.0376,0.13486,-0.003310
not-recorded,1,40,1709.95,3.0168,0.13285,-0.001854
not-recorded,1,40,1711.70,3.0468,0.13645,0.000807
not-recorded,1,40,1708.89,3.0497,0.13181,0.000925
not-recorded,1,40,1714.28,3.0134,0.13815,0.010944
not-recorded,1,40,1712.45,3.0230,0.13077,0.010776
not-recorded,1,40,1717.93,2.9862,0.12791,0.020852
not-recorded,1,40,1717.86,3.0520,0.13712,0.022063
not-recorded,1,40,1719.26,2.9988,0.13331,0.023126
not-recorded,1,40,1720.59,3.0749,0.13322,0.024310
not-recorded,1,40,1720.22,3.0251,0.13188,0.022551
not-recorded,1,40,1724.59,3.1013,0.13584,0.024555
not-recorded,1,40,1723.32,3.0441,0.12968,0.023297
not-recorded,1,40,1726.91,3.0800,0.13446,0.023825
not-recorded,1,40,1720.72,3.0821,0.13372,0.023212
not-recorded,1,40,1731.07,3.1036,0.13416,0.016056
not-recorded,1,40,1729.61,3.0502,0.13459,0.017732
not-recorded,1,40,1730.25,3.1064,0.14023,0.013935
not-recorded,1,40,1729.55,3.0607,0.12906,0.013046
not-recorded,1,40,1734.46,3.1204,0.13304,0.007027
not-recorded,1,40,1737.03,3.1621,0.13340,0.000824
not-recorded,1,40,1734.28,3.1004,0.13710,-0.000666
not-recorded,1,40,1739.17,3.0628,0.13743,-0.007516
not-recorded,1,40,1738.48,3.1603,0.13429,-0.011370
not-recorded,1,40,1739.68,3.1380,0.13987,-0.013228
not-recorded,1,40,1739.68,3.1322,0.13423,-0.015076
not-recorded,1,40,1744.82,3.1048,0.13519,-0.020606
not-recorded,1,40,1747.83,3.1438,0.13638,-0.022382
not-recorded,1,40,1748.50,3.1211,0.14026,-0.024901
not-recorded,1,40,1747.92,3.1062,0.13867,-0.025299
not-recorded,1,40,1751.37,3.1425,0.13847,-0.027285
not-recorded,1,40,1745.89,3.0758,0.14306,-0.025523
not-recorded,1,40,1750.02,3.1294,0.13945,-0.023233
not-recorded,1,40,1753.37,3.1303,0.13839,-0.019591
not-recorded,1,40,1753.45,3.2100,0.13846,-0.018585
not-recorded,1,40,1754.44,3.1641,0.13407,-0.014452
not-recorded,1,40,1753.71,3.1522,0.14193,-0.015718
not-recorded,1,40,1757.35,3.1401,0.14472,-0.006453
not-recorded,1,40,1761.00,3.1887,0.14038,-0.000698
not-recorded,1,40,1762.99,3.2208,0.13756,0.005500
not-recorded,1,40,1757.69,3.2305,0.13298,-0.000822
not-recorded,1,40,1764.08,3.1783,0.14594,0.011065
not-recorded,1,40,1760.04,3.2141,0.13828,0.004876
not-recorded,1,40,1764.35,3.2300,0.14654,0.016203
not-recorded,1,40,1766.15,3.2510,0.13750,0.020532
not-recorded,1,40,1763.53,3.2043,0.13801,0.017252
not-recorded,1,40,1769.72,3.2384,0.14453,0.021928
not-recorded,1,40,1765.64,3.1692,0.14765,0.022470
not-recorded,1,40,1767.17,3.2046,0.14516,0.022764
not-recorded,1,40,1777.54,3.2603,0.14705,0.024945
not-recorded,1,40,1772.91,3.2476,0.14424,0.023933
not-recorded,1,40,1777.05,3.2437,0.14855,0.021263
not-recorded,1,40,1779.19,3.2987,0.15159,0.018206
not-recorded,1,40,1774.80,3.2805,0.14379,0.019620
not-recorded,1,40,1778.04,3.1772,0.14427,0.014945
not-recorded,1,40,1777.06,3.2048,0.14591,0.014493
not-recorded,1,40,1779.20,3.2446,0.13962,0.010346
not-recorded,1,40,1779.18,3.3014,0.13768,0.007338
not-recorded,1,40,1780.81,3.2376,0.14759,0.003900
not-recorded,1,40,1783.94,3.3011,0.13867,-0.004168
not-recorded,1,40,1783.83,3.2836,0.13877,-0.006685
not-recorded,1,40,1782.31,3.2578,0.14521,-0.005586
not-recorded,1,40,1791.00,3.2979,0.14326,-0.019148
not-recorded,1,40,1784.31,3.2776,0.14375,-0.011499
not-recorded,1,40,1788.33,3.2497,0.14648,-0.020018
not-recorded,1,40,1791.44,3.2666,0.13955,-0.022942
not-recorded,1,40,1788.31,3.2656,0.14460,-0.023666
not-recorded,1,40,1797.22,3.3116,0.14504,-0.026181
not-recorded,1,40,1793.01,3.3162,0.14570,-0.026317
not-recorded,1,40,1795.55,3.3301,0.13952,-0.025433
not-recorded,1,40,1799.07,3.3652,0.14707,-0.019982
not-recorded,1,40,1804.49,3.3515,0.14488,-0.015327
not-recorded,1,40,1801.61,3.3281,0.15175,-0.016010
not-recorded,1,40,1795.55,3.3551,0.14517,-0.022741
not-recorded,1,40,1799.24,3.3481,0.15010,-0.014807
not-recorded,1,40,1802.87,3.3306,0.14651,-0.007906
not-recorded,1,40,1801.42,3.2942,0.14926,-0.008919
not-recorded,1,40,1802.64,3.3739,0.14319,-0.004896
not-recorded,1,40,1807.96,3.4093,0.14816,0.005754
not-recorded,1,40,1807.24,3.3582,0.14067,0.006303
not-recorded,1,40,1808.43,3.3512,0.14886,0.011343
not-recorded,1,40,1807.62,3.3661,0.15193,0.010567
not-recorded,1,40,1807.32,3.3166,0.15410,0.014340
not-recorded,1,40,1809.36,3.4080,0.14754,0.018957
not-recorded,1,40,1808.85,3.3212,0.15055,0.020954
not-recorded,1,40,1810.93,3.4034,0.14635,0.022706
not-recorded,1,40,1814.42,3.3494,0.14931,0.023750
not-recorded,1,40,1815.45,3.2971,0.14552,0.027142
not-recorded,1,40,1818.74,3.4143,0.15223,0.024894
not-recorded,1,40,1817.44,3.3936,0.14478,0.024953
not-recorded,1,40,1821.73,3.3450,0.15623,0.021128
not-recorded,1,40,1820.07,3.3872,0.14991,0.022479
not-recorded,1,40,1822.58,3.4176,0.15207,0.018486
not-recorded,1,40,1821.10,3.4244,0.15465,0.016987
not-recorded,1,40,1822.54,3.4674,0.14337,0.012281
not-recorded,1,40,1826.44,3.4446,0.14942,0.004216
not-recorded,1,40,1824.28,3.3664,0.15168,0.002806
not-recorded,1,40,1826.76,3.4701,0.14742,-0.002368
not-recorded,1,40,1831.61,3.4660,0.15460,-0.009137
not-recorded,1,40,1833.01,3.4406,0.14643,-0.014238
not-recorded,1,40,1831.06,3.4787,0.14800,-0.013191
not-recorded,1,40,1835.73,3.5223,0.15150,-0.020971
not-recorded,1,40,1833.05,3.4401,0.15625,-0.018675
not-recorded,1,40,1833.02,3.4625,0.15407,-0.022392
not-recorded,1,40,1833.07,3.4226,0.15743,-0.022692
not-recorded,1,40,1832.49,3.4725,0.15848,-0.023101
not-recorded,1,40,1835.81,3.5302,0.15353,-0.026594
not-recorded,1,40,1839.88,3.4619,0.15125,-0.025184
not-recorded,1,40,1841.32,3.5240,0.14758,-0.024886
not-recorded,1,40,1842.66,3.5183,0.14607,-0.022565
not-recorded,1,40,1839.44,3.4914,0.14788,-0.022475
not-recorded,1,40,1846.89,3.5004,0.15208,-0.013653
not-recorded,1,40,1844.12,3.4867,0.15222,-0.015680
not-recorded,1,40,1843.87,3.5389,0.15628,-0.011858
not-recorded,1,40,1847.56,3.5025,0.15393,-0.004990
not-recorded,1,40,1846.27,3.5312,0.15343,-0.004242
not-recorded,1,40,1850.72,3.5093,0.15807,0.005083
not-recorded,1,40,1847.44,3.5021,0.15421,0.004720
not-recorded,1,40,1850.83,3.5524,0.16024,0.013186
not-recorded,1,40,1851.15,3.5069,0.15528,0.013223
not-recorded,1,40,1853.49,3.5227,0.15691,0.018594
not-recorded,1,40,1849.11,3.5367,0.15867,0.015403
not-recorded,1,40,1853.77,3.4854,0.14919,0.023075
not-recorded,1,40,1858.24,3.5781,0.14955,0.027336
not-recorded,1,40,1856.79,3.5266,0.15680,0.025993
not-recorded,1,40,1859.98,3.5856,0.15862,0.025216
not-recorded,1,40,1860.47,3.5634,0.16214,0.022768
not-recorded,1,40,1861.69,3.5758,0.15678,0.023176
not-recorded,1,40,1865.10,3.5565,0.15289,0.018498
not-recorded,1,40,1861.01,3.5980,0.15294,0.021383
not-recorded,1,40,1858.20,3.6105,0.15962,0.023613
not-recorded,1,40,1860.88,3.4942,0.15848,0.018654
not-recorded,1,40,1862.27,3.5696,0.15719,0.015375
not-recorded,1,40,1868.27,3.5909,0.16027,0.004456
not-recorded,1,40,1865.01,3.5417,0.16001,0.008230
not-recorded,1,40,1865.33,3.5918,0.14959,0.002493
not-recorded,1,40,1866.32,3.5548,0.15305,-0.003240
not-recorded,1,40,1872.19,3.6503,0.16026,-0.010485
not-recorded,1,40,1868.06,3.6596,0.15490,-0.008180
not-recorded,1,40,1870.19,3.6128,0.15925,-0.013616
not-recorded,1,40,1872.31,3.5928,0.15318,-0.018528
not-recorded,1,40,1875.08,3.5808,0.15108,-0.022341
not-recorded,1,40,1871.92,3.6012,0.15030,-0.022774
not-recorded,1,40,1877.83,3.6450,0.16309,-0.026595
not-recorded,1,40,1880.59,3.6142,0.15799,-0.026321
not-recorded,1,40,1879.38,3.6332,0.15853,-0.028166
not-recorded,1,40,1882.45,3.6786,0.15643,-0.024018
not-recorded,1,40,1883.50,3.6590,0.15684,-0.023407
not-recorded,1,40,1882.37,3.5921,0.16362,-0.023532
not-recorded,1,40,1878.50,3.6187,0.15597,-0.024159
not-recorded,1,40,1888.00,3.6049,0.15470,-0.009519
not-recorded,1,40,1884.57,3.6163,0.16304,-0.012010
not-recorded,1,40,1884.83,3.6512,0.15909,-0.011333
not-recorded,1,40,1886.97,3.6513,0.16082,-0.004900
not-recorded,1,40,1885.51,3.6931,0.16394,-0.004408
not-recorded,1,40,1887.49,3.6794,0.15880,0.004852
not-recorded,1,40,1892.75,3.6823,0.16956,0.012949
not-recorded,1,40,1894.96,3.7111,0.16049,0.019233
not-recorded,1,40,1891.72,3.6941,0.15738,0.015987
not-recorded,1,40,1895.36,3.7184,0.15637,0.023556
not-recorded,1,40,1893.79,3.7170,0.15893,0.023611
not-recorded,1,40,1893.84,3.7069,0.16048,0.023713
not-recorded,1,40,1895.70,3.7440,0.16498,0.025180
not-recorded,1,40,1895.42,3.7472,0.16449,0.028037
not-recorded,1,40,1898.54,3.6690,0.15821,0.027590
not-recorded,1,40,1896.72,3.6799,0.16649,0.027669
not-recorded,1,40,1898.13,3.7052,0.15891,0.025455
not-recorded,1,40,1897.76,3.7385,0.16276,0.024719
not-recorded,1,40,1900.83,3.7824,0.16944,0.019580
not-recorded,1,40,1900.56,3.7455,0.16058,0.017064
not-recorded,1,40,1903.85,3.7249,0.15655,0.013670
not-recorded,1,40,1902.02,3.7158,0.16105,0.013997
not-recorded,1,40,1901.38,3.7278,0.16322,0.013201
not-recorded,1,40,1906.30,3.7389,0.16439,0.001753
not-recorded,1,40,1902.70,3.7300,0.16036,0.003877
not-recorded,1,40,1905.82,3.7340,0.16455,-0.003673
not-recorded,1,40,1909.70,3.7369,0.16428,-0.011644
not-recorded,1,40,1910.38,3.7866,0.16231,-0.016941
not-recorded,1,40,1909.47,3.7433,0.16178,-0.017262
not-recorded,1,40,1910.24,3.8173,0.16865,-0.022468
not-recorded,1,40,1917.29,3.7238,0.16569,-0.026359
not-recorded,1,40,1913.19,3.7714,0.16778,-0.026246
not-recorded,1,40,1915.56,3.8455,0.16539,-0.027563
not-recorded,1,40,1919.44,3.8330,0.16131,-0.025605
not-recorded,1,40,1920.28,3.7952,0.16355,-0.025932
not-recorded,1,40,1916.58,3.7639,0.16204,-0.024820
not-recorded,1,40,1919.27,3.7779,0.17131,-0.023115
not-recorded,1,40,1916.78,3.7420,0.16159,-0.024984
not-recorded,1,40,1920.77,3.7921,0.16644,-0.019076
not-recorded,1,40,1919.56,3.7796,0.17103,-0.018924
not-recorded,1,40,1923.90,3.7656,0.16839,-0.009049
not-recorded,1,40,1922.59,3.8019,0.17093,-0.007595
not-recorded,1,40,1926.54,3.7791,0.16768,0.000512
not-recorded,1,40,1925.11,3.8521,0.16826,-0.000908
not-recorded,1,40,1927.80,3.8489,0.17120,0.008438
not-recorded,1,40,1925.84,3.7813,0.17253,0.008409
not-recorded,1,40,1933.37,3.8835,0.16345,0.021575
not-recorded,1,40,1931.03,3.8136,0.16815,0.019374
not-recorded,1,40,1931.88,3.8237,0.16744,0.023716
not-recorded,1,40,1929.52,3.8233,0.16846,0.020515
not-recorded,1,40,1932.06,3.8330,0.17029,0.026084
not-recorded,1,40,1932.77,3.8437,0.16773,0.024006
not-recorded,1,40,1931.00,3.8296,0.17208,0.024014
not-recorded,1,40,1933.80,3.8332,0.16724,0.026267
not-recorded,1,40,1935.70,3.8163,0.16418,0.025708
not-recorded,1,40,1937.28,3.8339,0.16980,0.022873
not-recorded,1,40,1936.20,3.8901,0.16880,0.023144
not-recorded,1,40,1938.30,3.9202,0.16656,0.018478
not-recorded,1,40,1942.41,3.9624,0.17213,0.012966
not-recorded,1,40,1942.42,3.8522,0.16599,0.009035
not-recorded,1,40,1943.48,3.9174,0.17051,0.002892
not-recorded,1,40,1940.88,3.8739,0.16754,0.005676
not-recorded,1,40,1941.84,3.8717,0.17494,0.001043
not-recorded,1,40,1948.52,3.8659,0.17333,-0.014899
not-recorded,1,40,1949.21,3.8913,0.16985,-0.017848
not-recorded,1,40,1949.77,3.9169,0.17390,-0.020629
not-recorded,1,40,1949.98,3.9729,0.16662,-0.019817
not-recorded,1,40,1947.79,3.8950,0.17235,-0.020481
not-recorded,1,40,1944.19,3.8647,0.16731,-0.016907
not-recorded,1,40,1949.49,3.8588,0.16696,-0.025878
not-recorded,1,40,1950.02,3.9283,0.17522,-0.025242
not-recorded,1,40,1953.99,3.9694,0.17447,-0.027655
not-recorded,1,40,1954.86,3.9281,0.17923,-0.027255
not-recorded,1,40,1954.02,3.9207,0.17294,-0.024466
not-recorded,1,40,1956.68,3.9252,0.17445,-0.021852
not-recorded,1,40,1957.14,3.9400,0.16394,-0.020195
not-recorded,1,40,1959.47,3.9331,0.17455,-0.014847
not-recorded,1,40,1955.08,3.9481,0.16973,-0.020800
not-recorded,1,40,1955.74,3.9300,0.17519,-0.017165
not-recorded,1,40,1956.11,3.9885,0.17420,-0.012560
not-recorded,1,40,1960.70,3.9809,0.17343,-0.003347
not-recorded,1,40,1955.45,3.9419,0.17161,-0.011680
not-recorded,1,40,1962.43,3.9845,0.17331,0.006604
not-recorded,1,40,1964.95,3.9697,0.17405,0.013424
not-recorded,1,40,1961.88,3.9400,0.17471,0.010566
not-recorded,1,40,1963.04,3.9959,0.17095,0.014570
not-recorded,1,40,1961.02,4.0353,0.17355,0.014145
not-recorded,1,40,1961.23,3.9534,0.17775,0.015858
not-recorded,1,40,1965.33,3.8987,0.17209,0.025177
not-recorded,1,40,1966.72,4.0284,0.17417,0.025898
not-recorded,1,40,1965.57,3.9604,0.17686,0.025539
not-recorded,1,40,1967.02,3.9641,0.17090,0.026127
not-recorded,1,40,1968.85,4.0049,0.17174,0.027984
not-recorded,1,40,1970.30,3.9860,0.16685,0.026567
not-recorded,1,40,1969.93,3.9236,0.17331,0.027717
not-recorded,1,40,1971.19,3.9666,0.17325,0.022518
not-recorded,1,40,1973.38,3.9476,0.17184,0.019322
not-recorded,1,40,1973.98,3.9993,0.17448,0.014607
not-recorded,1,40,1975.67,4.0153,0.17560,0.008366
not-recorded,1,40,1979.89,4.0678,0.17604,-0.000727
not-recorded,1,40,1975.87,4.0152,0.17459,0.001656
not-recorded,1,40,1977.45,3.9911,0.17522,-0.001829
not-recorded,1,40,1980.93,4.0682,0.17755,-0.012790
not-recorded,1,40,1976.96,4.0734,0.17405,-0.008437
not-recorded,1,40,1976.77,4.0328,0.17434,-0.008079
not-recorded,1,40,1973.92,3.9843,0.17345,-0.007925
not-recorded,1,40,1980.03,4.0657,0.18027,-0.020071
not-recorded,1,40,1978.88,3.9940,0.17342,-0.017307
not-recorded,1,40,1983.79,4.0151,0.17661,-0.025361
not-recorded,1,40,1981.70,4.0204,0.17698,-0.024764
not-recorded,1,40,1982.36,4.0827,0.17740,-0.029075
not-recorded,1,40,1986.83,4.0876,0.18046,-0.027304
not-recorded,1,40,1984.82,4.0506,0.17868,-0.029108
not-recorded,1,40,1986.66,4.0118,0.17713,-0.024835
not-recorded,1,40,1990.43,4.1096,0.18117,-0.021163
not-recorded,1,40,1987.04,4.1094,0.17422,-0.020666
not-recorded,1,40,1991.86,4.1190,0.18347,-0.012816
not-recorded,1,40,1987.63,4.0672,0.17454,-0.018071
not-recorded,1,40,1986.41,4.0537,0.17860,-0.018034
not-recorded,1,40,1991.35,4.1056,0.17277,-0.007224
not-recorded,1,40,1991.70,4.0877,0.17952,-0.003517
not-recorded,1,40,1993.21,4.0922,0.17882,0.003552
not-recorded,1,40,1995.88,4.1010,0.18052,0.009762
not-recorded,1,40,1994.35,4.1012,0.17582,0.009913
not-recorded,1,40,1993.38,4.0574,0.18148,0.009998
not-recorded,1,40,1998.52,4.1302,0.18099,0.021393
not-recorded,1,40,1995.89,4.0688,0.18682,0.020179
not-recorded,1,40,1998.78,4.1150,0.18036,0.022877
not-recorded,1,40,1996.30,4.0450,0.18190,0.024693
not-recorded,1,40,1998.97,4.1197,0.17837,0.025639
not-recorded,1,40,2003.82,4.1900,0.17930,0.028278
not-recorded,1,40,1999.51,4.1174,0.17615,0.028028
not-recorded,1,40,1999.76,4.1389,0.17707,0.029694
not-recorded,1,40,2003.42,4.1478,0.17916,0.025036
not-recorded,1,40,2005.37,4.2176,0.18367,0.019758
not-recorded,1,40,2001.89,4.0889,0.18427,0.021830
not-recorded,1,40,2004.88,4.1605,0.18853,0.017788
not-recorded,1,40,2008.05,4.0953,0.17834,0.010040
not-recorded,1,40,2000.19,4.0805,0.17812,0.020216
not-recorded,1,40,2007.62,4.1666,0.18799,0.006527
not-recorded,1,40,2008.66,4.1788,0.18284,-0.001446
not-recorded,1,40,2007.54,4.1443,0.18020,0.000945
not-recorded,1,40,2006.96,4.1723,0.17560,-0.003793
not-recorded,1,40,2011.92,4.1427,0.18245,-0.016474
not-recorded,1,40,2007.78,4.1887,0.17809,-0.008892
not-recorded,1,40,2005.81,4.2072,0.17727,-0.009419
not-recorded,1,40,2012.82,4.2163,0.18378,-0.022708
not-recorded,1,40,2014.21,4.1874,0.18392,-0.026439
not-recorded,1,40,2016.45,4.1946,0.18779,-0.029800
not-recorded,1,40,2015.99,4.1728,0.18281,-0.026345
not-recorded,1,40,2016.03,4.1534,0.18679,-0.028158
not-recorded,1,40,2014.46,4.1626,0.18313,-0.028270
not-recorded,1,40,2019.24,4.1717,0.18456,-0.026330
not-recorded,1,40,2017.21,4.1923,0.17841,-0.026507
not-recorded,1,40,2015.54,4.2118,0.18028,-0.025345
not-recorded,1,40,2022.03,4.2099,0.17994,-0.014579
not-recorded,1,40,2020.60,4.1876,0.18684,-0.015185
not-recorded,1,40,2019.79,4.2120,0.18313,-0.016086
not-recorded,1,40,2015.24,4.1445,0.18117,-0.020404
not-recorded,1,40,2022.63,4.1210,0.18311,-0.002236
not-recorded,1,40,2020.72,4.2071,0.18258,-0.003021
not-recorded,1,40,2018.30,4.2152,0.18168,-0.006540
not-recorded,1,40,2024.06,4.2213,0.18558,0.008381
not-recorded,1,40,2028.80,4.2556,0.18236,0.020994
not-recorded,1,40,2024.16,4.2069,0.18805,0.013516
not-recorded,1,40,2026.42,4.1686,0.18472,0.018851
not-recorded,1,40,2023.24,4.2409,0.18148,0.017307
not-recorded,1,40,2029.05,4.2611,0.18130,0.023538
not-recorded,1,40,2029.54,4.2519,0.18374,0.026924
not-recorded,1,40,2031.31,4.2494,0.18913,0.029022
not-recorded,1,40,2032.72,4.2922,0.18651,0.027168
not-recorded,1,40,2028.76,4.2010,0.18268,0.030101
not-recorded,1,40,2030.79,4.2575,0.18126,0.025784
not-recorded,1,40,2034.81,4.3037,0.18729,0.022544
not-recorded,1,40,2033.98,4.2677,0.17659,0.021458
not-recorded,1,40,2034.15,4.2219,0.18638,0.018277
not-recorded,1,40,2033.05,4.2927,0.18310,0.018058
not-recorded,1,40,2032.15,4.2383,0.18840,0.015960
not-recorded,1,40,2037.21,4.2700,0.19058,0.006926
not-recorded,1,40,2038.53,4.2327,0.19164,0.000083
not-recorded,1,40,2035.77,4.2693,0.18536,0.003658
not-recorded,1,40,2034.42,4.2434,0.19025,0.003878
not-recorded,1,40,2044.38,4.2264,0.18833,-0.022422
not-recorded,1,40,2034.99,4.3403,0.18272,-0.005398
not-recorded,1,40,2042.60,4.2923,0.18852,-0.021981
not-recorded,1,40,2042.25,4.2775,0.18645,-0.022661
not-recorded,1,40,2041.97,4.2849,0.19301,-0.025312
not-recorded,1,40,2040.62,4.3023,0.18343,-0.024812
not-recorded,1,40,2042.35,4.3025,0.18426,-0.027676
not-recorded,1,40,2045.68,4.2838,0.18474,-0.029539
not-recorded,1,40,2044.61,4.3328,0.19615,-0.027778
not-recorded,1,40,2042.83,4.3015,0.19462,-0.026834
not-recorded,1,40,2045.37,4.3369,0.19189,-0.027373
not-recorded,1,40,2046.54,4.3170,0.18899,-0.023696
not-recorded,1,40,2049.98,4.3953,0.19408,-0.017930
not-recorded,1,40,2047.14,4.3788,0.18807,-0.019472
not-recorded,1,40,2045.80,4.2495,0.18774,-0.020155
not-recorded,1,40,2047.85,4.2897,0.19034,-0.014548
not-recorded,1,40,2050.37,4.3054,0.18759,-0.007750
not-recorded,1,40,2047.20,4.3196,0.18917,-0.011534
not-recorded,1,40,2052.85,4.3601,0.19348,0.004518
not-recorded,1,40,2052.00,4.3561,0.18726,0.004743
not-recorded,1,40,2049.63,4.2856,0.18845,0.005454
not-recorded,1,40,2050.71,4.3178,0.19480,0.009305
not-recorded,1,40,2055.90,4.3431,0.19151,0.022246
not-recorded,1,40,2055.76,4.2718,0.18896,0.023227
not-recorded,1,40,2056.09,4.3886,0.19277,0.023345
not-recorded,1,40,2053.01,4.3883,0.18997,0.022561
not-recorded,1,40,2056.99,4.3885,0.19041,0.028255
not-recorded,1,40,2060.73,4.3856,0.19293,0.030465
not-recorded,1,40,2055.36,4.3342,0.19396,0.029166
not-recorded,1,40,2053.58,4.3627,0.18751,0.026136
not-recorded,1,40,2059.05,4.3525,0.18701,0.028505
not-recorded,1,40,2060.42,4.3662,0.19300,0.022695
not-recorded,1,40,2064.72,4.4155,0.19335,0.016439
not-recorded,1,40,2060.59,4.3711,0.19375,0.022241
not-recorded,1,40,2060.21,4.4042,0.19138,0.017523
not-recorded,1,40,2066.62,4.3343,0.18630,0.002633
not-recorded,1,40,2065.79,4.4290,0.19519,0.001821
not-recorded,1,40,2062.17,4.3540,0.18789,0.006800
not-recorded,1,40,2065.05,4.4706,0.18865,-0.001379
not-recorded,1,40,2068.68,4.3471,0.19381,-0.012611
not-recorded,1,40,2064.55,4.4229,0.18671,-0.008792
not-recorded,1,40,2066.56,4.3551,0.19403,-0.013545
not-recorded,1,40,2068.11,4.3589,0.18916,-0.020274
not-recorded,1,40,2066.93,4.3954,0.19312,-0.021181
not-recorded,1,40,2067.41,4.4402,0.18895,-0.022793
not-recorded,1,40,2065.17,4.4022,0.18618,-0.021688
not-recorded,1,40,2070.22,4.4028,0.19221,-0.028133
not-recorded,1,40,2067.04,4.3841,0.19101,-0.027463
not-recorded,1,40,2070.72,4.4607,0.18787,-0.030073
not-recorded,1,40,2070.02,4.4153,0.19136,-0.029479
not-recorded,1,40,2070.48,4.4614,0.19421,-0.029345
not-recorded,1,40,2072.41,4.4046,0.19767,-0.025736
not-recorded,1,40,2072.55,4.4022,0.19610,-0.024325
not-recorded,1,40,2075.68,4.4180,0.19483,-0.018547
not-recorded,1,40,2074.73,4.3913,0.19292,-0.016348
not-recorded,1,40,2073.69,4.4373,0.19559,-0.016801
not-recorded,1,40,2076.29,4.3979,0.19545,-0.007860
not-recorded,1,40,2081.00,4.5441,0.19062,0.004163
not-recorded,1,40,2078.19,4.4906,0.19049,0.003734
not-recorded,1,40,2075.76,4.4480,0.19367,-0.002181
not-recorded,1,40,2077.96,4.4743,0.19148,0.007468
not-recorded,1,40,2081.08,4.4160,0.19934,0.017612
not-recorded,1,40,2080.90,4.4219,0.19439,0.020111
not-recorded,1,40,2083.47,4.4658,0.18818,0.023647
not-recorded,1,40,2078.33,4.4203,0.19588,0.018099
not-recorded,1,40,2081.40,4.4716,0.19719,0.026473
not-recorded,1,40,2081.19,4.5136,0.19214,0.028493
not-recorded,1,40,2082.06,4.3947,0.19769,0.029319
not-recorded,1,40,2080.61,4.4541,0.20004,0.027720
not-recorded,1,40,2080.03,4.3853,0.19035,0.028589
not-recorded,1,40,2088.84,4.4996,0.19992,0.022879
not-recorded,1,40,2087.92,4.5453,0.19567,0.023622
not-recorded,1,40,2087.55,4.5393,0.19379,0.022600
not-recorded,1,40,2084.24,4.5049,0.19711,0.024340
not-recorded,1,40,2087.67,4.4575,0.19927,0.016769
not-recorded,1,40,2087.58,4.5699,0.19136,0.013899
not-recorded,1,40,2084.11,4.4772,0.19980,0.019065
not-recorded,1,40,2086.15,4.4043,0.19352,0.010562
not-recorded,1,40,2088.89,4.5227,0.19398,0.000104
not-recorded,1,40,2087.03,4.4536,0.19508,0.003562
not-recorded,1,40,2091.89,4.5129,0.19817,-0.011610
not-recorded,1,40,2085.69,4.4177,0.19263,-0.000537
not-recorded,1,40,2095.67,4.5682,0.19424,-0.022861
not-recorded,1,40,2092.41,4.5005,0.19188,-0.019690
not-recorded,1,40,2093.13,4.5305,0.19749,-0.024167
not-recorded,1,40,2094.55,4.4693,0.19838,-0.026200
not-recorded,1,40,2094.63,4.5201,0.19905,-0.027829
not-recorded,1,40,2095.18,4.5480,0.19558,-0.027840
not-recorded,1,40,2094.51,4.4593,0.19730,-0.031158
not-recorded,1,40,2099.70,4.6250,0.20291,-0.027959
not-recorded,1,40,2097.13,4.5473,0.19533,-0.028698
not-recorded,1,40,2094.96,4.5782,0.19645,-0.027653
not-recorded,1,40,2098.56,4.5051,0.19967,-0.022750
not-recorded,1,40,2096.94,4.5377,0.19883,-0.023648
not-recorded,1,40,2101.15,4.5061,0.19988,-0.015328
not-recorded,1,40,2099.58,4.5573,0.19455,-0.015414
not-recorded,1,40,2101.32,4.4810,0.19992,-0.008313
not-recorded,1,40,2101.85,4.5536,0.20191,-0.004141
not-recorded,1,40,2100.48,4.5394,0.19430,-0.005556
not-recorded,1,40,2104.49,4.5666,0.20169,0.006573
not-recorded,1,40,2103.10,4.5262,0.19710,0.008427
not-recorded,1,40,2102.33,4.4861,0.19828,0.008631
not-recorded,1,40,2102.44,4.5222,0.19521,0.012004
not-recorded,1,40,2105.90,4.5594,0.19825,0.020170
not-recorded,1,40,2107.03,4.5977,0.19181,0.024838
not-recorded,1,40,2104.88,4.5503,0.19973,0.023996
not-recorded,1,40,2105.01,4.5972,0.19733,0.026181
not-recorded,1,40,2103.20,4.5830,0.19794,0.025625
not-recorded,1,40,2105.83,4.6002,0.20052,0.027648
not-recorded,1,40,2110.18,4.5846,0.20007,0.026023
not-recorded,1,40,2107.31,4.6094,0.20190,0.029153
not-recorded,1,40,2113.93,4.6512,0.19975,0.020163
not-recorded,1,40,2110.36,4.6092,0.19744,0.023479
not-recorded,1,40,2107.48,4.5125,0.19640,0.026980
not-recorded,1,40,2108.66,4.5451,0.19589,0.025732
not-recorded,1,40,2115.89,4.6166,0.20481,0.005748
not-recorded,1,40,2110.32,4.5634,0.20342,0.017305
not-recorded,1,40,2111.74,4.6192,0.20167,0.010254
not-recorded,1,40,2113.19,4.6348,0.19973,0.002857
not-recorded,1,40,2116.32,4.6691,0.19996,-0.006845
not-recorded,1,40,2114.09,4.6143,0.19672,-0.005144
not-recorded,1,40,2118.09,4.5686,0.20195,-0.017399
not-recorded,1,40,2113.72,4.6578,0.20455,-0.010224
not-recorded,1,40,2113.04,4.5835,0.19664,-0.013464
not-recorded,1,40,2115.39,4.5291,0.19966,-0.020432
not-recorded,1,40,2116.86,4.5946,0.19878,-0.022840
not-recorded,1,40,2112.82,4.6120,0.20020,-0.018535
not-recorded,1,40,2116.46,4.6431,0.19718,-0.026031
not-recorded,1,40,2119.90,4.5971,0.20761,-0.027329
not-recorded,1,40,2119.10,4.5834,0.19973,-0.027369
not-recorded,1,40,2117.18,4.6107,0.19573,-0.028399
not-recorded,1,40,2116.58,4.6131,0.20160,-0.029202
not-recorded,1,40,2124.79,4.7001,0.19781,-0.018857
not-recorded,1,40,2122.57,4.6402,0.19859,-0.024896
not-recorded,1,40,2123.96,4.6567,0.20062,-0.016296
not-recorded,1,40,2123.17,4.6357,0.20247,-0.017052
not-recorded,1,40,2118.66,4.5996,0.19787,-0.021981
not-recorded,1,40,2121.83,4.7125,0.20813,-0.010372
not-recorded,1,40,2125.47,4.6111,0.19760,-0.003184
not-recorded,1,40,2122.43,4.6278,0.20549,-0.008198
not-recorded,1,40,2123.84,4.7366,0.20443,0.000791
not-recorded,1,40,2130.00,4.6483,0.20783,0.016376
not-recorded,1,40,2127.55,4.6570,0.19949,0.013868
not-recorded,1,40,2126.14,4.6594,0.19861,0.016275
not-recorded,1,40,2123.36,4.6764,0.20443,0.011848
not-recorded,1,40,2126.76,4.6426,0.20730,0.018845
not-recorded,1,40,2125.87,4.6224,0.21147,0.019671
not-recorded,1,40,2128.24,4.6555,0.20647,0.025346
not-recorded,1,40,2128.32,4.7198,0.20064,0.026906
not-recorded,1,40,2130.23,4.6916,0.19967,0.029857
not-recorded,1,40,2127.78,4.6576,0.20348,0.029158
not-recorded,1,40,2128.76,4.6477,0.20578,0.030125
not-recorded,1,40,2132.14,4.6326,0.20965,0.026185
not-recorded,1,40,2127.65,4.6432,0.20638,0.029545
not-recorded,1,40,2133.71,4.6960,0.20776,0.019844
not-recorded,1,40,2134.85,4.7444,0.20876,0.015010
not-recorded,1,40,2131.47,4.7141,0.20249,0.020184
not-recorded,1,40,2135.65,4.6512,0.20571,0.009838
not-recorded,1,40,2133.17,4.6835,0.20328,0.012324
not-recorded,1,40,2136.57,4.7015,0.20400,-0.001056
not-recorded,1,40,2131.69,4.6551,0.19808,0.011564
not-recorded,1,40,2136.40,4.6835,0.20299,-0.006614
not-recorded,1,40,2136.13,4.7103,0.20321,-0.010049
not-recorded,1,40,2133.15,4.6841,0.20105,-0.003592
not-recorded,1,40,2133.71,4.6796,0.20129,-0.007077
not-recorded,1,40,2136.21,4.6841,0.20857,-0.018393
not-recorded,1,40,2135.96,4.7180,0.20468,-0.018767
not-recorded,1,40,2139.92,4.7779,0.20545,-0.025379
not-recorded,1,40,2139.86,4.7413,0.20683,-0.026852
not-recorded,1,40,2140.26,4.6995,0.20370,-0.029921
not-recorded,1,40,2138.61,4.7036,0.20555,-0.027227
not-recorded,1,40,2141.44,4.7434,0.20485,-0.029790
not-recorded,1,40,2143.72,4.7579,0.20778,-0.027110
not-recorded,1,40,2142.61,4.7511,0.20630,-0.027700
not-recorded,1,40,2144.77,4.8002,0.20372,-0.021149
not-recorded,1,40,2141.34,4.7548,0.20968,-0.025716
not-recorded,1,40,2140.25,4.7129,0.21060,-0.025303
not-recorded,1,40,2145.26,4.7197,0.20330,-0.014614
not-recorded,1,40,2150.13,4.7650,0.21017,0.000880
not-recorded,1,40,2143.66,4.7362,0.20383,-0.009840
not-recorded,1,40,2142.47,4.7831,0.20638,-0.009064
not-recorded,1,40,2148.30,4.7331,0.21273,0.008409
not-recorded,1,40,2147.71,4.7510,0.20125,0.008953
not-recorded,1,40,2148.57,4.7833,0.19990,0.014019
not-recorded,1,40,2148.19,4.8027,0.20339,0.013736
not-recorded,1,40,2147.27,4.7247,0.20188,0.018105
not-recorded,1,40,2146.36,4.7931,0.20174,0.016948
not-recorded,1,40,2150.46,4.7926,0.20878,0.027869
not-recorded,1,40,2148.85,4.7404,0.21056,0.026626
not-recorded,1,40,2147.54,4.7367,0.21308,0.026515
not-recorded,1,40,2147.89,4.7317,0.20993,0.027271
not-recorded,1,40,2150.68,4.7879,0.20812,0.029388
not-recorded,1,40,2151.29,4.7811,0.20850,0.029511
not-recorded,1,40,2151.44,4.8079,0.20658,0.027038
not-recorded,1,40,2152.83,4.7915,0.20674,0.026745
not-recorded,1,40,2154.94,4.7947,0.21474,0.020250
not-recorded,1,40,2154.48,4.7740,0.21248,0.020433
not-recorded,1,40,2157.08,4.7335,0.20757,0.010771
not-recorded,1,40,2153.18,4.7681,0.20584,0.016859
not-recorded,1,40,2153.07,4.7680,0.21102,0.015434
not-recorded,1,40,2152.60,4.8406,0.19909,0.011348
not-recorded,1,40,2161.09,4.8251,0.20378,-0.011767
not-recorded,1,40,2154.36,4.7845,0.20653,0.002869
not-recorded,1,40,2157.09,4.7844,0.20647,-0.009386
not-recorded,1,40,2157.08,4.7525,0.20058,-0.013176
not-recorded,1,40,2156.15,4.8103,0.20800,-0.010866
not-recorded,1,40,2158.33,4.8352,0.20456,-0.022020
not-recorded,1,40,2157.10,4.7988,0.20935,-0.019911
not-recorded,1,40,2161.87,4.8045,0.20832,-0.029950
not-recorded,1,40,2158.54,4.8249,0.20978,-0.028977
not-recorded,1,40,2162.47,4.8354,0.20446,-0.029781
not-recorded,1,40,2161.14,4.7639,0.21146,-0.030000
not-recorded,1,40,2157.18,4.8243,0.20594,-0.028309
not-recorded,1,40,2157.01,4.8074,0.20726,-0.028648
not-recorded,1,40,2159.77,4.8226,0.21128,-0.030293
not-recorded,1,40,2158.27,4.8519,0.21246,-0.030657
not-recorded,1,40,2163.88,4.8415,0.20603,-0.022093
not-recorded,1,40,2158.26,4.8471,0.20717,-0.028141
not-recorded,1,40,2168.55,4.8418,0.21169,-0.006349
not-recorded,1,40,2166.51,4.7686,0.21200,-0.007889
not-recorded,1,40,2165.03,4.8366,0.21235,-0.008969
not-recorded,1,40,2165.61,4.8161,0.20612,-0.006191
not-recorded,1,40,2164.59,4.8038,0.21048,-0.001888
not-recorded,1,40,2165.95,4.8297,0.21500,0.005438
not-recorded,1,40,2166.99,4.8947,0.20563,0.007046
not-recorded,1,40,2163.58,4.7477,0.21259,0.004832
not-recorded,1,40,2168.97,4.8065,0.21382,0.018764
not-recorded,1,40,2169.72,4.7645,0.21336,0.022472
not-recorded,1,40,2165.89,4.8722,0.20898,0.018488
not-recorded,1,40,2170.06,4.8609,0.20561,0.026996
not-recorded,1,40,2167.43,4.8574,0.21357,0.026054
not-recorded,1,40,2167.53,4.8415,0.21574,0.028359
not-recorded,1,40,2167.80,4.8233,0.20616,0.030162
not-recorded,1,40,2170.07,4.8541,0.20744,0.028838
not-recorded,1,40,2175.19,4.8641,0.21188,0.026313
not-recorded,1,40,2170.71,4.8591,0.21517,0.027418
not-recorded,1,40,2171.93,4.7956,0.21422,0.024871
not-recorded,1,40,2175.62,4.8951,0.21291,0.016139
not-recorded,1,40,2171.72,4.8621,0.21290,0.020515
not-recorded,1,40,2171.04,4.8175,0.21714,0.021450
not-recorded,1,40,2177.68,4.9026,0.21764,0.003184
not-recorded,1,40,2175.34,4.8599,0.21204,0.006489
not-recorded,1,40,2174.44,4.8433,0.21367,0.006388
not-recorded,1,40,2171.53,4.8425,0.21229,0.009576
not-recorded,1,40,2177.57,4.8325,0.21510,-0.011136
not-recorded,1,40,2173.02,4.8620,0.20479,0.000365
not-recorded,1,40,2178.68,4.9372,0.21979,-0.015964
not-recorded,1,40,2180.86,4.9399,0.21455,-0.022452
not-recorded,1,40,2179.63,4.8437,0.21779,-0.023583
not-recorded,1,40,2172.47,4.8121,0.21072,-0.012077
not-recorded,1,40,2178.51,4.8448,0.21467,-0.025675
not-recorded,1,40,2176.00,4.8559,0.21418,-0.023537
not-recorded,1,40,2180.50,4.9078,0.21922,-0.031136
not-recorded,1,40,2181.51,4.8708,0.20911,-0.028560
not-recorded,1,40,2178.41,4.8749,0.20794,-0.029946
not-recorded,1,40,2181.05,4.9500,0.21325,-0.028213
not-recorded,1,40,2177.17,4.8357,0.20770,-0.029367
not-recorded,1,40,2180.71,4.8920,0.21382,-0.026359
not-recorded,1,40,2184.58,4.8771,0.21386,-0.020051
not-recorded,1,40,2182.77,4.8853,0.21611,-0.019456
not-recorded,1,40,2182.43,4.9765,0.21589,-0.016228
not-recorded,1,40,2181.77,4.9236,0.21150,-0.014942
not-recorded,1,40,2183.70,4.9202,0.21610,-0.007006
not-recorded,1,40,2185.45,4.9073,0.21163,-0.000245
not-recorded,1,40,2186.82,4.9173,0.21601,0.007482
not-recorded,1,40,2185.61,4.9371,0.21532,0.007089
not-recorded,1,40,2185.84,4.8943,0.21354,0.010842
not-recorded,1,40,2184.34,4.9835,0.21113,0.012030
not-recorded,1,40,2183.56,4.8156,0.21554,0.012704
not-recorded,1,40,2190.92,4.9928,0.21837,0.028151
not-recorded,1,40,2183.56,4.9877,0.21790,0.016618
not-recorded,1,40,2187.66,4.9275,0.21458,0.025121
not-recorded,1,40,2188.52,4.8894,0.22122,0.028760
not-recorded,1,40,2187.16,4.9779,0.21660,0.027875
not-recorded,1,40,2186.86,4.8597,0.21009,0.030899
not-recorded,1,40,2186.16,4.9431,0.21574,0.029992
not-recorded,1,40,2185.40,4.8759,0.21083,0.030394
not-recorded,1,40,2194.80,4.9244,0.21340,0.020923
not-recorded,1,40,2186.12,4.9363,0.21597,0.029851
not-recorded,1,40,2194.27,4.9591,0.21840,0.016954
not-recorded,1,40,2189.58,5.0145,0.21271,0.022886
not-recorded,1,40,2189.95,4.9346,0.21612,0.022852
not-recorded,1,40,2187.46,4.9229,0.21222,0.022542
not-recorded,1,40,2193.24,4.9638,0.21404,0.007429
not-recorded,1,40,2193.61,4.9305,0.21772,0.000567
not-recorded,1,40,2193.22,4.9590,0.21236,0.001208
not-recorded,1,40,2194.89,4.9341,0.21422,-0.007181
not-recorded,1,40,2196.75,4.9350,0.21769,-0.017164
not-recorded,1,40,2191.30,4.8905,0.21549,-0.004736
not-recorded,1,40,2195.68,4.9811,0.22129,-0.018321
not-recorded,1,40,2196.35,4.9691,0.21357,-0.023092
not-recorded,1,40,2196.72,5.0173,0.21513,-0.027735
not-recorded,1,40,2194.90,4.9412,0.21090,-0.025452
not-recorded,1,40,2193.69,5.0011,0.22169,-0.024558
not-recorded,1,40,2200.84,5.0725,0.21579,-0.030653
not-recorded,1,40,2197.37,4.9463,0.21801,-0.027877
not-recorded,1,40,2197.18,4.9919,0.21385,-0.029723
not-recorded,1,40,2197.22,5.0350,0.21530,-0.031398
not-recorded,1,40,2197.01,4.9299,0.21968,-0.030750
not-recorded,1,40,2197.61,5.0053,0.20821,-0.028891
not-recorded,1,40,2196.32,4.9876,0.21746,-0.027714
not-recorded,1,40,2201.65,4.9523,0.21412,-0.018423
not-recorded,1,40,2200.57,4.9458,0.21858,-0.017213
not-recorded,1,40,2196.38,4.9833,0.21437,-0.020894
not-recorded,1,40,2202.51,4.9964,0.21648,-0.004511
not-recorded,1,40,2202.39,5.0617,0.21723,-0.002224
not-recorded,1,40,2196.34,4.9799,0.21167,-0.014474
not-recorded,1,40,2198.83,5.0008,0.22617,-0.003347
not-recorded,1,40,2203.82,4.9972,0.22055,0.012671
not-recorded,1,40,2205.10,5.0273,0.22316,0.018909
not-recorded,1,40,2200.63,4.9452,0.22109,0.013017
not-recorded,1,40,2199.74,5.0389,0.21808,0.012035
not-recorded,1,40,2206.98,5.0778,0.21515,0.027964
not-recorded,1,40,2200.14,5.0137,0.21449,0.017179
not-recorded,1,40,2206.39,5.0265,0.21880,0.028506
not-recorded,1,40,2202.12,4.9869,0.22167,0.026779
not-recorded,1,40,2204.67,4.9943,0.22130,0.029324
not-recorded,1,40,2208.14,5.0366,0.22028,0.029867
not-recorded,1,40,2205.71,5.0495,0.21495,0.030105
not-recorded,1,40,2204.80,4.9766,0.22710,0.029635
not-recorded,1,40,2204.29,4.9754,0.21516,0.029616
not-recorded,1,40,2206.84,5.0020,0.22584,0.026111
not-recorded,1,40,2205.49,4.9983,0.21864,0.023942
not-recorded,1,40,2210.26,5.0097,0.22561,0.012929
not-recorded,1,40,2207.48,5.0118,0.22221,0.017217
not-recorded,1,40,2206.89,5.0020,0.21594,0.016634
not-recorded,1,40,2209.93,5.0013,0.21706,0.004212
not-recorded,1,40,2208.80,4.9998,0.22405,0.003651
not-recorded,1,40,2209.03,5.0582,0.22688,-0.000574
not-recorded,1,40,2209.01,5.0426,0.21503,-0.004626
not-recorded,1,40,2211.10,4.9825,0.21925,-0.013469
not-recorded,1,40,2211.62,5.0464,0.22426,-0.018057
not-recorded,1,40,2214.21,5.0291,0.21791,-0.022423
not-recorded,1,40,2211.16,4.9913,0.21775,-0.020782
not-recorded,1,40,2210.89,5.0741,0.22177,-0.024478
not-recorded,1,40,2212.37,4.9838,0.21860,-0.028454
not-recorded,1,40,2209.07,5.0795,0.21727,-0.023917
not-recorded,1,40,2210.91,5.0496,0.22340,-0.030692
not-recorded,1,40,2212.21,5.0295,0.21788,-0.029427
not-recorded,1,40,2216.02,5.0576,0.21960,-0.026111
not-recorded,1,40,2216.96,5.0505,0.22158,-0.024883
not-recorded,1,40,2210.43,5.0655,0.21982,-0.029982
not-recorded,1,40,2213.78,5.0800,0.21774,-0.026600
not-recorded,1,40,2216.86,5.0431,0.21832,-0.021020
not-recorded,1,40,2213.77,5.0364,0.21414,-0.024855
not-recorded,1,40,2215.23,5.0077,0.22291,-0.018231
not-recorded,1,40,2215.12,5.1085,0.22432,-0.015195
not-recorded,1,40,2211.75,5.0560,0.21508,-0.022259
not-recorded,1,40,2213.83,5.0047,0.22183,-0.010768
not-recorded,1,40,2214.96,5.0756,0.21574,-0.004251
not-recorded,1,40,2217.96,5.1576,0.22443,0.006221
not-recorded,1,40,2218.43,5.0542,0.21886,0.008035
not-recorded,1,40,2214.92,5.0972,0.22156,0.004855
not-recorded,1,40,2218.87,5.0115,0.22932,0.016859
not-recorded,1,40,2217.92,5.0872,0.21439,0.018323
not-recorded,1,40,2221.12,5.1360,0.22470,0.026556
not-recorded,1,40,2219.14,5.1533,0.22077,0.025959
not-recorded,1,40,2217.44,5.0921,0.22147,0.022660
not-recorded,1,40,2222.22,5.0741,0.21873,0.032496
not-recorded,1,40,2221.49,5.1218,0.21805,0.029745
not-recorded,1,40,2223.08,5.0974,0.22472,0.030313
not-recorded,1,40,2220.27,5.0541,0.22460,0.031778
not-recorded,1,40,2221.25,5.0494,0.22259,0.027912
not-recorded,1,40,2222.89,5.1156,0.21957,0.027009
not-recorded,1,40,2223.25,4.9881,0.21632,0.025760
not-recorded,1,40,2222.04,5.1068,0.22105,0.023491
not-recorded,1,40,2222.27,5.1327,0.22270,0.022609
not-recorded,1,40,2220.21,5.0662,0.22282,0.023014
not-recorded,1,40,2229.56,5.1830,0.22424,-0.004711
not-recorded,1,40,2224.55,5.1626,0.21722,0.006277
not-recorded,1,40,2226.28,5.0397,0.22805,-0.003835
not-recorded,1,40,2228.41,5.0903,0.22178,-0.011572
not-recorded,1,40,2229.60,5.1311,0.22362,-0.018000
not-recorded,1,40,2221.49,5.0804,0.22293,0.000039
not-recorded,1,40,2223.99,5.0655,0.22469,-0.010107
not-recorded,1,40,2229.19,5.0678,0.22471,-0.024529
not-recorded,1,40,2224.93,5.1014,0.22313,-0.021669
not-recorded,1,40,2224.61,5.0729,0.22661,-0.022140
not-recorded,1,40,2224.35,5.0644,0.21605,-0.023838
not-recorded,1,40,2226.53,5.1102,0.22271,-0.028074
not-recorded,1,40,2228.55,5.0528,0.22019,-0.031664
not-recorded,1,40,2226.56,5.0711,0.22472,-0.030944
not-recorded,1,40,2233.60,5.1540,0.22270,-0.027346
not-recorded,1,40,2228.27,5.1078,0.22777,-0.029043
not-recorded,1,40,2229.25,5.0798,0.22028,-0.028639
not-recorded,1,40,2231.97,5.1485,0.22759,-0.020478
not-recorded,1,40,2232.89,5.1339,0.21885,-0.017323
not-recorded,1,40,2227.19,5.0384,0.22106,-0.025096
not-recorded,1,40,2230.81,5.2002,0.22616,-0.016713
not-recorded,1,40,2231.39,5.1017,0.22036,-0.011122
not-recorded,1,40,2233.62,5.1201,0.22478,-0.002447
not-recorded,1,40,2229.12,5.0933,0.22611,-0.011387
not-recorded,1,40,2237.56,5.1701,0.22529,0.016420
not-recorded,1,40,2232.71,5.1569,0.22975,0.004404
not-recorded,1,40,2230.57,5.1546,0.22638,0.001335
not-recorded,1,40,2233.81,5.1089,0.22112,0.014520
not-recorded,1,40,2230.79,5.1681,0.22491,0.011938
not-recorded,1,40,2236.73,5.1245,0.22906,0.027180
not-recorded,1,40,2233.66,5.1214,0.22904,0.022924
not-recorded,1,40,2232.65,5.1037,0.23087,0.023789
not-recorded,1,40,2235.44,5.1362,0.21950,0.031194
not-recorded,1,40,2233.56,5.1668,0.22521,0.030011
not-recorded,1,40,2234.62,5.1097,0.22571,0.031106
not-recorded,1,40,2236.30,5.1071,0.23070,0.031520
not-recorded,1,40,2232.89,5.1391,0.21696,0.028458
not-recorded,1,40,2237.89,5.1611,0.22787,0.026190
not-recorded,1,40,2238.57,5.1218,0.22513,0.023782
not-recorded,1,40,2239.26,5.1315,0.22704,0.022860
not-recorded,1,40,2236.28,5.1892,0.22111,0.022710
not-recorded,1,40,2238.86,5.1292,0.21928,0.015847
not-recorded,1,40,2236.72,5.0967,0.22583,0.017563
not-recorded,1,40,2238.20,5.2000,0.22146,0.009898
not-recorded,1,40,2235.27,5.1686,0.22203,0.016166
not-recorded,1,40,2238.57,5.2183,0.22787,0.001776
not-recorded,1,40,2237.73,5.1691,0.22696,0.001694
not-recorded,1,40,2238.64,5.1497,0.21754,-0.004606
not-recorded,1,40,2237.70,5.1687,0.21940,-0.006206
not-recorded,1,40,2241.56,5.1584,0.22108,-0.019811
not-recorded,1,40,2243.88,5.1433,0.23099,-0.027741
not-recorded,1,40,2240.26,5.1501,0.22680,-0.022002
not-recorded,1,40,2241.96,5.1401,0.22610,-0.027660
not-recorded,1,40,2238.99,5.1498,0.21943,-0.024680
not-recorded,1,40,2243.93,5.1509,0.23065,-0.029445
not-recorded,1,40,2241.69,5.1771,0.22911,-0.030429
not-recorded,1,40,2242.63,5.1855,0.22328,-0.032703
not-recorded,1,40,2244.16,5.1588,0.22388,-0.030028
not-recorded,1,40,2242.66,5.1860,0.21909,-0.031068
not-recorded,1,40,2240.58,5.1267,0.22994,-0.030226
not-recorded,1,40,2244.46,5.2152,0.22606,-0.023102
not-recorded,1,40,2245.52,5.1713,0.22371,-0.020337
not-recorded,1,40,2241.52,5.1546,0.22382,-0.026629
not-recorded,1,40,2241.96,5.2069,0.22711,-0.022121
not-recorded,1,40,2242.61,5.1988,0.22065,-0.018824
not-recorded,1,40,2247.92,5.2237,0.22610,0.001909
not-recorded,1,40,2243.00,5.1994,0.22583,-0.011318
not-recorded,1,40,2244.86,5.2287,0.22848,-0.003562
not-recorded,1,40,2244.47,5.2639,0.22300,-0.001912
not-recorded,1,40,2247.16,5.1774,0.23159,0.012348
not-recorded,1,40,2248.30,5.1887,0.22559,0.016691
not-recorded,1,40,2247.53,5.1791,0.22708,0.017325
not-recorded,1,40,2250.95,5.2366,0.22238,0.028963
not-recorded,1,40,2249.67,5.1998,0.22586,0.028225
not-recorded,1,40,2246.97,5.1960,0.22661,0.024313
not-recorded,1,40,2244.51,5.2404,0.23123,0.022575
not-recorded,1,40,2246.26,5.1673,0.22746,0.027609
not-recorded,1,40,2249.57,5.2265,0.22658,0.032382
not-recorded,1,40,2245.14,5.2404,0.22297,0.029155
not-recorded,1,40,2247.11,5.1662,0.22718,0.031126
not-recorded,1,40,2248.99,5.2675,0.22784,0.029569
not-recorded,1,40,2252.93,5.2341,0.23469,0.022488
not-recorded,1,40,2249.56,5.1692,0.23021,0.029257
not-recorded,1,40,2253.65,5.2131,0.23461,0.015217
not-recorded,1,40,2252.15,5.1943,0.22702,0.016471
not-recorded,1,40,2250.72,5.1804,0.22731,0.018413
not-recorded,1,40,2253.25,5.2185,0.22647,0.008010
not-recorded,1,40,2250.43,5.1689,0.22919,0.012174
not-recorded,1,40,2251.93,5.2205,0.23334,0.004785
not-recorded,1,40,2250.55,5.1900,0.23047,0.004558
not-recorded,1,40,2251.13,5.1738,0.23185,-0.002419
not-recorded,1,40,2253.85,5.1916,0.22555,-0.012667
not-recorded,1,40,2250.43,5.2939,0.22877,-0.006600
not-recorded,1,40,2253.04,5.2271,0.23066,-0.014923
not-recorded,1,40,2251.84,5.1942,0.22820,-0.016232
not-recorded,1,40,2252.95,5.3092,0.23126,-0.023589
not-recorded,1,40,2252.88,5.2021,0.22893,-0.024187
not-recorded,1,40,2256.03,5.2722,0.22601,-0.029610
not-recorded,1,40,2253.23,5.1673,0.22571,-0.028329
not-recorded,1,40,2255.83,5.2467,0.22858,-0.030750
not-recorded,1,40,2253.63,5.2352,0.22559,-0.030712
not-recorded,1,40,2258.71,5.2561,0.22540,-0.026185
not-recorded,1,40,2256.17,5.2225,0.22780,-0.028199
not-recorded,1,40,2256.02,5.2757,0.23708,-0.028130
not-recorded,1,40,2257.66,5.2340,0.22276,-0.024657
not-recorded,1,40,2257.38,5.2312,0.23302,-0.022831
not-recorded,1,40,2257.89,5.1995,0.23086,-0.014725
not-recorded,1,40,2259.19,5.1956,0.22460,-0.009143
not-recorded,1,40,2257.23,5.2746,0.22317,-0.013687
not-recorded,1,40,2257.61,5.2522,0.22387,-0.008385
not-recorded,1,40,2256.77,5.2374,0.23217,-0.009248
not-recorded,1,40,2256.14,5.2622,0.22917,-0.005633
not-recorded,1,40,2262.17,5.1867,0.23326,0.015492
not-recorded,1,40,2259.02,5.2751,0.23179,0.010581
not-recorded,1,40,2259.51,5.2528,0.22679,0.014584
not-recorded,1,40,2261.44,5.1807,0.22883,0.020109
not-recorded,1,40,2255.97,5.2402,0.22865,0.011542
not-recorded,1,40,2256.26,5.1898,0.23581,0.016052
not-recorded,1,40,2260.68,5.2745,0.23053,0.025897
not-recorded,1,40,2259.91,5.2470,0.22685,0.028763
not-recorded,1,40,2258.93,5.2562,0.23076,0.029170
not-recorded,1,40,2261.00,5.2837,0.23282,0.030727
not-recorded,1,40,2262.97,5.3153,0.22701,0.030088
not-recorded,1,40,2259.59,5.2496,0.23481,0.032879
not-recorded,1,40,2264.68,5.2675,0.22825,0.025509
not-recorded,1,40,2260.48,5.1863,0.23778,0.031784
not-recorded,1,40,2258.52,5.2864,0.22706,0.032170
not-recorded,1,40,2266.46,5.3621,0.23346,0.013596
not-recorded,1,40,2265.41,5.2710,0.23518,0.012355
not-recorded,1,40,2265.30,5.3118,0.23415,0.008845
not-recorded,1,40,2262.89,5.3060,0.23034,0.015612
not-recorded,1,40,2260.50,5.1949,0.22851,0.016472
not-recorded,1,40,2261.81,5.2218,0.22509,0.009319
not-recorded,1,40,2266.76,5.2975,0.23002,-0.009637
not-recorded,1,40,2261.22,5.2457,0.22837,0.005102
not-recorded,1,40,2265.06,5.2525,0.22780,-0.010997
not-recorded,1,40,2266.06,5.3047,0.23336,-0.015353
not-recorded,1,40,2264.90,5.2659,0.22548,-0.013520
not-recorded,1,40,2262.17,5.2590,0.23188,-0.012948
not-recorded,1,40,2266.26,5.2119,0.22558,-0.024517
not-recorded,1,40,2259.81,5.2679,0.23085,-0.012056
not-recorded,1,40,2266.69,5.3074,0.23499,-0.030545
not-recorded,1,40,2268.25,5.2675,0.23059,-0.031832
not-recorded,1,40,2267.95,5.3319,0.23066,-0.030392
not-recorded,1,40,2267.15,5.3139,0.22999,-0.030319
not-recorded,1,40,2266.64,5.2837,0.23492,-0.031785
not-recorded,1,40,2268.68,5.3251,0.22850,-0.029863
not-recorded,1,40,2266.05,5.3298,0.22284,-0.029481
not-recorded,1,40,2265.52,5.3141,0.23109,-0.029295
not-recorded,1,40,2267.29,5.2625,0.23599,-0.024245
not-recorded,1,40,2271.57,5.2565,0.22943,-0.014058
not-recorded,1,40,2267.34,5.2614,0.22818,-0.020702
not-recorded,1,40,2271.15,5.3288,0.23069,-0.005276
not-recorded,1,40,2267.56,5.2646,0.22779,-0.012816
not-recorded,1,40,2272.13,5.3069,0.23669,0.002565
not-recorded,1,40,2269.23,5.3401,0.23065,-0.000516
not-recorded,1,40,2272.61,5.3157,0.23841,0.011932
not-recorded,1,40,2272.85,5.3157,0.22945,0.015045
not-recorded,1,40,2269.74,5.3163,0.23280,0.007575
not-recorded,1,40,2271.00,5.2749,0.23435,0.016754
not-recorded,1,40,2276.18,5.2840,0.22597,0.028703
not-recorded,1,40,2273.20,5.2498,0.22742,0.029322
not-recorded,1,40,2271.21,5.2245,0.23652,0.023406
not-recorded,1,40,2275.16,5.2797,0.22828,0.030118
not-recorded,1,40,2271.03,5.3384,0.22972,0.029759
not-recorded,1,40,2272.38,5.3002,0.22979,0.028516
not-recorded,1,40,2270.83,5.2749,0.22853,0.029964
not-recorded,1,40,2276.96,5.3081,0.23900,0.027189
not-recorded,1,40,2272.54,5.3739,0.23872,0.030583
not-recorded,1,40,2277.37,5.3198,0.23437,0.021910
not-recorded,1,40,2274.05,5.3152,0.22749,0.025595
not-recorded,1,40,2274.44,5.3344,0.23441,0.022112
not-recorded,1,40,2271.76,5.3035,0.23011,0.027078
not-recorded,1,40,2273.19,5.3480,0.22747,0.018871
not-recorded,1,40,2270.15,5.3274,0.23035,0.024863
not-recorded,1,40,2270.40,5.2856,0.22896,0.020905
not-recorded,1,40,2272.63,5.3068,0.23219,0.011901
not-recorded,1,40,2273.15,5.3554,0.22851,0.007633
not-recorded,1,40,2276.61,5.3598,0.22970,-0.005499
not-recorded,1,40,2275.70,5.4001,0.23000,-0.009301
not-recorded,1,40,2276.26,5.3130,0.23840,-0.010227
not-recorded,1,40,2275.05,5.2944,0.22955,-0.012895
not-recorded,1,40,2281.10,5.3937,0.23303,-0.030100
not-recorded,1,40,2275.20,5.3315,0.22925,-0.019129
not-recorded,1,40,2271.38,5.3402,0.23483,-0.011324
not-recorded,1,40,2277.91,5.2647,0.23283,-0.029243
not-recorded,1,40,2280.46,5.3704,0.23757,-0.031297
not-recorded,1,40,2276.98,5.3272,0.23212,-0.029028
not-recorded,1,40,2277.29,5.3402,0.22829,-0.030393
not-recorded,1,40,2276.07,5.3076,0.22697,-0.029727
not-recorded,1,40,2279.31,5.3473,0.23182,-0.029634
not-recorded,1,40,2279.78,5.3080,0.23949,-0.027294
not-recorded,1,40,2274.34,5.3020,0.22644,-0.031742
not-recorded,1,40,2276.39,5.3288,0.22722,-0.030574
not-recorded,1,40,2277.06,5.2448,0.24358,-0.027907
not-recorded,1,40,2280.13,5.3771,0.24106,-0.019341
not-recorded,1,40,2281.33,5.3385,0.23167,-0.011153
not-recorded,1,40,2283.10,5.3137,0.23503,0.000894
not-recorded,1,40,2280.45,5.3024,0.22945,-0.007486
not-recorded,1,40,2282.66,5.3875,0.23416,0.002901
not-recorded,1,40,2280.75,5.3314,0.23306,0.002890
not-recorded,1,40,2280.46,5.3377,0.23263,0.003720
not-recorded,1,40,2279.46,5.3583,0.23711,0.005640
not-recorded,1,40,2282.33,5.3229,0.24060,0.018913
not-recorded,1,40,2281.56,5.3841,0.23477,0.019312
not-recorded,1,40,2284.82,5.3815,0.23240,0.028498
not-recorded,1,40,2282.65,5.3151,0.23035,0.025476
not-recorded,1,40,2287.21,5.3623,0.23704,0.032936
not-recorded,1,40,2283.26,5.2813,0.23798,0.029910
not-recorded,1,40,2278.17,5.3753,0.23330,0.024218
not-recorded,1,40,2283.27,5.3491,0.23096,0.033727
not-recorded,1,40,2282.69,5.3464,0.23467,0.030434
not-recorded,1,40,2282.30,5.2999,0.23877,0.030800
not-recorded,1,40,2284.42,5.3924,0.23654,0.028546
not-recorded,1,40,2286.66,5.4067,0.23656,0.024762
not-recorded,1,40,2284.59,5.4390,0.23707,0.025509
not-recorded,1,40,2280.73,5.3295,0.22891,0.029634
not-recorded,1,40,2282.07,5.3893,0.24080,0.024165
not-recorded,1,40,2285.99,5.3349,0.23462,0.011853
not-recorded,1,40,2285.96,5.4761,0.23257,0.010993
not-recorded,1,40,2285.79,5.4320,0.23610,0.006161
not-recorded,1,40,2287.03,5.3379,0.22888,-0.001226
not-recorded,1,40,2287.74,5.3777,0.24230,-0.007215
not-recorded,1,40,2284.29,5.3757,0.23750,-0.000246
not-recorded,1,40,2289.72,5.4323,0.23792,-0.020893
not-recorded,1,40,2286.55,5.3892,0.22773,-0.012721
not-recorded,1,40,2287.69,5.3731,0.23233,-0.021104
not-recorded,1,40,2288.44,5.3891,0.23561,-0.024991
not-recorded,1,40,2287.69,5.4006,0.23168,-0.024975
not-recorded,1,40,2289.30,5.3403,0.22987,-0.028189
not-recorded,1,40,2285.14,5.4421,0.23265,-0.026433
not-recorded,1,40,2289.22,5.4326,0.24379,-0.030797
not-recorded,1,40,2286.95,5.3987,0.23622,-0.028705
not-recorded,1,40,2290.38,5.4117,0.23482,-0.029936
not-recorded,1,40,2291.71,5.4196,0.23694,-0.027499
not-recorded,1,40,2287.06,5.3493,0.23543,-0.031321
not-recorded,1,40,2290.04,5.4241,0.23613,-0.023991
not-recorded,1,40,2288.91,5.4293,0.23223,-0.027406
not-recorded,1,40,2288.65,5.3065,0.23313,-0.024486
not-recorded,1,40,2290.38,5.4010,0.23744,-0.017497
not-recorded,1,40,2296.13,5.4403,0.23428,0.003504
not-recorded,1,40,2289.09,5.3956,0.24189,-0.014902
not-recorded,1,40,2290.72,5.3724,0.23059,-0.007295
not-recorded,1,40,2287.22,5.3675,0.23775,-0.015860
not-recorded,1,40,2284.75,5.4191,0.23661,-0.019303
not-recorded,1,40,2289.54,5.3610,0.24053,-0.000231
not-recorded,1,40,2292.22,5.3695,0.23446,0.012749
not-recorded,1,40,2289.29,5.3795,0.23521,0.007043
not-recorded,1,40,2291.59,5.4159,0.23986,0.016144
not-recorded,1,40,2293.87,5.4436,0.23861,0.023943
not-recorded,1,40,2289.82,5.3553,0.23127,0.018860
not-recorded,1,40,2291.55,5.3508,0.23685,0.026067
not-recorded,1,40,2292.66,5.3466,0.23915,0.029388
not-recorded,1,40,2296.05,5.4535,0.24036,0.033105
not-recorded,1,40,2296.12,5.4332,0.23718,0.029260
not-recorded,1,40,2289.40,5.3860,0.23906,0.027015
not-recorded,1,40,2293.09,5.4316,0.23180,0.032664
not-recorded,1,40,2294.47,5.4605,0.23430,0.030271
not-recorded,1,40,2289.13,5.3387,0.23911,0.032181
not-recorded,1,40,2294.69,5.4040,0.23731,0.026375
not-recorded,1,40,2297.32,5.4888,0.23257,0.017787
not-recorded,1,40,2293.23,5.4059,0.23760,0.023986
not-recorded,1,40,2293.26,5.4038,0.23828,0.020751
not-recorded,1,40,2295.23,5.4025,0.23667,0.014222
not-recorded,1,40,2292.56,5.4155,0.22950,0.017816
not-recorded,1,40,2300.89,5.4363,0.23516,-0.013581
not-recorded,1,40,2297.03,5.4423,0.23588,-0.002553
not-recorded,1,40,2301.65,5.3941,0.23774,-0.019609
not-recorded,1,40,2296.02,5.3622,0.23577,-0.006937
not-recorded,1,40,2297.69,5.4375,0.23838,-0.013322
not-recorded,1,40,2296.42,5.4343,0.23962,-0.015044
not-recorded,1,40,2296.22,5.4546,0.23792,-0.018204
not-recorded,1,40,2294.36,5.4637,0.23958,-0.015657
not-recorded,1,40,2297.51,5.4714,0.23138,-0.025984
not-recorded,1,40,2299.53,5.4343,0.23351,-0.029743
not-recorded,1,40,2298.72,5.4674,0.23853,-0.030809
not-recorded,1,40,2299.27,5.4635,0.24107,-0.033323
not-recorded,1,40,2296.44,5.4521,0.23438,-0.031060
not-recorded,1,40,2294.70,5.4434,0.23420,-0.030102
not-recorded,1,40,2294.78,5.4009,0.24377,-0.031864
not-recorded,1,40,2297.48,5.3982,0.23586,-0.030336
not-recorded,1,40,2297.33,5.4499,0.23850,-0.030972
not-recorded,1,40,2301.97,5.4844,0.24412,-0.017345
not-recorded,1,40,2297.98,5.4584,0.23769,-0.026175
not-recorded,1,40,2294.04,5.4114,0.23645,-0.030099
not-recorded,1,40,2298.45,5.4580,0.24465,-0.020019
not-recorded,1,40,2296.31,5.4476,0.23201,-0.023319
not-recorded,1,40,2301.58,5.4256,0.23527,-0.000340
not-recorded,1,40,2299.42,5.4765,0.23497,-0.007674
not-recorded,1,40,2300.99,5.4102,0.23906,0.002923
not-recorded,1,40,2298.25,5.4249,0.23864,-0.000967
not-recorded,1,40,2300.19,5.3923,0.24166,0.009463
not-recorded,1,40,2298.70,5.4511,0.23748,0.006987
not-recorded,1,40,2298.27,5.4228,0.24259,0.007247
not-recorded,1,40,2303.12,5.4859,0.24029,0.026320
not-recorded,1,40,2300.11,5.4734,0.23781,0.019220
not-recorded,1,40,2297.95,5.4254,0.24208,0.017669
not-recorded,1,40,2300.12,5.4147,0.23751,0.025868
not-recorded,1,40,2300.33,5.3848,0.23458,0.027396
not-recorded,1,40,2299.35,5.4140,0.23268,0.026420
not-recorded,1,40,2303.31,5.4861,0.23884,0.034144
not-recorded,1,40,2302.68,5.4308,0.23072,0.031084
not-recorded,1,40,2303.38,5.4356,0.23681,0.029893
not-recorded,1,40,2301.88,5.4843,0.24193,0.029807
not-recorded,1,40,2306.66,5.4203,0.24203,0.018820
not-recorded,1,40,2304.46,5.3868,0.24069,0.022601
not-recorded,1,40,2302.32,5.5268,0.23589,0.023613
not-recorded,1,40,2301.03,5.3935,0.23714,0.027212
not-recorded,1,40,2301.41,5.4823,0.23524,0.021274
not-recorded,1,40,2303.18,5.4894,0.23255,0.014678
not-recorded,1,40,2305.20,5.4591,0.23694,0.001864
not-recorded,1,40,2303.95,5.4611,0.23551,0.002641
not-recorded,1,40,2301.85,5.4984,0.23634,0.007927
not-recorded,1,40,2309.09,5.5354,0.24062,-0.020725
not-recorded,1,40,2307.93,5.5092,0.24593,-0.019841
not-recorded,1,40,2306.06,5.5041,0.23748,-0.017407
not-recorded,1,40,2304.69,5.4660,0.23933,-0.019128
not-recorded,1,40,2304.60,5.4424,0.23828,-0.019954
not-recorded,1,40,2305.65,5.4456,0.23538,-0.024346
not-recorded,1,40,2308.22,5.5162,0.23608,-0.030256
not-recorded,1,40,2308.81,5.5184,0.23833,-0.030974
not-recorded,1,40,2311.24,5.4480,0.23781,-0.031872
not-recorded,1,40,2304.30,5.4351,0.23495,-0.028733
not-recorded,1,40,2309.25,5.5022,0.23703,-0.030622
not-recorded,1,40,2304.48,5.4167,0.23702,-0.031981
not-recorded,1,40,2302.99,5.4685,0.23744,-0.030666
not-recorded,1,40,2311.32,5.5056,0.23460,-0.017352
not-recorded,1,40,2307.11,5.4908,0.23763,-0.027339
not-recorded,1,40,2307.39,5.4410,0.23927,-0.024567
not-recorded,1,40,2302.99,5.3728,0.24090,-0.031317
not-recorded,1,40,2308.60,5.4482,0.24080,-0.016592
not-recorded,1,40,2308.86,5.5542,0.24097,-0.010060
not-recorded,1,40,2313.23,5.4975,0.24447,0.008674
not-recorded,1,40,2309.87,5.4328,0.24378,-0.002345
not-recorded,1,40,2306.55,5.5463,0.23721,-0.006309
not-recorded,1,40,2311.49,5.4803,0.24490,0.013103
not-recorded,1,40,2304.78,5.4912,0.23729,-0.007423
not-recorded,1,40,2306.63,5.4169,0.23864,0.002371
not-recorded,1,40,2305.60,5.5443,0.24332,0.005690
not-recorded,1,40,2309.38,5.4499,0.24418,0.019621
not-recorded,1,40,2310.93,5.4544,0.24005,0.024247
not-recorded,1,40,2306.79,5.4950,0.23771,0.017155
not-recorded,1,40,2307.79,5.4942,0.23509,0.022905
not-recorded,1,40,2310.09,5.5505,0.24468,0.031731
not-recorded,1,40,2307.17,5.4532,0.24091,0.027066
not-recorded,1,40,2308.71,5.4810,0.23905,0.028897
not-recorded,1,40,2307.49,5.4947,0.24398,0.031502
not-recorded,1,40,2308.61,5.5327,0.24266,0.031602
not-recorded,1,40,2307.97,5.4764,0.24107,0.032787
not-recorded,1,40,2312.55,5.4895,0.24429,0.025524
not-recorded,1,40,2308.31,5.5137,0.24159,0.030839
not-recorded,1,40,2311.92,5.5019,0.23858,0.022621
not-recorded,1,40,2311.14,5.4706,0.24421,0.021351
not-recorded,1,40,2312.09,5.4810,0.23451,0.016962
not-recorded,1,40,2312.16,5.5711,0.24320,0.012585
not-recorded,1,40,2309.49,5.4385,0.24089,0.017586
not-recorded,1,40,2314.37,5.4799,0.24755,-0.004126
not-recorded,1,40,2308.66,5.5112,0.24468,0.014421
not-recorded,1,40,2311.76,5.5140,0.24675,-0.001129
not-recorded,1,40,2312.38,5.4761,0.24081,-0.007618
not-recorded,1,40,2316.89,5.5297,0.24393,-0.024011
not-recorded,1,40,2312.25,5.5142,0.24652,-0.010632
not-recorded,1,40,2310.46,5.4405,0.23627,-0.009743
not-recorded,1,40,2313.88,5.5442,0.23936,-0.023450
not-recorded,1,40,2315.97,5.5207,0.23911,-0.030376
not-recorded,1,40,2315.07,5.5448,0.24310,-0.028190
not-recorded,1,40,2312.49,5.5183,0.24331,-0.026377
not-recorded,1,40,2312.36,5.5365,0.24219,-0.026701
not-recorded,1,40,2313.47,5.5471,0.24016,-0.029969
not-recorded,1,40,2314.04,5.5063,0.24244,-0.031903
not-recorded,1,40,2315.58,5.5421,0.24265,-0.030677
not-recorded,1,40,2317.14,5.4628,0.24364,-0.027439
not-recorded,1,40,2313.68,5.4951,0.24081,-0.031969
not-recorded,1,40,2315.09,5.4940,0.24343,-0.026362
not-recorded,1,40,2315.66,5.5356,0.24070,-0.022010
not-recorded,1,40,2309.06,5.5021,0.24386,-0.032607
not-recorded,1,40,2317.56,5.5480,0.23999,-0.009182
not-recorded,1,40,2312.99,5.5490,0.23923,-0.024134
not-recorded,1,40,2313.84,5.5054,0.24367,-0.017396
not-recorded,1,40,2313.92,5.5863,0.23817,-0.012655
not-recorded,1,40,2317.22,5.5359,0.23910,0.003808
not-recorded,1,40,2316.95,5.5358,0.23949,0.006141
not-recorded,1,40,2316.19,5.5108,0.23863,0.005300
not-recorded,1,40,2315.62,5.5206,0.23475,0.008028
not-recorded,1,40,2320.03,5.5391,0.24304,0.025829
not-recorded,1,40,2319.17,5.5552,0.24050,0.024824
not-recorded,1,40,2319.98,5.5121,0.24614,0.031072
not-recorded,1,40,2313.45,5.5243,0.23994,0.015727
not-recorded,1,40,2318.00,5.4932,0.24496,0.028124
not-recorded,1,40,2316.93,5.5468,0.23839,0.028423
not-recorded,1,40,2319.54,5.5100,0.24620,0.032121
not-recorded,1,40,2320.04,5.5252,0.24226,0.031535
not-recorded,1,40,2315.79,5.5252,0.23974,0.029048
not-recorded,1,40,2321.69,5.5005,0.24277,0.026730
not-recorded,1,40,2318.63,5.5349,0.24082,0.028979
not-recorded,1,40,2320.39,5.5453,0.23801,0.025505
not-recorded,1,40,2318.76,5.4768,0.24413,0.023486
not-recorded,1,40,2318.27,5.4660,0.23763,0.025168
not-recorded,1,40,2319.09,5.5601,0.23905,0.019058
not-recorded,1,40,2321.24,5.5595,0.24524,0.009408
not-recorded,1,40,2318.75,5.5243,0.24221,0.016953
not-recorded,1,40,2316.48,5.5275,0.24104,0.019615
not-recorded,1,40,2320.25,5.5679,0.24550,0.001319
not-recorded,1,40,2317.26,5.5336,0.24619,0.011333
not-recorded,1,40,2322.46,5.5275,0.24242,-0.013169
not-recorded,1,40,2321.52,5.5522,0.24369,-0.011822
not-recorded,1,40,2320.95,5.5797,0.24601,-0.012439
not-recorded,1,40,2321.30,5.5868,0.24613,-0.019680
not-recorded,1,40,2323.11,5.5923,0.23711,-0.024376
not-recorded,1,40,2321.23,5.5765,0.24072,-0.021331
not-recorded,1,40,2317.37,5.4935,0.24082,-0.013566
not-recorded,1,40,2321.17,5.5228,0.24438,-0.030151
not-recorded,1,40,2320.42,5.5448,0.24299,-0.028136
not-recorded,1,40,2320.92,5.4779,0.24439,-0.030823
not-recorded,1,40,2321.36,5.5848,0.23863,-0.030486
not-recorded,1,40,2321.89,5.5864,0.24247,-0.033740
not-recorded,1,40,2319.50,5.5256,0.24249,-0.033344
not-recorded,1,40,2321.80,5.4881,0.24642,-0.029766
not-recorded,1,40,2322.51,5.5170,0.24420,-0.026605
not-recorded,1,40,2322.17,5.5504,0.24340,-0.024892
not-recorded,1,40,2323.88,5.5422,0.24833,-0.020231
not-recorded,1,40,2321.05,5.5509,0.24392,-0.024184
not-recorded,1,40,2318.84,5.5019,0.23810,-0.027760
not-recorded,1,40,2321.56,5.5492,0.24413,-0.014963
not-recorded,1,40,2321.66,5.5922,0.24854,-0.013626
not-recorded,1,40,2324.74,5.5533,0.24467,-0.001350
not-recorded,1,40,2321.60,5.5013,0.24484,-0.010150
not-recorded,1,40,2322.83,5.5698,0.24857,0.000541
not-recorded,1,40,2326.01,5.6351,0.24513,0.014734
not-recorded,1,40,2329.19,5.5799,0.24293,0.026801
not-recorded,1,40,2324.60,5.5639,0.24097,0.017873
not-recorded,1,40,2321.76,5.5610,0.24421,0.011023
not-recorded,1,40,2323.58,5.5563,0.24257,0.021296
not-recorded,1,40,2322.54,5.5684,0.24479,0.020425
not-recorded,1,40,2324.57,5.5418,0.24577,0.028876
not-recorded,1,40,2323.11,5.6128,0.23685,0.025632
not-recorded,1,40,2326.94,5.5801,0.24318,0.031119
not-recorded,1,40,2324.09,5.5351,0.25083,0.029973
not-recorded,1,40,2327.23,5.5363,0.24639,0.030976
not-recorded,1,40,2327.45,5.5934,0.24067,0.028794
not-recorded,1,40,2324.85,5.5501,0.24749,0.030385
not-recorded,1,40,2324.48,5.5426,0.24417,0.031058
not-recorded,1,40,2324.72,5.5610,0.23719,0.028428
not-recorded,1,40,2329.42,5.5822,0.25119,0.014053
not-recorded,1,40,2325.20,5.5589,0.24486,0.023441
not-recorded,1,40,2326.51,5.6272,0.24802,0.016783
not-recorded,1,40,2328.99,5.5963,0.24105,0.004350
not-recorded,1,40,2328.16,5.6117,0.24292,0.002667
not-recorded,1,40,2326.03,5.5879,0.25022,0.008339
not-recorded,1,40,2326.75,5.5780,0.24440,0.000078
not-recorded,1,40,2327.05,5.5789,0.24806,-0.004251
not-recorded,1,40,2326.76,5.5814,0.24361,-0.006248
not-recorded,1,40,2328.12,5.6016,0.23789,-0.014762
not-recorded,1,40,2331.99,5.6768,0.24304,-0.026171
not-recorded,1,40,2331.08,5.5562,0.24506,-0.028068
not-recorded,1,40,2325.78,5.5763,0.23983,-0.017327
not-recorded,1,40,2325.49,5.5849,0.25015,-0.018806
not-recorded,1,40,2321.87,5.4813,0.23784,-0.009546
not-recorded,1,40,2329.73,5.5776,0.24319,-0.031658
not-recorded,1,40,2328.11,5.6106,0.24719,-0.031919
not-recorded,1,40,2331.22,5.5714,0.24281,-0.029651
not-recorded,1,40,2334.34,5.6203,0.24925,-0.023982
not-recorded,1,40,2325.68,5.5090,0.24469,-0.027998
not-recorded,1,40,2329.96,5.6100,0.24729,-0.029191
not-recorded,1,40,2328.26,5.6522,0.24296,-0.031073
not-recorded,1,40,2329.13,5.6046,0.24427,-0.025493
not-recorded,1,40,2326.67,5.5568,0.24214,-0.029871
not-recorded,1,40,2329.81,5.6123,0.24689,-0.020948
not-recorded,1,40,2324.84,5.5245,0.24438,-0.028541
not-recorded,1,40,2328.34,5.5356,0.24122,-0.018875
not-recorded,1,40,2325.85,5.6031,0.24181,-0.021431
not-recorded,1,40,2325.68,5.4964,0.24600,-0.018114
not-recorded,1,40,2332.40,5.5949,0.24844,0.006585
not-recorded,1,40,2330.05,5.5947,0.24471,0.001561
not-recorded,1,40,2330.73,5.5899,0.24299,0.007156
not-recorded,1,40,2333.05,5.5754,0.24672,0.020396
not-recorded,1,40,2330.09,5.5901,0.24668,0.013840
not-recorded,1,40,2333.31,5.6191,0.24486,0.025380
not-recorded,1,40,2328.79,5.6119,0.25009,0.015766
not-recorded,1,40,2330.74,5.6268,0.24922,0.024806
not-recorded,1,40,2329.60,5.5780,0.24457,0.024612
not-recorded,1,40,2330.42,5.6051,0.24368,0.025608
not-recorded,1,40,2332.03,5.6368,0.24062,0.032430
not-recorded,1,40,2328.52,5.5565,0.23910,0.027464
not-recorded,1,40,2333.98,5.6041,0.24561,0.031955
not-recorded,1,40,2326.80,5.5583,0.24685,0.028272
not-recorded,1,40,2331.42,5.5593,0.24541,0.031197
not-recorded,1,40,2333.46,5.6233,0.24538,0.026276
not-recorded,1,40,2332.14,5.5332,0.24014,0.027615
not-recorded,1,40,2333.48,5.6086,0.24406,0.021633
not-recorded,1,40,2335.55,5.5704,0.24795,0.011200
not-recorded,1,40,2335.49,5.5343,0.24397,0.008974
not-recorded,1,40,2331.13,5.6173,0.24411,0.021622
not-recorded,1,40,2335.90,5.5924,0.24244,-0.000069
not-recorded,1,40,2330.77,5.5025,0.24159,0.013046
not-recorded,1,40,2333.35,5.5810,0.25094,-0.000029
not-recorded,1,40,2334.22,5.6007,0.24373,-0.005240
not-recorded,1,40,2333.94,5.6429,0.24403,-0.007850
not-recorded,1,40,2334.80,5.5930,0.24206,-0.015101
not-recorded,1,40,2330.02,5.6360,0.24210,-0.000967
not-recorded,1,40,2335.00,5.5674,0.24270,-0.022114
not-recorded,1,40,2330.54,5.6658,0.24387,-0.010311
not-recorded,1,40,2330.81,5.6235,0.24499,-0.014418
not-recorded,1,40,2332.04,5.5631,0.24654,-0.021044
not-recorded,1,40,2330.82,5.5453,0.24292,-0.020372
not-recorded,1,40,2334.67,5.6419,0.23897,-0.030343
not-recorded,1,40,2334.39,5.5789,0.24693,-0.029596
not-recorded,1,40,2334.18,5.6448,0.24960,-0.032393
not-recorded,1,40,2332.03,5.6456,0.25160,-0.030010
not-recorded,1,40,2334.56,5.5374,0.24701,-0.030125
not-recorded,1,40,2335.60,5.5881,0.24032,-0.028212
not-recorded,1,40,2334.87,5.6357,0.24514,-0.027977
not-recorded,1,40,2331.86,5.6777,0.25164,-0.032372
not-recorded,1,40,2334.15,5.6318,0.24776,-0.027612
not-recorded,1,40,2333.81,5.6153,0.23828,-0.023533
not-recorded,1,40,2332.90,5.5992,0.24736,-0.025269
not-recorded,1,40,2336.12,5.7056,0.24689,-0.011815
not-recorded,1,40,2340.33,5.6579,0.24265,0.007354
not-recorded,1,40,2337.12,5.5874,0.24958,0.000016
not-recorded,1,40,2336.63,5.6099,0.24966,0.000703
not-recorded,1,40,2334.14,5.6347,0.24973,-0.003312
not-recorded,1,40,2337.49,5.6121,0.24420,0.011540
not-recorded,1,40,2335.66,5.6194,0.24673,0.009993
not-recorded,1,40,2334.32,5.5680,0.24718,0.008348
not-recorded,1,40,2331.93,5.5561,0.24858,0.004679
not-recorded,1,40,2334.94,5.5950,0.24834,0.014662
not-recorded,1,40,2337.53,5.6619,0.24369,0.026134
not-recorded,1,40,2333.99,5.5916,0.24460,0.018364
not-recorded,1,40,2334.77,5.6085,0.24690,0.026289
not-recorded,1,40,2331.56,5.6765,0.23921,0.018834
not-recorded,1,40,2337.67,5.6467,0.24664,0.031024
not-recorded,1,40,2337.71,5.5774,0.24885,0.032635
not-recorded,1,40,2339.75,5.5823,0.24824,0.029150
not-recorded,1,40,2342.37,5.6051,0.24197,0.020869
not-recorded,1,40,2331.69,5.6152,0.24532,0.032533
not-recorded,1,40,2337.96,5.6388,0.24206,0.028183
not-recorded,1,40,2338.21,5.5780,0.24294,0.024420
not-recorded,1,40,2341.21,5.6689,0.24815,0.011921
not-recorded,1,40,2335.61,5.6677,0.24795,0.026041
not-recorded,1,40,2336.68,5.6306,0.25027,0.021229
not-recorded,1,40,2336.67,5.6000,0.24671,0.015275
not-recorded,1,40,2340.99,5.5995,0.24228,-0.001387
not-recorded,1,40,2339.87,5.6135,0.24480,-0.001756
not-recorded,1,40,2338.73,5.6657,0.24798,-0.000404
not-recorded,1,40,2337.05,5.6381,0.24439,0.002233
not-recorded,1,40,2339.18,5.5964,0.24419,-0.011058
not-recorded,1,40,2343.70,5.6691,0.24500,-0.026028
not-recorded,1,40,2340.88,5.6399,0.24523,-0.023217
not-recorded,1,40,2338.71,5.5993,0.25006,-0.018498
not-recorded,1,40,2339.81,5.6639,0.24632,-0.027327
not-recorded,1,40,2342.12,5.6716,0.24466,-0.029681
not-recorded,1,40,2339.72,5.5903,0.24346,-0.027975
not-recorded,1,40,2339.77,5.5934,0.24414,-0.028882
not-recorded,1,40,2340.16,5.6467,0.24417,-0.031553
not-recorded,1,40,2340.08,5.6299,0.24151,-0.031928
not-recorded,1,40,2343.76,5.6376,0.24584,-0.028342
not-recorded,1,40,2339.34,5.6813,0.24639,-0.030378
not-recorded,1,40,2343.23,5.7164,0.24211,-0.023103
not-recorded,1,40,2340.47,5.6352,0.24611,-0.028368
not-recorded,1,40,2339.34,5.6880,0.25039,-0.027828
not-recorded,1,40,2343.62,5.6574,0.24138,-0.014481
not-recorded,1,40,2341.78,5.7240,0.24011,-0.020603
not-recorded,1,40,2341.90,5.6983,0.25466,-0.013057
not-recorded,1,40,2335.98,5.6493,0.24390,-0.028960
not-recorded,1,40,2340.39,5.6944,0.24778,-0.012186
not-recorded,1,40,2340.31,5.6956,0.25346,-0.008927
not-recorded,1,40,2340.32,5.6990,0.24401,-0.004553
not-recorded,1,40,2342.66,5.6739,0.25242,0.009961
not-recorded,1,40,2339.72,5.6067,0.24633,-0.000399
not-recorded,1,40,2342.76,5.6364,0.24774,0.015542
not-recorded,1,40,2342.65,5.6832,0.25202,0.019211
not-recorded,1,40,2345.89,5.7201,0.24336,0.029476
not-recorded,1,40,2342.73,5.6096,0.25073,0.024086
not-recorded,1,40,2339.79,5.6545,0.25026,0.019454
not-recorded,1,40,2343.97,5.6892,0.24381,0.031843
not-recorded,1,40,2343.33,5.6326,0.24907,0.030592
not-recorded,1,40,2340.74,5.5982,0.24296,0.029476
not-recorded,1,40,2341.28,5.6582,0.25038,0.032347
not-recorded,1,40,2342.33,5.6365,0.24505,0.031424
not-recorded,1,40,2340.48,5.6130,0.24432,0.031953
not-recorded,1,40,2338.51,5.6171,0.24843,0.031502
not-recorded,1,40,2347.41,5.6261,0.24822,0.018652
not-recorded,1,40,2346.09,5.6956,0.24023,0.019535
not-recorded,1,40,2345.80,5.7057,0.24883,0.017235
not-recorded,1,40,2346.54,5.6430,0.24882,0.010436
not-recorded,1,40,2342.16,5.6321,0.25275,0.023810
not-recorded,1,40,2344.88,5.6937,0.24586,0.009965
not-recorded,1,40,2344.52,5.7126,0.24396,0.008445
not-recorded,1,40,2343.45,5.6404,0.24760,0.006362
not-recorded,1,40,2343.28,5.6341,0.24834,0.004434
not-recorded,1,40,2338.15,5.6116,0.24013,0.021376
not-recorded,1,40,2345.91,5.6667,0.24493,-0.014834
not-recorded,1,40,2345.41,5.6706,0.24763,-0.012701
not-recorded,1,40,2348.46,5.6615,0.24922,-0.026186
not-recorded,1,40,2340.54,5.6308,0.24915,-0.003047
not-recorded,1,40,2343.51,5.6799,0.25015,-0.019569
not-recorded,1,40,2343.62,5.6726,0.24486,-0.020155
not-recorded,1,40,2344.01,5.6950,0.24545,-0.023887
not-recorded,1,40,2349.11,5.6505,0.24955,-0.032612
not-recorded,1,40,2342.66,5.6283,0.24595,-0.027108
not-recorded,1,40,2345.29,5.6834,0.25014,-0.032004
not-recorded,1,40,2347.24,5.6452,0.24498,-0.029395
not-recorded,1,40,2345.71,5.5869,0.24614,-0.031612
not-recorded,1,40,2339.40,5.6735,0.24865,-0.027569
not-recorded,1,40,2346.57,5.6304,0.25508,-0.027330
not-recorded,1,40,2349.81,5.6665,0.25484,-0.019674
not-recorded,1,40,2344.80,5.6301,0.24736,-0.029306
not-recorded,1,40,2342.94,5.6330,0.24636,-0.028480
not-recorded,1,40,2342.17,5.6495,0.24885,-0.028772
not-recorded,1,40,2346.05,5.6296,0.25221,-0.016848
not-recorded,1,40,2344.99,5.6691,0.24640,-0.017181
not-recorded,1,40,2344.77,5.6461,0.25551,-0.015001
not-recorded,1,40,2345.59,5.7083,0.24735,-0.007536
not-recorded,1,40,2349.16,5.6583,0.24743,0.011202
not-recorded,1,40,2348.44,5.7115,0.25178,0.010086
not-recorded,1,40,2347.16,5.6486,0.24366,0.010072
not-recorded,1,40,2351.71,5.6711,0.24408,0.025719
not-recorded,1,40,2344.56,5.6429,0.24033,0.008281
not-recorded,1,40,2345.23,5.6629,0.24646,0.010766
not-recorded,1,40,2347.31,5.6898,0.24561,0.022694
not-recorded,1,40,2346.19,5.6531,0.25199,0.022406
not-recorded,1,40,2346.52,5.7255,0.24788,0.025642
not-recorded,1,40,2350.45,5.7044,0.24966,0.031127
not-recorded,1,40,2347.73,5.6881,0.24742,0.029789
not-recorded,1,40,2349.06,5.6530,0.25384,0.030630
not-recorded,1,40,2351.39,5.7340,0.24592,0.029868
not-recorded,1,40,2351.29,5.6490,0.24472,0.027090
not-recorded,1,40,2344.77,5.6483,0.25107,0.030102
not-recorded,1,40,2345.28,5.6417,0.24615,0.033341
not-recorded,1,40,2345.19,5.7333,0.24698,0.031812
not-recorded,1,40,2347.88,5.7215,0.24413,0.026921
not-recorded,1,40,2344.46,5.5871,0.23946,0.031843
not-recorded,1,40,2352.61,5.6952,0.24357,0.002244
not-recorded,1,40,2350.47,5.6976,0.25114,0.008395
not-recorded,1,40,2347.63,5.7082,0.24505,0.015521
not-recorded,1,40,2349.94,5.7224,0.24682,0.002602
not-recorded,1,40,2346.22,5.6099,0.24490,0.014130
not-recorded,1,40,2348.58,5.6929,0.25286,-0.000660
not-recorded,1,40,2349.28,5.7031,0.25181,-0.003916
not-recorded,1,40,2349.71,5.6621,0.24465,-0.011333
not-recorded,1,40,2354.05,5.7073,0.25690,-0.027633
not-recorded,1,40,2344.52,5.6349,0.24794,0.002904
not-recorded,1,40,2348.87,5.6850,0.25501,-0.016695
not-recorded,1,40,2351.24,5.6662,0.24816,-0.027335
not-recorded,1,40,2347.96,5.6988,0.24690,-0.021868
not-recorded,1,40,2348.11,5.7174,0.24812,-0.022182
not-recorded,1,40,2353.51,5.7323,0.25024,-0.033709
not-recorded,1,40,2347.43,5.6119,0.25720,-0.026897
not-recorded,1,40,2352.75,5.7173,0.24614,-0.032267
not-recorded,1,40,2348.78,5.6849,0.24787,-0.031249
not-recorded,1,40,2347.27,5.7044,0.24996,-0.031008
not-recorded,1,40,2349.32,5.6395,0.24999,-0.032180
not-recorded,1,40,2347.26,5.6965,0.24600,-0.031594
not-recorded,1,40,2347.56,5.6502,0.24233,-0.030234
not-recorded,1,40,2353.53,5.7209,0.25109,-0.015374
not-recorded,1,40,2351.55,5.7445,0.24133,-0.019113
not-recorded,1,40,2350.86,5.6772,0.24940,-0.018425
not-recorded,1,40,2347.63,5.6497,0.24885,-0.026783
not-recorded,1,40,2352.51,5.6710,0.25556,-0.002086
not-recorded,1,40,2349.25,5.6497,0.24761,-0.013808
not-recorded,1,40,2351.67,5.6657,0.24406,0.000378
not-recorded,1,40,2351.71,5.7372,0.25316,0.003335
not-recorded,1,40,2353.34,5.7040,0.24498,0.013850
not-recorded,1,40,2347.51,5.6498,0.24927,-0.005172
not-recorded,1,40,2350.76,5.6907,0.24510,0.013123
not-recorded,1,40,2355.08,5.6998,0.24663,0.029154
not-recorded,1,40,2351.39,5.6783,0.25018,0.020959
not-recorded,1,40,2352.41,5.6505,0.24355,0.025744
not-recorded,1,40,2350.69,5.6877,0.25024,0.023454
not-recorded,1,40,2349.41,5.7661,0.24912,0.023218
not-recorded,1,40,2353.91,5.7082,0.24477,0.033027
not-recorded,1,40,2353.15,5.6912,0.24512,0.032257
not-recorded,1,40,2354.65,5.7554,0.24604,0.030689
not-recorded,1,40,2356.46,5.7094,0.24402,0.024986
not-recorded,1,40,2354.98,5.7058,0.24875,0.025966
not-recorded,1,40,2354.57,5.7420,0.24852,0.025467
not-recorded,1,40,2350.26,5.7375,0.24703,0.031466
not-recorded,1,40,2350.38,5.6303,0.24873,0.031646
not-recorded,1,40,2353.61,5.6508,0.25508,0.021222
not-recorded,1,40,2355.68,5.6877,0.25158,0.010326
not-recorded,1,40,2351.29,5.6939,0.24312,0.023882
not-recorded,1,40,2351.33,5.6238,0.24826,0.018454
not-recorded,1,40,2353.88,5.6689,0.24847,0.005749
not-recorded,1,40,2353.39,5.6975,0.25220,0.004306
not-recorded,1,40,2353.01,5.7342,0.25554,0.003974
not-recorded,1,40,2352.60,5.6361,0.25356,0.002866
not-recorded,1,40,2353.90,5.6932,0.24479,-0.008131
not-recorded,1,40,2354.85,5.6912,0.24783,-0.015561
not-recorded,1,40,2351.48,5.6851,0.25479,-0.006068
not-recorded,1,40,2357.18,5.7418,0.24897,-0.029912
not-recorded,1,40,2353.48,5.7053,0.24971,-0.020280
not-recorded,1,40,2353.05,5.7048,0.25017,-0.020793
not-recorded,1,40,2355.23,5.7916,0.24473,-0.030003
not-recorded,1,40,2358.33,5.6894,0.25502,-0.030300
not-recorded,1,40,2358.32,5.6916,0.25292,-0.030198
not-recorded,1,40,2356.60,5.6984,0.24638,-0.032167
not-recorded,1,40,2356.55,5.7554,0.25319,-0.031217
not-recorded,1,40,2355.40,5.7019,0.25313,-0.030072
not-recorded,1,40,2358.74,5.6841,0.24293,-0.024036
not-recorded,1,40,2354.72,5.7178,0.24973,-0.030637
not-recorded,1,40,2355.08,5.7299,0.24511,-0.029848
not-recorded,1,40,2358.04,5.7153,0.25098,-0.018063
not-recorded,1,40,2353.98,5.6854,0.24722,-0.026578
not-recorded,1,40,2356.53,5.7417,0.25029,-0.015664
not-recorded,1,40,2353.50,5.6979,0.25238,-0.021288
not-recorded,1,40,2355.93,5.7212,0.24649,-0.010358
not-recorded,1,40,2357.30,5.7095,0.24371,-0.001464
not-recorded,1,40,2355.48,5.7135,0.24851,-0.003542
not-recorded,1,40,2359.99,5.6584,0.25101,0.019455
not-recorded,1,40,2354.96,5.7406,0.25340,0.000874
not-recorded,1,40,2355.47,5.7285,0.25303,0.006771
not-recorded,1,40,2354.04,5.7448,0.24887,0.004673
not-recorded,1,40,2356.71,5.6737,0.25002,0.018103
not-recorded,1,40,2356.65,5.7591,0.24432,0.023300
not-recorded,1,40,2354.97,5.7352,0.24951,0.016789
not-recorded,1,40,2355.83,5.6639,0.25328,0.024289
not-recorded,1,40,2352.16,5.7236,0.24986,0.015326
not-recorded,1,40,2354.37,5.6793,0.25247,0.026794
not-recorded,1,40,2356.23,5.7742,0.24957,0.031968
not-recorded,1,40,2357.54,5.7331,0.24468,0.032603
not-recorded,1,40,2356.19,5.7329,0.24863,0.031432
not-recorded,1,40,2356.90,5.7404,0.25143,0.032066
not-recorded,1,40,2354.94,5.6946,0.24403,0.033305
not-recorded,1,40,2356.75,5.7562,0.24997,0.030782
not-recorded,1,40,2353.89,5.7345,0.24954,0.031429
not-recorded,1,40,2355.80,5.7341,0.24666,0.028323
not-recorded,1,40,2353.45,5.7432,0.25228,0.028203
not-recorded,1,40,2359.46,5.7061,0.25530,0.013612
not-recorded,1,40,2355.59,5.6470,0.24537,0.024853
not-recorded,1,40,2354.71,5.7140,0.24476,0.021086
not-recorded,1,40,2356.56,5.7415,0.25418,0.013183
not-recorded,1,40,2358.39,5.7381,0.25312,-0.000290
not-recorded,1,40,2355.16,5.6961,0.24938,0.009770
not-recorded,1,40,2358.54,5.6713,0.24863,-0.009037
not-recorded,1,40,2361.48,5.7630,0.25248,-0.022526
not-recorded,1,40,2359.97,5.7115,0.25209,-0.017841
not-recorded,1,40,2358.45,5.7004,0.25213,-0.016701
not-recorded,1,40,2357.66,5.6599,0.24831,-0.015576
not-recorded,1,40,2358.16,5.7643,0.24637,-0.025794
not-recorded,1,40,2353.05,5.7515,0.24977,-0.007261
not-recorded,1,40,2359.02,5.7758,0.24553,-0.030353
not-recorded,1,40,2359.40,5.7149,0.25253,-0.030449
not-recorded,1,40,2358.39,5.7571,0.25182,-0.030815
not-recorded,1,40,2361.01,5.7769,0.24879,-0.031926
not-recorded,1,40,2361.82,5.8264,0.25257,-0.029961
not-recorded,1,40,2354.02,5.6881,0.24632,-0.029216
not-recorded,1,40,2364.88,5.7268,0.24936,-0.013994
not-recorded,1,40,2363.02,5.8005,0.25547,-0.018468
not-recorded,1,40,2354.50,5.6990,0.25161,-0.031596
not-recorded,1,40,2356.40,5.6624,0.24706,-0.029290
not-recorded,1,40,2354.25,5.6506,0.24562,-0.029087
not-recorded,1,40,2360.49,5.7346,0.25206,-0.015000
not-recorded,1,40,2358.94,5.7241,0.25205,-0.017859
not-recorded,1,40,2358.45,5.7360,0.24673,-0.014172
not-recorded,1,40,2360.41,5.7759,0.25254,-0.003759
not-recorded,1,40,2362.48,5.7667,0.25058,0.009289
not-recorded,1,40,2361.26,5.7337,0.25336,0.009530
not-recorded,1,40,2357.50,5.7141,0.25396,-0.005693
not-recorded,1,40,2358.83,5.6974,0.24678,0.004471
not-recorded,1,40,2362.71,5.7475,0.25455,0.023752
not-recorded,1,40,2359.62,5.6922,0.24308,0.014921
not-recorded,1,40,2360.67,5.7954,0.24942,0.021051
not-recorded,1,40,2361.61,5.6950,0.24840,0.024166
not-recorded,1,40,2357.79,5.7023,0.25099,0.020378
not-recorded,1,40,2359.57,5.7120,0.24650,0.026624
not-recorded,1,40,2362.34,5.7642,0.25104,0.032728
not-recorded,1,40,2360.13,5.8163,0.24684,0.030798
not-recorded,1,40,2363.15,5.7693,0.24942,0.032916
not-recorded,1,40,2360.71,5.6907,0.25028,0.032646
not-recorded,1,40,2361.26,5.7961,0.25053,0.030952
not-recorded,1,40,2356.91,5.7243,0.24962,0.032557
not-recorded,1,40,2359.95,5.7621,0.25369,0.028777
not-recorded,1,40,2362.73,5.7721,0.25577,0.024292
not-recorded,1,40,2365.61,5.6986,0.26062,0.006284
not-recorded,1,40,2362.53,5.7444,0.24561,0.017457
not-recorded,1,40,2357.62,5.7036,0.24674,0.027818
not-recorded,1,40,2358.39,5.7178,0.24679,0.023419
not-recorded,1,40,2359.71,5.7269,0.24578,0.018076
not-recorded,1,40,2360.99,5.7425,0.25052,0.010572
not-recorded,1,40,2361.81,5.7243,0.24176,0.002233
not-recorded,1,40,2357.03,5.6708,0.25047,0.015788
not-recorded,1,40,2359.12,5.7864,0.25288,0.006060
not-recorded,1,40,2360.30,5.7631,0.25733,-0.004336
not-recorded,1,40,2362.46,5.7796,0.25427,-0.016205
not-recorded,1,40,2362.14,5.7775,0.25091,-0.016552
not-recorded,1,40,2363.48,5.7610,0.25254,-0.026952
not-recorded,1,40,2363.51,5.7564,0.25155,-0.027573
not-recorded,1,40,2363.70,5.7694,0.24884,-0.030012
not-recorded,1,40,2360.61,5.7161,0.25363,-0.024746
not-recorded,1,40,2361.86,5.7278,0.24633,-0.028829
not-recorded,1,40,2358.08,5.7623,0.24734,-0.023608
not-recorded,1,40,2362.30,5.7333,0.24922,-0.029496
not-recorded,1,40,2357.74,5.7590,0.25004,-0.026960
not-recorded,1,40,2361.97,5.7672,0.25028,-0.033617
not-recorded,1,40,2363.92,5.7630,0.25055,-0.028637
not-recorded,1,40,2362.31,5.7429,0.24760,-0.030476
not-recorded,1,40,2359.59,5.7316,0.24381,-0.032233
not-recorded,1,40,2361.27,5.7760,0.24986,-0.029064
not-recorded,1,40,2362.52,5.7355,0.25386,-0.022717
not-recorded,1,40,2362.91,5.7793,0.25209,-0.018777
not-recorded,1,40,2363.21,5.7522,0.24925,-0.016666
not-recorded,1,40,2361.08,5.7547,0.24615,-0.017991
not-recorded,1,40,2362.27,5.7414,0.24948,-0.010914
not-recorded,1,40,2362.24,5.7332,0.26022,-0.009094
not-recorded,1,40,2359.43,5.6806,0.24710,-0.016583
not-recorded,1,40,2365.29,5.7832,0.25019,0.013497
not-recorded,1,40,2364.66,5.8168,0.24683,0.013711
not-recorded,1,40,2365.53,5.7142,0.24847,0.020948
not-recorded,1,40,2364.32,5.6920,0.24673,0.021158
not-recorded,1,40,2365.65,5.7873,0.24973,0.026829
not-recorded,1,40,2366.33,5.7386,0.25394,0.028384
not-recorded,1,40,2362.90,5.7408,0.24882,0.022998
not-recorded,1,40,2363.23,5.7758,0.24720,0.026033
not-recorded,1,40,2360.71,5.7397,0.25373,0.022086
not-recorded,1,40,2365.50,5.7894,0.25297,0.034305
not-recorded,1,40,2361.75,5.7458,0.24638,0.029839
not-recorded,1,40,2360.72,5.7887,0.24956,0.029957
not-recorded,1,40,2364.56,5.7841,0.25132,0.031567
not-recorded,1,40,2364.60,5.8138,0.25745,0.030251
not-recorded,1,40,2366.57,5.8204,0.25140,0.024663
not-recorded,1,40,2361.57,5.7152,0.25262,0.034663
not-recorded,1,40,2363.68,5.7260,0.25040,0.026671
not-recorded,1,40,2362.09,5.7445,0.25210,0.029280
not-recorded,1,40,2360.98,5.8025,0.25180,0.031376
not-recorded,1,40,2363.17,5.8390,0.24909,0.020863
not-recorded,1,40,2366.58,5.8010,0.24868,0.005358
not-recorded,1,40,2364.85,5.8446,0.25306,0.008381
not-recorded,1,40,2368.81,5.7711,0.24616,-0.011885
not-recorded,1,40,2362.87,5.6837,0.24788,0.006137
not-recorded,1,40,2364.02,5.7192,0.25941,-0.000341
not-recorded,1,40,2362.86,5.7954,0.25237,0.000439
not-recorded,1,40,2366.28,5.7536,0.25449,-0.017352
not-recorded,1,40,2367.21,5.7031,0.25182,-0.023813
not-recorded,1,40,2367.28,5.7884,0.25617,-0.025571
not-recorded,1,40,2364.99,5.7681,0.24729,-0.020749
not-recorded,1,40,2367.32,5.7789,0.24915,-0.029596
not-recorded,1,40,2366.84,5.7865,0.24883,-0.029980
not-recorded,1,40,2366.85,5.8125,0.25363,-0.031430
not-recorded,1,40,2367.63,5.7455,0.25660,-0.035078
not-recorded,1,40,2365.37,5.7202,0.24987,-0.031793
not-recorded,1,40,2366.05,5.7610,0.25181,-0.034262
not-recorded,1,40,2365.77,5.8450,0.25479,-0.030539
not-recorded,1,40,2362.40,5.7320,0.25210,-0.030737
not-recorded,1,40,2363.15,5.7157,0.25592,-0.032121
not-recorded,1,40,2363.92,5.7666,0.25559,-0.030547
not-recorded,1,40,2360.27,5.7178,0.25005,-0.032392
not-recorded,1,40,2367.24,5.7990,0.25436,-0.019031
not-recorded,1,40,2367.79,5.7388,0.25540,-0.013158
not-recorded,1,40,2366.91,5.7902,0.25765,-0.013166
not-recorded,1,40,2365.48,5.7752,0.24906,-0.016820
not-recorded,1,40,2369.24,5.7472,0.25116,0.004865
not-recorded,1,40,2366.00,5.7607,0.25429,-0.006561
not-recorded,1,40,2367.10,5.7569,0.25877,0.003534
not-recorded,1,40,2369.82,5.8262,0.25462,0.017292
not-recorded,1,40,2368.02,5.7550,0.25674,0.014274
not-recorded,1,40,2367.54,5.8176,0.24980,0.016430
not-recorded,1,40,2368.33,5.7429,0.25919,0.022834
not-recorded,1,40,2367.86,5.8525,0.24869,0.023991
not-recorded,1,40,2364.24,5.7508,0.25141,0.010949
not-recorded,1,40,2372.40,5.7992,0.25536,0.033646
not-recorded,1,40,2368.09,5.7979,0.24937,0.030753
not-recorded,1,40,2369.79,5.8153,0.25349,0.033172
not-recorded,1,40,2362.26,5.7124,0.25812,0.017613
not-recorded,1,40,2369.82,5.7690,0.25012,0.031457
not-recorded,1,40,2365.76,5.8317,0.25359,0.030858
not-recorded,1,40,2366.10,5.7832,0.25056,0.031788
not-recorded,1,40,2370.84,5.8656,0.24905,0.025991
not-recorded,1,40,2372.61,5.7984,0.25245,0.015273
not-recorded,1,40,2366.58,5.7395,0.25304,0.030059
not-recorded,1,40,2369.40,5.7035,0.24795,0.021074
not-recorded,1,40,2365.46,5.7720,0.24501,0.027907
not-recorded,1,40,2367.47,5.7624,0.25276,0.023419
not-recorded,1,40,2372.38,5.8405,0.25375,-0.001645
not-recorded,1,40,2369.31,5.7461,0.24916,0.007873
not-recorded,1,40,2372.44,5.7695,0.25315,-0.012129
not-recorded,1,40,2362.78,5.7123,0.25303,0.024702
not-recorded,1,40,2368.79,5.8086,0.25298,-0.000958
not-recorded,1,40,2365.73,5.7708,0.24973,0.008007
not-recorded,1,40,2367.70,5.7673,0.25237,-0.004016
not-recorded,1,40,2367.48,5.7645,0.24751,-0.006799
not-recorded,1,40,2367.94,5.8106,0.24876,-0.014112
not-recorded,1,40,2372.27,5.8406,0.25475,-0.028927
not-recorded,1,40,2371.06,5.7620,0.25748,-0.029961
not-recorded,1,40,2366.93,5.8289,0.25072,-0.020505
not-recorded,1,40,2369.66,5.8534,0.25634,-0.029734
not-recorded,1,40,2367.90,5.7465,0.25360,-0.028283
not-recorded,1,40,2370.17,5.8020,0.25853,-0.033651
not-recorded,1,40,2368.74,5.7420,0.24618,-0.031720
not-recorded,1,40,2368.39,5.8207,0.24423,-0.032502
not-recorded,1,40,2370.58,5.8121,0.25461,-0.030742
not-recorded,1,40,2371.01,5.7192,0.25337,-0.029235
not-recorded,1,40,2370.20,5.7803,0.24753,-0.027277
not-recorded,1,40,2369.19,5.8522,0.24945,-0.028210
not-recorded,1,40,2369.75,5.7515,0.25776,-0.023991
not-recorded,1,40,2373.85,5.7575,0.25332,-0.006908
not-recorded,1,40,2367.30,5.7993,0.25176,-0.027550
not-recorded,1,40,2366.28,5.6855,0.24983,-0.027359
not-recorded,1,40,2369.62,5.7736,0.25717,-0.013016
not-recorded,1,40,2366.36,5.7056,0.25673,-0.020414
not-recorded,1,40,2370.47,5.8027,0.25108,-0.002916
not-recorded,1,40,2369.70,5.7676,0.25373,-0.000902
not-recorded,1,40,2369.53,5.6954,0.24700,0.002556
not-recorded,1,40,2366.51,5.7691,0.25017,-0.007420
not-recorded,1,40,2370.70,5.7124,0.24997,0.014275
not-recorded,1,40,2371.07,5.8218,0.25342,0.021380
not-recorded,1,40,2367.30,5.7206,0.25602,0.006765
not-recorded,1,40,2369.50,5.7151,0.25628,0.020150
not-recorded,1,40,2368.77,5.7919,0.26198,0.019511
not-recorded,1,40,2368.81,5.8017,0.24859,0.025738
not-recorded,1,40,2369.48,5.7580,0.24807,0.027773
not-recorded,1,40,2372.46,5.8023,0.25303,0.032017
not-recorded,1,40,2375.67,5.7846,0.25435,0.026175
not-recorded,1,40,2369.16,5.7398,0.25291,0.032924
not-recorded,1,40,2370.32,5.7424,0.25275,0.032473
not-recorded,1,40,2368.76,5.7675,0.25391,0.032395
not-recorded,1,40,2369.14,5.7966,0.24979,0.032986
not-recorded,1,40,2369.34,5.8019,0.25131,0.032104
not-recorded,1,40,2367.84,5.8296,0.25355,0.033767
not-recorded,1,40,2372.32,5.7355,0.25476,0.019572
not-recorded,1,40,2368.86,5.7852,0.25468,0.025545
not-recorded,1,40,2371.07,5.7700,0.25351,0.018731
not-recorded,1,40,2369.14,5.8005,0.25277,0.021316
not-recorded,1,40,2368.31,5.7697,0.24850,0.020473
not-recorded,1,40,2371.61,5.8840,0.25997,0.002791
not-recorded,1,40,2373.33,5.8009,0.25616,-0.007264
not-recorded,1,40,2369.04,5.7643,0.25205,0.007712
not-recorded,1,40,2371.47,5.8081,0.25524,-0.007383
not-recorded,1,40,2370.06,5.8006,0.25862,-0.004641
not-recorded,1,40,2372.12,5.7960,0.24940,-0.018453
not-recorded,1,40,2372.63,5.7812,0.25085,-0.023999
not-recorded,1,40,2371.00,5.8259,0.25523,-0.019215
not-recorded,1,40,2372.73,5.7659,0.24867,-0.029199
not-recorded,1,40,2372.59,5.8184,0.25533,-0.027716
not-recorded,1,40,2369.66,5.8053,0.25901,-0.023031
not-recorded,1,40,2369.70,5.7915,0.25480,-0.024132
not-recorded,1,40,2370.59,5.8167,0.25112,-0.029319
not-recorded,1,40,2370.71,5.7716,0.24503,-0.028853
not-recorded,1,40,2375.75,5.7559,0.24680,-0.024872
not-recorded,1,40,2373.12,5.8495,0.25532,-0.030978
not-recorded,1,40,2372.03,5.8359,0.25836,-0.028429
not-recorded,1,40,2370.43,5.7885,0.25188,-0.032114
not-recorded,1,40,2369.85,5.7564,0.25048,-0.031514
not-recorded,1,40,2375.50,5.7804,0.26037,-0.012324
not-recorded,1,40,2369.46,5.7743,0.24963,-0.027805
not-recorded,1,40,2372.95,5.8196,0.25352,-0.015162
not-recorded,1,40,2371.86,5.7763,0.25264,-0.017402
not-recorded,1,40,2370.06,5.7850,0.25206,-0.021593
not-recorded,1,40,2374.46,5.7970,0.25902,0.000555
not-recorded,1,40,2373.14,5.8082,0.25540,-0.001587
not-recorded,1,40,2376.65,5.8206,0.25608,0.020145
not-recorded,1,40,2373.17,5.8853,0.24864,0.007119
not-recorded,1,40,2371.06,5.7725,0.25511,0.001915
not-recorded,1,40,2371.40,5.8402,0.25233,0.007671
not-recorded,1,40,2376.67,5.8560,0.25999,0.029680
not-recorded,1,40,2369.58,5.8185,0.25163,0.007335
not-recorded,1,40,2371.12,5.8337,0.24993,0.016325
not-recorded,1,40,2372.96,5.8011,0.25520,0.026896
not-recorded,1,40,2370.85,5.7467,0.24921,0.020645
not-recorded,1,40,2373.79,5.8222,0.25567,0.030385
not-recorded,1,40,2374.07,5.8343,0.25370,0.031686
not-recorded,1,40,2371.80,5.7177,0.25957,0.032962
not-recorded,1,40,2375.16,5.8511,0.25784,0.030708
not-recorded,1,40,2373.92,5.8395,0.25679,0.031703
not-recorded,1,40,2372.71,5.8179,0.24988,0.031388
not-recorded,1,40,2372.77,5.8313,0.25294,0.030131
not-recorded,1,40,2373.43,5.7742,0.24732,0.028205
not-recorded,1,40,2374.75,5.7991,0.25854,0.020870
not-recorded,1,40,2376.71,5.8171,0.25424,0.009646
not-recorded,1,40,2370.11,5.7920,0.25270,0.028009
not-recorded,1,40,2375.30,5.7485,0.25388,0.008606
not-recorded,1,40,2370.74,5.7819,0.25586,0.025193
not-recorded,1,40,2374.10,5.7764,0.25654,0.006254
not-recorded,1,40,2376.30,5.8401,0.25172,-0.008234
not-recorded,1,40,2374.11,5.7718,0.25286,-0.000791
not-recorded,1,40,2373.46,5.7811,0.25311,-0.001415
not-recorded,1,40,2379.09,5.7814,0.25417,-0.026669
not-recorded,1,40,2372.66,5.7962,0.25690,-0.006676
not-recorded,1,40,2377.20,5.8540,0.25837,-0.028312
not-recorded,1,40,2376.44,5.7921,0.26327,-0.027044
not-recorded,1,40,2375.93,5.8168,0.25671,-0.027518
not-recorded,1,40,2367.45,5.7537,0.25090,0.003282
not-recorded,1,40,2369.29,5.7762,0.25086,-0.010340
not-recorded,1,40,2376.68,5.8101,0.26075,-0.030468
not-recorded,1,40,2371.16,5.8335,0.26006,-0.024141
not-recorded,1,40,2376.42,5.8288,0.25641,-0.031195
not-recorded,1,40,2373.27,5.7856,0.25060,-0.033548
not-recorded,1,40,2372.05,5.7753,0.24970,-0.031200
not-recorded,1,40,2374.31,5.8124,0.25258,-0.032663
not-recorded,1,40,2375.90,5.8429,0.25239,-0.028337
not-recorded,1,40,2376.82,5.8647,0.25902,-0.025055
not-recorded,1,40,2374.16,5.8418,0.25137,-0.028267
not-recorded,1,40,2372.58,5.7817,0.25412,-0.029929
not-recorded,1,40,2373.41,5.7853,0.25200,-0.025627
not-recorded,1,40,2378.04,5.8733,0.25630,-0.002894
not-recorded,1,40,2375.23,5.8395,0.25409,-0.010644
not-recorded,1,40,2377.08,5.8044,0.25966,-0.000840
not-recorded,1,40,2369.95,5.8040,0.24986,-0.025358
not-recorded,1,40,2373.00,5.7907,0.24795,-0.011507
not-recorded,1,40,2374.30,5.8355,0.25908,-0.001296
not-recorded,1,40,2372.48,5.8313,0.25290,-0.006331
not-recorded,1,40,2375.72,5.8478,0.25037,0.013238
not-recorded,1,40,2376.43,5.8574,0.25253,0.020132
not-recorded,1,40,2375.87,5.8531,0.25081,0.018487
not-recorded,1,40,2373.61,5.7982,0.26143,0.013260
not-recorded,1,40,2374.60,5.8068,0.25250,0.020271
not-recorded,1,40,2374.38,5.8501,0.25677,0.023888
not-recorded,1,40,2379.61,5.8463,0.26190,0.032830
not-recorded,1,40,2370.70,5.8296,0.25369,0.015508
not-recorded,1,40,2375.03,5.8731,0.25281,0.030603
not-recorded,1,40,2376.16,5.7480,0.25982,0.032489
not-recorded,1,40,2372.52,5.7329,0.25627,0.028380
not-recorded,1,40,2377.94,5.8510,0.25742,0.026573
not-recorded,1,40,2376.09,5.8344,0.25042,0.030125
not-recorded,1,40,2375.12,5.8095,0.25066,0.030474
not-recorded,1,40,2375.68,5.8384,0.25905,0.026586
not-recorded,1,40,2374.20,5.7746,0.25040,0.028271
not-recorded,1,40,2379.85,5.7978,0.26052,0.005020
not-recorded,1,40,2375.42,5.8422,0.25081,0.020036
not-recorded,1,40,2380.08,5.8510,0.26373,-0.001932
not-recorded,1,40,2378.28,5.8466,0.25481,0.004453
not-recorded,1,40,2374.22,5.7757,0.25291,0.016236
not-recorded,1,40,2370.41,5.7436,0.24883,0.027195
not-recorded,1,40,2375.94,5.8148,0.25677,0.000049
not-recorded,1,40,2376.22,5.7635,0.25633,-0.005654
not-recorded,1,40,2374.46,5.8225,0.25478,0.000538
not-recorded,1,40,2374.89,5.8233,0.25185,-0.003859
not-recorded,1,40,2374.83,5.8941,0.25826,-0.009592
not-recorded,1,40,2375.81,5.8619,0.25627,-0.016511
not-recorded,1,40,2370.51,5.8155,0.24909,0.002456
not-recorded,1,40,2374.18,5.8660,0.25481,-0.017249
not-recorded,1,40,2378.78,5.8430,0.25409,-0.032504
not-recorded,1,40,2379.01,5.8985,0.25080,-0.033853
not-recorded,1,40,2376.38,5.8508,0.24983,-0.032086
not-recorded,1,40,2378.10,5.8493,0.25021,-0.032816
not-recorded,1,40,2378.55,5.7764,0.25913,-0.030675
not-recorded,1,40,2375.16,5.7936,0.25014,-0.031478
not-recorded,1,40,2376.13,5.8337,0.25658,-0.032241
not-recorded,1,40,2375.26,5.7612,0.25900,-0.033106
not-recorded,1,40,2373.60,5.8473,0.25404,-0.032150
not-recorded,1,40,2376.27,5.8209,0.25532,-0.028248
not-recorded,1,40,2382.07,5.8665,0.25555,-0.003737
not-recorded,1,40,2374.21,5.8534,0.25290,-0.030777
not-recorded,1,40,2378.01,5.8517,0.26181,-0.012933
not-recorded,1,40,2377.74,5.8066,0.24968,-0.013461
not-recorded,1,40,2378.13,5.8126,0.25060,-0.004630
not-recorded,1,40,2376.97,5.8210,0.25040,-0.008528
not-recorded,1,40,2376.63,5.8767,0.25302,-0.005244
not-recorded,1,40,2376.34,5.8603,0.26112,-0.002788
not-recorded,1,40,2375.84,5.8477,0.24961,0.000566
not-recorded,1,40,2376.72,5.8461,0.26203,0.006972
not-recorded,1,40,2379.36,5.8399,0.25366,0.020573
not-recorded,1,40,2376.75,5.8062,0.24857,0.015645
not-recorded,1,40,2377.51,5.8227,0.25691,0.020683
not-recorded,1,40,2378.87,5.8217,0.24827,0.028531
not-recorded,1,40,2384.02,5.8386,0.25060,0.031053
not-recorded,1,40,2374.63,5.8400,0.25283,0.017945
not-recorded,1,40,2377.01,5.8767,0.25749,0.031433
not-recorded,1,40,2380.08,5.8377,0.25947,0.035871
not-recorded,1,40,2375.62,5.8100,0.25305,0.030272
not-recorded,1,40,2377.92,5.9038,0.25336,0.035323
not-recorded,1,40,2379.10,5.7552,0.26031,0.030092
not-recorded,1,40,2375.08,5.7357,0.25404,0.034089
not-recorded,1,40,2377.12,5.8707,0.25299,0.031211
not-recorded,1,40,2380.61,5.8145,0.25178,0.018505
not-recorded,1,40,2376.58,5.8287,0.24889,0.030758
not-recorded,1,40,2377.78,5.8074,0.25239,0.024018
not-recorded,1,40,2373.04,5.8272,0.24863,0.031719
not-recorded,1,40,2382.55,5.8419,0.25793,-0.004820
not-recorded,1,40,2371.76,5.8088,0.25277,0.032000
not-recorded,1,40,2379.07,5.8135,0.25709,0.004272
not-recorded,1,40,2377.76,5.8128,0.25558,0.009082
not-recorded,1,40,2378.32,5.7707,0.25026,0.000185
not-recorded,1,40,2379.77,5.8131,0.25262,-0.009737
not-recorded,1,40,2380.65,5.8320,0.26088,-0.017264
not-recorded,1,40,2382.84,5.8443,0.25648,-0.025837
not-recorded,1,40,2378.96,5.7989,0.25726,-0.016442
not-recorded,1,40,2380.38,5.8395,0.25029,-0.025664
not-recorded,1,40,2375.32,5.8151,0.25862,-0.007285
not-recorded,1,40,2378.92,5.8066,0.25717,-0.025335
not-recorded,1,40,2380.05,5.8807,0.25767,-0.028963
not-recorded,1,40,2379.56,5.8178,0.25637,-0.031554
not-recorded,1,40,2380.04,5.8775,0.25770,-0.033135
not-recorded,1,40,2380.23,5.8279,0.25164,-0.030565
not-recorded,1,40,2375.06,5.8663,0.25779,-0.027617
not-recorded,1,40,2376.52,5.8715,0.25615,-0.032417
not-recorded,1,40,2376.72,5.8115,0.25659,-0.031155
not-recorded,1,40,2379.44,5.8157,0.25531,-0.031932
not-recorded,1,40,2381.99,5.8319,0.25289,-0.018447
not-recorded,1,40,2379.63,5.7885,0.26204,-0.024171
not-recorded,1,40,2379.70,5.8377,0.25505,-0.023133
not-recorded,1,40,2375.84,5.7714,0.25752,-0.029514
not-recorded,1,40,2377.19,5.8739,0.25231,-0.024898
not-recorded,1,40,2384.26,5.8634,0.25135,0.009424
not-recorded,1,40,2380.60,5.8077,0.25668,-0.004191
not-recorded,1,40,2379.29,5.7951,0.24778,-0.005293
not-recorded,1,40,2376.86,5.7827,0.25323,-0.014637
not-recorded,1,40,2382.16,5.7761,0.25844,0.014686
not-recorded,1,40,2381.52,5.8815,0.25472,0.015054
not-recorded,1,40,2378.38,5.8672,0.25251,0.005556
not-recorded,1,40,2378.94,5.7433,0.25074,0.011767
not-recorded,1,40,2374.36,5.8241,0.25316,-0.007647
not-recorded,1,40,2380.80,5.8335,0.25570,0.025274
not-recorded,1,40,2384.02,5.9078,0.25817,0.031768
not-recorded,1,40,2379.77,5.8476,0.25467,0.025919
not-recorded,1,40,2384.30,5.9133,0.25476,0.032367
not-recorded,1,40,2381.69,5.7985,0.25089,0.031271
not-recorded,1,40,2377.89,5.8187,0.25011,0.026524
not-recorded,1,40,2381.16,5.8378,0.25576,0.032188
not-recorded,1,40,2380.55,5.8420,0.25402,0.033464
not-recorded,1,40,2380.11,5.8560,0.25295,0.032035
not-recorded,1,40,2378.07,5.8066,0.25427,0.031037
not-recorded,1,40,2380.34,5.8134,0.26080,0.029372
not-recorded,1,40,2385.06,5.8498,0.24892,0.009577
not-recorded,1,40,2379.53,5.8699,0.25510,0.027605
not-recorded,1,40,2378.29,5.7815,0.25579,0.030277
not-recorded,1,40,2380.41,5.8496,0.25707,0.017743
not-recorded,1,40,2381.28,5.8620,0.25227,0.011976
not-recorded,1,40,2382.42,5.7818,0.25990,0.002834
not-recorded,1,40,2379.06,5.7756,0.25565,0.012716
not-recorded,1,40,2379.61,5.8234,0.24946,0.008300
not-recorded,1,40,2384.04,5.8548,0.26249,-0.015538
not-recorded,1,40,2380.79,5.8993,0.25689,-0.004434
not-recorded,1,40,2381.05,5.8105,0.25859,-0.009351
not-recorded,1,40,2379.24,5.8797,0.25580,-0.006659
not-recorded,1,40,2384.18,5.9133,0.25177,-0.030388
not-recorded,1,40,2380.06,5.7767,0.25799,-0.015510
not-recorded,1,40,2383.94,5.8618,0.25293,-0.033373
not-recorded,1,40,2376.71,5.8410,0.25109,-0.008979
not-recorded,1,40,2379.22,5.8387,0.25160,-0.023292
not-recorded,1,40,2383.82,5.8598,0.25847,-0.033524
not-recorded,1,40,2380.09,5.8233,0.25395,-0.030775
not-recorded,1,40,2376.12,5.7547,0.26023,-0.019713
not-recorded,1,40,2381.47,5.8399,0.25565,-0.031396
not-recorded,1,40,2378.42,5.8215,0.25713,-0.029784
not-recorded,1,40,2380.23,5.8478,0.25270,-0.035106
not-recorded,1,40,2375.90,5.8454,0.25841,-0.029018
not-recorded,1,40,2383.39,5.7942,0.25459,-0.024613
not-recorded,1,40,2381.07,5.8452,0.24840,-0.027511
not-recorded,1,40,2378.81,5.8239,0.25298,-0.029071
not-recorded,1,40,2383.41,5.8550,0.26004,-0.011778
not-recorded,1,40,2379.25,5.8466,0.25247,-0.023329
not-recorded,1,40,2380.12,5.8393,0.25690,-0.020632
not-recorded,1,40,2381.36,5.8402,0.25158,-0.009945
not-recorded,1,40,2383.00,5.8119,0.25992,0.000825
not-recorded,1,40,2382.43,5.8639,0.25139,0.001639
not-recorded,1,40,2377.63,5.8424,0.25108,-0.017158
not-recorded,1,40,2384.89,5.8318,0.25665,0.021144
not-recorded,1,40,2381.09,5.8097,0.25822,0.006398
not-recorded,1,40,2379.96,5.7957,0.25994,0.005309
not-recorded,1,40,2382.58,5.8209,0.25688,0.019403
not-recorded,1,40,2381.43,5.7656,0.25690,0.020699
not-recorded,1,40,2378.32,5.8035,0.25861,0.008000
not-recorded,1,40,2382.63,5.8251,0.26069,0.028030
not-recorded,1,40,2379.97,5.8597,0.25724,0.024910
not-recorded,1,40,2382.26,5.8628,0.26081,0.029877
not-recorded,1,40,2381.13,5.8699,0.25074,0.031086
not-recorded,1,40,2379.60,5.8456,0.25697,0.026276
not-recorded,1,40,2379.13,5.8395,0.24662,0.028362
not-recorded,1,40,2380.38,5.8133,0.25811,0.030493
not-recorded,1,40,2379.10,5.8462,0.25072,0.031183
not-recorded,1,40,2378.97,5.7853,0.25088,0.032443
not-recorded,1,40,2381.51,5.8206,0.25389,0.031494
not-recorded,1,40,2378.49,5.8524,0.25640,0.031862
not-recorded,1,40,2376.13,5.8055,0.25199,0.032504
not-recorded,1,40,2386.65,5.8862,0.25457,0.000216
not-recorded,1,40,2380.54,5.8903,0.25758,0.024724
not-recorded,1,40,2381.88,5.8203,0.25780,0.015005
not-recorded,1,40,2379.67,5.8113,0.25091,0.022287
not-recorded,1,40,2381.26,5.8640,0.25737,0.010618
not-recorded,1,40,2384.46,5.8832,0.25529,-0.008842
not-recorded,1,40,2383.32,5.7983,0.26073,-0.007463
not-recorded,1,40,2381.58,5.7946,0.25370,-0.000480
not-recorded,1,40,2383.51,5.9493,0.25174,-0.016183
not-recorded,1,40,2383.19,5.8512,0.25477,-0.018621
not-recorded,1,40,2379.42,5.8398,0.24982,-0.003909
not-recorded,1,40,2383.90,5.8181,0.25445,-0.027322
not-recorded,1,40,2381.42,5.7708,0.25341,-0.018472
not-recorded,1,40,2379.96,5.8233,0.25139,-0.015539
not-recorded,1,40,2382.47,5.8229,0.25337,-0.028939
not-recorded,1,40,2385.11,5.9089,0.26155,-0.033016
not-recorded,1,40,2385.30,5.8101,0.25182,-0.031773
not-recorded,1,40,2381.90,5.8818,0.25987,-0.033373
not-recorded,1,40,2383.94,5.8264,0.25861,-0.031260
not-recorded,1,40,2384.48,5.8962,0.25470,-0.029672
not-recorded,1,40,2381.79,5.8251,0.25924,-0.033424
not-recorded,1,40,2384.57,5.8983,0.25381,-0.025012
not-recorded,1,40,2381.08,5.8199,0.25421,-0.030133
not-recorded,1,40,2380.05,5.8346,0.25694,-0.031813
not-recorded,1,40,2380.91,5.8270,0.25891,-0.029657
not-recorded,1,40,2384.02,5.8830,0.25617,-0.016501
not-recorded,1,40,2381.06,5.8318,0.25273,-0.021972
not-recorded,1,40,2387.31,5.8853,0.25514,0.009076
not-recorded,1,40,2379.54,5.8156,0.26015,-0.023839
not-recorded,1,40,2381.86,5.8743,0.25607,-0.011195
not-recorded,1,40,2381.89,5.9012,0.25548,-0.006437
not-recorded,1,40,2386.11,5.8718,0.25602,0.018643
not-recorded,1,40,2380.28,5.9319,0.25653,-0.006038
not-recorded,1,40,2382.54,5.8499,0.26076,0.008272
not-recorded,1,40,2383.96,5.8537,0.25955,0.018496
not-recorded,1,40,2383.86,5.8732,0.25163,0.019871
not-recorded,1,40,2383.10,5.8594,0.25529,0.018785
not-recorded,1,40,2385.85,5.8181,0.25381,0.029790
not-recorded,1,40,2383.49,5.8412,0.25468,0.028969
not-recorded,1,40,2385.34,5.8175,0.26502,0.032186
not-recorded,1,40,2381.00,5.7997,0.25220,0.023970
not-recorded,1,40,2380.77,5.8658,0.26413,0.027431
not-recorded,1,40,2385.68,5.8249,0.25422,0.032458
not-recorded,1,40,2381.18,5.8366,0.25141,0.030185
not-recorded,1,40,2383.47,5.8715,0.25699,0.030370
not-recorded,1,40,2386.11,5.8795,0.25694,0.025824
not-recorded,1,40,2381.90,5.8186,0.25517,0.032428
not-recorded,1,40,2383.41,5.8492,0.24859,0.028502
not-recorded,1,40,2381.05,5.8365,0.25698,0.031777
not-recorded,1,40,2383.01,5.8598,0.25741,0.024576
not-recorded,1,40,2381.25,5.8713,0.25677,0.028607
not-recorded,1,40,2383.02,5.8756,0.25573,0.020159
not-recorded,1,40,2384.75,5.8412,0.25239,0.006159
not-recorded,1,40,2388.32,5.8747,0.25199,-0.014416
not-recorded,1,40,2385.62,5.8798,0.25103,-0.004951
not-recorded,1,40,2387.07,5.9352,0.26129,-0.014902
not-recorded,1,40,2381.98,5.8286,0.24899,0.005853
not-recorded,1,40,2386.28,5.8799,0.25195,-0.020551
not-recorded,1,40,2383.03,5.8281,0.25229,-0.008473
not-recorded,1,40,2382.40,5.7927,0.25413,-0.008787
not-recorded,1,40,2383.15,5.8121,0.26033,-0.013317
not-recorded,1,40,2385.55,5.8344,0.25144,-0.027076
not-recorded,1,40,2384.17,5.8552,0.25541,-0.027272
not-recorded,1,40,2382.41,5.8238,0.26053,-0.020751
not-recorded,1,40,2385.46,5.8097,0.24916,-0.028948
not-recorded,1,40,2387.17,5.8553,0.25969,-0.029935
not-recorded,1,40,2385.21,5.8444,0.25539,-0.033004
not-recorded,1,40,2384.64,5.8923,0.25234,-0.033628
not-recorded,1,40,2382.59,5.8009,0.25109,-0.031209
not-recorded,1,40,2385.75,5.8919,0.25980,-0.027806
not-recorded,1,40,2385.08,5.8495,0.26213,-0.030227
not-recorded,1,40,2383.24,5.8043,0.24682,-0.031938
not-recorded,1,40,2387.64,5.9329,0.25811,-0.013914
not-recorded,1,40,2384.73,5.8777,0.25625,-0.022945
not-recorded,1,40,2386.45,5.9007,0.25302,-0.013909
not-recorded,1,40,2383.25,5.8010,0.25760,-0.023924
not-recorded,1,40,2380.24,5.8370,0.25859,-0.030727
not-recorded,1,40,2386.07,5.8783,0.25675,-0.004152
not-recorded,1,40,2384.54,5.8060,0.25339,-0.008580
not-recorded,1,40,2383.32,5.7834,0.25830,-0.010033
not-recorded,1,40,2386.51,5.8258,0.25066,0.012078
not-recorded,1,40,2385.33,5.8740,0.25979,0.006694
not-recorded,1,40,2384.62,5.9026,0.25224,0.010290
not-recorded,1,40,2382.72,5.9007,0.26026,0.003224
not-recorded,1,40,2387.15,5.8639,0.25903,0.027551
not-recorded,1,40,2381.99,5.8283,0.25604,0.008372
not-recorded,1,40,2386.74,5.8940,0.25615,0.028083
not-recorded,1,40,2383.32,5.8752,0.25649,0.020176
not-recorded,1,40,2381.90,5.8862,0.25679,0.020408
not-recorded,1,40,2386.55,5.8661,0.25904,0.033528
not-recorded,1,40,2385.86,5.8684,0.25058,0.033193
not-recorded,1,40,2380.14,5.8243,0.25155,0.019066
not-recorded,1,40,2385.12,5.8489,0.25225,0.032126
not-recorded,1,40,2381.36,5.8202,0.25224,0.028744
not-recorded,1,40,2382.43,5.8264,0.25357,0.033372
not-recorded,1,40,2387.83,5.8721,0.26149,0.024936
not-recorded,1,40,2383.27,5.8115,0.25880,0.033748
not-recorded,1,40,2385.01,5.8714,0.25555,0.027886
not-recorded,1,40,2383.99,5.8860,0.25432,0.029416
not-recorded,1,40,2383.95,5.9079,0.26181,0.026259
not-recorded,1,40,2387.94,5.8510,0.25481,0.004795
not-recorded,1,40,2385.82,5.8592,0.25740,0.009576
not-recorded,1,40,2382.91,5.8444,0.25641,0.020258
not-recorded,1,40,2382.66,5.8532,0.25366,0.019554
not-recorded,1,40,2384.00,5.8060,0.25547,0.009876
not-recorded,1,40,2381.84,5.8799,0.25377,0.013440
not-recorded,1,40,2384.02,5.8050,0.24912,0.000794
not-recorded,1,40,2379.59,5.8279,0.25492,0.021329
not-recorded,1,40,2383.23,5.8198,0.25315,-0.002473
not-recorded,1,40,2384.89,5.8476,0.25464,-0.015018
not-recorded,1,40,2381.23,5.7692,0.25730,-0.000537
not-recorded,1,40,2388.18,5.8523,0.26303,-0.029253
not-recorded,1,40,2385.98,5.8425,0.25750,-0.027613
not-recorded,1,40,2388.56,5.9316,0.26082,-0.032699
not-recorded,1,40,2387.25,5.8885,0.26134,-0.031788
not-recorded,1,40,2387.18,5.8738,0.25212,-0.034318
not-recorded,1,40,2385.26,5.8148,0.25656,-0.032712
not-recorded,1,40,2387.04,5.8527,0.26055,-0.032714
not-recorded,1,40,2386.16,5.8492,0.25697,-0.031234
not-recorded,1,40,2383.19,5.8588,0.25701,-0.033502
not-recorded,1,40,2384.34,5.8554,0.25585,-0.032357
not-recorded,1,40,2387.75,5.8966,0.25767,-0.023437
not-recorded,1,40,2381.02,5.8196,0.25579,-0.030538
not-recorded,1,40,2385.97,5.8231,0.25919,-0.022292
not-recorded,1,40,2386.19,5.8846,0.24788,-0.018605
not-recorded,1,40,2386.24,5.9260,0.25560,-0.015320
not-recorded,1,40,2384.55,5.8130,0.25691,-0.020764
not-recorded,1,40,2390.50,5.9274,0.25668,0.012600
not-recorded,1,40,2386.98,5.8550,0.26061,-0.000006
not-recorded,1,40,2383.34,5.8232,0.25471,-0.016518
not-recorded,1,40,2386.95,5.9081,0.25581,0.006519
not-recorded,1,40,2389.48,5.8496,0.25621,0.022976
not-recorded,1,40,2384.35,5.9069,0.25587,-0.001026
not-recorded,1,40,2385.16,5.8826,0.25927,0.008327
not-recorded,1,40,2383.45,5.8109,0.25808,0.003983
not-recorded,1,40,2384.99,5.8721,0.25408,0.013708
not-recorded,1,40,2385.47,5.8525,0.25835,0.021341
not-recorded,1,40,2386.94,5.8974,0.25887,0.028458
not-recorded,1,40,2386.25,5.8662,0.26334,0.029098
not-recorded,1,40,2388.24,5.8834,0.25659,0.033483
not-recorded,1,40,2382.75,5.9160,0.24924,0.025199
not-recorded,1,40,2383.71,5.7887,0.25642,0.026436
not-recorded,1,40,2385.70,5.9001,0.26102,0.029898
not-recorded,1,40,2387.73,5.8373,0.25478,0.029656
not-recorded,1,40,2384.91,5.8772,0.25520,0.031601
not-recorded,1,40,2385.43,5.8621,0.25782,0.032918
not-recorded,1,40,2388.12,5.8603,0.25748,0.023433
not-recorded,1,40,2388.74,5.8796,0.25735,0.016475
not-recorded,1,40,2386.95,5.8705,0.25809,0.019571
not-recorded,1,40,2385.13,5.8968,0.25706,0.027506
not-recorded,1,40,2382.21,5.8221,0.25533,0.031761
not-recorded,1,40,2381.87,5.8349,0.26038,0.030218
not-recorded,1,40,2386.68,5.9100,0.25523,0.010556
not-recorded,1,40,2384.56,5.8500,0.24929,0.016204
not-recorded,1,40,2388.68,5.9153,0.25885,-0.008750
not-recorded,1,40,2386.17,5.8645,0.25645,0.000347
not-recorded,1,40,2382.86,5.7905,0.25169,0.013911
not-recorded,1,40,2385.87,5.8199,0.25813,-0.005729
not-recorded,1,40,2387.10,5.8691,0.25690,-0.017502
not-recorded,1,40,2384.07,5.8261,0.25838,-0.005525
not-recorded,1,40,2386.95,5.9277,0.25414,-0.020272
not-recorded,1,40,2385.39,5.8289,0.25572,-0.018196
not-recorded,1,40,2389.10,5.8611,0.25635,-0.034004
not-recorded,1,40,2385.52,5.8458,0.25478,-0.024713
not-recorded,1,40,2383.91,5.8431,0.25058,-0.021056
not-recorded,1,40,2388.00,5.8679,0.25598,-0.031229
not-recorded,1,40,2385.73,5.9036,0.25819,-0.030486
not-recorded,1,40,2388.47,5.8867,0.25811,-0.031260
not-recorded,1,40,2389.29,5.8328,0.26013,-0.029676
not-recorded,1,40,2388.92,5.8570,0.25552,-0.028079
not-recorded,1,40,2388.12,5.8040,0.25529,-0.027841
not-recorded,1,40,2385.22,5.8000,0.25740,-0.031210
not-recorded,1,40,2383.09,5.8321,0.25477,-0.031943
not-recorded,1,40,2388.55,5.8556,0.25293,-0.020227
not-recorded,1,40,2388.51,5.8381,0.25233,-0.014877
not-recorded,1,40,2383.10,5.7820,0.25471,-0.028400
not-recorded,1,40,2384.40,5.8324,0.25694,-0.024798
not-recorded,1,40,2385.71,5.8104,0.25437,-0.018332
not-recorded,1,40,2391.21,5.9026,0.25702,0.013410
not-recorded,1,40,2391.38,5.8775,0.25434,0.019412
not-recorded,1,40,2385.79,5.8891,0.25768,-0.006256
not-recorded,1,40,2391.64,5.8556,0.26402,0.027333
not-recorded,1,40,2389.82,5.8789,0.25966,0.021331
not-recorded,1,40,2385.26,5.8432,0.26401,0.003807
not-recorded,1,40,2385.95,5.8465,0.25450,0.012422
not-recorded,1,40,2386.78,5.7970,0.26267,0.017514
not-recorded,1,40,2386.74,5.8295,0.25707,0.021983
not-recorded,1,40,2383.35,5.8458,0.25808,0.010777
not-recorded,1,40,2390.41,5.8614,0.24855,0.031022
not-recorded,1,40,2390.41,5.9305,0.25983,0.033647
not-recorded,1,40,2383.05,5.9001,0.25479,0.016912
not-recorded,1,40,2386.99,5.8386,0.26031,0.032403
not-recorded,1,40,2385.50,5.8009,0.25266,0.030671
not-recorded,1,40,2391.04,5.8646,0.25574,0.024018
not-recorded,1,40,2385.72,5.8679,0.25775,0.032100
not-recorded,1,40,2386.41,5.9400,0.25703,0.030243
not-recorded,1,40,2386.83,5.8592,0.25809,0.028771
not-recorded,1,40,2383.76,5.8923,0.25901,0.032109
not-recorded,1,40,2384.34,5.8296,0.25616,0.031955
not-recorded,1,40,2387.42,5.8928,0.25492,0.021168
not-recorded,1,40,2387.15,5.8680,0.25647,0.020333
not-recorded,1,40,2392.17,5.8884,0.25191,-0.010554
not-recorded,1,40,2388.38,5.8788,0.25180,0.006453
not-recorded,1,40,2387.93,5.8698,0.25257,0.005508
not-recorded,1,40,2388.73,5.8580,0.25856,-0.002666
not-recorded,1,40,2386.07,5.8489,0.25012,0.004183
not-recorded,1,40,2390.82,5.8609,0.25739,-0.021334
not-recorded,1,40,2389.03,5.8944,0.25315,-0.016749
not-recorded,1,40,2385.49,5.8831,0.25861,-0.002654
not-recorded,1,40,2386.53,5.8917,0.26026,-0.010321
not-recorded,1,40,2387.30,5.8638,0.25980,-0.019320
not-recorded,1,40,2389.33,5.9070,0.25297,-0.027961
not-recorded,1,40,2386.12,5.7933,0.25574,-0.018750
not-recorded,1,40,2387.92,5.8756,0.25700,-0.029866
not-recorded,1,40,2383.88,5.7884,0.25748,-0.015658
not-recorded,1,40,2392.76,5.8664,0.25240,-0.029108
not-recorded,1,40,2392.12,5.9173,0.26304,-0.026043
not-recorded,1,40,2391.21,5.8699,0.25428,-0.030268
not-recorded,1,40,2389.92,5.9126,0.25716,-0.028975
not-recorded,1,40,2387.52,5.8590,0.26058,-0.031471
not-recorded,1,40,2388.44,5.8272,0.25468,-0.028518
not-recorded,1,40,2383.28,5.8869,0.25978,-0.029956
not-recorded,1,40,2388.65,5.8848,0.25670,-0.023030
not-recorded,1,40,2388.81,5.8814,0.25663,-0.019398
not-recorded,1,40,2385.31,5.8513,0.25764,-0.029762
not-recorded,1,40,2389.90,5.8120,0.25804,-0.010269
not-recorded,1,40,2385.88,5.8600,0.26151,-0.024519
not-recorded,1,40,2386.66,5.8831,0.26169,-0.017769
not-recorded,1,40,2389.55,5.8302,0.26281,0.001321
not-recorded,1,40,2386.09,5.8483,0.25659,-0.011357
not-recorded,1,40,2387.67,5.8846,0.25769,-0.000462
not-recorded,1,40,2391.86,5.8709,0.25829,0.022317
not-recorded,1,40,2388.25,5.8419,0.26047,0.009010
not-recorded,1,40,2388.16,5.9168,0.25730,0.013600
not-recorded,1,40,2389.58,5.8055,0.25323,0.022170
not-recorded,1,40,2388.80,5.9348,0.25301,0.023362
not-recorded,1,40,2389.66,5.9430,0.25627,0.028793
not-recorded,1,40,2390.70,5.8560,0.25673,0.030995
not-recorded,1,40,2389.98,5.9411,0.26102,0.034350
not-recorded,1,40,2390.56,5.8820,0.25734,0.032750
not-recorded,1,40,2385.05,5.8997,0.25551,0.022986
not-recorded,1,40,2388.95,5.9027,0.25446,0.032915
not-recorded,1,40,2392.42,5.9218,0.25322,0.026179
not-recorded,1,40,2384.06,5.8861,0.25728,0.027851
not-recorded,1,40,2389.46,5.8525,0.25562,0.029529
not-recorded,1,40,2388.97,5.9064,0.26086,0.029601
not-recorded,1,40,2384.09,5.8287,0.25935,0.031553
not-recorded,1,40,2389.19,5.8568,0.26134,0.024123
not-recorded,1,40,2389.13,5.8706,0.26170,0.020321
not-recorded,1,40,2388.07,5.9138,0.25704,0.021632
not-recorded,1,40,2390.49,5.8898,0.26224,0.009726
not-recorded,1,40,2389.76,5.8822,0.25237,0.011257
not-recorded,1,40,2393.98,5.9275,0.25979,-0.018343
not-recorded,1,40,2390.43,5.8360,0.25732,-0.002830
not-recorded,1,40,2388.51,5.8856,0.25145,0.003932
not-recorded,1,40,2388.38,5.8959,0.25646,0.000117
not-recorded,1,40,2388.99,5.8227,0.25791,-0.007536
not-recorded,1,40,2388.98,5.8714,0.25596,-0.012204
not-recorded,1,40,2389.32,5.9288,0.26271,-0.015239
not-recorded,1,40,2388.26,5.8387,0.25673,-0.013488
not-recorded,1,40,2387.39,5.8506,0.25671,-0.015463
not-recorded,1,40,2389.04,5.9234,0.25396,-0.025860
not-recorded,1,40,2387.14,5.8614,0.25304,-0.017798
not-recorded,1,40,2390.38,5.9468,0.25404,-0.030865
not-recorded,1,40,2389.83,5.8788,0.25546,-0.031643
not-recorded,1,40,2394.03,5.8484,0.25585,-0.026555
not-recorded,1,40,2386.35,5.8723,0.25549,-0.026675
not-recorded,1,40,2388.50,5.8536,0.24877,-0.032635
not-recorded,1,40,2387.10,5.8334,0.25382,-0.031686
not-recorded,1,40,2388.59,5.8613,0.24686,-0.030900
not-recorded,1,40,2389.29,5.8929,0.25534,-0.029344
not-recorded,1,40,2386.48,5.8439,0.25450,-0.030829
not-recorded,1,40,2389.92,5.9130,0.26156,-0.022573
not-recorded,1,40,2389.27,5.8524,0.25723,-0.022963
not-recorded,1,40,2386.39,5.8307,0.25969,-0.031989
not-recorded,1,40,2389.34,5.9033,0.26000,-0.016060
not-recorded,1,40,2390.39,5.9554,0.25352,-0.008344
not-recorded,1,40,2386.14,5.8656,0.26038,-0.025824
not-recorded,1,40,2387.62,5.9020,0.25502,-0.012370
not-recorded,1,40,2385.13,5.8574,0.25934,-0.021584
not-recorded,1,40,2389.85,5.9620,0.25363,0.005451
not-recorded,1,40,2390.60,5.8715,0.25660,0.012545
not-recorded,1,40,2390.11,5.9507,0.25812,0.014537
not-recorded,1,40,2389.78,5.9181,0.25739,0.015005
not-recorded,1,40,2392.18,5.9849,0.25468,0.026929
not-recorded,1,40,2387.83,5.8052,0.24840,0.013581
not-recorded,1,40,2388.57,5.8594,0.25623,0.018984
not-recorded,1,40,2388.29,5.8048,0.26032,0.019333
not-recorded,1,40,2390.71,5.8463,0.25778,0.030327
not-recorded,1,40,2391.21,5.8458,0.26348,0.030956
not-recorded,1,40,2394.98,5.8691,0.25933,0.026283
not-recorded,1,40,2390.64,5.9182,0.25800,0.031157
not-recorded,1,40,2393.38,5.8590,0.26133,0.026047
not-recorded,1,40,2392.65,5.9060,0.25722,0.025554
not-recorded,1,40,2388.88,5.9433,0.25236,0.032574
not-recorded,1,40,2391.52,5.8419,0.25489,0.024549
not-recorded,1,40,2392.92,5.8833,0.25416,0.014027
not-recorded,1,40,2391.82,5.8902,0.25756,0.018584
not-recorded,1,40,2390.52,5.8583,0.25566,0.019916
not-recorded,1,40,2392.14,5.8456,0.25639,0.009308
not-recorded,1,40,2388.98,5.9007,0.25815,0.020855
not-recorded,1,40,2389.81,5.9064,0.25823,0.014096
not-recorded,1,40,2387.93,5.8894,0.26309,0.019949
not-recorded,1,40,2389.70,5.8507,0.25872,0.005760
not-recorded,1,40,2392.62,5.8972,0.25413,-0.013966
not-recorded,1,40,2387.12,5.8689,0.25749,0.011264
not-recorded,1,40,2390.38,5.8760,0.25961,-0.009255
not-recorded,1,40,2385.87,5.9005,0.25511,0.009893
not-recorded,1,40,2392.98,5.8177,0.25079,-0.026551
not-recorded,1,40,2388.27,5.9228,0.25329,-0.009889
not-recorded,1,40,2389.25,5.8831,0.25890,-0.019194
not-recorded,1,40,2388.89,5.8872,0.25365,-0.016461
not-recorded,1,40,2387.73,5.8356,0.26049,-0.018223
not-recorded,1,40,2386.84,5.8613,0.25395,-0.016320
not-recorded,1,40,2388.89,5.9184,0.26389,-0.027201
not-recorded,1,40,2385.75,5.8775,0.25955,-0.019240
not-recorded,0,0,2381.85,5.8464,0.25608,-0.001588
not-recorded,0,0,2376.45,5.8496,0.25387,0.022740
not-recorded,0,0,2379.45,5.8418,0.25278,0.006277
not-recorded,0,0,2367.68,5.7341,0.25408,0.030623
not-recorded,0,0,2367.33,5.7983,0.25295,0.029646
not-recorded,0,0,2366.70,5.7109,0.25375,0.028418
not-recorded,0,0,2357.84,5.7212,0.25500,-0.006201
not-recorded,0,0,2357.25,5.6924,0.25253,-0.005991
not-recorded,0,0,2348.19,5.6950,0.24857,-0.031392
not-recorded,0,0,2346.82,5.6385,0.24438,-0.032696
not-recorded,0,0,2342.30,5.6786,0.25086,-0.020747
not-recorded,0,0,2339.22,5.6670,0.25050,-0.011102
not-recorded,0,0,2328.37,5.5367,0.23587,0.031432
not-recorded,0,0,2326.73,5.5887,0.24775,0.031991
not-recorded,0,0,2319.98,5.5860,0.24442,0.018349
not-recorded,0,0,2315.53,5.5475,0.24271,-0.000534
not-recorded,0,0,2314.66,5.5087,0.23748,-0.002343
not-recorded,0,0,2308.07,5.4868,0.24014,-0.025734
not-recorded,0,0,2303.45,5.4690,0.23775,-0.031542
not-recorded,0,0,2299.50,5.4858,0.23804,-0.025023
not-recorded,0,0,2293.35,5.3303,0.23788,0.003489
not-recorded,0,0,2288.43,5.4241,0.23448,0.024724
not-recorded,0,0,2286.37,5.4162,0.23522,0.028179
not-recorded,0,0,2278.44,5.3284,0.23335,0.023678
not-recorded,0,0,2274.72,5.2703,0.24047,0.011082
not-recorded,0,0,2276.37,5.3039,0.23348,0.019864
not-recorded,0,0,2267.71,5.2684,0.22848,-0.017354
not-recorded,0,0,2266.18,5.3660,0.23174,-0.022871
not-recorded,0,0,2256.70,5.2800,0.23564,-0.021849
not-recorded,0,0,2253.66,5.2386,0.22810,-0.013999
not-recorded,0,0,2249.28,5.1692,0.22200,0.007835
not-recorded,0,0,2244.77,5.2363,0.23215,0.022034
not-recorded,0,0,2242.38,5.1838,0.22315,0.027591
not-recorded,0,0,2239.41,5.1587,0.23128,0.030962
not-recorded,0,0,2233.52,5.1559,0.22225,0.020232
not-recorded,0,0,2231.57,5.0940,0.22514,0.012856
not-recorded,0,0,2226.83,5.0947,0.22428,-0.007555
not-recorded,0,0,2216.41,5.0951,0.21790,-0.029511
not-recorded,0,0,2214.05,5.0639,0.22283,-0.026913
not-recorded,0,0,2208.57,5.0150,0.22213,-0.002300
not-recorded,0,0,2207.28,4.9307,0.21501,0.000059
not-recorded,0,0,2201.89,5.0066,0.22482,0.022475
not-recorded,0,0,2194.91,4.9356,0.22086,0.029190
not-recorded,0,0,2192.39,4.9905,0.21493,0.026049
not-recorded,0,0,2187.71,4.9288,0.21713,0.004858
not-recorded,0,0,2182.25,4.8416,0.21250,-0.016603
not-recorded,0,0,2182.92,4.8386,0.21639,-0.013130
not-recorded,0,0,2176.35,4.8519,0.21737,-0.030256
not-recorded,0,0,2174.25,4.8695,0.21257,-0.029938
not-recorded,0,0,2167.91,4.7731,0.20760,-0.014501
not-recorded,0,0,2158.52,4.8120,0.20497,0.026586
not-recorded,0,0,2161.91,4.7927,0.20420,0.011179
not-recorded,0,0,2152.64,4.7836,0.20208,0.028754
not-recorded,0,0,2152.67,4.7956,0.21020,0.028403
not-recorded,0,0,2142.10,4.6954,0.20681,-0.009187
not-recorded,0,0,2137.37,4.7471,0.19937,-0.024969
not-recorded,0,0,2136.06,4.7009,0.20880,-0.027668
not-recorded,0,0,2139.93,4.7032,0.20600,-0.010290
not-recorded,0,0,2132.02,4.6571,0.21165,-0.029691
not-recorded,0,0,2126.83,4.6764,0.20426,-0.021687
not-recorded,0,0,2121.44,4.5820,0.19689,0.002498
not-recorded,0,0,2116.59,4.6228,0.19826,0.020884
not-recorded,0,0,2111.79,4.5418,0.19534,0.028801
not-recorded,0,0,2115.63,4.6159,0.20229,0.019724
not-recorded,0,0,2109.04,4.5909,0.20675,0.028445
not-recorded,0,0,2098.06,4.5374,0.19827,-0.012534
not-recorded,0,0,2094.32,4.5003,0.19404,-0.021281
not-recorded,0,0,2091.79,4.4296,0.19362,-0.027302
not-recorded,0,0,2088.10,4.5266,0.19498,-0.027571
not-recorded,0,0,2084.49,4.4517,0.20431,-0.019205
not-recorded,0,0,2084.25,4.4327,0.19491,-0.024341
not-recorded,0,0,2076.31,4.4507,0.19676,0.010166
not-recorded,0,0,2066.69,4.3537,0.19798,0.026873
not-recorded,0,0,2069.31,4.4084,0.19272,0.027481
not-recorded,0,0,2065.93,4.4328,0.18631,0.027833
not-recorded,0,0,2064.65,4.4308,0.19052,0.023658
not-recorded,0,0,2056.54,4.3983,0.18585,-0.004677
not-recorded,0,0,2055.74,4.3696,0.19076,-0.006030
not-recorded,0,0,2048.75,4.3550,0.18573,-0.026461
not-recorded,0,0,2045.57,4.3508,0.18244,-0.027036
not-recorded,0,0,2042.32,4.2467,0.19162,-0.024182
not-recorded,0,0,2037.75,4.3546,0.18267,-0.004541
not-recorded,0,0,2031.33,4.2461,0.18404,0.019769
not-recorded,0,0,2029.53,4.2270,0.18068,0.024476
not-recorded,0,0,2028.61,4.2473,0.18296,0.025482
not-recorded,0,0,2021.73,4.1904,0.17957,0.020833
not-recorded,0,0,2015.95,4.1794,0.17866,-0.000110
not-recorded,0,0,2011.35,4.1578,0.18415,-0.015724
not-recorded,0,0,2005.69,4.1352,0.17641,-0.027832
not-recorded,0,0,2007.51,4.1313,0.17786,-0.024694
not-recorded,0,0,2003.49,4.1123,0.17856,-0.027548
not-recorded,0,0,1996.70,4.1536,0.18285,-0.009625
not-recorded,0,0,1990.66,4.1161,0.18185,0.014274
not-recorded,0,0,1994.13,4.0636,0.17421,-0.004629
not-recorded,0,0,1982.55,4.0065,0.18302,0.024852
not-recorded,0,0,1979.40,4.0121,0.17584,0.022447
not-recorded,0,0,1983.07,4.0523,0.17394,0.027510
not-recorded,0,0,1975.39,4.0536,0.17487,0.010058
not-recorded,0,0,1965.29,3.9333,0.17493,-0.026124
not-recorded,0,0,1961.04,3.9277,0.17272,-0.026251
not-recorded,0,0,1960.08,3.9357,0.16982,-0.024963
not-recorded,0,0,1964.20,3.9640,0.17556,-0.024074
not-recorded,0,0,1955.99,3.9691,0.17164,-0.015122
not-recorded,0,0,1948.39,3.9332,0.16801,0.017756
not-recorded,0,0,1949.20,3.8756,0.17680,0.010700
not-recorded,0,0,1942.21,3.8894,0.16880,0.026030
not-recorded,0,0,1941.20,3.9281,0.16918,0.026999
not-recorded,0,0,1939.70,3.8533,0.17132,0.026343
not-recorded,0,0,1933.79,3.7880,0.17447,0.012210
not-recorded,0,0,1930.61,3.9213,0.17188,0.000978
not-recorded,0,0,1926.96,3.8729,0.16582,-0.014048
not-recorded,0,0,1921.05,3.7602,0.16969,-0.027155
not-recorded,0,0,1913.49,3.7948,0.16489,-0.010952
not-recorded,0,0,1911.87,3.7644,0.16457,-0.004649
not-recorded,0,0,1915.70,3.7808,0.16731,-0.023503
not-recorded,0,0,1905.21,3.8163,0.16163,0.019911
not-recorded,0,0,1901.58,3.7257,0.16297,0.027743
not-recorded,0,0,1900.86,3.6763,0.16465,0.024967
not-recorded,0,0,1894.46,3.6887,0.16420,0.020381
not-recorded,0,0,1895.35,3.6443,0.16243,0.022252
not-recorded,0,0,1886.23,3.6945,0.15833,-0.010394
not-recorded,0,0,1880.93,3.6880,0.16676,-0.025371
not-recorded,0,0,1879.08,3.6584,0.15818,-0.026005
not-recorded,0,0,1880.25,3.6114,0.16177,-0.023033
not-recorded,0,0,1872.59,3.6303,0.15690,-0.016790
not-recorded,0,0,1868.79,3.6198,0.15919,-0.003789
not-recorded,0,0,1865.66,3.5904,0.15891,0.009789
not-recorded,0,0,1862.43,3.5807,0.14914,0.019876
not-recorded,0,0,1859.88,3.5518,0.15860,0.024938
not-recorded,0,0,1854.23,3.4777,0.15588,0.022443
not-recorded,0,0,1847.60,3.5193,0.15053,-0.000050
not-recorded,0,0,1846.17,3.5123,0.15590,-0.006728
not-recorded,0,0,1843.19,3.5017,0.15655,-0.016402
not-recorded,0,0,1840.83,3.4474,0.15318,-0.020134
not-recorded,0,0,1838.35,3.4856,0.14652,-0.023147
not-recorded,0,0,1829.33,3.4110,0.14917,-0.009101
not-recorded,0,0,1828.54,3.4341,0.14936,-0.007116
not-recorded,0,0,1830.81,3.5018,0.15307,-0.017283
not-recorded,0,0,1817.33,3.3904,0.14701,0.026973
not-recorded,0,0,1816.65,3.3815,0.14792,0.025296
not-recorded,0,0,1818.15,3.3583,0.15462,0.024068
not-recorded,0,0,1811.36,3.3764,0.14216,0.017373
not-recorded,0,0,1808.59,3.3459,0.14723,0.010270
not-recorded,0,0,1803.68,3.3641,0.14457,-0.007827
not-recorded,0,0,1798.67,3.3709,0.14809,-0.022921
not-recorded,0,0,1796.24,3.3753,0.14715,-0.026163
not-recorded,0,0,1795.62,3.2690,0.15008,-0.026076
not-recorded,0,0,1791.06,3.3533,0.14031,-0.019562
not-recorded,0,0,1789.29,3.3254,0.14503,-0.017438
not-recorded,0,0,1781.05,3.2537,0.14859,0.016394
not-recorded,0,0,1777.53,3.3086,0.14544,0.024254
not-recorded,0,0,1775.29,3.2584,0.14399,0.023122
not-recorded,0,0,1776.49,3.2143,0.13990,0.024846
not-recorded,0,0,1767.34,3.1594,0.13947,0.008677
not-recorded,0,0,1765.74,3.2283,0.13865,0.002713
not-recorded,0,0,1762.64,3.2105,0.13990,-0.005440
not-recorded,0,0,1761.39,3.1329,0.13098,-0.011644
not-recorded,0,0,1753.19,3.1269,0.13992,-0.024194
not-recorded,0,0,1750.55,3.1675,0.13842,-0.022843
not-recorded,0,0,1742.64,3.1128,0.13614,0.006881
not-recorded,0,0,1744.39,3.1190,0.13999,-0.003888
not-recorded,0,0,1742.96,3.1715,0.13663,0.002071
not-recorded,0,0,1737.65,3.1509,0.13982,0.020118
not-recorded,0,0,1733.27,2.9970,0.13163,0.024197
not-recorded,0,0,1729.48,3.0364,0.14084,0.019695
not-recorded,0,0,1730.81,3.1164,0.13629,0.023032
not-recorded,0,0,1721.58,3.0411,0.13708,-0.007164
not-recorded,0,0,1722.75,3.0834,0.13042,0.000334
not-recorded,0,0,1716.54,3.0257,0.13070,-0.020296
not-recorded,0,0,1715.29,2.9963,0.13707,-0.021208
not-recorded,0,0,1710.32,3.0004,0.12694,-0.023736
not-recorded,0,0,1702.65,2.9794,0.13751,0.002799
not-recorded,0,0,1702.07,3.0002,0.13462,0.000711
not-recorded,0,0,1701.14,2.9928,0.12923,0.005069
not-recorded,0,0,1699.15,2.9677,0.13353,0.011306
not-recorded,0,0,1693.31,2.9204,0.12930,0.025091
not-recorded,0,0,1692.74,2.9348,0.12815,0.023654
not-recorded,0,0,1686.47,2.9796,0.12552,0.014642
not-recorded,0,0,1687.88,2.9047,0.12734,0.020801
not-recorded,0,0,1677.30,2.8657,0.12464,-0.019020
not-recorded,0,0,1678.54,2.9119,0.12224,-0.009558
not-recorded,0,0,1670.96,2.8316,0.12454,-0.026028
not-recorded,0,0,1673.14,2.8936,0.12042,-0.023709
not-recorded,0,0,1673.37,2.8994,0.12370,-0.022127
not-recorded,0,0,1668.00,2.8319,0.12407,-0.021047
not-recorded,0,0,1666.42,2.8883,0.12353,-0.020510
not-recorded,0,0,1655.86,2.8332,0.11680,0.020640
not-recorded,0,0,1659.72,2.8614,0.12556,0.003972
not-recorded,0,0,1655.25,2.8815,0.11939,0.017997
not-recorded,0,0,1652.47,2.8048,0.12137,0.022578
not-recorded,0,0,1641.71,2.7340,0.11988,-0.001152
not-recorded,0,0,1642.27,2.8207,0.12563,0.005539
not-recorded,0,0,1640.43,2.7822,0.11570,-0.002455
not-recorded,0,0,1638.53,2.7196,0.12527,-0.006879
not-recorded,0,0,1636.88,2.8024,0.11806,-0.012272
not-recorded,0,0,1627.89,2.7364,0.11706,-0.019927
not-recorded,0,0,1623.96,2.6963,0.12091,-0.010412
not-recorded,0,0,1622.98,2.6882,0.12247,-0.008933
not-recorded,0,0,1617.75,2.6777,0.11169,0.009340
not-recorded,0,0,1617.05,2.6954,0.11283,0.011533
not-recorded,0,0,1614.67,2.6552,0.11093,0.018099
not-recorded,0,0,1610.77,2.6736,0.12031,0.023841
not-recorded,0,0,1610.14,2.6775,0.11321,0.024867
not-recorded,0,0,1607.28,2.6637,0.12045,0.021238
not-recorded,0,0,1599.37,2.6259,0.11856,-0.006260
not-recorded,0,0,1602.65,2.6666,0.10751,0.012132
not-recorded,0,0,1600.05,2.6369,0.11613,0.002639
not-recorded,0,0,1592.83,2.6028,0.11360,-0.022631
not-recorded,0,0,1586.28,2.6311,0.11641,-0.018794
not-recorded,0,0,1587.79,2.6521,0.10999,-0.022088
not-recorded,0,0,1580.41,2.5722,0.11101,-0.000937
not-recorded,0,0,1580.83,2.5682,0.11951,-0.003531
not-recorded,0,0,1575.55,2.5834,0.11142,0.014704
not-recorded,0,0,1570.05,2.5671,0.11629,0.022632
not-recorded,0,0,1572.11,2.5402,0.10616,0.020772
not-recorded,0,0,1568.77,2.5528,0.11385,0.022557
not-recorded,0,0,1561.83,2.5478,0.11233,0.005652
not-recorded,0,0,1567.90,2.5550,0.10913,0.024334
not-recorded,0,0,1562.34,2.4862,0.10297,0.010244
not-recorded,0,0,1554.61,2.5263,0.10990,-0.017677
not-recorded,0,0,1552.76,2.4852,0.10387,-0.019839
not-recorded,0,0,1548.01,2.4199,0.11097,-0.022651
not-recorded,0,0,1543.82,2.3790,0.10317,-0.013846
not-recorded,0,0,1542.97,2.4308,0.10789,-0.011783
not-recorded,0,0,1540.29,2.4760,0.10034,-0.002558
not-recorded,0,0,1537.41,2.4151,0.10852,0.005030
not-recorded,0,0,1539.75,2.4118,0.10081,-0.004581
not-recorded,0,0,1534.68,2.4649,0.10097,0.013450
not-recorded,0,0,1526.85,2.4089,0.09793,0.020680
not-recorded,0,0,1522.77,2.4124,0.09653,0.012862
not-recorded,0,0,1521.69,2.3551,0.10623,0.006757
not-recorded,0,0,1521.07,2.4072,0.10652,0.008410
not-recorded,0,0,1517.36,2.3330,0.10896,-0.005733
not-recorded,0,0,1513.27,2.3899,0.10371,-0.018138
not-recorded,0,0,1510.41,2.3745,0.10052,-0.020576
not-recorded,0,0,1509.97,2.3300,0.10712,-0.021234
not-recorded,0,0,1505.51,2.3248,0.09702,-0.019566
not-recorded,0,0,1497.79,2.3245,0.09771,0.007945
not-recorded,0,0,1500.15,2.2889,0.10325,-0.005003
not-recorded,0,0,1493.97,2.2678,0.09999,0.015386
not-recorded,0,0,1495.29,2.3014,0.10007,0.012065
not-recorded,0,0,1494.98,2.3322,0.09697,0.011805
not-recorded,0,0,1490.23,2.2545,0.10111,0.021155
not-recorded,0,0,1483.40,2.2365,0.10009,0.015748
not-recorded,0,0,1483.32,2.2738,0.09747,0.012667
not-recorded,0,0,1479.39,2.2445,0.09531,0.002223
not-recorded,0,0,1475.77,2.2749,0.09939,-0.010337
not-recorded,0,0,1470.15,2.1749,0.09774,-0.018877
not-recorded,0,0,1472.60,2.2689,0.09612,-0.017473
not-recorded,0,0,1466.16,2.2289,0.09499,-0.020007
not-recorded,0,0,1463.59,2.2664,0.09578,-0.015867
not-recorded,0,0,1461.36,2.2540,0.09831,-0.008685
not-recorded,0,0,1455.51,2.1609,0.09788,0.009848
not-recorded,0,0,1456.66,2.2006,0.09438,0.005663
not-recorded,0,0,1450.70,2.2041,0.09562,0.019987
not-recorded,0,0,1446.96,2.1342,0.09689,0.019137
not-recorded,0,0,1448.18,2.1952,0.09536,0.020266
not-recorded,0,0,1442.74,2.2178,0.09367,0.013538
not-recorded,0,0,1441.45,2.1348,0.09291,0.008378
not-recorded,0,0,1437.10,2.1185,0.09530,-0.006134
not-recorded,0,0,1433.91,2.1440,0.09730,-0.015301
not-recorded,0,0,1431.78,2.0738,0.09402,-0.019625
not-recorded,0,0,1432.87,2.0236,0.09393,-0.015398
not-recorded,0,0,1425.95,2.1381,0.09491,-0.020176
not-recorded,0,0,1421.43,2.1036,0.08753,-0.005804
not-recorded,0,0,1421.46,2.0916,0.09076,-0.007444
not-recorded,0,0,1416.97,2.1189,0.09076,0.006736
not-recorded,0,0,1414.74,2.0128,0.08585,0.014827
not-recorded,0,0,1413.11,2.0994,0.09685,0.014794
not-recorded,0,0,1406.94,2.0720,0.08801,0.018908
not-recorded,0,0,1411.13,2.0499,0.08845,0.018536
not-recorded,0,0,1406.26,1.9784,0.08628,0.020697
not-recorded,0,0,1402.54,2.0033,0.08841,0.013200
not-recorded,0,0,1401.14,1.9925,0.08637,0.008287
not-recorded,0,0,1400.95,2.0174,0.08787,0.008415
not-recorded,0,0,1393.54,2.0031,0.08770,-0.016607
not-recorded,0,0,1390.01,2.0007,0.09008,-0.020612
not-recorded,0,0,1387.54,2.0389,0.08891,-0.021539
not-recorded,0,0,1382.02,1.9799,0.09062,-0.006409
not-recorded,0,0,1386.61,2.0077,0.09050,-0.019444
not-recorded,0,0,1382.24,1.9543,0.08463,-0.007953
not-recorded,0,0,1379.26,1.9542,0.08935,0.000297
not-recorded,0,0,1376.25,1.9912,0.08538,0.006641
not-recorded,0,0,1379.49,1.9131,0.08866,-0.005628
not-recorded,0,0,1369.78,1.8639,0.08380,0.018790
not-recorded,0,0,1369.07,1.9199,0.08757,0.019687
not-recorded,0,0,1364.07,1.9068,0.09139,0.011745
not-recorded,0,0,1366.61,1.8952,0.08281,0.018948
not-recorded,0,0,1359.50,1.8830,0.07864,0.000870
not-recorded,0,0,1355.60,1.8537,0.08559,-0.012603
not-recorded,0,0,1353.22,1.9233,0.07839,-0.016692
not-recorded,0,0,1348.66,1.8537,0.08543,-0.020243
not-recorded,0,0,1347.07,1.8788,0.07980,-0.018463
not-recorded,0,0,1346.46,1.8603,0.08463,-0.019001
not-recorded,0,0,1344.81,1.7930,0.09025,-0.014721
not-recorded,0,0,1346.08,1.9300,0.08646,-0.019593
not-recorded,0,0,1339.47,1.8242,0.07750,0.000272
not-recorded,0,0,1335.80,1.8850,0.07662,0.011359
not-recorded,0,0,1331.57,1.8061,0.07886,0.020991
not-recorded,0,0,1330.19,1.8087,0.07767,0.019440
not-recorded,0,0,1322.88,1.8142,0.07662,0.007153
not-recorded,0,0,1328.12,1.8264,0.06931,0.020974
not-recorded,0,0,1324.57,1.7791,0.07863,0.011337
not-recorded,0,0,1314.94,1.7377,0.07972,-0.014520
not-recorded,0,0,1314.86,1.7951,0.07753,-0.014542
not-recorded,0,0,1316.29,1.8042,0.07719,-0.008333
not-recorded,0,0,1310.89,1.7858,0.07528,-0.020938
not-recorded,0,0,1310.07,1.7705,0.08299,-0.018706
not-recorded,0,0,1306.17,1.7700,0.07827,-0.015127
not-recorded,0,0,1300.78,1.7234,0.07541,0.000708
not-recorded,0,0,1298.96,1.7029,0.07160,0.003667
not-recorded,0,0,1299.40,1.7163,0.07579,0.003751
not-recorded,0,0,1291.84,1.7645,0.08129,0.018531
not-recorded,0,0,1298.06,1.7499,0.07353,0.005372
not-recorded,0,0,1289.71,1.7087,0.08163,0.019629
not-recorded,0,0,1288.15,1.7075,0.07027,0.018681
not-recorded,0,0,1283.75,1.7250,0.06844,0.005896
not-recorded,0,0,1285.16,1.6956,0.07409,0.013560
not-recorded,0,0,1279.10,1.7609,0.07506,-0.004288
not-recorded,0,0,1276.07,1.6656,0.07460,-0.014791
not-recorded,0,0,1275.95,1.7318,0.07268,-0.012956
not-recorded,0,0,1277.59,1.6797,0.07925,-0.008068
not-recorded,0,0,1269.93,1.6400,0.07031,-0.017989
not-recorded,0,0,1267.47,1.6620,0.06936,-0.014553
not-recorded,0,0,1265.00,1.6676,0.06831,-0.011304
not-recorded,0,0,1264.56,1.6396,0.07108,-0.010665
not-recorded,0,0,1260.99,1.6385,0.07203,0.001684
not-recorded,0,0,1262.74,1.6483,0.06949,-0.005608
not-recorded,0,0,1258.77,1.5840,0.06881,0.005267
not-recorded,0,0,1256.08,1.6719,0.06926,0.013597
not-recorded,0,0,1254.39,1.5758,0.07145,0.016349
not-recorded,0,0,1248.15,1.6275,0.06782,0.015301
not-recorded,0,0,1249.02,1.6137,0.06891,0.017508
not-recorded,0,0,1248.80,1.6050,0.07406,0.019631
not-recorded,0,0,1240.38,1.5425,0.07080,-0.002679
not-recorded,0,0,1241.33,1.5598,0.06718,-0.000064
not-recorded,0,0,1238.90,1.5819,0.06447,-0.007503
not-recorded,0,0,1234.81,1.6056,0.07010,-0.016149
not-recorded,0,0,1233.95,1.5759,0.07081,-0.017790
not-recorded,0,0,1230.49,1.5621,0.06650,-0.018948
not-recorded,0,0,1225.11,1.5276,0.07213,-0.006755
not-recorded,0,0,1222.33,1.5131,0.06601,-0.002271
not-recorded,0,0,1226.37,1.5579,0.06946,-0.010946
not-recorded,0,0,1221.28,1.5121,0.06742,0.001990
not-recorded,0,0,1218.71,1.5314,0.06724,0.007728
not-recorded,0,0,1215.13,1.5468,0.06061,0.017005
not-recorded,0,0,1216.10,1.5708,0.06431,0.014855
not-recorded,0,0,1210.28,1.5341,0.06176,0.017561
not-recorded,0,0,1206.16,1.5097,0.06218,0.010181
not-recorded,0,0,1203.34,1.5033,0.06573,0.000592
not-recorded,0,0,1208.29,1.5264,0.06704,0.017680
not-recorded,0,0,1203.57,1.4650,0.06478,0.005410
not-recorded,0,0,1199.61,1.4469,0.05886,-0.008028
not-recorded,0,0,1197.42,1.5098,0.05932,-0.012237
not-recorded,0,0,1194.09,1.4296,0.06093,-0.017650
not-recorded,0,0,1192.55,1.4442,0.06621,-0.016696
not-recorded,0,0,1190.75,1.5193,0.06265,-0.014397
not-recorded,0,0,1188.03,1.4644,0.06258,-0.013137
not-recorded,0,0,1184.03,1.4743,0.06307,-0.002300
not-recorded,0,0,1182.99,1.4415,0.06544,0.002347
not-recorded,0,0,1183.60,1.4540,0.05842,-0.002985
not-recorded,0,0,1176.48,1.5027,0.06011,0.017579
not-recorded,0,0,1176.84,1.4937,0.06733,0.014478
not-recorded,0,0,1173.71,1.4209,0.06403,0.018512
not-recorded,0,0,1170.67,1.4076,0.05872,0.018033
not-recorded,0,0,1170.77,1.4268,0.06045,0.014887
not-recorded,0,0,1168.69,1.4332,0.05633,0.013336
not-recorded,0,0,1163.49,1.4405,0.06076,-0.002013
not-recorded,0,0,1162.89,1.4220,0.06103,-0.002355
not-recorded,0,0,1163.76,1.3777,0.05826,0.001538
not-recorded,0,0,1154.70,1.3644,0.05657,-0.017978
not-recorded,0,0,1154.36,1.3746,0.05898,-0.017688
not-recorded,0,0,1153.34,1.2859,0.05545,-0.018238
not-recorded,0,0,1151.98,1.3770,0.06329,-0.016879
not-recorded,0,0,1150.33,1.3636,0.05690,-0.016047
not-recorded,0,0,1147.01,1.4066,0.06066,-0.006661
not-recorded,0,0,1146.79,1.3417,0.06308,-0.008889
not-recorded,0,0,1143.72,1.3559,0.06169,0.001197
not-recorded,0,0,1140.43,1.2901,0.06061,0.009129
not-recorded,0,0,1137.30,1.3060,0.06022,0.015696
not-recorded,0,0,1133.65,1.2990,0.05911,0.018141
not-recorded,0,0,1133.25,1.3011,0.05749,0.016293
not-recorded,0,0,1131.76,1.2542,0.05768,0.014869
not-recorded,0,0,1132.67,1.3189,0.06048,0.015354
not-recorded,0,0,1129.08,1.2790,0.05934,0.010828
not-recorded,0,0,1127.58,1.3007,0.05712,0.007923
not-recorded,0,0,1123.82,1.2962,0.05307,-0.007072
not-recorded,0,0,1123.20,1.3014,0.05493,-0.004474
not-recorded,0,0,1118.93,1.2419,0.06007,-0.015381
not-recorded,0,0,1114.41,1.2711,0.05398,-0.015031
not-recorded,0,0,1117.21,1.2422,0.06070,-0.015418
not-recorded,0,0,1113.90,1.2277,0.05715,-0.015662
not-recorded,0,0,1107.89,1.2568,0.05126,-0.005338
not-recorded,0,0,1110.27,1.3091,0.06301,-0.012801
not-recorded,0,0,1104.15,1.2557,0.05420,0.006072
not-recorded,0,0,1104.90,1.2345,0.05870,0.002276
not-recorded,0,0,1099.33,1.2239,0.05542,0.017823
not-recorded,0,0,1099.87,1.2074,0.05362,0.012508
not-recorded,0,0,1098.03,1.2057,0.05372,0.013520
not-recorded,0,0,1094.00,1.1373,0.05592,0.016183
not-recorded,0,0,1093.97,1.2335,0.05406,0.015006
not-recorded,0,0,1091.91,1.2387,0.04839,0.012955
not-recorded,0,0,1091.97,1.2237,0.05469,0.012636
not-recorded,0,0,1081.76,1.1879,0.05197,-0.012885
not-recorded,0,0,1083.87,1.2167,0.05452,-0.009184
not-recorded,0,0,1083.12,1.1478,0.04625,-0.007835
not-recorded,0,0,1078.12,1.2264,0.05498,-0.015795
not-recorded,0,0,1076.73,1.2453,0.04626,-0.016168
not-recorded,0,0,1077.17,1.1690,0.05196,-0.015407
not-recorded,0,0,1069.28,1.1390,0.05455,-0.000757
not-recorded,0,0,1069.06,1.2348,0.05124,-0.004729
not-recorded,0,0,1074.95,1.1716,0.04332,-0.017796
not-recorded,0,0,1064.58,1.1861,0.05111,0.010561
not-recorded,0,0,1059.14,1.1558,0.05145,0.016225
not-recorded,0,0,1063.59,1.1693,0.04619,0.010197
not-recorded,0,0,1056.51,1.1526,0.04873,0.015682
not-recorded,0,0,1060.53,1.1740,0.05093,0.014579
not-recorded,0,0,1057.65,1.1538,0.05131,0.017772
not-recorded,0,0,1057.16,1.1574,0.05184,0.017403
not-recorded,0,0,1053.21,1.1591,0.05284,0.011612
not-recorded,0,0,1052.63,1.1933,0.05378,0.010899
not-recorded,0,0,1046.24,1.1302,0.05274,-0.008379
not-recorded,0,0,1047.32,1.1577,0.05225,-0.003548
not-recorded,0,0,1046.98,1.2025,0.05049,-0.002137
not-recorded,0,0,1038.42,1.0917,0.05052,-0.015487
not-recorded,0,0,1041.44,1.0601,0.04701,-0.015475
not-recorded,0,0,1039.56,1.1293,0.04773,-0.016857
not-recorded,0,0,1034.99,1.0703,0.05139,-0.011958
not-recorded,0,0,1035.04,1.0939,0.04692,-0.012526
not-recorded,0,0,1029.72,1.1153,0.04305,0.003414
not-recorded,0,0,1027.41,1.0896,0.05615,0.006771
not-recorded,0,0,1023.22,1.0211,0.04728,0.014844
not-recorded,0,0,1025.63,1.0608,0.04275,0.011629
not-recorded,0,0,1020.37,1.0529,0.04586,0.016210
not-recorded,0,0,1021.42,1.0457,0.04286,0.016474
not-recorded,0,0,1018.81,1.0321,0.04319,0.014953
not-recorded,0,0,1021.27,1.0806,0.03981,0.014795
not-recorded,0,0,1015.40,1.0361,0.04941,0.009094
not-recorded,0,0,1016.85,1.0845,0.04780,0.012240
not-recorded,0,0,1009.69,1.0731,0.05061,-0.004708
not-recorded,0,0,1010.02,1.0233,0.04212,-0.002315
not-recorded,0,0,1005.34,1.0657,0.04601,-0.014052
not-recorded,0,0,1002.46,1.0289,0.05097,-0.013156
not-recorded,0,0,1002.83,1.0501,0.04720,-0.014623
not-recorded,0,0,1001.64,1.0403,0.04358,-0.016856
not-recorded,0,0,997.89,0.9570,0.04411,-0.011782
not-recorded,0,0,999.26,1.0193,0.04747,-0.013867
not-recorded,0,0,998.94,1.0178,0.04547,-0.017310
not-recorded,0,0,995.12,1.0312,0.04786,-0.007848
not-recorded,0,0,990.88,1.0062,0.04929,0.003469
not-recorded,0,0,988.74,1.0377,0.04133,0.009648
not-recorded,0,0,984.71,0.9814,0.04814,0.017866
not-recorded,0,0,985.77,0.9861,0.04098,0.013089
not-recorded,0,0,987.58,0.9944,0.04528,0.010730
not-recorded,0,0,981.57,0.9600,0.04954,0.013968
not-recorded,0,0,978.82,0.9734,0.03767,0.009133
not-recorded,0,0,979.42,1.0478,0.04357,0.011715
not-recorded,0,0,975.63,0.9448,0.04438,0.004804
not-recorded,0,0,972.81,0.9760,0.03705,-0.002292
not-recorded,0,0,973.77,0.9217,0.04375,0.000805
not-recorded,0,0,971.00,0.9392,0.04613,-0.007380
not-recorded,0,0,971.14,0.9039,0.04357,-0.006021
not-recorded,0,0,966.94,0.9477,0.03648,-0.013183
not-recorded,0,0,963.89,0.9073,0.04999,-0.016088
not-recorded,0,0,962.93,0.9400,0.04169,-0.016224
not-recorded,0,0,961.49,0.9885,0.04729,-0.016142
not-recorded,0,0,962.37,0.9847,0.04229,-0.016710
not-recorded,0,0,956.90,0.9664,0.04350,-0.005468
not-recorded,0,0,958.88,0.9454,0.04698,-0.010440
not-recorded,0,0,951.00,0.9909,0.04212,0.009090
not-recorded,0,0,950.33,0.9495,0.03740,0.012763
not-recorded,0,0,950.73,0.9461,0.04069,0.007632
not-recorded,0,0,945.04,0.8986,0.03799,0.014454
not-recorded,0,0,944.96,0.9523,0.03661,0.013864
not-recorded,0,0,946.24,0.9274,0.04033,0.014573
not-recorded,0,0,946.13,0.9501,0.03946,0.015790
not-recorded,0,0,940.05,0.9301,0.03871,0.006486
not-recorded,0,0,938.73,0.8963,0.03986,0.005060
not-recorded,0,0,934.78,0.8425,0.04145,-0.005603
not-recorded,0,0,933.64,0.8924,0.03655,-0.005191
not-recorded,0,0,937.69,0.9033,0.04052,0.004296
not-recorded,0,0,932.72,0.8790,0.03494,-0.005769
not-recorded,0,0,927.77,0.9440,0.03579,-0.015079
not-recorded,0,0,929.12,0.8607,0.03744,-0.012666
not-recorded,0,0,923.68,0.8989,0.03144,-0.011979
not-recorded,0,0,926.24,0.8792,0.04264,-0.015254
not-recorded,0,0,923.92,0.8649,0.03982,-0.010795
not-recorded,0,0,916.82,0.9138,0.03850,0.005133
not-recorded,0,0,918.23,0.8950,0.03335,-0.001349
not-recorded,0,0,918.65,0.8801,0.04562,-0.002610
not-recorded,0,0,922.17,0.9254,0.03599,-0.014030
not-recorded,0,0,916.36,0.8521,0.03021,0.000661
not-recorded,0,0,911.04,0.8610,0.03962,0.014527
not-recorded,0,0,911.95,0.8080,0.03942,0.013025
not-recorded,0,0,911.15,0.8259,0.03827,0.013190
not-recorded,0,0,910.60,0.8874,0.03866,0.013115
not-recorded,0,0,905.72,0.7963,0.03152,0.014791
not-recorded,0,0,904.76,0.8114,0.03382,0.013158
not-recorded,0,0,904.18,0.8390,0.03622,0.013352
not-recorded,0,0,898.05,0.8155,0.03953,-0.002574
not-recorded,0,0,897.04,0.8941,0.03919,-0.004854
not-recorded,0,0,894.25,0.8527,0.04361,-0.011544
not-recorded,0,0,892.57,0.8166,0.03441,-0.012520
not-recorded,0,0,890.98,0.8075,0.04293,-0.015595
not-recorded,0,0,890.82,0.8994,0.03589,-0.014980
not-recorded,0,0,889.38,0.8190,0.03884,-0.014315
not-recorded,0,0,886.46,0.7727,0.03533,-0.012227
not-recorded,0,0,883.67,0.7956,0.03383,-0.008765
not-recorded,0,0,882.69,0.8028,0.03174,-0.002840
not-recorded,0,0,882.01,0.7476,0.03309,-0.004316
not-recorded,0,0,881.07,0.7974,0.03644,-0.002290
not-recorded,0,0,875.82,0.8010,0.03705,0.012974
not-recorded,2,75,889.69,0.7845,0.03672,-0.013263
not-recorded,2,75,893.18,0.8567,0.04359,-0.007526
not-recorded,2,75,900.60,0.8486,0.03801,0.013110
not-recorded,2,75,905.36,0.8478,0.03934,0.013842
not-recorded,2,75,915.33,0.8754,0.03474,-0.012965
not-recorded,2,75,924.71,0.9199,0.04149,-0.006688
not-recorded,2,75,925.16,0.9347,0.04295,-0.003389
not-recorded,2,75,931.67,0.8631,0.04246,0.012109
not-recorded,2,75,943.57,0.9682,0.03611,-0.006234
not-recorded,2,75,947.86,0.8912,0.04732,-0.012218
not-recorded,2,75,955.28,0.9031,0.04089,-0.004892
not-recorded,2,75,961.15,0.9802,0.04586,0.009439
not-recorded,2,75,969.34,0.9515,0.04126,0.009327
not-recorded,2,75,975.65,1.0005,0.04260,-0.008929
not-recorded,2,75,980.73,1.0077,0.04078,-0.014892
not-recorded,2,75,989.32,0.9959,0.04523,0.002751
not-recorded,2,75,994.21,1.0309,0.04406,0.014237
not-recorded,2,75,1002.13,1.0223,0.04591,0.002097
not-recorded,2,75,1003.77,1.0493,0.04574,-0.001964
not-recorded,2,75,1016.24,1.1081,0.04962,-0.009018
not-recorded,2,75,1021.74,0.9942,0.04845,0.009934
not-recorded,2,75,1027.46,1.1051,0.05183,0.017826
not-recorded,2,75,1034.42,1.1814,0.04729,0.001058
not-recorded,2,75,1041.07,1.2025,0.04560,-0.014736
not-recorded,2,75,1050.19,1.1483,0.05051,0.002563
not-recorded,2,75,1054.17,1.1450,0.04270,0.015199
not-recorded,2,75,1066.39,1.2268,0.05045,-0.007857
not-recorded,2,75,1068.42,1.1269,0.05074,-0.011462
not-recorded,2,75,1075.92,1.2150,0.05525,-0.012061
not-recorded,2,75,1079.15,1.1938,0.05192,-0.002111
not-recorded,2,75,1086.00,1.1979,0.05386,0.017246
not-recorded,2,75,1091.23,1.1569,0.05461,0.011500
not-recorded,2,75,1100.51,1.2638,0.05282,-0.016501
not-recorded,2,75,1104.51,1.2254,0.05237,-0.016152
not-recorded,2,75,1111.51,1.2799,0.05810,0.001590
not-recorded,2,75,1119.92,1.2614,0.05977,0.016676
not-recorded,2,75,1128.84,1.3022,0.06354,-0.012148
not-recorded,2,75,1131.93,1.3796,0.06197,-0.017641
not-recorded,2,75,1137.09,1.2791,0.05689,-0.013095
not-recorded,2,75,1141.50,1.3459,0.06286,0.002998
not-recorded,2,75,1151.50,1.3461,0.05739,0.012340
not-recorded,2,75,1158.27,1.3717,0.05819,-0.008825
not-recorded,2,75,1162.35,1.3990,0.06099,-0.018654
not-recorded,2,75,1168.77,1.4403,0.05939,-0.005720
not-recorded,2,75,1177.21,1.4614,0.06133,0.017228
not-recorded,2,75,1181.94,1.4680,0.05734,0.014246
not-recorded,2,75,1187.42,1.4516,0.05787,-0.005114
not-recorded,2,75,1196.22,1.4405,0.07025,-0.015407
not-recorded,2,75,1201.84,1.4833,0.05934,0.002748
not-recorded,2,75,1209.51,1.4445,0.07046,0.017917
not-recorded,2,75,1208.19,1.5392,0.06905,0.018566
not-recorded,2,75,1216.53,1.5028,0.06511,-0.003609
not-recorded,2,75,1223.22,1.5326,0.06667,-0.021002
not-recorded,2,75,1233.41,1.5813,0.06621,0.007137
not-recorded,2,75,1239.11,1.5903,0.06398,0.019768
not-recorded,2,75,1244.16,1.5456,0.06972,0.005190
not-recorded,2,75,1249.84,1.5448,0.07662,-0.013069
not-recorded,2,75,1255.95,1.5959,0.07001,-0.014509
not-recorded,2,75,1259.77,1.6383,0.07307,-0.005287
not-recorded,2,75,1271.29,1.6610,0.06962,0.018380
not-recorded,2,75,1273.44,1.7084,0.07838,0.009848
not-recorded,2,75,1280.92,1.7122,0.07477,-0.014221
not-recorded,2,75,1286.91,1.7062,0.07672,-0.016209
not-recorded,2,75,1296.03,1.7534,0.07258,0.018296
not-recorded,2,75,1299.37,1.7773,0.07659,0.019844
not-recorded,2,75,1305.68,1.7615,0.08223,0.001596
not-recorded,2,75,1309.46,1.7948,0.07995,-0.014179
not-recorded,2,75,1322.46,1.8614,0.07258,0.007453
not-recorded,2,75,1324.21,1.8207,0.07950,0.013796
not-recorded,2,75,1330.48,1.8739,0.08179,0.016966
not-recorded,2,75,1336.15,1.8544,0.07945,-0.001177
not-recorded,2,75,1340.02,1.8463,0.08401,-0.015035
not-recorded,2,75,1347.98,1.9159,0.07899,-0.009329
not-recorded,2,75,1351.60,1.8131,0.08067,0.004814
not-recorded,2,75,1360.34,1.9289,0.07822,0.017670
not-recorded,2,75,1364.31,1.9139,0.08670,0.003218
not-recorded,2,75,1368.60,1.8859,0.08658,-0.013089
not-recorded,2,75,1374.38,1.9508,0.08490,-0.020828
not-recorded,2,75,1386.23,1.9775,0.08255,0.018101
not-recorded,2,75,1387.00,2.0052,0.09268,0.021768
not-recorded,2,75,1394.90,2.0358,0.08345,-0.000164
not-recorded,2,75,1399.50,2.0450,0.09191,-0.017310
not-recorded,2,75,1404.58,2.1179,0.09055,-0.018494
not-recorded,2,75,1410.88,2.0940,0.08812,0.006837
not-recorded,2,75,1417.89,2.0855,0.08878,0.023251
not-recorded,2,75,1425.19,2.0570,0.09352,-0.003327
not-recorded,2,75,1427.50,2.1538,0.09414,-0.014022
not-recorded,2,75,1433.94,2.1034,0.09345,-0.020027
not-recorded,2,75,1442.33,2.1966,0.09578,0.012345
not-recorded,2,75,1444.95,2.1719,0.09730,0.021137
not-recorded,2,75,1454.25,2.2511,0.09491,0.000218
not-recorded,2,75,1457.09,2.1557,0.09723,-0.015527
not-recorded,2,75,1463.43,2.1359,0.10430,-0.020616
not-recorded,2,75,1466.50,2.1472,0.09325,-0.008555
not-recorded,2,75,1473.22,2.2216,0.09114,0.019152
not-recorded,2,75,1483.85,2.2954,0.10009,-0.001679
not-recorded,2,75,1484.62,2.2526,0.09765,-0.009392
not-recorded,2,75,1489.75,2.3035,0.09882,-0.021695
not-recorded,2,75,1497.89,2.3861,0.10373,-0.000088
not-recorded,2,75,1500.19,2.2735,0.09797,0.012090
not-recorded,2,75,1509.68,2.3260,0.10165,0.010575
not-recorded,2,75,1517.11,2.3768,0.09936,-0.017562
not-recorded,2,75,1522.12,2.3793,0.10381,-0.017924
not-recorded,2,75,1525.65,2.3544,0.10423,-0.005896
not-recorded,2,75,1530.65,2.4315,0.11145,0.015528
not-recorded,2,75,1539.80,2.4122,0.10820,0.011747
not-recorded,2,75,1540.21,2.4786,0.09992,0.005504
not-recorded,2,75,1550.12,2.4820,0.11063,-0.021658
not-recorded,2,75,1552.33,2.4337,0.10127,-0.016563
not-recorded,2,75,1558.41,2.4772,0.10836,0.012158
not-recorded,2,75,1568.74,2.5192,0.10526,0.011747
not-recorded,2,75,1569.59,2.5150,0.11265,0.005468
not-recorded,2,75,1574.11,2.5558,0.11672,-0.014185
not-recorded,2,75,1581.06,2.5558,0.10910,-0.017759
not-recorded,2,75,1590.32,2.5491,0.11039,0.020387
not-recorded,2,75,1589.90,2.6617,0.11719,0.019115
not-recorded,2,75,1596.94,2.6262,0.11451,0.010085
not-recorded,2,75,1607.79,2.6372,0.11865,-0.024798
not-recorded,2,75,1607.56,2.6413,0.11926,-0.022189
not-recorded,2,75,1614.28,2.6509,0.12193,0.000563
not-recorded,2,75,1616.72,2.6926,0.12311,0.012581
not-recorded,2,75,1629.41,2.7092,0.12226,-0.004269
not-recorded,2,75,1629.36,2.7193,0.12071,-0.004964
not-recorded,2,75,1638.06,2.7332,0.11973,-0.019680
not-recorded,2,75,1641.96,2.6933,0.12450,-0.006791
not-recorded,2,75,1645.15,2.8201,0.12338,0.012144
not-recorded,2,75,1651.68,2.7740,0.12438,0.023778
not-recorded,2,75,1656.66,2.8279,0.12489,0.004107
not-recorded,2,75,1663.96,2.8350,0.12122,-0.022869
not-recorded,2,75,1670.84,2.8482,0.12388,-0.002741
not-recorded,2,75,1669.47,2.8484,0.12682,-0.008283
not-recorded,2,75,1679.03,2.9109,0.12934,0.025541
not-recorded,2,75,1688.23,2.9167,0.12589,-0.010667
not-recorded,2,75,1687.33,2.9204,0.12227,-0.008984
not-recorded,2,75,1698.27,2.9952,0.13140,-0.012152
not-recorded,2,75,1704.69,3.0123,0.13906,0.019178
not-recorded,2,75,1708.23,2.9531,0.13860,0.024381
not-recorded,2,75,1711.15,2.9724,0.12610,0.016997
not-recorded,2,75,1711.54,3.0133,0.13170,0.011745
not-recorded,2,75,1718.29,3.0371,0.12798,-0.019243
not-recorded,2,75,1723.94,3.0602,0.13558,-0.019437
not-recorded,2,75,1732.30,3.1351,0.13483,0.015355
not-recorded,2,75,1735.24,3.0864,0.13421,0.027134
not-recorded,2,75,1738.54,3.1069,0.13458,0.019111
not-recorded,2,75,1743.92,3.1459,0.13547,-0.005934
not-recorded,2,75,1753.71,3.1560,0.13797,-0.019044
not-recorded,2,75,1759.44,3.1429,0.14174,0.008407
not-recorded,2,75,1761.79,3.2247,0.13509,0.021485
not-recorded,2,75,1773.18,3.1833,0.13587,-0.007251
not-recorded,2,75,1775.15,3.2884,0.14329,-0.020448
not-recorded,2,75,1779.89,3.2159,0.14318,-0.024022
not-recorded,2,75,1783.10,3.2750,0.14633,-0.014140
not-recorded,2,75,1791.38,3.2790,0.14753,0.023388
not-recorded,2,75,1790.44,3.2907,0.14342,0.025098
not-recorded,2,75,1799.07,3.3228,0.14260,0.002685
not-recorded,2,75,1805.73,3.3691,0.15442,-0.026833
not-recorded,2,75,1808.96,3.3720,0.13889,-0.022729
not-recorded,2,75,1812.37,3.3609,0.14916,-0.008624
not-recorded,2,75,1814.86,3.3811,0.14993,0.006368
not-recorded,2,75,1823.07,3.4068,0.15372,0.023264
not-recorded,2,75,1831.92,3.5037,0.14755,-0.018997
not-recorded,2,75,1834.53,3.5041,0.15233,-0.027401
not-recorded,2,75,1841.16,3.4870,0.15281,-0.005344
not-recorded,2,75,1849.19,3.4749,0.15194,0.025722
not-recorded,2,75,1851.18,3.5242,0.15270,0.022255
not-recorded,2,75,1849.49,3.5017,0.15553,0.026182
not-recorded,2,75,1861.37,3.5009,0.15466,-0.023712
not-recorded,2,75,1864.62,3.5393,0.15345,-0.025532
not-recorded,2,75,1873.41,3.5799,0.16030,0.015330
not-recorded,2,75,1873.36,3.6171,0.15946,0.019792
not-recorded,2,75,1879.22,3.6188,0.15753,0.023832
not-recorded,2,75,1888.08,3.6846,0.16368,-0.021142
not-recorded,2,75,1890.66,3.6058,0.16397,-0.026492
not-recorded,2,75,1895.97,3.7643,0.15627,-0.013591
not-recorded,2,75,1896.01,3.7073,0.16243,-0.011491
not-recorded,2,75,1906.49,3.8315,0.15926,0.025332
not-recorded,2,75,1905.44,3.6790,0.16416,0.027180
not-recorded,2,75,1909.37,3.7572,0.16546,0.013623
not-recorded,2,75,1916.88,3.8268,0.16691,-0.024803
not-recorded,2,75,1919.98,3.7977,0.15927,-0.026617
not-recorded,2,75,1924.85,3.8502,0.16054,-0.004313
not-recorded,2,75,1931.48,3.8692,0.16890,0.024809
not-recorded,2,75,1940.49,3.8809,0.17549,-0.002199
not-recorded,2,75,1944.14,3.8624,0.17027,-0.021598
not-recorded,2,75,1948.15,3.8618,0.17420,-0.025142
not-recorded,2,75,1954.30,3.9560,0.17621,0.002465
not-recorded,2,75,1953.66,3.9569,0.17162,0.000312
not-recorded,2,75,1956.30,3.9012,0.17414,0.016955
not-recorded,2,75,1969.67,3.9420,0.17359,-0.011698
not-recorded,2,75,1971.67,3.9636,0.17607,-0.021980
not-recorded,2,75,1973.61,4.0336,0.17268,-0.026313
not-recorded,2,75,1977.96,4.0064,0.17960,-0.019206
not-recorded,2,75,1986.58,4.0440,0.17481,0.024617
not-recorded,2,75,1987.63,4.1013,0.17986,0.027963
not-recorded,2,75,1991.48,4.1727,0.18009,0.019825
not-recorded,2,75,1998.57,4.0391,0.18246,-0.020343
not-recorded,2,75,2002.26,4.1279,0.17590,-0.029069
not-recorded,2,75,2005.66,4.1211,0.17611,-0.017784
not-recorded,2,75,2013.34,4.1015,0.18377,0.026830
not-recorded,2,75,2015.19,4.2016,0.18015,0.026791
not-recorded,2,75,2022.29,4.2035,0.18428,0.001983
not-recorded,2,75,2026.78,4.3139,0.18280,-0.022883
not-recorded,2,75,2033.26,4.2478,0.19113,-0.019240
not-recorded,2,75,2037.15,4.2759,0.18505,0.004108
not-recorded,2,75,2043.68,4.2992,0.18685,0.028359
not-recorded,2,75,2043.36,4.2896,0.18701,0.027266
not-recorded,2,75,2051.24,4.3741,0.19119,-0.006116
not-recorded,2,75,2055.05,4.3469,0.19272,-0.026563
not-recorded,2,75,2058.62,4.3300,0.19311,-0.026683
not-recorded,2,75,2062.80,4.4381,0.18909,-0.006591
not-recorded,2,75,2072.43,4.4382,0.19152,0.027830
not-recorded,2,75,2073.73,4.4527,0.19271,0.020895
not-recorded,2,75,2078.67,4.4193,0.18894,-0.007501
not-recorded,2,75,2083.32,4.5770,0.19817,-0.028174
not-recorded,2,75,2085.53,4.4570,0.19493,-0.026810
not-recorded,2,75,2094.15,4.4830,0.19175,0.018533
not-recorded,2,75,2092.26,4.4403,0.19647,0.010653
not-recorded,2,75,2098.54,4.5755,0.20567,0.027836
not-recorded,2,75,2109.69,4.6205,0.20529,-0.025715
not-recorded,2,75,2111.13,4.6239,0.19574,-0.029712
not-recorded,2,75,2116.09,4.6339,0.19908,-0.014535
not-recorded,2,75,2116.86,4.6136,0.20136,-0.007443
not-recorded,2,75,2124.00,4.5522,0.19963,0.028605
not-recorded,2,75,2126.27,4.7123,0.19972,0.028646
not-recorded,2,75,2132.98,4.6319,0.20196,-0.010147
not-recorded,2,75,2135.22,4.7456,0.20543,-0.023535
not-recorded,2,75,2141.63,4.7160,0.20503,-0.022415
not-recorded,2,75,2145.11,4.7535,0.20565,0.001390
not-recorded,2,75,2153.22,4.7883,0.21346,0.028929
not-recorded,2,75,2153.74,4.7836,0.21236,0.029228
not-recorded,2,75,2159.79,4.7969,0.21060,-0.007041
not-recorded,2,75,2161.22,4.7652,0.20481,-0.017567
not-recorded,2,75,2170.73,4.8403,0.21339,-0.012898
not-recorded,2,75,2170.99,4.8319,0.20701,-0.009878
not-recorded,2,75,2175.53,4.8947,0.21382,0.022250
not-recorded,2,75,2181.89,4.9507,0.20894,0.023641
not-recorded,2,75,2185.84,4.9342,0.21168,-0.000386
not-recorded,2,75,2188.87,4.9532,0.22059,-0.023126
not-recorded,2,75,2195.31,4.9601,0.21994,-0.022382
not-recorded,2,75,2197.68,4.9334,0.21364,-0.011815
not-recorded,2,75,2199.43,4.9948,0.21351,0.006886
not-recorded,2,75,2202.93,5.0417,0.21421,0.024451
not-recorded,2,75,2209.46,5.0885,0.22235,0.019568
not-recorded,2,75,2211.41,5.0498,0.22213,0.002562
not-recorded,2,75,2217.82,5.0688,0.22304,-0.029477
not-recorded,2,75,2219.85,5.0775,0.22506,-0.031389
not-recorded,2,75,2225.96,5.1330,0.21779,0.003717
not-recorded,2,75,2225.76,5.0510,0.21920,0.004251
not-recorded,2,75,2232.15,5.0960,0.21697,0.029576
not-recorded,2,75,2239.13,5.1614,0.22575,-0.001474
not-recorded,2,75,2242.08,5.1373,0.23305,-0.021995
not-recorded,2,75,2247.55,5.2225,0.22771,-0.027628
not-recorded,2,75,2253.37,5.2666,0.23328,0.007802
not-recorded,2,75,2256.77,5.2712,0.22179,0.027266
not-recorded,2,75,2260.40,5.2687,0.23349,0.028335
not-recorded,2,75,2261.22,5.2908,0.22805,0.024316
not-recorded,2,75,2270.33,5.3577,0.23075,-0.029253
not-recorded,2,75,2273.37,5.3351,0.22992,-0.031130
not-recorded,2,75,2277.76,5.3690,0.23317,-0.006878
not-recorded,2,75,2283.21,5.3487,0.23261,0.027641
not-recorded,2,75,2287.93,5.4045,0.23990,0.026443
not-recorded,2,75,2283.71,5.3897,0.23630,0.030425
not-recorded,2,75,2296.53,5.4231,0.23984,-0.025516
not-recorded,2,75,2298.32,5.4826,0.23459,-0.032773
not-recorded,2,75,2299.79,5.4327,0.23827,-0.028347
not-recorded,2,75,2306.37,5.4829,0.23584,0.009547
not-recorded,2,75,2303.57,5.4785,0.23905,-0.005881
not-recorded,2,75,2308.17,5.4883,0.23899,0.027839
not-recorded,2,75,2320.48,5.5401,0.23774,-0.016473
not-recorded,2,75,2321.13,5.5208,0.23837,-0.021097
not-recorded,2,75,2324.82,5.5494,0.24208,-0.031611
not-recorded,2,75,2331.27,5.6071,0.24952,-0.001157
not-recorded,2,75,2328.11,5.5507,0.24858,-0.019333
not-recorded,2,75,2339.43,5.6957,0.25246,0.028810
not-recorded,2,75,2342.20,5.6738,0.24845,0.017092
not-recorded,2,75,2352.08,5.7341,0.24928,-0.032794
not-recorded,2,75,2350.21,5.6428,0.24969,-0.032185
not-recorded,2,75,2351.81,5.7185,0.24268,-0.031939
not-recorded,2,75,2360.60,5.8118,0.25174,0.018528
not-recorded,2,75,2364.78,5.7578,0.25102,0.031185
not-recorded,2,75,2364.96,5.7414,0.24925,0.030224
not-recorded,2,75,2370.77,5.7767,0.25616,-0.003926
not-recorded,2,75,2373.24,5.8426,0.25023,-0.021646
not-recorded,2,75,2377.15,5.7858,0.25691,-0.030490
not-recorded,2,75,2383.91,5.8613,0.25549,0.001790
not-recorded,2,75,2386.47,5.8268,0.25971,0.019157
not-recorded,2,75,2391.46,5.8885,0.25454,0.032647
not-recorded,2,75,2395.63,5.9567,0.25552,0.008086
not-recorded,2,75,2394.69,5.9551,0.25914,0.011342
not-recorded,2,75,2402.85,5.9944,0.25928,-0.031929
not-recorded,2,75,2403.43,5.9753,0.26223,-0.033568
not-recorded,2,75,2410.23,5.9567,0.26892,0.006438
not-recorded,2,75,2413.82,5.9904,0.26192,0.028660
not-recorded,2,75,2416.34,6.0391,0.26153,0.032725
not-recorded,2,75,2418.15,6.0248,0.27290,0.026904
not-recorded,2,75,2421.07,6.0010,0.26291,0.006611
not-recorded,2,75,2425.24,6.0485,0.26520,-0.023097
not-recorded,2,75,2430.97,6.0412,0.25928,-0.029184
not-recorded,2,75,2438.34,6.1166,0.26599,0.020064
not-recorded,2,75,2440.09,6.1984,0.26459,0.031377
not-recorded,2,75,2443.83,6.1929,0.27322,0.028037
not-recorded,2,75,2447.71,6.1860,0.26978,0.003660
not-recorded,2,75,2451.67,6.1579,0.27099,-0.025022
not-recorded,2,75,2458.44,6.2418,0.27445,-0.022121
not-recorded,2,75,2459.49,6.2383,0.26915,-0.012133
not-recorded,2,75,2466.28,6.2685,0.27381,0.030289
not-recorded,2,75,2467.63,6.2562,0.27615,0.035030
not-recorded,2,75,2468.22,6.2347,0.27501,0.032655
not-recorded,2,75,2479.03,6.3505,0.27726,-0.027586
not-recorded,2,75,2477.39,6.2871,0.27057,-0.027471
not-recorded,2,75,2480.70,6.3363,0.27877,-0.033484
not-recorded,2,75,2486.20,6.3943,0.28273,-0.002467
not-recorded,2,75,2487.98,6.3664,0.27485,0.013394
not-recorded,2,75,2491.74,6.3870,0.27590,0.033141
not-recorded,2,75,2500.54,6.3635,0.28472,-0.008874
not-recorded,2,75,2500.48,6.4319,0.28436,-0.009806
not-recorded,2,75,2507.30,6.4770,0.27855,-0.033094
not-recorded,2,75,2506.76,6.5020,0.28560,-0.034723
not-recorded,2,75,2507.23,6.5126,0.27875,-0.029417
not-recorded,2,75,2514.11,6.5262,0.28334,0.019918
not-recorded,2,75,2519.07,6.5381,0.28506,0.033615
not-recorded,2,75,2523.22,6.6298,0.28934,0.012140
not-recorded,2,75,2528.07,6.6173,0.29005,-0.023640
not-recorded,2,75,2529.52,6.6187,0.28825,-0.032835
not-recorded,2,75,2537.68,6.6298,0.28890,-0.003018
not-recorded,2,75,2533.41,6.5693,0.28553,-0.028273
not-recorded,2,75,2536.51,6.6715,0.28850,0.000859
not-recorded,2,75,2542.60,6.6692,0.28485,0.033177
not-recorded,2,75,2547.27,6.6394,0.29872,0.018891
not-recorded,2,75,2549.95,6.7562,0.29783,-0.001806
not-recorded,2,75,2556.09,6.6817,0.29218,-0.034489
not-recorded,2,75,2563.89,6.7587,0.29961,0.006872
not-recorded,2,75,2559.97,6.7237,0.29306,-0.018338
not-recorded,2,75,2566.11,6.7344,0.29904,0.024961
not-recorded,2,75,2570.89,6.8298,0.29952,0.029146
not-recorded,2,75,2569.21,6.8304,0.30470,0.032774
not-recorded,2,75,2580.02,6.8044,0.30532,-0.032288
not-recorded,2,75,2580.81,6.9085,0.30392,-0.034276
not-recorded,2,75,2581.81,6.8199,0.30146,-0.035711
not-recorded,2,75,2586.83,6.9195,0.29726,-0.005327
not-recorded,2,75,2591.18,6.8790,0.30051,0.028800
not-recorded,2,75,2598.71,6.9342,0.30269,0.014086
not-recorded,2,75,2598.47,6.9596,0.30393,0.011791
not-recorded,2,75,2597.50,7.0386,0.29425,0.013618
not-recorded,2,75,2599.86,6.9300,0.30480,-0.004994
not-recorded,2,75,2610.26,6.9940,0.30545,-0.020875
not-recorded,2,75,2614.16,7.0255,0.31055,0.010158
not-recorded,2,75,2619.00,7.0693,0.30437,0.034290
not-recorded,2,75,2617.57,7.0496,0.31278,0.035459
not-recorded,2,75,2621.83,7.1115,0.30918,0.023485
not-recorded,2,75,2625.08,7.0798,0.30514,-0.003396
not-recorded,2,75,2630.68,7.1241,0.30860,-0.035377
not-recorded,2,75,2636.05,7.1178,0.31484,-0.013164
not-recorded,2,75,2637.49,7.2051,0.31111,0.000893
not-recorded,2,75,2639.73,7.1826,0.30848,0.021111
not-recorded,2,75,2641.46,7.1489,0.32048,0.031617
not-recorded,2,75,2647.21,7.1672,0.31458,0.021932
not-recorded,2,75,2648.12,7.1954,0.31764,0.012093
not-recorded,2,75,2651.89,7.2609,0.31431,-0.020416
not-recorded,2,75,2653.86,7.2586,0.31452,-0.030769
not-recorded,2,75,2662.60,7.3304,0.31627,-0.000416
not-recorded,2,75,2664.15,7.3077,0.32265,0.016071
not-recorded,2,75,2668.74,7.3383,0.32624,0.035668
not-recorded,2,75,2670.01,7.3404,0.32832,0.032249
not-recorded,2,75,2675.11,7.3919,0.32498,-0.005504
not-recorded,2,75,2676.39,7.3307,0.32334,-0.016625
not-recorded,2,75,2677.93,7.4009,0.32398,-0.031611
not-recorded,2,75,2683.10,7.4575,0.31850,-0.027652
not-recorded,2,75,2688.70,7.4707,0.33217,0.014102
not-recorded,2,75,2693.64,7.4443,0.32496,0.036261
not-recorded,2,75,2689.04,7.3805,0.33083,0.027421
not-recorded,2,75,2698.78,7.5058,0.32815,0.006590
not-recorded,2,75,2700.45,7.5439,0.32556,-0.013543
not-recorded,2,75,2702.52,7.5087,0.32545,-0.027804
not-recorded,2,75,2705.12,7.5441,0.33464,-0.036660
not-recorded,2,75,2712.25,7.5328,0.32586,0.006551
not-recorded,2,75,2710.94,7.6127,0.33300,0.002185
not-recorded,2,75,2716.70,7.5831,0.33774,0.038897
not-recorded,2,75,2719.11,7.6042,0.32729,0.031537
not-recorded,2,75,2722.88,7.6091,0.34058,0.000543
not-recorded,2,75,2726.52,7.6306,0.33347,-0.027684
not-recorded,2,75,2732.12,7.7301,0.33496,-0.028225
not-recorded,2,75,2733.03,7.6630,0.33687,-0.022613
not-recorded,2,75,2738.04,7.7316,0.34024,0.021490
not-recorded,2,75,2739.97,7.7144,0.34070,0.031928
not-recorded,2,75,2743.81,7.6692,0.34133,0.029506
not-recorded,2,75,2744.96,7.7351,0.33755,0.019821
not-recorded,2,75,2751.75,7.7520,0.33654,-0.031695
not-recorded,2,75,2751.54,7.7539,0.34441,-0.032775
not-recorded,2,75,2756.77,7.8037,0.34106,-0.024978
not-recorded,2,75,2758.69,7.8746,0.34086,-0.006598
not-recorded,2,75,2761.07,7.8232,0.34168,0.014229
not-recorded,2,75,2768.56,7.9771,0.34877,0.029600
not-recorded,2,75,2771.36,7.8805,0.34836,0.008577
not-recorded,2,75,2771.60,7.9665,0.34382,0.003327
not-recorded,2,75,2773.81,7.9427,0.34925,-0.020452
not-recorded,2,75,2779.91,7.8880,0.35134,-0.033247
not-recorded,2,75,2780.57,7.9496,0.34460,-0.024682
not-recorded,2,75,2784.81,8.0356,0.34568,0.009834
not-recorded,2,75,2792.47,8.0582,0.34833,0.033522
not-recorded,2,75,2793.23,8.0268,0.35437,0.025189
not-recorded,2,75,2789.53,7.9982,0.35401,0.034866
not-recorded,2,75,2795.80,8.0896,0.35007,-0.003360
not-recorded,2,75,2803.22,8.1484,0.35042,-0.036592
not-recorded,2,75,2802.81,8.0199,0.34828,-0.036321
not-recorded,2,75,2809.81,8.1332,0.35637,0.014763
not-recorded,2,75,2815.35,8.1290,0.35321,0.039512
not-recorded,2,75,2808.06,8.1343,0.35541,0.013010
not-recorded,2,75,2813.74,8.0678,0.34921,0.038480
not-recorded,2,75,2814.78,8.1586,0.35822,0.034425
not-recorded,2,75,2816.33,8.1744,0.36029,0.021013
not-recorded,2,75,2822.42,8.1986,0.35689,-0.028176
not-recorded,2,75,2829.64,8.2912,0.35580,-0.019410
not-recorded,2,75,2834.14,8.3570,0.36212,0.020419
not-recorded,2,75,2833.97,8.2453,0.35960,0.025559
not-recorded,2,75,2834.94,8.3086,0.35906,0.031778
not-recorded,2,75,2839.32,8.2899,0.35699,0.030928
not-recorded,2,75,2846.13,8.3559,0.36361,-0.022868
not-recorded,2,75,2845.64,8.3339,0.37015,-0.024592
not-recorded,2,75,2853.27,8.4753,0.36576,-0.023197
not-recorded,2,75,2848.86,8.3941,0.36063,-0.037494
not-recorded,2,75,2856.40,8.4144,0.36479,0.009895
not-recorded,2,75,2855.40,8.3854,0.36590,0.007976
not-recorded,2,75,2860.72,8.4295,0.36935,0.037774
not-recorded,2,75,2861.49,8.4396,0.36444,0.037470
not-recorded,2,75,2867.98,8.5238,0.36996,-0.011583
not-recorded,2,75,2873.67,8.5410,0.37200,-0.038574
not-recorded,2,75,2873.12,8.4948,0.37160,-0.038717
not-recorded,2,75,2878.39,8.5427,0.37742,-0.007979
not-recorded,2,75,2877.69,8.4908,0.37381,-0.005654
not-recorded,2,75,2883.81,8.5791,0.37647,0.039455
not-recorded,2,75,2886.03,8.5869,0.37547,0.035817
not-recorded,2,75,2890.49,8.6592,0.37443,0.002678
not-recorded,2,75,2895.60,8.6504,0.37763,-0.035271
not-recorded,2,75,2891.48,8.5670,0.37753,-0.016237
not-recorded,2,75,2897.07,8.6999,0.37867,-0.039676
not-recorded,2,75,2901.02,8.6656,0.38142,-0.011271
not-recorded,2,75,2906.78,8.6674,0.37903,0.034578
not-recorded,2,75,2909.35,8.7622,0.37811,0.037644
not-recorded,2,75,2907.31,8.7130,0.37600,0.038237
not-recorded,2,75,2909.47,8.7503,0.38460,0.033519
not-recorded,2,75,2914.37,8.7243,0.38000,-0.008239
not-recorded,2,75,2916.76,8.7877,0.38923,-0.030441
not-recorded,2,75,2923.08,8.8106,0.38271,-0.026765
not-recorded,2,75,2922.09,8.8500,0.37998,-0.028706
not-recorded,2,75,2927.64,8.7889,0.39295,0.020894
not-recorded,2,75,2931.37,8.8846,0.38342,0.037876
not-recorded,2,75,2934.62,8.8746,0.39255,0.023985
not-recorded,2,75,2933.62,8.8996,0.38734,0.030731
not-recorded,2,75,2935.41,8.9213,0.38769,0.011766
not-recorded,2,75,2938.36,8.8916,0.38758,-0.018844
not-recorded,2,75,2948.65,8.9413,0.38986,-0.009676
not-recorded,2,75,2944.71,8.8760,0.39063,-0.031826
not-recorded,2,75,2949.51,8.9994,0.39522,0.010904
not-recorded,2,75,2951.60,8.9744,0.39105,0.030960
not-recorded,2,75,2953.34,8.9822,0.39524,0.039453
not-recorded,2,75,2955.47,9.0063,0.39675,0.033942
not-recorded,2,75,2963.32,9.0560,0.39686,-0.027243
not-recorded,2,75,2961.87,9.0169,0.39911,-0.022961
not-recorded,2,75,2966.46,9.0808,0.39601,-0.038483
not-recorded,2,75,2966.33,9.0623,0.39705,-0.037204
not-recorded,2,75,2971.33,9.1024,0.39501,0.000363
not-recorded,2,75,2973.35,9.1251,0.40231,0.021458
not-recorded,2,75,2975.18,9.1057,0.39470,0.036485
not-recorded,2,75,2987.23,9.2235,0.40167,-0.029503
not-recorded,2,75,2980.44,9.1462,0.40455,0.017791
not-recorded,2,75,2985.90,9.1826,0.40099,-0.029702
not-recorded,2,75,2988.17,9.2402,0.40388,-0.041127
not-recorded,2,75,2990.26,9.2578,0.40096,-0.034852
not-recorded,2,75,2992.25,9.3161,0.40079,-0.016782
not-recorded,2,75,2995.34,9.2610,0.40303,0.014778
not-recorded,2,75,2996.81,9.2976,0.40803,0.031278
not-recorded,2,75,3002.31,9.2712,0.40696,0.032056
not-recorded,2,75,3001.67,9.2472,0.40394,0.031549
not-recorded,2,75,3007.29,9.3373,0.41364,-0.018673
not-recorded,2,75,3010.99,9.2708,0.41593,-0.039200
not-recorded,2,75,3010.90,9.3071,0.40753,-0.038900
not-recorded,2,75,3017.46,9.4496,0.41139,0.002646
not-recorded,2,75,3016.50,9.4265,0.40659,0.000847
not-recorded,2,75,3025.81,9.3950,0.40892,0.033432
not-recorded,2,75,3024.16,9.4578,0.41731,0.036164
not-recorded,2,75,3027.59,9.4034,0.40957,0.009514
not-recorded,2,75,3026.13,9.4572,0.41124,0.018561
not-recorded,2,75,3031.53,9.4788,0.41381,-0.032234
not-recorded,2,75,3031.72,9.4449,0.41174,-0.035865
not-recorded,2,75,3036.41,9.4604,0.42040,-0.028843
not-recorded,2,75,3043.83,9.5592,0.41107,0.033794
not-recorded,2,75,3043.86,9.5394,0.41443,0.037708
not-recorded,2,75,3045.11,9.5979,0.41349,0.039929
not-recorded,2,75,3052.09,9.6406,0.42084,-0.007276
not-recorded,2,75,3053.52,9.5850,0.42386,-0.023204
not-recorded,2,75,3053.25,9.5929,0.41789,-0.026211
not-recorded,2,75,3052.77,9.5781,0.41521,-0.028965
not-recorded,2,75,3055.23,9.6051,0.42163,-0.040790
not-recorded,2,75,3064.06,9.6727,0.41864,0.018505
not-recorded,2,75,3062.35,9.7037,0.42476,0.009998
not-recorded,2,75,3066.89,9.7092,0.42051,0.041700
not-recorded,2,75,3069.31,9.6274,0.42113,0.035054
not-recorded,2,75,3072.35,9.7400,0.41966,0.009067
not-recorded,2,75,3073.14,9.7289,0.42560,-0.005413
not-recorded,2,75,3077.97,9.7922,0.41909,-0.040019
not-recorded,2,75,3079.62,9.7956,0.42971,-0.039671
not-recorded,2,75,3083.27,9.7974,0.42492,-0.014722
not-recorded,2,75,3088.92,9.8427,0.42430,0.035554
not-recorded,2,75,3090.61,9.8887,0.42823,0.040969
not-recorded,2,75,3092.55,9.8328,0.42789,0.030908
not-recorded,2,75,3096.45,9.9398,0.43531,-0.004402
not-recorded,2,75,3099.36,9.8469,0.43888,-0.031709
not-recorded,2,75,3098.09,9.9450,0.42835,-0.028033
not-recorded,2,75,3098.63,9.8381,0.43223,-0.038653
not-recorded,2,75,3100.57,9.9415,0.43105,-0.041628
not-recorded,2,75,3101.06,9.9175,0.43336,-0.038963
not-recorded,2,75,3105.95,9.9228,0.43821,-0.000031
not-recorded,2,75,3112.83,9.9570,0.43723,0.042522
not-recorded,2,75,3112.43,9.9813,0.43053,0.042719
not-recorded,2,75,3115.19,10.0339,0.43664,0.023836
not-recorded,2,75,3119.58,10.0679,0.43440,-0.020903
not-recorded,2,75,3117.72,9.9494,0.43691,-0.010504
not-recorded,2,75,3123.27,10.0641,0.43492,-0.039841
not-recorded,2,75,3125.86,9.9944,0.43864,-0.026027
not-recorded,2,75,3125.26,10.0486,0.44069,-0.024722
not-recorded,2,75,3128.68,10.1050,0.43975,0.010331
not-recorded,2,75,3132.95,10.0971,0.44015,0.039795
not-recorded,2,75,3139.19,10.1529,0.44516,0.010779
not-recorded,2,75,3141.73,10.1532,0.44402,-0.019035
not-recorded,2,75,3140.76,10.1938,0.44219,-0.017024
not-recorded,2,75,3139.67,10.1737,0.44319,-0.014729
not-recorded,2,75,3144.37,10.1957,0.44600,-0.041974
not-recorded,2,75,3147.14,10.1394,0.44051,-0.031284
not-recorded,2,75,3148.71,10.2497,0.44222,-0.011894
not-recorded,2,75,3151.66,10.2401,0.44571,0.020318
not-recorded,2,75,3156.09,10.2401,0.45049,0.039917
not-recorded,2,75,3157.98,10.2540,0.44947,0.031908
not-recorded,2,75,3153.43,10.2713,0.45055,0.041686
not-recorded,2,75,3161.56,10.3121,0.44747,-0.010339
not-recorded,2,75,3160.18,10.3192,0.44619,-0.003361
not-recorded,2,75,3165.08,10.2911,0.44610,-0.041995
not-recorded,2,75,3170.18,10.4112,0.45084,-0.018811
not-recorded,2,75,3171.81,10.3492,0.44951,0.003183
not-recorded,2,75,3174.57,10.4133,0.45880,0.030351
not-recorded,2,75,3174.43,10.3750,0.45436,0.034782
not-recorded,2,75,3183.03,10.4431,0.45238,0.004539
not-recorded,2,75,3178.24,10.4303,0.45131,0.034871
not-recorded,2,75,3180.40,10.4071,0.44818,0.015956
not-recorded,2,75,3188.62,10.4947,0.45556,-0.043247
not-recorded,2,75,3191.95,10.4398,0.45653,-0.023423
not-recorded,2,75,3191.99,10.4895,0.45483,-0.015207
not-recorded,2,75,3193.93,10.4989,0.45686,0.008058
not-recorded,2,75,3200.28,10.5635,0.46138,0.039206
not-recorded,2,75,3198.58,10.5411,0.46464,0.042227
not-recorded,2,75,3198.31,10.5520,0.45821,0.043784
not-recorded,2,75,3206.34,10.5940,0.46398,-0.018920
not-recorded,2,75,3206.59,10.6090,0.45790,-0.028352
not-recorded,2,75,3206.61,10.5953,0.46134,-0.033200
not-recorded,2,75,3207.73,10.6040,0.46516,-0.040636
not-recorded,2,75,3211.68,10.6307,0.46406,-0.029561
not-recorded,2,75,3214.03,10.6086,0.46311,-0.003985
not-recorded,2,75,3216.69,10.6720,0.46103,0.022395
not-recorded,2,75,3217.05,10.7280,0.47081,0.033138
not-recorded,2,75,3219.85,10.7041,0.46768,0.043016
not-recorded,2,75,3224.18,10.6933,0.46248,0.013259
not-recorded,2,75,3225.78,10.7062,0.46509,-0.010484
not-recorded,2,75,3230.61,10.7771,0.47066,-0.042239
not-recorded,2,75,3228.12,10.7155,0.46887,-0.039034
not-recorded,2,75,3228.15,10.7739,0.47114,-0.041850
not-recorded,2,75,3232.84,10.7704,0.46924,-0.027707
not-recorded,2,75,3237.49,10.8505,0.47369,0.021567
not-recorded,2,75,3240.05,10.7981,0.46912,0.040765
not-recorded,2,75,3243.69,10.8384,0.47563,0.032625
not-recorded,2,75,3240.24,10.8163,0.47616,0.043269
not-recorded,2,75,3243.14,10.8017,0.47515,0.028366
not-recorded,2,75,3251.39,10.9161,0.47818,-0.040133
not-recorded,2,75,3255.08,10.8451,0.47654,-0.029103
not-recorded,2,75,3253.61,10.9669,0.47465,-0.036588
not-recorded,2,75,3254.49,10.8863,0.48000,-0.024128
not-recorded,2,75,3257.48,10.8500,0.47368,0.011725
not-recorded,2,75,3259.84,10.9638,0.47764,0.035495
not-recorded,2,75,3262.47,10.9122,0.48081,0.041528
not-recorded,2,75,3261.94,10.9090,0.47905,0.040457
not-recorded,2,75,3265.77,10.9817,0.48535,0.013242
not-recorded,2,75,3269.10,11.0085,0.48268,-0.021681
not-recorded,2,75,3274.80,11.0065,0.48315,-0.038538
not-recorded,2,75,3271.96,11.0235,0.47779,-0.043638
not-recorded,2,75,3277.72,11.0812,0.48840,-0.006369
not-recorded,2,75,3274.94,11.0094,0.48376,-0.023514
not-recorded,2,75,3277.02,11.0553,0.48477,0.001528
not-recorded,2,75,3283.55,11.1347,0.48228,0.043474
not-recorded,2,75,3280.73,11.1181,0.48104,0.041531
not-recorded,2,75,3285.51,11.0665,0.48506,0.028226
not-recorded,2,75,3288.08,11.1732,0.48690,-0.006292
not-recorded,2,75,3292.93,11.1494,0.49027,-0.044592
not-recorded,2,75,3289.37,11.1803,0.48611,-0.027288
not-recorded,2,75,3295.76,11.1857,0.48970,-0.032568
not-recorded,2,75,3296.17,11.1761,0.48751,-0.021793
not-recorded,2,75,3298.36,11.1659,0.49087,0.004823
not-recorded,2,75,3302.24,11.2549,0.49451,0.040469
not-recorded,2,75,3299.38,11.2065,0.49481,0.028008
not-recorded,2,75,3302.55,11.2824,0.48651,0.043486
not-recorded,2,75,3308.17,11.2741,0.48815,0.003498
not-recorded,2,75,3310.14,11.2917,0.49232,-0.019365
not-recorded,2,75,3312.94,11.2913,0.49346,-0.040248
not-recorded,2,75,3311.07,11.3226,0.48423,-0.038781
not-recorded,2,75,3313.66,11.3691,0.49389,-0.039790
not-recorded,2,75,3317.04,11.3412,0.49387,-0.017481
not-recorded,2,75,3316.62,11.2973,0.49642,-0.014772
not-recorded,2,75,3318.04,11.3493,0.49885,0.004779
not-recorded,2,75,3323.11,11.3550,0.49385,0.043630
not-recorded,2,75,3330.51,11.4066,0.50134,-0.008252
not-recorded,2,75,3328.43,11.4302,0.49265,0.006375
not-recorded,2,75,3333.14,11.4985,0.49997,-0.040468
not-recorded,2,75,3335.02,11.5166,0.50547,-0.043785
not-recorded,2,75,3332.42,11.4602,0.50263,-0.040772
not-recorded,2,75,3332.95,11.4373,0.49830,-0.043354
not-recorded,2,75,3342.73,11.5174,0.50451,0.031257
not-recorded,2,75,3340.03,11.4342,0.49818,0.018140
not-recorded,2,75,3340.98,11.5355,0.49897,0.030048
not-recorded,2,75,3348.99,11.4906,0.50878,0.013941
not-recorded,2,75,3345.82,11.5651,0.50027,0.035073
not-recorded,2,75,3348.26,11.5591,0.49872,0.008292
not-recorded,2,75,3351.16,11.5361,0.50858,-0.029581
not-recorded,2,75,3351.81,11.5673,0.50976,-0.035181
not-recorded,2,75,3356.85,11.6096,0.50616,-0.032233
not-recorded,2,75,3355.40,11.5860,0.50967,-0.036766
not-recorded,2,75,3357.72,11.6159,0.50338,-0.011053
not-recorded,2,75,3362.54,11.6056,0.51246,0.036457
not-recorded,2,75,3362.02,11.7048,0.51049,0.036630
not-recorded,2,75,3366.01,11.6881,0.51152,0.038041
not-recorded,2,75,3370.46,11.7132,0.50643,-0.004761
not-recorded,2,75,3367.91,11.7487,0.51339,0.010956
not-recorded,2,75,3369.51,11.7214,0.50685,-0.012114
not-recorded,2,75,3374.36,11.7241,0.51762,-0.044304
not-recorded,2,75,3375.60,11.7659,0.51698,-0.041416
not-recorded,2,75,3381.69,11.7991,0.51058,0.018854
not-recorded,2,75,3380.86,11.7706,0.51028,0.018210
not-recorded,2,75,3380.61,11.7375,0.51108,0.023695
not-recorded,2,75,3387.25,11.8273,0.51000,0.034985
not-recorded,2,75,3389.09,11.8801,0.51495,0.013636
not-recorded,2,75,3390.34,11.8087,0.51152,-0.007318
not-recorded,2,75,3389.12,11.8373,0.51758,-0.002592
not-recorded,2,75,3389.36,11.7897,0.51514,-0.014358
not-recorded,2,75,3394.69,11.8334,0.51703,-0.044953
not-recorded,2,75,3396.90,11.8580,0.51509,-0.030794
not-recorded,2,75,3401.38,11.9189,0.52181,0.017008
not-recorded,2,75,3396.12,11.9049,0.52513,-0.028548
not-recorded,2,75,3401.16,11.8963,0.52505,0.027864
not-recorded,2,75,3402.81,11.9514,0.52564,0.043376
not-recorded,2,75,3408.66,11.9815,0.52052,0.014414
not-recorded,2,75,3406.72,11.9732,0.51427,0.025000
not-recorded,2,75,3409.48,11.9504,0.53221,-0.008063
not-recorded,2,75,3413.68,11.9921,0.52373,-0.044930
not-recorded,2,75,3415.16,12.0199,0.52245,-0.045209
not-recorded,2,75,3415.62,12.0109,0.52093,-0.041342
not-recorded,2,75,3416.03,12.0147,0.52390,-0.031336
not-recorded,2,75,3418.72,12.0136,0.52196,-0.001153
not-recorded,2,75,3420.51,12.0798,0.52345,0.025554
not-recorded,2,75,3425.80,12.1042,0.52838,0.041794
not-recorded,2,75,3426.71,12.1158,0.53286,0.032852
not-recorded,2,75,3425.54,12.1311,0.52597,0.036755
not-recorded,2,75,3425.32,12.0821,0.52981,0.032108
not-recorded,2,75,3430.03,12.0680,0.52442,-0.020148
not-recorded,2,75,3431.67,12.1295,0.52803,-0.038703
not-recorded,2,75,3429.34,12.1400,0.52383,-0.029081
not-recorded,2,75,3432.18,12.1740,0.53019,-0.046234
not-recorded,2,75,3436.09,12.1420,0.53666,-0.019552
not-recorded,2,75,3439.61,12.2131,0.53693,0.019560
not-recorded,2,75,3441.54,12.2184,0.53579,0.043042
not-recorded,2,75,3445.60,12.1802,0.53291,0.036537
not-recorded,2,75,3441.25,12.2479,0.52933,0.045767
not-recorded,2,75,3448.23,12.2240,0.53814,-0.001572
not-recorded,2,75,3448.79,12.2408,0.53598,-0.011747
not-recorded,2,75,3449.95,12.2982,0.53537,-0.030758
not-recorded,2,75,3453.35,12.2914,0.53849,-0.045000
not-recorded,2,75,3456.12,12.2982,0.53789,-0.024543
not-recorded,2,75,3450.99,12.2205,0.54130,-0.044763
not-recorded,2,75,3457.36,12.3277,0.53910,0.000815
not-recorded,2,75,3457.80,12.3361,0.53652,0.015078
not-recorded,2,75,3466.43,12.3501,0.54171,0.026809
not-recorded,2,75,3464.99,12.3418,0.53614,0.034623
not-recorded,2,75,3464.63,12.3755,0.53754,0.029938
not-recorded,2,75,3469.03,12.3496,0.54240,-0.020426
not-recorded,2,75,3467.89,12.3599,0.54346,-0.019621
not-recorded,2,75,3471.51,12.3664,0.54468,-0.046172
not-recorded,2,75,3474.47,12.4068,0.54657,-0.035173
not-recorded,2,75,3474.34,12.4415,0.54084,-0.029158
not-recorded,2,75,3474.29,12.4750,0.54064,-0.025376
not-recorded,2,75,3482.13,12.5119,0.54612,0.044912
not-recorded,2,75,3477.52,12.4095,0.54621,0.023613
not-recorded,2,75,3483.94,12.5103,0.54679,0.038548
not-recorded,2,75,3485.79,12.5461,0.53821,0.015589
not-recorded,2,75,3485.46,12.5375,0.54679,0.011143
not-recorded,2,75,3482.80,12.5147,0.54129,0.027339
not-recorded,2,75,3487.95,12.5503,0.55017,-0.030229
not-recorded,2,75,3490.20,12.5792,0.54361,-0.044581
not-recorded,2,75,3493.81,12.5861,0.54324,-0.030378
not-recorded,2,75,3497.28,12.6129,0.55304,0.011036
not-recorded,2,75,3496.27,12.5887,0.54971,0.009013
not-recorded,2,75,3494.22,12.6191,0.54501,-0.006715
not-recorded,2,75,3497.08,12.6589,0.54718,0.032546
not-recorded,2,75,3501.30,12.6168,0.55925,0.042420
not-recorded,2,75,3502.98,12.5740,0.54973,0.028219
not-recorded,2,75,3500.95,12.6087,0.55365,0.038676
not-recorded,2,75,3506.06,12.6809,0.55519,-0.019927
not-recorded,2,75,3507.79,12.6848,0.55634,-0.037408
not-recorded,2,75,3510.34,12.7596,0.55333,-0.045717
not-recorded,2,75,3510.96,12.7029,0.55965,-0.041835
not-recorded,2,75,3513.30,12.6861,0.55076,-0.014071
not-recorded,2,75,3517.12,12.7973,0.55070,0.031217
not-recorded,2,75,3518.35,12.7163,0.55485,0.043155
not-recorded,2,75,3519.87,12.7533,0.55391,0.045114
not-recorded,2,75,3519.29,12.7406,0.55426,0.045794
not-recorded,2,75,3526.16,12.8207,0.55686,-0.018019
not-recorded,2,75,3521.05,12.8043,0.55775,0.026097
not-recorded,2,75,3529.21,12.8170,0.56087,-0.048142
not-recorded,2,75,3525.17,12.7669,0.55962,-0.029353
not-recorded,2,75,3528.00,12.7997,0.55666,-0.047934
not-recorded,2,75,3536.12,12.8686,0.56323,0.023387
not-recorded,2,75,3533.83,12.9373,0.56737,0.008135
not-recorded,2,75,3536.95,12.9124,0.56606,0.038679
not-recorded,2,75,3532.68,12.8713,0.56484,0.012117
not-recorded,2,75,3541.52,12.9423,0.56323,0.028590
not-recorded,2,75,3542.09,12.9078,0.56232,0.017287
not-recorded,2,75,3537.65,12.8823,0.56781,0.044929
not-recorded,2,75,3541.48,12.9854,0.56732,0.006090
not-recorded,2,75,3543.02,12.9072,0.56827,-0.018716
not-recorded,2,75,3545.04,12.9040,0.56630,-0.040461
not-recorded,2,75,3547.91,13.0244,0.57062,-0.041488
not-recorded,2,75,3546.43,12.9450,0.56251,-0.046533
not-recorded,2,75,3551.34,13.0400,0.56232,-0.001638
not-recorded,2,75,3552.75,12.9416,0.57423,0.019438
not-recorded,2,75,3553.47,12.9625,0.57302,0.033449
not-recorded,2,75,3557.28,13.0861,0.56773,0.046433
not-recorded,2,75,3560.92,13.0937,0.57275,0.010910
not-recorded,2,75,3555.58,12.9966,0.56876,0.045378
not-recorded,2,75,3563.45,13.1109,0.56723,-0.032121
not-recorded,2,75,3566.81,13.1457,0.57281,-0.044836
not-recorded,2,75,3559.92,13.0689,0.56871,-0.009533
not-recorded,2,75,3567.94,13.1235,0.56663,-0.033105
not-recorded,2,75,3566.17,13.0668,0.57574,-0.040109
not-recorded,2,75,3568.87,13.0894,0.57480,-0.012050
not-recorded,2,75,3570.63,13.1052,0.57603,0.018171
not-recorded,2,75,3567.98,13.1056,0.57199,-0.003909
not-recorded,2,75,3578.90,13.1816,0.58058,0.023878
not-recorded,2,75,3575.09,13.1894,0.57250,0.044335
not-recorded,2,75,3578.29,13.2096,0.57600,0.012997
not-recorded,2,75,3579.02,13.1247,0.57257,-0.005306
not-recorded,2,75,3580.31,13.1769,0.57954,-0.025613
not-recorded,2,75,3579.82,13.2169,0.57060,-0.027728
not-recorded,2,75,3587.58,13.3253,0.57846,-0.024081
not-recorded,2,75,3584.25,13.2301,0.58322,-0.041507
not-recorded,2,75,3587.90,13.2301,0.57956,-0.002926
not-recorded,2,75,3586.74,13.2615,0.58360,-0.007573
not-recorded,2,75,3589.91,13.2875,0.58161,0.033879
not-recorded,2,75,3587.20,13.2278,0.57861,0.015261
not-recorded,2,75,3590.06,13.2540,0.58329,0.044480
not-recorded,2,75,3594.77,13.3456,0.58711,0.028035
not-recorded,2,75,3596.57,13.3112,0.59034,0.002436
not-recorded,2,75,3595.03,13.3837,0.58345,0.012265
not-recorded,2,75,3597.49,13.2576,0.58284,-0.024243
not-recorded,2,75,3600.82,13.3121,0.58160,-0.047168
not-recorded,2,75,3603.44,13.4246,0.57748,-0.036029
not-recorded,2,75,3605.41,13.3398,0.58826,-0.008991
not-recorded,2,75,3605.06,13.4383,0.58465,-0.002624
not-recorded,2,75,3603.73,13.3895,0.58393,-0.008741
not-recorded,2,75,3608.12,13.3588,0.58861,0.038155
not-recorded,2,75,3607.68,13.3786,0.58697,0.040983
not-recorded,2,75,3615.69,13.3787,0.58662,-0.000708
not-recorded,2,75,3611.04,13.3815,0.58676,0.037172
not-recorded,2,75,3615.63,13.4568,0.59010,-0.016141
not-recorded,2,75,3612.08,13.4479,0.58966,0.015386
not-recorded,2,75,3615.20,13.4446,0.59232,-0.025501
not-recorded,2,75,3621.52,13.4580,0.59422,-0.036280
not-recorded,2,75,3623.35,13.5259,0.58958,-0.008701
not-recorded,2,75,3620.91,13.4994,0.58700,-0.028754
not-recorded,2,75,3624.97,13.4825,0.59932,0.023570
not-recorded,2,75,3628.76,13.5643,0.59068,0.047958
not-recorded,2,75,3627.60,13.6049,0.59643,0.047289
not-recorded,2,75,3627.35,13.5338,0.59507,0.048289
not-recorded,2,75,3627.86,13.5884,0.58606,0.044073
not-recorded,2,75,3629.36,13.5922,0.59663,0.030527
not-recorded,2,75,3632.17,13.5660,0.59482,-0.008999
not-recorded,2,75,3633.19,13.5390,0.58963,-0.027757
not-recorded,2,75,3635.70,13.5779,0.59118,-0.049012
not-recorded,2,75,3636.88,13.6502,0.59266,-0.044247
not-recorded,2,75,3636.36,13.6471,0.59094,-0.044283
not-recorded,2,75,3639.92,13.6532,0.59988,-0.010143
not-recorded,2,75,3641.86,13.6711,0.60141,0.022240
not-recorded,2,75,3639.53,13.6152,0.59380,0.003288
not-recorded,2,75,3643.72,13.7080,0.59266,0.046848
not-recorded,2,75,3645.80,13.7098,0.59456,0.044894
not-recorded,2,75,3646.18,13.7569,0.60212,0.037758
not-recorded,2,75,3652.24,13.7223,0.59865,-0.031594
not-recorded,2,75,3650.34,13.6870,0.60246,-0.020411
not-recorded,2,75,3651.13,13.7959,0.59660,-0.034790
not-recorded,2,75,3653.20,13.7693,0.60387,-0.048449
not-recorded,2,75,3656.29,13.7959,0.59970,-0.031113
not-recorded,2,75,3655.04,13.7510,0.60406,-0.036336
not-recorded,2,75,3657.60,13.7924,0.60676,-0.002800
not-recorded,2,75,3663.38,13.8290,0.60438,0.047418
not-recorded,2,75,3661.03,13.8272,0.60347,0.042520
not-recorded,2,75,3661.04,13.8956,0.60205,0.046889
not-recorded,2,75,3665.12,13.8960,0.60379,0.030865
not-recorded,2,75,3664.21,13.8811,0.61235,0.028331
not-recorded,2,75,3663.73,13.8530,0.60161,0.024817
not-recorded,2,75,3667.35,13.8951,0.60903,-0.017868
not-recorded,2,75,3666.93,13.8469,0.60622,-0.024713
not-recorded,2,75,3672.75,13.9620,0.60776,-0.041861
not-recorded,2,75,3673.19,13.8483,0.60936,-0.032664
not-recorded,2,75,3677.35,13.9468,0.61024,0.020545
not-recorded,2,75,3675.34,13.8789,0.60761,0.007863
not-recorded,2,75,3678.93,13.9281,0.60412,0.044646
not-recorded,2,75,3675.90,13.9132,0.61141,0.029947
not-recorded,2,75,3677.72,13.9095,0.61154,0.048247
not-recorded,2,75,3686.28,13.9463,0.61566,-0.016302
not-recorded,2,75,3679.51,13.9901,0.60409,0.044218
not-recorded,2,75,3685.18,13.9759,0.60855,-0.019294
not-recorded,2,75,3688.29,14.0127,0.61994,-0.046534
not-recorded,2,75,3686.36,14.0225,0.60837,-0.043315
not-recorded,2,75,3688.41,13.9930,0.60831,-0.045948
not-recorded,2,75,3690.04,13.9969,0.61168,-0.035341
not-recorded,2,75,3690.54,14.0182,0.61843,-0.020309
not-recorded,2,75,3692.66,14.0315,0.61383,0.010245
not-recorded,2,75,3692.51,13.9942,0.61468,0.017295
not-recorded,2,75,3697.69,14.1308,0.61986,0.046951
not-recorded,2,75,3693.81,14.0945,0.61981,0.043093
not-recorded,2,75,3692.23,14.0249,0.61532,0.039916
not-recorded,2,75,3704.15,14.1502,0.61596,-0.035892
not-recorded,2,75,3699.71,14.1268,0.61047,0.005402
not-recorded,2,75,3700.84,14.1560,0.61647,-0.018826
not-recorded,2,75,3703.61,14.1164,0.61064,-0.046644
not-recorded,2,75,3706.67,14.1100,0.62078,-0.041094
not-recorded,2,75,3704.95,14.0696,0.61135,-0.043673
not-recorded,2,75,3708.11,14.1729,0.61431,-0.012746
not-recorded,2,75,3706.61,14.0944,0.62009,-0.020826
not-recorded,2,75,3708.50,14.1780,0.62349,0.009481
not-recorded,2,75,3716.62,14.2447,0.62200,0.036380
not-recorded,2,75,3713.87,14.2771,0.62042,0.047939
not-recorded,2,75,3710.90,14.1722,0.61990,0.048164
not-recorded,2,75,3718.71,14.1887,0.62273,-0.012706
not-recorded,2,75,3715.19,14.1754,0.62055,0.018284
not-recorded,2,75,3720.57,14.2544,0.62841,-0.043226
not-recorded,2,75,3716.81,14.2088,0.61716,-0.018639
not-recorded,2,75,3719.89,14.2746,0.62125,-0.045767
not-recorded,2,75,3723.73,14.2457,0.62376,-0.034402
not-recorded,2,75,3724.67,14.2794,0.62744,-0.016182
not-recorded,2,75,3721.24,14.2645,0.62634,-0.039131
not-recorded,2,75,3726.53,14.2468,0.62697,0.024117
not-recorded,2,75,3727.21,14.2918,0.63045,0.035746
not-recorded,2,75,3728.32,14.3465,0.62377,0.047768
not-recorded,2,75,3733.46,14.3375,0.62412,0.019315
not-recorded,2,75,3734.28,14.3619,0.62779,0.000385
not-recorded,2,75,3733.20,14.3984,0.63009,0.003029
not-recorded,2,75,3734.87,14.3657,0.62809,-0.025896
not-recorded,2,75,3735.47,14.3499,0.62564,-0.037708
not-recorded,2,75,3738.63,14.3245,0.62649,-0.049899
not-recorded,2,75,3736.34,14.4157,0.62680,-0.047865
not-recorded,2,75,3738.66,14.3819,0.63153,-0.039185
not-recorded,2,75,3737.39,14.3978,0.63142,-0.042534
not-recorded,2,75,3738.07,14.4341,0.63373,-0.030572
not-recorded,2,75,3746.62,14.4945,0.63504,0.050539
not-recorded,2,75,3741.92,14.4394,0.62416,0.026314
not-recorded,2,75,3750.32,14.4593,0.63084,0.015287
not-recorded,2,75,3746.91,14.4861,0.63502,0.041132
not-recorded,2,75,3746.04,14.4542,0.64118,0.043276
not-recorded,2,75,3749.44,14.4684,0.63609,-0.000025
not-recorded,2,75,3749.96,14.4506,0.63241,-0.017075
not-recorded,2,75,3750.49,14.4886,0.62654,-0.031377
not-recorded,2,75,3754.34,14.4632,0.63151,-0.047475
not-recorded,2,75,3753.14,14.5460,0.63133,-0.050444
not-recorded,2,75,3751.82,14.5096,0.63688,-0.050836
not-recorded,2,75,3755.27,14.4763,0.63640,-0.026575
not-recorded,2,75,3758.80,14.4948,0.63216,0.020609
not-recorded,2,75,3762.76,14.6323,0.64114,0.048583
not-recorded,2,75,3764.29,14.5795,0.64112,0.041376
not-recorded,2,75,3761.61,14.6356,0.63952,0.048472
not-recorded,2,75,3763.60,14.6322,0.63910,0.033647
not-recorded,2,75,3764.58,14.6078,0.63378,0.015508
not-recorded,2,75,3764.72,14.5784,0.64227,0.005839
not-recorded,2,75,3768.59,14.5981,0.64075,-0.043203
not-recorded,2,75,3765.44,14.5124,0.63960,-0.022826
not-recorded,2,75,3771.88,14.6234,0.64059,-0.038613
not-recorded,2,75,3771.08,14.5994,0.64287,-0.038829
not-recorded,2,75,3774.09,14.6638,0.63818,-0.000532
not-recorded,2,75,3775.76,14.7002,0.64500,0.026768
not-recorded,2,75,3772.20,14.7383,0.63936,-0.003533
not-recorded,2,75,3774.28,14.6709,0.64556,0.028552
not-recorded,2,75,3776.85,14.6695,0.64489,0.050934
not-recorded,2,75,3777.89,14.7610,0.64516,0.047111
not-recorded,2,75,3778.51,14.6949,0.63927,0.037431
not-recorded,2,75,3781.44,14.7593,0.64262,0.001977
not-recorded,2,75,3784.04,14.7355,0.64200,-0.037045
not-recorded,2,75,3778.86,14.7102,0.64164,0.013296
not-recorded,2,75,3789.83,14.8057,0.64433,-0.024317
not-recorded,2,75,3785.09,14.7491,0.64885,-0.048019
not-recorded,2,75,3787.59,14.7656,0.64599,-0.031397
not-recorded,2,75,3785.73,14.7425,0.64532,-0.039057
not-recorded,2,75,3788.48,14.7743,0.64204,-0.003504
not-recorded,2,75,3788.36,14.7341,0.64460,0.003171
not-recorded,2,75,3791.33,14.7869,0.64783,0.043604
not-recorded,2,75,3790.11,14.7747,0.65359,0.038490
not-recorded,2,75,3795.65,14.8468,0.65059,0.035395
not-recorded,2,75,3795.07,14.8022,0.64202,0.031617
not-recorded,2,75,3799.45,14.8172,0.64813,-0.027269
not-recorded,2,75,3797.46,14.8313,0.65354,-0.011815
not-recorded,2,75,3796.71,14.7976,0.65069,-0.015333
not-recorded,2,75,3793.61,14.8225,0.65101,0.012609
not-recorded,2,75,3801.42,14.8992,0.65448,-0.048378
not-recorded,2,75,3798.00,14.7569,0.64778,-0.043607
not-recorded,2,75,3801.32,14.8383,0.64911,-0.040861
not-recorded,2,75,3807.00,14.9442,0.65205,0.027323
not-recorded,2,75,3803.90,14.9199,0.65080,0.002317
not-recorded,2,75,3799.99,14.8328,0.65184,-0.031417
not-recorded,2,75,3805.54,14.9666,0.65008,0.038722
not-recorded,2,75,3813.84,14.9696,0.65356,0.004249
not-recorded,2,75,3809.49,14.9170,0.65618,0.039781
not-recorded,2,75,3808.05,14.9207,0.64750,0.044597
not-recorded,2,75,3813.26,14.9750,0.65331,-0.017485
not-recorded,2,75,3813.44,15.0139,0.65556,-0.030630
not-recorded,2,75,3815.16,14.9591,0.65393,-0.047437
not-recorded,2,75,3813.16,14.9820,0.65107,-0.039619
not-recorded,2,75,3814.75,15.0176,0.65697,-0.050155
not-recorded,2,75,3813.49,14.9391,0.65632,-0.049187
not-recorded,2,75,3817.49,15.0127,0.66074,-0.025795
not-recorded,2,75,3823.29,15.0976,0.66143,0.042437
not-recorded,2,75,3820.80,14.9813,0.66130,0.029778
not-recorded,2,75,3823.22,15.0154,0.65745,0.048704
not-recorded,2,75,3821.49,15.0157,0.65436,0.045649
not-recorded,2,75,3822.39,14.9939,0.65671,0.050189
not-recorded,2,75,3825.36,15.0339,0.65920,0.028231
not-recorded,2,75,3826.51,15.1033,0.66167,0.007094
not-recorded,2,75,3828.79,15.0952,0.65663,-0.028160
not-recorded,2,75,3829.61,15.1338,0.65727,-0.041981
not-recorded,2,75,3831.53,15.1279,0.66634,-0.048337
not-recorded,2,75,3829.98,15.1126,0.65430,-0.047687
not-recorded,2,75,3829.41,15.1124,0.65654,-0.051842
not-recorded,2,75,3835.97,15.1762,0.66224,0.009224
not-recorded,2,75,3833.94,15.0713,0.65880,-0.006228
not-recorded,2,75,3834.31,15.1424,0.66675,0.009684
not-recorded,2,75,3831.82,15.1373,0.65900,-0.011399
not-recorded,2,75,3837.38,15.1845,0.66004,0.050024
not-recorded,2,75,3841.56,15.1559,0.66547,0.029928
not-recorded,2,75,3839.81,15.1875,0.66431,0.037034
not-recorded,2,75,3842.12,15.1669,0.66327,0.001600
not-recorded,2,75,3842.81,15.2348,0.66418,-0.012878
not-recorded,2,75,3842.73,15.2167,0.66333,-0.021039
not-recorded,2,75,3842.29,15.2594,0.66858,-0.026240
not-recorded,2,75,3848.94,15.2824,0.66194,-0.036127
not-recorded,2,75,3846.60,15.2752,0.66825,-0.044284
not-recorded,2,75,3849.84,15.2423,0.66407,-0.006690
not-recorded,2,75,3851.63,15.2703,0.67090,0.025152
not-recorded,2,75,3849.58,15.2123,0.67120,0.007109
not-recorded,2,75,3851.12,15.3019,0.66463,0.032216
not-recorded,2,75,3848.77,15.2715,0.66965,0.021228
not-recorded,2,75,3852.20,15.2540,0.66941,0.048123
not-recorded,2,75,3851.76,15.2067,0.67023,0.049089
not-recorded,2,75,3859.34,15.3704,0.67245,-0.018803
not-recorded,2,75,3857.65,15.2999,0.66853,-0.010519
not-recorded,2,75,3853.68,15.2412,0.66896,0.026733
not-recorded,2,75,3855.39,15.3217,0.67251,-0.002330
not-recorded,2,75,3858.73,15.3308,0.66589,-0.043719
not-recorded,2,75,3862.32,15.2886,0.67029,-0.040543
not-recorded,2,75,3856.95,15.3249,0.66888,-0.042822
not-recorded,2,75,3863.02,15.4129,0.66634,-0.021645
not-recorded,2,75,3860.38,15.3661,0.67301,-0.037964
not-recorded,2,75,3862.75,15.3790,0.67132,-0.004086
not-recorded,2,75,3867.59,15.4133,0.66847,0.046153
not-recorded,2,75,3867.31,15.3539,0.67191,0.050444
not-recorded,2,75,3868.98,15.4158,0.68195,0.047137
not-recorded,2,75,3870.76,15.4315,0.66924,0.025049
not-recorded,2,75,3871.06,15.4557,0.66991,0.011435
not-recorded,2,75,3872.28,15.3765,0.67044,-0.014086
not-recorded,2,75,3873.78,15.4606,0.67884,-0.038686
not-recorded,2,75,3875.37,15.4423,0.67303,-0.051652
not-recorded,2,75,3872.54,15.4443,0.67970,-0.041253
not-recorded,2,75,3874.06,15.4648,0.67345,-0.050498
not-recorded,2,75,3874.53,15.4894,0.67408,-0.046094
not-recorded,2,75,3881.45,15.5670,0.67592,0.028878
not-recorded,2,75,3878.55,15.5094,0.67862,0.004321
not-recorded,2,75,3878.69,15.4844,0.68112,0.015673
not-recorded,2,75,3877.03,15.5500,0.66894,0.006081
not-recorded,2,75,3880.64,15.5480,0.68079,0.048966
not-recorded,2,75,3883.90,15.5378,0.67889,0.041826
not-recorded,2,75,3882.84,15.5613,0.67855,0.042650
not-recorded,2,75,3882.34,15.6051,0.67321,0.039860
not-recorded,2,75,3885.25,15.5678,0.67702,0.000056
not-recorded,2,75,3881.76,15.4933,0.67594,0.032903
not-recorded,2,75,3889.45,15.5270,0.68728,-0.051702
not-recorded,2,75,3886.27,15.5934,0.67950,-0.036864
not-recorded,2,75,3893.62,15.6053,0.67939,-0.017084
not-recorded,2,75,3891.82,15.6214,0.68009,-0.028468
not-recorded,2,75,3891.37,15.5923,0.68044,-0.022553
not-recorded,2,75,3894.56,15.5943,0.67984,0.023627
not-recorded,2,75,3890.90,15.5571,0.68110,-0.008742
not-recorded,2,75,3895.35,15.5784,0.68025,0.046347
not-recorded,2,75,3893.84,15.6762,0.67982,0.039133
not-recorded,2,75,3896.28,15.5865,0.68740,0.049039
not-recorded,2,75,3897.36,15.6625,0.68733,0.042102
not-recorded,2,75,3893.91,15.6310,0.67528,0.051550
not-recorded,2,75,3897.44,15.5532,0.67825,0.024370
not-recorded,2,75,3904.92,15.6530,0.67809,-0.051528
not-recorded,2,75,3902.76,15.7123,0.68672,-0.045749
not-recorded,2,75,3900.85,15.6403,0.68633,-0.040245
not-recorded,2,75,3900.66,15.6875,0.67805,-0.042587
not-recorded,2,75,3906.37,15.7319,0.68694,-0.022565
not-recorded,2,75,3904.95,15.7273,0.68560,-0.029999
not-recorded,2,75,3909.79,15.7066,0.68371,0.035651
not-recorded,2,75,3905.90,15.6887,0.68625,0.002171
not-recorded,2,75,3906.69,15.7136,0.69028,0.020871
not-recorded,2,75,3906.30,15.7277,0.68583,0.025783
not-recorded,2,75,3905.84,15.6632,0.69411,0.027961
not-recorded,2,75,3907.63,15.7189,0.68704,0.050893
not-recorded,2,75,3907.38,15.7820,0.68734,0.050845
not-recorded,2,75,3910.16,15.7949,0.69068,0.037289
not-recorded,2,75,3909.78,15.7511,0.68685,0.035362
not-recorded,2,75,3915.76,15.8244,0.69331,-0.041059
not-recorded,2,75,3913.83,15.7996,0.68833,-0.029172
not-recorded,2,75,3914.90,15.7844,0.68720,-0.046499
not-recorded,2,75,3919.83,15.8138,0.68564,-0.028291
not-recorded,2,75,3917.07,15.8269,0.69515,-0.046500
not-recorded,2,75,3919.67,15.8858,0.69369,-0.011578
not-recorded,2,75,3919.29,15.7791,0.69081,-0.006933
not-recorded,2,75,3924.00,15.8511,0.69210,0.048873
not-recorded,2,75,3922.71,15.8507,0.68515,0.045558
not-recorded,2,75,3922.97,15.8136,0.69414,0.050079
not-recorded,2,75,3922.45,15.8693,0.68486,0.050122
not-recorded,2,75,3928.42,15.8744,0.69051,-0.000473
not-recorded,2,75,3924.51,15.8974,0.69213,0.033916
not-recorded,2,75,3925.49,15.8496,0.69682,0.015599
not-recorded,2,75,3927.39,15.9144,0.69532,-0.018693
not-recorded,2,75,3929.02,15.8881,0.69990,-0.040994
not-recorded,2,75,3931.86,15.9515,0.70189,-0.051645
not-recorded,2,75,3929.55,15.8996,0.70061,-0.050433
not-recorded,2,75,3926.62,15.8818,0.69306,-0.041255
not-recorded,2,75,3931.80,15.9463,0.69834,-0.034016
not-recorded,2,75,3931.23,15.9008,0.69646,-0.030590
not-recorded,2,75,3933.32,15.9963,0.69655,0.005040
not-recorded,2,75,3932.38,15.8918,0.69973,0.002975
not-recorded,2,75,3934.00,15.9842,0.69438,0.031588
not-recorded,2,75,3937.72,15.9975,0.69609,0.050329
not-recorded,2,75,3937.98,15.9363,0.69400,0.043025
not-recorded,2,75,3939.37,15.9211,0.70168,0.026913
not-recorded,2,75,3940.02,16.0688,0.70592,0.007330
not-recorded,2,75,3941.23,16.0638,0.70111,-0.015705
not-recorded,2,75,3940.11,15.9532,0.70478,-0.012153
not-recorded,2,75,3940.28,16.0156,0.69791,-0.023068
not-recorded,2,75,3943.96,16.0200,0.70042,-0.053747
not-recorded,2,75,3947.09,16.0534,0.70349,-0.026363
not-recorded,2,75,3942.92,16.0682,0.70087,-0.051413
not-recorded,2,75,3945.29,15.9992,0.69565,-0.028392
not-recorded,2,75,3947.31,16.0320,0.69766,0.005372
not-recorded,2,75,3943.11,16.0030,0.69785,-0.033922
not-recorded,2,75,3947.20,16.0289,0.69497,0.023890
not-recorded,2,75,3946.08,15.9832,0.70700,0.021338
not-recorded,2,75,3952.12,16.0475,0.70153,0.043985
not-recorded,2,75,3950.44,16.0662,0.70570,0.048556
not-recorded,2,75,3950.54,16.0381,0.70179,0.043598
not-recorded,2,75,3953.25,16.1442,0.70671,0.007688
not-recorded,2,75,3954.53,16.1540,0.70892,-0.020588
not-recorded,2,75,3950.99,16.0910,0.69953,0.012896
not-recorded,2,75,3953.60,16.0875,0.69997,-0.027796
not-recorded,2,75,3954.39,16.1210,0.70692,-0.041977
not-recorded,2,75,3956.37,16.1709,0.70127,-0.051453
not-recorded,2,75,3955.05,16.0871,0.70086,-0.050597
not-recorded,2,75,3960.99,16.1568,0.70397,0.006034
not-recorded,2,75,3956.14,16.0974,0.69922,-0.042206
not-recorded,2,75,3960.82,16.0830,0.71082,0.022889
not-recorded,2,75,3960.79,16.1712,0.70590,0.031503
not-recorded,2,75,3961.92,16.1977,0.70923,0.046726
not-recorded,2,75,3965.78,16.2180,0.71235,0.038248
not-recorded,2,75,3964.48,16.2009,0.70614,0.044586
not-recorded,2,75,3964.72,16.1654,0.70856,0.034687
not-recorded,2,75,3965.62,16.2327,0.70896,0.012730
not-recorded,2,75,3966.38,16.2131,0.70788,-0.004893
not-recorded,2,75,3968.48,16.2193,0.70455,-0.038733
not-recorded,2,75,3965.14,16.2296,0.70937,-0.010444
not-recorded,2,75,3965.56,16.1959,0.70499,-0.025902
not-recorded,2,75,3970.50,16.2267,0.70601,-0.047887
not-recorded,2,75,3970.88,16.2308,0.71666,-0.038626
not-recorded,2,75,3969.06,16.2245,0.70475,-0.047626
not-recorded,2,75,3970.02,16.2269,0.70651,-0.033273
not-recorded,2,75,3978.96,16.3083,0.71012,0.049348
not-recorded,2,75,3972.57,16.2769,0.70837,0.017673
not-recorded,2,75,3979.54,16.3532,0.71456,0.036235
not-recorded,2,75,3974.74,16.2373,0.70954,0.050103
not-recorded,2,75,3976.90,16.3468,0.71105,0.044028
not-recorded,2,75,3981.31,16.3478,0.71578,-0.011120
not-recorded,2,75,3976.96,16.2625,0.70609,0.033417
not-recorded,2,75,3978.63,16.3341,0.71248,-0.000124
not-recorded,2,75,3981.17,16.3659,0.70980,-0.035908
not-recorded,2,75,3979.98,16.3105,0.72000,-0.035954
not-recorded,2,75,3980.23,16.3165,0.71556,-0.043775
not-recorded,2,75,3982.91,16.3110,0.71149,-0.049669
not-recorded,2,75,3981.15,16.3912,0.71092,-0.052065
not-recorded,2,75,3987.30,16.4361,0.72054,0.011448
not-recorded,2,75,3979.87,16.3048,0.70703,-0.050832
not-recorded,2,75,3986.20,16.3973,0.71348,0.017921
not-recorded,2,75,3987.84,16.3819,0.71292,0.041131
not-recorded,2,75,3983.68,16.3340,0.71287,0.007970
not-recorded,2,75,3989.04,16.3766,0.72199,0.050736
not-recorded,2,75,3988.67,16.4104,0.71300,0.051090
not-recorded,2,75,3986.48,16.4216,0.71587,0.053210
not-recorded,2,75,3988.83,16.3615,0.71825,0.039174
not-recorded,2,75,3991.02,16.3448,0.71517,0.005531
not-recorded,2,75,3988.70,16.3459,0.71212,0.024807
not-recorded,2,75,3992.45,16.3776,0.72024,-0.030604
not-recorded,2,75,3995.49,16.4006,0.71411,-0.052991
not-recorded,2,75,3994.70,16.4831,0.72228,-0.050732
not-recorded,2,75,3996.21,16.3841,0.71406,-0.042545
not-recorded,2,75,3989.18,16.4099,0.72111,-0.031048
not-recorded,2,75,3993.60,16.3906,0.71981,-0.047612
not-recorded,2,75,3998.34,16.4708,0.71938,0.012255
not-recorded,2,75,3999.99,16.4705,0.72031,0.039320
not-recorded,2,75,3999.34,16.4994,0.72118,0.040166
not-recorded,2,75,4002.28,16.4738,0.72167,0.050441
not-recorded,2,75,3999.99,16.5249,0.72633,0.050216
not-recorded,2,75,4000.66,16.5120,0.71817,0.050930
not-recorded,2,75,4002.93,16.5165,0.72235,0.025829
not-recorded,2,75,4003.99,16.4806,0.71945,0.005041
not-recorded,2,75,4004.90,16.5387,0.72175,-0.019089
not-recorded,2,75,3999.25,16.4623,0.71570,0.036883
not-recorded,2,75,4005.55,16.4882,0.72282,-0.042104
not-recorded,2,75,4006.20,16.4804,0.72054,-0.051830
not-recorded,2,75,4006.99,16.5848,0.72115,-0.049820
not-recorded,2,75,4009.38,16.5992,0.72240,-0.029376
not-recorded,2,75,4004.25,16.4685,0.72340,-0.051630
not-recorded,2,75,4011.98,16.6148,0.72115,0.023908
not-recorded,2,75,4005.49,16.5012,0.72037,-0.044294
not-recorded,2,75,4007.47,16.5453,0.71748,-0.015718
not-recorded,2,75,4012.03,16.5860,0.72314,0.045238
not-recorded,2,75,4008.20,16.5217,0.72656,0.017519
not-recorded,2,75,4009.06,16.5316,0.72906,0.033802
not-recorded,2,75,4011.58,16.5569,0.71741,0.050796
not-recorded,2,75,4012.90,16.6086,0.72427,0.045733
not-recorded,2,75,4014.50,16.6171,0.72350,0.020100
not-recorded,2,75,4013.73,16.5783,0.72149,0.019960
not-recorded,2,75,4019.60,16.6547,0.72539,-0.052394
not-recorded,2,75,4016.15,16.6242,0.72173,-0.031598
not-recorded,2,75,4016.85,16.6534,0.72273,-0.044358
not-recorded,2,75,4019.48,16.5948,0.73051,-0.049734
not-recorded,2,75,4017.54,16.6196,0.72813,-0.052006
not-recorded,2,75,4022.34,16.6779,0.73614,-0.006507
not-recorded,2,75,4020.75,16.6767,0.73223,-0.017390
not-recorded,2,75,4023.78,16.7541,0.73508,0.034118
not-recorded,2,75,4022.74,16.6363,0.72904,0.028906
not-recorded,2,75,4022.48,16.6810,0.72585,0.034666
not-recorded,2,75,4023.17,16.6331,0.72794,0.047942
not-recorded,2,75,4022.92,16.7078,0.73035,0.049848
not-recorded,2,75,4022.51,16.7332,0.72770,0.052379
not-recorded,2,75,4025.13,16.6599,0.73449,0.038941
not-recorded,2,75,4025.03,16.7364,0.72472,0.032895
not-recorded,2,75,4026.79,16.6831,0.72450,0.003004
not-recorded,2,75,4027.80,16.7337,0.73310,-0.021348
not-recorded,2,75,4029.50,16.7724,0.73320,-0.045278
not-recorded,2,75,4030.07,16.7070,0.73882,-0.050688
not-recorded,2,75,4030.86,16.7681,0.73426,-0.048481
not-recorded,2,75,4029.83,16.7494,0.72925,-0.052698
not-recorded,2,75,4029.00,16.7207,0.72659,-0.052985
not-recorded,2,75,4036.25,16.8296,0.73730,0.031176
not-recorded,2,75,4030.82,16.7156,0.73233,-0.025978
not-recorded,2,75,4036.49,16.7998,0.73444,0.049132
not-recorded,2,75,4029.83,16.6613,0.73498,-0.019088
not-recorded,2,75,4033.99,16.7085,0.73885,0.041386
not-recorded,2,75,4034.00,16.7996,0.73490,0.045941
not-recorded,2,75,4036.72,16.7820,0.73187,0.048424
not-recorded,2,75,4034.29,16.7630,0.73850,0.053619
not-recorded,2,75,4037.92,16.7640,0.73537,0.022066
not-recorded,2,75,4041.28,16.7994,0.73631,-0.031030
not-recorded,2,75,4038.59,16.7415,0.73421,-0.009128
not-recorded,2,75,4039.80,16.8376,0.74064,-0.033287
not-recorded,2,75,4039.41,16.8301,0.73090,-0.037744
not-recorded,2,75,4040.91,16.7320,0.73390,-0.050046
not-recorded,2,75,4037.62,16.7783,0.73798,-0.034658
not-recorded,2,75,4046.03,16.8822,0.74124,-0.001221
not-recorded,2,75,4041.49,16.7732,0.73996,-0.044961
not-recorded,2,75,4049.06,16.8557,0.73854,0.048156
not-recorded,2,75,4047.44,16.8048,0.73841,0.042784
not-recorded,2,75,4045.60,16.9102,0.73762,0.034523
not-recorded,2,75,4045.15,16.8684,0.73065,0.035606
not-recorded,2,75,4047.83,16.8559,0.73963,0.052919
not-recorded,2,75,4047.83,16.8864,0.73826,0.051704
not-recorded,2,75,4048.98,16.9767,0.73555,0.034782
not-recorded,2,75,4048.32,16.8175,0.73442,0.036059
not-recorded,2,75,4048.17,16.8682,0.73405,0.024834
not-recorded,2,75,4051.04,16.8945,0.73924,-0.018765
not-recorded,2,75,4051.34,16.9007,0.74219,-0.031227
not-recorded,2,75,4053.50,16.9343,0.73880,-0.050969
not-recorded,2,75,4055.79,16.9234,0.74337,-0.039416
not-recorded,2,75,4059.54,16.9411,0.74436,0.014086
not-recorded,2,75,4053.98,16.9158,0.74422,-0.043035
not-recorded,2,75,4054.68,16.9518,0.73710,-0.028869
not-recorded,2,75,4053.91,16.9763,0.73542,-0.025150
not-recorded,2,75,4055.14,16.9367,0.74413,-0.004301
not-recorded,2,75,4058.53,16.9286,0.73957,0.045642
not-recorded,2,75,4057.52,16.9049,0.73961,0.041905
not-recorded,2,75,4056.63,16.8963,0.74403,0.043132
not-recorded,2,75,4058.60,17.0127,0.73753,0.051691
not-recorded,2,75,4059.09,16.9508,0.74061,0.048610
not-recorded,2,75,4062.12,16.9889,0.74518,0.006323
not-recorded,2,75,4063.75,16.9522,0.73718,-0.027123
not-recorded,2,75,4063.10,17.0294,0.74383,-0.026882
not-recorded,2,75,4058.80,16.9236,0.73933,0.020038
not-recorded,2,75,4059.54,16.9756,0.74127,-0.001914
not-recorded,2,75,4066.03,16.9786,0.74518,-0.050309
not-recorded,2,75,4062.05,17.0464,0.73884,-0.046312
not-recorded,2,75,4064.45,16.9895,0.74714,-0.049447
not-recorded,2,75,4062.22,17.0064,0.74358,-0.053869
not-recorded,2,75,4064.48,17.0188,0.74015,-0.039005
not-recorded,2,75,4064.91,17.0305,0.74095,-0.025548
not-recorded,2,75,4067.22,16.9929,0.74344,0.015922
not-recorded,2,75,4066.70,16.9755,0.74165,0.020312
not-recorded,2,75,4067.22,17.0200,0.74826,0.037453
not-recorded,2,75,4069.63,17.0695,0.75192,0.053462
not-recorded,2,75,4071.10,17.0986,0.74984,0.044837
not-recorded,2,75,4067.45,17.0408,0.74270,0.049786
not-recorded,2,75,4070.61,17.0714,0.73727,0.033733
not-recorded,2,75,4073.56,17.0413,0.74662,-0.013544
not-recorded,2,75,4067.69,17.0777,0.73705,0.044411
not-recorded,2,75,4071.51,17.0627,0.75074,-0.007074
not-recorded,2,75,4073.59,17.0788,0.75441,-0.041418
not-recorded,2,75,4072.67,17.1018,0.75130,-0.039602
not-recorded,2,75,4073.20,17.0995,0.74717,-0.050401
not-recorded,2,75,4077.49,17.1404,0.74693,-0.029212
not-recorded,2,75,4074.68,17.1727,0.74206,-0.045667
not-recorded,2,75,4073.50,17.1231,0.74644,-0.049256
not-recorded,2,75,4079.69,17.1655,0.75414,0.030652
not-recorded,2,75,4080.36,17.0980,0.74897,0.043490
not-recorded,2,75,4077.41,17.1016,0.74524,0.023737
not-recorded,2,75,4082.65,17.1439,0.75443,0.048615
not-recorded,2,75,4081.08,17.1732,0.75018,0.052197
not-recorded,2,75,4081.61,17.1825,0.74839,0.045767
not-recorded,2,75,4086.45,17.1797,0.75032,-0.024681
not-recorded,2,75,4081.20,17.1579,0.75191,0.035633
not-recorded,2,75,4079.63,17.2074,0.75370,0.042508
not-recorded,2,75,4080.64,17.1325,0.75189,0.022345
not-recorded,2,75,4082.24,17.1863,0.75071,-0.009610
not-recorded,2,75,4082.86,17.1638,0.75239,-0.027342
not-recorded,2,75,4080.80,17.1932,0.75456,-0.012055
not-recorded,2,75,4087.89,17.2329,0.75325,-0.041362
not-recorded,2,75,4087.60,17.2015,0.75105,-0.035044
not-recorded,2,75,4082.09,17.1885,0.74200,-0.052164
not-recorded,2,75,4086.09,17.1966,0.74497,-0.031938
not-recorded,2,75,4087.01,17.2305,0.75275,-0.011654
not-recorded,2,75,4088.39,17.2339,0.75515,0.017448
not-recorded,2,75,4089.18,17.1894,0.74920,0.034872
not-recorded,2,75,4094.61,17.2498,0.75556,0.036744
not-recorded,2,75,4091.20,17.2959,0.75860,0.053562
not-recorded,2,75,4093.69,17.2994,0.75274,0.030576
not-recorded,2,75,4088.06,17.2474,0.75519,0.050920
not-recorded,2,75,4091.53,17.2123,0.75090,0.036924
not-recorded,2,75,4093.39,17.2916,0.74710,0.003350
not-recorded,2,75,4094.85,17.2764,0.75314,-0.024799
not-recorded,2,75,4094.72,17.2941,0.75188,-0.033307
not-recorded,2,75,4092.39,17.2690,0.75091,-0.015799
not-recorded,2,75,4096.57,17.2967,0.75725,-0.054038
not-recorded,2,75,4098.14,17.3033,0.75763,-0.041845
not-recorded,2,75,4098.60,17.2909,0.76028,-0.031143
not-recorded,2,75,4095.29,17.2520,0.75791,-0.050986
not-recorded,2,75,4101.93,17.3605,0.75328,0.031542
not-recorded,2,75,4099.08,17.3302,0.75572,0.010249
not-recorded,2,75,4094.31,17.2387,0.75004,-0.039451
not-recorded,2,75,4102.06,17.3529,0.76403,0.053811
not-recorded,2,75,4099.85,17.3399,0.75830,0.044172
not-recorded,2,75,4101.98,17.3654,0.76062,0.052158
not-recorded,2,75,4099.16,17.2928,0.75484,0.051931
not-recorded,2,75,4103.93,17.3212,0.76301,0.022747
not-recorded,2,75,4101.01,17.3015,0.75624,0.046079
not-recorded,2,75,4102.42,17.2976,0.75808,0.022567
not-recorded,2,75,4100.78,17.2509,0.75313,0.031337
not-recorded,2,75,4107.22,17.3020,0.75731,-0.050061
not-recorded,2,75,4102.65,17.3363,0.75091,-0.015216
not-recorded,2,75,4107.36,17.3736,0.75713,-0.051423
not-recorded,2,75,4104.91,17.3866,0.75288,-0.052680
not-recorded,2,75,4108.29,17.3822,0.75924,-0.036120
not-recorded,2,75,4107.96,17.3973,0.75564,-0.033481
not-recorded,2,75,4111.11,17.3661,0.75830,0.018964
not-recorded,2,75,4110.95,17.4140,0.76005,0.027917
not-recorded,2,75,4107.24,17.3818,0.76260,-0.010327
not-recorded,2,75,4110.44,17.4124,0.75960,0.039797
not-recorded,2,75,4114.48,17.3707,0.76362,0.045738
not-recorded,2,75,4111.27,17.4370,0.75910,0.052952
not-recorded,2,75,4110.43,17.3949,0.76058,0.054062
not-recorded,2,75,4111.74,17.4198,0.75918,0.046623
not-recorded,2,75,4111.25,17.4265,0.75725,0.044662
not-recorded,2,75,4108.87,17.3882,0.75801,0.051633
not-recorded,2,75,4111.89,17.3448,0.76109,0.021587
not-recorded,2,75,4114.73,17.4592,0.76316,-0.025476
not-recorded,2,75,4116.96,17.4910,0.76018,-0.052568
not-recorded,2,75,4117.55,17.4132,0.76801,-0.050965
not-recorded,2,75,4115.09,17.4855,0.76534,-0.049750
not-recorded,2,75,4116.27,17.3993,0.76681,-0.052671
not-recorded,2,75,4117.68,17.5261,0.76038,-0.039304
not-recorded,2,75,4114.35,17.4051,0.75936,-0.052877
not-recorded,2,75,4114.37,17.4758,0.76083,-0.051661
not-recorded,2,75,4117.99,17.4306,0.76578,-0.006065
not-recorded,2,75,4114.92,17.5186,0.75859,-0.034188
not-recorded,2,75,4120.48,17.4900,0.76568,0.044643
not-recorded,2,75,4120.77,17.5317,0.75620,0.052930
not-recorded,2,75,4118.63,17.4312,0.76204,0.040524
not-recorded,2,75,4124.96,17.5315,0.76654,0.019002
not-recorded,2,75,4121.53,17.5130,0.76464,0.044293
not-recorded,2,75,4123.67,17.5726,0.76488,0.013887
not-recorded,2,75,4118.63,17.5040,0.76130,0.053191
not-recorded,2,75,4124.04,17.5702,0.76651,-0.012690
not-recorded,2,75,4120.82,17.5113,0.76158,0.020699
not-recorded,2,75,4120.56,17.5071,0.76489,0.012462
not-recorded,2,75,4126.33,17.5389,0.76455,-0.053065
not-recorded,2,75,4128.02,17.5584,0.76590,-0.045381
not-recorded,2,75,4123.50,17.5041,0.75993,-0.050648
not-recorded,2,75,4128.50,17.5015,0.76893,-0.024272
not-recorded,2,75,4130.66,17.5390,0.76871,0.017323
not-recorded,2,75,4126.60,17.5454,0.76436,-0.027250
not-recorded,2,75,4127.63,17.5052,0.76247,-0.004814
not-recorded,2,75,4132.54,17.6339,0.76221,0.053805
not-recorded,2,75,4127.19,17.5908,0.76418,0.012121
not-recorded,2,75,4129.19,17.5479,0.76260,0.046258
not-recorded,2,75,4131.30,17.5970,0.77004,0.054091
not-recorded,2,75,4135.29,17.5899,0.77155,0.007489
not-recorded,2,75,4129.79,17.5621,0.76482,0.051402
not-recorded,2,75,4129.18,17.5311,0.76619,0.050850
not-recorded,2,75,4133.14,17.6239,0.76610,0.004427
not-recorded,2,75,4130.60,17.5854,0.76382,0.025006
not-recorded,2,75,4133.25,17.5669,0.76768,-0.021378
not-recorded,2,75,4134.99,17.5805,0.77568,-0.045894
not-recorded,2,75,4134.04,17.5976,0.77184,-0.046370
not-recorded,2,75,4133.09,17.6220,0.76217,-0.043554
not-recorded,2,75,4136.20,17.6069,0.76722,-0.044835
not-recorded,2,75,4139.98,17.6350,0.76593,0.004609
not-recorded,2,75,4137.27,17.5750,0.77184,-0.019177
not-recorded,2,75,4138.48,17.6135,0.77388,0.008258
not-recorded,2,75,4135.67,17.6393,0.77363,-0.020070
not-recorded,2,75,4137.28,17.6007,0.77060,0.011961
not-recorded,2,75,4136.77,17.6289,0.76973,0.015926
not-recorded,2,75,4141.61,17.6915,0.77209,0.052591
not-recorded,2,75,4141.10,17.6446,0.77141,0.050529
not-recorded,2,75,4140.29,17.6661,0.77380,0.050924
not-recorded,2,75,4142.54,17.6288,0.77098,0.025173
not-recorded,2,75,4143.89,17.6508,0.76939,-0.004534
not-recorded,2,75,4138.89,17.5946,0.77368,0.045801
not-recorded,2,75,4140.86,17.6291,0.77059,0.016201
not-recorded,2,75,4147.24,17.7390,0.77901,-0.052284
not-recorded,2,75,4144.84,17.6669,0.77381,-0.048395
not-recorded,2,75,4141.94,17.6648,0.77550,-0.029786
not-recorded,2,75,4143.86,17.6743,0.77410,-0.052647
not-recorded,2,75,4144.82,17.7028,0.77159,-0.053995
not-recorded,2,75,4144.41,17.7020,0.77646,-0.047834
not-recorded,2,75,4148.33,17.7151,0.77477,0.005887
not-recorded,2,75,4145.69,17.6878,0.76619,-0.022438
not-recorded,2,75,4145.49,17.6990,0.77077,-0.012391
not-recorded,2,75,4147.91,17.7723,0.77368,0.028266
not-recorded,2,75,4143.04,17.6268,0.77637,-0.025484
not-recorded,2,75,4146.74,17.7669,0.76947,0.033696
not-recorded,2,75,4149.97,17.6840,0.77661,0.052498
not-recorded,2,75,4151.67,17.7170,0.77760,0.036360
not-recorded,2,75,4149.19,17.7464,0.77934,0.048945
not-recorded,2,75,4150.42,17.7081,0.78041,0.030749
not-recorded,2,75,4151.28,17.7709,0.77259,0.009832
not-recorded,2,75,4149.72,17.6847,0.77040,0.019105
not-recorded,2,75,4150.64,17.7833,0.77979,-0.005015
not-recorded,2,75,4153.05,17.8050,0.77783,-0.042106
not-recorded,2,75,4151.47,17.7183,0.77469,-0.037498
not-recorded,2,75,4150.27,17.7892,0.76858,-0.031665
not-recorded,2,75,4156.30,17.7609,0.77761,-0.036994
not-recorded,2,75,4156.31,17.7758,0.77993,-0.026059
not-recorded,2,75,4149.09,17.7516,0.77634,-0.042342
not-recorded,2,75,4152.28,17.7860,0.77149,-0.049681
not-recorded,2,75,4157.37,17.7777,0.77897,0.021033
not-recorded,2,75,4156.73,17.8173,0.78122,0.021933
not-recorded,2,75,4155.28,17.7976,0.77065,0.015667
not-recorded,2,75,4152.87,17.7629,0.77283,-0.006692
not-recorded,2,75,4157.02,17.7973,0.78327,0.049327
not-recorded,2,75,4157.74,17.7709,0.77252,0.053105
not-recorded,2,75,4158.39,17.8253,0.77264,0.049581
not-recorded,2,75,4158.75,17.7902,0.77882,0.039669
not-recorded,2,75,4155.64,17.7794,0.78040,0.052370
not-recorded,2,75,4161.06,17.8415,0.77740,-0.009316
not-recorded,2,75,4161.38,17.7703,0.77928,-0.024856
not-recorded,2,75,4158.60,17.8527,0.78015,0.002637
not-recorded,2,75,4162.81,17.8155,0.78358,-0.051123
not-recorded,2,75,4160.85,17.8086,0.78182,-0.045482
not-recorded,2,75,4164.12,17.8441,0.78561,-0.049304
not-recorded,2,75,4160.90,17.8248,0.77564,-0.052962
not-recorded,2,75,4164.61,17.8457,0.77770,-0.027193
not-recorded,2,75,4165.07,17.8377,0.77962,-0.010061
not-recorded,2,75,4160.94,17.8433,0.78120,-0.047263
not-recorded,2,75,4162.64,17.8691,0.77593,-0.021104
not-recorded,2,75,4164.45,17.8462,0.77512,0.015025
not-recorded,2,75,4163.32,17.8824,0.77958,0.008486
not-recorded,2,75,4166.01,17.9017,0.77708,0.047275
not-recorded,2,75,4166.58,17.8561,0.77921,0.054009
not-recorded,2,75,4166.35,17.8189,0.77574,0.054097
not-recorded,2,75,4171.74,17.9453,0.78552,-0.006967
not-recorded,2,75,4170.41,17.9480,0.77385,-0.000890
not-recorded,2,75,4168.97,17.8854,0.78136,0.009581
not-recorded,2,75,4170.00,17.9705,0.78286,-0.016828
not-recorded,2,75,4170.62,17.9457,0.77799,-0.035364
not-recorded,2,75,4169.19,17.8960,0.78485,-0.028989
not-recorded,2,75,4168.37,17.8851,0.77356,-0.027852
not-recorded,2,75,4169.86,17.8844,0.78211,-0.050829
not-recorded,2,75,4169.54,17.9333,0.78536,-0.050160
not-recorded,2,75,4167.98,17.8576,0.78440,-0.046097
not-recorded,2,75,4166.69,17.8789,0.78531,-0.042075
not-recorded,2,75,4167.44,17.9352,0.78338,-0.051309
not-recorded,2,75,4172.38,17.8922,0.78512,-0.012984
not-recorded,2,75,4171.70,17.9215,0.78166,-0.011174
not-recorded,2,75,4173.16,17.8913,0.78526,0.018786
not-recorded,2,75,4176.14,17.9449,0.77968,0.052684
not-recorded,2,75,4174.76,17.9670,0.78470,0.048314
not-recorded,2,75,4175.73,17.9468,0.78680,0.052503
not-recorded,2,75,4177.89,17.9608,0.78621,0.033203
not-recorded,2,75,4175.09,17.9615,0.78379,0.050712
not-recorded,2,75,4172.50,18.0059,0.78805,0.053660
not-recorded,2,75,4173.68,17.9649,0.78333,0.047916
not-recorded,2,75,4178.36,17.9626,0.78741,-0.016073
not-recorded,2,75,4175.05,17.9921,0.78589,0.019396
not-recorded,2,75,4177.81,17.9992,0.78482,-0.033630
not-recorded,2,75,4179.41,17.9403,0.78736,-0.051175
not-recorded,2,75,4175.94,17.9477,0.78239,-0.028436
not-recorded,2,75,4177.19,18.0499,0.78754,-0.048099
not-recorded,2,75,4179.09,17.9796,0.78473,-0.053160
not-recorded,2,75,4175.51,18.0200,0.78008,-0.045494
not-recorded,2,75,4177.00,17.9978,0.79164,-0.053586
not-recorded,2,75,4181.63,17.9956,0.79142,-0.000309
not-recorded,2,75,4181.95,18.0713,0.79295,0.015552
not-recorded,2,75,4180.37,18.0311,0.78604,0.006016
not-recorded,2,75,4180.77,17.9743,0.78579,0.021986
not-recorded,2,75,4187.14,18.0655,0.79471,0.040278
not-recorded,2,75,4182.07,18.0388,0.78402,0.052719
not-recorded,2,75,4181.89,17.9631,0.78563,0.052948
not-recorded,2,75,4183.08,17.9657,0.79053,0.051643
not-recorded,2,75,4182.57,18.0502,0.78689,0.050380
not-recorded,2,75,4183.52,18.0062,0.78540,0.037302
not-recorded,2,75,4183.22,18.0619,0.78992,0.031548
not-recorded,2,75,4186.08,18.1066,0.79056,-0.021066
not-recorded,2,75,4183.88,18.0284,0.79145,-0.001674
not-recorded,2,75,4185.58,18.0485,0.78546,-0.032121
not-recorded,2,75,4189.74,18.0632,0.79426,-0.048386
not-recorded,2,75,4187.04,18.0788,0.79411,-0.053202
not-recorded,2,75,4189.08,18.0990,0.78806,-0.040334
not-recorded,2,75,4190.58,18.0604,0.79007,-0.011262
not-recorded,2,75,4187.50,18.1054,0.78826,-0.041388
not-recorded,2,75,4185.82,18.0484,0.78779,-0.050208
not-recorded,2,75,4188.63,18.0585,0.79549,-0.006071
not-recorded,2,75,4183.61,17.9889,0.79279,-0.051578
not-recorded,2,75,4190.20,18.1152,0.79067,0.035893
not-recorded,2,75,4189.48,18.0929,0.78864,0.037402
not-recorded,2,75,4192.50,18.1208,0.78820,0.051998
not-recorded,2,75,4194.58,18.1426,0.78600,0.030377
not-recorded,2,75,4189.74,18.0906,0.79014,0.056346
not-recorded,2,75,4193.73,18.1457,0.79213,0.021749
not-recorded,2,75,4193.47,18.1626,0.78873,0.012620
not-recorded,2,75,4190.11,18.0513,0.78485,0.044318
not-recorded,2,75,4193.47,18.1636,0.79523,-0.009243
not-recorded,2,75,4193.44,18.0684,0.78469,-0.020715
not-recorded,2,75,4194.20,18.0644,0.80036,-0.040159
not-recorded,2,75,4194.11,18.1545,0.79753,-0.045457
not-recorded,2,75,4195.71,18.0858,0.79055,-0.052323
not-recorded,2,75,4192.53,18.1519,0.78939,-0.045466
not-recorded,2,75,4189.96,18.0983,0.78705,-0.027117
not-recorded,2,75,4194.50,18.1024,0.79688,-0.050901
not-recorded,2,75,4200.45,18.1675,0.78595,0.032862
not-recorded,2,75,4200.18,18.2053,0.79535,0.038933
not-recorded,2,75,4196.75,18.1464,0.79172,0.004596
not-recorded,2,75,4195.53,18.0808,0.79859,-0.002836
not-recorded,2,75,4195.04,18.1532,0.79038,0.003438
not-recorded,2,75,4196.64,18.1600,0.79916,0.034924
not-recorded,2,75,4197.32,18.2035,0.79375,0.047563
not-recorded,2,75,4197.14,18.1769,0.79334,0.050517
not-recorded,2,75,4198.04,18.1518,0.78714,0.054462
not-recorded,2,75,4198.15,18.1642,0.79812,0.052580
not-recorded,2,75,4199.00,18.1676,0.79073,0.038637
not-recorded,2,75,4202.70,18.1792,0.79641,-0.022398
not-recorded,2,75,4202.38,18.2498,0.79603,-0.032095
not-recorded,2,75,4199.56,18.2067,0.79329,-0.002122
not-recorded,2,75,4199.87,18.1767,0.79834,-0.020167
not-recorded,2,75,4204.33,18.2118,0.79621,-0.054685
not-recorded,2,75,4202.51,18.2283,0.79292,-0.054194
not-recorded,2,75,4203.35,18.2404,0.79576,-0.048901
not-recorded,2,75,4201.13,18.1740,0.79492,-0.054449
not-recorded,2,75,4207.28,18.2543,0.80404,0.015772
not-recorded,2,75,4204.96,18.2241,0.79255,-0.004960
not-recorded,2,75,4201.57,18.2251,0.79249,-0.038637
not-recorded,2,75,4202.68,18.1645,0.79035,-0.016514
not-recorded,2,75,4200.74,18.1974,0.80153,-0.031752
not-recorded,2,75,4205.15,18.2225,0.80275,0.040559
not-recorded,2,75,4208.18,18.2360,0.79963,0.052513
not-recorded,2,75,4207.50,18.2773,0.79756,0.051692
not-recorded,2,75,4203.82,18.2035,0.79707,0.047521
not-recorded,2,75,4201.81,18.1741,0.79229,0.035674
not-recorded,2,75,4205.52,18.2175,0.79352,0.048620
not-recorded,2,75,4203.77,18.1437,0.79683,0.053346
not-recorded,2,75,4211.88,18.2651,0.80017,-0.043572
not-recorded,2,75,4207.61,18.2652,0.80071,-0.004360
not-recorded,2,75,4212.76,18.3140,0.79702,-0.053990
not-recorded,2,75,4209.05,18.2977,0.80122,-0.039578
not-recorded,2,75,4212.98,18.2936,0.80117,-0.045427
not-recorded,2,75,4208.65,18.2244,0.79190,-0.050595
not-recorded,2,75,4208.76,18.2502,0.79455,-0.052444
not-recorded,2,75,4212.13,18.2219,0.79683,-0.027885
not-recorded,2,75,4212.65,18.2692,0.80011,-0.012367
not-recorded,2,75,4213.69,18.3365,0.80118,0.017188
not-recorded,2,75,4213.34,18.3402,0.79809,0.023145
not-recorded,2,75,4211.83,18.2610,0.80122,0.011895
not-recorded,2,75,4208.49,18.2235,0.79253,-0.025615
not-recorded,2,75,4209.52,18.2260,0.79376,-0.000715
not-recorded,2,75,4215.65,18.3004,0.80050,0.052343
not-recorded,2,75,4213.45,18.3096,0.79974,0.056308
not-recorded,2,75,4212.95,18.3016,0.79990,0.055085
not-recorded,2,75,4214.57,18.2909,0.80018,0.042069
not-recorded,2,75,4212.36,18.2421,0.79631,0.049636
not-recorded,2,75,4217.45,18.2697,0.79829,-0.015910
not-recorded,2,75,4214.93,18.2992,0.79754,0.007402
not-recorded,2,75,4217.17,18.3036,0.79688,-0.035257
not-recorded,2,75,4216.81,18.3135,0.80629,-0.040264
not-recorded,2,75,4219.07,18.3375,0.79558,-0.055208
not-recorded,2,75,4219.74,18.3222,0.79955,-0.050427
not-recorded,2,75,4220.43,18.2804,0.80082,-0.034144
not-recorded,2,75,4217.67,18.2833,0.80139,-0.051708
not-recorded,2,75,4216.92,18.2846,0.80113,-0.051657
not-recorded,2,75,4221.06,18.3526,0.80424,0.008292
not-recorded,2,75,4218.85,18.3540,0.79349,-0.014035
not-recorded,2,75,4218.94,18.4441,0.80853,0.000703
not-recorded,2,75,4219.34,18.3483,0.80327,0.015756
not-recorded,2,75,4217.97,18.3462,0.79637,0.007403
not-recorded,2,75,4219.28,18.3855,0.80747,0.037027
not-recorded,2,75,4221.05,18.3639,0.79779,0.052279
not-recorded,2,75,4221.18,18.3636,0.80603,0.054934
not-recorded,2,75,4221.43,18.3718,0.79690,0.051755
not-recorded,2,75,4222.73,18.3379,0.80299,0.033405
not-recorded,2,75,4219.98,18.3215,0.80545,0.048754
not-recorded,2,75,4221.82,18.3952,0.80591,0.023367
not-recorded,2,75,4223.25,18.4171,0.79977,-0.008020
not-recorded,2,75,4222.66,18.4435,0.80074,-0.010666
not-recorded,2,75,4222.98,18.4216,0.80526,-0.028053
not-recorded,2,75,4224.22,18.4312,0.80671,-0.048748
not-recorded,2,75,4223.43,18.3700,0.79874,-0.050364
not-recorded,2,75,4223.46,18.3880,0.80734,-0.054875
not-recorded,2,75,4220.95,18.3859,0.80081,-0.040436
not-recorded,2,75,4226.57,18.3902,0.80568,-0.028112
not-recorded,2,75,4226.38,18.4811,0.80282,-0.019723
not-recorded,2,75,4228.45,18.4416,0.80783,0.020825
not-recorded,2,75,4221.05,18.3647,0.79857,-0.053650
not-recorded,2,75,4226.94,18.4002,0.81130,0.021913
not-recorded,2,75,4230.29,18.4760,0.80549,0.053871
not-recorded,2,75,4226.89,18.4235,0.80425,0.041724
not-recorded,2,75,4222.97,18.3396,0.79830,-0.001609
not-recorded,2,75,4226.50,18.3821,0.80354,0.050538
not-recorded,2,75,4224.17,18.4237,0.80585,0.038879
not-recorded,2,75,4228.97,18.4511,0.80690,0.041793
not-recorded,2,75,4227.32,18.4164,0.80936,0.048215
not-recorded,2,75,4225.25,18.3715,0.80275,0.052511
not-recorded,2,75,4230.37,18.4959,0.80179,-0.008796
not-recorded,2,75,4228.72,18.3847,0.79962,0.005555
not-recorded,2,75,4230.10,18.4175,0.80271,-0.026974
not-recorded,2,75,4228.56,18.4437,0.80937,-0.017839
not-recorded,2,75,4228.89,18.4252,0.80692,-0.033767
not-recorded,2,75,4232.77,18.3987,0.80587,-0.053409
not-recorded,2,75,4228.81,18.3878,0.81183,-0.046684
not-recorded,2,75,4235.55,18.5056,0.80748,-0.001341
not-recorded,2,75,4233.75,18.5060,0.80958,-0.017681
not-recorded,2,75,4231.57,18.4026,0.80103,-0.035949
not-recorded,2,75,4234.14,18.5242,0.80453,0.013670
not-recorded,2,75,4233.73,18.4736,0.81019,0.017338
not-recorded,2,75,4232.25,18.4690,0.80982,0.005887
not-recorded,2,75,4234.03,18.5008,0.80667,0.041413
not-recorded,2,75,4236.51,18.4349,0.81077,0.052788
not-recorded,2,75,4232.42,18.4989,0.80393,0.039013
not-recorded,2,75,4232.02,18.3904,0.81102,0.042757
not-recorded,2,75,4232.92,18.4398,0.81179,0.053597
not-recorded,2,75,4232.92,18.4236,0.80948,0.055075
not-recorded,2,75,4238.02,18.5174,0.79886,-0.006448
not-recorded,2,75,4233.07,18.4418,0.81008,0.049047
not-recorded,2,75,4235.10,18.5049,0.80617,0.014424
not-recorded,2,75,4232.78,18.4409,0.79936,0.034095
not-recorded,2,75,4236.86,18.4873,0.80570,-0.034694
not-recorded,2,75,4240.57,18.5258,0.81172,-0.050811
not-recorded,2,75,4232.62,18.4837,0.80658,0.002247
not-recorded,2,75,4236.18,18.4752,0.80993,-0.048627
not-recorded,2,75,4240.47,18.5092,0.81125,-0.030224
not-recorded,2,75,4233.05,18.5029,0.80750,-0.034662
not-recorded,2,75,4241.64,18.5806,0.81646,0.007385
not-recorded,2,75,4243.39,18.4970,0.81284,0.039157
not-recorded,2,75,4241.62,18.5006,0.81189,0.028378
not-recorded,2,75,4239.01,18.4298,0.80528,0.001237
not-recorded,2,75,4235.80,18.4840,0.80830,-0.030546
not-recorded,2,75,4241.92,18.6073,0.81488,0.053168
not-recorded,2,75,4240.16,18.5401,0.80626,0.046884
not-recorded,2,75,4241.62,18.5421,0.81006,0.052640
not-recorded,2,75,4239.02,18.4876,0.80565,0.051135
not-recorded,2,75,4240.80,18.5207,0.80614,0.053174
not-recorded,2,75,4248.02,18.5869,0.81308,-0.043269
not-recorded,2,75,4244.10,18.5035,0.81096,-0.003884
not-recorded,2,75,4238.44,18.5258,0.81176,0.053080
not-recorded,2,75,4246.68,18.6003,0.81133,-0.052157
not-recorded,2,75,4239.93,18.4527,0.81170,0.024598
not-recorded,2,75,4243.98,18.5776,0.81047,-0.042333
not-recorded,2,75,4244.26,18.5896,0.80939,-0.050419
not-recorded,2,75,4245.85,18.5517,0.81338,-0.054043
not-recorded,2,75,4248.93,18.5435,0.80814,-0.010882
not-recorded,2,75,4242.57,18.5929,0.80289,-0.054912
not-recorded,2,75,4247.43,18.5656,0.81855,-0.009460
not-recorded,2,75,4248.84,18.5712,0.81435,0.023967
not-recorded,2,75,4247.29,18.5724,0.81221,0.009189
not-recorded,2,75,4243.49,18.6201,0.81067,-0.031116
not-recorded,2,75,4248.74,18.6358,0.81331,0.046718
not-recorded,2,75,4244.50,18.5793,0.80750,0.003987
not-recorded,2,75,4247.04,18.6098,0.81082,0.043912
not-recorded,2,75,4247.77,18.5821,0.81302,0.056001
not-recorded,2,75,4246.61,18.5519,0.80606,0.052113
not-recorded,2,75,4246.11,18.5138,0.80871,0.052967
not-recorded,2,75,4247.18,18.5617,0.80771,0.052520
not-recorded,2,75,4248.63,18.5333,0.81864,0.030795
not-recorded,2,75,4247.50,18.6498,0.80995,0.035388
not-recorded,2,75,4248.46,18.5758,0.80669,0.010760
not-recorded,2,75,4246.77,18.5955,0.81608,0.026024
not-recorded,2,75,4246.18,18.5242,0.81278,0.024357
not-recorded,2,75,4250.31,18.6318,0.81073,-0.045165
not-recorded,2,75,4247.10,18.6441,0.81377,-0.015869
not-recorded,2,75,4249.41,18.5330,0.81174,-0.052521
not-recorded,2,75,4250.27,18.6331,0.80876,-0.054581
not-recorded,2,75,4250.47,18.5738,0.81213,-0.051660
not-recorded,2,75,4249.26,18.6366,0.80964,-0.054075
not-recorded,2,75,4250.50,18.6223,0.81332,-0.042764
not-recorded,2,75,4253.83,18.7371,0.80857,0.017082
not-recorded,2,75,4251.76,18.6544,0.81584,-0.003092
not-recorded,2,75,4250.40,18.6267,0.81118,-0.013728
not-recorded,2,75,4254.87,18.5874,0.81475,0.052374
not-recorded,2,75,4248.36,18.5841,0.81219,-0.018714
not-recorded,2,75,4250.76,18.6116,0.81708,0.027448
not-recorded,2,75,4253.12,18.6299,0.81205,0.054153
not-recorded,2,75,4253.60,18.6913,0.81088,0.052270
not-recorded,2,75,4251.87,18.6953,0.82149,0.054533
not-recorded,2,75,4256.48,18.6657,0.81216,0.007554
not-recorded,2,75,4253.93,18.6628,0.81326,0.032402
not-recorded,2,75,4255.31,18.6855,0.81137,0.000457
not-recorded,2,75,4254.25,18.6656,0.80631,0.007505
not-recorded,2,75,4256.34,18.6536,0.81728,-0.035645
not-recorded,2,75,4256.12,18.6892,0.81080,-0.043634
not-recorded,2,75,4251.87,18.6186,0.81472,0.008347
not-recorded,2,75,4258.60,18.6450,0.82232,-0.051646
not-recorded,2,75,4258.75,18.7273,0.81777,-0.043823
not-recorded,2,75,4251.04,18.5591,0.81110,-0.015836
not-recorded,2,75,4256.01,18.6673,0.81448,-0.052611
not-recorded,2,75,4255.20,18.5783,0.81246,-0.054902
not-recorded,2,75,4254.56,18.6680,0.80929,-0.050331
not-recorded,2,75,4259.02,18.6785,0.81806,0.013277
not-recorded,2,75,4259.28,18.6772,0.82123,0.030262
not-recorded,2,75,4259.92,18.7315,0.82224,0.043444
not-recorded,2,75,4259.05,18.6562,0.81130,0.045608
not-recorded,2,75,4256.66,18.6666,0.81715,0.024078
not-recorded,2,75,4259.43,18.6903,0.82463,0.054358
not-recorded,2,75,4262.16,18.6892,0.81232,0.036612
not-recorded,2,75,4257.82,18.5905,0.81997,0.053666
not-recorded,2,75,4259.13,18.6474,0.81413,0.050864
not-recorded,2,75,4261.79,18.6966,0.81287,0.008881
not-recorded,2,75,4260.16,18.5999,0.82019,0.020683
not-recorded,2,75,4259.75,18.7245,0.81499,0.016808
not-recorded,2,75,4260.16,18.6772,0.82165,-0.004338
not-recorded,2,75,4262.81,18.7202,0.82154,-0.048697
not-recorded,2,75,4261.02,18.7483,0.81830,-0.037074
not-recorded,2,75,4258.77,18.7208,0.81678,-0.018123
not-recorded,2,75,4260.91,18.7372,0.82390,-0.049758
not-recorded,2,75,4263.69,18.7208,0.81752,-0.045605
not-recorded,2,75,4264.40,18.7539,0.82053,-0.030001
not-recorded,2,75,4261.80,18.6781,0.81459,-0.049231
not-recorded,2,75,4263.72,18.6244,0.82071,-0.018834
not-recorded,2,75,4258.32,18.6851,0.81480,-0.052863
not-recorded,2,75,4263.28,18.6863,0.81361,-0.003521
not-recorded,2,75,4260.92,18.7736,0.81202,-0.024487
not-recorded,2,75,4264.80,18.7017,0.81678,0.039265
not-recorded,2,75,4265.61,18.7839,0.81617,0.051718
not-recorded,2,75,4266.50,18.7810,0.81593,0.052425
not-recorded,2,75,4264.47,18.8191,0.82006,0.054535
not-recorded,2,75,4264.37,18.6422,0.81609,0.056279
not-recorded,2,75,4267.62,18.7432,0.82125,0.022931
not-recorded,2,75,4271.93,18.7853,0.81705,-0.045254
not-recorded,2,75,4263.02,18.7040,0.81753,0.054868
not-recorded,2,75,4263.11,18.6858,0.82350,0.047100
not-recorded,2,75,4269.90,18.7511,0.81698,-0.048786
not-recorded,2,75,4262.56,18.7125,0.81634,0.040015
not-recorded,2,75,4271.42,18.7922,0.81461,-0.050291
not-recorded,2,75,4265.75,18.7047,0.81673,-0.028674
not-recorded,2,75,4267.71,18.7863,0.81681,-0.054910
not-recorded,2,75,4267.54,18.7612,0.81773,-0.054109
not-recorded,2,75,4268.09,18.7536,0.82303,-0.051185
not-recorded,2,75,4265.80,18.6858,0.81550,-0.054572
not-recorded,2,75,4272.13,18.7731,0.81630,0.017570
not-recorded,2,75,4268.12,18.7308,0.82579,-0.031400
not-recorded,2,75,4266.03,18.7703,0.82143,-0.044297
not-recorded,2,75,4272.18,18.8303,0.82367,0.047520
not-recorded,2,75,4270.30,18.7905,0.82135,0.035179
not-recorded,2,75,4268.09,18.6899,0.82181,0.014583
not-recorded,2,75,4272.27,18.8546,0.81827,0.053275
not-recorded,2,75,4269.40,18.7131,0.81924,0.049352
not-recorded,2,75,4268.85,18.7766,0.82024,0.050728
not-recorded,2,75,4273.29,18.7993,0.82612,0.027725
not-recorded,2,75,4269.17,18.8000,0.81763,0.055624
not-recorded,2,75,4270.22,18.7755,0.81833,0.044566
not-recorded,2,75,4276.12,18.8292,0.82425,-0.044287
not-recorded,2,75,4269.81,18.8423,0.82334,0.032325
not-recorded,2,75,4272.54,18.7750,0.82006,-0.018185
not-recorded,2,75,4275.04,18.8632,0.82676,-0.053848
not-recorded,2,75,4274.21,18.8218,0.83119,-0.052219
not-recorded,2,75,4276.07,18.7851,0.82068,-0.049932
not-recorded,2,75,4274.20,18.8046,0.81665,-0.053612
not-recorded,2,75,4277.24,18.8172,0.81792,-0.021207
not-recorded,2,75,4272.82,18.7831,0.82289,-0.054801
not-recorded,2,75,4271.73,18.8267,0.82382,-0.053302
not-recorded,2,75,4274.51,18.8046,0.82116,-0.027615
not-recorded,2,75,4273.58,18.8701,0.82035,-0.028541
not-recorded,2,75,4274.63,18.8580,0.82073,0.000805
not-recorded,2,75,4280.01,18.8103,0.82459,0.055295
not-recorded,2,75,4276.49,18.8285,0.81844,0.044974
not-recorded,2,75,4271.28,18.8085,0.82257,-0.015658
not-recorded,2,75,4280.76,18.8477,0.82740,0.029256
not-recorded,2,75,4278.06,18.9282,0.82097,0.049563
not-recorded,2,75,4277.90,18.8821,0.82243,0.043280
not-recorded,2,75,4276.88,18.8854,0.82069,0.045260
not-recorded,2,75,4275.03,18.7580,0.82036,0.053455
not-recorded,2,75,4276.94,18.9000,0.82511,0.025820
not-recorded,2,75,4275.55,18.7921,0.82375,0.037817
not-recorded,2,75,4280.97,18.8143,0.82536,-0.048520
not-recorded,2,75,4273.42,18.7368,0.81667,0.041875
not-recorded,2,75,4279.69,18.8679,0.82474,-0.047758
not-recorded,2,75,4277.56,18.8101,0.81632,-0.037543
not-recorded,2,75,4277.20,18.7996,0.82166,-0.042916
not-recorded,2,75,4274.15,18.8020,0.82241,-0.010504
not-recorded,2,75,4281.94,18.8456,0.82580,-0.026909
not-recorded,2,75,4283.82,18.9025,0.82455,0.015509
not-recorded,2,75,4281.44,18.8589,0.82313,-0.012167
not-recorded,2,75,4284.69,18.9120,0.82784,0.044580
not-recorded,2,75,4276.56,18.9079,0.82284,-0.052700
not-recorded,2,75,4278.11,18.9083,0.82627,-0.026645
not-recorded,2,75,4280.13,18.7963,0.82543,0.017446
not-recorded,2,75,4280.62,18.9379,0.81971,0.035676
not-recorded,2,75,4282.66,18.8865,0.82563,0.055838
not-recorded,2,75,4280.01,18.8335,0.82581,0.043594
not-recorded,2,75,4280.70,18.8543,0.82912,0.052390
not-recorded,2,75,4278.90,18.9244,0.82712,0.048223
not-recorded,2,75,4282.41,18.8984,0.82620,0.041338
not-recorded,2,75,4284.14,18.9366,0.82188,0.010199
not-recorded,2,75,4282.14,18.9124,0.82330,0.027002
not-recorded,2,75,4280.41,18.9166,0.82333,0.039200
not-recorded,2,75,4287.17,18.9611,0.82793,-0.052138
not-recorded,2,75,4286.40,18.9549,0.82684,-0.053698
not-recorded,2,75,4284.00,18.8547,0.82366,-0.043979
not-recorded,2,75,4279.66,18.8671,0.82598,0.006945
not-recorded,2,75,4283.68,18.9039,0.81981,-0.053270
not-recorded,2,75,4284.97,18.9336,0.82578,-0.051762
not-recorded,2,75,4285.43,18.9195,0.82694,-0.045497
not-recorded,2,75,4286.80,18.8708,0.82447,-0.017740
not-recorded,2,75,4290.58,18.9933,0.82665,0.045387
not-recorded,2,75,4285.07,18.8772,0.83350,-0.023263
not-recorded,2,75,4284.91,18.9075,0.82659,-0.014921
not-recorded,2,75,4287.08,18.9040,0.82865,0.033523
not-recorded,2,75,4281.84,18.8500,0.82821,-0.034563
not-recorded,2,75,4285.14,18.8972,0.82478,0.025840
not-recorded,2,75,4286.00,18.9205,0.82393,0.045352
not-recorded,2,75,4290.10,18.9074,0.82690,0.039401
not-recorded,2,75,4286.64,18.9126,0.82773,0.057720
not-recorded,2,75,4288.53,18.8829,0.82756,0.038283
not-recorded,2,75,4284.77,18.9119,0.83295,0.057444
not-recorded,2,75,4287.61,18.9075,0.82464,0.031484
not-recorded,2,75,4292.34,18.9824,0.83110,-0.044112
not-recorded,2,75,4284.31,18.8643,0.82265,0.049413
not-recorded,2,75,4289.56,18.9857,0.82476,-0.031008
not-recorded,2,75,4287.77,18.8943,0.82491,-0.015820
not-recorded,2,75,4288.21,18.9133,0.82517,-0.033768
not-recorded,2,75,4288.07,18.9504,0.82480,-0.039418
not-recorded,2,75,4285.27,18.8802,0.82726,-0.013913
not-recorded,2,75,4288.67,18.9034,0.82981,-0.057325
not-recorded,2,75,4287.31,18.9378,0.83040,-0.054296
not-recorded,2,75,4292.74,18.9623,0.82912,-0.005221
not-recorded,2,75,4285.28,18.9556,0.82139,-0.048559
not-recorded,2,75,4287.98,18.9110,0.82851,-0.048577
not-recorded,2,75,4292.56,19.0213,0.82920,0.025497
not-recorded,2,75,4288.97,18.9650,0.82738,-0.018469
not-recorded,2,75,4290.48,18.9346,0.82544,0.017398
not-recorded,2,75,4286.40,18.9261,0.82314,-0.030915
not-recorded,2,75,4292.17,19.0262,0.83141,0.053354
not-recorded,2,75,4291.89,18.9268,0.83242,0.054670
not-recorded,2,75,4290.82,18.9763,0.82619,0.053350
not-recorded,2,75,4294.25,19.0431,0.83392,0.034333
not-recorded,2,75,4295.51,18.9677,0.83172,0.001502
not-recorded,2,75,4289.28,18.9119,0.82747,0.055757
not-recorded,2,75,4289.08,18.9259,0.82585,0.054001
not-recorded,2,75,4295.13,19.0097,0.82905,-0.027225
not-recorded,2,75,4290.37,19.0232,0.82861,0.035624
not-recorded,2,75,4291.43,18.9521,0.82262,0.006151
not-recorded,2,75,4292.72,18.9876,0.83164,-0.024589
not-recorded,2,75,4296.88,18.9879,0.83454,-0.055102
not-recorded,2,75,4294.93,18.9782,0.82990,-0.056116
not-recorded,2,75,4294.92,18.9621,0.82858,-0.053873
not-recorded,2,75,4291.74,18.9997,0.82678,-0.047117
not-recorded,2,75,4295.90,19.0143,0.83383,-0.033399
not-recorded,2,75,4298.22,18.9789,0.82991,0.012547
not-recorded,2,75,4297.03,18.9892,0.83100,0.003638
not-recorded,2,75,4294.22,18.9548,0.83312,-0.023612
not-recorded,2,75,4294.31,18.9253,0.82531,-0.012186
not-recorded,2,75,4298.60,19.0981,0.83555,0.053096
not-recorded,2,75,4296.24,19.0158,0.83345,0.038643
not-recorded,2,75,4295.64,19.0230,0.82708,0.040642
not-recorded,2,75,4298.48,19.0039,0.83415,0.052829
not-recorded,2,75,4294.41,19.0784,0.82971,0.040906
not-recorded,2,75,4293.14,19.0214,0.83504,0.038662
not-recorded,2,75,4293.50,18.9504,0.83136,0.049242
not-recorded,2,75,4298.18,19.0043,0.83049,0.025885
not-recorded,2,75,4295.49,19.0476,0.83356,0.047479
not-recorded,2,75,4295.12,19.0214,0.83029,0.044328
not-recorded,2,75,4298.88,19.0195,0.82657,-0.020004
not-recorded,2,75,4299.43,19.0290,0.83851,-0.036678
not-recorded,2,75,4297.48,19.0212,0.82723,-0.019792
not-recorded,2,75,4299.73,19.0218,0.83459,-0.055627
not-recorded,2,75,4295.69,19.0129,0.82737,-0.014528
not-recorded,2,75,4298.47,19.0492,0.83676,-0.056512
not-recorded,2,75,4297.31,19.0251,0.83290,-0.054206
not-recorded,2,75,4295.98,18.9616,0.83752,-0.049215
not-recorded,2,75,4297.95,19.0651,0.82926,-0.054076
not-recorded,2,75,4300.24,18.9950,0.83298,-0.022042
not-recorded,2,75,4298.25,18.9948,0.83428,-0.037132
not-recorded,2,75,4299.62,19.0595,0.83464,-0.008333
not-recorded,2,75,4300.21,19.0783,0.83514,0.012996
not-recorded,2,75,4297.62,19.0168,0.82589,-0.014744
not-recorded,2,75,4300.54,19.0957,0.83068,0.036758
not-recorded,2,75,4296.39,19.0020,0.83080,-0.010223
not-recorded,2,75,4301.71,18.9854,0.83418,0.055250
not-recorded,2,75,4299.13,19.0442,0.83259,0.046887
not-recorded,2,75,4298.38,19.0228,0.83508,0.048505
not-recorded,2,75,4303.08,19.1204,0.83011,0.026813
not-recorded,2,75,4300.17,19.0435,0.84043,0.049427
not-recorded,2,75,4302.69,19.0189,0.83492,0.013194
not-recorded,2,75,4303.43,19.0385,0.83675,-0.012080
not-recorded,2,75,4300.81,19.0123,0.83101,0.020112
not-recorded,2,75,4302.16,19.1049,0.83701,-0.017210
not-recorded,2,75,4304.04,19.0563,0.82658,-0.046636
not-recorded,2,75,4300.21,19.0321,0.82991,-0.012049
not-recorded,2,75,4299.91,18.9997,0.83506,-0.015791
not-recorded,2,75,4303.75,19.0369,0.83188,-0.055377
not-recorded,2,75,4302.33,19.0298,0.83314,-0.055739
not-recorded,2,75,4303.44,19.0637,0.82726,-0.050264
not-recorded,2,75,4303.87,19.1430,0.83042,-0.042103
not-recorded,2,75,4305.97,19.0863,0.83071,0.001202
not-recorded,2,75,4303.17,19.0567,0.83928,-0.029771
not-recorded,2,75,4301.04,19.0437,0.83133,-0.046251
not-recorded,2,75,4300.07,19.0531,0.82927,-0.048423
not-recorded,2,75,4305.97,19.1416,0.83198,0.041972
not-recorded,2,75,4303.84,19.0924,0.83017,0.027720
not-recorded,2,75,4303.76,19.1245,0.82902,0.035770
not-recorded,2,75,4303.75,19.1223,0.83727,0.045739
not-recorded,2,75,4306.28,19.1149,0.83736,0.052265
not-recorded,2,75,4308.58,19.1485,0.83652,0.020457
not-recorded,2,75,4305.00,19.1270,0.82994,0.052946
not-recorded,2,75,4305.60,19.1206,0.83856,0.041469
not-recorded,2,75,4306.88,19.1138,0.83204,0.011297
not-recorded,2,75,4305.38,19.0190,0.83749,0.023629
not-recorded,2,75,4309.72,19.1433,0.84136,-0.046709
not-recorded,2,75,4308.90,19.0915,0.83596,-0.047352
not-recorded,2,75,4306.45,19.0988,0.83389,-0.031012
not-recorded,2,75,4306.78,19.1345,0.83829,-0.040822
not-recorded,2,75,4309.17,19.2136,0.83790,-0.053010
not-recorded,2,75,4308.22,19.1317,0.83328,-0.052163
not-recorded,2,75,4309.05,19.1700,0.82665,-0.045247
not-recorded,2,75,4306.09,19.1787,0.83742,-0.054599
not-recorded,2,75,4306.31,19.0708,0.83407,-0.051156
not-recorded,2,75,4306.61,19.0948,0.83219,-0.048987
not-recorded,2,75,4310.97,19.1874,0.84307,0.026125
not-recorded,2,75,4309.95,19.0991,0.83467,0.022239
not-recorded,2,75,4305.00,19.0955,0.83495,-0.038043
not-recorded,2,75,4306.57,19.0704,0.82788,-0.008673
not-recorded,2,75,4311.34,19.1290,0.83969,0.053692
not-recorded,2,75,4309.30,19.1941,0.84146,0.048726
not-recorded,2,75,4310.79,19.0646,0.83092,0.055281
not-recorded,2,75,4315.33,19.2084,0.83449,-0.011112
not-recorded,2,75,4312.36,19.1503,0.84127,0.025176
not-recorded,2,75,4309.68,19.1923,0.83061,0.048704
not-recorded,2,75,4310.77,19.2066,0.83571,0.027714
not-recorded,2,75,4304.75,19.1019,0.83565,0.050672
not-recorded,2,75,4307.78,19.1197,0.83423,0.045771
not-recorded,2,75,4309.93,19.1403,0.83875,0.004984
not-recorded,2,75,4314.76,19.2462,0.83102,-0.055596
not-recorded,2,75,4310.95,19.1071,0.83802,-0.034317
not-recorded,2,75,4312.39,19.1504,0.83565,-0.053719
not-recorded,2,75,4311.05,19.1391,0.84093,-0.048639
not-recorded,2,75,4314.96,19.1915,0.83247,-0.036629
not-recorded,2,75,4313.62,19.1549,0.83981,-0.041199
not-recorded,2,75,4312.10,19.1933,0.84107,-0.050303
not-recorded,2,75,4311.01,19.1035,0.83396,-0.050939
not-recorded,2,75,4313.61,19.1829,0.83868,-0.008643
not-recorded,2,75,4314.18,19.2337,0.83821,0.012939
not-recorded,2,75,4311.14,19.1259,0.83805,-0.024263
not-recorded,2,75,4311.23,19.1496,0.84059,-0.013204
not-recorded,2,75,4311.80,19.1103,0.83181,0.010485
not-recorded,2,75,4311.94,19.1808,0.83423,0.023998
not-recorded,2,75,4312.30,19.1693,0.84210,0.039842
not-recorded,2,75,4310.96,19.2070,0.83912,0.028188
not-recorded,2,75,4314.63,19.2091,0.83653,0.051848
not-recorded,2,75,4315.67,19.1814,0.84321,0.037818
not-recorded,2,75,4315.46,19.2167,0.83724,0.028289
not-recorded,2,75,4315.95,19.2407,0.83441,0.010458
not-recorded,2,75,4313.36,19.0856,0.83405,0.036502
not-recorded,2,75,4315.72,19.2048,0.83556,-0.009782
not-recorded,2,75,4312.54,19.1528,0.83615,0.027851
not-recorded,2,75,4314.31,19.1970,0.83883,-0.012399
not-recorded,2,75,4314.14,19.1381,0.83615,-0.018605
not-recorded,2,75,4310.76,19.1117,0.83862,0.021505
not-recorded,2,75,4317.11,19.1703,0.84331,-0.053906
not-recorded,2,75,4317.62,19.2052,0.83891,-0.049538
not-recorded,2,75,4318.31,19.1607,0.84108,-0.035137
not-recorded,2,75,4311.79,19.1146,0.83845,-0.039535
not-recorded,2,75,4313.38,19.1716,0.83742,-0.056680
not-recorded,2,75,4316.82,19.2142,0.84412,-0.024338
not-recorded,2,75,4313.67,19.2035,0.84341,-0.049252
not-recorded,2,75,4315.73,19.1211,0.84347,-0.020358
not-recorded,2,75,4314.89,19.1742,0.83509,-0.018490
not-recorded,2,75,4315.81,19.1891,0.84253,0.008123
not-recorded,2,75,4316.07,19.1604,0.83640,0.024913
not-recorded,2,75,4313.84,19.2040,0.83644,0.002366
not-recorded,2,75,4316.84,19.1971,0.83983,0.050065
not-recorded,2,75,4315.85,19.2074,0.83742,0.048151
not-recorded,2,75,4315.57,19.2163,0.83617,0.053397
not-recorded,2,75,4318.17,19.1314,0.84310,0.048393
not-recorded,2,75,4316.00,19.1868,0.83828,0.055607
not-recorded,2,75,4318.17,19.1578,0.83548,0.030323
not-recorded,2,75,4312.06,19.1096,0.83633,0.046783
not-recorded,2,75,4321.51,19.2637,0.84110,-0.043031
not-recorded,2,75,4318.38,19.1925,0.83346,-0.010372
not-recorded,2,75,4316.05,19.1632,0.83756,0.016355
not-recorded,2,75,4318.20,19.2232,0.84300,-0.029107
not-recorded,2,75,4321.87,19.2743,0.83591,-0.052896
not-recorded,2,75,4316.40,19.2546,0.84224,-0.024718
not-recorded,2,75,4320.78,19.2004,0.83925,-0.049749
not-recorded,2,75,4318.46,19.1782,0.83459,-0.055936
not-recorded,2,75,4321.77,19.2233,0.84272,-0.022388
not-recorded,2,75,4320.41,19.2529,0.83824,-0.029830
not-recorded,2,75,4320.27,19.2031,0.84607,-0.022058
not-recorded,2,75,4319.73,19.1934,0.83873,-0.019523
not-recorded,2,75,4320.58,19.2759,0.83978,0.007364
not-recorded,2,75,4321.54,19.1860,0.84251,0.030955
not-recorded,2,75,4321.00,19.2371,0.83920,0.036207
not-recorded,2,75,4322.51,19.2883,0.84413,0.055497
not-recorded,2,75,4321.33,19.1714,0.84464,0.052978
not-recorded,2,75,4325.08,19.3051,0.83788,0.031110
not-recorded,2,75,4320.06,19.2430,0.84018,0.053672
not-recorded,2,75,4320.29,19.1833,0.84202,0.055925
not-recorded,2,75,4321.57,19.2569,0.84055,0.045542
not-recorded,2,75,4321.88,19.2306,0.83805,0.032422
not-recorded,2,75,4320.47,19.2512,0.84044,0.043072
not-recorded,2,75,4321.64,19.2727,0.84078,0.014781
not-recorded,2,75,4319.66,19.2349,0.83848,0.033251
not-recorded,2,75,4321.83,19.3016,0.84484,-0.013540
not-recorded,2,75,4322.24,19.3086,0.83801,-0.029004
not-recorded,2,75,4322.52,19.2397,0.83694,-0.043788
not-recorded,2,75,4323.97,19.2087,0.84222,-0.055212
not-recorded,2,75,4321.43,19.1739,0.84295,-0.047484
not-recorded,2,75,4321.05,19.1839,0.83807,-0.049092
not-recorded,2,75,4321.64,19.2053,0.84206,-0.055517
not-recorded,2,75,4322.52,19.1982,0.84353,-0.052905
not-recorded,2,75,4323.26,19.2195,0.83378,-0.036391
not-recorded,2,75,4319.88,19.2483,0.83799,-0.053265
not-recorded,2,75,4326.60,19.2963,0.84015,0.036837
not-recorded,2,75,4322.83,19.2709,0.84036,-0.008948
not-recorded,2,75,4323.36,19.1862,0.83828,0.011340
not-recorded,2,75,4324.34,19.2578,0.83640,0.034505
not-recorded,2,75,4321.93,19.2005,0.83828,0.011539
not-recorded,2,75,4323.77,19.2457,0.83940,0.047635
not-recorded,2,75,4321.04,19.2114,0.84234,0.021375
not-recorded,2,75,4322.04,19.2237,0.84487,0.043437
not-recorded,2,75,4322.10,19.2753,0.84186,0.049948
not-recorded,2,75,4325.03,19.2128,0.84366,0.043725
not-recorded,2,75,4326.12,19.2616,0.84276,0.019611
not-recorded,2,75,4325.25,19.2849,0.83731,0.023682
not-recorded,2,75,4325.91,19.3385,0.84181,-0.000433
not-recorded,2,75,4322.24,19.1858,0.84016,0.042880
not-recorded,2,75,4326.19,19.3267,0.84104,-0.030654
not-recorded,2,75,4324.80,19.2908,0.83757,-0.018521
not-recorded,2,75,4323.16,19.2861,0.84071,-0.005029
not-recorded,2,75,4324.84,19.2483,0.84427,-0.038653
not-recorded,2,75,4328.85,19.3633,0.84631,-0.046710
not-recorded,2,75,4330.66,19.3123,0.84389,-0.007829
not-recorded,2,75,4320.33,19.1805,0.84114,-0.006822
not-recorded,2,75,4323.87,19.2438,0.83506,-0.054661
not-recorded,2,75,4330.28,19.2467,0.84329,0.020543
not-recorded,2,75,4326.89,19.2218,0.84194,-0.022297
not-recorded,2,75,4327.39,19.3223,0.84716,-0.003400
not-recorded,2,75,4325.38,19.2779,0.83927,-0.021865
not-recorded,2,75,4324.07,19.2172,0.84704,-0.029943
not-recorded,2,75,4327.64,19.2647,0.84432,0.037187
not-recorded,2,75,4331.25,19.3327,0.84006,0.051728
not-recorded,2,75,4327.43,19.3798,0.83817,0.049918
not-recorded,2,75,4323.43,19.2528,0.84591,0.005074
not-recorded,2,75,4328.93,19.2837,0.84729,0.051006
not-recorded,2,75,4330.58,19.3231,0.84309,0.024148
not-recorded,2,75,4325.34,19.2608,0.83549,0.052690
not-recorded,2,75,4327.45,19.2948,0.83888,0.042591
not-recorded,2,75,4327.61,19.2627,0.84827,0.036020
not-recorded,2,75,4329.89,19.3063,0.84169,-0.012891
not-recorded,2,75,4329.34,19.2800,0.84396,-0.014335
not-recorded,2,75,4332.44,19.3524,0.84162,-0.053740
not-recorded,2,75,4327.77,19.2658,0.84410,-0.014818
not-recorded,2,75,4328.45,19.3768,0.84040,-0.036644
not-recorded,2,75,4331.75,19.3135,0.84446,-0.052759
not-recorded,2,75,4328.66,19.2702,0.84212,-0.052013
not-recorded,2,75,4324.09,19.2557,0.83933,-0.003317
not-recorded,2,75,4333.40,19.3470,0.84519,-0.005849
not-recorded,2,75,4329.68,19.3054,0.84637,-0.046340
not-recorded,2,75,4326.46,19.2722,0.84668,-0.053487
not-recorded,2,75,4332.79,19.3877,0.84578,0.019644
not-recorded,2,75,4325.86,19.2626,0.84003,-0.056203
not-recorded,2,75,4331.10,19.3129,0.84179,0.018130
not-recorded,2,75,4334.29,19.3832,0.84276,0.056604
not-recorded,2,75,4326.82,19.2524,0.83959,-0.029127
not-recorded,2,75,4329.33,19.2950,0.84778,0.025700
not-recorded,2,75,4330.47,19.2942,0.83630,0.047535
not-recorded,2,75,4334.63,19.3240,0.84976,0.033848
not-recorded,2,75,4333.85,19.3078,0.84431,0.035216
not-recorded,2,75,4332.25,19.3664,0.84765,0.045346
not-recorded,2,75,4328.72,19.3163,0.84827,0.056059
not-recorded,2,75,4333.91,19.3213,0.84320,0.000806
not-recorded,2,75,4330.70,19.3327,0.84488,0.037063
not-recorded,2,75,4335.08,19.2955,0.84687,-0.041735
not-recorded,2,75,4334.86,19.3604,0.84310,-0.047321
not-recorded,2,75,4330.85,19.3270,0.84664,0.002618
not-recorded,2,75,4331.51,19.2845,0.84723,-0.021706
not-recorded,2,75,4330.87,19.3128,0.84524,-0.021711
not-recorded,2,75,4336.53,19.4055,0.84813,-0.040401
not-recorded,2,75,4331.52,19.3238,0.84522,-0.051496
not-recorded,2,75,4330.00,19.2726,0.83704,-0.042468
not-recorded,2,75,4331.62,19.3240,0.84700,-0.056367
not-recorded,2,75,4332.29,19.3271,0.84145,-0.050444
not-recorded,2,75,4333.65,19.3509,0.84141,-0.031474
not-recorded,2,75,4335.67,19.4014,0.84719,0.017632
not-recorded,2,75,4335.33,19.3565,0.84757,0.022731
not-recorded,2,75,4330.10,19.2615,0.84317,-0.045963
not-recorded,2,75,4335.01,19.4110,0.84621,0.038397
not-recorded,2,75,4333.72,19.3540,0.83757,0.028762
not-recorded,2,75,4333.96,19.3571,0.84540,0.043475
not-recorded,2,75,4336.17,19.4184,0.84500,0.055572
not-recorded,2,75,4330.33,19.3466,0.84834,0.012931
not-recorded,2,75,4337.06,19.4148,0.84981,0.036152
not-recorded,2,75,4334.76,19.3056,0.84992,0.050325
not-recorded,2,75,4334.84,19.3739,0.84742,0.041925
not-recorded,2,75,4336.68,19.3569,0.84448,0.008844
not-recorded,2,75,4334.60,19.3760,0.84484,0.026449
not-recorded,2,75,4333.89,19.3253,0.84708,0.027865
not-recorded,2,75,4334.84,19.3578,0.84205,0.000730
not-recorded,2,75,4334.21,19.3420,0.84622,-0.001678
not-recorded,2,75,4337.23,19.2939,0.84925,-0.052299
not-recorded,2,75,4336.90,19.3366,0.84875,-0.052904
not-recorded,2,75,4333.57,19.3106,0.84726,-0.026557
not-recorded,2,75,4336.62,19.3902,0.85291,-0.056883
not-recorded,2,75,4336.04,19.3727,0.84302,-0.055916
not-recorded,2,75,4336.85,19.4400,0.84406,-0.045412
not-recorded,2,75,4333.89,19.3633,0.84303,-0.058676
not-recorded,2,75,4336.80,19.3326,0.85153,-0.029294
not-recorded,2,75,4338.31,19.3860,0.84485,0.004808
not-recorded,2,75,4334.66,19.3632,0.84104,-0.040538
not-recorded,2,75,4333.42,19.3580,0.85506,-0.042721
not-recorded,2,75,4334.33,19.3320,0.83674,-0.024802
not-recorded,2,75,4338.27,19.3906,0.84867,0.047440
not-recorded,2,75,4335.81,19.3691,0.85301,0.024838
not-recorded,2,75,4336.58,19.3129,0.85043,0.045328
not-recorded,2,75,4338.80,19.4023,0.84741,0.056036
not-recorded,2,75,4335.86,19.3891,0.84688,0.051115
not-recorded,2,75,4341.84,19.4444,0.85045,-0.001785
not-recorded,2,75,4338.45,19.4326,0.84810,0.039882
not-recorded,2,75,4340.69,19.4282,0.85111,-0.007912
not-recorded,2,75,4334.88,19.3798,0.85026,0.055967
not-recorded,2,75,4336.75,19.4061,0.84868,0.034684
not-recorded,2,75,4340.32,19.3818,0.85112,-0.037183
not-recorded,2,75,4337.04,19.3305,0.84156,0.003164
not-recorded,2,75,4338.43,19.3249,0.84760,-0.031287
not-recorded,2,75,4339.07,19.4355,0.84599,-0.046162
not-recorded,2,75,4335.44,19.4195,0.84913,-0.006098
not-recorded,2,75,4336.72,19.3880,0.84759,-0.034459
not-recorded,2,75,4335.93,19.4042,0.84890,-0.035353
not-recorded,2,75,4341.52,19.3761,0.84990,-0.027318
not-recorded,2,75,4340.47,19.4003,0.84453,-0.033758
not-recorded,2,75,4342.40,19.4140,0.84195,0.009653
not-recorded,2,75,4337.26,19.4084,0.84536,-0.051853
not-recorded,2,75,4336.43,19.3820,0.84797,-0.051726
not-recorded,2,75,4342.20,19.4218,0.84680,0.039207
not-recorded,2,75,4341.07,19.4571,0.83920,0.035162
not-recorded,2,75,4341.51,19.3733,0.84687,0.047218
not-recorded,2,75,4339.30,19.3985,0.85216,0.031039
not-recorded,2,75,4341.13,19.4188,0.84816,0.053670
not-recorded,2,75,4342.94,19.4341,0.85304,0.049045
not-recorded,2,75,4340.43,19.4596,0.84994,0.055336
not-recorded,2,75,4342.80,19.3998,0.85126,0.031830
not-recorded,2,75,4343.93,19.4539,0.84658,0.001946
not-recorded,2,75,4342.32,19.4547,0.85359,0.017250
not-recorded,2,75,4337.67,19.3831,0.84265,0.054728
not-recorded,2,75,4343.69,19.4276,0.84581,-0.029086
not-recorded,2,75,4338.31,19.4038,0.84724,0.043391
not-recorded,2,75,4342.98,19.4219,0.84200,-0.038096
not-recorded,2,75,4339.99,19.3536,0.84453,-0.004913
not-recorded,2,75,4343.34,19.5048,0.84558,-0.054135
not-recorded,2,75,4338.60,19.3853,0.84963,-0.004679
not-recorded,2,75,4341.81,19.4735,0.85309,-0.055026
not-recorded,2,75,4343.84,19.4556,0.84886,-0.045083
not-recorded,2,75,4342.86,19.4111,0.84774,-0.049675
not-recorded,2,75,4340.91,19.4626,0.84559,-0.056246
not-recorded,2,75,4342.43,19.3860,0.84159,-0.038881
not-recorded,2,75,4343.16,19.4414,0.84756,-0.016818
not-recorded,2,75,4339.78,19.3550,0.84203,-0.049237
not-recorded,2,75,4347.19,19.4637,0.84918,0.054695
not-recorded,2,75,4344.22,19.3523,0.84709,0.035521
not-recorded,2,75,4340.36,19.3807,0.84955,-0.018558
not-recorded,2,75,4339.45,19.3480,0.84930,-0.017888
not-recorded,2,75,4344.52,19.4161,0.84899,0.055075
not-recorded,2,75,4341.37,19.4423,0.84436,0.034987
not-recorded,2,75,4342.22,19.4157,0.84905,0.050820
not-recorded,2,75,4341.41,19.3533,0.84368,0.051274
not-recorded,2,75,4341.45,19.4140,0.85152,0.054702
not-recorded,2,75,4346.44,19.4891,0.84988,0.001236
not-recorded,2,75,4344.53,19.4074,0.84472,0.021007
not-recorded,2,75,4341.66,19.4379,0.84940,0.049102
not-recorded,2,75,4343.96,19.4486,0.85145,0.007663
not-recorded,2,75,4346.73,19.4163,0.84695,-0.045339
not-recorded,2,75,4346.03,19.5131,0.84694,-0.045973
not-recorded,2,75,4346.43,19.4461,0.85076,-0.054115
not-recorded,2,75,4344.62,19.5013,0.85250,-0.045331
not-recorded,2,75,4345.12,19.4312,0.84627,-0.054416
not-recorded,2,75,4345.15,19.4597,0.84579,-0.056397
not-recorded,2,75,4341.60,19.4661,0.85305,-0.036747
not-recorded,2,75,4340.08,19.3809,0.84667,-0.026712
not-recorded,2,75,4346.88,19.4765,0.84438,-0.020596
not-recorded,2,75,4343.11,19.4093,0.84759,-0.054176
not-recorded,2,75,4347.09,19.5460,0.84600,0.007783
not-recorded,2,75,4345.69,19.4809,0.84787,-0.002513
not-recorded,2,75,4343.10,19.4437,0.85559,-0.032196
not-recorded,2,75,4340.74,19.4255,0.84058,-0.051164
not-recorded,2,75,4340.21,19.4983,0.84914,-0.048741
not-recorded,2,75,4344.45,19.3903,0.84701,0.022442
not-recorded,2,75,4345.61,19.5016,0.85370,0.046757
not-recorded,2,75,4341.72,19.4343,0.85261,0.003584
not-recorded,2,75,4347.01,19.4716,0.84874,0.054280
not-recorded,2,75,4346.65,19.4740,0.85481,0.050704
not-recorded,2,75,4347.21,19.4075,0.84638,0.037499
not-recorded,2,75,4348.28,19.5021,0.85257,0.010061
not-recorded,2,75,4347.71,19.4295,0.84594,0.008375
not-recorded,2,75,4348.62,19.4521,0.84783,-0.019967
not-recorded,2,75,4344.76,19.4214,0.85217,0.033620
not-recorded,2,75,4346.52,19.4750,0.84523,-0.010566
not-recorded,2,75,4346.32,19.4320,0.84257,-0.015684
not-recorded,2,75,4349.82,19.5271,0.84707,-0.054590
not-recorded,2,75,4349.77,19.5465,0.84604,-0.053773
not-recorded,2,75,4344.71,19.4630,0.84975,-0.027373
not-recorded,2,75,4344.38,19.4443,0.85033,-0.032811
not-recorded,2,75,4349.24,19.4048,0.85107,-0.040868
not-recorded,2,75,4347.05,19.4759,0.84777,-0.053152
not-recorded,2,75,4346.80,19.4612,0.85242,-0.049469
not-recorded,2,75,4342.64,19.4140,0.84634,-0.044857
not-recorded,2,75,4348.41,19.5084,0.84919,-0.009505
not-recorded,2,75,4343.88,19.4744,0.85370,-0.055617
not-recorded,2,75,4347.71,19.4996,0.84713,0.002347
not-recorded,2,75,4348.85,19.4994,0.84979,0.031461
not-recorded,2,75,4343.63,19.4436,0.84173,-0.040133
not-recorded,2,75,4346.90,19.4298,0.85916,0.026234
not-recorded,2,75,4347.94,19.4594,0.84886,0.047607
not-recorded,2,75,4348.30,19.4919,0.84331,0.054845
not-recorded,2,75,4346.47,19.4617,0.84913,0.045394
not-recorded,2,75,4345.70,19.3818,0.85165,0.046923
not-recorded,2,75,4350.72,19.4773,0.85479,0.021016
not-recorded,2,75,4348.18,19.5310,0.85273,0.046199
not-recorded,2,75,4346.70,19.4687,0.84433,0.050483
not-recorded,2,75,4346.00,19.4297,0.85311,0.053764
not-recorded,2,75,4349.35,19.4893,0.85019,-0.005415
not-recorded,2,75,4350.35,19.5688,0.85651,-0.030878
not-recorded,2,75,4349.21,19.4577,0.84849,-0.026100
not-recorded,2,75,4345.11,19.4461,0.85143,0.031547
not-recorded,2,75,4349.59,19.4836,0.85207,-0.047992
not-recorded,2,75,4351.74,19.5344,0.85406,-0.052717
not-recorded,2,75,4348.79,19.4522,0.84293,-0.054434
not-recorded,2,75,4349.06,19.4654,0.85355,-0.057427
not-recorded,2,75,4353.53,19.4885,0.85287,0.000601
not-recorded,2,75,4347.79,19.4483,0.85656,-0.056180
not-recorded,2,75,4350.12,19.4794,0.84372,-0.033566
not-recorded,2,75,4347.89,19.4122,0.85342,-0.050400
not-recorded,2,75,4354.17,19.5640,0.85066,0.048924
not-recorded,2,75,4349.77,19.5304,0.85006,-0.003926
not-recorded,2,75,4351.39,19.5449,0.85666,0.034428
not-recorded,2,75,4346.34,19.5125,0.84717,-0.033672
not-recorded,2,75,4347.96,19.5361,0.85201,0.002476
not-recorded,2,75,4352.32,19.4944,0.85979,0.055524
not-recorded,2,75,4350.46,19.5528,0.85078,0.054024
not-recorded,2,75,4351.67,19.4982,0.85215,0.052443
not-recorded,2,75,4349.16,19.4315,0.85073,0.056174
not-recorded,2,75,4352.18,19.5425,0.84978,0.035813
not-recorded,2,75,4352.88,19.4990,0.84967,0.013618
not-recorded,2,75,4350.31,19.5099,0.85187,0.040395
not-recorded,2,75,4354.35,19.5542,0.84996,-0.035242
not-recorded,2,75,4351.88,19.4935,0.84780,-0.007688
not-recorded,2,75,4348.27,19.4930,0.85555,0.039679
not-recorded,2,75,4353.13,19.5396,0.85446,-0.046187
not-recorded,2,75,4354.08,19.5620,0.85193,-0.055582
not-recorded,2,75,4355.06,19.5802,0.85526,-0.051561
not-recorded,2,75,4347.44,19.4553,0.84932,0.006218
not-recorded,2,75,4349.37,19.5118,0.84997,-0.035938
not-recorded,2,75,4353.20,19.5037,0.85812,-0.046348
not-recorded,2,75,4352.90,19.5911,0.85442,-0.044681
not-recorded,2,75,4353.41,19.5003,0.85588,-0.029965
not-recorded,2,75,4351.76,19.4646,0.85135,-0.040419
not-recorded,2,75,4351.27,19.4654,0.84884,-0.036932
not-recorded,2,75,4351.68,19.4696,0.84558,-0.023448
not-recorded,2,75,4353.15,19.4654,0.85650,0.016632
not-recorded,2,75,4354.96,19.5063,0.85430,0.048471
not-recorded,2,75,4350.04,19.4627,0.85886,-0.011654
not-recorded,2,75,4356.91,19.6030,0.85132,0.049854
not-recorded,2,75,4349.29,19.4429,0.85219,-0.001948
not-recorded,2,75,4351.20,19.4964,0.86010,0.040339
not-recorded,2,75,4352.86,19.4940,0.85163,0.057769
not-recorded,2,75,4350.90,19.5226,0.85402,0.050745
not-recorded,2,75,4354.93,19.5630,0.85915,0.026230
not-recorded,2,75,4357.77,19.5596,0.85329,-0.029901
not-recorded,2,75,4353.92,19.5363,0.85751,0.022499
not-recorded,2,75,4348.16,19.4544,0.85318,0.051758
not-recorded,2,75,4351.62,19.5016,0.85360,0.034433
not-recorded,2,75,4355.36,19.5508,0.85135,-0.036995
not-recorded,2,75,4349.22,19.4253,0.85113,0.045786
not-recorded,2,75,4351.70,19.5129,0.84757,-0.001133
not-recorded,2,75,4354.39,19.5684,0.86061,-0.051309
not-recorded,2,75,4353.93,19.4847,0.85445,-0.051650
not-recorded,2,75,4351.91,19.4847,0.85228,-0.040397
not-recorded,2,75,4354.29,19.5166,0.85346,-0.056920
not-recorded,2,75,4356.99,19.6041,0.85818,-0.018585
not-recorded,2,75,4351.35,19.4788,0.85227,-0.054260
not-recorded,2,75,4353.11,19.5409,0.85092,-0.049494
not-recorded,2,75,4353.22,19.5263,0.85424,-0.042483
not-recorded,2,75,4353.76,19.5257,0.85798,-0.025461
not-recorded,2,75,4353.80,19.5912,0.85289,-0.013251
not-recorded,2,75,4352.57,19.5404,0.85406,-0.022453
not-recorded,2,75,4354.80,19.5889,0.85623,0.027557
not-recorded,2,75,4354.57,19.5560,0.85399,0.033645
not-recorded,2,75,4354.97,19.5459,0.85628,0.046709
not-recorded,2,75,4353.21,19.5274,0.85286,0.035224
not-recorded,2,75,4354.05,19.4726,0.85076,0.052240
not-recorded,2,75,4351.38,19.4577,0.84782,0.031954
not-recorded,2,75,4357.87,19.6014,0.84798,0.019591
not-recorded,2,75,4355.38,19.5892,0.84692,0.043887
not-recorded,2,75,4357.96,19.5351,0.85200,-0.009468
not-recorded,2,75,4355.25,19.4979,0.85471,0.026613
not-recorded,2,75,4355.05,19.5738,0.84983,0.017364
not-recorded,2,75,4356.26,19.5508,0.85033,-0.015952
not-recorded,2,75,4355.79,19.5126,0.84929,-0.019443
not-recorded,2,75,4360.03,19.5805,0.85985,-0.052606
not-recorded,2,75,4355.66,19.5769,0.85772,-0.036866
not-recorded,2,75,4357.36,19.5439,0.85280,-0.056381
not-recorded,2,75,4354.50,19.5455,0.85079,-0.043927
not-recorded,2,75,4359.58,19.5890,0.85735,-0.025596
not-recorded,2,75,4358.49,19.5631,0.85579,-0.032273
not-recorded,2,75,4355.95,19.4833,0.85524,-0.051930
not-recorded,2,75,4355.73,19.5330,0.85362,-0.048102
not-recorded,2,75,4358.83,19.5452,0.85692,0.008209
not-recorded,2,75,4357.87,19.5696,0.85487,0.004599
not-recorded,2,75,4359.27,19.5818,0.85369,0.039493
not-recorded,2,75,4359.03,19.6064,0.85618,0.044765
not-recorded,2,75,4358.17,19.5487,0.85338,0.042964
not-recorded,2,75,4358.97,19.5387,0.85215,0.055014
not-recorded,2,75,4361.10,19.6163,0.85909,0.045840
not-recorded,2,75,4356.49,19.5879,0.85465,0.047875
not-recorded,2,75,4357.88,19.5459,0.84915,0.054456
not-recorded,2,75,4355.63,19.5779,0.84579,0.051570
not-recorded,2,75,4356.26,19.5533,0.85546,0.056271
not-recorded,2,75,4357.66,19.4904,0.85940,0.042251
not-recorded,2,75,4358.62,19.5686,0.84830,0.020836
not-recorded,2,75,4358.33,19.5322,0.85267,0.012710
not-recorded,2,75,4353.07,19.5201,0.85807,0.056105
not-recorded,2,75,4357.65,19.4802,0.86135,0.001390
not-recorded,2,75,4352.98,19.4544,0.84736,0.052745
not-recorded,2,75,4360.85,19.5600,0.85018,-0.056547
not-recorded,2,75,4358.30,19.5387,0.85499,-0.043759
not-recorded,2,75,4361.35,19.6218,0.85547,-0.049754
not-recorded,2,75,4358.18,19.5639,0.85581,-0.053844
not-recorded,2,75,4357.08,19.5377,0.84742,-0.051718
not-recorded,2,75,4357.12,19.5644,0.85405,-0.055873
not-recorded,2,75,4357.62,19.5636,0.85592,-0.054456
not-recorded,2,75,4357.07,19.5836,0.85498,-0.053575
not-recorded,2,75,4361.84,19.5768,0.85565,0.020594
not-recorded,2,75,4359.97,19.5852,0.85176,0.003310
not-recorded,2,75,4357.23,19.5642,0.85387,-0.031038
not-recorded,2,75,4363.19,19.6115,0.85799,0.056413
not-recorded,2,75,4355.16,19.5777,0.85418,-0.041236
not-recorded,2,75,4359.86,19.5618,0.85382,0.044015
not-recorded,2,75,4361.00,19.5735,0.85667,0.054834
not-recorded,2,75,4359.94,19.5313,0.85559,0.054812
not-recorded,2,75,4357.91,19.5662,0.85587,0.043830
not-recorded,2,75,4361.70,19.6024,0.85773,0.039742
not-recorded,2,75,4358.49,19.5600,0.85256,0.055909
not-recorded,2,75,4358.92,19.5812,0.85294,0.049432
not-recorded,2,75,4363.17,19.6281,0.85033,-0.019180
not-recorded,2,75,4358.49,19.5521,0.85439,0.045106
not-recorded,2,75,4362.53,19.6228,0.85862,-0.031887
not-recorded,2,75,4360.58,19.5698,0.85658,-0.012006
not-recorded,2,75,4356.24,19.5454,0.85377,0.044854
not-recorded,2,75,4362.70,19.5532,0.85648,-0.055347
not-recorded,2,75,4362.63,19.6127,0.85264,-0.056874
not-recorded,2,75,4362.25,19.5434,0.85083,-0.057373
not-recorded,2,75,4357.19,19.5743,0.85451,-0.013243
not-recorded,2,75,4358.05,19.5366,0.85802,-0.037109
not-recorded,2,75,4361.06,19.5859,0.85623,-0.053972
not-recorded,2,75,4361.92,19.5949,0.86102,-0.039380
not-recorded,2,75,4360.31,19.5900,0.86124,-0.046667
not-recorded,2,75,4361.53,19.6108,0.85447,-0.023646
not-recorded,2,75,4363.71,19.5381,0.86180,0.027571
not-recorded,2,75,4361.27,19.6250,0.85125,-0.001578
not-recorded,2,75,4358.76,19.6080,0.86072,-0.032660
not-recorded,2,75,4357.93,19.5697,0.85235,-0.034079
not-recorded,2,75,4359.44,19.5849,0.85756,0.003467
not-recorded,2,75,4362.36,19.6074,0.85689,0.050531
not-recorded,2,75,4361.38,19.6128,0.85663,0.049320
not-recorded,2,75,4361.42,19.5655,0.85364,0.056002
not-recorded,2,75,4360.96,19.6451,0.85910,0.054980
not-recorded,2,75,4360.41,19.6367,0.86046,0.054835
not-recorded,2,75,4360.81,19.5717,0.85336,0.053635
not-recorded,2,75,4355.76,19.5171,0.85972,0.024366
not-recorded,2,75,4363.61,19.5550,0.86402,-0.000778
not-recorded,2,75,4361.19,19.5620,0.85768,0.029629
not-recorded,2,75,4362.88,19.5887,0.85864,-0.011730
not-recorded,2,75,4360.01,19.5968,0.85244,0.023629
not-recorded,2,75,4359.70,19.6175,0.85581,0.017922
not-recorded,2,75,4359.66,19.6088,0.84948,0.005947
not-recorded,2,75,4362.67,19.6246,0.85918,-0.048277
not-recorded,2,75,4358.19,19.5598,0.85131,0.007604
not-recorded,2,75,4362.39,19.5825,0.85772,-0.054350
not-recorded,2,75,4361.33,19.5893,0.85377,-0.053164
not-recorded,2,75,4358.87,19.5615,0.85316,-0.038728
not-recorded,2,75,4360.96,19.5605,0.85193,-0.057739
not-recorded,2,75,4363.67,19.6410,0.85692,-0.023547
not-recorded,2,75,4363.18,19.6015,0.85869,-0.020444
not-recorded,2,75,4361.39,19.5424,0.85937,-0.038079
not-recorded,2,75,4366.35,19.5979,0.85314,0.048040
not-recorded,2,75,4362.91,19.5722,0.85551,0.011625
not-recorded,2,75,4362.05,19.5818,0.85565,0.009158
not-recorded,2,75,4365.38,19.6667,0.85602,0.055140
not-recorded,2,75,4365.92,19.6178,0.85819,0.054820
not-recorded,2,75,4361.79,19.6225,0.85495,0.038675
not-recorded,2,75,4362.73,19.6283,0.85698,0.054268
not-recorded,2,75,4361.40,19.6428,0.85649,0.049753
not-recorded,2,75,4367.38,19.6548,0.85961,-0.002786
not-recorded,2,75,4365.62,19.6122,0.85993,0.017182
not-recorded,2,75,4367.26,19.6716,0.85505,-0.025445
not-recorded,2,75,4365.83,19.7103,0.85557,-0.012120
not-recorded,2,75,4365.18,19.6620,0.85999,-0.011990
not-recorded,2,75,4363.39,19.6300,0.85192,0.004663
not-recorded,2,75,4365.32,19.6224,0.86064,-0.036670
not-recorded,2,75,4362.76,19.6046,0.85621,-0.008690
not-recorded,2,75,4365.54,19.6408,0.86104,-0.052950
not-recorded,2,75,4363.06,19.5716,0.86089,-0.036165
not-recorded,2,75,4360.73,19.6436,0.85256,-0.009288
not-recorded,2,75,4365.14,19.6195,0.85845,-0.053073
not-recorded,2,75,4363.52,19.6292,0.85796,-0.056150
not-recorded,2,75,4367.18,19.5891,0.85585,-0.013488
not-recorded,2,75,4361.28,19.6041,0.85581,-0.052502
not-recorded,2,75,4368.00,19.6045,0.85886,0.025595
not-recorded,2,75,4365.30,19.5737,0.85763,-0.011516
not-recorded,2,75,4366.25,19.6255,0.85386,0.018643
not-recorded,2,75,4366.76,19.6445,0.85083,0.037056
not-recorded,2,75,4364.28,19.6147,0.85388,0.008337
not-recorded,2,75,4367.06,19.6871,0.86119,0.054246
not-recorded,2,75,4362.73,19.5684,0.85921,0.005468
not-recorded,2,75,4364.56,19.6119,0.85656,0.044079
not-recorded,2,75,4363.14,19.5573,0.85764,0.036777
not-recorded,2,75,4368.32,19.7013,0.85719,0.029631
not-recorded,2,75,4362.88,19.6627,0.86202,0.049563
not-recorded,2,75,4362.24,19.6023,0.85101,0.051954
not-recorded,2,75,4365.47,19.6638,0.85554,0.042869
not-recorded,2,75,4367.11,19.6134,0.85706,0.005034
not-recorded,2,75,4368.32,19.6370,0.86677,-0.028337
not-recorded,2,75,4367.72,19.5760,0.85782,-0.031202
not-recorded,2,75,4361.87,19.6197,0.85505,0.050265
not-recorded,2,75,4364.92,19.5923,0.86216,-0.005338
not-recorded,2,75,4365.20,19.6443,0.86049,-0.024390
not-recorded,2,75,4367.86,19.6711,0.86488,-0.055423
not-recorded,2,75,4364.34,19.6082,0.86099,-0.033496
not-recorded,2,75,4368.96,19.7005,0.85937,-0.042645
not-recorded,2,75,4365.13,19.5926,0.85835,-0.054939
not-recorded,2,75,4362.34,19.6267,0.86216,-0.033363
not-recorded,2,75,4364.19,19.6065,0.86292,-0.056971
not-recorded,2,75,4363.16,19.5904,0.85808,-0.053605
not-recorded,2,75,4368.33,19.6850,0.85645,0.001201
not-recorded,2,75,4363.58,19.6176,0.85511,-0.055574
not-recorded,2,75,4367.57,19.6746,0.85814,0.017419
not-recorded,2,75,4365.75,19.6210,0.85301,-0.002207
not-recorded,2,75,4362.94,19.5688,0.85721,-0.036586
not-recorded,2,75,4366.78,19.6323,0.86258,0.036447
not-recorded,2,75,4370.21,19.7365,0.85634,0.051296
not-recorded,2,75,4367.60,19.6307,0.85871,0.054013
not-recorded,2,75,4365.63,19.6184,0.86130,0.046742
not-recorded,2,75,4367.84,19.6605,0.85701,0.052007
not-recorded,2,75,4368.27,19.6770,0.85778,0.040861
not-recorded,2,75,4363.74,19.6207,0.85588,0.050444
not-recorded,2,75,4364.09,19.5826,0.85355,0.056066
not-recorded,2,75,4369.60,19.7637,0.86163,-0.014617
not-recorded,2,75,4366.65,19.6576,0.85717,0.026865
not-recorded,2,75,4366.59,19.5703,0.85860,0.016233
not-recorded,2,75,4369.03,19.6762,0.86396,-0.038184
not-recorded,2,75,4371.12,19.6587,0.85264,-0.055640
not-recorded,2,75,4365.77,19.6291,0.85472,-0.007801
not-recorded,2,75,4368.37,19.6601,0.85912,-0.051255
not-recorded,2,75,4364.16,19.5937,0.85569,-0.005180
not-recorded,2,75,4366.62,19.7066,0.85071,-0.049835
not-recorded,2,75,4365.25,19.5834,0.85563,-0.042100
not-recorded,2,75,4366.29,19.6235,0.86046,-0.056530
not-recorded,2,75,4366.10,19.6126,0.85969,-0.057365
not-recorded,2,75,4367.14,19.6761,0.85703,-0.048232
not-recorded,2,75,4368.16,19.6423,0.85984,-0.027279
not-recorded,2,75,4364.68,19.5936,0.85824,-0.053770
not-recorded,2,75,4368.89,19.6634,0.85166,0.011671
not-recorded,2,75,4369.69,19.6613,0.86120,0.036056
not-recorded,2,75,4366.94,19.6262,0.86124,0.003435
not-recorded,2,75,4366.77,19.6107,0.85491,0.011178
not-recorded,2,75,4369.29,19.7152,0.85488,0.052909
not-recorded,2,75,4370.42,19.7455,0.86289,0.054832
not-recorded,2,75,4370.34,19.7150,0.86035,0.050873
not-recorded,2,75,4367.76,19.5848,0.85628,0.055580
not-recorded,2,75,4364.82,19.6251,0.85488,0.038045
not-recorded,2,75,4369.42,19.6858,0.86443,0.038692
not-recorded,2,75,4368.82,19.6867,0.85937,0.036775
not-recorded,2,75,4366.06,19.6646,0.85589,0.056244
not-recorded,2,75,4369.67,19.7501,0.86169,-0.002451
not-recorded,2,75,4367.98,19.6908,0.85810,0.016856
not-recorded,2,75,4369.57,19.7193,0.86095,-0.022440
not-recorded,2,75,4369.45,19.6281,0.86286,-0.033803
not-recorded,2,75,4371.48,19.6350,0.85434,-0.056016
not-recorded,2,75,4370.91,19.6420,0.85685,-0.056439
not-recorded,2,75,4366.52,19.6582,0.85560,-0.017935
not-recorded,2,75,4368.60,19.6311,0.86156,-0.054601
not-recorded,2,75,4369.82,19.6402,0.85800,-0.054872
not-recorded,2,75,4368.92,19.6715,0.85547,-0.056498
not-recorded,2,75,4373.22,19.7665,0.86207,0.014836
not-recorded,2,75,4372.92,19.6565,0.86785,0.021014
not-recorded,2,75,4370.47,19.7340,0.85967,-0.010057
not-recorded,2,75,4364.51,19.6271,0.85956,-0.052942
not-recorded,2,75,4369.06,19.6910,0.85381,-0.012525
not-recorded,2,75,4366.14,19.6364,0.85531,-0.044307
not-recorded,2,75,4371.75,19.6400,0.86371,0.050778
not-recorded,2,75,4365.92,19.6585,0.85864,-0.029491
not-recorded,2,75,4367.38,19.6856,0.85000,0.008930
not-recorded,2,75,4371.50,19.5964,0.85809,0.056948
not-recorded,2,75,4373.06,19.6209,0.85717,0.035919
not-recorded,2,75,4373.37,19.7171,0.85742,0.021735
not-recorded,2,75,4371.31,19.6466,0.85682,0.041392
not-recorded,2,75,4369.77,19.6713,0.85886,0.052586
not-recorded,2,75,4368.63,19.7013,0.85511,0.053952
not-recorded,2,75,4368.62,19.6480,0.85493,0.051020
not-recorded,2,75,4372.12,19.6793,0.85748,-0.019006
not-recorded,2,75,4369.02,19.6813,0.85119,0.024190
not-recorded,2,75,4372.80,19.7224,0.86224,-0.049068
not-recorded,2,75,4371.47,19.7360,0.85744,-0.039623
not-recorded,2,75,4366.75,19.6692,0.85725,0.027075
not-recorded,2,75,4372.60,19.7016,0.85918,-0.057751
not-recorded,2,75,4369.84,19.6132,0.86055,-0.044648
not-recorded,2,75,4369.92,19.7037,0.85892,-0.052647
not-recorded,2,75,4372.85,19.7231,0.86247,-0.040501
not-recorded,2,75,4367.55,19.7004,0.86177,-0.042695
not-recorded,2,75,4371.10,19.6965,0.86127,-0.046845
not-recorded,2,75,4367.79,19.5843,0.86171,-0.055460
not-recorded,2,75,4366.58,19.6178,0.85489,-0.055367
not-recorded,2,75,4368.13,19.6811,0.84994,-0.051570
not-recorded,2,75,4370.78,19.6499,0.86148,-0.005121
not-recorded,2,75,4371.44,19.6294,0.85503,0.016966
not-recorded,2,75,4370.35,19.6560,0.86604,0.010447
not-recorded,2,75,4367.40,19.6358,0.85773,-0.027397
not-recorded,2,75,4375.20,19.7571,0.86793,0.045701
not-recorded,2,75,4369.76,19.6602,0.85409,0.033933
not-recorded,2,75,4371.80,19.6295,0.86736,0.055553
not-recorded,2,75,4372.22,19.6570,0.85811,0.052739
not-recorded,2,75,4368.47,19.6343,0.86064,0.044667
not-recorded,2,75,4370.62,19.6703,0.86069,0.056050
not-recorded,2,75,4371.09,19.6971,0.85498,0.044982
not-recorded,2,75,4370.55,19.7407,0.86309,0.043175
not-recorded,2,75,4371.59,19.6368,0.85651,0.020105
not-recorded,2,75,4372.16,19.7360,0.86160,-0.002762
not-recorded,2,75,4370.30,19.7105,0.85760,0.016863
not-recorded,2,75,4372.61,19.7089,0.85985,-0.036647
not-recorded,2,75,4372.29,19.6676,0.86248,-0.042591
not-recorded,2,75,4375.33,19.6601,0.86744,-0.050301
not-recorded,2,75,4376.11,19.6730,0.86723,-0.036445
not-recorded,2,75,4372.13,19.6991,0.86362,-0.057223
not-recorded,2,75,4369.40,19.6560,0.86274,-0.040425
not-recorded,2,75,4370.43,19.7014,0.85823,-0.053748
not-recorded,2,75,4371.79,19.6812,0.86435,-0.052164
not-recorded,2,75,4369.43,19.7349,0.86221,-0.056167
not-recorded,2,75,4372.29,19.7169,0.86240,-0.029984
not-recorded,2,75,4371.66,19.6458,0.85972,-0.027985
not-recorded,2,75,4371.22,19.7032,0.86480,-0.024300
not-recorded,2,75,4372.53,19.6816,0.85897,0.009434
not-recorded,2,75,4370.04,19.6885,0.85952,-0.021129
not-recorded,2,75,4375.10,19.6639,0.86163,0.056575
not-recorded,2,75,4372.34,19.6657,0.85501,0.040074
not-recorded,2,75,4372.95,19.6909,0.85877,0.054409
not-recorded,2,75,4372.93,19.6234,0.86338,0.054235
not-recorded,2,75,4372.84,19.7524,0.86042,0.058564
not-recorded,2,75,4374.09,19.7689,0.85866,0.045070
not-recorded,2,75,4371.74,19.6891,0.85746,0.057673
not-recorded,2,75,4370.25,19.6259,0.86248,0.056114
not-recorded,2,75,4372.60,19.7179,0.86474,0.035330
not-recorded,2,75,4372.42,19.6378,0.86411,0.026154
not-recorded,2,75,4369.07,19.6751,0.85997,0.056786
not-recorded,2,75,4373.70,19.7465,0.85799,-0.017666
not-recorded,2,75,4372.27,19.7435,0.86227,-0.005599
not-recorded,2,75,4378.07,19.7380,0.86307,-0.046462
not-recorded,2,75,4372.22,19.6933,0.85700,-0.030350
not-recorded,2,75,4371.39,19.7023,0.86189,-0.024571
not-recorded,2,75,4374.94,19.7274,0.85734,-0.054058
not-recorded,2,75,4372.99,19.6520,0.85809,-0.058211
not-recorded,2,75,4371.31,19.6258,0.85472,-0.052462
not-recorded,2,75,4374.69,19.7280,0.86427,-0.037464
not-recorded,2,75,4374.09,19.6655,0.85539,-0.034021
not-recorded,2,75,4372.57,19.6672,0.85310,-0.045310
not-recorded,2,75,4374.41,19.7106,0.86339,-0.006439
not-recorded,2,75,4373.75,19.6841,0.85123,-0.004506
not-recorded,2,75,4378.23,19.7849,0.86249,0.056481
not-recorded,2,75,4372.30,19.6899,0.85835,-0.005671
not-recorded,2,75,4373.05,19.7004,0.86115,0.018077
not-recorded,2,75,4377.47,19.7333,0.85921,0.052210
not-recorded,2,75,4371.78,19.7165,0.85706,0.021938
not-recorded,2,75,4367.17,19.6088,0.85726,-0.044337
not-recorded,2,75,4376.02,19.7726,0.86798,0.046529
not-recorded,2,75,4372.61,19.7199,0.86498,0.054093
not-recorded,2,75,4370.68,19.6709,0.85808,0.044776
not-recorded,2,75,4374.55,19.6927,0.86441,0.039671
not-recorded,2,75,4369.47,19.6521,0.86377,0.046450
not-recorded,2,75,4379.02,19.7462,0.86103,-0.050969
not-recorded,2,75,4375.15,19.7395,0.86675,-0.007310
not-recorded,2,75,4374.14,19.6814,0.86036,-0.000660
not-recorded,2,75,4369.97,19.6873,0.86057,0.049576
not-recorded,2,75,4373.24,19.7445,0.86352,-0.010545
not-recorded,2,75,4376.69,19.7749,0.85617,-0.053992
not-recorded,2,75,4375.04,19.6495,0.86413,-0.051741
not-recorded,2,75,4381.09,19.7182,0.86853,0.014411
not-recorded,2,75,4378.67,19.7963,0.86597,-0.018728
not-recorded,2,75,4378.48,19.7186,0.86537,-0.007607
not-recorded,2,75,4378.24,19.7696,0.86660,-0.000777
not-recorded,2,75,4375.71,19.7163,0.85972,-0.030601
not-recorded,2,75,4374.17,19.7089,0.85874,-0.042585
not-recorded,2,75,4374.99,19.7342,0.85870,-0.022252
not-recorded,2,75,4373.27,19.6767,0.86442,-0.039311
not-recorded,2,75,4373.90,19.6921,0.85942,-0.015213
not-recorded,2,75,4376.16,19.7387,0.86391,0.034533
not-recorded,2,75,4376.39,19.7381,0.86075,0.044766
not-recorded,2,75,4374.89,19.7687,0.86142,0.034742
not-recorded,2,75,4374.80,19.6817,0.85917,0.045817
not-recorded,2,75,4374.32,19.7397,0.86177,0.046250
not-recorded,2,75,4374.54,19.7298,0.86354,0.053802
not-recorded,2,75,4379.23,19.7447,0.86328,0.007187
not-recorded,2,75,4375.21,19.7020,0.85871,0.054022
not-recorded,2,75,4376.04,19.7730,0.85817,0.036073
not-recorded,2,75,4378.12,19.7393,0.86164,-0.010269
not-recorded,2,75,4375.48,19.7531,0.85952,0.023888
not-recorded,2,75,4375.92,19.7655,0.86056,0.005523
not-recorded,2,75,4376.32,19.6914,0.86522,-0.014626
not-recorded,2,75,4377.02,19.7281,0.86147,-0.037961
not-recorded,2,75,4377.90,19.7384,0.85889,-0.051200
not-recorded,2,75,4376.16,19.6753,0.86662,-0.043753
not-recorded,2,75,4375.22,19.6956,0.86251,-0.038408
not-recorded,2,75,4380.87,19.7932,0.86217,-0.016869
not-recorded,2,75,4375.77,19.7243,0.86239,-0.057231
not-recorded,2,75,4372.50,19.7393,0.86410,-0.030801
not-recorded,2,75,4378.46,19.7384,0.86437,-0.020043
not-recorded,2,75,4377.13,19.6984,0.86617,-0.030221
not-recorded,2,75,4374.72,19.6892,0.86334,-0.052191
not-recorded,2,75,4378.92,19.7852,0.85716,0.022735
not-recorded,2,75,4375.84,19.7034,0.86320,-0.018782
not-recorded,2,75,4377.44,19.7457,0.85492,0.022786
not-recorded,2,75,4375.10,19.7863,0.85792,-0.009474
not-recorded,2,75,4375.73,19.6979,0.86461,0.017180
not-recorded,2,75,4379.39,19.8025,0.86081,0.057368
not-recorded,2,75,4376.96,19.7315,0.86781,0.049444
not-recorded,2,75,4379.12,19.7976,0.86666,0.049319
not-recorded,2,75,4371.29,19.6894,0.86040,-0.014689
not-recorded,2,75,4373.13,19.6510,0.85884,0.029640
not-recorded,2,75,4375.82,19.6702,0.85971,0.056337
not-recorded,2,75,4376.42,19.6602,0.86184,0.049344
not-recorded,2,75,4379.57,19.7372,0.86772,-0.009468
not-recorded,2,75,4377.54,19.7221,0.86675,0.016312
not-recorded,2,75,4377.88,19.7100,0.86010,-0.006677
not-recorded,2,75,4376.67,19.7635,0.86519,0.004121
not-recorded,2,75,4373.86,19.6583,0.85607,0.041174
not-recorded,2,75,4374.30,19.7269,0.86108,0.023563
not-recorded,2,75,4381.11,19.8135,0.86409,-0.048994
not-recorded,2,75,4377.91,19.7539,0.86676,-0.051318
not-recorded,2,75,4376.03,19.7327,0.86097,-0.041397
not-recorded,2,75,4376.85,19.7605,0.85991,-0.054006
not-recorded,2,75,4375.24,19.6911,0.85781,-0.049418
not-recorded,2,75,4380.17,19.7836,0.86201,-0.017306
not-recorded,2,75,4377.40,19.7794,0.86278,-0.048927
not-recorded,2,75,4375.87,19.6609,0.86491,-0.052833
not-recorded,2,75,4377.52,19.7007,0.85903,-0.026951
not-recorded,2,75,4377.82,19.7608,0.86258,-0.010218
not-recorded,2,75,4374.86,19.6571,0.85617,-0.045970
not-recorded,2,75,4380.89,19.7395,0.86314,0.052880
not-recorded,2,75,4381.00,19.7051,0.86224,0.058783
not-recorded,2,75,4375.09,19.6855,0.85685,-0.009781
not-recorded,2,75,4378.75,19.7492,0.85893,0.052889
not-recorded,2,75,4377.04,19.6791,0.86252,0.045975
not-recorded,2,75,4377.15,19.7461,0.86622,0.050347
not-recorded,2,75,4379.84,19.7894,0.86990,0.041235
not-recorded,2,75,4378.40,19.6976,0.86225,0.049718
not-recorded,2,75,4377.42,19.7382,0.86370,0.053121
not-recorded,2,75,4380.25,19.7118,0.86613,0.000366
not-recorded,2,75,4378.01,19.7253,0.85995,0.029895
not-recorded,2,75,4378.56,19.7425,0.86448,0.008704
not-recorded,2,75,4379.45,19.7627,0.85750,-0.017183
not-recorded,2,75,4381.61,19.7963,0.86425,-0.055331
not-recorded,2,75,4375.66,19.6797,0.86489,0.024064
not-recorded,2,75,4377.43,19.6585,0.85909,-0.018577
not-recorded,2,75,4377.19,19.8236,0.86450,-0.027316
not-recorded,2,75,4380.61,19.7694,0.86832,-0.053260
not-recorded,2,75,4379.79,19.7823,0.85846,-0.056884
not-recorded,2,75,4374.01,19.7442,0.85668,-0.008176
not-recorded,2,75,4379.19,19.7218,0.85734,-0.048632
not-recorded,2,75,4372.94,19.6952,0.85482,-0.012742
not-recorded,2,75,4379.13,19.8174,0.86616,-0.033245
not-recorded,2,75,4379.39,19.7147,0.86087,-0.017261
not-recorded,2,75,4379.39,19.7002,0.86399,-0.006037
not-recorded,2,75,4377.92,19.6797,0.85722,-0.020766
not-recorded,2,75,4373.45,19.7473,0.85885,-0.057297
not-recorded,2,75,4376.43,19.7371,0.85493,-0.021914
not-recorded,2,75,4381.48,19.7256,0.87030,0.055774
not-recorded,2,75,4380.83,19.7217,0.86686,0.056130
not-recorded,2,75,4384.48,19.8176,0.86090,0.012285
not-recorded,2,75,4377.29,19.6842,0.85713,0.040807
not-recorded,2,75,4379.97,19.7123,0.86273,0.055135
not-recorded,2,75,4378.75,19.7546,0.86431,0.056040
not-recorded,2,75,4380.18,19.8163,0.85995,0.037829
not-recorded,2,75,4381.05,19.7996,0.86108,0.013489
not-recorded,2,75,4378.06,19.7462,0.86292,0.047781
not-recorded,2,75,4377.60,19.7674,0.86126,0.043339
not-recorded,2,75,4379.85,19.7136,0.86400,-0.003216
not-recorded,2,75,4378.23,19.7547,0.86696,0.015518
not-recorded,2,75,4375.77,19.7235,0.86264,0.042772
not-recorded,2,75,4382.32,19.6986,0.86667,-0.055500
not-recorded,2,75,4378.36,19.7757,0.86391,-0.023904
not-recorded,2,75,4381.38,19.7748,0.86638,-0.056181
not-recorded,2,75,4377.41,19.7197,0.86717,-0.030864
not-recorded,2,75,4376.98,19.6932,0.85873,-0.033989
not-recorded,2,75,4379.39,19.7748,0.86099,-0.058059
not-recorded,2,75,4380.72,19.7871,0.86967,-0.039183
not-recorded,2,75,4384.70,19.7901,0.86476,0.037082
not-recorded,2,75,4379.15,19.7842,0.86441,-0.043274
not-recorded,2,75,4377.35,19.7101,0.85827,-0.053217
not-recorded,2,75,4378.91,19.7631,0.86620,-0.029011
not-recorded,2,75,4378.13,19.7384,0.86946,-0.029040
not-recorded,2,75,4381.30,19.8271,0.86552,0.039374
not-recorded,2,75,4381.14,19.7746,0.86550,0.044698
not-recorded,2,75,4376.86,19.7454,0.86354,-0.017526
not-recorded,2,75,4383.71,19.7693,0.86980,0.044626
not-recorded,2,75,4379.18,19.7210,0.86387,0.045839
not-recorded,2,75,4384.98,19.8538,0.86166,0.004088
not-recorded,2,75,4383.12,19.7475,0.86583,0.025403
not-recorded,2,75,4378.38,19.7696,0.86400,0.054177
not-recorded,2,75,4380.74,19.7377,0.86937,0.041380
not-recorded,2,75,4380.36,19.7656,0.87088,0.036328
not-recorded,2,75,4383.08,19.7852,0.87297,-0.024212
not-recorded,2,75,4379.20,19.6703,0.85707,0.033224
not-recorded,2,75,4378.20,19.7594,0.85817,0.037622
not-recorded,2,75,4384.01,19.7954,0.86058,-0.056265
not-recorded,2,75,4384.05,19.7432,0.86737,-0.057792
not-recorded,2,75,4380.35,19.7566,0.86660,-0.032068
not-recorded,2,75,4379.27,19.8244,0.85883,-0.030135
not-recorded,2,75,4376.38,19.7388,0.86021,0.011976
not-recorded,2,75,4381.63,19.8215,0.86449,-0.054465
not-recorded,2,75,4380.17,19.7399,0.85745,-0.055196
not-recorded,2,75,4380.10,19.7228,0.86601,-0.056978
not-recorded,2,75,4381.36,19.7615,0.86533,-0.040979
not-recorded,2,75,4381.36,19.7672,0.86936,-0.032614
not-recorded,2,75,4378.85,19.7116,0.86037,-0.054510
not-recorded,2,75,4381.81,19.8225,0.87038,0.001262
not-recorded,2,75,4381.28,19.7918,0.85721,0.002146
not-recorded,2,75,4379.08,19.7430,0.86898,-0.026835
not-recorded,2,75,4386.24,19.8139,0.86984,0.047321
not-recorded,2,75,4384.05,19.8188,0.86452,0.055863
not-recorded,2,75,4381.37,19.7928,0.86819,0.046119
not-recorded,2,75,4375.64,19.7732,0.85866,-0.036494
not-recorded,2,75,4382.24,19.8082,0.86913,0.055871
not-recorded,2,75,4382.15,19.7725,0.85905,0.051971
not-recorded,2,75,4380.57,19.7562,0.86804,0.057995
not-recorded,2,75,4379.23,19.7364,0.86185,0.053634
not-recorded,2,75,4379.71,19.7042,0.86475,0.056713
not-recorded,2,75,4383.37,19.7459,0.86136,-0.005426
not-recorded,2,75,4380.16,19.8279,0.86104,0.041396
not-recorded,2,75,4382.48,19.7368,0.86116,-0.009317
not-recorded,2,75,4381.60,19.7554,0.86475,-0.008838
not-recorded,2,75,4381.05,19.7038,0.86326,-0.011909
not-recorded,2,75,4384.31,19.7767,0.86570,-0.055877
not-recorded,2,75,4381.95,19.7536,0.86774,-0.045671
not-recorded,2,75,4381.14,19.7432,0.86302,-0.045004
not-recorded,2,75,4387.78,19.8304,0.86371,0.010373
not-recorded,2,75,4381.90,19.7482,0.86365,-0.055680
not-recorded,2,75,4380.88,19.8137,0.87067,-0.053517
not-recorded,2,75,4379.78,19.7692,0.86144,-0.055146
not-recorded,2,75,4381.06,19.7875,0.86351,-0.053346
not-recorded,2,75,4380.28,19.7921,0.86863,-0.053490
not-recorded,2,75,4382.42,19.8043,0.87278,-0.012134
not-recorded,2,75,4384.34,19.7663,0.86235,0.030743
not-recorded,2,75,4383.11,19.8188,0.86368,0.022936
not-recorded,2,75,4380.50,19.7304,0.86972,-0.014798
not-recorded,2,75,4382.74,19.7533,0.86405,0.038337
not-recorded,2,75,4378.22,19.7551,0.86499,-0.028574
not-recorded,2,75,4382.92,19.7904,0.85951,0.052053
not-recorded,2,75,4383.16,19.7787,0.87117,0.058229
not-recorded,2,75,4382.28,19.7914,0.86643,0.054795
not-recorded,2,75,4381.60,19.7326,0.85979,0.055260
not-recorded,2,75,4378.50,19.7691,0.86306,0.035305
not-recorded,2,75,4381.79,19.8040,0.86629,0.051718
not-recorded,2,75,4381.37,19.8128,0.86332,0.049082
not-recorded,2,75,4386.72,19.8092,0.86857,-0.044463
not-recorded,2,75,4384.05,19.8403,0.87260,-0.015890
not-recorded,2,75,4380.06,19.7471,0.85669,0.042415
not-recorded,2,75,4383.15,19.7235,0.86192,-0.022857
not-recorded,2,75,4380.44,19.7355,0.85688,0.012919
not-recorded,2,75,4382.24,19.8058,0.86172,-0.032155
not-recorded,2,75,4382.54,19.7407,0.85680,-0.045752
not-recorded,2,75,4386.66,19.8385,0.86091,-0.031722
not-recorded,2,75,4382.67,19.7770,0.86312,-0.055055
not-recorded,2,75,4383.92,19.8136,0.86380,-0.050973
not-recorded,2,75,4381.82,19.7875,0.87035,-0.056267
not-recorded,2,75,4379.34,19.7434,0.86674,-0.046570
not-recorded,2,75,4383.49,19.7815,0.86719,-0.029691
not-recorded,2,75,4386.40,19.8174,0.86672,0.034553
not-recorded,2,75,4383.58,19.7887,0.86673,-0.004454
not-recorded,2,75,4381.77,19.8058,0.86266,-0.023741
not-recorded,2,75,4381.15,19.6866,0.86507,-0.025509
not-recorded,2,75,4380.40,19.7384,0.86801,-0.028726
not-recorded,2,75,4384.14,19.8020,0.86770,0.047173
not-recorded,2,75,4380.96,19.7414,0.85926,0.005487
not-recorded,2,75,4384.17,19.8050,0.86822,0.055732
not-recorded,2,75,4385.61,19.7588,0.86734,0.046652
not-recorded,2,75,4379.21,19.7305,0.86820,0.010826
not-recorded,2,75,4384.60,19.8130,0.86456,0.044747
not-recorded,2,75,4382.13,19.7884,0.86542,0.058747
not-recorded,2,75,4385.24,19.8447,0.86887,0.013482
not-recorded,2,75,4381.55,19.7308,0.86491,0.051813
not-recorded,2,75,4381.27,19.7332,0.86615,0.051572
not-recorded,2,75,4383.87,19.8289,0.86491,0.000025
not-recorded,2,75,4384.15,19.7449,0.86127,-0.018460
not-recorded,2,75,4379.78,19.7131,0.86072,0.045569
not-recorded,2,75,4385.21,19.8086,0.86418,-0.048483
not-recorded,2,75,4385.12,19.7874,0.86771,-0.053963
not-recorded,2,75,4383.17,19.8313,0.86778,-0.042694
not-recorded,2,75,4383.06,19.7469,0.86195,-0.050453
not-recorded,2,75,4379.25,19.7319,0.86121,0.000147
not-recorded,2,75,4381.30,19.7190,0.86603,-0.044162
not-recorded,2,75,4378.97,19.7969,0.86511,-0.021480
not-recorded,2,75,4385.06,19.7587,0.86582,-0.027486
not-recorded,2,75,4379.14,19.7386,0.85963,-0.042295
not-recorded,2,75,4383.73,19.7939,0.86148,-0.027683
not-recorded,2,75,4377.67,19.6522,0.86307,-0.040953
not-recorded,2,75,4384.28,19.7976,0.86270,0.007142
not-recorded,2,75,4384.93,19.8472,0.86817,0.029596
not-recorded,2,75,4384.81,19.8148,0.86670,0.038238
not-recorded,2,75,4382.75,19.7305,0.86438,0.015964
not-recorded,2,75,4383.03,19.7415,0.86538,0.034537
not-recorded,2,75,4383.84,19.8097,0.86460,0.048804
not-recorded,2,75,4384.30,19.8440,0.87052,0.057825
not-recorded,2,75,4385.21,19.7417,0.86296,0.052909
not-recorded,2,75,4383.11,19.8318,0.86123,0.055010
not-recorded,2,75,4382.03,19.7849,0.86690,0.054649
not-recorded,2,75,4383.44,19.8247,0.86636,0.047306
not-recorded,2,75,4382.14,19.7575,0.86426,0.055145
not-recorded,2,75,4384.20,19.8160,0.87171,0.020827
not-recorded,2,75,4386.53,19.8303,0.85947,-0.032827
not-recorded,2,75,4379.98,19.8141,0.85875,0.055669
not-recorded,2,75,4382.82,19.7693,0.85911,0.007486
not-recorded,2,75,4382.19,19.7253,0.86414,0.006957
not-recorded,2,75,4383.74,19.7474,0.86555,-0.030987
not-recorded,2,75,4382.07,19.8073,0.86034,-0.012864
not-recorded,2,75,4387.06,19.8026,0.86299,-0.046127
not-recorded,2,75,4381.93,19.8054,0.86315,-0.033244
not-recorded,2,75,4384.77,19.7421,0.86548,-0.054185
not-recorded,2,75,4383.81,19.8330,0.86065,-0.054291
not-recorded,2,75,4383.73,19.8023,0.86296,-0.051355
not-recorded,2,75,4385.25,19.8668,0.86245,-0.025286
not-recorded,2,75,4384.08,19.7791,0.86332,-0.035220
not-recorded,2,75,4381.92,19.7319,0.86186,-0.050091
not-recorded,2,75,4386.45,19.8055,0.86304,0.034155
not-recorded,2,75,4380.39,19.7647,0.86228,-0.051645
not-recorded,2,75,4383.93,19.7653,0.86477,0.011991
not-recorded,2,75,4385.08,19.8611,0.87037,0.040991
not-recorded,2,75,4384.39,19.7732,0.86514,0.041998
not-recorded,2,75,4381.85,19.7883,0.86804,0.010111
not-recorded,2,75,4385.45,19.7815,0.86887,0.058783
not-recorded,2,75,4385.03,19.8209,0.87112,0.056878
not-recorded,2,75,4383.39,19.7515,0.86205,0.059033
not-recorded,2,75,4387.54,19.8067,0.86623,0.007009
not-recorded,2,75,4387.10,19.7592,0.85998,0.001785
not-recorded,2,75,4384.95,19.7691,0.86087,0.030932
not-recorded,2,75,4382.68,19.7122,0.86251,0.051331
not-recorded,2,75,4382.69,19.7222,0.86609,0.044872
not-recorded,2,75,4382.72,19.7010,0.86163,0.033675
not-recorded,2,75,4386.83,19.7988,0.86073,-0.048112
not-recorded,2,75,4388.70,19.9041,0.86539,-0.054016
not-recorded,2,75,4381.74,19.8011,0.86276,0.016152
not-recorded,2,75,4382.23,19.7859,0.86731,-0.004300
not-recorded,2,75,4383.50,19.7709,0.86286,-0.038047
not-recorded,2,75,4384.21,19.7882,0.86484,-0.054675
not-recorded,2,75,4385.86,19.8715,0.86151,-0.052644
not-recorded,2,75,4387.32,19.8041,0.86170,-0.022105
not-recorded,2,75,4385.77,19.7783,0.86790,-0.037655
not-recorded,2,75,4384.83,19.8394,0.86736,-0.042313
not-recorded,2,75,4385.35,19.8209,0.87240,-0.023873
not-recorded,2,75,4383.11,19.8228,0.86691,-0.045209
not-recorded,2,75,4383.77,19.8222,0.86951,-0.027427
not-recorded,2,75,4384.35,19.8025,0.86982,-0.006703
not-recorded,2,75,4390.01,19.9144,0.86684,0.048908
not-recorded,2,75,4385.56,19.7859,0.86834,0.038082
not-recorded,2,75,4385.36,19.8134,0.86875,0.045735
not-recorded,2,75,4387.82,19.8548,0.86614,0.052998
not-recorded,2,75,4382.91,19.8575,0.86621,0.029195
not-recorded,2,75,4384.58,19.7883,0.86752,0.055522
not-recorded,2,75,4383.66,19.8220,0.86128,0.053069
not-recorded,2,75,4383.39,19.8319,0.86613,0.054757
not-recorded,2,75,4385.50,19.8164,0.86201,0.039217
not-recorded,2,75,4385.66,19.8039,0.86831,0.029751
not-recorded,2,75,4382.61,19.7861,0.86980,0.055697
not-recorded,2,75,4383.75,19.7651,0.86110,0.038224
not-recorded,2,75,4384.98,19.7970,0.85847,0.006194
not-recorded,2,75,4389.97,19.8394,0.87033,-0.054421
not-recorded,2,75,4384.03,19.8043,0.86730,-0.002776
not-recorded,2,75,4388.69,19.7947,0.87094,-0.053755
not-recorded,2,75,4387.47,19.7989,0.86516,-0.056276
not-recorded,2,75,4389.63,19.8226,0.87004,-0.027646
not-recorded,2,75,4383.58,19.7601,0.86093,-0.037429
not-recorded,2,75,4386.21,19.7451,0.86534,-0.053092
not-recorded,2,75,4389.64,19.8628,0.87186,0.007836
not-recorded,2,75,4385.67,19.8177,0.86150,-0.048849
not-recorded,2,75,4384.75,19.8344,0.86579,-0.048516
not-recorded,2,75,4389.55,19.9043,0.86790,0.040665
not-recorded,2,75,4387.51,19.8606,0.87078,0.017436
not-recorded,2,75,4387.56,19.8145,0.86679,0.030503
not-recorded,2,75,4385.31,19.7869,0.86626,-0.001509
not-recorded,2,75,4389.35,19.8286,0.86714,0.056586
not-recorded,2,75,4389.21,19.8975,0.86396,0.056502
not-recorded,2,75,4385.67,19.7732,0.87121,0.039821
not-recorded,2,75,4388.13,19.7465,0.86275,0.055374
not-recorded,2,75,4389.95,19.8751,0.86440,0.022399
not-recorded,2,75,4386.78,19.8561,0.86505,0.052673
not-recorded,2,75,4383.47,19.7949,0.86562,0.044478
not-recorded,2,75,4389.17,19.8073,0.87633,0.001502
not-recorded,2,75,4387.67,19.8249,0.86795,0.017304
not-recorded,2,75,4383.95,19.7756,0.86560,0.054548
not-recorded,2,75,4384.26,19.8011,0.86583,0.050527
not-recorded,2,75,4384.19,19.7850,0.86381,0.043098
not-recorded,2,75,4386.30,19.8004,0.86008,-0.007750
not-recorded,2,75,4383.80,19.8387,0.86553,0.027806
not-recorded,2,75,4390.04,19.8726,0.86939,-0.054712
not-recorded,2,75,4382.26,19.7954,0.86884,0.032491
not-recorded,2,75,4385.00,19.7674,0.86872,-0.030753
not-recorded,2,75,4383.72,19.7998,0.86412,-0.020449
not-recorded,2,75,4390.24,19.8454,0.86730,-0.016553
not-recorded,2,75,4387.55,19.8074,0.87029,-0.047685
not-recorded,2,75,4391.51,19.8591,0.87222,0.031645
not-recorded,2,75,4388.57,19.8778,0.86495,-0.011327
not-recorded,2,75,4384.86,19.7893,0.86796,-0.053056
not-recorded,2,75,4384.26,19.8865,0.87349,-0.053629
not-recorded,2,75,4389.00,19.8169,0.87279,0.032162
not-recorded,2,75,4388.71,19.8189,0.86878,0.036525
not-recorded,2,75,4388.54,19.8479,0.87023,0.044473
not-recorded,2,75,4386.42,19.7907,0.86778,0.023939
not-recorded,2,75,4387.39,19.8047,0.86580,0.044186
not-recorded,2,75,4385.59,19.8425,0.86573,0.029967
not-recorded,2,75,4387.67,19.8377,0.86345,0.058780
not-recorded,2,75,4388.45,19.9104,0.86855,0.050568
not-recorded,2,75,4386.94,19.7470,0.86743,0.057037
not-recorded,2,75,4387.32,19.9073,0.86311,0.052622
not-recorded,2,75,4386.78,19.7799,0.86938,0.051106
not-recorded,2,75,4386.81,19.8695,0.86958,0.039464
not-recorded,2,75,4388.80,19.8530,0.86148,-0.002609
not-recorded,2,75,4388.91,19.8501,0.86952,-0.019584
not-recorded,2,75,4385.59,19.7977,0.86956,0.031959
not-recorded,2,75,4388.49,19.8314,0.86657,-0.034210
not-recorded,2,75,4387.07,19.8024,0.87144,-0.021232
not-recorded,2,75,4388.67,19.7800,0.85749,-0.050540
not-recorded,2,75,4389.91,19.8042,0.86369,-0.055023
not-recorded,2,75,4385.18,19.8063,0.86627,-0.023463
not-recorded,2,75,4385.52,19.7819,0.86736,-0.038906
not-recorded,2,75,4388.56,19.8362,0.86307,-0.051250
not-recorded,2,75,4387.09,19.7773,0.87123,-0.056654
not-recorded,2,75,4383.93,19.7854,0.86393,-0.040704
not-recorded,2,75,4390.10,19.8559,0.86765,0.005548
not-recorded,2,75,4388.60,19.8387,0.86360,-0.011414
not-recorded,2,75,4384.46,19.8046,0.86804,-0.053930
not-recorded,2,75,4386.91,19.8660,0.86866,-0.020116
not-recorded,2,75,4389.98,19.8816,0.86836,0.044224
not-recorded,2,75,4387.25,19.8310,0.86583,0.011239
not-recorded,2,75,4388.84,19.8365,0.86639,0.049286
not-recorded,2,75,4390.38,19.8728,0.86666,0.055321
not-recorded,2,75,4387.93,19.8247,0.87071,0.051468
not-recorded,2,75,4385.59,19.8129,0.86552,0.031462
not-recorded,2,75,4387.12,19.8453,0.86624,0.053597
not-recorded,2,75,4389.27,19.7971,0.86735,0.044823
not-recorded,2,75,4384.32,19.8292,0.86308,0.039809
not-recorded,2,75,4389.09,19.8196,0.86608,0.027167
not-recorded,2,75,4383.98,19.7776,0.86395,0.050599
not-recorded,2,75,4386.00,19.8660,0.86400,0.050254
not-recorded,2,75,4384.63,19.8129,0.85993,0.056165
not-recorded,2,75,4385.89,19.8600,0.86678,0.037619
not-recorded,2,75,4389.65,19.8527,0.86746,-0.040235
not-recorded,2,75,4389.00,19.7802,0.86310,-0.042981
not-recorded,2,75,4385.01,19.7650,0.86408,0.017962
not-recorded,2,75,4389.99,19.8172,0.86567,-0.057907
not-recorded,2,75,4388.75,19.7833,0.86380,-0.056650
not-recorded,2,75,4387.65,19.8360,0.86126,-0.052510
not-recorded,2,75,4389.49,19.8087,0.86383,-0.048148
not-recorded,2,75,4390.36,19.8426,0.86824,-0.028077
not-recorded,2,75,4388.97,19.8377,0.86363,-0.039492
not-recorded,2,75,4387.70,19.8466,0.87058,-0.048021
not-recorded,2,75,4389.68,19.7792,0.87069,-0.004329
not-recorded,2,75,4388.31,19.8503,0.86409,-0.017421
not-recorded,2,75,4387.15,19.8385,0.86824,-0.027093
not-recorded,2,75,4386.64,19.7829,0.86751,-0.023530
not-recorded,2,75,4388.22,19.8937,0.87072,0.018586
not-recorded,2,75,4389.10,19.9026,0.86369,0.041662
not-recorded,2,75,4384.89,19.7422,0.86666,-0.020706
not-recorded,2,75,4390.84,19.8130,0.87276,0.055386
not-recorded,2,75,4388.55,19.8765,0.86680,0.053920
not-recorded,2,75,4391.43,19.8682,0.86660,0.033159
not-recorded,2,75,4386.13,19.7743,0.86321,0.045818
not-recorded,2,75,4393.59,19.9261,0.86691,-0.033047
not-recorded,2,75,4390.73,19.8424,0.86778,0.011042
not-recorded,2,75,4391.42,19.9197,0.86504,-0.018425
not-recorded,2,75,4390.30,19.8444,0.85941,-0.008398
not-recorded,2,75,4389.15,19.8147,0.86727,-0.000264
not-recorded,2,75,4385.89,19.8259,0.87014,0.046451
not-recorded,2,75,4389.43,19.8653,0.86888,-0.029741
not-recorded,2,75,4389.26,19.8858,0.86285,-0.035496
not-recorded,2,75,4389.32,19.8443,0.86786,-0.046762
not-recorded,2,75,4390.14,19.8902,0.86823,-0.055593
not-recorded,2,75,4388.60,19.8197,0.86520,-0.050305
not-recorded,2,75,4389.01,19.8957,0.86264,-0.055342
not-recorded,2,75,4389.46,19.9117,0.87031,-0.053334
not-recorded,2,75,4391.94,19.8761,0.87360,-0.008985
not-recorded,2,75,4389.71,19.9015,0.87494,-0.038288
not-recorded,2,75,4386.81,19.8053,0.86990,-0.057248
not-recorded,2,75,4390.30,19.8489,0.87212,-0.005527
not-recorded,2,75,4390.41,19.8608,0.86708,0.011092
not-recorded,2,75,4388.34,19.8307,0.87054,-0.016071
not-recorded,2,75,4390.56,19.8366,0.86984,0.034194
not-recorded,2,75,4391.27,19.8226,0.86816,0.052775
not-recorded,2,75,4387.52,19.8352,0.86350,0.005576
not-recorded,2,75,4387.75,19.8235,0.87195,0.019309
not-recorded,2,75,4387.00,19.8967,0.86540,0.019979
not-recorded,2,75,4388.24,19.8569,0.86269,0.047213
not-recorded,2,75,4388.85,19.8354,0.87293,0.055927
not-recorded,2,75,4387.64,19.8146,0.86800,0.054602
not-recorded,2,75,4393.68,19.8737,0.86076,-0.024274
not-recorded,2,75,4390.83,19.9034,0.86642,0.019971
not-recorded,2,75,4386.27,19.7885,0.86779,0.054782
not-recorded,2,75,4392.70,19.9266,0.86588,-0.037987
not-recorded,2,75,4392.20,19.9142,0.86575,-0.039951
not-recorded,2,75,4388.05,19.8841,0.86673,0.021384
not-recorded,2,75,4388.86,19.8841,0.86832,-0.007071
not-recorded,2,75,4386.03,19.8236,0.86596,0.035236
not-recorded,2,75,4385.98,19.8284,0.86296,0.023314
not-recorded,2,75,4389.22,19.9171,0.86498,-0.043941
not-recorded,2,75,4389.02,19.8639,0.86444,-0.049840
not-recorded,2,75,4387.85,19.9020,0.86518,-0.043952
not-recorded,2,75,4388.83,19.7984,0.86568,-0.055336
not-recorded,2,75,4384.82,19.8403,0.86793,-0.015210
not-recorded,2,75,4392.67,19.8162,0.87430,0.005217
not-recorded,2,75,4388.32,19.7838,0.86239,-0.054751
not-recorded,2,75,4390.11,19.8181,0.86256,-0.020929
not-recorded,2,75,4394.16,19.8497,0.87533,0.055631
not-recorded,2,75,4389.52,19.8575,0.86997,-0.007463
not-recorded,2,75,4387.70,19.8425,0.86452,-0.029186
not-recorded,2,75,4387.44,19.8072,0.86584,-0.020356
not-recorded,2,75,4392.60,19.8925,0.86861,0.057910
not-recorded,2,75,4389.30,19.8540,0.87034,0.038912
not-recorded,2,75,4392.92,19.8576,0.86986,0.044274
not-recorded,2,75,4384.05,19.7385,0.86660,-0.035077
not-recorded,2,75,4388.88,19.8084,0.86610,0.051151
not-recorded,2,75,4391.51,19.8552,0.86973,0.038099
not-recorded,2,75,4392.32,19.8588,0.86328,0.015906
not-recorded,2,75,4395.02,19.8665,0.87421,-0.043509
not-recorded,2,75,4388.05,19.8840,0.86338,0.054197
not-recorded,2,75,4389.39,19.8495,0.86299,0.031733
not-recorded,2,75,4388.06,19.8373,0.86447,0.044228
not-recorded,2,75,4387.04,19.8303,0.86282,0.044798
not-recorded,2,75,4389.65,19.8103,0.86426,-0.006943
not-recorded,2,75,4389.32,19.7861,0.86501,-0.013984
not-recorded,2,75,4391.19,19.7902,0.85942,-0.052438
not-recorded,2,75,4391.74,19.8869,0.87091,-0.057511
not-recorded,2,75,4391.38,19.8414,0.86084,-0.056139
not-recorded,2,75,4389.89,19.8766,0.87051,-0.054431
not-recorded,2,75,4392.55,19.8315,0.86981,-0.035159
not-recorded,2,75,4391.42,19.8922,0.85922,-0.041899
not-recorded,2,75,4391.51,19.8700,0.86437,-0.029638
not-recorded,2,75,4391.26,19.8748,0.86991,-0.021733
not-recorded,2,75,4387.28,19.8434,0.86813,-0.057262
not-recorded,2,75,4388.61,19.8503,0.86925,-0.044335
not-recorded,2,75,4394.02,19.8778,0.86760,0.053845
not-recorded,2,75,4391.07,19.8720,0.87105,0.024141
not-recorded,2,75,4386.03,19.7958,0.86201,-0.050478
not-recorded,2,75,4392.09,19.9046,0.86986,0.053188
not-recorded,2,75,4390.29,19.8553,0.86151,0.041888
not-recorded,2,75,4391.01,19.9324,0.87178,0.054150
not-recorded,2,75,4390.45,19.8427,0.86887,0.055945
not-recorded,2,75,4393.01,19.8391,0.86862,0.036445
not-recorded,2,75,4390.11,19.7688,0.86844,0.055634
not-recorded,2,75,4392.75,19.8989,0.86278,0.017207
not-recorded,2,75,4387.88,19.8726,0.86801,0.056430
not-recorded,2,75,4389.08,19.8247,0.86846,0.049595
not-recorded,2,75,4390.59,19.8956,0.86715,0.023746
not-recorded,2,75,4391.42,19.8795,0.87222,-0.003407
not-recorded,2,75,4389.86,19.8791,0.86806,0.011943
not-recorded,2,75,4390.52,19.9138,0.86680,-0.013215
not-recorded,2,75,4393.55,19.8754,0.86485,-0.054011
not-recorded,2,75,4391.81,19.8499,0.87184,-0.050642
not-recorded,2,75,4390.17,19.9038,0.87514,-0.039072
not-recorded,2,75,4389.92,19.7948,0.86752,-0.044547
not-recorded,2,75,4387.52,19.7814,0.86458,-0.017989
not-recorded,2,75,4388.38,19.7639,0.87227,-0.040832
not-recorded,2,75,4392.92,19.8262,0.87174,-0.028937
not-recorded,2,75,4388.33,19.8193,0.86424,-0.055104
not-recorded,2,75,4390.82,19.8767,0.86573,-0.038211
not-recorded,2,75,4392.32,19.8899,0.86778,0.000380
not-recorded,2,75,4389.81,19.8698,0.86359,-0.035987
not-recorded,2,75,4389.70,19.8743,0.86561,-0.025580
not-recorded,2,75,4387.82,19.8195,0.86678,-0.045297
not-recorded,2,75,4389.67,19.8380,0.86790,-0.003637
not-recorded,2,75,4391.95,19.8817,0.86913,0.045340
not-recorded,2,75,4393.80,19.9024,0.86781,0.055925
not-recorded,2,75,4388.16,19.7699,0.86612,0.004618
not-recorded,2,75,4390.68,19.8625,0.86997,0.053578
not-recorded,2,75,4387.64,19.8593,0.86314,0.018866
not-recorded,2,75,4389.26,19.8824,0.87137,0.050829
not-recorded,2,75,4393.25,19.8889,0.86698,0.022233
not-recorded,2,75,4389.27,19.8253,0.86119,0.056749
not-recorded,2,75,4391.37,19.8878,0.86194,0.032377
not-recorded,2,75,4389.55,19.8148,0.86384,0.048125
not-recorded,2,75,4390.56,19.8738,0.86581,0.021301
not-recorded,2,75,4392.75,19.8813,0.86878,-0.028608
not-recorded,2,75,4389.97,19.8798,0.86667,0.010568
not-recorded,2,75,4391.27,19.8893,0.86582,-0.028769
not-recorded,2,75,4389.54,19.8695,0.86447,-0.006552
not-recorded,2,75,4389.57,19.8788,0.86657,-0.020968
not-recorded,2,75,4390.08,19.8728,0.86740,-0.038387
not-recorded,2,75,4391.76,19.8769,0.86585,-0.057488
not-recorded,2,75,4393.11,19.8504,0.86453,-0.043880
not-recorded,2,75,4388.34,19.8794,0.86704,-0.042618
not-recorded,2,75,4388.38,19.8823,0.86607,-0.048683
not-recorded,2,75,4387.72,19.7743,0.87563,-0.049048
not-recorded,2,75,4391.08,19.8557,0.86284,-0.036008
not-recorded,2,75,4390.17,19.8335,0.86743,-0.039472
not-recorded,2,75,4390.76,19.8237,0.86786,-0.019175
not-recorded,2,75,4394.51,19.8984,0.87113,0.050958
not-recorded,2,75,4391.11,19.9095,0.87072,0.013391
not-recorded,2,75,4386.85,19.7906,0.86198,-0.048114
not-recorded,2,75,4391.79,19.8440,0.87470,0.045031
not-recorded,2,75,4393.52,19.8861,0.87136,0.056239
not-recorded,2,75,4389.72,19.8003,0.86530,0.033756
not-recorded,2,75,4394.67,19.9216,0.86233,0.031545
not-recorded,2,75,4393.80,19.9256,0.86416,0.033711
not-recorded,2,75,4392.14,19.9126,0.86714,0.046687
not-recorded,2,75,4384.75,19.7982,0.86651,-0.012444
not-recorded,2,75,4393.55,19.8927,0.87067,0.002651
not-recorded,2,75,4391.34,19.8510,0.86481,0.031984
not-recorded,2,75,4391.68,19.8735,0.86658,0.015076
not-recorded,2,75,4394.89,19.8793,0.87535,-0.052860
not-recorded,2,75,4389.41,19.8328,0.86483,0.032873
not-recorded,2,75,4387.96,19.8948,0.86638,0.043076
not-recorded,2,75,4390.25,19.8144,0.87356,-0.005716
not-recorded,2,75,4390.93,19.8432,0.87167,-0.033329
not-recorded,2,75,4389.97,19.8739,0.86512,-0.024854
not-recorded,2,75,4392.28,19.9134,0.87213,-0.056421
not-recorded,2,75,4389.82,19.8314,0.86925,-0.043385
not-recorded,2,75,4393.87,19.9327,0.87165,-0.030402
not-recorded,2,75,4389.17,19.8178,0.87080,-0.051873
not-recorded,2,75,4391.51,19.9373,0.86912,-0.048525
not-recorded,2,75,4388.06,19.8451,0.86984,-0.051916
not-recorded,2,75,4390.88,19.8843,0.86264,-0.038173
not-recorded,2,75,4394.17,19.8873,0.86120,0.034530
not-recorded,2,75,4389.79,19.9333,0.86549,-0.035139
not-recorded,2,75,4389.21,19.8482,0.87203,-0.033868
not-recorded,2,75,4392.51,19.8634,0.86546,0.035961
not-recorded,2,75,4389.70,19.8607,0.86622,-0.001669
not-recorded,2,75,4395.26,19.9028,0.86937,0.049282
not-recorded,2,75,4392.27,19.8857,0.87443,0.054713
not-recorded,2,75,4392.57,19.9170,0.86986,0.056678
not-recorded,2,75,4392.20,19.8693,0.87289,0.057738
not-recorded,2,75,4394.50,19.8911,0.86632,0.018939
not-recorded,2,75,4389.81,19.8758,0.85967,0.053840
not-recorded,2,75,4392.77,19.9098,0.87200,0.027766
not-recorded,2,75,4388.50,19.8821,0.86386,0.052640
not-recorded,2,75,4392.64,19.8708,0.86723,0.007697
not-recorded,2,75,4393.18,19.8618,0.87127,-0.015314
not-recorded,2,75,4390.59,19.8876,0.87217,0.022642
not-recorded,2,75,4391.98,19.8176,0.86319,-0.014892
not-recorded,2,75,4393.37,19.8895,0.86990,-0.049493
not-recorded,2,75,4392.14,19.9386,0.87141,-0.039930
not-recorded,2,75,4390.84,19.8308,0.86925,-0.030648
not-recorded,2,75,4390.02,19.8910,0.86853,-0.028856
not-recorded,2,75,4391.18,19.8791,0.85995,-0.052407
not-recorded,2,75,4390.97,19.8743,0.85963,-0.056241
not-recorded,2,75,4391.08,19.8272,0.86658,-0.055422
not-recorded,2,75,4393.43,19.9298,0.86695,-0.027867
not-recorded,2,75,4391.79,19.8474,0.86592,-0.042732
not-recorded,2,75,4392.12,19.9451,0.87112,-0.027988
not-recorded,2,75,4390.52,19.8431,0.86334,-0.044542
not-recorded,2,75,4391.67,19.8524,0.86513,-0.013470
not-recorded,2,75,4390.46,19.8724,0.86804,-0.023812
not-recorded,2,75,4391.07,19.8544,0.86782,-0.001865
not-recorded,2,75,4388.79,19.8002,0.87005,-0.032097
not-recorded,2,75,4396.88,19.9009,0.86314,0.035505
not-recorded,2,75,4390.56,19.8744,0.86725,0.027692
not-recorded,2,75,4389.83,19.8171,0.87056,0.023348
not-recorded,2,75,4393.53,19.8479,0.86854,0.051065
not-recorded,2,75,4390.67,19.8734,0.87114,0.054019
not-recorded,2,75,4393.31,19.9005,0.87478,0.040124
not-recorded,2,75,4394.89,19.9297,0.86561,0.001423
not-recorded,2,75,4390.24,19.8881,0.86722,0.055055
not-recorded,2,75,4393.86,19.8955,0.86743,-0.005371
not-recorded,2,75,4395.12,19.9659,0.87199,-0.039141
not-recorded,2,75,4391.48,19.9260,0.87198,0.019682
not-recorded,2,75,4394.19,19.8798,0.86913,-0.043064
not-recorded,2,75,4391.77,19.8359,0.86511,-0.013470
not-recorded,2,75,4392.94,19.8930,0.87185,-0.043145
not-recorded,2,75,4393.03,19.8933,0.86194,-0.051274
not-recorded,2,75,4389.58,19.8151,0.87323,-0.004835
not-recorded,2,75,4391.06,19.8735,0.86616,-0.044205
not-recorded,2,75,4390.70,19.8856,0.86518,-0.046806
not-recorded,2,75,4391.56,19.8454,0.86317,-0.056811
not-recorded,2,75,4394.15,19.8568,0.86584,-0.025198
not-recorded,2,75,4391.34,19.8005,0.86252,-0.055115
not-recorded,2,75,4389.92,19.7790,0.87033,-0.055434
not-recorded,2,75,4392.93,19.8969,0.87566,-0.012956
not-recorded,2,75,4393.44,19.8843,0.86784,0.009060
not-recorded,2,75,4393.28,19.9187,0.86970,0.018740
not-recorded,2,75,4391.35,19.8890,0.86513,-0.006432
not-recorded,2,75,4387.64,19.8395,0.86078,-0.053858
not-recorded,2,75,4390.54,19.8060,0.86345,0.001762
not-recorded,2,75,4391.20,19.8687,0.87223,0.027856
not-recorded,2,75,4392.05,19.8997,0.86500,0.046765
not-recorded,2,75,4389.36,19.8383,0.86555,0.017985
not-recorded,2,75,4392.21,19.8591,0.87308,0.058084
not-recorded,2,75,4389.92,19.8501,0.86914,0.044851
not-recorded,2,75,4394.23,19.8799,0.86920,0.025593
not-recorded,2,75,4388.22,19.8031,0.86468,0.038225
not-recorded,2,75,4392.55,19.8787,0.86881,0.031724
not-recorded,2,75,4395.29,19.9154,0.87267,-0.033235
not-recorded,2,75,4390.35,19.8901,0.86949,0.045379
not-recorded,2,75,4388.16,19.8131,0.86885,0.056517
not-recorded,2,75,4390.48,19.8745,0.87078,0.024123
not-recorded,2,75,4392.77,19.8641,0.87414,-0.031442
not-recorded,2,75,4394.66,19.9280,0.87197,-0.055340
not-recorded,2,75,4393.57,19.8626,0.86390,-0.055171
not-recorded,2,75,4391.58,19.8681,0.85925,-0.042814
not-recorded,2,75,4393.48,19.9449,0.86965,-0.056468
not-recorded,2,75,4394.19,19.9245,0.87166,-0.045491
not-recorded,2,75,4392.50,19.8582,0.87215,-0.054829
not-recorded,2,75,4390.10,19.8477,0.86706,-0.052828
not-recorded,2,75,4395.02,19.9041,0.86992,0.002722
not-recorded,2,75,4392.09,19.8815,0.87076,-0.039820
not-recorded,2,75,4394.63,19.8685,0.87568,0.020548
not-recorded,2,75,4396.36,19.8791,0.86889,0.052340
not-recorded,2,75,4396.83,19.9247,0.87595,0.056905
not-recorded,2,75,4393.68,19.8734,0.87012,0.037164
not-recorded,2,75,4392.17,19.8738,0.87121,0.021694
not-recorded,2,75,4390.66,19.8352,0.87301,0.003247
not-recorded,2,75,4396.61,19.8827,0.86838,0.038126
not-recorded,2,75,4391.62,19.8976,0.86825,0.042643
not-recorded,2,75,4393.23,19.8982,0.87262,0.057298
not-recorded,2,75,4393.66,19.8642,0.87202,0.048569
not-recorded,2,75,4389.35,19.8509,0.86491,0.037695
not-recorded,2,75,4394.96,19.9037,0.87477,0.009580
not-recorded,2,75,4391.73,19.8378,0.86886,0.052229
not-recorded,2,75,4395.61,19.9073,0.86863,-0.028244
not-recorded,2,75,4389.95,19.8208,0.87445,0.055886
not-recorded,2,75,4395.82,19.8909,0.86720,-0.048913
not-recorded,2,75,4389.83,19.8078,0.87214,0.044624
not-recorded,2,75,4390.40,19.8411,0.86748,0.025726
not-recorded,2,75,4391.85,19.8757,0.86794,-0.014784
not-recorded,2,75,4393.45,19.8899,0.87486,-0.050325
not-recorded,2,75,4396.83,19.8845,0.87139,-0.034356
not-recorded,2,75,4391.75,19.8238,0.86883,-0.045805
not-recorded,2,75,4392.59,19.9228,0.86651,-0.056803
not-recorded,2,75,4395.23,19.9508,0.87002,-0.029596
not-recorded,2,75,4392.80,19.8164,0.87047,-0.053614
not-recorded,2,75,4392.17,19.9140,0.86888,-0.053302
not-recorded,2,75,4393.65,19.8881,0.87357,-0.022548
not-recorded,2,75,4392.50,19.8453,0.86530,-0.032762
not-recorded,2,75,4391.11,19.8842,0.86515,-0.043439
not-recorded,2,75,4397.36,19.9136,0.87063,0.056245
not-recorded,2,75,4389.54,19.8780,0.86840,-0.048356
not-recorded,2,75,4393.68,19.9324,0.86339,0.037400
not-recorded,2,75,4387.91,19.8045,0.86814,-0.050209
not-recorded,2,75,4397.48,19.9212,0.86881,0.033326
not-recorded,2,75,4390.91,19.8714,0.86543,0.019642
not-recorded,2,75,4396.82,19.9003,0.86712,0.023559
not-recorded,2,75,4396.11,19.9742,0.86638,0.024508
not-recorded,2,75,4391.82,19.8821,0.86995,0.055315
not-recorded,2,75,4394.27,19.8516,0.87139,0.032920
not-recorded,2,75,4393.48,19.8419,0.87223,0.038550
not-recorded,2,75,4393.02,19.8761,0.86916,0.034922
not-recorded,2,75,4394.09,19.8710,0.87058,0.004260
not-recorded,2,75,4397.21,19.9532,0.87387,-0.052772
not-recorded,2,75,4395.37,19.9117,0.86941,-0.041520
not-recorded,2,75,4394.25,19.8768,0.87179,-0.035057
not-recorded,2,75,4397.82,19.9494,0.87129,-0.045443
not-recorded,2,75,4393.71,19.8571,0.86157,-0.045991
not-recorded,2,75,4395.65,19.9250,0.86884,-0.051515
not-recorded,2,75,4392.05,19.8302,0.86780,-0.040967
not-recorded,2,75,4395.27,19.8621,0.86485,-0.047425
not-recorded,2,75,4392.11,19.8025,0.86773,-0.053517
not-recorded,2,75,4392.23,19.8480,0.87157,-0.058584
not-recorded,2,75,4392.77,19.8655,0.87102,-0.053913
not-recorded,2,75,4394.04,19.9218,0.86706,-0.026639
not-recorded,2,75,4390.41,19.8397,0.86580,-0.057331
not-recorded,2,75,4390.85,19.8515,0.86956,-0.051214
not-recorded,2,75,4395.71,19.9010,0.86860,0.039111
not-recorded,2,75,4392.37,19.8682,0.86513,-0.010813
not-recorded,2,75,4393.57,19.9331,0.86503,0.024497
not-recorded,2,75,4393.61,19.9217,0.87291,0.034769
not-recorded,2,75,4391.28,19.8393,0.87360,0.003077
not-recorded,2,75,4393.92,19.9100,0.86691,0.052367
not-recorded,2,75,4393.78,19.8817,0.86943,0.056511
not-recorded,2,75,4394.42,19.8922,0.86575,0.055599
not-recorded,2,75,4388.79,19.8486,0.87492,0.005442
not-recorded,2,75,4396.86,19.9393,0.87535,-0.003567
not-recorded,2,75,4392.54,19.8337,0.87510,0.054146
not-recorded,2,75,4389.75,19.8432,0.86244,0.051500
not-recorded,2,75,4393.37,19.8356,0.87222,0.027406
not-recorded,2,75,4388.81,19.8590,0.86606,0.052009
not-recorded,2,75,4392.93,19.9047,0.87019,0.012264
not-recorded,2,75,4396.37,19.9425,0.86706,-0.055454
not-recorded,2,75,4394.16,19.9208,0.86815,-0.035954
not-recorded,2,75,4392.72,19.8430,0.87285,-0.020518
not-recorded,2,75,4393.90,19.9143,0.87029,-0.047119
not-recorded,2,75,4391.22,19.9117,0.87339,-0.017390
not-recorded,2,75,4392.68,19.8952,0.86849,-0.047934
not-recorded,2,75,4396.24,19.9009,0.87412,-0.033070
not-recorded,2,75,4394.86,19.8898,0.87158,-0.042824
not-recorded,2,75,4395.38,19.8911,0.86918,-0.024368
not-recorded,2,75,4393.48,19.8964,0.86861,-0.045794
not-recorded,2,75,4393.05,19.8985,0.86987,-0.045995
not-recorded,2,75,4394.68,19.9313,0.87052,-0.001348
not-recorded,2,75,4391.35,19.8175,0.87288,-0.049354
not-recorded,2,75,4394.15,19.9647,0.86893,0.012224
not-recorded,2,75,4392.55,19.8412,0.87008,-0.007973
not-recorded,2,75,4394.95,19.8976,0.87146,0.047292
not-recorded,2,75,4391.98,19.9263,0.86162,0.007527
not-recorded,2,75,4393.59,19.8794,0.86785,0.045945
not-recorded,2,75,4395.27,19.9499,0.87065,0.055634
not-recorded,2,75,4389.68,19.8691,0.86955,-0.002772
not-recorded,2,75,4395.70,19.8636,0.86792,0.040288
not-recorded,2,75,4396.11,19.9601,0.86760,0.022316
not-recorded,2,75,4394.42,19.8624,0.87267,0.041533
not-recorded,2,75,4397.30,19.9038,0.86860,-0.025287
not-recorded,2,75,4398.64,19.9507,0.87226,-0.050310
not-recorded,2,75,4392.73,19.9248,0.87372,0.038095
not-recorded,2,75,4394.84,19.9078,0.86423,-0.014255
not-recorded,2,75,4396.13,19.9375,0.86503,-0.045155
not-recorded,2,75,4391.18,19.8606,0.86440,0.035118
not-recorded,2,75,4390.79,19.8795,0.86671,0.031333
not-recorded,2,75,4388.59,19.8733,0.86876,0.049738
not-recorded,2,75,4393.50,19.8492,0.86902,-0.043907
not-recorded,2,75,4394.69,19.8894,0.87156,-0.055782
not-recorded,2,75,4392.96,19.9322,0.86987,-0.051225
not-recorded,2,75,4391.49,19.8844,0.86456,-0.043222
not-recorded,2,75,4397.25,19.9029,0.86924,0.000761
not-recorded,2,75,4391.91,19.8338,0.86800,-0.055666
not-recorded,2,75,4397.23,19.9015,0.87386,0.025793
not-recorded,2,75,4397.30,19.9143,0.87335,0.033896
not-recorded,2,75,4390.78,19.8725,0.86690,-0.056120
not-recorded,2,75,4394.17,19.9107,0.86236,-0.000770
not-recorded,2,75,4393.94,19.9131,0.86252,0.010490
not-recorded,2,75,4395.58,19.9425,0.86955,0.046321
not-recorded,2,75,4391.25,19.8616,0.86263,-0.021077
not-recorded,2,75,4395.44,19.9251,0.86808,0.056180
not-recorded,2,75,4390.20,19.8898,0.86676,-0.016517
not-recorded,2,75,4395.20,19.8622,0.87235,0.056508
not-recorded,2,75,4393.47,19.8683,0.87590,0.054442
not-recorded,2,75,4396.84,19.8932,0.87250,0.019210
not-recorded,2,75,4394.38,19.8363,0.86815,0.047334
not-recorded,2,75,4391.88,19.8827,0.86710,0.055131
not-recorded,2,75,4398.18,19.9510,0.87829,-0.039464
not-recorded,2,75,4395.65,19.9135,0.86820,-0.006401
not-recorded,2,75,4395.50,19.9224,0.87387,-0.015283
not-recorded,2,75,4391.87,19.8371,0.86885,0.041585
not-recorded,2,75,4391.90,19.8824,0.86592,0.033370
not-recorded,2,75,4394.85,19.8405,0.86937,-0.035830
not-recorded,2,75,4389.39,19.9195,0.86760,0.048358
not-recorded,2,75,4392.07,19.9089,0.86874,-0.008106
not-recorded,2,75,4391.12,19.8620,0.86706,-0.000835
not-recorded,2,75,4393.75,19.8650,0.87378,-0.052596
not-recorded,2,75,4396.71,19.9036,0.86806,-0.033209
not-recorded,2,75,4395.08,19.9210,0.86678,-0.046896
not-recorded,2,75,4395.13,19.9877,0.87154,-0.039955
not-recorded,2,75,4396.54,19.9375,0.87195,-0.001725
not-recorded,2,75,4395.74,19.8987,0.87089,-0.005855
not-recorded,2,75,4395.94,19.9139,0.87100,0.012688
not-recorded,2,75,4395.22,19.8739,0.87781,0.010574
not-recorded,2,75,4393.84,19.8600,0.87078,-0.005419
not-recorded,2,75,4397.25,19.8600,0.87347,0.056297
not-recorded,2,75,4400.05,19.9446,0.86803,0.026311
not-recorded,2,75,4394.13,19.9091,0.86914,0.036335
not-recorded,2,75,4391.13,19.8633,0.87042,-0.010584
not-recorded,2,75,4391.92,19.9330,0.87616,0.020969
not-recorded,2,75,4394.99,19.8909,0.86996,0.055365
not-recorded,2,75,4396.20,19.9103,0.86150,0.039935
not-recorded,2,75,4394.48,19.9112,0.87326,0.053250
not-recorded,2,75,4392.85,19.9232,0.86233,0.055172
not-recorded,2,75,4394.39,19.8875,0.86606,0.042847
not-recorded,2,75,4392.22,19.9365,0.86768,0.054619
not-recorded,2,75,4389.04,19.8664,0.86496,0.041428
not-recorded,2,75,4390.86,19.8657,0.87296,0.056202
not-recorded,2,75,4395.92,19.8765,0.86430,-0.032918
not-recorded,2,75,4396.05,19.9528,0.86491,-0.046020
not-recorded,2,75,4393.47,19.8048,0.86969,-0.012325
not-recorded,2,75,4396.22,19.9487,0.86808,-0.055488
not-recorded,2,75,4391.97,19.8359,0.87116,-0.007078
not-recorded,2,75,4391.84,19.8697,0.87072,-0.016445
not-recorded,2,75,4392.93,19.9021,0.87246,-0.044364
not-recorded,2,75,4393.75,19.8860,0.86455,-0.056041
not-recorded,2,75,4390.55,19.8973,0.86295,-0.028886
not-recorded,2,75,4393.72,19.8499,0.86631,-0.052461
not-recorded,2,75,4393.23,19.8833,0.87080,-0.051152
not-recorded,2,75,4395.37,19.8807,0.87358,-0.010454
not-recorded,2,75,4396.33,19.9232,0.87040,0.020228
not-recorded,2,75,4396.29,19.8778,0.86960,0.030934
not-recorded,2,75,4394.56,19.8825,0.86626,0.010914
not-recorded,2,75,4394.08,19.8448,0.86599,0.012608
not-recorded,2,75,4390.95,19.8760,0.86339,-0.036906
not-recorded,2,75,4394.69,19.8368,0.87234,0.043095
not-recorded,2,75,4391.25,19.8704,0.86203,-0.010132
not-recorded,2,75,4390.08,19.8870,0.86866,-0.019181
not-recorded,2,75,4397.16,19.8506,0.88019,0.034077
not-recorded,2,75,4395.48,19.8973,0.87305,0.050793
not-recorded,2,75,4394.00,19.9263,0.86584,0.055027
not-recorded,0,0,4387.44,19.8790,0.86548,-0.023218
not-recorded,0,0,4376.80,19.7602,0.86488,0.046094
not-recorded,0,0,4367.09,19.6010,0.85430,-0.052767
not-recorded,0,0,4364.94,19.5928,0.85480,-0.055781
not-recorded,0,0,4350.91,19.4768,0.85316,-0.017901
not-recorded,0,0,4345.91,19.4620,0.84454,-0.050583
not-recorded,0,0,4336.77,19.4037,0.84873,0.053267
not-recorded,0,0,4327.96,19.2676,0.84541,-0.054276
not-recorded,0,0,4318.72,19.2188,0.83955,0.052324
not-recorded,0,0,4310.28,19.1551,0.83666,-0.054306
not-recorded,0,0,4302.56,19.0929,0.83354,0.048546
not-recorded,0,0,4292.23,19.0495,0.82720,-0.054823
not-recorded,0,0,4284.64,18.8882,0.82945,0.041499
not-recorded,0,0,4274.16,18.8000,0.82014,-0.054495
not-recorded,0,0,4271.03,18.8323,0.82779,-0.041634
not-recorded,0,0,4258.08,18.6625,0.81730,-0.028458
not-recorded,0,0,4252.06,18.5786,0.81101,-0.030502
not-recorded,0,0,4244.53,18.5719,0.80947,0.050105
not-recorded,0,0,4234.10,18.4685,0.80774,-0.034625
not-recorded,0,0,4225.34,18.3732,0.79969,0.039511
not-recorded,0,0,4222.36,18.3806,0.80250,-0.002032
not-recorded,0,0,4211.18,18.2522,0.79773,0.039624
not-recorded,0,0,4202.83,18.2203,0.79276,-0.026619
not-recorded,0,0,4191.32,18.0514,0.79703,0.053955
not-recorded,0,0,4181.24,18.0019,0.78075,-0.051311
not-recorded,0,0,4177.49,18.0186,0.77876,-0.011718
not-recorded,0,0,4172.88,17.9208,0.77850,0.053136
not-recorded,0,0,4162.33,17.7910,0.78408,-0.052419
not-recorded,0,0,4157.13,17.8217,0.78436,0.015903
not-recorded,0,0,4147.05,17.7033,0.77496,-0.034852
not-recorded,0,0,4135.54,17.5458,0.76922,0.051774
not-recorded,0,0,4127.75,17.5658,0.76488,-0.048053
not-recorded,0,0,4115.56,17.4452,0.76132,0.043209
not-recorded,0,0,4114.30,17.4358,0.75999,0.031502
not-recorded,0,0,4110.39,17.3921,0.75995,-0.029789
not-recorded,0,0,4099.82,17.2664,0.75760,0.046736
not-recorded,0,0,4085.71,17.1354,0.75463,-0.008008
not-recorded,0,0,4081.72,17.1851,0.75128,0.045763
not-recorded,0,0,4073.18,17.1066,0.74346,-0.039791
not-recorded,0,0,4061.43,17.0263,0.73924,0.049493
not-recorded,0,0,4057.10,16.9621,0.73485,-0.004038
not-recorded,0,0,4046.76,16.9039,0.73228,0.028971
not-recorded,0,0,4040.08,16.7787,0.72714,0.016291
not-recorded,0,0,4031.72,16.7272,0.73149,-0.028579
not-recorded,0,0,4027.51,16.6840,0.73356,0.035224
not-recorded,0,0,4018.92,16.5850,0.73253,-0.030087
not-recorded,0,0,4010.43,16.5789,0.71910,0.017052
not-recorded,0,0,4006.12,16.5361,0.72167,0.051335
not-recorded,0,0,3995.10,16.4498,0.72306,-0.032781
not-recorded,0,0,3986.68,16.3621,0.71674,0.041865
not-recorded,0,0,3981.19,16.3493,0.71196,-0.039583
not-recorded,0,0,3969.55,16.2675,0.70981,0.051277
not-recorded,0,0,3960.19,16.1188,0.70419,-0.048548
not-recorded,0,0,3957.57,16.1169,0.70144,-0.019885
not-recorded,0,0,3947.63,16.0110,0.69927,0.003003
not-recorded,0,0,3940.62,15.9683,0.70454,-0.039057
not-recorded,0,0,3928.76,15.9264,0.70391,-0.011500
not-recorded,0,0,3924.06,15.8451,0.69002,-0.051722
not-recorded,0,0,3919.86,15.8071,0.68730,-0.001936
not-recorded,0,0,3906.84,15.7381,0.68841,-0.049914
not-recorded,0,0,3902.12,15.6363,0.68670,-0.006247
not-recorded,0,0,3887.95,15.5092,0.67900,-0.050042
not-recorded,0,0,3884.48,15.5450,0.67585,-0.016485
not-recorded,0,0,3878.35,15.4760,0.67525,0.048810
not-recorded,0,0,3870.28,15.4282,0.67224,-0.049085
not-recorded,0,0,3868.63,15.4122,0.67713,-0.049523
not-recorded,0,0,3860.89,15.3834,0.67392,0.048152
not-recorded,0,0,3846.32,15.2451,0.66733,0.011011
not-recorded,0,0,3841.98,15.1604,0.66718,0.047024
not-recorded,0,0,3833.13,15.1342,0.66138,-0.050640
not-recorded,0,0,3823.79,15.0578,0.66413,0.049970
not-recorded,0,0,3817.56,14.9996,0.66067,-0.031641
not-recorded,0,0,3810.13,14.9852,0.65803,0.001781
not-recorded,0,0,3801.11,14.8469,0.64612,-0.004193
not-recorded,0,0,3796.58,14.8229,0.64934,-0.048830
not-recorded,0,0,3790.51,14.7845,0.64290,0.022686
not-recorded,0,0,3781.54,14.7149,0.64305,-0.022315
not-recorded,0,0,3772.94,14.6789,0.64018,0.014412
not-recorded,0,0,3768.91,14.5927,0.63873,0.051167
not-recorded,0,0,3755.92,14.5467,0.62962,-0.003774
not-recorded,0,0,3750.72,14.4867,0.62866,0.050249
not-recorded,0,0,3747.90,14.4556,0.63294,0.029569
not-recorded,0,0,3737.30,14.3635,0.62718,0.000674
not-recorded,0,0,3729.60,14.3304,0.62568,0.024448
not-recorded,0,0,3722.63,14.3003,0.62709,-0.046320
not-recorded,0,0,3715.53,14.2533,0.62876,0.046136
not-recorded,0,0,3707.77,14.1046,0.61536,-0.032422
not-recorded,0,0,3699.96,14.1688,0.61411,0.015249
not-recorded,0,0,3693.61,13.9711,0.61352,0.030571
not-recorded,0,0,3688.16,14.0258,0.60420,-0.045449
not-recorded,0,0,3677.17,13.9503,0.60857,0.044360
not-recorded,0,0,3671.63,13.8727,0.60700,-0.028020
not-recorded,0,0,3667.52,13.8178,0.60781,-0.044270
not-recorded,0,0,3655.65,13.8182,0.60147,0.003364
not-recorded,0,0,3649.25,13.7274,0.59795,-0.041577
not-recorded,0,0,3647.20,13.6917,0.60074,-0.020411
not-recorded,0,0,3631.12,13.5830,0.60105,-0.039715
not-recorded,0,0,3628.02,13.5242,0.59103,0.000582
not-recorded,0,0,3625.03,13.5512,0.58787,0.036845
not-recorded,0,0,3610.95,13.3624,0.58805,-0.014666
not-recorded,0,0,3610.10,13.4623,0.58292,-0.007856
not-recorded,0,0,3598.91,13.3699,0.58483,-0.030818
not-recorded,0,0,3590.10,13.2626,0.58146,0.027847
not-recorded,0,0,3585.79,13.2978,0.57979,0.043613
not-recorded,0,0,3581.02,13.2069,0.57787,-0.022163
not-recorded,0,0,3571.96,13.1595,0.57154,0.024997
not-recorded,0,0,3563.82,13.0816,0.56967,-0.010070
not-recorded,0,0,3556.74,13.0454,0.57254,-0.017924
not-recorded,0,0,3553.74,13.0212,0.57152,0.020204
not-recorded,0,0,3544.30,12.9544,0.56670,-0.027881
not-recorded,0,0,3539.21,12.9393,0.56992,-0.032044
not-recorded,0,0,3530.54,12.8488,0.55555,0.035623
not-recorded,0,0,3522.69,12.7444,0.56026,-0.042995
not-recorded,0,0,3515.10,12.7384,0.55743,0.046203
not-recorded,0,0,3509.39,12.6780,0.55710,-0.009675
not-recorded,0,0,3504.72,12.6883,0.55250,-0.042316
not-recorded,0,0,3494.16,12.5534,0.55227,0.030492
not-recorded,0,0,3489.02,12.4890,0.55156,-0.036237
not-recorded,0,0,3480.29,12.4945,0.54697,0.034855
not-recorded,0,0,3474.22,12.4204,0.54882,0.010518
not-recorded,0,0,3467.12,12.4228,0.53853,-0.032392
not-recorded,0,0,3464.29,12.4099,0.54044,0.002882
not-recorded,0,0,3457.50,12.3681,0.53777,0.031907
not-recorded,0,0,3449.36,12.2438,0.53016,-0.038362
not-recorded,0,0,3444.57,12.2567,0.53031,0.022984
not-recorded,0,0,3433.89,12.0701,0.53082,-0.044174
not-recorded,0,0,3426.93,12.1059,0.53317,0.021288
not-recorded,0,0,3424.36,12.0629,0.52933,0.044226
not-recorded,0,0,3417.53,12.0495,0.52251,-0.022957
not-recorded,0,0,3411.05,11.9712,0.52054,-0.015771
not-recorded,0,0,3402.58,11.9441,0.52044,0.021564
not-recorded,0,0,3395.49,11.8402,0.51819,-0.040092
not-recorded,0,0,3387.90,11.8238,0.51748,0.045630
not-recorded,0,0,3377.09,11.7258,0.51923,-0.034551
not-recorded,0,0,3372.94,11.6618,0.50712,0.019393
not-recorded,0,0,3369.43,11.7142,0.50575,0.045190
not-recorded,0,0,3360.22,11.6224,0.50271,-0.045174
not-recorded,0,0,3352.97,11.5483,0.51078,0.039704
not-recorded,0,0,3352.26,11.6068,0.50663,0.039695
not-recorded,0,0,3340.66,11.5318,0.50850,-0.032496
not-recorded,0,0,3336.22,11.4303,0.49778,0.021453
not-recorded,0,0,3330.12,11.4353,0.49358,0.021382
not-recorded,0,0,3323.85,11.3698,0.49961,-0.044105
not-recorded,0,0,3320.57,11.3810,0.50005,-0.017198
not-recorded,0,0,3314.57,11.3400,0.49469,0.043797
not-recorded,0,0,3300.29,11.2222,0.49051,0.024267
not-recorded,0,0,3300.04,11.1684,0.48855,0.017536
not-recorded,0,0,3289.92,11.1960,0.48165,-0.035546
not-recorded,0,0,3285.27,11.1668,0.48661,-0.025156
not-recorded,0,0,3281.73,11.1423,0.48390,0.021617
not-recorded,0,0,3273.40,11.0095,0.47394,-0.015044
not-recorded,0,0,3263.77,10.9474,0.48040,0.026301
not-recorded,0,0,3256.50,10.9003,0.47568,-0.000899
not-recorded,0,0,3255.51,10.9116,0.47361,-0.011742
not-recorded,0,0,3250.30,10.8651,0.47326,-0.037499
not-recorded,0,0,3243.52,10.8549,0.48038,0.041888
not-recorded,0,0,3232.95,10.7150,0.46909,-0.040263
not-recorded,0,0,3228.17,10.7435,0.47482,0.016205
not-recorded,0,0,3222.86,10.6818,0.46704,0.031652
not-recorded,0,0,3212.14,10.6507,0.46021,-0.008889
not-recorded,0,0,3210.00,10.6154,0.45983,0.019294
not-recorded,0,0,3206.94,10.5791,0.46317,0.043893
not-recorded,0,0,3192.97,10.5372,0.46396,0.008347
not-recorded,0,0,3188.17,10.4385,0.45936,0.041382
not-recorded,0,0,3185.99,10.4596,0.45628,0.023825
not-recorded,0,0,3179.41,10.4072,0.45389,-0.040989
not-recorded,0,0,3172.09,10.3427,0.45482,0.038340
not-recorded,0,0,3167.58,10.3278,0.44437,0.020481
not-recorded,0,0,3161.42,10.2844,0.44920,-0.041550
not-recorded,0,0,3152.31,10.2795,0.44259,0.041254
not-recorded,0,0,3146.34,10.2425,0.44560,-0.026199
not-recorded,0,0,3143.13,10.0974,0.44135,-0.041879
not-recorded,0,0,3130.84,10.0651,0.43998,0.005366
not-recorded,0,0,3128.74,10.0409,0.43927,-0.022530
not-recorded,0,0,3119.10,10.0593,0.43850,0.030300
not-recorded,0,0,3115.69,10.0022,0.44206,0.038579
not-recorded,0,0,3110.49,9.9960,0.43746,-0.025520
not-recorded,0,0,3105.02,9.9261,0.43808,-0.025138
not-recorded,0,0,3097.16,9.8104,0.43222,0.034118
not-recorded,0,0,3088.03,9.8698,0.42816,-0.030334
not-recorded,0,0,3087.06,9.8460,0.43220,-0.024279
not-recorded,0,0,3081.41,9.7897,0.42599,0.039744
not-recorded,0,0,3074.66,9.7041,0.42972,-0.021821
not-recorded,0,0,3070.24,9.7321,0.42455,-0.035987
not-recorded,0,0,3057.89,9.5705,0.42165,-0.008722
not-recorded,0,0,3056.97,9.6360,0.42002,-0.019176
not-recorded,0,0,3050.27,9.6344,0.42039,-0.011440
not-recorded,0,0,3043.77,9.5159,0.41116,0.037306
not-recorded,0,0,3035.66,9.4306,0.41382,-0.040647
not-recorded,0,0,3030.07,9.5340,0.41574,0.021952
not-recorded,0,0,3023.14,9.3888,0.40685,0.005894
not-recorded,0,0,3017.18,9.3802,0.40976,-0.037611
not-recorded,0,0,3012.75,9.3541,0.40915,0.009750
not-recorded,0,0,3009.82,9.2591,0.40358,0.036781
not-recorded,0,0,3004.58,9.3325,0.40291,0.004661
not-recorded,0,0,3002.53,9.2579,0.40543,-0.020913
not-recorded,0,0,2989.26,9.1688,0.40670,0.031310
not-recorded,0,0,2984.33,9.1602,0.40822,-0.028760
not-recorded,0,0,2978.71,9.1112,0.39909,-0.015032
not-recorded,0,0,2977.81,9.1656,0.39601,-0.005983
not-recorded,0,0,2966.18,9.0732,0.39911,-0.031925
not-recorded,0,0,2961.19,9.0054,0.39221,-0.018857
not-recorded,0,0,2956.58,8.9663,0.38905,0.035107
not-recorded,0,0,2950.48,8.9152,0.38885,-0.003713
not-recorded,0,0,2943.28,8.8846,0.39259,-0.017467
not-recorded,0,0,2940.37,8.8983,0.38007,0.015999
not-recorded,0,0,2930.98,8.8427,0.38842,-0.025991
not-recorded,0,0,2925.05,8.8259,0.38654,-0.012293
not-recorded,0,0,2922.58,8.8334,0.38288,0.016121
not-recorded,0,0,2912.88,8.7451,0.37804,-0.026363
not-recorded,0,0,2911.26,8.7184,0.38040,-0.039646
not-recorded,0,0,2906.01,8.6809,0.38127,-0.002673
not-recorded,0,0,2897.76,8.6948,0.37636,0.010114
not-recorded,0,0,2889.65,8.5903,0.37370,-0.016894
not-recorded,0,0,2885.95,8.5396,0.37120,0.027694
not-recorded,0,0,2883.41,8.5069,0.37419,0.040657
not-recorded,0,0,2879.87,8.5333,0.36906,0.012467
not-recorded,0,0,2868.66,8.4564,0.36863,0.021708
not-recorded,0,0,2867.03,8.4727,0.37621,0.034107
not-recorded,0,0,2859.10,8.3565,0.37234,-0.025433
not-recorded,0,0,2856.01,8.3800,0.37096,-0.036093
not-recorded,0,0,2849.14,8.3857,0.35952,0.034142
not-recorded,0,0,2842.80,8.4014,0.36494,-0.008530
not-recorded,0,0,2843.53,8.3558,0.36247,0.006502
not-recorded,0,0,2834.11,8.2566,0.36510,0.003323
not-recorded,0,0,2825.10,8.1943,0.35670,-0.006771
not-recorded,0,0,2820.31,8.2136,0.35633,-0.036689
not-recorded,0,0,2811.59,8.1292,0.34966,0.036457
not-recorded,0,0,2811.35,8.2064,0.35873,0.037713
not-recorded,0,0,2802.88,8.0906,0.35408,-0.037381
not-recorded,0,0,2798.46,8.0681,0.35395,0.004007
not-recorded,0,0,2792.23,8.0391,0.35267,0.027135
not-recorded,0,0,2786.43,8.0358,0.34505,-0.036150
not-recorded,0,0,2781.78,7.9765,0.34661,-0.011409
not-recorded,0,0,2776.06,7.9320,0.34480,0.038675
not-recorded,0,0,2769.85,7.8966,0.34614,-0.028226
not-recorded,0,0,2764.07,7.8573,0.34448,-0.009614
not-recorded,0,0,2761.20,7.8207,0.34705,0.023286
not-recorded,0,0,2756.09,7.8139,0.34242,0.024032
not-recorded,0,0,2752.29,7.8665,0.34143,-0.020406
not-recorded,0,0,2743.70,7.8233,0.33483,0.019757
not-recorded,0,0,2742.57,7.7499,0.34114,0.027741
not-recorded,0,0,2733.78,7.6399,0.33231,-0.030412
not-recorded,0,0,2728.26,7.7120,0.34035,-0.010236
not-recorded,0,0,2720.21,7.5918,0.33426,0.016723
not-recorded,0,0,2717.78,7.6265,0.32859,-0.009329
not-recorded,0,0,2712.17,7.5922,0.33368,-0.026839
not-recorded,0,0,2701.69,7.4958,0.33130,0.004451
not-recorded,0,0,2700.50,7.5467,0.32811,-0.006078
not-recorded,0,0,2695.70,7.4537,0.32231,-0.034347
not-recorded,0,0,2692.35,7.4595,0.31907,-0.010158
not-recorded,0,0,2685.59,7.4740,0.32229,0.028911
not-recorded,0,0,2677.66,7.3525,0.32499,-0.031361
not-recorded,0,0,2678.10,7.4435,0.32925,-0.036181
not-recorded,0,0,2674.99,7.3084,0.31678,-0.015770
not-recorded,0,0,2667.99,7.3168,0.31798,0.030468
not-recorded,0,0,2660.57,7.2917,0.31686,-0.035289
not-recorded,0,0,2650.91,7.2556,0.31634,0.033450
not-recorded,0,0,2649.37,7.2159,0.31719,0.022815
not-recorded,0,0,2645.01,7.2237,0.31945,-0.026790
not-recorded,0,0,2638.80,7.1842,0.31032,-0.005711
not-recorded,0,0,2636.28,7.1564,0.31483,0.026001
not-recorded,0,0,2630.09,7.1409,0.31112,0.003440
not-recorded,0,0,2618.01,7.0649,0.30993,0.033946
not-recorded,0,0,2616.65,7.0231,0.30750,0.034015
not-recorded,0,0,2616.21,7.0607,0.31020,0.034784
not-recorded,0,0,2608.51,6.9625,0.30034,-0.031450
not-recorded,0,0,2603.51,6.9730,0.30905,-0.007398
not-recorded,0,0,2598.80,6.9533,0.29484,0.034995
not-recorded,0,0,2591.60,6.9488,0.30565,-0.027936
not-recorded,0,0,2587.26,6.8748,0.30141,-0.022872
not-recorded,0,0,2584.15,6.8972,0.29595,0.013003
not-recorded,0,0,2578.44,6.8355,0.29631,0.023591
not-recorded,0,0,2574.70,6.8119,0.30246,-0.019276
not-recorded,0,0,2568.79,6.7504,0.29404,-0.013306
not-recorded,0,0,2562.03,6.7916,0.29797,0.032928
not-recorded,0,0,2557.13,6.7704,0.29395,-0.019327
not-recorded,0,0,2553.98,6.7239,0.29897,-0.034001
not-recorded,0,0,2547.60,6.7036,0.29095,0.021748
not-recorded,0,0,2548.05,6.7181,0.29035,0.018444
not-recorded,0,0,2536.38,6.5940,0.29732,-0.033410
not-recorded,0,0,2535.54,6.6573,0.28516,-0.030581
not-recorded,0,0,2525.18,6.5120,0.28808,0.019896
not-recorded,0,0,2527.65,6.5500,0.28497,0.035408
not-recorded,0,0,2518.03,6.4761,0.28634,-0.032611
not-recorded,0,0,2510.72,6.5144,0.28775,0.032723
not-recorded,0,0,2505.19,6.4591,0.27805,-0.005212
not-recorded,0,0,2504.13,6.4190,0.28178,-0.016006
not-recorded,0,0,2501.24,6.4612,0.28058,-0.033416
not-recorded,0,0,2499.00,6.3906,0.28147,-0.027636
not-recorded,0,0,2490.80,6.3643,0.27897,0.031454
not-recorded,0,0,2487.38,6.4075,0.27213,-0.000599
not-recorded,0,0,2481.96,6.3366,0.28170,-0.029402
not-recorded,0,0,2474.09,6.2544,0.27816,0.032563
not-recorded,0,0,2467.88,6.3087,0.26723,-0.024489
not-recorded,0,0,2460.88,6.2938,0.26774,0.007926
not-recorded,0,0,2458.88,6.1870,0.26766,0.025513
not-recorded,0,0,2453.41,6.1899,0.27476,0.009384
not-recorded,0,0,2449.86,6.1629,0.26970,-0.027822
not-recorded,0,0,2449.86,6.1741,0.27077,-0.023703
not-recorded,0,0,2445.98,6.1870,0.27390,-0.027317
not-recorded,0,0,2439.28,6.1742,0.27052,0.033047
not-recorded,0,0,2432.75,6.0774,0.26927,-0.020504
not-recorded,0,0,2428.67,6.0367,0.26755,-0.031395
not-recorded,0,0,2422.19,6.0408,0.26970,0.033774
not-recorded,0,0,2416.71,6.0241,0.26461,-0.003976
not-recorded,0,0,2414.06,6.0061,0.25878,-0.029762
not-recorded,0,0,2406.33,5.9089,0.26057,0.023218
not-recorded,0,0,2402.22,5.8911,0.26062,0.027552
not-recorded,0,0,2400.36,5.8739,0.26385,0.011029
not-recorded,0,0,2395.62,5.9885,0.25912,-0.030264
not-recorded,0,0,2391.38,5.8574,0.25514,-0.010793
not-recorded,0,0,2383.07,5.8628,0.25598,0.012884
not-recorded,0,0,2378.84,5.8525,0.26158,-0.027583
not-recorded,0,0,2372.33,5.8122,0.24963,0.011832
not-recorded,0,0,2371.41,5.8039,0.25135,0.017292
not-recorded,0,0,2370.20,5.7595,0.25163,0.024186
not-recorded,0,0,2364.52,5.7134,0.25725,0.004567
not-recorded,0,0,2352.44,5.6858,0.25271,0.028784
not-recorded,0,0,2353.90,5.6882,0.24412,0.017391
not-recorded,0,0,2345.78,5.6392,0.24224,-0.011801
not-recorded,0,0,2342.35,5.6200,0.24323,-0.033005
not-recorded,0,0,2336.36,5.6423,0.25307,0.018002
not-recorded,0,0,2336.48,5.6581,0.24858,0.011562
not-recorded,0,0,2331.80,5.6416,0.24483,0.027060
not-recorded,0,0,2327.38,5.5060,0.24085,-0.015216
not-recorded,0,0,2318.03,5.4734,0.23858,0.022046
not-recorded,0,0,2316.45,5.5452,0.24424,0.033343
not-recorded,0,0,2310.49,5.4571,0.23839,-0.010196
not-recorded,0,0,2307.02,5.5060,0.23856,-0.031863
not-recorded,0,0,2302.71,5.4663,0.23571,-0.001100
not-recorded,0,0,2299.65,5.4588,0.23815,0.026446
not-recorded,0,0,2294.98,5.4001,0.23771,0.012402
not-recorded,0,0,2282.01,5.3697,0.23149,0.030177
not-recorded,0,0,2284.06,5.4170,0.23225,0.010563
not-recorded,0,0,2279.68,5.3709,0.23651,0.029586
not-recorded,0,0,2278.19,5.3400,0.23804,0.023851
not-recorded,0,0,2270.60,5.3033,0.23284,-0.028408
not-recorded,0,0,2265.63,5.2768,0.22661,0.018150
not-recorded,0,0,2260.04,5.2365,0.23162,0.014213
not-recorded,0,0,2260.71,5.2306,0.23062,0.022369
not-recorded,0,0,2252.57,5.1963,0.23363,-0.024911
not-recorded,0,0,2250.45,5.2014,0.22604,-0.007830
not-recorded,0,0,2248.25,5.2477,0.22858,0.012369
not-recorded,0,0,2239.33,5.2158,0.23215,-0.019429
not-recorded,0,0,2231.52,5.0858,0.22203,0.011060
not-recorded,0,0,2230.96,5.1588,0.22226,0.014267
not-recorded,0,0,2231.62,5.1889,0.22218,0.006082
not-recorded,0,0,2224.66,5.1499,0.22816,0.012796
not-recorded,0,0,2221.71,5.0372,0.21693,-0.016836
not-recorded,0,0,2213.84,5.0415,0.21881,0.010276
not-recorded,0,0,2209.30,5.0218,0.21512,0.029294
not-recorded,0,0,2206.52,5.0177,0.22324,0.006503
not-recorded,0,0,2197.64,4.9882,0.21803,-0.003137
not-recorded,0,0,2193.88,4.9698,0.21682,0.027898
not-recorded,0,0,2190.11,4.8887,0.21533,0.015385
not-recorded,0,0,2189.17,4.9220,0.21438,0.008098
not-recorded,0,0,2178.24,4.9133,0.21349,0.019079
not-recorded,0,0,2179.72,4.8820,0.21011,0.002620
not-recorded,0,0,2175.34,4.9099,0.21821,0.029823
not-recorded,0,0,2169.11,4.8262,0.20922,-0.020645
not-recorded,0,0,2168.72,4.8736,0.21333,-0.019543
not-recorded,0,0,2162.75,4.8120,0.21238,-0.006875
not-recorded,0,0,2158.48,4.8311,0.20345,0.030747
not-recorded,0,0,2155.63,4.7987,0.20911,0.020849
not-recorded,0,0,2146.42,4.7611,0.21124,-0.015226
not-recorded,0,0,2144.74,4.6910,0.20282,-0.000445
not-recorded,0,0,2142.86,4.7304,0.20917,0.018697
not-recorded,0,0,2133.95,4.7088,0.20541,-0.020467
not-recorded,0,0,2131.95,4.6499,0.20743,-0.029885
not-recorded,0,0,2130.77,4.6656,0.20589,-0.029110
not-recorded,0,0,2126.11,4.6699,0.20126,0.010132
not-recorded,0,0,2121.10,4.6366,0.20934,0.024880
not-recorded,0,0,2118.81,4.5694,0.19969,0.004035
not-recorded,0,0,2113.73,4.6851,0.20379,-0.029213
not-recorded,0,0,2110.25,4.5360,0.19865,-0.008254
not-recorded,0,0,2100.42,4.5531,0.19871,-0.011440
not-recorded,0,0,2102.58,4.5426,0.20000,0.018103
not-recorded,0,0,2097.93,4.4426,0.19777,-0.025142
not-recorded,0,0,2088.76,4.4966,0.19553,0.028171
not-recorded,0,0,2084.95,4.4664,0.19739,0.011195
not-recorded,0,0,2083.98,4.4713,0.19562,0.004822
not-recorded,0,0,2081.80,4.4261,0.19429,-0.015588
not-recorded,0,0,2073.89,4.4411,0.19668,0.010160
not-recorded,0,0,2071.23,4.3994,0.18833,0.028989
not-recorded,0,0,2065.59,4.3325,0.18911,-0.007425
not-recorded,0,0,2065.25,4.4393,0.19301,-0.006334
not-recorded,0,0,2055.72,4.3563,0.19514,0.019595
not-recorded,0,0,2051.38,4.2888,0.18284,0.023304
not-recorded,0,0,2053.05,4.2928,0.19371,0.029550
not-recorded,0,0,2043.22,4.2851,0.18345,-0.025598
not-recorded,0,0,2041.56,4.3372,0.18241,-0.015735
not-recorded,0,0,2035.30,4.2577,0.19292,0.029504
not-recorded,0,0,2033.39,4.1767,0.18246,0.018151
not-recorded,0,0,2031.06,4.1958,0.18945,-0.002261
not-recorded,0,0,2031.36,4.2266,0.18259,0.005811
not-recorded,0,0,2022.69,4.2473,0.19183,-0.001157
not-recorded,0,0,2019.08,4.2325,0.18427,0.025406
not-recorded,0,0,2013.41,4.1964,0.19066,-0.005335
not-recorded,0,0,2013.37,4.1723,0.18288,-0.002993
not-recorded,0,0,2009.28,4.1510,0.17823,-0.028385
not-recorded,0,0,2007.49,4.1385,0.17957,-0.024777
not-recorded,0,0,1994.95,4.0825,0.17810,-0.014537
not-recorded,0,0,1998.66,4.1331,0.17908,0.023677
not-recorded,0,0,1992.21,4.0780,0.18514,-0.027622
not-recorded,0,0,1989.46,4.0749,0.17618,-0.018524
not-recorded,0,0,1988.82,4.1011,0.17562,-0.013862
not-recorded,0,0,1980.87,4.0474,0.17927,0.016637
not-recorded,0,0,1979.30,4.0222,0.17737,0.004419
not-recorded,0,0,1970.34,4.0456,0.17158,0.001759
not-recorded,0,0,1968.90,3.9588,0.17160,0.014613
not-recorded,0,0,1961.74,3.9022,0.17092,-0.001754
not-recorded,0,0,1958.38,3.9369,0.17037,-0.025721
not-recorded,0,0,1961.27,3.9532,0.17497,0.000337
not-recorded,0,0,1953.54,3.8300,0.17071,-0.004808
not-recorded,0,0,1952.13,4.0153,0.17283,0.005201
not-recorded,0,0,1945.79,3.9265,0.17174,0.013095
not-recorded,0,0,1944.34,3.8942,0.16947,0.001691
not-recorded,0,0,1938.46,3.8454,0.16955,-0.023873
not-recorded,0,0,1939.10,3.8355,0.16647,-0.027558
not-recorded,0,0,1930.83,3.7944,0.16528,0.026300
not-recorded,0,0,1927.12,3.8052,0.17012,0.004241
not-recorded,0,0,1926.01,3.8715,0.16617,-0.006091
not-recorded,0,0,1922.84,3.8263,0.16256,-0.027819
not-recorded,0,0,1916.90,3.8252,0.16501,0.011641
not-recorded,0,0,1914.24,3.8175,0.15981,0.024928
not-recorded,0,0,1907.79,3.8153,0.16564,-0.017069
not-recorded,0,0,1901.31,3.7146,0.16023,-0.003004
not-recorded,0,0,1900.66,3.7580,0.16384,-0.000839
not-recorded,0,0,1902.84,3.7648,0.16732,-0.023400
not-recorded,0,0,1892.84,3.7243,0.15370,0.007858
not-recorded,0,0,1892.72,3.6932,0.15844,0.008349
not-recorded,0,0,1890.28,3.7147,0.16530,-0.013472
not-recorded,0,0,1887.68,3.5777,0.16007,-0.028808
not-recorded,0,0,1875.95,3.5682,0.15981,0.012219
not-recorded,0,0,1875.13,3.6200,0.15789,0.004268
not-recorded,0,0,1876.17,3.6371,0.15619,0.015925
not-recorded,0,0,1866.66,3.5353,0.15576,-0.004246
not-recorded,0,0,1863.63,3.5725,0.15732,0.019525
not-recorded,0,0,1861.86,3.5910,0.15730,0.025449
not-recorded,0,0,1860.45,3.5544,0.15659,0.026029
not-recorded,0,0,1852.26,3.4939,0.15211,-0.026543
not-recorded,0,0,1845.94,3.4927,0.15299,0.024347
not-recorded,0,0,1844.79,3.4970,0.15561,0.026796
not-recorded,0,0,1840.69,3.4761,0.15719,0.004416
not-recorded,0,0,1840.72,3.4808,0.15093,0.007060
not-recorded,0,0,1838.36,3.4998,0.15408,-0.012976
not-recorded,0,0,1829.97,3.4113,0.14546,0.014342
not-recorded,0,0,1827.95,3.4018,0.14602,0.025042
not-recorded,0,0,1825.59,3.4225,0.14856,0.022484
not-recorded,0,0,1823.27,3.4117,0.15812,0.006885
not-recorded,0,0,1816.25,3.4195,0.15074,-0.017103
not-recorded,0,0,1814.22,3.4294,0.14870,-0.001696
not-recorded,0,0,1809.96,3.2783,0.15068,0.026060
not-recorded,0,0,1803.90,3.3592,0.14879,-0.013880
not-recorded,0,0,1804.79,3.3848,0.14486,-0.005898
not-recorded,0,0,1802.70,3.3474,0.14298,-0.021320
not-recorded,0,0,1798.39,3.3032,0.14794,-0.012389
not-recorded,0,0,1792.28,3.3262,0.14411,0.024812
not-recorded,0,0,1788.75,3.3047,0.14343,0.005171
not-recorded,0,0,1786.72,3.2508,0.14393,-0.015508
not-recorded,0,0,1779.99,3.2599,0.14611,-0.001400
not-recorded,0,0,1779.71,3.2947,0.14043,-0.000931
not-recorded,0,0,1776.22,3.2672,0.14699,0.022837
not-recorded,0,0,1773.82,3.2563,0.14355,0.023710
not-recorded,0,0,1771.09,3.2336,0.13785,0.003160
not-recorded,0,0,1764.32,3.1583,0.14148,-0.016211
not-recorded,0,0,1761.29,3.1825,0.13464,0.010353
not-recorded,0,0,1755.13,3.2207,0.13517,0.010782
not-recorded,0,0,1757.08,3.1755,0.14010,0.024172
not-recorded,0,0,1749.29,3.1631,0.13394,-0.024862
not-recorded,0,0,1750.46,3.1653,0.14332,-0.023436
not-recorded,0,0,1742.99,3.1484,0.13920,0.019265
not-recorded,0,0,1743.62,3.0884,0.13524,0.011164
not-recorded,0,0,1740.83,3.1700,0.13582,0.024778
not-recorded,0,0,1735.26,3.1209,0.13209,-0.010312
not-recorded,0,0,1732.66,3.1568,0.12948,-0.022723
not-recorded,0,0,1732.16,3.0699,0.13820,-0.023639
not-recorded,0,0,1726.36,3.0948,0.13749,0.011524
not-recorded,0,0,1717.91,3.0116,0.13599,-0.014806
not-recorded,0,0,1721.67,3.0340,0.13925,0.021318
not-recorded,0,0,1712.40,3.0640,0.12942,-0.012358
not-recorded,0,0,1715.61,2.9852,0.13218,-0.021672
not-recorded,0,0,1708.98,3.0426,0.13154,0.014938
not-recorded,0,0,1699.15,2.9703,0.13163,-0.022063
not-recorded,0,0,1701.85,2.9718,0.13254,0.000257
not-recorded,0,0,1695.36,2.8938,0.12483,-0.014573
not-recorded,0,0,1694.36,2.9795,0.13172,-0.007432
not-recorded,0,0,1692.76,2.9406,0.12975,0.003846
not-recorded,0,0,1689.13,2.9439,0.12984,0.026368
not-recorded,0,0,1685.23,2.8808,0.12976,0.003109
not-recorded,0,0,1679.88,2.8715,0.11892,-0.024149
not-recorded,0,0,1678.18,2.9223,0.12772,-0.017147
not-recorded,0,0,1672.73,2.7849,0.12646,0.024567
not-recorded,0,0,1670.94,2.9107,0.12478,0.021767
not-recorded,0,0,1669.04,2.8789,0.12554,0.011849
not-recorded,0,0,1667.06,2.8402,0.12989,-0.003194
not-recorded,0,0,1665.80,2.8631,0.12062,-0.012227
not-recorded,0,0,1660.71,2.8740,0.12717,-0.017186
not-recorded,0,0,1656.49,2.8311,0.12046,0.019916
not-recorded,0,0,1647.21,2.7302,0.11963,-0.024249
not-recorded,0,0,1644.31,2.8274,0.11977,-0.016839
not-recorded,0,0,1645.37,2.7934,0.12413,-0.024321
not-recorded,0,0,1642.83,2.7515,0.11645,-0.008181
not-recorded,0,0,1641.84,2.7027,0.12147,-0.001180
not-recorded,0,0,1637.21,2.7728,0.11702,0.022549
not-recorded,0,0,1626.63,2.6916,0.11411,-0.012562
not-recorded,0,0,1628.99,2.7660,0.12217,-0.022468
not-recorded,0,0,1624.57,2.7192,0.12197,0.003678
not-recorded,0,0,1623.52,2.7213,0.11450,0.008891
not-recorded,0,0,1622.36,2.6805,0.11795,0.015934
not-recorded,0,0,1619.70,2.7436,0.11800,0.024377
not-recorded,0,0,1615.65,2.6826,0.11473,-0.000895
not-recorded,0,0,1611.65,2.6282,0.11233,-0.022650
not-recorded,0,0,1605.97,2.6452,0.11545,0.015693
not-recorded,0,0,1603.53,2.6983,0.11372,0.024786
not-recorded,0,0,1599.54,2.6178,0.11565,0.004404
not-recorded,0,0,1597.69,2.6460,0.10759,-0.011391
not-recorded,0,0,1597.78,2.6175,0.11796,-0.010828
not-recorded,0,0,1592.53,2.6566,0.11986,-0.013585
not-recorded,0,0,1586.98,2.6134,0.11453,0.023533
not-recorded,0,0,1583.25,2.5306,0.10939,0.011505
not-recorded,0,0,1579.38,2.5034,0.11248,-0.020072
not-recorded,0,0,1579.67,2.5335,0.11465,-0.016445
not-recorded,0,0,1575.60,2.5462,0.10847,-0.015527
not-recorded,0,0,1572.08,2.5810,0.10953,0.011554
not-recorded,0,0,1572.04,2.5703,0.11384,0.008958
not-recorded,0,0,1567.66,2.5273,0.11059,0.018824
not-recorded,0,0,1562.73,2.5035,0.10820,-0.017061
not-recorded,0,0,1562.14,2.4793,0.11058,-0.016633
not-recorded,0,0,1559.75,2.5598,0.11364,-0.022503
not-recorded,0,0,1560.28,2.5070,0.11554,-0.023859
not-recorded,0,0,1553.01,2.5554,0.11363,0.019898
not-recorded,0,0,1547.64,2.4960,0.10622,-0.001575
not-recorded,0,0,1547.28,2.4761,0.11097,-0.001661
not-recorded,0,0,1543.29,2.5003,0.10077,-0.023696
not-recorded,0,0,1539.32,2.4054,0.10030,-0.001333
not-recorded,0,0,1534.46,2.4274,0.10302,0.020755
not-recorded,0,0,1531.49,2.4592,0.10590,0.006886
not-recorded,0,0,1531.07,2.3997,0.11207,0.003640
not-recorded,0,0,1530.85,2.4121,0.10777,0.005597
not-recorded,0,0,1524.70,2.4166,0.09995,-0.018785
not-recorded,0,0,1522.91,2.4277,0.10133,-0.006097
not-recorded,0,0,1522.90,2.4209,0.10946,-0.009059
not-recorded,0,0,1513.67,2.3537,0.10898,-0.000987
not-recorded,0,0,1512.38,2.3271,0.10471,-0.008343
not-recorded,0,0,1509.16,2.3520,0.10043,-0.021198
not-recorded,0,0,1506.25,2.3696,0.10957,-0.010018
not-recorded,0,0,1503.58,2.3047,0.09917,0.011005
not-recorded,0,0,1500.71,2.2688,0.10184,0.023580
not-recorded,0,0,1495.12,2.2502,0.10048,-0.011167
not-recorded,0,0,1494.03,2.3398,0.10821,-0.018072
not-recorded,0,0,1492.10,2.3231,0.09788,-0.022086
not-recorded,0,0,1488.01,2.2762,0.09712,-0.000777
not-recorded,0,0,1483.31,2.2693,0.10445,0.021971
not-recorded,0,0,1480.26,2.2930,0.10033,0.003707
not-recorded,0,0,1479.07,2.1969,0.09437,-0.004174
not-recorded,0,0,1478.30,2.2370,0.09605,-0.007931
not-recorded,0,0,1474.07,2.2630,0.10539,-0.019343
not-recorded,0,0,1474.62,2.2513,0.09505,-0.023124
not-recorded,0,0,1469.31,2.1987,0.09883,0.012191
not-recorded,0,0,1463.76,2.2453,0.09508,0.010144
not-recorded,0,0,1460.97,2.1277,0.09670,-0.011108
not-recorded,0,0,1458.28,2.2081,0.09292,-0.020741
not-recorded,0,0,1454.78,2.1884,0.09172,-0.006761
not-recorded,0,0,1458.18,2.1984,0.09731,-0.018579
not-recorded,0,0,1453.12,2.1771,0.09475,0.005958
not-recorded,0,0,1447.80,2.1184,0.09679,0.017955
not-recorded,0,0,1441.92,2.1517,0.09282,-0.019230
not-recorded,0,0,1442.87,2.1255,0.09042,-0.016965
not-recorded,0,0,1439.49,2.1241,0.09798,-0.016805
not-recorded,0,0,1438.47,2.1312,0.09538,-0.012175
not-recorded,0,0,1438.16,2.1810,0.09973,-0.011186
not-recorded,0,0,1434.82,2.1028,0.09266,0.014148
not-recorded,0,0,1431.03,2.1120,0.08915,0.020065
not-recorded,0,0,1426.28,2.0994,0.09574,-0.014598
not-recorded,0,0,1422.75,2.0743,0.09117,-0.015210
not-recorded,0,0,1424.77,2.1650,0.09529,-0.020015
not-recorded,0,0,1417.93,2.1220,0.08904,0.014083
not-recorded,0,0,1414.37,2.0132,0.08647,0.019209
not-recorded,0,0,1411.69,2.0137,0.08779,0.001495
not-recorded,0,0,1411.49,2.0125,0.09203,0.001083
not-recorded,0,0,1408.21,2.0784,0.09631,-0.020082
not-recorded,0,0,1405.65,2.0030,0.08885,-0.018422
not-recorded,0,0,1407.29,2.0062,0.08300,-0.018660
not-recorded,0,0,1394.70,1.9924,0.09240,-0.000710
not-recorded,0,0,1396.02,2.0010,0.08770,0.011090
not-recorded,0,0,1394.36,1.9948,0.09164,-0.002023
not-recorded,0,0,1392.10,1.9875,0.08855,-0.014473
not-recorded,0,0,1390.01,1.9947,0.08708,-0.021088
not-recorded,0,0,1384.03,1.9753,0.09370,0.013197
not-recorded,0,0,1380.66,1.9823,0.08096,0.018721
not-recorded,0,0,1382.17,1.9574,0.08244,0.018424
not-recorded,0,0,1382.15,2.0052,0.08597,0.022132
not-recorded,0,0,1373.41,1.9543,0.08261,-0.019242
not-recorded,0,0,1371.34,1.9541,0.08610,-0.017472
not-recorded,0,0,1367.27,1.9375,0.08249,0.014196
not-recorded,0,0,1364.65,1.9154,0.08771,0.020879
not-recorded,0,0,1364.49,1.9274,0.08048,0.020469
not-recorded,0,0,1362.57,1.8961,0.08181,0.014470
not-recorded,0,0,1358.00,1.8326,0.07934,-0.016128
not-recorded,0,0,1356.40,1.9213,0.07563,-0.020267
not-recorded,0,0,1353.38,1.8703,0.08192,-0.010726
not-recorded,0,0,1350.21,1.8983,0.08217,0.012081
not-recorded,0,0,1351.47,1.9059,0.08292,0.002437
not-recorded,0,0,1346.35,1.9025,0.07398,0.016910
not-recorded,0,0,1343.90,1.8530,0.08379,0.002728
not-recorded,0,0,1334.94,1.8535,0.08086,0.003534
not-recorded,0,0,1336.77,1.8746,0.08212,-0.010709
not-recorded,0,0,1335.06,1.8119,0.08268,0.000112
not-recorded,0,0,1332.16,1.7599,0.07864,0.019389
not-recorded,0,0,1328.79,1.7833,0.07635,0.014299
not-recorded,0,0,1327.14,1.7563,0.08072,0.001771
not-recorded,0,0,1321.55,1.8260,0.08406,-0.018934
not-recorded,0,0,1327.06,1.8321,0.07918,0.003407
not-recorded,0,0,1317.10,1.7503,0.08010,0.010995
not-recorded,0,0,1319.75,1.7649,0.07467,-0.011673
not-recorded,0,0,1312.12,1.7521,0.08114,0.013776
not-recorded,0,0,1311.18,1.7580,0.08009,0.008229
not-recorded,0,0,1305.34,1.7063,0.07369,-0.021262
not-recorded,0,0,1306.21,1.7372,0.07441,-0.017111
not-recorded,0,0,1302.93,1.7607,0.07613,-0.010706
not-recorded,0,0,1301.30,1.7201,0.07365,0.000946
not-recorded,0,0,1301.50,1.6952,0.08002,-0.000991
not-recorded,0,0,1295.63,1.7425,0.07040,0.017822
not-recorded,0,0,1292.37,1.7771,0.07648,-0.004004
not-recorded,0,0,1290.53,1.7422,0.07257,-0.015758
not-recorded,0,0,1288.22,1.6953,0.07180,-0.019422
not-recorded,0,0,1284.10,1.7481,0.07734,0.003447
not-recorded,0,0,1285.74,1.7589,0.07487,-0.009763
not-recorded,0,0,1280.24,1.7502,0.06822,0.019914
not-recorded,0,0,1280.15,1.7088,0.07499,0.020484
not-recorded,0,0,1278.39,1.6598,0.07636,0.015775
not-recorded,0,0,1272.48,1.7240,0.06899,-0.016477
not-recorded,0,0,1274.98,1.6471,0.07263,-0.007739
not-recorded,0,0,1269.65,1.7030,0.07399,-0.014177
not-recorded,0,0,1267.06,1.6872,0.06423,0.003757
not-recorded,0,0,1261.58,1.6151,0.07129,0.012871
not-recorded,0,0,1263.43,1.6902,0.08091,0.018283
not-recorded,0,0,1257.98,1.5731,0.06960,-0.010855
not-recorded,0,0,1259.71,1.6691,0.07097,0.005262
not-recorded,0,0,1257.26,1.6629,0.07814,-0.008637
not-recorded,0,0,1250.63,1.6399,0.07206,0.001605
not-recorded,0,0,1248.75,1.5978,0.07251,0.013712
not-recorded,0,0,1245.56,1.5652,0.06935,0.017083
not-recorded,0,0,1241.60,1.5999,0.06873,-0.008237
not-recorded,0,0,1243.20,1.6210,0.06585,0.008195
not-recorded,0,0,1241.81,1.5995,0.07197,-0.001624
not-recorded,0,0,1238.67,1.6381,0.07379,-0.019139
not-recorded,0,0,1228.36,1.5149,0.06582,0.015011
not-recorded,0,0,1228.80,1.5945,0.06614,0.016849
not-recorded,0,0,1233.94,1.5896,0.07247,0.000205
not-recorded,0,0,1226.84,1.5213,0.06425,0.008214
not-recorded,0,0,1219.10,1.5180,0.07138,-0.008863
not-recorded,0,0,1223.63,1.5030,0.05961,-0.010838
not-recorded,0,0,1218.17,1.4654,0.06681,-0.005728
not-recorded,0,0,1221.25,1.5471,0.06843,-0.019913
not-recorded,0,0,1215.78,1.5002,0.06586,0.007845
not-recorded,0,0,1214.12,1.5621,0.06564,0.013847
not-recorded,0,0,1207.93,1.4924,0.07485,-0.005916
not-recorded,0,0,1212.51,1.5226,0.07417,0.019359
not-recorded,0,0,1208.39,1.5218,0.06992,-0.001566
not-recorded,0,0,1199.60,1.4410,0.06340,0.007579
not-recorded,0,0,1198.91,1.4417,0.06078,0.009521
not-recorded,0,0,1198.08,1.4199,0.06789,0.012685
not-recorded,0,0,1196.44,1.4898,0.06181,0.018811
not-recorded,0,0,1195.13,1.4617,0.07194,0.016313
not-recorded,0,0,1189.94,1.4593,0.06424,-0.011951
not-recorded,0,0,1187.31,1.4985,0.06800,-0.015105
not-recorded,0,0,1186.03,1.4847,0.07039,-0.013440
not-recorded,0,0,1189.71,1.4221,0.06313,-0.012040
not-recorded,0,0,1184.48,1.4226,0.06367,-0.008092
not-recorded,0,0,1175.62,1.4688,0.05901,0.001963
not-recorded,0,0,1180.27,1.3860,0.06027,0.015498
not-recorded,0,0,1171.67,1.3923,0.05700,-0.018128
not-recorded,0,0,1171.37,1.4213,0.06171,-0.017856
not-recorded,0,0,1168.89,1.4130,0.06518,-0.012127
not-recorded,0,0,1165.29,1.3713,0.06254,0.010085
not-recorded,0,0,1168.40,1.4229,0.05936,-0.010164
not-recorded,0,0,1164.73,1.3642,0.06262,0.012993
not-recorded,0,0,1163.05,1.4515,0.06064,0.017457
not-recorded,0,0,1161.90,1.4180,0.05837,0.017488
not-recorded,0,0,1154.53,1.4011,0.06405,-0.016939
not-recorded,0,0,1156.15,1.3940,0.06351,-0.012915
not-recorded,0,0,1150.65,1.3561,0.06529,-0.003286
not-recorded,0,0,1152.15,1.3695,0.06055,-0.013756
not-recorded,0,0,1146.37,1.2798,0.05787,0.015764
not-recorded,0,0,1143.51,1.3477,0.05934,0.010853
not-recorded,0,0,1144.99,1.3185,0.05813,0.016700
not-recorded,0,0,1144.91,1.3828,0.06276,0.018034
not-recorded,0,0,1140.17,1.3889,0.05444,-0.010588
not-recorded,0,0,1132.98,1.3580,0.05501,0.003618
not-recorded,0,0,1135.43,1.2962,0.05769,-0.011489
not-recorded,0,0,1133.64,1.3417,0.05645,0.000311
not-recorded,0,0,1130.18,1.3601,0.05600,0.018004
not-recorded,0,0,1131.89,1.3731,0.05320,0.007617
not-recorded,0,0,1130.84,1.2682,0.05031,0.013268
not-recorded,0,0,1126.67,1.3440,0.05136,0.011647
not-recorded,0,0,1123.85,1.3240,0.05774,-0.005622
not-recorded,0,0,1119.79,1.3241,0.05794,-0.016093
not-recorded,0,0,1115.34,1.2406,0.05199,0.007594
not-recorded,0,0,1114.28,1.3033,0.05332,0.015600
not-recorded,0,0,1111.63,1.2862,0.05799,0.016878
not-recorded,0,0,1111.06,1.2958,0.05284,0.015342
not-recorded,0,0,1107.22,1.2494,0.05937,-0.005337
not-recorded,0,0,1108.96,1.2909,0.05904,0.007657
not-recorded,0,0,1105.20,1.2696,0.05852,-0.015728
not-recorded,0,0,1103.68,1.1948,0.05697,-0.017494
not-recorded,0,0,1101.47,1.2547,0.05916,-0.011175
not-recorded,0,0,1098.73,1.2131,0.05814,0.008411
not-recorded,0,0,1097.93,1.2536,0.05179,0.009854
not-recorded,0,0,1097.34,1.1939,0.05696,0.014431
not-recorded,0,0,1096.56,1.1601,0.05278,0.016869
not-recorded,0,0,1090.95,1.2435,0.04982,-0.001923
not-recorded,0,0,1083.13,1.2184,0.05686,0.001490
not-recorded,0,0,1081.29,1.2566,0.05297,0.013234
not-recorded,0,0,1085.24,1.2257,0.05772,-0.011562
not-recorded,0,0,1081.61,1.2462,0.04650,0.010986
not-recorded,0,0,1082.09,1.2471,0.05125,0.005215
not-recorded,0,0,1078.05,1.1797,0.05330,0.015966
not-recorded,0,0,1077.27,1.1759,0.05334,0.013360
not-recorded,0,0,1068.45,1.1332,0.05135,-0.008686
not-recorded,0,0,1072.50,1.1415,0.04894,-0.012461
not-recorded,0,0,1069.16,1.1448,0.04745,-0.014767
not-recorded,0,0,1064.20,1.1449,0.05211,0.015817
not-recorded,0,0,1060.56,1.1778,0.05443,0.011174
not-recorded,0,0,1063.60,1.1613,0.05018,0.017549
not-recorded,0,0,1059.70,1.1162,0.05224,0.009274
not-recorded,0,0,1057.66,1.1915,0.05323,-0.002500
not-recorded,0,0,1055.16,1.1464,0.04808,-0.013665
not-recorded,0,0,1054.60,1.1539,0.05032,-0.016505
not-recorded,0,0,1051.79,1.1353,0.04806,-0.010696
not-recorded,0,0,1051.33,1.0871,0.05117,-0.006957
not-recorded,0,0,1046.05,1.1151,0.05286,0.016391
not-recorded,0,0,1043.44,1.1854,0.04915,0.007425
not-recorded,0,0,1047.35,1.1617,0.04674,0.013706
not-recorded,0,0,1043.07,1.1705,0.05305,0.010395
not-recorded,0,0,1039.30,1.1297,0.04626,-0.013764
not-recorded,0,0,1035.07,1.1407,0.05205,-0.008445
not-recorded,0,0,1034.24,1.0577,0.04721,-0.004843
not-recorded,0,0,1033.21,1.1508,0.04348,0.001186
not-recorded,0,0,1030.16,1.0042,0.05068,0.015151
not-recorded,0,0,1027.59,1.0907,0.04791,0.014198
not-recorded,0,0,1028.49,1.0491,0.04952,0.016345
not-recorded,0,0,1027.09,1.1105,0.04395,0.009742
not-recorded,0,0,1021.80,1.0640,0.05246,-0.016302
not-recorded,0,0,1021.25,1.0812,0.04481,-0.018557
not-recorded,0,0,1020.97,1.0059,0.04405,-0.015101
not-recorded,0,0,1014.13,1.0633,0.04896,0.014655
not-recorded,0,0,1012.76,1.0036,0.04775,0.015921
not-recorded,0,0,1015.52,1.0794,0.04211,0.005995
not-recorded,0,0,1016.59,1.0909,0.04236,-0.000635
not-recorded,0,0,1011.06,1.0451,0.03847,0.012625
not-recorded,0,0,1010.94,1.0608,0.04665,0.013569
not-recorded,0,0,1002.06,1.0390,0.03666,-0.007752
not-recorded,0,0,1005.66,1.0731,0.04118,-0.014279
not-recorded,0,0,1002.98,1.0552,0.04315,-0.014303
not-recorded,0,0,997.22,1.0115,0.04514,0.014566
not-recorded,0,0,993.41,0.9863,0.04219,0.007395
not-recorded,0,0,993.95,1.0184,0.03771,0.011086
not-recorded,0,0,992.48,1.0381,0.04360,0.003353
not-recorded,0,0,993.66,0.9864,0.04353,0.010798
not-recorded,0,0,991.65,0.9952,0.04114,-0.002028
not-recorded,0,0,990.38,1.0161,0.04240,-0.006727
not-recorded,0,0,987.64,1.0548,0.04704,-0.016907
not-recorded,0,0,987.94,0.9952,0.04150,-0.015696
not-recorded,0,0,982.20,0.9525,0.04236,0.006872
not-recorded,0,0,981.56,1.0243,0.04782,0.011283
not-recorded,0,0,980.94,0.9590,0.03652,0.012315
not-recorded,0,0,971.67,0.9605,0.03607,-0.014482
not-recorded,0,0,972.97,1.0059,0.04277,-0.011816
not-recorded,0,0,978.44,1.0009,0.04274,0.013972
not-recorded,0,0,970.99,0.9776,0.04215,-0.014366
not-recorded,0,0,970.75,0.9406,0.04451,-0.018015
not-recorded,0,0,967.08,0.9350,0.04173,0.001378
not-recorded,0,0,963.69,0.9568,0.04766,0.014046
not-recorded,0,0,963.37,0.9726,0.04532,0.015362
not-recorded,0,0,962.48,0.9221,0.04407,0.013610
not-recorded,0,0,958.04,0.8641,0.03762,-0.004082
not-recorded,0,0,955.18,0.9475,0.03570,-0.016300
not-recorded,0,0,958.76,0.9595,0.04301,0.001054
not-recorded,0,0,958.07,0.9219,0.04529,-0.000598
not-recorded,0,0,956.17,0.9472,0.03701,-0.014280
not-recorded,0,0,950.82,0.9360,0.04172,-0.002666
not-recorded,0,0,946.50,0.9328,0.04120,0.014795
not-recorded,0,0,948.19,0.9001,0.04180,0.012194
not-recorded,0,0,947.46,0.8792,0.03760,0.012743
not-recorded,0,0,940.04,0.8899,0.04483,-0.011541
not-recorded,0,0,938.37,0.8863,0.03678,-0.015468
not-recorded,0,0,938.96,0.9457,0.03989,-0.014570
not-recorded,0,0,940.30,0.9304,0.03729,-0.009492
not-recorded,0,0,939.91,0.8696,0.04121,-0.012062
not-recorded,0,0,933.00,0.9250,0.03608,0.006022
not-recorded,0,0,929.74,0.9018,0.03342,0.014842
not-recorded,0,0,930.95,0.9680,0.03522,0.014437
not-recorded,0,0,929.17,0.8641,0.03550,0.014090
not-recorded,0,0,925.20,0.9146,0.04226,-0.003125
not-recorded,0,0,925.46,0.9281,0.04241,-0.000678
not-recorded,0,0,919.58,0.8774,0.03495,-0.008562
not-recorded,0,0,924.40,0.9267,0.03312,-0.005666
not-recorded,0,0,918.59,0.9021,0.03527,-0.005883
not-recorded,0,0,912.68,0.8660,0.03694,0.014148
not-recorded,0,0,917.79,0.8417,0.03596,-0.002286
not-recorded,0,0,912.59,0.8780,0.04389,0.013693
not-recorded,0,0,912.17,0.8124,0.03686,0.014521
not-recorded,0,0,912.25,0.8640,0.03469,0.011984
not-recorded,0,0,909.98,0.7875,0.03651,0.005889
not-recorded,0,0,908.63,0.8651,0.03946,-0.002629
not-recorded,0,0,900.93,0.8105,0.03675,0.003649
not-recorded,0,0,902.17,0.7991,0.03375,-0.007501
not-recorded,0,0,901.91,0.8721,0.03819,-0.006541
not-recorded,0,0,899.81,0.8280,0.03661,0.007028
not-recorded,0,0,898.65,0.8745,0.03918,0.012871
not-recorded,0,0,896.81,0.7733,0.04311,0.015000
not-recorded,0,0,891.22,0.8132,0.03152,-0.009258
not-recorded,0,0,896.73,0.7931,0.03835,0.015107
not-recorded,0,0,893.39,0.7955,0.03071,0.003064
not-recorded,0,0,887.12,0.8133,0.03397,-0.010211
not-recorded,0,0,887.91,0.7924,0.04063,-0.014522
not-recorded,0,0,882.64,0.7865,0.03032,0.011779
not-recorded,0,0,887.93,0.7929,0.03294,-0.014492
not-recorded,0,0,882.82,0.7877,0.03776,0.006698
not-recorded,0,0,882.49,0.7999,0.03549,0.009439
not-recorded,0,0,876.44,0.7970,0.03440,-0.000635
not-recorded,0,0,878.56,0.8213,0.03373,0.009614
not-recorded,0,0,879.40,0.7819,0.02785,0.014444
not-recorded,0,0,870.18,0.7960,0.03351,-0.008710
not-recorded,0,0,864.82,0.7614,0.03550,0.014396
not-recorded,0,0,872.91,0.7326,0.03206,-0.014612
not-recorded,0,0,871.31,0.8381,0.02817,-0.013402
not-recorded,0,0,867.18,0.7659,0.03608,0.006194
not-recorded,0,0,866.14,0.8091,0.03184,0.010042
not-recorded,0,0,863.62,0.7502,0.02880,0.014009
not-recorded,0,0,866.37,0.8082,0.03092,0.008903
not-recorded,0,0,865.94,0.7864,0.03339,0.008942
not-recorded,0,0,860.60,0.7012,0.03164,0.003251
not-recorded,0,0,857.20,0.7758,0.03438,-0.013156
not-recorded,0,0,855.84,0.8126,0.02794,-0.014083
not-recorded,0,0,853.97,0.7689,0.03200,-0.011518
not-recorded,0,0,852.03,0.7149,0.03587,-0.001951
not-recorded,0,0,848.48,0.7422,0.03427,0.014451
not-recorded,0,0,848.22,0.7406,0.02995,0.013963
not-recorded,0,0,852.67,0.7204,0.02971,-0.007174
not-recorded,0,0,845.22,0.7344,0.03414,0.009355
not-recorded,0,0,846.00,0.7356,0.02649,0.011789
not-recorded,0,0,841.05,0.7343,0.03096,-0.012176
not-recorded,0,0,839.66,0.7601,0.03158,-0.014875
not-recorded,0,0,835.93,0.7187,0.03178,-0.001797
not-recorded,0,0,836.82,0.7850,0.02799,-0.006575
not-recorded,0,0,836.15,0.6828,0.02956,-0.004002
not-recorded,0,0,834.29,0.7284,0.03204,0.006903
not-recorded,0,0,831.63,0.7072,0.02968,0.013373
not-recorded,0,0,830.81,0.7070,0.03205,0.013394
not-recorded,0,0,825.65,0.6591,0.03018,-0.008197
not-recorded,0,0,826.49,0.6547,0.03376,-0.003861
not-recorded,0,0,828.15,0.7224,0.02787,0.006915
not-recorded,0,0,828.55,0.6801,0.03332,0.008201
not-recorded,0,0,826.42,0.7030,0.03216,-0.002889
not-recorded,0,0,821.39,0.7067,0.02449,-0.010906
not-recorded,0,0,821.96,0.6320,0.02606,-0.011371
not-recorded,0,0,815.37,0.6662,0.03062,0.012293
not-recorded,0,0,816.23,0.6504,0.02715,0.013594
not-recorded,0,0,813.47,0.7278,0.03099,0.010080
not-recorded,0,0,811.73,0.6827,0.03050,0.003200
not-recorded,0,0,812.15,0.6804,0.02231,0.009192
not-recorded,0,0,809.07,0.6786,0.03175,-0.011849
not-recorded,0,0,809.33,0.6301,0.03143,-0.008014
not-recorded,0,0,803.83,0.6436,0.02472,-0.002653
not-recorded,0,0,806.02,0.6190,0.02822,-0.010299
not-recorded,0,0,800.84,0.6436,0.02832,0.008104
not-recorded,0,0,804.55,0.6501,0.03128,-0.011190
not-recorded,0,0,800.70,0.6348,0.02812,0.010174
not-recorded,0,0,800.15,0.6227,0.03353,0.010697
not-recorded,0,0,798.40,0.6836,0.02843,0.015076
not-recorded,0,0,794.64,0.6662,0.03165,0.000103
not-recorded,0,0,796.40,0.6428,0.02938,0.008618
not-recorded,0,0,789.05,0.6225,0.02693,-0.011520
not-recorded,0,0,791.17,0.6780,0.03315,-0.013757
not-recorded,0,0,789.58,0.6841,0.02243,-0.014482
not-recorded,0,0,784.80,0.6026,0.02952,0.007346
not-recorded,0,0,783.13,0.5436,0.02850,0.012759
not-recorded,0,0,783.69,0.6467,0.02964,0.011068
not-recorded,0,0,782.02,0.6689,0.02303,0.013504
not-recorded,0,0,785.30,0.5957,0.02272,0.001693
not-recorded,0,0,777.53,0.6605,0.02558,-0.004537
not-recorded,0,0,775.39,0.6612,0.03257,-0.012701
not-recorded,0,0,780.45,0.6301,0.02832,0.010973
not-recorded,0,0,774.17,0.5809,0.03080,-0.014421
not-recorded,0,0,773.88,0.6190,0.02714,-0.014995
not-recorded,0,0,770.49,0.5435,0.02478,-0.002221
not-recorded,0,0,769.91,0.5451,0.02357,0.000348
not-recorded,0,0,772.21,0.6001,0.02927,-0.009504
not-recorded,0,0,770.91,0.5677,0.02733,-0.005576
not-recorded,0,0,771.39,0.6708,0.02765,-0.008786
not-recorded,0,0,768.14,0.6638,0.03099,0.008021
not-recorded,0,0,763.31,0.6541,0.02505,0.007556
not-recorded,0,0,761.96,0.5792,0.02560,0.001318
not-recorded,0,0,757.69,0.5809,0.02830,-0.011220
not-recorded,0,0,759.34,0.5638,0.02082,-0.011152
not-recorded,0,0,758.77,0.6138,0.02452,-0.012635
not-recorded,0,0,755.98,0.5939,0.02857,-0.009868
not-recorded,0,0,755.93,0.6131,0.03385,-0.009407
not-recorded,0,0,750.97,0.5707,0.02969,0.009704
not-recorded,0,0,753.32,0.5641,0.02318,0.001679
not-recorded,0,0,750.91,0.5949,0.02495,0.011795
not-recorded,0,0,750.95,0.5375,0.02000,0.010321
not-recorded,0,0,746.99,0.6240,0.02622,0.006185
not-recorded,0,0,741.97,0.5511,0.02818,-0.012480
not-recorded,0,0,745.75,0.5246,0.02353,-0.000195
not-recorded,0,0,743.20,0.6039,0.02334,-0.011604
not-recorded,0,0,739.47,0.5344,0.03034,-0.008904
not-recorded,0,0,740.39,0.5148,0.02762,-0.010742
not-recorded,0,0,738.33,0.5953,0.02306,-0.006475
not-recorded,0,0,739.91,0.5802,0.02170,-0.011558
not-recorded,0,0,734.17,0.5604,0.02194,0.013950
not-recorded,0,0,736.36,0.5493,0.02826,0.006003
not-recorded,0,0,734.99,0.6101,0.02568,0.010258
not-recorded,0,0,733.91,0.5563,0.02602,0.012430
not-recorded,0,0,726.94,0.5060,0.02165,-0.009456
not-recorded,0,0,733.60,0.5250,0.02033,0.013510
not-recorded,0,0,726.04,0.5960,0.02932,-0.012747
not-recorded,0,0,728.92,0.5472,0.02551,-0.000339
not-recorded,0,0,723.57,0.5066,0.02424,-0.012620
not-recorded,0,0,720.76,0.4850,0.02483,0.003563
not-recorded,0,0,719.82,0.6172,0.02159,0.006833
not-recorded,0,0,717.67,0.4904,0.01759,0.013468
not-recorded,0,0,719.06,0.5004,0.02323,0.009487
not-recorded,0,0,717.03,0.5220,0.02628,0.012004
not-recorded,0,0,715.93,0.5327,0.02444,0.010062
not-recorded,0,0,715.43,0.5493,0.01878,0.007830
not-recorded,0,0,709.86,0.5243,0.02380,-0.010114
not-recorded,0,0,710.37,0.5169,0.03028,-0.010555
not-recorded,0,0,708.77,0.5016,0.02529,-0.011787
not-recorded,0,0,713.45,0.6233,0.01920,0.002649
not-recorded,0,0,708.73,0.5039,0.02734,-0.012635
not-recorded,0,0,703.11,0.4678,0.02395,0.009528
not-recorded,0,0,705.51,0.5637,0.02379,-0.003115
not-recorded,0,0,700.19,0.5447,0.01703,0.011769
not-recorded,0,0,704.66,0.5367,0.02210,0.001780
not-recorded,0,0,697.66,0.4692,0.02264,0.002392
not-recorded,0,0,700.32,0.5394,0.02843,0.012470
not-recorded,0,0,695.59,0.5501,0.02208,-0.007548
not-recorded,0,0,694.31,0.4611,0.02174,-0.009486
not-recorded,0,0,695.04,0.5288,0.02302,-0.006404
not-recorded,0,0,693.39,0.5503,0.02066,-0.012245
not-recorded,0,0,694.48,0.5161,0.02154,-0.009997
not-recorded,0,0,691.44,0.4843,0.02463,-0.009614
not-recorded,0,0,690.50,0.5430,0.01943,-0.007695
not-recorded,0,0,690.59,0.5116,0.01803,-0.008862
not-recorded,0,0,682.96,0.5098,0.02404,0.008108
not-recorded,0,0,686.26,0.4771,0.01841,0.008137
not-recorded,0,0,685.51,0.4618,0.02556,0.012930
not-recorded,0,0,683.58,0.4462,0.02398,0.008609
not-recorded,0,0,683.73,0.4973,0.02320,0.009193
not-recorded,0,0,682.20,0.4887,0.01851,0.007334
not-recorded,0,0,679.70,0.4819,0.01552,-0.002666
not-recorded,0,0,674.48,0.4065,0.01929,-0.006908
not-recorded,0,0,678.71,0.4955,0.01573,-0.009595
not-recorded,0,0,677.22,0.4284,0.01532,-0.014408
not-recorded,0,0,676.06,0.4696,0.02204,-0.010626
not-recorded,0,0,672.91,0.4511,0.01419,-0.000448
not-recorded,0,0,674.25,0.4502,0.01542,-0.006290
not-recorded,0,0,675.22,0.4517,0.02272,-0.009172
not-recorded,0,0,667.56,0.4467,0.02254,0.008885
not-recorded,0,0,666.06,0.4761,0.02026,0.006728
not-recorded,0,0,665.58,0.4527,0.02280,0.005568
not-recorded,0,0,665.75,0.4826,0.01533,0.004896
not-recorded,0,0,664.22,0.4038,0.01769,-0.002661
not-recorded,0,0,666.81,0.4805,0.01906,0.008554
not-recorded,0,0,661.28,0.4739,0.01769,-0.013513
not-recorded,0,0,662.32,0.3914,0.02155,-0.006774
not-recorded,0,0,657.70,0.4681,0.01811,-0.005371
not-recorded,0,0,653.85,0.4966,0.01585,0.009958
not-recorded,0,0,652.50,0.4278,0.01676,0.012988
not-recorded,0,0,657.46,0.4004,0.02370,-0.004176
not-recorded,0,0,651.20,0.4394,0.02544,0.008429
not-recorded,0,0,651.80,0.4532,0.02393,0.008822
not-recorded,0,0,652.05,0.4565,0.01088,0.009785
not-recorded,0,0,647.95,0.3732,0.02270,-0.003389
not-recorded,0,0,650.83,0.4106,0.01806,0.010027
not-recorded,0,0,648.26,0.4483,0.02092,0.000256
not-recorded,0,0,642.03,0.4826,0.01963,-0.005018
not-recorded,0,0,639.94,0.4135,0.02378,0.005086
not-recorded,0,0,640.43,0.4330,0.01775,0.001753
not-recorded,0,0,641.19,0.4229,0.02037,-0.004340
not-recorded,0,0,639.63,0.4160,0.01706,0.004288
not-recorded,0,0,638.81,0.4087,0.02373,0.008777
not-recorded,0,0,635.55,0.3441,0.01761,0.010618
not-recorded,0,0,633.80,0.3580,0.01986,0.004691
not-recorded,0,0,637.11,0.4123,0.01838,0.010972
not-recorded,0,0,636.44,0.4304,0.01429,0.010826
not-recorded,0,0,630.18,0.4057,0.02179,-0.009555
not-recorded,0,0,630.10,0.4317,0.02385,-0.010129
not-recorded,0,0,633.99,0.3933,0.01742,0.005272
not-recorded,0,0,630.28,0.3987,0.01830,-0.008364
not-recorded,0,0,628.72,0.3704,0.01545,-0.009454
not-recorded,0,0,626.81,0.4312,0.01963,-0.010976
not-recorded,0,0,628.36,0.3784,0.01758,-0.010549
not-recorded,0,0,624.36,0.3833,0.01334,0.000044
not-recorded,0,0,620.46,0.4160,0.01894,0.010775
not-recorded,0,0,623.59,0.3925,0.01575,0.003964
not-recorded,0,0,621.63,0.3821,0.02052,0.008890
not-recorded,0,0,619.50,0.4120,0.01453,0.010491
not-recorded,0,0,620.42,0.4207,0.01965,0.011669
not-recorded,0,0,615.90,0.4000,0.01761,-0.003829
not-recorded,0,0,616.62,0.4005,0.01729,-0.001103
not-recorded,0,0,614.95,0.3103,0.01330,-0.007233
not-recorded,0,0,611.30,0.4558,0.01463,-0.008915
not-recorded,0,0,608.51,0.4024,0.01532,0.001313
not-recorded,0,0,614.09,0.3950,0.01764,-0.008219
not-recorded,0,0,611.11,0.4236,0.02070,-0.009516
not-recorded,0,0,607.84,0.4377,0.01392,0.003965
not-recorded,0,0,604.36,0.4015,0.01465,0.011068
not-recorded,0,0,606.37,0.4066,0.01409,0.005576
not-recorded,0,0,601.76,0.4194,0.01673,0.004434
not-recorded,0,0,606.88,0.3275,0.01412,0.006078
not-recorded,0,0,603.55,0.3752,0.01577,0.009489
not-recorded,0,0,599.35,0.3639,0.01265,-0.003895
not-recorded,0,0,602.19,0.3686,0.02103,0.008408
not-recorded,0,0,597.44,0.4004,0.01415,-0.010041
not-recorded,0,0,600.32,0.3706,0.01346,-0.000580
not-recorded,0,0,600.25,0.3084,0.01773,0.000884
not-recorded,0,0,591.62,0.3547,0.02111,0.007086
not-recorded,0,0,594.64,0.3530,0.01742,-0.007692
