time_s,Test_ID,command_pct,rpm,thrust_n,torque_nm,shaft_power_w,voltage_v,current_a,electrical_power_w,motor_temp_c,esc_temp_c,vibration_x_g,vibration_y_g,vibration_z_g,airflow_mps,ambient_temp_c
0.000000,0,0,1.86,0.0417,0.00245,0.00,50.314,1.149,57.81,23.401,23.401,0.000836,0.000745,0.001281,0.000,23.400
0.003906,0,0,0.20,0.0294,0.00000,0.00,50.325,1.032,51.95,23.401,23.401,0.004667,0.005481,0.002006,0.029,23.400
0.007813,0,0,0.00,0.0000,0.00139,0.00,50.330,1.062,53.45,23.402,23.402,0.000635,-0.000377,-0.000094,0.000,23.400
0.011719,0,0,0.00,0.0682,0.00049,0.00,50.297,1.098,55.21,23.403,23.402,0.003717,0.003809,0.000457,0.010,23.400
0.015625,0,0,3.74,0.0000,0.00000,0.00,50.319,1.134,57.06,23.403,23.403,-0.000818,0.003071,0.002983,0.000,23.400
0.019531,0,0,0.00,0.1078,0.00338,0.00,50.284,1.179,59.30,23.404,23.404,-0.002223,0.002370,0.000789,0.005,23.400
0.023438,0,0,0.00,0.0298,0.00000,0.00,50.290,1.228,61.75,23.405,23.404,0.000251,0.003755,0.002278,0.132,23.400
0.027344,0,0,4.61,0.0353,0.00350,0.00,50.292,1.131,56.86,23.406,23.405,0.001857,0.004032,0.000966,0.007,23.400
0.031250,0,0,0.00,0.0343,0.00000,0.00,50.300,1.272,63.99,23.407,23.406,-0.000381,0.004251,-0.000532,0.000,23.401
0.035156,0,0,1.23,0.0061,0.00880,0.00,50.301,1.078,54.24,23.407,23.406,-0.001751,0.004458,0.002286,0.000,23.401
0.039063,0,0,0.14,0.0134,0.00000,0.00,50.306,1.157,58.21,23.408,23.407,0.000977,0.004332,0.003615,0.000,23.401
0.042969,0,0,5.72,0.0000,0.00000,0.00,50.276,1.179,59.28,23.409,23.408,0.002536,0.005224,0.001531,0.107,23.401
0.046875,0,0,1.35,0.0806,0.00000,0.00,50.345,1.095,55.11,23.409,23.408,0.003305,0.005228,0.001451,0.000,23.401
0.050781,0,0,0.00,0.0399,0.00000,0.00,50.316,1.101,55.38,23.410,23.409,0.002228,0.004661,-0.000343,0.031,23.401
0.054688,0,0,0.00,0.0000,0.00679,0.00,50.300,1.216,61.16,23.411,23.409,0.002487,0.003907,0.002219,0.029,23.401
0.058594,0,0,2.55,0.0000,0.00000,0.00,50.285,1.193,60.01,23.412,23.410,0.000654,0.007166,0.002281,0.000,23.401
0.062500,0,0,0.00,0.0000,0.00000,0.00,50.288,1.184,59.54,23.412,23.411,0.001965,0.002300,-0.000432,0.023,23.401
0.066406,0,0,0.00,0.0168,0.00121,0.00,50.300,1.155,58.09,23.413,23.411,0.001155,0.003007,0.004470,0.085,23.401
0.070313,0,0,2.44,0.0000,0.00249,0.00,50.312,1.153,58.01,23.414,23.412,0.000383,0.005524,0.002623,0.096,23.401
0.074219,0,0,0.00,0.0542,0.00883,0.00,50.282,1.093,54.94,23.414,23.413,0.002767,0.000897,0.003248,0.017,23.401
0.078125,0,0,0.00,0.0390,0.00000,0.00,50.313,1.179,59.30,23.415,23.413,-0.001348,0.002591,0.002187,0.000,23.401
0.082031,0,0,0.00,0.0000,0.00084,0.00,50.314,1.133,57.02,23.416,23.414,-0.000865,0.002278,0.000888,0.000,23.401
0.085938,0,0,0.00,0.0209,0.00000,0.00,50.314,1.053,52.97,23.417,23.414,0.002033,0.005021,0.003310,0.096,23.401
0.089844,0,0,0.00,0.0234,0.00620,0.00,50.294,1.290,64.87,23.417,23.415,-0.002582,0.003028,0.001863,0.000,23.401
0.093750,0,0,2.38,0.0000,0.00754,0.00,50.302,1.175,59.12,23.418,23.416,0.002524,0.000597,0.001932,0.098,23.402
0.097656,0,0,3.87,0.0000,0.00000,0.00,50.320,1.143,57.52,23.419,23.416,0.002072,0.003092,-0.000602,0.000,23.402
0.101563,0,0,0.00,0.0000,0.00000,0.00,50.316,1.095,55.08,23.420,23.417,0.000935,0.005895,0.004065,0.000,23.402
0.105469,0,0,0.00,0.0000,0.00000,0.00,50.292,1.220,61.35,23.420,23.418,0.006185,0.004579,0.001670,0.057,23.402
0.109375,0,0,3.16,0.0000,0.00066,0.00,50.290,1.082,54.43,23.421,23.418,0.001012,0.003854,0.001953,0.144,23.402
0.113281,0,0,1.41,0.0000,0.00000,0.00,50.291,1.158,58.25,23.422,23.419,0.002788,0.004715,0.002297,0.006,23.402
0.117188,0,0,5.64,0.0729,0.00000,0.00,50.308,1.162,58.47,23.422,23.419,0.004162,0.005521,0.002920,0.000,23.402
0.121094,0,0,0.36,0.0000,0.00000,0.00,50.264,1.303,65.48,23.423,23.420,-0.000111,0.001543,0.001120,0.029,23.402
0.125000,0,0,3.53,0.0169,0.00659,0.00,50.312,1.185,59.60,23.424,23.421,-0.001174,0.007126,0.000318,0.004,23.402
0.128906,0,0,0.00,0.0692,0.00641,0.00,50.301,1.164,58.56,23.425,23.421,-0.000513,0.003864,0.001651,0.000,23.402
0.132813,0,0,0.00,0.0874,0.00363,0.00,50.315,1.260,63.39,23.425,23.422,-0.001449,0.005126,0.002040,0.075,23.402
0.136719,0,0,3.24,0.0000,0.00000,0.00,50.296,1.202,60.47,23.426,23.423,-0.000272,0.004015,-0.000530,0.063,23.402
0.140625,0,0,0.79,0.0000,0.00000,0.00,50.299,1.085,54.55,23.427,23.423,-0.001654,0.006160,0.002720,0.033,23.402
0.144531,0,0,0.58,0.0672,0.00000,0.00,50.283,1.169,58.78,23.428,23.424,0.002687,0.001650,0.002358,0.000,23.402
0.148438,0,0,0.00,0.0198,0.00000,0.00,50.307,1.111,55.87,23.428,23.425,0.001494,0.003078,-0.000251,0.154,23.402
0.152344,0,0,0.00,0.0524,0.00714,0.00,50.287,1.207,60.72,23.429,23.425,0.003459,0.001807,0.003136,0.000,23.403
0.156250,0,0,0.00,0.0142,0.00000,0.00,50.307,1.183,59.52,23.430,23.426,0.000801,0.002846,0.001911,0.000,23.403
0.160156,0,0,2.01,0.0362,0.00000,0.00,50.316,1.010,50.84,23.430,23.426,0.004858,0.002596,0.002882,0.000,23.403
0.164063,0,0,0.00,0.0152,0.00000,0.00,50.318,1.228,61.77,23.431,23.427,-0.001775,0.004652,-0.000123,0.000,23.403
0.167969,0,0,0.00,0.0000,0.00000,0.00,50.310,1.144,57.56,23.432,23.428,0.000607,0.003028,0.001639,0.129,23.403
0.171875,0,0,0.68,0.0000,0.00000,0.00,50.301,1.297,65.25,23.433,23.428,0.003050,0.004276,-0.000344,0.000,23.403
0.175781,0,0,0.83,0.0000,0.00000,0.00,50.299,1.002,50.42,23.433,23.429,0.000694,0.005413,0.001033,0.066,23.403
0.179688,0,0,0.86,0.0121,0.00000,0.00,50.274,1.239,62.29,23.434,23.430,0.001532,0.004992,0.001325,0.028,23.403
0.183594,0,0,0.25,0.0134,0.00415,0.00,50.296,1.226,61.67,23.435,23.430,-0.001312,0.002562,-0.001090,0.000,23.403
0.187500,0,0,0.00,0.0467,0.00000,0.00,50.314,1.130,56.84,23.436,23.431,-0.000781,0.001097,0.001280,0.000,23.403
0.191406,0,0,0.00,0.0000,0.00000,0.00,50.306,1.103,55.48,23.436,23.431,0.002919,0.003246,0.002372,0.000,23.403
0.195313,0,0,0.00,0.0000,0.00102,0.00,50.296,1.159,58.32,23.437,23.432,0.003447,0.000902,0.001447,0.001,23.403
0.199219,0,0,1.19,0.0000,0.00000,0.00,50.319,1.182,59.49,23.438,23.433,0.001075,0.003014,0.000738,0.011,23.403
0.203125,0,0,0.00,0.0806,0.00000,0.00,50.301,1.093,54.99,23.438,23.433,0.004693,0.004571,0.001517,0.000,23.403
0.207031,0,0,0.00,0.0196,0.00000,0.00,50.337,1.168,58.77,23.439,23.434,0.001563,0.004991,0.002034,0.042,23.403
0.210938,0,0,0.00,0.0000,0.00000,0.00,50.323,1.140,57.35,23.440,23.435,0.002125,0.002896,-0.001176,0.057,23.404
0.214844,0,0,2.15,0.0000,0.00000,0.00,50.332,1.107,55.71,23.441,23.435,-0.001585,0.002040,0.002449,0.055,23.404
0.218750,0,0,0.37,0.0000,0.00454,0.00,50.309,1.260,63.38,23.441,23.436,0.000148,0.002503,0.002447,0.000,23.404
0.222656,0,0,0.00,0.0341,0.00000,0.00,50.316,1.083,54.48,23.442,23.436,0.000180,0.003551,0.001514,0.000,23.404
0.226563,0,0,2.73,0.0150,0.00205,0.00,50.260,1.324,66.55,23.443,23.437,0.002535,0.000736,0.004619,0.066,23.404
0.230469,0,0,3.03,0.0000,0.00372,0.00,50.300,1.154,58.05,23.443,23.438,0.000818,0.004124,-0.000179,0.000,23.404
0.234375,0,0,3.11,0.0000,0.00000,0.00,50.296,1.132,56.96,23.444,23.438,0.001618,0.003548,0.001360,0.000,23.404
0.238281,0,0,0.00,0.1146,0.00477,0.00,50.314,1.093,55.00,23.445,23.439,0.002290,0.005808,-0.000893,0.040,23.404
0.242188,0,0,0.00,0.0000,0.00000,0.00,50.292,1.250,62.85,23.446,23.440,0.001251,0.001267,0.001377,0.027,23.404
0.246094,0,0,0.00,0.0000,0.00000,0.00,50.309,1.171,58.92,23.446,23.440,0.002565,0.005777,0.002694,0.000,23.404
0.250000,0,0,0.00,0.0075,0.00000,0.00,50.307,1.183,59.52,23.447,23.441,0.000130,0.005404,0.001316,0.011,23.404
0.253906,0,0,0.00,0.0000,0.00316,0.00,50.281,1.140,57.31,23.448,23.441,-0.000615,0.002520,0.004024,0.043,23.404
0.257813,0,0,0.00,0.0000,0.00000,0.00,50.308,1.148,57.73,23.448,23.442,0.002433,0.003099,0.001826,0.000,23.404
0.261719,0,0,0.38,0.0000,0.00011,0.00,50.308,1.130,56.86,23.449,23.443,0.002205,0.005701,0.002556,0.041,23.404
0.265625,0,0,2.08,0.0184,0.00000,0.00,50.330,1.054,53.04,23.450,23.443,0.002405,0.002766,-0.000523,0.144,23.404
0.269531,0,0,2.35,0.0000,0.00000,0.00,50.300,1.154,58.05,23.451,23.444,0.001708,0.004600,0.003421,0.068,23.404
0.273438,0,0,0.00,0.0000,0.00000,0.00,50.319,1.174,59.09,23.451,23.444,0.000376,0.004678,0.000988,0.000,23.405
0.277344,0,0,0.00,0.1250,0.00000,0.00,50.303,1.190,59.84,23.452,23.445,0.002537,0.007067,0.003436,0.000,23.405
0.281250,0,0,0.46,0.0426,0.00000,0.00,50.335,1.128,56.76,23.453,23.446,-0.000463,0.002428,-0.001188,0.000,23.405
0.285156,0,0,5.45,0.0683,0.00562,0.00,50.313,1.269,63.85,23.453,23.446,0.002401,0.003964,0.001865,0.000,23.405
0.289063,0,0,0.23,0.0540,0.00164,0.00,50.300,1.089,54.80,23.454,23.447,0.002962,0.006500,0.002651,0.000,23.405
0.292969,0,0,1.67,0.0000,0.00613,0.00,50.304,1.199,60.31,23.455,23.447,0.003912,0.000556,0.001923,0.000,23.405
0.296875,0,0,0.00,0.0348,0.00432,0.00,50.312,1.071,53.87,23.455,23.448,0.001673,0.005574,-0.002539,0.075,23.405
0.300781,0,0,0.02,0.0000,0.00000,0.00,50.316,1.152,57.97,23.456,23.449,0.002537,0.003364,0.000081,0.022,23.405
0.304688,0,0,0.00,0.0810,0.00000,0.00,50.343,0.957,48.20,23.457,23.449,0.002249,0.001819,-0.001915,0.000,23.405
0.308594,0,0,0.34,0.0000,0.00000,0.00,50.312,1.108,55.72,23.457,23.450,0.000020,0.002510,-0.001270,0.037,23.405
0.312500,0,0,4.18,0.0000,0.00000,0.00,50.281,1.075,54.04,23.458,23.450,0.001214,0.009151,0.001290,0.030,23.405
0.316406,0,0,1.54,0.0000,0.00072,0.00,50.297,1.273,64.05,23.459,23.451,0.000620,0.003484,0.001676,0.000,23.405
0.320313,0,0,2.54,0.0673,0.00055,0.00,50.326,1.151,57.91,23.460,23.452,0.001842,0.005510,0.001151,0.000,23.405
0.324219,0,0,0.00,0.0557,0.00824,0.00,50.286,1.134,57.03,23.460,23.452,-0.003242,0.005286,0.001177,0.054,23.405
0.328125,0,0,0.00,0.0000,0.00000,0.00,50.295,1.187,59.72,23.461,23.453,-0.000374,0.004143,-0.000748,0.058,23.405
0.332031,0,0,3.17,0.0000,0.00271,0.00,50.286,1.187,59.69,23.462,23.453,0.001609,0.001867,0.002421,0.000,23.406
0.335938,0,0,2.90,0.0614,0.00561,0.00,50.314,1.058,53.21,23.462,23.454,0.002745,0.006256,0.003192,0.117,23.406
0.339844,0,0,0.40,0.0000,0.00000,0.00,50.286,1.204,60.54,23.463,23.455,-0.002671,0.004600,0.000195,0.000,23.406
0.343750,0,0,0.92,0.0318,0.01047,0.00,50.281,1.100,55.32,23.464,23.455,0.004061,0.006591,0.002851,0.000,23.406
0.347656,0,0,3.52,0.0008,0.00000,0.00,50.300,1.277,64.22,23.465,23.456,0.002673,0.004384,0.001266,0.000,23.406
0.351563,0,0,0.00,0.0227,0.00000,0.00,50.289,1.267,63.73,23.465,23.456,0.002660,0.001454,0.001353,0.054,23.406
0.355469,0,0,0.00,0.0000,0.00000,0.00,50.283,1.195,60.08,23.466,23.457,0.001645,0.001367,0.002169,0.000,23.406
0.359375,0,0,0.00,0.0000,0.00348,0.00,50.297,1.168,58.77,23.467,23.458,0.002339,0.002450,0.002607,0.003,23.406
0.363281,0,0,1.45,0.0041,0.00686,0.00,50.301,1.145,57.57,23.467,23.458,0.001193,0.005108,0.003040,0.000,23.406
0.367188,0,0,0.00,0.0000,0.00048,0.00,50.302,1.116,56.15,23.468,23.459,0.002886,0.004526,0.001352,0.019,23.406
0.371094,0,0,1.41,0.0000,0.00887,0.00,50.309,1.143,57.53,23.469,23.459,0.003091,0.005227,0.002578,0.015,23.406
0.375000,0,0,0.00,0.0000,0.00280,0.00,50.298,0.993,49.97,23.469,23.460,0.002080,0.005885,0.000836,0.018,23.406
0.378906,0,0,0.00,0.0162,0.00000,0.00,50.311,1.123,56.49,23.470,23.461,0.000009,0.002873,0.001529,0.000,23.406
0.382813,0,0,0.00,0.0407,0.00030,0.00,50.306,1.257,63.25,23.471,23.461,-0.000066,0.002341,0.001233,0.039,23.406
0.386719,0,0,0.00,0.0164,0.00000,0.00,50.326,1.057,53.21,23.471,23.462,-0.002697,0.003363,0.002892,0.124,23.406
0.390625,0,0,2.19,0.0268,0.00905,0.00,50.312,1.085,54.61,23.472,23.462,0.003761,0.004227,0.000695,0.000,23.407
0.394531,0,0,0.00,0.0000,0.00738,0.00,50.318,1.161,58.44,23.473,23.463,0.001649,0.004935,0.004324,0.000,23.407
0.398438,0,0,2.28,0.0133,0.00000,0.00,50.285,1.082,54.41,23.473,23.463,-0.000268,0.001203,0.003565,0.000,23.407
0.402344,0,0,0.00,0.0632,0.00371,0.00,50.324,1.187,59.71,23.474,23.464,0.001585,0.003516,0.001814,0.000,23.407
0.406250,0,0,0.81,0.0000,0.00172,0.00,50.274,1.168,58.70,23.475,23.465,0.001101,0.002155,0.000069,0.091,23.407
0.410156,0,0,0.80,0.0000,0.00000,0.00,50.308,1.200,60.36,23.476,23.465,0.001859,0.004787,0.000629,0.120,23.407
0.414063,0,0,2.01,0.0000,0.00000,0.00,50.276,1.291,64.88,23.476,23.466,0.001952,0.006825,0.001436,0.000,23.407
0.417969,0,0,2.70,0.0000,0.01079,0.00,50.331,0.982,49.43,23.477,23.466,0.002304,0.002937,0.000346,0.000,23.407
0.421875,0,0,0.31,0.0000,0.00000,0.00,50.275,1.207,60.66,23.478,23.467,0.002622,0.007732,0.000903,0.041,23.407
0.425781,0,0,3.96,0.0000,0.00290,0.00,50.314,1.140,57.34,23.478,23.468,0.003122,0.002198,0.001876,0.065,23.407
0.429688,0,0,0.17,0.0000,0.00148,0.00,50.294,1.227,61.73,23.479,23.468,-0.003842,0.004466,-0.000195,0.000,23.407
0.433594,0,0,0.00,0.0944,0.00000,0.00,50.297,1.172,58.93,23.480,23.469,-0.000017,0.003804,0.003662,0.106,23.407
0.437500,0,0,0.00,0.0123,0.00000,0.00,50.321,1.137,57.21,23.480,23.469,-0.001393,0.000666,0.000345,0.033,23.407
0.441406,0,0,0.00,0.0050,0.00001,0.00,50.284,1.245,62.58,23.481,23.470,-0.003134,0.002839,0.002872,0.000,23.407
0.445313,0,0,0.93,0.0000,0.00000,0.00,50.314,1.015,51.05,23.482,23.471,0.001094,0.005049,0.001390,0.000,23.407
0.449219,0,0,0.00,0.0028,0.00488,0.00,50.313,1.035,52.07,23.482,23.471,0.000199,0.002977,0.000068,0.066,23.407
0.453125,0,0,2.31,0.0503,0.00264,0.00,50.315,1.086,54.65,23.483,23.472,0.002172,0.004709,0.004541,0.000,23.408
0.457031,0,0,2.94,0.0000,0.00000,0.00,50.309,1.153,58.01,23.484,23.472,0.001606,0.003695,0.002772,0.000,23.408
0.460938,0,0,0.00,0.0214,0.00000,0.00,50.310,1.112,55.92,23.484,23.473,0.004332,0.005862,0.002072,0.020,23.408
0.464844,0,0,0.00,0.0097,0.00000,0.00,50.292,1.124,56.54,23.485,23.473,0.002065,0.003248,0.002171,0.000,23.408
0.468750,0,0,5.28,0.0000,0.00669,0.00,50.311,1.122,56.46,23.486,23.474,0.002990,0.004527,-0.000312,0.096,23.408
0.472656,0,0,1.75,0.0004,0.00040,0.00,50.292,1.109,55.79,23.486,23.475,0.002065,0.002796,0.003475,0.000,23.408
0.476563,0,0,0.99,0.0000,0.00000,0.00,50.274,1.225,61.56,23.487,23.475,0.000612,0.003789,0.000647,0.000,23.408
0.480469,0,0,0.68,0.0000,0.00614,0.00,50.308,1.037,52.16,23.488,23.476,0.001569,0.004761,0.004055,0.068,23.408
0.484375,0,0,2.26,0.0000,0.00677,0.00,50.300,1.204,60.55,23.489,23.476,0.003122,0.003782,0.000398,0.000,23.408
0.488281,0,0,0.00,0.0254,0.00153,0.00,50.275,1.133,56.97,23.489,23.477,0.000417,0.004571,0.001655,0.072,23.408
0.492188,0,0,0.00,0.0883,0.01003,0.00,50.321,1.049,52.81,23.490,23.477,0.001521,0.003092,0.000141,0.000,23.408
0.496094,0,0,0.00,0.0190,0.00000,0.00,50.314,1.110,55.86,23.490,23.478,0.002037,0.005305,-0.000909,0.074,23.408
0.500000,0,0,2.09,0.0117,0.00401,0.00,50.297,1.125,56.59,23.491,23.479,0.002041,0.004534,0.001522,0.046,23.408
0.503906,0,0,0.00,0.0250,0.00000,0.00,50.323,1.032,51.91,23.492,23.479,-0.001433,0.004974,-0.000328,0.000,23.408
0.507813,0,0,0.00,0.0049,0.01377,0.00,50.303,1.189,59.80,23.492,23.480,0.002507,0.003252,0.002433,0.047,23.408
0.511719,0,0,3.87,0.0346,0.00000,0.00,50.323,1.252,63.01,23.493,23.480,0.003692,0.004258,0.003677,0.092,23.409
0.515625,0,0,0.00,0.0000,0.00113,0.00,50.319,1.043,52.51,23.494,23.481,-0.002870,0.006721,-0.000273,0.000,23.409
0.519531,0,0,2.59,0.0000,0.00000,0.00,50.287,1.158,58.23,23.495,23.481,0.003296,0.007615,0.002862,0.000,23.409
0.523438,0,0,0.00,0.0000,0.00000,0.00,50.328,1.140,57.39,23.495,23.482,0.000854,0.004958,0.001464,0.000,23.409
0.527344,0,0,1.54,0.0233,0.00000,0.00,50.341,1.088,54.78,23.496,23.482,0.003487,0.004339,0.000524,0.000,23.409
0.531250,0,0,0.00,0.0000,0.00000,0.00,50.264,1.163,58.45,23.497,23.483,-0.002550,0.004732,0.001536,0.000,23.409
0.535156,0,0,1.32,0.0000,0.00000,0.00,50.294,1.214,61.05,23.497,23.484,0.001097,0.002404,0.000419,0.003,23.409
0.539063,0,0,3.57,0.0214,0.00905,0.00,50.327,1.163,58.51,23.498,23.484,0.004793,0.004620,0.002788,0.008,23.409
0.542969,0,0,1.06,0.0000,0.00000,0.00,50.290,1.175,59.12,23.499,23.485,0.001628,0.006814,0.001789,0.090,23.409
0.546875,0,0,0.00,0.0097,0.00000,0.00,50.280,1.187,59.67,23.499,23.485,0.001015,0.005314,0.001433,0.000,23.409
0.550781,0,0,4.98,0.0000,0.00000,0.00,50.319,1.127,56.71,23.500,23.486,0.002356,0.002766,0.003460,0.000,23.409
0.554688,0,0,0.00,0.0061,0.00000,0.00,50.275,1.186,59.61,23.501,23.487,0.002038,0.002913,0.002190,0.000,23.409
0.558594,0,0,0.00,0.0000,0.00000,0.00,50.282,1.244,62.55,23.501,23.487,0.004396,0.006292,0.003360,0.000,23.409
0.562500,0,0,1.15,0.0000,0.00110,0.00,50.317,1.091,54.91,23.502,23.488,0.001845,0.005289,0.001335,0.000,23.409
0.566406,0,0,0.00,0.0144,0.00000,0.00,50.294,1.177,59.18,23.503,23.488,0.000085,0.004039,0.003903,0.000,23.409
0.570313,0,0,0.00,0.0006,0.00527,0.00,50.290,1.064,53.51,23.503,23.489,0.001871,0.002497,0.003310,0.000,23.410
0.574219,0,0,0.00,0.0000,0.00000,0.00,50.313,1.060,53.32,23.504,23.489,-0.003629,0.001801,-0.000067,0.000,23.410
0.578125,0,0,0.00,0.0183,0.00157,0.00,50.302,1.152,57.92,23.505,23.490,0.001387,0.003109,0.002147,0.000,23.410
0.582031,0,0,0.00,0.0000,0.00345,0.00,50.305,1.089,54.78,23.505,23.491,-0.001360,0.004007,0.002834,0.000,23.410
0.585938,0,0,0.00,0.0000,0.00434,0.00,50.303,1.180,59.33,23.506,23.491,0.003506,0.003019,0.002403,0.008,23.410
0.589844,0,0,2.63,0.0458,0.00000,0.00,50.307,1.160,58.35,23.507,23.492,0.003377,0.002510,-0.000088,0.073,23.410
0.593750,0,0,3.99,0.0000,0.00000,0.00,50.329,1.176,59.21,23.507,23.492,0.005391,0.004419,0.001812,0.000,23.410
0.597656,0,0,2.71,0.0669,0.00000,0.00,50.328,1.083,54.50,23.508,23.493,0.003017,0.007023,-0.000907,0.000,23.410
0.601563,0,0,0.00,0.0000,0.00000,0.00,50.305,1.112,55.94,23.509,23.493,0.000921,0.006248,0.002921,0.038,23.410
0.605469,0,0,0.00,0.0446,0.00353,0.00,50.293,1.084,54.53,23.509,23.494,0.000550,0.004125,0.005249,0.070,23.410
0.609375,0,0,0.00,0.0000,0.00599,0.00,50.316,1.244,62.57,23.510,23.495,0.000742,0.005186,-0.000630,0.027,23.410
0.613281,0,0,0.99,0.0000,0.00275,0.00,50.338,1.029,51.81,23.511,23.495,0.000796,0.006280,0.001298,0.032,23.410
0.617188,0,0,2.73,0.0000,0.00519,0.00,50.319,1.033,52.00,23.511,23.496,0.003110,0.001356,0.003871,0.000,23.410
0.621094,0,0,0.00,0.0000,0.00000,0.00,50.315,1.097,55.17,23.512,23.496,-0.001208,0.002837,-0.000087,0.000,23.410
0.625000,0,0,0.00,0.0740,0.00000,0.00,50.308,1.238,62.26,23.513,23.497,0.003728,0.004300,0.000452,0.064,23.410
0.628906,0,0,0.00,0.0000,0.00296,0.00,50.321,1.071,53.91,23.513,23.497,0.001595,0.003067,0.002317,0.020,23.410
0.632813,0,0,0.44,0.0000,0.00000,0.00,50.303,1.187,59.72,23.514,23.498,0.000272,0.003945,0.003092,0.008,23.411
0.636719,0,0,0.24,0.0312,0.00200,0.00,50.343,1.160,58.39,23.515,23.498,-0.001009,0.003494,0.001879,0.076,23.411
0.640625,0,0,0.00,0.0000,0.00069,0.00,50.284,1.193,59.97,23.515,23.499,0.003128,0.004867,0.001999,0.047,23.411
0.644531,0,0,0.00,0.0000,0.00203,0.00,50.305,1.097,55.18,23.516,23.500,0.000413,0.003221,0.001921,0.000,23.411
0.648438,0,0,0.72,0.0000,0.00275,0.00,50.301,1.070,53.82,23.517,23.500,-0.000765,0.003247,0.002658,0.000,23.411
0.652344,0,0,6.02,0.0000,0.00346,0.00,50.308,1.066,53.61,23.517,23.501,0.002232,0.006283,0.002079,0.000,23.411
0.656250,0,0,0.00,0.0000,0.00000,0.00,50.323,1.142,57.48,23.518,23.501,0.002085,0.003021,0.002563,0.053,23.411
0.660156,0,0,6.10,0.0000,0.00000,0.00,50.305,1.226,61.66,23.519,23.502,0.003274,0.002430,0.002543,0.183,23.411
0.664063,0,0,0.00,0.0438,0.00000,0.00,50.319,1.187,59.71,23.519,23.502,0.001289,0.004291,-0.000860,0.009,23.411
0.667969,0,0,0.00,0.0000,0.00352,0.00,50.303,1.091,54.86,23.520,23.503,0.001158,0.007185,0.001399,0.000,23.411
0.671875,0,0,1.92,0.0000,0.00000,0.00,50.307,1.186,59.69,23.521,23.503,0.001433,0.005074,0.001303,0.000,23.411
0.675781,0,0,1.93,0.0329,0.00000,0.00,50.273,1.189,59.79,23.521,23.504,0.003083,0.005479,-0.000274,0.023,23.411
0.679688,0,0,2.63,0.0232,0.00190,0.00,50.288,1.178,59.24,23.522,23.505,0.003188,0.007369,0.002919,0.132,23.411
0.683594,0,0,5.95,0.0957,0.00000,0.00,50.282,1.062,53.41,23.523,23.505,0.006252,0.004234,0.001699,0.056,23.411
0.687500,0,0,2.35,0.0000,0.00000,0.00,50.305,1.133,57.01,23.523,23.506,-0.000034,0.004691,0.003501,0.000,23.411
0.691406,0,0,0.00,0.0391,0.00518,0.00,50.277,1.158,58.23,23.524,23.506,0.000951,0.005376,0.000508,0.048,23.412
0.695313,0,0,0.00,0.0000,0.00061,0.00,50.322,1.088,54.73,23.524,23.507,0.002429,0.004530,0.002637,0.098,23.412
0.699219,0,0,4.21,0.0000,0.00346,0.00,50.296,1.227,61.70,23.525,23.507,0.002919,0.004440,0.004732,0.000,23.412
0.703125,0,0,0.00,0.0000,0.00000,0.00,50.312,1.032,51.94,23.526,23.508,-0.000646,0.004124,0.002207,0.082,23.412
0.707031,0,0,0.00,0.0000,0.00000,0.00,50.320,1.097,55.18,23.526,23.508,0.000099,0.003906,0.004116,0.000,23.412
0.710938,0,0,1.08,0.0000,0.00000,0.00,50.283,1.134,57.02,23.527,23.509,-0.000329,0.006977,0.001940,0.124,23.412
0.714844,0,0,0.00,0.0789,0.00262,0.00,50.293,1.193,59.98,23.528,23.510,-0.001105,0.003020,0.001623,0.000,23.412
0.718750,0,0,1.26,0.0111,0.00699,0.00,50.283,1.158,58.21,23.528,23.510,-0.000488,0.005077,0.003685,0.026,23.412
0.722656,0,0,0.00,0.0385,0.00000,0.00,50.299,1.125,56.60,23.529,23.511,0.000049,0.001499,0.001328,0.004,23.412
0.726563,0,0,0.00,0.0519,0.00000,0.00,50.296,1.200,60.38,23.530,23.511,0.003269,0.006490,0.000179,0.030,23.412
0.730469,0,0,0.00,0.0000,0.00923,0.00,50.321,1.124,56.58,23.530,23.512,0.001052,0.004534,0.001122,0.026,23.412
0.734375,0,0,4.40,0.0465,0.00000,0.00,50.296,1.086,54.63,23.531,23.512,0.005000,0.005823,0.004061,0.017,23.412
0.738281,0,0,0.00,0.0000,0.00000,0.00,50.302,1.150,57.84,23.532,23.513,0.001817,0.004366,0.001010,0.006,23.412
0.742188,0,0,2.41,0.0000,0.00702,0.00,50.304,1.172,58.97,23.532,23.513,0.003307,0.005616,0.004356,0.102,23.412
0.746094,0,0,0.00,0.0057,0.00024,0.00,50.260,1.223,61.47,23.533,23.514,0.002437,0.001804,0.000631,0.000,23.412
0.750000,0,0,0.00,0.0000,0.00315,0.00,50.318,1.102,55.47,23.534,23.515,0.001861,0.005333,0.002509,0.085,23.412
0.753906,0,0,0.00,0.0467,0.00923,0.00,50.284,1.140,57.30,23.534,23.515,-0.000829,0.005064,-0.000105,0.000,23.413
0.757813,0,0,0.24,0.0097,0.00153,0.00,50.299,1.077,54.19,23.535,23.516,0.000707,0.003012,0.002192,0.000,23.413
0.761719,0,0,0.69,0.0187,0.00000,0.00,50.316,1.124,56.58,23.536,23.516,0.000466,0.000685,0.000521,0.000,23.413
0.765625,0,0,0.00,0.0191,0.00251,0.00,50.299,1.159,58.30,23.536,23.517,0.002599,0.003191,0.000896,0.000,23.413
0.769531,0,0,0.00,0.0000,0.00236,0.00,50.329,1.155,58.11,23.537,23.517,0.001230,0.002970,0.000100,0.000,23.413
0.773438,0,0,0.10,0.0612,0.00000,0.00,50.313,1.249,62.86,23.538,23.518,0.002968,0.004362,0.003531,0.000,23.413
0.777344,0,0,3.44,0.0000,0.00000,0.00,50.303,1.113,55.97,23.538,23.518,0.003829,0.003602,0.003672,0.000,23.413
0.781250,0,0,2.14,0.0000,0.00000,0.00,50.291,1.146,57.61,23.539,23.519,0.000903,0.005481,0.001250,0.011,23.413
0.785156,0,0,1.22,0.0531,0.00000,0.00,50.319,1.025,51.58,23.540,23.519,0.005235,0.001537,0.001738,0.067,23.413
0.789063,0,0,1.21,0.0518,0.00000,0.00,50.315,1.103,55.51,23.540,23.520,0.000037,0.003916,0.002281,0.000,23.413
0.792969,0,0,1.54,0.0000,0.00162,0.00,50.275,1.320,66.36,23.541,23.521,0.003676,0.004014,0.005265,0.124,23.413
0.796875,0,0,0.00,0.0081,0.00749,0.00,50.330,1.010,50.83,23.542,23.521,0.002827,0.004668,0.002866,0.000,23.413
0.800781,0,0,1.85,0.0000,0.00000,0.00,50.326,1.069,53.82,23.542,23.522,0.001946,0.004115,0.002258,0.066,23.413
0.804688,0,0,1.18,0.0000,0.00000,0.00,50.307,1.327,66.77,23.543,23.522,0.002301,0.006224,0.000118,0.000,23.413
0.808594,0,0,0.00,0.0000,0.00000,0.00,50.317,1.164,58.58,23.544,23.523,0.001063,0.005143,0.001877,0.000,23.413
0.812500,0,0,0.00,0.0703,0.00452,0.00,50.309,1.139,57.32,23.544,23.523,-0.000212,0.001472,-0.000584,0.047,23.414
0.816406,0,0,2.30,0.0000,0.00490,0.00,50.330,1.110,55.89,23.545,23.524,0.001839,0.005799,0.002251,0.000,23.414
0.820313,0,0,0.00,0.0189,0.00000,0.00,50.283,1.319,66.31,23.546,23.524,0.000453,-0.000784,0.002020,0.000,23.414
0.824219,0,0,0.00,0.0383,0.00494,0.00,50.319,1.095,55.09,23.546,23.525,0.002214,0.001965,-0.001772,0.054,23.414
0.828125,0,0,0.90,0.0284,0.00000,0.00,50.300,1.197,60.20,23.547,23.526,0.001582,0.003631,0.002260,0.000,23.414
0.832031,0,0,0.00,0.0198,0.00332,0.00,50.298,1.081,54.39,23.548,23.526,-0.000410,0.002647,0.000804,0.034,23.414
0.835938,0,0,4.88,0.0599,0.00177,0.00,50.272,1.244,62.56,23.548,23.527,0.004264,0.004003,0.004370,0.012,23.414
0.839844,0,0,0.00,0.0000,0.00000,0.00,50.315,1.191,59.93,23.549,23.527,0.003169,0.002992,0.002102,0.000,23.414
0.843750,0,0,2.95,0.0488,0.00000,0.00,50.303,1.224,61.55,23.550,23.528,0.003930,0.004282,0.000711,0.000,23.414
0.847656,0,0,0.00,0.0000,0.00438,0.00,50.303,1.256,63.16,23.550,23.528,0.001282,0.002369,-0.000195,0.000,23.414
0.851563,0,0,0.00,0.0203,0.00483,0.00,50.306,1.178,59.27,23.551,23.529,0.000222,-0.000065,0.000007,0.019,23.414
0.855469,0,0,0.00,0.0000,0.00000,0.00,50.306,1.145,57.60,23.552,23.530,0.002477,0.003240,0.001138,0.045,23.414
0.859375,0,0,1.83,0.0061,0.00439,0.00,50.299,1.209,60.81,23.552,23.530,0.001690,0.006740,0.000034,0.000,23.414
0.863281,0,0,0.00,0.0679,0.00000,0.00,50.302,1.099,55.27,23.553,23.531,0.002607,0.004585,-0.000209,0.000,23.414
0.867188,0,0,0.00,0.0000,0.00000,0.00,50.315,1.026,51.63,23.554,23.531,0.005402,0.003399,0.002528,0.018,23.414
0.871094,0,0,1.40,0.0281,0.00000,0.00,50.288,1.236,62.18,23.554,23.532,0.001165,0.006160,0.002896,0.000,23.415
0.875000,0,0,0.00,0.0045,0.00576,0.00,50.313,1.129,56.79,23.555,23.532,0.003253,0.001300,0.002178,0.024,23.415
0.878906,0,0,2.03,0.0680,0.00455,0.00,50.311,1.149,57.81,23.556,23.533,0.000255,0.002988,0.002561,0.146,23.415
0.882813,0,0,0.00,0.0136,0.00351,0.00,50.307,1.144,57.56,23.556,23.533,0.001004,0.004615,0.002642,0.103,23.415
0.886719,0,0,2.62,0.0000,0.00000,0.00,50.307,1.099,55.31,23.557,23.534,0.003289,0.005829,0.003545,0.000,23.415
0.890625,0,0,6.28,0.0665,0.00000,0.00,50.328,1.131,56.93,23.557,23.534,0.003073,0.004769,0.004070,0.079,23.415
0.894531,0,0,1.79,0.0213,0.00037,0.00,50.298,1.168,58.75,23.558,23.535,0.003420,0.002536,0.003206,0.000,23.415
0.898438,0,0,3.38,0.0000,0.00329,0.00,50.286,1.136,57.13,23.559,23.535,0.004719,0.001970,0.004635,0.000,23.415
0.902344,0,0,0.00,0.0000,0.00459,0.00,50.296,1.151,57.87,23.559,23.536,0.003332,0.005329,0.002564,0.064,23.415
0.906250,0,0,0.00,0.0033,0.00000,0.00,50.296,1.173,59.01,23.560,23.537,0.001175,0.006374,-0.000562,0.051,23.415
0.910156,0,0,0.00,0.0074,0.00060,0.00,50.304,1.076,54.13,23.561,23.537,-0.001683,0.004524,0.001029,0.000,23.415
0.914063,0,0,3.60,0.0302,0.00000,0.00,50.299,1.119,56.29,23.561,23.538,0.003473,0.008517,0.004414,0.042,23.415
0.917969,0,0,0.00,0.0329,0.00670,0.00,50.280,1.226,61.62,23.562,23.538,-0.001561,0.003746,0.002249,0.000,23.415
0.921875,0,0,0.00,0.0000,0.00000,0.00,50.316,1.220,61.41,23.563,23.539,0.001287,0.004901,0.000562,0.052,23.415
0.925781,0,0,3.77,0.0000,0.00000,0.00,50.303,1.103,55.50,23.563,23.539,0.003528,0.005933,0.005836,0.150,23.415
0.929688,0,0,0.14,0.1124,0.01033,0.00,50.334,1.103,55.54,23.564,23.540,0.003894,0.004128,0.003275,0.053,23.415
0.933594,0,0,0.00,0.0173,0.00000,0.00,50.334,1.079,54.29,23.564,23.540,0.002484,0.006613,-0.000065,0.092,23.416
0.937500,0,0,0.36,0.0000,0.00062,0.00,50.335,1.043,52.51,23.565,23.541,-0.002025,0.000464,0.000905,0.000,23.416
0.941406,0,0,2.73,0.0000,0.00468,0.00,50.304,1.137,57.19,23.566,23.541,0.004009,0.004417,0.002137,0.000,23.416
0.945313,0,0,0.96,0.0310,0.00000,0.00,50.300,1.154,58.04,23.566,23.542,0.006038,0.006111,0.003824,0.020,23.416
0.949219,0,0,0.00,0.0000,0.00144,0.00,50.339,1.019,51.32,23.567,23.542,0.002022,0.000998,0.002601,0.000,23.416
0.953125,0,0,1.95,0.0000,0.00170,0.00,50.297,1.141,57.40,23.568,23.543,0.001709,0.005577,0.002336,0.046,23.416
0.957031,0,0,5.29,0.0000,0.00473,0.00,50.308,1.156,58.18,23.568,23.543,0.008611,0.006299,-0.000327,0.000,23.416
0.960938,0,0,0.00,0.0448,0.01038,0.00,50.305,1.076,54.12,23.569,23.544,-0.000280,0.003961,0.004488,0.091,23.416
0.964844,0,0,3.57,0.0236,0.00363,0.00,50.324,1.129,56.80,23.569,23.544,0.002600,0.005256,0.000873,0.020,23.416
0.968750,0,0,0.15,0.0000,0.00373,0.00,50.318,1.169,58.82,23.570,23.545,0.002170,0.002933,0.001315,0.063,23.416
0.972656,0,0,0.00,0.0000,0.00183,0.00,50.302,1.235,62.13,23.571,23.545,0.000488,0.002200,0.001534,0.118,23.416
0.976563,0,0,0.00,0.0530,0.00000,0.00,50.291,1.185,59.61,23.571,23.546,0.000348,0.000152,0.004071,0.091,23.416
0.980469,0,0,0.28,0.0344,0.00259,0.00,50.307,1.233,62.03,23.572,23.547,0.005160,0.007774,0.000625,0.000,23.416
0.984375,0,0,1.87,0.0000,0.00000,0.00,50.331,1.003,50.48,23.573,23.547,0.005019,0.007409,0.000538,0.150,23.416
0.988281,0,0,0.20,0.0091,0.00000,0.00,50.314,1.098,55.23,23.573,23.548,-0.001084,0.003143,0.001613,0.069,23.416
0.992188,0,0,0.00,0.0000,0.00000,0.00,50.277,1.285,64.58,23.574,23.548,-0.001607,0.005422,-0.001093,0.000,23.417
0.996094,0,0,5.48,0.0088,0.01047,0.01,50.304,1.253,63.02,23.575,23.549,0.004855,0.008037,0.002708,0.000,23.417
1.000000,0,0,0.10,0.0000,0.00000,0.00,50.309,1.084,54.55,23.575,23.549,-0.000518,0.002626,0.000865,0.072,23.417
1.003906,0,0,4.33,0.0408,0.00231,0.00,50.305,1.105,55.60,23.576,23.550,0.003301,0.004152,0.002865,0.000,23.417
1.007813,0,0,0.00,0.0094,0.00133,0.00,50.331,1.107,55.70,23.577,23.550,0.005477,0.003310,0.001794,0.000,23.417
1.011719,0,0,0.00,0.0000,0.00000,0.00,50.334,1.012,50.95,23.577,23.551,0.001148,0.003940,-0.000916,0.065,23.417
1.015625,0,0,0.00,0.0000,0.00166,0.00,50.311,1.169,58.80,23.578,23.551,0.000713,0.003845,0.001232,0.033,23.417
1.019531,0,0,0.93,0.0818,0.00000,0.00,50.302,1.121,56.40,23.578,23.552,0.005649,0.002021,0.000413,0.045,23.417
1.023438,0,0,2.95,0.1165,0.00000,0.00,50.317,1.005,50.56,23.579,23.552,0.002005,0.004582,0.000723,0.069,23.417
1.027344,0,0,1.44,0.0370,0.00037,0.00,50.306,1.074,54.01,23.579,23.553,0.000120,0.005632,0.002808,0.000,23.417
1.031250,0,0,3.81,0.0000,0.00000,0.00,50.319,1.054,53.02,23.580,23.553,0.001062,0.003404,0.003946,0.084,23.417
1.035156,0,0,0.00,0.0000,0.00377,0.00,50.311,1.185,59.61,23.581,23.554,0.002233,0.003025,0.002945,0.051,23.417
1.039063,0,0,0.00,0.0466,0.00000,0.00,50.332,1.097,55.20,23.581,23.554,0.000331,-0.000288,0.002411,0.000,23.417
1.042969,0,0,1.95,0.0962,0.00000,0.00,50.286,1.075,54.08,23.582,23.555,0.004826,0.003863,0.003971,0.012,23.417
1.046875,0,0,3.39,0.0000,0.00000,0.00,50.296,1.209,60.81,23.583,23.555,0.008652,0.006779,0.003718,0.055,23.417
1.050781,0,0,0.00,0.0171,0.00664,0.00,50.317,1.312,66.01,23.583,23.556,-0.001859,0.000238,0.001847,0.000,23.417
1.054688,0,0,0.00,0.0318,0.00578,0.00,50.315,1.129,56.81,23.584,23.556,0.003962,0.005205,0.000917,0.075,23.418
1.058594,0,0,0.00,0.0026,0.00209,0.00,50.295,1.132,56.95,23.585,23.557,0.002182,0.005649,0.003042,0.000,23.418
1.062500,0,0,0.00,0.0300,0.00000,0.00,50.311,1.115,56.07,23.585,23.557,-0.000741,0.003450,-0.000086,0.000,23.418
1.066406,0,0,4.35,0.0025,0.00000,0.00,50.307,1.250,62.91,23.586,23.558,0.000917,0.008288,0.002497,0.000,23.418
1.070313,0,0,2.99,0.0000,0.00866,0.00,50.294,1.165,58.61,23.587,23.559,0.003159,0.006633,0.002724,0.000,23.418
1.074219,0,0,0.95,0.0000,0.00195,0.00,50.304,1.240,62.38,23.587,23.559,-0.001315,0.003609,0.003191,0.000,23.418
1.078125,0,0,0.79,0.0000,0.00217,0.00,50.292,1.168,58.76,23.588,23.560,-0.000554,0.004706,0.001820,0.122,23.418
1.082031,0,0,1.61,0.0000,0.00119,0.00,50.318,1.128,56.74,23.588,23.560,0.005749,0.004774,0.003328,0.044,23.418
1.085938,0,0,0.00,0.0845,0.00136,0.00,50.292,1.121,56.36,23.589,23.561,0.004400,0.003544,0.001022,0.000,23.418
1.089844,0,0,0.00,0.0134,0.00686,0.00,50.290,1.270,63.89,23.590,23.561,0.002019,0.000032,0.002792,0.041,23.418
1.093750,0,0,0.46,0.0000,0.00351,0.00,50.299,1.032,51.93,23.590,23.562,0.001794,0.002876,0.005088,0.000,23.418
1.097656,0,0,0.60,0.0030,0.00105,0.00,50.306,1.290,64.92,23.591,23.562,0.002323,0.005243,0.002159,0.095,23.418
1.101563,0,0,0.96,0.0509,0.00357,0.00,50.298,1.208,60.74,23.592,23.563,-0.001660,0.003577,0.000809,0.044,23.418
1.105469,0,0,0.68,0.0000,0.00100,0.00,50.328,1.135,57.13,23.592,23.563,0.000694,0.005201,0.002758,0.106,23.418
1.109375,0,0,0.00,0.0402,0.00464,0.00,50.300,1.127,56.70,23.593,23.564,0.000669,0.001956,0.003983,0.087,23.418
1.113281,0,0,1.18,0.0241,0.00201,0.00,50.306,1.157,58.20,23.594,23.564,0.001377,0.007178,0.001808,0.045,23.419
1.117188,0,0,0.00,0.0099,0.00000,0.00,50.302,1.068,53.73,23.594,23.565,-0.000679,0.001146,0.004605,0.071,23.419
1.121094,0,0,0.14,0.0000,0.00000,0.00,50.282,1.186,59.61,23.595,23.565,0.002404,0.001688,0.001701,0.000,23.419
1.125000,0,0,0.00,0.0568,0.00000,0.00,50.325,1.073,54.00,23.595,23.566,-0.002320,0.003292,-0.001152,0.047,23.419
1.128906,0,0,0.00,0.0536,0.00368,0.00,50.292,1.195,60.10,23.596,23.566,0.001946,0.002572,0.000028,0.016,23.419
1.132813,0,0,0.00,0.0424,0.00037,0.00,50.307,1.093,54.98,23.597,23.567,0.003619,0.004597,0.001749,0.000,23.419
1.136719,0,0,0.00,0.0000,0.00000,0.00,50.312,1.134,57.07,23.597,23.567,0.002945,0.002510,0.003686,0.000,23.419
1.140625,0,0,0.00,0.0000,0.00361,0.00,50.295,1.187,59.71,23.598,23.568,0.003730,0.002327,0.001444,0.000,23.419
1.144531,0,0,0.00,0.0000,0.00000,0.00,50.298,1.161,58.38,23.599,23.569,0.001536,0.004962,0.002461,0.010,23.419
1.148438,0,0,2.22,0.0000,0.00103,0.00,50.302,1.171,58.89,23.599,23.569,0.001984,0.009235,0.001829,0.011,23.419
1.152344,0,0,0.00,0.0000,0.00511,0.00,50.310,1.071,53.88,23.600,23.570,-0.000292,0.003103,-0.001005,0.003,23.419
1.156250,0,0,1.16,0.0230,0.00000,0.00,50.272,1.210,60.82,23.600,23.570,0.000163,0.005316,0.001455,0.058,23.419
1.160156,0,0,2.09,0.0000,0.00000,0.00,50.303,1.236,62.16,23.601,23.571,0.001637,0.001917,0.004036,0.000,23.419
1.164063,0,0,0.00,0.0798,0.00746,0.00,50.295,1.167,58.70,23.602,23.571,-0.000617,0.003799,0.001255,0.039,23.419
1.167969,0,0,4.33,0.0000,0.00000,0.00,50.310,1.273,64.02,23.602,23.572,0.005017,0.008065,0.000892,0.112,23.419
1.171875,0,0,0.00,0.0220,0.00618,0.00,50.316,1.211,60.91,23.603,23.572,0.000151,0.002458,0.000040,0.071,23.420
1.175781,0,0,0.40,0.0000,0.00008,0.00,50.323,1.140,57.35,23.604,23.573,0.002241,0.000372,0.001717,0.000,23.420
1.179688,0,0,0.00,0.0476,0.00000,0.00,50.308,1.090,54.84,23.604,23.573,-0.000989,0.001348,0.003687,0.046,23.420
1.183594,0,0,0.68,0.0000,0.00000,0.00,50.335,1.033,52.02,23.605,23.574,0.004547,0.003746,0.001239,0.058,23.420
1.187500,0,0,0.00,0.0042,0.00000,0.00,50.309,1.013,50.94,23.605,23.574,-0.000564,0.004730,0.004159,0.121,23.420
1.191406,0,0,0.00,0.0383,0.00448,0.00,50.312,1.014,51.01,23.606,23.575,-0.000353,0.002624,0.001615,0.011,23.420
1.195313,0,0,0.00,0.0172,0.00295,0.00,50.298,1.181,59.40,23.607,23.575,0.000373,0.004655,0.001473,0.000,23.420
1.199219,0,0,1.89,0.0000,0.01430,0.00,50.278,1.108,55.72,23.607,23.576,0.002665,0.006166,0.003961,0.000,23.420
1.203125,0,0,2.05,0.0249,0.00404,0.00,50.323,1.025,51.60,23.608,23.576,0.003185,0.001126,0.000043,0.010,23.420
1.207031,0,0,1.38,0.0000,0.00512,0.00,50.294,1.086,54.61,23.608,23.577,0.002803,0.005357,0.002475,0.000,23.420
1.210938,0,0,0.00,0.0000,0.00545,0.00,50.326,1.201,60.42,23.609,23.577,-0.001091,0.003554,0.001680,0.034,23.420
1.214844,0,0,5.95,0.0000,0.00000,0.00,50.311,1.225,61.65,23.610,23.578,0.004473,0.004905,0.002277,0.002,23.420
1.218750,0,0,0.14,0.0000,0.00000,0.00,50.292,1.214,61.03,23.610,23.578,0.001846,0.001535,0.002236,0.047,23.420
1.222656,0,0,0.00,0.0612,0.00781,0.00,50.295,1.237,62.19,23.611,23.579,0.003241,0.003977,0.002376,0.000,23.420
1.226563,0,0,3.09,0.0000,0.00000,0.00,50.295,1.230,61.89,23.612,23.579,0.004868,0.005078,0.005340,0.000,23.420
1.230469,0,0,3.67,0.0782,0.00000,0.00,50.292,1.061,53.35,23.612,23.580,0.005525,0.005966,0.003804,0.000,23.420
1.234375,0,0,0.00,0.0000,0.00853,0.00,50.290,1.174,59.05,23.613,23.580,0.002622,0.006141,0.000551,0.000,23.421
1.238281,0,0,6.35,0.0358,0.00000,0.00,50.288,1.222,61.46,23.614,23.581,0.005228,0.002405,0.003342,0.000,23.421
1.242188,0,0,0.00,0.0293,0.00064,0.00,50.312,1.154,58.08,23.614,23.581,-0.000766,0.000929,0.001890,0.000,23.421
1.246094,0,0,0.00,0.0658,0.00000,0.00,50.309,1.135,57.09,23.615,23.582,0.001061,0.003756,0.000063,0.132,23.421
1.250000,0,0,2.89,0.0000,0.00000,0.00,50.299,1.160,58.33,23.615,23.582,0.004297,0.006250,0.002268,0.000,23.421
1.253906,0,0,0.50,0.0232,0.00946,0.00,50.299,1.113,55.98,23.616,23.583,0.000432,0.004202,0.001735,0.098,23.421
1.257813,0,0,0.00,0.0000,0.00000,0.00,50.287,1.116,56.12,23.617,23.583,0.003659,0.003506,0.003761,0.000,23.421
1.261719,0,0,0.00,0.0306,0.00000,0.00,50.316,1.273,64.06,23.617,23.584,-0.001185,0.005519,0.002629,0.000,23.421
1.265625,0,0,0.00,0.0000,0.00000,0.00,50.298,1.184,59.55,23.618,23.584,0.005713,0.005673,0.000621,0.000,23.421
1.269531,0,0,0.00,0.0000,0.00403,0.00,50.330,1.088,54.77,23.618,23.585,-0.002320,0.004311,0.003131,0.012,23.421
1.273438,0,0,0.00,0.0895,0.00214,0.00,50.285,1.228,61.76,23.619,23.585,-0.000858,0.005180,0.000260,0.020,23.421
1.277344,0,0,2.80,0.0713,0.00000,0.00,50.295,1.249,62.84,23.620,23.586,0.005087,0.006005,0.003763,0.000,23.421
1.281250,0,0,0.00,0.0189,0.00000,0.00,50.297,1.203,60.50,23.620,23.587,0.001677,0.002279,0.003149,0.000,23.421
1.285156,0,0,1.24,0.0000,0.00000,0.00,50.305,1.050,52.81,23.621,23.587,0.005161,0.007742,0.001999,0.000,23.421
1.289063,0,0,0.00,0.0000,0.00390,0.00,50.308,1.049,52.75,23.622,23.587,-0.000393,0.000407,0.000672,0.000,23.421
1.292969,0,0,3.28,0.0146,0.00455,0.00,50.278,1.184,59.55,23.622,23.588,0.006618,0.004226,0.002636,0.000,23.422
1.296875,0,0,0.00,0.0000,0.00270,0.00,50.308,1.181,59.41,23.623,23.588,0.001407,0.006479,0.003096,0.100,23.422
1.300781,0,0,0.56,0.0513,0.00084,0.00,50.289,1.166,58.65,23.623,23.589,0.005504,0.000686,0.004620,0.000,23.422
1.304688,0,0,0.04,0.0000,0.00000,0.00,50.299,1.103,55.46,23.624,23.589,0.000898,0.002411,0.000707,0.007,23.422
1.308594,0,0,0.26,0.0000,0.01145,0.00,50.329,1.057,53.17,23.625,23.590,0.004145,0.004900,0.000908,0.000,23.422
1.312500,0,0,0.14,0.0023,0.00845,0.00,50.309,1.065,53.58,23.625,23.590,0.002516,0.004698,0.001377,0.000,23.422
1.316406,0,0,7.80,0.0000,0.00221,0.00,50.326,1.100,55.36,23.626,23.591,0.005500,0.003924,0.000354,0.030,23.422
1.320313,0,0,2.25,0.0000,0.00393,0.00,50.310,1.061,53.39,23.626,23.591,0.005025,0.006063,0.002796,0.000,23.422
1.324219,0,0,2.25,0.0017,0.00256,0.00,50.302,1.132,56.94,23.627,23.592,0.006554,0.005949,0.004188,0.050,23.422
1.328125,0,0,0.00,0.0000,0.00197,0.00,50.303,1.208,60.78,23.628,23.592,0.000058,0.004627,0.000517,0.000,23.422
1.332031,0,0,1.91,0.0000,0.00039,0.00,50.326,1.101,55.40,23.628,23.593,0.004708,0.003384,0.001561,0.046,23.422
1.335938,0,0,0.00,0.0000,0.00647,0.00,50.288,1.152,57.93,23.629,23.593,-0.000051,0.003291,0.003851,0.000,23.422
1.339844,0,0,3.64,0.0261,0.00600,0.00,50.276,1.231,61.89,23.629,23.594,0.004450,0.008444,0.002987,0.135,23.422
1.343750,0,0,0.00,0.0000,0.00706,0.00,50.318,1.208,60.77,23.630,23.594,0.000677,0.002832,0.000400,0.000,23.422
1.347656,0,0,0.43,0.0000,0.00000,0.00,50.322,1.077,54.22,23.631,23.595,0.004171,0.005145,0.002816,0.000,23.422
1.351563,0,0,5.83,0.0000,0.00129,0.00,50.277,1.193,59.96,23.631,23.595,0.005105,0.004868,0.005102,0.126,23.422
1.355469,0,0,0.00,0.0000,0.00000,0.00,50.316,1.003,50.48,23.632,23.596,0.002888,0.004206,0.001555,0.000,23.423
1.359375,0,0,0.00,0.0607,0.00000,0.00,50.312,1.125,56.61,23.632,23.596,0.003551,0.004064,0.002627,0.000,23.423
1.363281,0,0,0.00,0.0567,0.00584,0.00,50.302,1.179,59.32,23.633,23.597,0.001775,0.001005,0.001624,0.000,23.423
1.367188,0,0,0.48,0.0000,0.00000,0.00,50.320,1.022,51.42,23.634,23.597,0.003466,0.000984,0.002529,0.000,23.423
1.371094,0,0,1.84,0.0000,0.00000,0.00,50.296,1.144,57.56,23.634,23.598,0.005741,0.007586,0.004276,0.066,23.423
1.375000,0,0,3.04,0.0278,0.00000,0.00,50.278,1.243,62.48,23.635,23.598,0.007371,0.001118,0.003211,0.098,23.423
1.378906,0,0,4.77,0.0000,0.00000,0.00,50.289,1.220,61.35,23.635,23.599,0.004238,0.005838,0.001490,0.000,23.423
1.382813,0,0,2.63,0.0691,0.00573,0.00,50.325,1.090,54.86,23.636,23.599,0.003137,0.004536,0.001112,0.132,23.423
1.386719,0,0,1.54,0.0381,0.00848,0.00,50.320,1.097,55.18,23.637,23.600,0.002130,0.003891,0.003375,0.000,23.423
1.390625,0,0,0.00,0.0000,0.00030,0.00,50.302,1.039,52.27,23.637,23.600,-0.000574,0.003252,0.000287,0.000,23.423
1.394531,0,0,2.09,0.0000,0.00000,0.00,50.305,1.061,53.38,23.638,23.601,0.004366,0.006399,0.003565,0.000,23.423
1.398438,0,0,0.27,0.0617,0.00930,0.00,50.319,1.162,58.49,23.638,23.601,0.006284,0.006081,0.002610,0.000,23.423
1.402344,0,0,0.00,0.0000,0.00000,0.00,50.332,1.179,59.33,23.639,23.602,-0.000202,0.004188,0.003226,0.000,23.423
1.406250,0,0,2.11,0.0030,0.00000,0.00,50.298,1.141,57.40,23.640,23.602,0.003837,0.005243,0.000892,0.088,23.423
1.410156,0,0,0.00,0.0169,0.00000,0.00,50.310,1.098,55.22,23.640,23.603,0.003085,0.005144,0.003937,0.000,23.423
1.414063,0,0,0.00,0.0000,0.00105,0.00,50.301,1.126,56.63,23.641,23.603,0.003388,0.004691,0.001781,0.006,23.424
1.417969,0,0,0.44,0.0230,0.00660,0.00,50.321,1.083,54.52,23.641,23.603,0.003676,0.004060,0.003183,0.074,23.424
1.421875,0,0,1.57,0.0053,0.00849,0.00,50.300,1.054,53.01,23.642,23.604,0.003801,0.007080,0.003926,0.000,23.424
1.425781,0,0,0.00,0.0088,0.00521,0.00,50.293,1.119,56.27,23.642,23.604,-0.000240,0.002977,0.000632,0.000,23.424
1.429688,0,0,0.00,0.0000,0.00010,0.00,50.280,1.241,62.41,23.643,23.605,0.002728,0.002731,0.000152,0.000,23.424
1.433594,0,0,4.36,0.0009,0.00379,0.00,50.326,1.184,59.59,23.644,23.605,0.006628,0.005001,0.004705,0.000,23.424
1.437500,0,0,3.56,0.0000,0.00000,0.00,50.295,1.215,61.13,23.644,23.606,0.006192,0.008039,0.004278,0.000,23.424
1.441406,0,0,0.00,0.0000,0.00486,0.00,50.324,1.017,51.18,23.645,23.606,0.004646,0.005544,0.001374,0.000,23.424
1.445313,0,0,0.74,0.0734,0.00146,0.00,50.325,1.171,58.94,23.645,23.607,0.002736,0.004379,0.005361,0.014,23.424
1.449219,0,0,7.12,0.0000,0.00000,0.00,50.291,1.169,58.81,23.646,23.607,0.007154,0.001662,-0.000669,0.131,23.424
1.453125,0,0,2.29,0.0031,0.00527,0.00,50.308,1.265,63.66,23.647,23.608,0.002487,0.003234,0.002627,0.015,23.424
1.457031,0,0,0.00,0.0000,0.00092,0.00,50.298,1.271,63.93,23.647,23.608,0.000198,0.003902,0.000656,0.091,23.424
1.460938,0,0,0.00,0.0000,0.00440,0.00,50.325,1.036,52.14,23.648,23.609,-0.000471,0.005504,0.001286,0.057,23.424
1.464844,0,0,0.59,0.0000,0.00000,0.00,50.310,1.149,57.80,23.649,23.609,0.004986,0.001862,0.000905,0.045,23.424
1.468750,0,0,0.00,0.0000,0.00000,0.00,50.328,1.065,53.59,23.649,23.610,-0.000511,0.005852,0.002324,0.000,23.424
1.472656,0,0,4.96,0.0223,0.00403,0.00,50.300,1.114,56.06,23.650,23.610,0.006658,0.005491,0.004881,0.000,23.424
1.476563,0,0,1.07,0.0249,0.00252,0.00,50.291,1.288,64.75,23.650,23.611,0.002160,0.001499,0.003300,0.000,23.425
1.480469,0,0,1.48,0.0000,0.00831,0.00,50.276,1.215,61.08,23.651,23.611,0.003769,0.006538,0.004808,0.029,23.425
1.484375,0,0,0.00,0.0000,0.00000,0.00,50.299,1.089,54.76,23.652,23.612,0.002697,0.006077,0.002668,0.000,23.425
1.488281,0,0,2.00,0.0000,0.00345,0.00,50.310,1.098,55.23,23.652,23.612,0.003739,0.005337,0.001661,0.021,23.425
1.492188,0,0,0.00,0.0521,0.00634,0.00,50.306,1.184,59.58,23.653,23.613,0.003770,0.003756,0.000741,0.008,23.425
1.496094,0,0,3.90,0.0684,0.00000,0.00,50.313,1.203,60.54,23.653,23.613,0.005982,0.006266,0.003727,0.000,23.425
1.500000,0,0,0.47,0.0000,0.00146,0.00,50.289,1.198,60.26,23.654,23.614,0.001524,0.006492,0.000370,0.152,23.425
1.503906,0,0,0.00,0.0382,0.00021,0.00,50.306,1.166,58.66,23.655,23.614,0.001353,0.002444,0.000198,0.044,23.425
1.507813,0,0,4.55,0.0000,0.00051,0.00,50.290,1.129,56.80,23.655,23.615,0.005284,0.003385,0.002418,0.076,23.425
1.511719,0,0,2.68,0.0867,0.00000,0.00,50.278,1.250,62.83,23.656,23.615,0.002025,0.007563,0.000741,0.097,23.425
1.515625,0,0,1.71,0.0000,0.00082,0.00,50.292,1.240,62.35,23.657,23.616,0.005096,0.005110,0.003281,0.075,23.425
1.519531,0,0,0.00,0.0000,0.00106,0.00,50.281,1.235,62.11,23.657,23.616,0.002739,0.004015,0.001609,0.085,23.425
1.523438,0,0,2.41,0.0000,0.00000,0.00,50.326,1.193,60.05,23.658,23.617,0.006122,0.004239,0.002860,0.105,23.425
1.527344,0,0,0.00,0.0522,0.00099,0.00,50.315,1.067,53.71,23.658,23.617,-0.001354,0.004244,0.000563,0.013,23.425
1.531250,0,0,2.79,0.0078,0.00630,0.00,50.304,1.209,60.79,23.659,23.618,0.001737,0.006039,-0.000009,0.003,23.425
1.535156,0,0,0.00,0.0235,0.00520,0.00,50.337,1.076,54.18,23.660,23.618,0.000449,0.002417,0.003053,0.000,23.426
1.539063,0,0,0.00,0.0000,0.00000,0.00,50.303,1.142,57.44,23.660,23.619,0.000798,-0.001124,0.000619,0.039,23.426
1.542969,0,0,0.00,0.0000,0.00000,0.00,50.303,1.194,60.05,23.661,23.619,0.000805,0.005414,0.004519,0.000,23.426
1.546875,0,0,0.00,0.0000,0.00000,0.00,50.321,1.080,54.36,23.661,23.620,0.001725,0.007256,0.001331,0.088,23.426
1.550781,0,0,0.00,0.0000,0.00537,0.00,50.298,1.145,57.58,23.662,23.620,-0.000090,0.000805,-0.002304,0.066,23.426
1.554688,0,0,3.08,0.0669,0.00000,0.00,50.312,1.188,59.78,23.663,23.621,0.003614,0.004852,0.001976,0.000,23.426
1.558594,0,0,0.00,0.0565,0.00115,0.00,50.306,1.084,54.54,23.663,23.621,0.001340,0.002586,0.001790,0.000,23.426
1.562500,0,0,0.00,0.0000,0.00317,0.00,50.294,1.201,60.42,23.664,23.622,0.001972,-0.000355,0.002217,0.008,23.426
1.566406,0,0,2.23,0.0218,0.00000,0.00,50.316,1.251,62.96,23.664,23.622,0.002115,0.007753,0.002930,0.000,23.426
1.570313,0,0,0.00,0.0000,0.00000,0.00,50.338,1.171,58.95,23.665,23.623,0.000718,0.004810,0.003711,0.000,23.426
1.574219,0,0,0.00,0.0225,0.00187,0.00,50.305,1.104,55.56,23.666,23.623,0.003600,0.003718,0.002248,0.000,23.426
1.578125,0,0,4.61,0.0065,0.00058,0.00,50.304,1.218,61.27,23.666,23.624,0.005497,0.005292,0.004154,0.027,23.426
1.582031,0,0,0.65,0.0000,0.00000,0.00,50.314,1.172,58.99,23.667,23.624,0.000515,0.002524,0.002534,0.000,23.426
1.585938,0,0,3.67,0.0645,0.00000,0.00,50.299,1.210,60.86,23.667,23.625,0.005464,0.006042,0.002916,0.000,23.426
1.589844,0,0,0.00,0.0000,0.00799,0.00,50.299,1.058,53.20,23.668,23.625,0.000838,0.002874,0.002846,0.000,23.426
1.593750,0,0,0.00,0.0000,0.00314,0.00,50.277,1.200,60.33,23.669,23.626,0.000981,0.003418,0.001038,0.033,23.426
1.597656,0,0,0.00,0.0000,0.00662,0.00,50.295,1.199,60.30,23.669,23.626,0.000753,0.002112,0.000094,0.000,23.427
1.601563,0,0,4.31,0.0298,0.00000,0.00,50.299,1.140,57.35,23.670,23.627,0.005825,0.003279,0.003142,0.030,23.427
1.605469,0,0,2.60,0.0000,0.00050,0.00,50.336,1.167,58.76,23.670,23.627,0.002459,0.004464,0.000187,0.013,23.427
1.609375,0,0,3.87,0.0000,0.00595,0.00,50.285,1.078,54.21,23.671,23.627,0.007925,0.003950,0.003827,0.000,23.427
1.613281,0,0,3.44,0.0129,0.00695,0.00,50.286,1.286,64.69,23.672,23.628,0.001559,0.006177,0.000858,0.003,23.427
1.617188,0,0,3.39,0.0000,0.00218,0.00,50.287,1.056,53.11,23.672,23.628,0.007782,0.003958,0.002584,0.000,23.427
1.621094,0,0,0.06,0.0300,0.00756,0.00,50.302,1.089,54.79,23.673,23.629,0.002979,0.003940,0.002108,0.000,23.427
1.625000,0,0,0.00,0.0000,0.00180,0.00,50.288,1.080,54.33,23.673,23.629,0.000716,0.004708,0.001321,0.025,23.427
1.628906,0,0,1.98,0.0513,0.01126,0.00,50.289,1.212,60.94,23.674,23.630,0.000262,0.003633,0.003365,0.000,23.427
1.632813,0,0,0.02,0.0000,0.00617,0.00,50.303,1.234,62.07,23.674,23.630,0.001140,0.004733,0.002724,0.038,23.427
1.636719,0,0,3.28,0.0879,0.00000,0.00,50.317,1.180,59.39,23.675,23.631,0.005875,0.006721,0.000660,0.000,23.427
1.640625,0,0,5.18,0.0000,0.00000,0.00,50.303,1.156,58.16,23.676,23.631,0.006752,0.006846,0.004673,0.000,23.427
1.644531,0,0,0.00,0.1099,0.00000,0.00,50.348,1.117,56.22,23.676,23.632,0.002242,0.005838,0.002965,0.000,23.427
1.648438,0,0,0.00,0.0000,0.00426,0.00,50.295,1.289,64.81,23.677,23.632,-0.000763,0.003585,0.002838,0.122,23.427
1.652344,0,0,0.20,0.0000,0.00278,0.00,50.327,1.092,54.97,23.677,23.633,-0.000391,0.001813,0.001605,0.000,23.427
1.656250,0,0,0.40,0.0000,0.00214,0.00,50.310,1.193,60.04,23.678,23.633,0.003627,0.000864,0.001523,0.000,23.428
1.660156,0,0,0.00,0.0000,0.00926,0.00,50.318,1.125,56.63,23.679,23.634,0.002260,0.005525,0.002044,0.000,23.428
1.664063,0,0,0.00,0.0000,0.00375,0.00,50.287,1.199,60.30,23.679,23.634,0.003056,0.003546,0.001615,0.000,23.428
1.667969,0,0,0.82,0.0000,0.00000,0.00,50.333,1.133,57.04,23.680,23.635,0.003200,0.008440,0.004447,0.159,23.428
1.671875,0,0,3.59,0.0000,0.00469,0.00,50.299,1.000,50.29,23.680,23.635,0.003126,0.001760,0.002347,0.065,23.428
1.675781,0,0,0.00,0.0593,0.00037,0.00,50.290,1.122,56.43,23.681,23.636,0.004852,0.007006,0.000405,0.000,23.428
1.679688,0,0,3.19,0.0000,0.00593,0.00,50.307,1.291,64.95,23.682,23.636,0.007727,0.007000,0.002659,0.000,23.428
1.683594,0,0,0.00,0.0000,0.00000,0.00,50.283,1.219,61.30,23.682,23.637,0.000231,0.004442,0.000936,0.020,23.428
1.687500,0,0,7.09,0.0222,0.00000,0.00,50.331,1.200,60.39,23.683,23.637,0.003861,0.003866,-0.000878,0.050,23.428
1.691406,0,0,2.50,0.0000,0.00372,0.00,50.295,1.121,56.37,23.683,23.638,0.005464,0.003590,0.002701,0.107,23.428
1.695313,0,0,0.00,0.0000,0.00000,0.00,50.314,1.108,55.73,23.684,23.638,0.000736,0.007206,0.003126,0.000,23.428
1.699219,0,0,1.04,0.0000,0.00000,0.00,50.304,1.072,53.91,23.684,23.638,0.001915,0.001283,0.001271,0.000,23.428
1.703125,0,0,0.00,0.0026,0.00574,0.00,50.288,1.166,58.63,23.685,23.639,0.002232,0.004523,0.003761,0.132,23.428
1.707031,0,0,0.80,0.0000,0.00000,0.00,50.303,1.226,61.67,23.686,23.639,0.003047,0.006559,-0.000330,0.059,23.428
1.710938,0,0,0.00,0.0000,0.00554,0.00,50.302,1.197,60.22,23.686,23.640,0.000933,0.000782,0.002134,0.047,23.428
1.714844,0,0,0.00,0.0502,0.00000,0.00,50.321,1.065,53.59,23.687,23.640,0.000846,0.005505,0.000413,0.134,23.428
1.718750,0,0,0.00,0.0000,0.00000,0.00,50.296,1.255,63.15,23.687,23.641,0.000740,0.005435,0.004070,0.000,23.429
1.722656,0,0,0.00,0.0992,0.00491,0.00,50.319,1.146,57.66,23.688,23.641,-0.000457,0.002191,-0.000159,0.084,23.429
1.726563,0,0,0.00,0.0000,0.00143,0.00,50.308,1.069,53.76,23.689,23.642,0.000082,0.003303,0.003856,0.077,23.429
1.730469,0,0,0.52,0.0000,0.00788,0.00,50.313,1.115,56.07,23.689,23.642,0.002077,0.003657,0.003682,0.005,23.429
1.734375,0,0,0.22,0.0000,0.00000,0.00,50.300,1.164,58.55,23.690,23.643,0.002899,0.006147,0.001872,0.000,23.429
1.738281,0,0,0.00,0.0243,0.00207,0.00,50.303,1.224,61.58,23.690,23.643,0.000438,0.003419,0.002380,0.000,23.429
1.742188,0,0,0.00,0.0000,0.00185,0.00,50.299,1.077,54.18,23.691,23.644,-0.001112,0.003956,0.001018,0.002,23.429
1.746094,0,0,5.05,0.0000,0.00701,0.00,50.312,1.097,55.19,23.691,23.644,0.009592,0.003807,0.002992,0.000,23.429
1.750000,0,0,1.73,0.0290,0.00976,0.00,50.295,1.212,60.94,23.692,23.644,0.003505,0.003538,0.004226,0.000,23.429
1.753906,0,0,1.43,0.0000,0.00000,0.00,50.342,1.143,57.53,23.693,23.645,0.002625,0.003179,0.004048,0.058,23.429
1.757813,0,0,0.00,0.0000,0.00211,0.00,50.321,1.143,57.52,23.693,23.645,0.001706,0.003130,0.002661,0.102,23.429
1.761719,0,0,0.00,0.0000,0.00188,0.00,50.308,1.200,60.35,23.694,23.646,0.001287,0.002660,0.001332,0.096,23.429
1.765625,0,0,1.06,0.0073,0.00108,0.00,50.283,1.262,63.44,23.694,23.646,0.003510,0.003877,0.002060,0.028,23.429
1.769531,0,0,0.00,0.0000,0.00000,0.00,50.298,1.145,57.57,23.695,23.647,-0.001773,0.005298,0.003533,0.000,23.429
1.773438,0,0,3.96,0.0000,0.00000,0.00,50.308,1.229,61.80,23.696,23.647,0.003935,0.007848,0.001106,0.072,23.429
1.777344,0,0,0.00,0.0463,0.00238,0.00,50.268,1.193,59.95,23.696,23.648,-0.000011,0.001624,0.001417,0.000,23.430
1.781250,0,0,3.34,0.0860,0.00000,0.00,50.307,1.164,58.57,23.697,23.648,0.003917,0.006694,0.002341,0.000,23.430
1.785156,0,0,2.04,0.0000,0.00269,0.00,50.330,1.105,55.62,23.697,23.649,0.004125,0.003740,0.004011,0.000,23.430
1.789063,0,0,3.06,0.1019,0.00548,0.00,50.291,1.170,58.86,23.698,23.649,0.006996,0.006280,0.003167,0.081,23.430
1.792969,0,0,0.00,0.0124,0.00000,0.00,50.314,1.155,58.12,23.699,23.650,0.001410,0.003522,0.003970,0.000,23.430
1.796875,0,0,5.05,0.0082,0.00000,0.00,50.302,1.120,56.35,23.699,23.650,0.006764,0.004607,0.004332,0.088,23.430
1.800781,0,0,0.00,0.0028,0.00000,0.00,50.324,1.067,53.72,23.700,23.651,-0.001377,0.001579,0.000762,0.000,23.430
1.804688,0,0,0.00,0.0202,0.00000,0.00,50.302,1.231,61.93,23.700,23.651,-0.001222,0.003474,0.002441,0.000,23.430
1.808594,0,0,1.23,0.0399,0.00166,0.00,50.319,1.163,58.53,23.701,23.652,0.003386,0.004283,0.002386,0.000,23.430
1.812500,0,0,2.87,0.0000,0.00631,0.00,50.311,1.072,53.94,23.701,23.652,0.003020,0.006835,0.003216,0.110,23.430
1.816406,0,0,0.00,0.0000,0.00006,0.00,50.308,1.239,62.34,23.702,23.652,0.002506,0.004923,0.001799,0.000,23.430
1.820313,0,0,0.00,0.0219,0.00000,0.00,50.305,1.156,58.13,23.703,23.653,0.000625,0.003358,0.001687,0.000,23.430
1.824219,0,0,1.72,0.0000,0.00000,0.00,50.303,1.122,56.44,23.703,23.653,0.004446,0.003269,0.001312,0.065,23.430
1.828125,0,0,0.00,0.0315,0.00566,0.00,50.288,1.186,59.63,23.704,23.654,-0.000550,0.005536,0.000086,0.000,23.430
1.832031,0,0,2.97,0.0000,0.00488,0.00,50.314,1.117,56.20,23.704,23.654,0.005872,0.005488,0.002303,0.000,23.430
1.835938,0,0,3.79,0.0000,0.00000,0.00,50.289,1.067,53.65,23.705,23.655,0.005310,0.005995,0.002216,0.000,23.430
1.839844,0,0,1.59,0.0000,0.00000,0.00,50.305,1.074,54.02,23.705,23.655,0.001902,0.005309,0.001681,0.041,23.431
1.843750,0,0,4.55,0.1028,0.00000,0.00,50.304,1.178,59.26,23.706,23.656,0.006631,0.006846,0.001646,0.013,23.431
1.847656,0,0,5.86,0.0000,0.00052,0.00,50.322,1.114,56.04,23.706,23.656,0.005940,0.004888,-0.001657,0.036,23.431
1.851563,0,0,0.42,0.0000,0.00000,0.00,50.304,1.145,57.62,23.707,23.656,0.002039,0.004729,0.000779,0.000,23.431
1.855469,0,0,0.00,0.0000,0.00000,0.00,50.303,1.186,59.65,23.708,23.657,0.000392,0.000187,0.002233,0.042,23.431
1.859375,0,0,0.00,0.0000,0.00000,0.00,50.310,1.193,60.04,23.708,23.657,0.004739,0.004323,0.000218,0.160,23.431
1.863281,0,0,0.00,0.0953,0.00000,0.00,50.295,1.177,59.19,23.709,23.658,-0.001161,0.006458,0.002708,0.000,23.431
1.867188,0,0,5.18,0.0000,0.00006,0.00,50.318,1.170,58.85,23.709,23.658,0.007972,0.002983,0.002900,0.000,23.431
1.871094,0,0,5.68,0.0212,0.00489,0.00,50.309,1.253,63.04,23.710,23.659,0.006864,0.004073,-0.001380,0.000,23.431
1.875000,0,0,2.22,0.0000,0.00580,0.00,50.324,0.996,50.13,23.710,23.659,0.006199,0.007704,0.005442,0.000,23.431
1.878906,0,0,0.00,0.0000,0.00717,0.00,50.286,1.321,66.43,23.711,23.660,0.002286,0.001255,0.002558,0.046,23.431
1.882813,0,0,0.80,0.0000,0.00021,0.00,50.298,1.191,59.93,23.712,23.660,0.002822,0.005261,0.002275,0.042,23.431
1.886719,0,0,3.57,0.0282,0.00499,0.00,50.301,1.058,53.22,23.712,23.661,0.007858,0.003793,0.002787,0.005,23.431
1.890625,0,0,1.54,0.0117,0.00000,0.00,50.308,1.075,54.07,23.713,23.661,0.003784,0.005328,0.003208,0.000,23.431
1.894531,0,0,2.12,0.0257,0.00000,0.00,50.306,1.214,61.09,23.713,23.662,0.004580,0.006788,0.002951,0.062,23.431
1.898438,0,0,0.00,0.0632,0.00887,0.00,50.333,1.112,55.96,23.714,23.662,0.000635,0.005217,0.002479,0.031,23.432
1.902344,0,0,0.00,0.0169,0.00000,0.00,50.293,1.228,61.74,23.715,23.662,0.003803,0.003050,-0.001541,0.000,23.432
1.906250,0,0,2.88,0.0000,0.00000,0.00,50.282,1.144,57.53,23.715,23.663,0.006110,0.004222,0.003524,0.043,23.432
1.910156,0,0,0.00,0.0215,0.00141,0.00,50.312,1.103,55.49,23.716,23.663,-0.000756,0.005812,0.002298,0.050,23.432
1.914063,0,0,0.62,0.0000,0.00000,0.00,50.294,1.038,52.22,23.716,23.664,0.003001,0.001221,0.002632,0.065,23.432
1.917969,0,0,0.00,0.0222,0.00000,0.00,50.285,1.201,60.40,23.717,23.664,0.002189,0.002370,0.000901,0.105,23.432
1.921875,0,0,0.00,0.0031,0.00000,0.00,50.272,1.284,64.57,23.717,23.665,-0.000742,0.002711,0.001527,0.072,23.432
1.925781,0,0,0.00,0.0000,0.00146,0.00,50.289,1.226,61.65,23.718,23.665,-0.000184,0.004660,0.000459,0.000,23.432
1.929688,0,0,3.03,0.0498,0.00704,0.00,50.290,1.266,63.68,23.719,23.666,0.006497,0.007718,0.003730,0.045,23.432
1.933594,0,0,0.00,0.0000,0.00000,0.00,50.320,1.086,54.66,23.719,23.666,0.002771,0.006176,0.004379,0.038,23.432
1.937500,0,0,0.96,0.0000,0.00100,0.00,50.316,1.274,64.08,23.720,23.667,0.002059,0.004801,0.001586,0.074,23.432
1.941406,0,0,5.74,0.0070,0.00000,0.00,50.327,1.191,59.94,23.720,23.667,0.003740,0.002366,-0.000228,0.038,23.432
1.945313,0,0,5.38,0.0000,0.00044,0.00,50.308,1.291,64.94,23.721,23.668,0.007848,0.003672,0.001311,0.018,23.432
1.949219,0,0,3.15,0.0748,0.00463,0.00,50.295,1.267,63.72,23.722,23.668,0.004942,0.004049,0.004495,0.000,23.432
1.953125,0,0,0.00,0.0650,0.00000,0.00,50.311,1.066,53.65,23.722,23.669,0.001050,0.005809,0.003433,0.007,23.432
1.957031,0,0,0.00,0.0000,0.00297,0.00,50.322,1.140,57.36,23.723,23.669,0.001134,0.002768,0.000706,0.034,23.432
1.960938,0,0,1.23,0.0000,0.00000,0.00,50.285,1.215,61.11,23.723,23.670,0.000854,0.007055,0.004595,0.000,23.433
1.964844,0,0,1.92,0.0000,0.00000,0.00,50.300,1.128,56.75,23.724,23.670,0.006591,0.008828,0.001806,0.036,23.433
1.968750,0,0,0.00,0.0000,0.00000,0.00,50.289,1.178,59.26,23.725,23.670,0.002506,0.003639,0.003824,0.000,23.433
1.972656,0,0,0.00,0.0000,0.00570,0.00,50.317,1.225,61.64,23.725,23.671,0.002726,0.001867,0.001164,0.002,23.433
1.976563,0,0,2.17,0.0000,0.00355,0.00,50.293,1.235,62.13,23.726,23.671,0.004468,0.008831,0.000411,0.048,23.433
1.980469,0,0,0.00,0.0000,0.00618,0.00,50.297,1.091,54.85,23.726,23.672,-0.002135,0.004102,0.003813,0.000,23.433
1.984375,0,0,3.47,0.0000,0.00000,0.00,50.290,1.248,62.77,23.727,23.672,0.003474,0.004861,0.003075,0.000,23.433
1.988281,0,0,0.00,0.0727,0.00849,0.00,50.314,1.094,55.07,23.727,23.673,0.002299,0.001416,-0.000589,0.075,23.433
1.992188,0,0,4.24,0.0075,0.00111,0.00,50.286,1.158,58.25,23.728,23.673,0.008490,0.001748,0.000038,0.000,23.433
1.996094,0,0,5.87,0.0000,0.00560,0.00,50.288,1.272,63.96,23.729,23.674,0.006762,0.000921,-0.000062,0.059,23.433
2.000000,1,25,21.61,0.0069,0.00000,0.00,50.331,1.055,53.12,23.729,23.674,-0.003486,-0.000592,0.001187,0.183,23.433
2.003906,1,25,32.35,0.0232,0.00680,0.02,50.317,1.066,53.64,23.730,23.674,0.004503,0.004612,0.002065,0.088,23.433
2.007813,1,25,42.43,0.0109,0.00000,0.00,50.309,1.267,63.73,23.730,23.675,0.001735,0.001136,-0.003676,0.205,23.433
2.011719,1,25,65.83,0.0000,0.00000,0.00,50.315,1.117,56.18,23.731,23.675,0.007351,0.000473,-0.000945,0.222,23.433
2.015625,1,25,78.59,0.0000,0.00424,0.03,50.315,1.129,56.82,23.731,23.676,-0.003554,-0.004136,0.004767,0.259,23.433
2.019531,1,25,95.87,0.0345,0.00000,0.00,50.302,1.317,66.25,23.732,23.676,0.003956,0.000602,-0.001474,0.389,23.434
2.023438,1,25,110.32,0.1142,0.00000,0.00,50.297,1.245,62.61,23.733,23.677,-0.005963,-0.002821,0.001709,0.421,23.434
2.027344,1,25,125.54,0.0000,0.00558,0.07,50.297,1.139,57.31,23.733,23.677,0.005832,0.000195,0.000115,0.567,23.434
2.031250,1,25,140.89,0.0000,0.00000,0.00,50.301,1.358,68.33,23.734,23.678,-0.007132,-0.002718,-0.002026,0.609,23.434
2.035156,1,25,157.34,0.0749,0.00000,0.00,50.301,1.353,68.06,23.735,23.678,0.004036,-0.001920,-0.002387,0.728,23.434
2.039063,1,25,175.21,0.1277,0.00153,0.03,50.269,1.406,70.66,23.735,23.679,-0.002312,0.004512,-0.000891,0.745,23.434
2.042969,1,25,193.27,0.0106,0.00000,0.00,50.289,1.245,62.60,23.736,23.679,-0.003086,-0.007503,0.006023,0.771,23.434
2.046875,1,25,199.13,0.0388,0.00000,0.00,50.267,1.391,69.94,23.737,23.680,-0.006210,-0.003149,-0.003999,0.854,23.434
2.050781,1,25,220.79,0.0811,0.00791,0.18,50.317,1.221,61.42,23.737,23.680,-0.005037,-0.008045,0.002871,1.026,23.434
2.054688,1,25,231.61,0.0000,0.00241,0.06,50.265,1.363,68.52,23.738,23.681,-0.003417,0.004676,0.001432,1.049,23.434
2.058594,1,25,243.88,0.0474,0.01188,0.30,50.288,1.448,72.81,23.739,23.682,-0.000475,0.000791,-0.002685,1.030,23.434
2.062500,1,25,260.21,0.1335,0.00787,0.21,50.267,1.437,72.24,23.739,23.682,-0.001571,0.002305,-0.001577,1.173,23.434
2.066406,1,25,274.77,0.0452,0.00165,0.05,50.279,1.421,71.45,23.740,23.683,-0.002539,-0.003591,0.002287,1.357,23.434
2.070313,1,25,286.55,0.0402,0.00000,0.00,50.282,1.467,73.76,23.741,23.683,-0.008643,0.004300,-0.003978,1.292,23.434
2.074219,1,25,298.10,0.1165,0.00000,0.00,50.256,1.390,69.85,23.742,23.684,0.006411,-0.000342,-0.006511,1.311,23.434
2.078125,1,25,315.39,0.0382,0.00347,0.11,50.283,1.478,74.32,23.742,23.685,-0.003905,0.001639,-0.004095,1.347,23.434
2.082031,1,25,326.15,0.0497,0.01287,0.44,50.295,1.552,78.06,23.743,23.685,0.002523,-0.003317,-0.005587,1.311,23.435
2.085938,1,25,344.72,0.0782,0.00155,0.06,50.286,1.519,76.39,23.744,23.686,-0.000091,0.004113,0.000784,1.538,23.435
2.089844,1,25,355.62,0.1238,0.01470,0.55,50.273,1.457,73.27,23.745,23.687,-0.001630,-0.001918,-0.005966,1.549,23.435
2.093750,1,25,368.41,0.1244,0.00502,0.19,50.259,1.529,76.87,23.745,23.687,-0.009641,0.000877,-0.006224,1.659,23.435
2.097656,1,25,378.84,0.1796,0.01087,0.43,50.265,1.452,72.98,23.746,23.688,0.012825,0.000198,-0.003269,1.654,23.435
2.101563,1,25,398.08,0.1441,0.00818,0.34,50.243,1.671,83.94,23.747,23.688,-0.007390,0.000675,-0.001428,1.690,23.435
2.105469,1,25,407.38,0.1420,0.01294,0.55,50.273,1.589,79.87,23.748,23.689,0.004266,-0.000452,-0.003683,1.770,23.435
2.109375,1,25,419.97,0.1419,0.00637,0.28,50.268,1.628,81.82,23.749,23.690,-0.008656,-0.001584,-0.004904,1.848,23.435
2.113281,1,25,430.06,0.1203,0.00228,0.10,50.260,1.644,82.64,23.750,23.691,0.014062,0.010084,0.002485,1.991,23.435
2.117188,1,25,444.98,0.1561,0.00130,0.06,50.272,1.749,87.91,23.751,23.691,-0.008283,-0.005910,0.002138,1.908,23.435
2.121094,1,25,455.46,0.1292,0.00872,0.42,50.259,1.631,81.96,23.751,23.692,0.015191,0.011761,0.004669,1.991,23.435
2.125000,1,25,470.98,0.1643,0.01374,0.68,50.284,1.688,84.88,23.752,23.693,-0.008593,-0.005934,0.001939,2.054,23.435
2.128906,1,25,482.35,0.1778,0.02014,1.02,50.244,1.744,87.63,23.753,23.694,0.014672,0.012326,0.007467,2.263,23.435
2.132813,1,25,492.35,0.2811,0.01497,0.77,50.270,1.715,86.21,23.754,23.694,-0.002396,-0.009664,0.006265,2.124,23.435
2.136719,1,25,500.30,0.1860,0.00908,0.48,50.260,1.693,85.08,23.755,23.695,-0.011640,0.001228,-0.008718,2.135,23.435
2.140625,1,25,516.49,0.1544,0.01000,0.54,50.293,1.698,85.41,23.756,23.696,-0.002038,-0.001158,-0.000457,2.298,23.435
2.144531,1,25,528.18,0.3394,0.01484,0.82,50.233,1.927,96.80,23.757,23.697,-0.014737,0.002141,-0.005585,2.327,23.436
2.148438,1,25,541.84,0.3331,0.01050,0.60,50.257,1.604,80.64,23.758,23.697,0.001649,-0.002120,-0.004006,2.330,23.436
2.152344,1,25,547.38,0.2553,0.02394,1.37,50.282,1.641,82.54,23.759,23.698,-0.010989,-0.012156,0.004676,2.378,23.436
2.156250,1,25,568.01,0.3564,0.00471,0.28,50.266,1.879,94.47,23.760,23.699,0.001915,0.000519,-0.004218,2.397,23.436
2.160156,1,25,571.81,0.2745,0.02594,1.55,50.225,1.782,89.49,23.761,23.700,-0.007440,-0.015792,0.006042,2.488,23.436
2.164063,1,25,582.04,0.3141,0.02083,1.27,50.260,1.935,97.24,23.762,23.700,0.000010,0.010956,0.002967,2.542,23.436
2.167969,1,25,597.65,0.3384,0.00957,0.60,50.244,1.810,90.92,23.763,23.701,-0.006166,-0.014634,0.007540,2.547,23.436
2.171875,1,25,604.52,0.4105,0.01453,0.92,50.252,1.933,97.15,23.764,23.702,-0.006834,-0.003484,-0.008111,2.689,23.436
2.175781,1,25,612.77,0.3165,0.01803,1.16,50.249,1.904,95.65,23.765,23.703,0.014375,0.004495,0.000645,2.626,23.436
2.179688,1,25,627.28,0.3512,0.00701,0.46,50.248,1.868,93.88,23.766,23.704,-0.016669,0.001859,-0.008031,2.830,23.436
2.183594,1,25,637.83,0.4517,0.01976,1.32,50.275,1.915,96.26,23.767,23.705,0.016771,0.005096,0.000725,2.699,23.436
2.187500,1,25,643.84,0.4228,0.02010,1.36,50.256,1.969,98.95,23.768,23.705,0.000976,-0.007876,0.000292,2.788,23.436
2.191406,1,25,664.43,0.4397,0.02143,1.49,50.245,2.053,103.15,23.769,23.706,0.012858,-0.000437,-0.004174,2.780,23.436
2.195313,1,25,674.00,0.4275,0.01454,1.03,50.237,2.008,100.90,23.770,23.707,-0.008368,-0.012519,0.006489,2.859,23.436
2.199219,1,25,673.53,0.4399,0.02554,1.80,50.223,1.972,99.05,23.771,23.708,-0.012250,-0.009011,0.002306,2.951,23.436
2.203125,1,25,690.10,0.4834,0.01769,1.28,50.227,1.991,99.98,23.772,23.709,0.005850,0.001335,-0.008085,3.016,23.437
2.207031,1,25,694.29,0.4479,0.02740,1.99,50.219,2.006,100.74,23.773,23.710,-0.002480,-0.017202,0.006507,3.025,23.437
2.210938,1,25,710.11,0.5477,0.02327,1.73,50.254,1.952,98.07,23.774,23.711,0.022325,0.012466,0.002043,3.127,23.437
2.214844,1,25,722.96,0.5180,0.02374,1.80,50.214,1.967,98.80,23.775,23.712,-0.010796,-0.008975,-0.000086,3.113,23.437
2.218750,1,25,736.92,0.4510,0.02395,1.85,50.219,1.951,97.98,23.776,23.712,0.014692,0.001942,-0.007207,3.256,23.437
2.222656,1,25,736.13,0.4989,0.02238,1.73,50.220,2.033,102.09,23.777,23.713,0.016579,0.001364,-0.006445,3.192,23.437
2.226563,1,25,751.33,0.5664,0.01722,1.35,50.230,1.888,94.84,23.778,23.714,-0.011561,0.002297,-0.006948,3.185,23.437
2.230469,1,25,757.66,0.5374,0.03530,2.80,50.223,2.085,104.69,23.779,23.715,0.023395,0.011899,0.003144,3.194,23.437
2.234375,1,25,770.04,0.6058,0.03589,2.89,50.222,2.085,104.73,23.781,23.716,-0.011343,-0.011915,0.001836,3.427,23.437
2.238281,1,25,775.86,0.5350,0.02398,1.95,50.227,2.146,107.77,23.782,23.717,-0.006750,0.005693,0.000954,3.281,23.437
2.242188,1,25,784.99,0.6197,0.02135,1.75,50.213,2.227,111.80,23.783,23.718,0.004852,0.002033,-0.009197,3.400,23.437
2.246094,1,25,790.31,0.5487,0.03254,2.69,50.252,2.169,108.98,23.784,23.719,-0.006914,-0.019441,0.009029,3.434,23.437
2.250000,1,25,807.51,0.6367,0.02733,2.31,50.207,2.141,107.49,23.785,23.720,0.012642,-0.002734,-0.004697,3.568,23.437
2.253906,1,25,806.78,0.6221,0.03186,2.69,50.221,2.203,110.65,23.787,23.721,0.012927,0.001328,-0.008792,3.408,23.437
2.257813,1,25,827.80,0.7029,0.03609,3.13,50.197,2.270,113.94,23.788,23.722,0.023575,0.014035,0.006437,3.575,23.437
2.261719,1,25,829.23,0.6975,0.03326,2.89,50.214,2.107,105.79,23.789,23.723,0.016472,0.003087,-0.005579,3.594,23.437
2.265625,1,25,837.48,0.7123,0.03644,3.20,50.221,2.245,112.72,23.790,23.724,-0.007562,-0.018784,0.006354,3.532,23.438
2.269531,1,25,848.08,0.7141,0.03286,2.92,50.209,2.192,110.04,23.791,23.725,0.017246,0.019244,0.012022,3.597,23.438
2.273438,1,25,857.86,0.7250,0.03077,2.76,50.226,2.239,112.45,23.793,23.726,-0.006886,-0.013724,0.006933,3.854,23.438
2.277344,1,25,869.21,0.7875,0.03952,3.60,50.211,2.321,116.55,23.794,23.727,0.003971,0.014140,0.003254,3.900,23.438
2.281250,1,25,868.54,0.7498,0.03958,3.60,50.212,2.223,111.63,23.795,23.728,0.010660,0.015217,0.006150,3.749,23.438
2.285156,1,25,879.10,0.7065,0.03854,3.55,50.195,2.327,116.79,23.796,23.729,-0.005243,-0.007684,0.003727,3.792,23.438
2.289063,1,25,884.53,0.7525,0.04298,3.98,50.239,2.176,109.30,23.797,23.730,-0.018206,-0.002625,-0.003184,3.711,23.438
2.292969,1,25,906.61,0.7905,0.03860,3.66,50.202,2.303,115.64,23.799,23.731,-0.011337,-0.018499,0.006384,3.941,23.438
2.296875,1,25,906.89,0.8070,0.03780,3.59,50.217,2.273,114.13,23.800,23.732,-0.018275,-0.004502,0.000380,3.976,23.438
2.300781,1,25,918.95,0.8576,0.04459,4.29,50.219,2.358,118.40,23.801,23.733,0.017287,0.003668,-0.004647,4.037,23.438
2.304688,1,25,923.28,0.8729,0.03918,3.79,50.221,2.333,117.18,23.803,23.734,-0.004008,-0.007565,0.003063,3.958,23.438
2.308594,1,25,932.58,0.7893,0.04109,4.01,50.224,2.456,123.37,23.804,23.735,-0.017022,0.002024,-0.010599,4.094,23.438
2.312500,1,25,937.65,0.8735,0.05443,5.34,50.206,2.311,116.04,23.805,23.736,0.022314,0.012329,0.008610,4.032,23.438
2.316406,1,25,951.86,0.9144,0.03908,3.90,50.190,2.424,121.67,23.806,23.737,-0.016609,-0.001663,-0.005383,4.238,23.438
2.320313,1,25,947.01,0.9350,0.03987,3.95,50.216,2.348,117.89,23.808,23.739,-0.010874,-0.018150,0.007254,4.066,23.438
2.324219,1,25,965.12,0.8303,0.05442,5.50,50.185,2.524,126.69,23.809,23.740,0.002916,-0.001442,-0.009312,4.178,23.438
2.328125,1,25,970.77,0.9085,0.04751,4.83,50.200,2.499,125.47,23.811,23.741,-0.009220,-0.011860,0.006827,4.175,23.439
2.332031,1,25,984.15,1.0017,0.04765,4.91,50.205,2.324,116.68,23.812,23.742,0.018804,0.003861,-0.004722,4.283,23.439
2.335938,1,25,981.12,0.9519,0.04849,4.98,50.196,2.495,125.22,23.813,23.743,0.020784,0.009425,-0.000137,4.313,23.439
2.339844,1,25,991.15,0.9954,0.04699,4.88,50.213,2.355,118.26,23.814,23.744,-0.007290,-0.017445,0.004653,4.342,23.439
2.343750,1,25,999.07,0.9269,0.05020,5.25,50.203,2.453,123.13,23.816,23.745,0.008230,0.016875,0.009037,4.374,23.439
2.347656,1,25,1009.64,0.9276,0.04622,4.89,50.183,2.527,126.79,23.817,23.746,-0.004231,-0.018215,0.008014,4.500,23.439
2.351563,1,25,1016.11,1.0361,0.05653,6.02,50.166,2.540,127.44,23.819,23.748,-0.020999,-0.001482,-0.011557,4.474,23.439
2.355469,1,25,1018.78,1.0655,0.03913,4.17,50.215,2.415,121.28,23.820,23.749,0.004668,0.014799,0.007169,4.512,23.439
2.359375,1,25,1029.61,0.9952,0.04270,4.60,50.203,2.594,130.21,23.821,23.750,-0.006958,-0.012805,0.004715,4.378,23.439
2.363281,1,25,1040.97,1.0627,0.05349,5.83,50.196,2.514,126.17,23.823,23.751,0.004648,0.018833,0.007184,4.559,23.439
2.367188,1,25,1042.67,1.0728,0.05150,5.62,50.182,2.490,124.94,23.824,23.752,0.025173,0.019783,0.009487,4.485,23.439
2.371094,1,25,1047.48,1.1737,0.05980,6.56,50.206,2.542,127.63,23.825,23.753,-0.000512,-0.002969,-0.008153,4.529,23.439
2.375000,1,25,1053.88,1.1846,0.05647,6.23,50.179,2.552,128.07,23.827,23.754,-0.020162,-0.009597,-0.000593,4.482,23.439
2.378906,1,25,1055.61,1.1328,0.05077,5.61,50.168,2.639,132.39,23.828,23.756,-0.019183,0.002419,-0.012947,4.663,23.439
2.382813,1,25,1061.88,1.0311,0.06596,7.33,50.179,2.648,132.85,23.830,23.757,0.022658,0.013913,0.005541,4.595,23.439
2.386719,1,25,1079.13,1.1201,0.05876,6.64,50.186,2.562,128.56,23.831,23.758,-0.012925,0.005332,-0.006115,4.658,23.440
2.390625,1,25,1080.62,1.1760,0.04861,5.50,50.209,2.633,132.20,23.833,23.759,0.017107,0.022100,0.011453,4.801,23.440
2.394531,1,25,1090.11,1.1669,0.05457,6.23,50.181,2.643,132.63,23.834,23.760,-0.006175,-0.014721,0.007524,4.787,23.440
2.398438,1,25,1091.34,1.1495,0.05896,6.74,50.191,2.591,130.05,23.835,23.762,-0.009666,-0.019499,0.010045,4.846,23.440
2.402344,1,25,1093.19,1.1993,0.06588,7.54,50.177,2.613,131.13,23.837,23.763,-0.022085,0.001753,-0.011357,4.797,23.440
2.406250,1,25,1104.90,1.2017,0.06432,7.44,50.158,2.727,136.77,23.838,23.764,0.013285,-0.000975,-0.009129,4.686,23.440
2.410156,1,25,1110.09,1.2687,0.05842,6.79,50.200,2.476,124.28,23.840,23.765,-0.006647,-0.025926,0.012570,4.699,23.440
2.414063,1,25,1120.79,1.2581,0.05883,6.90,50.185,2.682,134.60,23.841,23.766,0.026196,0.022462,0.013333,4.794,23.440
2.417969,1,25,1123.43,1.2557,0.06251,7.35,50.202,2.663,133.67,23.843,23.768,0.017952,0.001068,-0.011825,4.957,23.440
2.421875,1,25,1132.35,1.2651,0.05222,6.19,50.176,2.812,141.10,23.844,23.769,-0.016387,-0.007230,-0.000528,5.029,23.440
2.425781,1,25,1136.18,1.2764,0.06134,7.30,50.208,2.638,132.45,23.846,23.770,-0.009048,0.007168,-0.000745,4.986,23.440
2.429688,1,25,1141.98,1.3499,0.05284,6.32,50.169,2.717,136.31,23.847,23.771,0.020468,0.001605,-0.007013,5.036,23.440
2.433594,1,25,1153.39,1.3054,0.07032,8.49,50.167,2.672,134.03,23.849,23.773,-0.023598,0.001263,-0.007832,5.009,23.440
2.437500,1,25,1151.06,1.3566,0.06047,7.29,50.175,2.739,137.42,23.850,23.774,-0.023046,-0.002269,-0.011254,5.049,23.440
2.441406,1,25,1154.71,1.3320,0.06285,7.60,50.188,2.595,130.26,23.852,23.775,0.003487,0.011173,0.002513,5.002,23.440
2.445313,1,25,1170.00,1.3850,0.06901,8.45,50.171,2.620,131.43,23.853,23.776,-0.017388,-0.011110,0.002219,5.127,23.440
2.449219,1,25,1168.45,1.2941,0.06790,8.31,50.182,2.738,137.40,23.854,23.777,-0.017083,-0.011269,0.000981,4.940,23.441
2.453125,1,25,1171.96,1.3499,0.06551,8.04,50.178,2.889,144.98,23.856,23.779,-0.010451,0.007243,-0.008873,5.110,23.441
2.457031,1,25,1180.55,1.4224,0.06520,8.06,50.166,2.670,133.93,23.858,23.780,0.006871,0.002288,-0.011727,5.122,23.441
2.460938,1,25,1177.41,1.3802,0.06847,8.44,50.153,2.778,139.34,23.859,23.781,0.014916,-0.003393,-0.013309,5.156,23.441
2.464844,1,25,1192.24,1.4854,0.06174,7.71,50.179,2.816,141.33,23.861,23.782,-0.001411,0.008791,0.006088,5.187,23.441
2.468750,1,25,1199.05,1.3562,0.06520,8.19,50.176,2.800,140.50,23.862,23.784,0.008717,-0.003238,-0.013420,5.304,23.441
2.472656,1,25,1202.43,1.3279,0.07709,9.71,50.168,2.968,148.88,23.864,23.785,-0.006297,-0.023083,0.011490,5.155,23.441
2.476563,1,25,1208.22,1.4211,0.06613,8.37,50.187,2.674,134.22,23.865,23.786,-0.020815,0.004347,-0.011798,5.308,23.441
2.480469,1,25,1211.25,1.4995,0.06943,8.81,50.168,2.822,141.58,23.867,23.788,0.023490,0.022965,0.013738,5.299,23.441
2.484375,1,25,1219.74,1.5205,0.07101,9.07,50.178,2.844,142.72,23.868,23.789,-0.008606,-0.019272,0.010423,5.343,23.441
2.488281,1,25,1224.87,1.4577,0.06939,8.90,50.170,2.835,142.22,23.870,23.790,-0.024856,0.004026,-0.010725,5.322,23.441
2.492188,1,25,1225.19,1.3758,0.06364,8.17,50.180,2.769,138.96,23.871,23.791,-0.020422,0.003497,-0.010749,5.370,23.441
2.496094,1,25,1227.66,1.5478,0.06276,8.07,50.161,2.853,143.13,23.873,23.793,0.021416,0.025513,0.012117,5.289,23.441
2.500000,1,25,1233.80,1.4804,0.06105,7.89,50.185,2.956,148.32,23.875,23.794,-0.000603,-0.004915,-0.008265,5.443,23.441
2.503906,1,25,1245.60,1.5042,0.06514,8.50,50.182,2.863,143.68,23.876,23.795,0.000073,0.016132,0.004651,5.384,23.441
2.507813,1,25,1244.62,1.5037,0.08489,11.06,50.201,2.933,147.23,23.878,23.797,0.011252,0.022208,0.007812,5.503,23.441
2.511719,1,25,1248.59,1.6257,0.07359,9.62,50.151,2.837,142.30,23.879,23.798,0.017130,-0.002475,-0.009620,5.551,23.442
2.515625,1,25,1258.48,1.5040,0.06827,9.00,50.161,2.853,143.11,23.881,23.799,-0.026813,-0.003695,-0.009311,5.425,23.442
2.519531,1,25,1260.46,1.5909,0.07805,10.30,50.145,2.930,146.91,23.883,23.801,-0.009232,0.005897,-0.002430,5.556,23.442
2.523438,1,25,1271.77,1.4903,0.07042,9.38,50.144,2.995,150.18,23.884,23.802,-0.004167,-0.017597,0.004757,5.509,23.442
2.527344,1,25,1270.79,1.6130,0.07592,10.10,50.158,2.999,150.41,23.886,23.803,-0.005216,-0.023091,0.012122,5.488,23.442
2.531250,1,25,1277.48,1.5882,0.06816,9.12,50.163,2.899,145.45,23.887,23.805,-0.018497,0.001591,-0.010247,5.563,23.442
2.535156,1,25,1279.55,1.5790,0.07782,10.43,50.179,3.010,151.03,23.889,23.806,0.020591,0.023291,0.010926,5.580,23.442
2.539063,1,25,1282.98,1.4908,0.08228,11.05,50.158,2.886,144.77,23.891,23.807,0.017895,-0.000922,-0.014774,5.639,23.442
2.542969,1,25,1290.90,1.6572,0.08299,11.22,50.161,2.962,148.59,23.892,23.809,-0.021100,-0.009941,-0.001216,5.685,23.442
2.546875,1,25,1293.00,1.7082,0.08410,11.39,50.177,3.020,151.54,23.894,23.810,-0.017570,0.000873,-0.010885,5.725,23.442
2.550781,1,25,1289.49,1.6330,0.07853,10.60,50.169,2.969,148.97,23.896,23.812,-0.023231,0.002887,-0.011854,5.529,23.442
2.554688,1,25,1307.94,1.6128,0.08493,11.63,50.154,2.992,150.05,23.897,23.813,-0.017674,-0.011466,0.002056,5.700,23.442
2.558594,1,25,1308.67,1.7028,0.08710,11.94,50.167,3.039,152.47,23.899,23.814,-0.023824,0.000483,-0.013319,5.588,23.442
2.562500,1,25,1307.52,1.7157,0.08723,11.94,50.153,2.947,147.82,23.901,23.816,-0.024775,-0.001898,-0.014876,5.722,23.442
2.566406,1,25,1315.80,1.7720,0.08968,12.36,50.144,3.127,156.78,23.902,23.817,0.018764,-0.000167,-0.012776,5.673,23.442
2.570313,1,25,1319.63,1.7875,0.08204,11.34,50.152,2.987,149.80,23.904,23.818,-0.006324,-0.025896,0.013260,5.625,23.443
2.574219,1,25,1321.97,1.5995,0.09079,12.57,50.146,2.976,149.24,23.906,23.820,-0.019832,-0.006555,-0.002445,5.849,23.443
2.578125,1,25,1333.44,1.7360,0.08474,11.83,50.158,3.014,151.17,23.907,23.821,0.017439,0.000604,-0.014083,5.711,23.443
2.582031,1,25,1339.50,1.8520,0.08693,12.19,50.143,3.080,154.42,23.909,23.823,-0.015550,-0.022210,0.011539,5.898,23.443
2.585938,1,25,1344.29,1.8033,0.08861,12.47,50.148,3.076,154.23,23.911,23.824,-0.012317,0.003699,-0.003182,5.804,23.443
2.589844,1,25,1341.38,1.7870,0.09475,13.31,50.175,3.076,154.36,23.912,23.825,-0.016262,0.001913,-0.009602,5.868,23.443
2.593750,1,25,1351.57,1.7877,0.08341,11.81,50.158,3.137,157.37,23.914,23.827,-0.001091,-0.008751,-0.002669,5.923,23.443
2.597656,1,25,1352.83,1.7943,0.09029,12.79,50.141,3.103,155.60,23.916,23.828,-0.009827,-0.028474,0.011376,5.995,23.443
2.601563,1,25,1349.34,1.7718,0.08073,11.41,50.148,3.005,150.67,23.917,23.830,-0.008841,-0.019646,0.012299,5.982,23.443
2.605469,1,25,1359.62,1.8189,0.08920,12.70,50.142,3.205,160.69,23.919,23.831,0.016425,0.026076,0.012352,5.939,23.443
2.609375,1,25,1355.78,1.7716,0.09586,13.61,50.154,3.162,158.58,23.921,23.833,-0.005993,0.010722,0.000870,5.915,23.443
2.613281,1,25,1360.38,1.8504,0.09290,13.23,50.124,3.144,157.59,23.923,23.834,0.027064,0.002419,-0.007758,5.987,23.443
2.617188,1,25,1367.54,1.8030,0.08993,12.88,50.124,3.072,153.98,23.924,23.835,-0.014098,-0.018246,0.008806,5.970,23.443
2.621094,1,25,1368.58,1.8044,0.09056,12.98,50.115,3.188,159.77,23.926,23.837,-0.025845,0.000541,-0.011972,5.855,23.443
2.625000,1,25,1377.66,1.7976,0.09973,14.39,50.146,3.168,158.87,23.928,23.838,0.017137,0.001831,-0.009673,6.076,23.443
2.628906,1,25,1376.79,1.8048,0.09611,13.86,50.173,3.150,158.03,23.929,23.840,0.011742,-0.002803,-0.016156,5.998,23.443
2.632813,1,25,1382.05,1.8477,0.09514,13.77,50.161,3.192,160.13,23.931,23.841,-0.014274,-0.024382,0.008642,6.091,23.444
2.636719,1,25,1399.19,1.9279,0.09865,14.46,50.132,3.189,159.89,23.933,23.843,-0.004563,-0.018165,0.004638,6.159,23.444
2.640625,1,25,1393.36,1.8741,0.09119,13.31,50.134,3.125,156.69,23.935,23.844,0.011199,-0.001762,-0.013599,6.060,23.444
2.644531,1,25,1397.04,1.8765,0.10166,14.87,50.114,3.090,154.87,23.936,23.845,-0.010157,-0.026822,0.015166,6.114,23.444
2.648438,1,25,1398.54,1.8814,0.09767,14.30,50.155,3.103,155.61,23.938,23.847,-0.026720,-0.005442,-0.006041,6.063,23.444
2.652344,1,25,1395.51,1.8932,0.09540,13.94,50.146,3.099,155.38,23.940,23.848,-0.020625,-0.013434,0.003365,6.058,23.444
2.656250,1,25,1401.43,2.0313,0.08774,12.88,50.146,3.109,155.89,23.941,23.850,0.014509,0.026754,0.011997,6.056,23.444
2.660156,1,25,1412.06,2.0625,0.09807,14.50,50.146,3.198,160.34,23.943,23.851,-0.009731,-0.029012,0.015484,5.999,23.444
2.664063,1,25,1413.17,1.9002,0.10028,14.84,50.139,3.253,163.12,23.945,23.853,-0.026351,-0.003773,-0.008280,6.226,23.444
2.667969,1,25,1416.20,2.0135,0.08506,12.62,50.131,3.202,160.52,23.947,23.854,0.000296,0.014384,0.002946,6.158,23.444
2.671875,1,25,1419.87,1.9733,0.08903,13.24,50.156,3.228,161.92,23.948,23.855,0.027952,0.004845,-0.004991,6.205,23.444
2.675781,1,25,1427.17,1.9783,0.09870,14.75,50.147,3.242,162.57,23.950,23.857,-0.015883,-0.019622,0.010554,6.245,23.444
2.679688,1,25,1423.39,1.9842,0.09141,13.62,50.143,3.205,160.71,23.952,23.858,-0.011278,-0.024259,0.015160,6.199,23.444
2.683594,1,25,1424.72,2.1168,0.10042,14.98,50.131,3.200,160.43,23.954,23.860,-0.022055,-0.006820,-0.004615,6.180,23.444
2.687500,1,25,1430.00,2.0794,0.09491,14.21,50.160,3.170,159.00,23.955,23.861,0.018388,0.028613,0.014417,6.309,23.444
2.691406,1,25,1437.17,1.9900,0.09120,13.73,50.134,3.272,164.03,23.957,23.863,-0.005124,-0.011036,0.001048,6.267,23.444
2.695313,1,25,1434.11,2.0500,0.10148,15.24,50.139,3.321,166.51,23.959,23.864,0.001043,-0.006306,-0.007365,6.138,23.445
2.699219,1,25,1441.80,2.0392,0.09980,15.07,50.137,3.369,168.91,23.961,23.866,-0.025468,0.004603,-0.015440,6.278,23.445
2.703125,1,25,1440.88,2.0674,0.10772,16.25,50.158,3.336,167.33,23.963,23.867,-0.015939,0.002662,-0.006218,6.236,23.445
2.707031,1,25,1447.32,2.2148,0.09568,14.50,50.145,3.264,163.66,23.965,23.869,0.016112,-0.001801,-0.013648,6.239,23.445
2.710938,1,25,1452.38,2.0335,0.10292,15.65,50.121,3.206,160.68,23.966,23.870,-0.015163,-0.026738,0.011979,6.420,23.445
2.714844,1,25,1455.68,2.0359,0.09082,13.84,50.127,3.250,162.92,23.968,23.872,-0.022834,0.002331,-0.013810,6.288,23.445
2.718750,1,25,1456.14,2.1229,0.10799,16.47,50.117,3.231,161.92,23.970,23.873,0.001501,0.016994,0.006585,6.298,23.445
2.722656,1,25,1458.83,2.1399,0.10626,16.23,50.116,3.229,161.83,23.972,23.875,0.033261,0.013179,-0.000499,6.408,23.445
2.726563,1,25,1460.85,2.0473,0.09193,14.06,50.115,3.343,167.52,23.973,23.876,0.002144,-0.001002,-0.010507,6.314,23.445
2.730469,1,25,1462.08,2.1550,0.10779,16.50,50.110,3.431,171.92,23.975,23.878,-0.008898,-0.028149,0.013741,6.329,23.445
2.734375,1,25,1462.61,2.0744,0.09811,15.03,50.118,3.480,174.42,23.977,23.879,-0.016159,-0.024281,0.008272,6.411,23.445
2.738281,1,25,1469.13,2.1080,0.09650,14.85,50.127,3.296,165.20,23.979,23.881,0.018616,0.028989,0.012348,6.370,23.445
2.742188,1,25,1475.49,2.0446,0.10006,15.46,50.126,3.248,162.80,23.981,23.882,-0.003155,-0.005258,-0.004007,6.333,23.445
2.746094,1,25,1474.46,2.2521,0.08930,13.79,50.106,3.353,167.99,23.983,23.884,-0.004552,-0.019302,0.007204,6.313,23.445
2.750000,1,25,1477.69,2.1916,0.10765,16.66,50.144,3.286,164.78,23.984,23.885,-0.021754,-0.002032,-0.006322,6.431,23.445
2.753906,1,25,1478.39,2.1158,0.10170,15.74,50.151,3.297,165.34,23.986,23.887,-0.026906,0.000564,-0.013517,6.436,23.445
2.757813,1,25,1477.16,2.1332,0.10705,16.56,50.107,3.428,171.79,23.988,23.888,-0.018113,0.000975,-0.009448,6.422,23.446
2.761719,1,25,1486.74,2.1723,0.11526,17.95,50.115,3.453,173.03,23.990,23.890,-0.001462,-0.008555,-0.002651,6.474,23.446
2.765625,1,25,1495.30,2.2325,0.11024,17.26,50.120,3.379,169.34,23.992,23.891,-0.014993,0.006380,-0.003815,6.459,23.446
2.769531,1,25,1490.61,2.1749,0.10618,16.57,50.120,3.390,169.91,23.994,23.893,-0.027200,0.003000,-0.014857,6.438,23.446
2.773438,1,25,1496.89,2.1590,0.10434,16.36,50.126,3.436,172.21,23.995,23.894,0.031148,0.014350,0.000416,6.469,23.446
2.777344,1,25,1497.14,2.1604,0.11359,17.81,50.105,3.496,175.19,23.997,23.896,0.017074,-0.003477,-0.013522,6.572,23.446
2.781250,1,25,1494.94,2.2404,0.11333,17.74,50.118,3.468,173.81,23.999,23.898,0.019440,0.001091,-0.015471,6.359,23.446
2.785156,1,25,1500.23,2.1493,0.10949,17.20,50.126,3.415,171.20,24.001,23.899,-0.017147,-0.025008,0.012937,6.483,23.446
2.789063,1,25,1499.75,2.2191,0.10054,15.79,50.098,3.427,171.67,24.003,23.901,-0.020198,-0.006927,-0.004574,6.599,23.446
2.792969,1,25,1500.37,2.3177,0.11139,17.50,50.116,3.369,168.85,24.005,23.902,-0.025912,0.000138,-0.017966,6.516,23.446
2.796875,1,25,1502.62,2.1787,0.10766,16.94,50.111,3.429,171.85,24.007,23.904,0.019699,0.028642,0.013195,6.554,23.446
2.800781,1,25,1513.34,2.2527,0.10298,16.32,50.108,3.359,168.31,24.008,23.905,-0.015854,-0.027273,0.010981,6.618,23.446
2.804688,1,25,1518.98,2.2578,0.10492,16.69,50.103,3.415,171.09,24.010,23.907,0.006708,0.020418,0.010923,6.526,23.446
2.808594,1,25,1516.29,2.2804,0.10795,17.14,50.148,3.399,170.48,24.012,23.908,-0.002780,0.014780,0.006651,6.532,23.446
2.812500,1,25,1522.21,2.2218,0.11484,18.31,50.139,3.353,168.11,24.014,23.910,0.005383,-0.002453,-0.016154,6.646,23.446
2.816406,1,25,1525.30,2.1907,0.10788,17.23,50.140,3.403,170.65,24.016,23.911,-0.013001,-0.028172,0.017925,6.701,23.447
2.820313,1,25,1528.84,2.3974,0.11212,17.95,50.133,3.471,174.03,24.018,23.913,-0.024283,0.001381,-0.014435,6.543,23.447
2.824219,1,25,1521.62,2.2561,0.11216,17.87,50.139,3.321,166.49,24.019,23.914,-0.014801,-0.026544,0.011290,6.617,23.447
2.828125,1,25,1530.99,2.3682,0.10747,17.23,50.102,3.555,178.10,24.021,23.916,0.035786,0.018153,0.006090,6.632,23.447
2.832031,1,25,1528.23,2.2875,0.11298,18.08,50.116,3.402,170.51,24.023,23.917,0.034714,0.027725,0.013192,6.683,23.447
2.835938,1,25,1536.68,2.2047,0.11713,18.85,50.109,3.558,178.28,24.025,23.919,-0.014511,-0.025253,0.015864,6.576,23.447
2.839844,1,25,1535.57,2.3699,0.11324,18.21,50.117,3.523,176.55,24.027,23.921,-0.021118,-0.017311,0.004976,6.688,23.447
2.843750,1,25,1543.22,2.3562,0.11290,18.24,50.119,3.462,173.51,24.029,23.922,0.032420,0.024276,0.009042,6.807,23.447
2.847656,1,25,1542.68,2.3231,0.11862,19.16,50.113,3.455,173.14,24.031,23.924,0.028712,0.008375,-0.001984,6.545,23.447
2.851563,1,25,1544.99,2.3163,0.11331,18.33,50.118,3.443,172.57,24.033,23.925,-0.002215,-0.008786,-0.004715,6.710,23.447
2.855469,1,25,1538.53,2.2907,0.11669,18.80,50.115,3.511,175.97,24.035,23.927,0.030258,0.009185,-0.002751,6.667,23.447
2.859375,1,25,1540.46,2.2745,0.11390,18.37,50.142,3.416,171.30,24.036,23.928,-0.001243,-0.003911,-0.008134,6.809,23.447
2.863281,1,25,1542.71,2.3301,0.11241,18.16,50.135,3.494,175.18,24.038,23.930,-0.017193,-0.025596,0.014787,6.783,23.447
2.867188,1,25,1551.04,2.4355,0.12206,19.83,50.127,3.375,169.18,24.040,23.931,0.032364,0.031276,0.014438,6.820,23.447
2.871094,1,25,1548.98,2.3804,0.11172,18.12,50.086,3.484,174.50,24.042,23.933,0.031349,0.025565,0.015198,6.915,23.447
2.875000,1,25,1560.62,2.4179,0.11707,19.13,50.102,3.627,181.69,24.044,23.935,-0.028195,-0.001043,-0.011431,6.855,23.447
2.878906,1,25,1556.85,2.3794,0.11407,18.60,50.120,3.485,174.65,24.046,23.936,-0.021886,-0.014025,0.001742,6.903,23.448
2.882813,1,25,1553.65,2.3833,0.10224,16.63,50.125,3.572,179.06,24.048,23.938,-0.017561,-0.026957,0.010111,6.698,23.448
2.886719,1,25,1570.73,2.4828,0.12641,20.79,50.105,3.604,180.59,24.050,23.939,-0.008459,-0.031598,0.016810,6.853,23.448
2.890625,1,25,1560.62,2.3895,0.11896,19.44,50.093,3.541,177.36,24.052,23.941,0.033725,0.015265,0.003102,6.795,23.448
2.894531,1,25,1561.70,2.3295,0.11362,18.58,50.108,3.561,178.42,24.054,23.942,0.011143,-0.001595,-0.016760,6.928,23.448
2.898438,1,25,1567.40,2.3399,0.11347,18.63,50.106,3.467,173.70,24.055,23.944,-0.025908,-0.007304,-0.005360,6.865,23.448
2.902344,1,25,1569.23,2.4494,0.11129,18.29,50.093,3.653,183.01,24.057,23.946,-0.016477,0.001878,-0.007264,6.845,23.448
2.906250,1,25,1572.11,2.4334,0.10711,17.63,50.112,3.484,174.60,24.059,23.947,0.033526,0.025120,0.009681,6.873,23.448
2.910156,1,25,1571.20,2.5159,0.11350,18.68,50.109,3.465,173.63,24.061,23.949,0.031726,0.008545,-0.000812,6.822,23.448
2.914063,1,25,1573.27,2.3876,0.11298,18.61,50.102,3.565,178.62,24.063,23.950,0.003435,-0.002849,-0.009652,6.792,23.448
2.917969,1,25,1569.54,2.4338,0.11868,19.51,50.098,3.581,179.43,24.065,23.952,0.012681,0.001502,-0.015328,6.988,23.448
2.921875,1,25,1577.38,2.5183,0.11912,19.68,50.120,3.576,179.22,24.067,23.953,-0.026839,0.000239,-0.017110,6.787,23.448
2.925781,1,25,1580.36,2.4791,0.12312,20.38,50.135,3.577,179.35,24.069,23.955,0.025271,0.031927,0.018972,6.855,23.448
2.929688,1,25,1582.75,2.5092,0.11248,18.64,50.113,3.641,182.47,24.071,23.957,0.022731,0.001025,-0.015562,6.834,23.448
2.933594,1,25,1580.29,2.4514,0.12484,20.66,50.133,3.487,174.81,24.073,23.958,0.026997,0.000975,-0.012840,6.946,23.448
2.937500,1,25,1586.52,2.4428,0.12752,21.19,50.120,3.526,176.71,24.075,23.960,-0.020307,-0.020767,0.007501,6.938,23.448
2.941406,1,25,1586.99,2.4896,0.11908,19.79,50.111,3.531,176.96,24.076,23.961,-0.029086,0.002105,-0.016278,6.920,23.449
2.945313,1,25,1587.59,2.5353,0.11268,18.73,50.099,3.601,180.42,24.078,23.963,-0.012477,0.006335,-0.003299,6.915,23.449
2.949219,1,25,1584.66,2.4525,0.11507,19.10,50.125,3.502,175.51,24.080,23.964,-0.022435,0.004507,-0.008598,6.876,23.449
2.953125,1,25,1597.86,2.5835,0.11744,19.65,50.081,3.651,182.84,24.082,23.966,-0.018222,-0.026288,0.009845,6.897,23.449
2.957031,1,25,1590.52,2.4645,0.12178,20.28,50.107,3.580,179.38,24.084,23.968,0.004655,-0.004662,-0.011454,6.957,23.449
2.960938,1,25,1592.40,2.4181,0.12831,21.40,50.090,3.555,178.07,24.086,23.969,-0.008730,-0.032483,0.015539,6.902,23.449
2.964844,1,25,1594.92,2.4787,0.11481,19.18,50.100,3.556,178.17,24.088,23.971,-0.026807,0.000708,-0.016618,6.956,23.449
2.968750,1,25,1607.15,2.5422,0.12773,21.50,50.103,3.609,180.84,24.090,23.972,-0.006505,-0.026264,0.014867,6.875,23.449
2.972656,1,25,1600.17,2.4610,0.12610,21.13,50.097,3.618,181.26,24.092,23.974,0.021886,-0.000098,-0.014381,6.952,23.449
2.976563,1,25,1595.17,2.5581,0.12290,20.53,50.101,3.589,179.82,24.094,23.976,0.032757,0.025335,0.011895,6.937,23.449
2.980469,1,25,1600.47,2.4921,0.11960,20.05,50.127,3.598,180.38,24.096,23.977,-0.007158,-0.021747,0.007484,7.064,23.449
2.984375,1,25,1602.58,2.5601,0.12484,20.95,50.095,3.708,185.75,24.098,23.979,-0.025008,-0.011137,-0.002016,7.011,23.449
2.988281,1,25,1599.75,2.5211,0.12334,20.66,50.118,3.653,183.07,24.100,23.980,-0.021344,-0.018879,0.006770,6.882,23.449
2.992188,1,25,1615.29,2.5410,0.11854,20.05,50.102,3.604,180.57,24.102,23.982,-0.011055,-0.027951,0.014112,7.095,23.449
2.996094,1,25,1611.40,2.6214,0.12019,20.28,50.097,3.724,186.55,24.104,23.984,-0.005602,-0.013923,0.002600,7.036,23.449
3.000000,1,25,1605.47,2.4990,0.11956,20.10,50.086,3.662,183.43,24.106,23.985,0.024415,-0.001224,-0.014113,7.041,23.449
3.003906,1,25,1607.08,2.5585,0.12599,21.20,50.128,3.617,181.31,24.107,23.987,-0.006415,-0.012422,-0.000735,6.913,23.450
3.007813,1,25,1613.77,2.5359,0.12748,21.54,50.091,3.707,185.69,24.109,23.988,-0.021881,0.001889,-0.010621,6.949,23.450
3.011719,1,25,1613.36,2.6207,0.12840,21.69,50.094,3.650,182.83,24.111,23.990,0.000375,0.020146,0.006090,7.050,23.450
3.015625,1,25,1619.54,2.5790,0.12132,20.58,50.078,3.636,182.09,24.113,23.992,0.001416,-0.001075,-0.009151,7.003,23.450
3.019531,1,25,1618.79,2.4756,0.12842,21.77,50.103,3.588,179.75,24.115,23.993,-0.005230,-0.013919,0.003004,6.983,23.450
3.023438,1,25,1612.49,2.5653,0.11963,20.20,50.095,3.687,184.71,24.117,23.995,0.027980,0.003673,-0.009710,7.099,23.450
3.027344,1,25,1620.01,2.5408,0.12777,21.68,50.095,3.632,181.93,24.119,23.996,-0.026525,-0.003717,-0.010567,7.027,23.450
3.031250,1,25,1623.90,2.5634,0.13245,22.52,50.085,3.741,187.36,24.121,23.998,0.018609,0.028678,0.014433,7.139,23.450
3.035156,1,25,1627.13,2.6210,0.11858,20.21,50.098,3.651,182.91,24.123,24.000,0.018034,-0.000101,-0.016665,7.059,23.450
3.039063,1,25,1621.89,2.6590,0.12452,21.15,50.110,3.661,183.47,24.125,24.001,0.038446,0.024568,0.008508,7.181,23.450
3.042969,1,25,1621.17,2.5324,0.12778,21.69,50.104,3.733,187.03,24.127,24.003,0.035046,0.008498,-0.002414,6.983,23.450
3.046875,1,25,1624.58,2.6299,0.12634,21.49,50.100,3.605,180.59,24.129,24.005,-0.005512,-0.017691,0.010403,6.966,23.450
3.050781,1,25,1626.93,2.5053,0.12002,20.45,50.116,3.640,182.42,24.131,24.006,-0.027031,-0.007469,-0.002458,7.032,23.450
3.054688,1,25,1627.91,2.6964,0.12384,21.11,50.105,3.640,182.37,24.133,24.008,-0.025330,0.003130,-0.013005,7.065,23.450
3.058594,1,25,1628.93,2.6287,0.12553,21.41,50.111,3.631,181.95,24.135,24.009,0.016818,0.028232,0.013382,7.131,23.450
3.062500,1,25,1627.97,2.5819,0.13200,22.50,50.117,3.676,184.24,24.137,24.011,0.033328,0.032368,0.016034,7.112,23.450
3.066406,1,25,1637.60,2.5781,0.12462,21.37,50.107,3.552,177.97,24.139,24.012,-0.024124,-0.015954,0.003697,7.078,23.451
3.070313,1,25,1625.94,2.5094,0.12348,21.02,50.112,3.586,179.70,24.140,24.014,0.032159,0.012511,-0.001729,7.035,23.451
3.074219,1,25,1634.81,2.6474,0.13681,23.42,50.096,3.717,186.22,24.142,24.016,-0.029598,-0.002958,-0.012794,7.205,23.451
3.078125,1,25,1635.55,2.6796,0.12449,21.32,50.109,3.676,184.18,24.144,24.017,-0.018904,0.005658,-0.006473,7.013,23.451
3.082031,1,25,1634.75,2.6659,0.12229,20.93,50.092,3.761,188.39,24.146,24.019,-0.005506,0.014412,0.001668,7.142,23.451
3.085938,1,25,1642.53,2.7617,0.13364,22.99,50.115,3.738,187.33,24.148,24.020,-0.007783,-0.016475,0.008345,7.255,23.451
3.089844,1,25,1644.27,2.7278,0.13041,22.45,50.098,3.675,184.11,24.150,24.022,-0.023436,-0.016074,0.005127,7.241,23.451
3.093750,1,25,1644.95,2.6480,0.12292,21.17,50.094,3.757,188.21,24.152,24.024,-0.025631,-0.000925,-0.016669,7.148,23.451
3.097656,1,25,1640.06,2.6046,0.13788,23.68,50.107,3.682,184.51,24.154,24.025,-0.018658,-0.018601,0.007907,7.139,23.451
3.101563,1,25,1650.69,2.7715,0.12941,22.37,50.092,3.766,188.63,24.156,24.027,0.010522,-0.000310,-0.015773,7.110,23.451
3.105469,1,25,1643.15,2.6296,0.13036,22.43,50.103,3.648,182.78,24.158,24.028,0.018141,0.031950,0.014701,7.099,23.451
3.109375,1,25,1647.82,2.5939,0.12572,21.69,50.080,3.778,189.23,24.160,24.030,0.002454,-0.003385,-0.012567,7.263,23.451
3.113281,1,25,1640.76,2.6841,0.12484,21.45,50.095,3.781,189.40,24.162,24.032,0.036523,0.025124,0.009335,7.215,23.451
3.117188,1,25,1650.89,2.7076,0.13468,23.28,50.098,3.608,180.76,24.164,24.033,-0.030367,0.001698,-0.009932,7.101,23.451
3.121094,1,25,1651.49,2.8051,0.12593,21.78,50.095,3.820,191.34,24.166,24.035,-0.018612,0.004729,-0.011139,7.301,23.451
3.125000,1,25,1650.30,2.7429,0.12607,21.79,50.083,3.675,184.04,24.168,24.037,-0.007616,0.010975,-0.000163,7.085,23.451
3.128906,1,25,1653.05,2.6944,0.12941,22.40,50.094,3.830,191.86,24.170,24.038,0.034927,0.010955,0.001469,7.199,23.452
3.132813,1,25,1651.02,2.6857,0.13024,22.52,50.083,3.753,187.96,24.172,24.040,0.033957,0.011858,-0.000054,7.286,23.452
3.136719,1,25,1655.08,2.6998,0.14235,24.67,50.105,3.829,191.87,24.174,24.042,-0.009477,-0.027563,0.015366,7.191,23.452
3.140625,1,25,1650.34,2.6826,0.11672,20.17,50.130,3.515,176.19,24.176,24.043,0.002785,-0.001685,-0.013361,7.189,23.452
3.144531,1,25,1662.96,2.7485,0.13070,22.76,50.072,3.835,192.02,24.178,24.045,0.037311,0.022206,0.010079,7.330,23.452
3.148438,1,25,1660.05,2.6318,0.13528,23.52,50.084,3.723,186.48,24.180,24.046,0.035370,0.032283,0.016054,7.256,23.452
3.152344,1,25,1654.09,2.7754,0.13019,22.55,50.097,3.715,186.12,24.182,24.048,-0.021195,0.001677,-0.011523,7.265,23.452
3.156250,1,25,1656.99,2.7008,0.12691,22.02,50.096,3.807,190.72,24.184,24.050,0.036782,0.024269,0.007488,7.214,23.452
3.160156,1,25,1665.46,2.6815,0.12507,21.81,50.114,3.734,187.14,24.186,24.051,-0.024990,-0.010917,-0.003519,7.197,23.452
3.164063,1,25,1664.32,2.7214,0.13276,23.14,50.109,3.691,184.93,24.188,24.053,-0.031286,-0.004492,-0.011775,7.433,23.452
3.167969,1,25,1665.47,2.6989,0.12525,21.84,50.083,3.721,186.37,24.190,24.054,-0.013134,0.011397,-0.000495,7.339,23.452
3.171875,1,25,1660.76,2.7697,0.13978,24.31,50.096,3.718,186.27,24.192,24.056,-0.027657,-0.000261,-0.014303,7.354,23.452
3.175781,1,25,1665.86,2.7758,0.13347,23.28,50.073,3.819,191.22,24.194,24.058,0.038182,0.017869,0.005094,7.247,23.452
3.179688,1,25,1667.17,2.6304,0.13559,23.67,50.116,3.687,184.78,24.196,24.059,0.010426,-0.000367,-0.015189,7.247,23.452
3.183594,1,25,1666.99,2.6896,0.13001,22.70,50.086,3.760,188.30,24.198,24.061,-0.005388,-0.007958,-0.000845,7.369,23.452
3.187500,1,25,1666.94,2.7731,0.13589,23.72,50.104,3.635,182.13,24.199,24.062,-0.008246,-0.029507,0.018014,7.355,23.453
3.191406,1,25,1670.01,2.7239,0.13639,23.85,50.105,3.719,186.36,24.201,24.064,-0.026370,-0.002446,-0.018879,7.393,23.453
3.195313,1,25,1677.92,2.7438,0.13141,23.09,50.076,3.871,193.83,24.203,24.066,0.007510,-0.000636,-0.016154,7.241,23.453
3.199219,1,25,1671.72,2.8398,0.13228,23.16,50.108,3.717,186.25,24.205,24.067,0.037939,0.029897,0.014179,7.398,23.453
3.203125,1,25,1662.69,2.6540,0.12533,21.82,50.065,3.838,192.16,24.207,24.069,-0.030502,-0.001473,-0.010066,7.172,23.453
3.207031,1,25,1678.44,2.8350,0.12932,22.73,50.091,3.735,187.07,24.209,24.070,-0.029718,-0.011373,-0.003525,7.398,23.453
3.210938,1,25,1675.54,2.7743,0.13963,24.50,50.068,3.823,191.41,24.211,24.072,-0.018170,-0.019432,0.005892,7.153,23.453
3.214844,1,25,1677.47,2.8160,0.12307,21.62,50.081,3.848,192.73,24.213,24.074,-0.025765,0.001150,-0.016509,7.344,23.453
3.218750,1,25,1674.61,2.6543,0.14189,24.88,50.103,3.707,185.71,24.215,24.075,-0.027623,0.001905,-0.017367,7.204,23.453
3.222656,1,25,1677.41,2.8466,0.14824,26.04,50.062,3.803,190.38,24.217,24.077,0.032653,0.029915,0.018203,7.349,23.453
3.226563,1,25,1678.49,2.7248,0.13228,23.25,50.067,3.774,188.93,24.219,24.079,0.028979,0.002044,-0.011944,7.384,23.453
3.230469,1,25,1685.99,2.7755,0.14362,25.36,50.074,3.759,188.25,24.221,24.080,-0.028056,0.003028,-0.014413,7.376,23.453
3.234375,1,25,1681.50,2.8170,0.12684,22.34,50.091,3.668,183.73,24.223,24.082,-0.016447,-0.026348,0.010261,7.288,23.453
3.238281,1,25,1677.87,2.6999,0.13957,24.52,50.116,3.701,185.48,24.225,24.083,-0.010782,-0.030838,0.016023,7.261,23.453
3.242188,1,25,1680.50,2.7771,0.14066,24.75,50.071,3.842,192.38,24.227,24.085,-0.029321,0.000182,-0.016798,7.349,23.453
3.246094,1,25,1683.21,2.8139,0.12255,21.60,50.090,3.918,196.24,24.229,24.087,0.027633,0.032535,0.016060,7.251,23.453
3.250000,1,25,1687.91,2.7978,0.14033,24.80,50.120,3.676,184.25,24.231,24.088,-0.006093,-0.008149,-0.003640,7.362,23.454
3.253906,1,25,1681.77,2.8128,0.13692,24.11,50.101,3.864,193.59,24.233,24.090,0.032863,0.008858,-0.002330,7.342,23.454
3.257813,1,25,1684.19,2.7456,0.13916,24.54,50.088,3.755,188.09,24.235,24.091,-0.002681,-0.011572,-0.000052,7.419,23.454
3.261719,1,25,1679.97,2.7805,0.13218,23.25,50.083,3.762,188.42,24.237,24.093,0.014367,-0.004223,-0.018123,7.420,23.454
3.265625,1,25,1689.88,2.7807,0.13086,23.16,50.089,3.730,186.85,24.239,24.095,-0.000215,0.019566,0.004899,7.374,23.454
3.269531,1,25,1691.03,2.9155,0.14407,25.51,50.076,3.766,188.58,24.241,24.096,0.037899,0.022435,0.008118,7.339,23.454
3.273438,1,25,1690.87,2.7967,0.13893,24.60,50.103,3.789,189.85,24.243,24.098,0.028970,0.005787,-0.007259,7.284,23.454
3.277344,1,25,1690.85,2.8675,0.13633,24.14,50.090,3.870,193.85,24.245,24.099,0.007411,0.000470,-0.014112,7.434,23.454
3.281250,1,25,1689.30,2.8920,0.13210,23.37,50.072,3.722,186.38,24.247,24.101,0.006993,-0.000311,-0.011068,7.282,23.454
3.285156,1,25,1692.95,2.8793,0.14244,25.25,50.088,3.851,192.90,24.249,24.103,-0.023183,-0.017092,0.000722,7.281,23.454
3.289063,1,25,1692.81,2.7067,0.13357,23.68,50.111,3.854,193.12,24.251,24.104,-0.031514,0.001723,-0.017642,7.376,23.454
3.292969,1,25,1687.44,2.8144,0.13355,23.60,50.118,3.872,194.04,24.253,24.106,-0.012028,-0.030180,0.017404,7.443,23.454
3.296875,1,25,1693.90,2.8192,0.13257,23.52,50.074,3.823,191.43,24.255,24.107,0.027614,0.032745,0.017251,7.325,23.454
3.300781,1,25,1694.83,2.7371,0.14817,26.30,50.096,3.805,190.60,24.257,24.109,0.028679,0.003731,-0.008169,7.451,23.454
3.304688,1,25,1701.63,2.8395,0.14283,25.45,50.123,3.815,191.23,24.259,24.111,-0.028734,-0.007102,-0.004579,7.455,23.454
3.308594,1,25,1699.45,2.9153,0.14721,26.20,50.104,3.907,195.77,24.261,24.112,-0.025423,-0.009579,-0.002441,7.410,23.454
3.312500,1,25,1697.96,2.8603,0.13868,24.66,50.084,3.811,190.85,24.263,24.114,-0.027366,-0.008217,-0.006046,7.501,23.455
3.316406,1,25,1692.70,2.8265,0.13085,23.20,50.097,3.858,193.27,24.265,24.116,-0.009919,-0.033028,0.018421,7.405,23.455
3.320313,1,25,1694.21,2.8404,0.13378,23.74,50.100,3.645,182.59,24.267,24.117,-0.026619,-0.001515,-0.009468,7.503,23.455
3.324219,1,25,1694.06,2.8173,0.13181,23.38,50.077,3.718,186.19,24.269,24.119,-0.028502,0.000353,-0.016774,7.442,23.455
3.328125,1,25,1702.63,2.7958,0.13105,23.37,50.085,3.866,193.64,24.271,24.120,-0.000484,-0.012928,0.000337,7.410,23.455
3.332031,1,25,1697.66,2.8598,0.13901,24.71,50.061,3.785,189.46,24.273,24.122,0.021064,-0.001371,-0.012772,7.549,23.455
3.335938,1,25,1697.81,2.7761,0.13534,24.06,50.087,3.762,188.41,24.274,24.123,0.002738,-0.005090,-0.011993,7.375,23.455
3.339844,1,25,1698.97,2.8594,0.14114,25.11,50.074,3.904,195.47,24.276,24.125,-0.011291,-0.035462,0.017415,7.426,23.455
3.343750,1,25,1702.80,2.9059,0.13988,24.94,50.105,3.677,184.23,24.278,24.127,-0.024282,0.005232,-0.011517,7.396,23.455
3.347656,1,25,1696.89,2.8456,0.13797,24.52,50.081,3.760,188.31,24.280,24.128,-0.020419,-0.019186,0.006009,7.298,23.455
3.351563,1,25,1699.23,2.7652,0.13545,24.10,50.105,3.693,185.02,24.282,24.130,-0.017193,0.006336,-0.007161,7.417,23.455
3.355469,1,25,1702.65,2.9123,0.13752,24.52,50.077,3.710,185.76,24.284,24.131,0.033896,0.011539,-0.005766,7.348,23.455
3.359375,1,25,1700.95,2.8093,0.14098,25.11,50.097,3.795,190.13,24.286,24.133,0.030955,0.007676,-0.008064,7.288,23.455
3.363281,1,25,1702.91,2.8164,0.14815,26.42,50.078,3.821,191.33,24.288,24.134,-0.007375,-0.012690,0.002609,7.423,23.455
3.367188,1,25,1701.84,2.7990,0.14501,25.84,50.081,3.814,191.02,24.290,24.136,-0.005913,-0.022777,0.013032,7.346,23.455
3.371094,1,25,1707.86,2.8931,0.14306,25.59,50.095,3.834,192.05,24.292,24.138,-0.005942,0.012648,0.003987,7.398,23.455
3.375000,1,25,1716.18,2.8678,0.13939,25.05,50.110,3.702,185.49,24.294,24.139,-0.009583,-0.031640,0.012430,7.503,23.456
3.378906,1,25,1707.03,2.9444,0.14626,26.15,50.054,3.949,197.67,24.296,24.141,0.035381,0.029132,0.011638,7.461,23.456
3.382813,1,25,1710.50,2.9319,0.13511,24.20,50.072,3.790,189.76,24.298,24.142,-0.004182,-0.007456,-0.001195,7.457,23.456
3.386719,1,25,1712.52,2.8214,0.14071,25.23,50.087,3.848,192.75,24.300,24.144,-0.018851,-0.020783,0.007388,7.418,23.456
3.390625,1,25,1706.93,2.9044,0.13783,24.64,50.085,3.894,195.03,24.302,24.146,-0.005801,-0.011436,0.001300,7.431,23.456
3.394531,1,25,1717.58,2.9201,0.14167,25.48,50.061,3.907,195.57,24.304,24.147,0.039445,0.017719,0.004563,7.554,23.456
3.398438,1,25,1705.61,2.8735,0.13646,24.37,50.091,3.678,184.21,24.306,24.149,-0.015864,-0.030547,0.017425,7.547,23.456
3.402344,1,25,1705.50,2.8282,0.14173,25.31,50.078,3.825,191.53,24.308,24.150,-0.026267,-0.010233,-0.000014,7.380,23.456
3.406250,1,25,1705.57,2.8127,0.13792,24.63,50.107,3.833,192.04,24.310,24.152,-0.032967,0.002875,-0.017288,7.453,23.456
3.410156,1,25,1705.15,2.8843,0.13487,24.08,50.065,3.941,197.30,24.312,24.154,-0.020813,0.002435,-0.008086,7.392,23.456
3.414063,1,25,1715.92,2.9486,0.14052,25.25,50.100,3.846,192.66,24.314,24.155,-0.016967,-0.027980,0.013454,7.479,23.456
3.417969,1,25,1715.16,2.8912,0.13059,23.46,50.073,3.840,192.28,24.316,24.157,-0.023113,-0.008898,-0.001328,7.377,23.456
3.421875,1,25,1711.11,2.8111,0.13422,24.05,50.064,3.806,190.56,24.317,24.158,-0.014556,-0.036482,0.015851,7.463,23.456
3.425781,1,25,1711.20,2.9574,0.14783,26.49,50.102,3.740,187.36,24.319,24.160,-0.023902,-0.010914,0.000458,7.495,23.456
3.429688,1,25,1720.22,2.9785,0.14818,26.69,50.083,3.874,194.01,24.321,24.161,0.014571,0.000413,-0.018777,7.524,23.456
3.433594,1,25,1713.72,2.8845,0.13798,24.76,50.092,3.861,193.38,24.323,24.163,0.027929,0.032952,0.017124,7.279,23.456
3.437500,1,25,1715.33,2.8730,0.14065,25.26,50.079,3.773,188.93,24.325,24.165,0.027604,-0.003012,-0.013813,7.534,23.457
3.441406,1,25,1711.52,2.9169,0.13538,24.26,50.099,3.786,189.68,24.327,24.166,0.038243,0.020223,0.006507,7.308,23.457
3.445313,1,25,1716.29,2.9712,0.13924,25.02,50.082,3.784,189.50,24.329,24.168,-0.010876,-0.032010,0.016081,7.509,23.457
3.449219,1,25,1716.33,2.8340,0.13588,24.42,50.073,3.967,198.64,24.331,24.169,-0.018007,-0.022308,0.009805,7.478,23.457
3.453125,1,25,1721.18,2.7884,0.14533,26.19,50.060,3.952,197.82,24.333,24.171,0.024768,0.031957,0.017852,7.593,23.457
3.457031,1,25,1722.07,2.9109,0.14554,26.25,50.114,3.873,194.08,24.335,24.173,0.035094,0.009002,-0.001973,7.542,23.457
3.460938,1,25,1717.09,2.9756,0.13360,24.02,50.077,3.759,188.22,24.337,24.174,0.022375,0.030262,0.015447,7.378,23.457
3.464844,1,25,1714.56,2.8938,0.13752,24.69,50.100,3.859,193.32,24.339,24.176,0.011232,0.024725,0.013026,7.490,23.457
3.468750,1,25,1721.40,2.9496,0.13985,25.21,50.084,3.959,198.26,24.341,24.177,-0.006297,-0.026396,0.014401,7.523,23.457
3.472656,1,25,1716.67,2.9540,0.14215,25.55,50.099,3.940,197.38,24.343,24.179,0.009530,-0.002562,-0.015048,7.493,23.457
3.476563,1,25,1721.63,2.9249,0.14468,26.08,50.061,3.906,195.53,24.345,24.181,-0.030953,-0.003101,-0.012094,7.544,23.457
3.480469,1,25,1716.50,2.8722,0.13092,23.53,50.064,3.766,188.54,24.347,24.182,-0.011863,-0.030999,0.016065,7.532,23.457
3.484375,1,25,1729.75,2.9665,0.14083,25.51,50.104,3.798,190.32,24.349,24.184,-0.005134,-0.009589,-0.001795,7.553,23.457
3.488281,1,25,1725.96,2.8381,0.14476,26.16,50.083,3.767,188.64,24.351,24.185,0.009856,-0.000417,-0.017956,7.482,23.457
3.492188,1,25,1726.92,2.8777,0.14746,26.67,50.097,3.864,193.55,24.353,24.187,-0.009887,-0.022564,0.013317,7.495,23.457
3.496094,1,25,1725.81,2.8619,0.13979,25.26,50.085,3.823,191.48,24.355,24.188,-0.010068,-0.033665,0.019178,7.418,23.457
3.500000,1,25,1724.62,2.8712,0.13652,24.66,50.067,3.890,194.78,24.357,24.190,-0.010686,-0.032839,0.016767,7.459,23.458
3.503906,1,25,1721.20,2.9560,0.14771,26.62,50.064,3.870,193.73,24.359,24.191,-0.007063,-0.022319,0.010533,7.493,23.458
3.507813,1,25,1719.50,2.8548,0.13322,23.99,50.108,3.834,192.11,24.360,24.193,-0.006512,-0.030716,0.013554,7.586,23.458
3.511719,1,25,1725.49,2.9518,0.13922,25.16,50.064,3.857,193.07,24.362,24.195,0.002060,0.020669,0.005634,7.458,23.458
3.515625,1,25,1727.96,2.9124,0.14128,25.56,50.055,3.895,194.96,24.364,24.196,0.031481,0.001799,-0.008701,7.518,23.458
3.519531,1,25,1723.22,2.9303,0.13641,24.62,50.059,3.950,197.76,24.366,24.198,0.031826,0.036596,0.016658,7.564,23.458
3.523438,1,25,1725.00,2.9177,0.13699,24.75,50.084,3.888,194.74,24.368,24.199,0.019714,-0.001659,-0.013771,7.422,23.458
3.527344,1,25,1729.65,2.8919,0.13935,25.24,50.123,3.780,189.45,24.370,24.201,-0.023395,-0.014694,0.003583,7.559,23.458
3.531250,1,25,1733.09,3.0479,0.15398,27.95,50.068,3.893,194.91,24.372,24.203,0.006568,0.021146,0.010386,7.696,23.458
3.535156,1,25,1722.02,2.8956,0.14887,26.85,50.086,3.747,187.69,24.374,24.204,-0.005413,-0.013012,0.001938,7.400,23.458
3.539063,1,25,1732.84,2.9683,0.13743,24.94,50.074,3.904,195.48,24.376,24.206,0.034226,0.008537,-0.000156,7.525,23.458
3.542969,1,25,1727.20,3.0081,0.14095,25.49,50.076,3.893,194.92,24.378,24.207,0.003818,0.018026,0.007011,7.403,23.458
3.546875,1,25,1722.19,2.9620,0.13818,24.92,50.093,3.751,187.90,24.380,24.209,-0.031456,0.002491,-0.017065,7.528,23.458
3.550781,1,25,1729.30,2.8960,0.14812,26.82,50.069,3.779,189.19,24.382,24.210,0.009545,-0.000766,-0.019364,7.477,23.458
3.554688,1,25,1727.27,2.9937,0.13275,24.01,50.091,3.842,192.46,24.384,24.212,0.015226,-0.003173,-0.020620,7.495,23.458
3.558594,1,25,1724.44,3.0021,0.14136,25.53,50.086,3.939,197.31,24.386,24.213,0.021434,0.002953,-0.012914,7.567,23.458
3.562500,1,25,1736.11,3.0385,0.14996,27.26,50.061,3.903,195.38,24.388,24.215,0.029186,0.031007,0.019399,7.616,23.459
3.566406,1,25,1728.53,2.9865,0.13682,24.77,50.079,3.936,197.12,24.390,24.217,-0.030124,-0.002415,-0.010296,7.603,23.459
3.570313,1,25,1734.57,2.9483,0.14400,26.16,50.080,3.968,198.73,24.392,24.218,0.039676,0.010080,-0.004131,7.489,23.459
3.574219,1,25,1725.12,2.8917,0.15587,28.16,50.078,3.867,193.63,24.394,24.220,-0.029741,-0.001472,-0.016048,7.591,23.459
3.578125,1,25,1732.94,2.9211,0.13349,24.23,50.095,3.912,195.95,24.396,24.221,0.009385,-0.000322,-0.017981,7.479,23.459
3.582031,1,25,1736.54,2.9908,0.14814,26.94,50.084,3.841,192.36,24.398,24.223,-0.023553,-0.020136,0.007350,7.406,23.459
3.585938,1,25,1734.04,3.0225,0.14080,25.57,50.120,3.718,186.35,24.399,24.224,-0.014912,-0.027905,0.013963,7.603,23.459
3.589844,1,25,1735.98,2.9955,0.13612,24.75,50.110,3.750,187.90,24.401,24.226,-0.028383,0.000301,-0.016332,7.614,23.459
3.593750,1,25,1729.33,2.9866,0.14231,25.77,50.081,3.845,192.54,24.403,24.227,-0.014404,-0.033394,0.018500,7.547,23.459
3.597656,1,25,1735.24,3.0052,0.14352,26.08,50.084,3.829,191.76,24.405,24.229,0.021668,0.033771,0.015755,7.591,23.459
3.601563,1,25,1732.37,2.9691,0.14842,26.92,50.075,3.982,199.41,24.407,24.231,0.004549,0.016522,0.006277,7.518,23.459
3.605469,1,25,1732.99,2.9404,0.13942,25.30,50.075,3.984,199.48,24.409,24.232,0.039425,0.027395,0.013720,7.412,23.459
3.609375,1,25,1738.36,3.0209,0.14605,26.59,50.075,3.828,191.69,24.411,24.234,-0.007055,-0.036095,0.017984,7.523,23.459
3.613281,1,25,1735.02,2.9626,0.13667,24.83,50.101,3.743,187.51,24.413,24.235,-0.006400,-0.016323,0.008181,7.685,23.459
3.617188,1,25,1736.80,3.0138,0.14497,26.37,50.056,3.905,195.45,24.415,24.237,-0.026639,-0.014257,-0.000332,7.614,23.459
3.621094,1,25,1741.23,2.9295,0.14775,26.94,50.096,3.992,200.00,24.417,24.238,0.031903,0.033246,0.019954,7.745,23.459
3.625000,1,25,1732.96,2.9807,0.14212,25.79,50.051,3.869,193.63,24.419,24.240,-0.021950,-0.013324,0.003462,7.625,23.460
3.628906,1,25,1739.98,2.9606,0.14985,27.31,50.053,3.966,198.49,24.421,24.242,0.032372,0.001502,-0.007063,7.669,23.460
3.632813,1,25,1741.59,3.0391,0.14786,26.97,50.100,3.899,195.36,24.423,24.243,-0.003986,-0.010791,-0.002680,7.465,23.460
3.636719,1,25,1743.72,3.0013,0.14923,27.25,50.061,3.898,195.11,24.425,24.245,-0.023719,-0.015834,0.003806,7.655,23.460
3.640625,1,25,1734.97,2.9811,0.13596,24.70,50.054,3.916,196.03,24.427,24.246,0.026197,0.000150,-0.014562,7.599,23.460
3.644531,1,25,1744.64,3.0461,0.14906,27.23,50.096,3.872,193.98,24.428,24.248,-0.000112,0.018430,0.004577,7.603,23.460
3.648438,1,25,1734.66,2.9932,0.13175,23.93,50.101,3.861,193.44,24.430,24.249,-0.006422,-0.016280,0.006333,7.618,23.460
3.652344,1,25,1741.32,2.9980,0.14249,25.98,50.084,3.894,195.04,24.432,24.251,0.007994,0.021529,0.007546,7.649,23.460
3.656250,1,25,1731.12,3.0137,0.12827,23.25,50.062,3.846,192.53,24.434,24.252,-0.008773,-0.021287,0.007476,7.566,23.460
3.660156,1,25,1740.50,2.9554,0.13950,25.43,50.066,3.897,195.10,24.436,24.254,0.035714,0.019797,0.007638,7.410,23.460
3.664063,1,25,1737.88,3.0088,0.14036,25.54,50.125,3.755,188.24,24.438,24.255,0.037537,0.030775,0.013549,7.634,23.460
3.667969,1,25,1742.43,3.0298,0.15007,27.38,50.072,3.880,194.27,24.440,24.257,-0.010050,-0.028250,0.011827,7.573,23.460
3.671875,1,25,1737.95,2.9917,0.14761,26.87,50.065,3.950,197.76,24.442,24.259,0.008383,-0.000176,-0.016700,7.582,23.460
3.675781,1,25,1729.95,2.9345,0.14192,25.71,50.069,3.954,198.00,24.444,24.260,0.000532,0.016830,0.009551,7.514,23.460
3.679688,1,25,1738.37,2.9407,0.14296,26.02,50.093,4.030,201.88,24.446,24.262,-0.015153,-0.035977,0.017125,7.604,23.460
3.683594,1,25,1742.16,3.0035,0.14185,25.88,50.091,3.924,196.55,24.448,24.263,-0.005322,0.012344,-0.000822,7.528,23.460
3.687500,1,25,1743.28,2.9832,0.14757,26.94,50.073,3.882,194.40,24.450,24.265,0.038449,0.027903,0.011086,7.596,23.460
3.691406,1,25,1738.69,2.9606,0.13329,24.27,50.062,3.866,193.54,24.452,24.266,-0.001387,0.016664,0.003811,7.501,23.461
3.695313,1,25,1739.20,2.9975,0.15039,27.39,50.075,3.855,193.06,24.454,24.268,0.035609,0.031737,0.015961,7.538,23.461
3.699219,1,25,1745.33,3.0161,0.14499,26.50,50.085,3.889,194.78,24.456,24.269,-0.012005,-0.029433,0.016131,7.519,23.461
3.703125,1,25,1739.77,3.0097,0.14881,27.11,50.093,3.798,190.24,24.457,24.271,0.002002,-0.001784,-0.015371,7.492,23.461
3.707031,1,25,1738.95,3.0889,0.14938,27.20,50.067,3.961,198.33,24.459,24.272,-0.003339,-0.009211,-0.003700,7.554,23.461
3.710938,1,25,1749.41,3.0347,0.13553,24.83,50.076,3.859,193.24,24.461,24.274,0.039807,0.010930,-0.000195,7.523,23.461
3.714844,1,25,1740.93,2.8691,0.15462,28.19,50.091,3.792,189.95,24.463,24.275,-0.032973,-0.000858,-0.019045,7.549,23.461
3.718750,1,25,1749.47,2.9944,0.14149,25.92,50.079,3.927,196.67,24.465,24.277,-0.004076,-0.006672,-0.003394,7.520,23.461
3.722656,1,25,1745.84,2.9352,0.14708,26.89,50.078,3.984,199.51,24.467,24.279,0.014591,0.000263,-0.016086,7.689,23.461
3.726563,1,25,1750.38,2.9515,0.14721,26.98,50.069,4.034,201.99,24.469,24.280,-0.028830,-0.008774,-0.002081,7.762,23.461
3.730469,1,25,1747.71,3.0478,0.15303,28.01,50.097,3.908,195.79,24.471,24.282,-0.018578,-0.021020,0.009921,7.634,23.461
3.734375,1,25,1742.74,2.9674,0.14644,26.72,50.038,3.982,199.24,24.473,24.283,-0.006446,-0.014277,0.001727,7.677,23.461
3.738281,1,25,1741.55,3.0424,0.14806,27.00,50.095,3.916,196.18,24.475,24.285,-0.007009,-0.023604,0.011034,7.566,23.461
3.742188,1,25,1752.65,3.0499,0.14325,26.29,50.097,3.924,196.58,24.477,24.286,0.017901,-0.001800,-0.017668,7.587,23.461
3.746094,1,25,1746.50,3.0291,0.14043,25.68,50.051,3.899,195.13,24.479,24.288,0.020933,0.029985,0.014086,7.589,23.461
3.750000,1,25,1745.97,3.0384,0.14383,26.30,50.079,3.882,194.39,24.481,24.289,0.040430,0.033917,0.015705,7.693,23.461
3.753906,1,25,1748.42,2.9841,0.14439,26.44,50.083,4.005,200.60,24.483,24.291,0.002034,-0.001915,-0.012000,7.638,23.462
3.757813,1,25,1743.87,2.9647,0.14353,26.21,50.068,3.947,197.63,24.485,24.293,0.036204,0.009770,-0.002503,7.578,23.462
3.761719,1,25,1742.76,3.0247,0.14433,26.34,50.056,3.895,194.98,24.486,24.294,0.027404,0.000868,-0.013972,7.628,23.462
3.765625,1,25,1750.80,3.0949,0.14866,27.26,50.090,3.822,191.43,24.488,24.296,-0.024761,0.001210,-0.014103,7.604,23.462
3.769531,1,25,1747.06,2.9175,0.13956,25.53,50.090,3.907,195.71,24.490,24.297,-0.032604,0.000673,-0.010627,7.624,23.462
3.773438,1,25,1744.18,2.9989,0.14860,27.14,50.072,3.742,187.38,24.492,24.299,-0.025671,-0.013202,0.002898,7.425,23.462
3.777344,1,25,1746.73,3.0371,0.13519,24.73,50.080,3.935,197.08,24.494,24.300,-0.004905,0.016484,0.001290,7.590,23.462
3.781250,1,25,1740.95,3.0379,0.13627,24.84,50.073,3.905,195.55,24.496,24.302,-0.026983,-0.007610,-0.004693,7.503,23.462
3.785156,1,25,1749.84,3.0023,0.14159,25.95,50.071,3.872,193.88,24.498,24.303,0.000308,-0.003486,-0.011999,7.499,23.462
3.789063,1,25,1755.05,3.0388,0.13790,25.34,50.088,3.922,196.44,24.500,24.305,-0.029437,0.000641,-0.016912,7.775,23.462
3.792969,1,25,1749.29,3.0023,0.14409,26.39,50.116,3.865,193.68,24.502,24.306,-0.012909,-0.035602,0.018569,7.615,23.462
3.796875,1,25,1750.52,3.0379,0.14033,25.72,50.085,4.003,200.48,24.504,24.308,-0.034411,0.000929,-0.014249,7.739,23.462
3.800781,1,25,1747.03,3.0606,0.14412,26.37,50.089,3.899,195.28,24.505,24.309,-0.020996,-0.017074,0.007644,7.728,23.462
3.804688,1,25,1754.03,3.0660,0.14240,26.16,50.048,3.986,199.49,24.507,24.311,0.036240,0.005808,-0.007848,7.650,23.462
3.808594,1,25,1742.72,2.9732,0.13544,24.72,50.092,3.931,196.90,24.509,24.312,-0.017319,-0.029748,0.013774,7.556,23.462
3.812500,1,25,1751.85,3.0732,0.13495,24.76,50.091,3.731,186.91,24.511,24.314,0.016002,-0.001174,-0.017013,7.686,23.462
3.816406,1,25,1748.74,3.0147,0.14214,26.03,50.085,3.874,194.02,24.513,24.315,0.035874,0.008397,-0.007164,7.605,23.463
3.820313,1,25,1749.47,3.0978,0.14429,26.43,50.081,3.982,199.41,24.515,24.317,0.000987,-0.003654,-0.013706,7.586,23.463
3.824219,1,25,1744.35,2.9239,0.14818,27.07,50.095,3.899,195.32,24.517,24.318,0.038301,0.018356,0.005482,7.636,23.463
3.828125,1,25,1760.79,3.0140,0.15373,28.35,50.054,3.963,198.35,24.519,24.320,0.011093,-0.000672,-0.017007,7.641,23.463
3.832031,1,25,1742.50,3.1044,0.14152,25.82,50.070,3.910,195.80,24.521,24.321,0.022755,0.000150,-0.016299,7.521,23.463
3.835938,1,25,1754.08,3.0281,0.14725,27.05,50.068,3.875,194.02,24.523,24.323,0.035165,0.028395,0.012664,7.812,23.463
3.839844,1,25,1750.09,3.0831,0.14657,26.86,50.100,3.889,194.83,24.524,24.324,0.004859,0.023622,0.010810,7.764,23.463
3.843750,1,25,1750.30,3.0622,0.15496,28.40,50.089,3.788,189.75,24.526,24.326,0.038047,0.031258,0.013847,7.647,23.463
3.847656,1,25,1757.73,3.0820,0.13917,25.62,50.061,3.983,199.41,24.528,24.327,-0.030429,-0.008519,-0.005095,7.689,23.463
3.851563,1,25,1751.55,3.0389,0.14636,26.85,50.067,4.035,202.04,24.530,24.329,-0.000441,-0.010576,-0.004656,7.455,23.463
3.855469,1,25,1746.93,2.9574,0.14965,27.38,50.083,3.915,196.09,24.532,24.330,0.027707,0.004299,-0.011492,7.661,23.463
3.859375,1,25,1753.36,3.0205,0.15220,27.95,50.049,3.994,199.89,24.534,24.332,-0.036197,-0.000261,-0.017183,7.546,23.463
3.863281,1,25,1747.04,3.0345,0.14163,25.91,50.095,3.826,191.65,24.536,24.333,-0.005923,-0.020472,0.010310,7.635,23.463
3.867188,1,25,1754.43,2.9840,0.14028,25.77,50.095,3.942,197.47,24.538,24.335,0.030457,0.033570,0.018164,7.680,23.463
3.871094,1,25,1745.77,2.9870,0.14214,25.99,50.094,3.961,198.43,24.540,24.336,-0.016263,-0.028645,0.015444,7.511,23.463
3.875000,1,25,1754.67,3.1177,0.13669,25.12,50.062,3.891,194.81,24.542,24.338,0.012531,-0.001016,-0.021138,7.492,23.463
3.878906,1,25,1756.17,3.0727,0.15543,28.59,50.082,3.814,190.99,24.543,24.339,-0.007945,-0.030031,0.015869,7.540,23.464
3.882813,1,25,1754.81,2.9557,0.15799,29.03,50.076,3.875,194.07,24.545,24.341,-0.015038,-0.033746,0.017445,7.706,23.464
3.886719,1,25,1746.32,3.0327,0.14584,26.67,50.074,3.826,191.57,24.547,24.342,0.034082,0.032803,0.014851,7.632,23.464
3.890625,1,25,1757.22,2.9762,0.13783,25.36,50.069,3.979,199.23,24.549,24.344,-0.009055,0.008461,-0.001257,7.701,23.464
3.894531,1,25,1754.67,3.0966,0.15909,29.23,50.073,3.950,197.80,24.551,24.345,-0.025416,0.001328,-0.013700,7.592,23.464
3.898438,1,25,1748.13,3.0207,0.15365,28.13,50.043,4.025,201.43,24.553,24.347,-0.012038,-0.033652,0.018749,7.590,23.464
3.902344,1,25,1758.37,3.0175,0.16082,29.61,50.068,4.026,201.56,24.555,24.349,0.009600,-0.000332,-0.016399,7.702,23.464
3.906250,1,25,1754.13,3.0524,0.14986,27.53,50.076,3.986,199.59,24.557,24.350,0.037973,0.011839,0.001106,7.653,23.464
3.910156,1,25,1750.05,2.9865,0.14353,26.30,50.062,3.969,198.71,24.559,24.352,0.022215,0.032107,0.016450,7.586,23.464
3.914063,1,25,1756.95,3.0300,0.14960,27.52,50.110,3.887,194.79,24.561,24.353,-0.013166,-0.032596,0.014686,7.649,23.464
3.917969,1,25,1749.89,3.0624,0.14557,26.67,50.082,3.988,199.73,24.562,24.355,0.028083,0.000260,-0.012732,7.517,23.464
3.921875,1,25,1751.91,2.9679,0.15346,28.15,50.080,3.816,191.09,24.564,24.356,-0.008849,-0.023699,0.012108,7.594,23.464
3.925781,1,25,1758.84,3.0582,0.15299,28.18,50.053,4.002,200.31,24.566,24.358,0.029778,0.033442,0.017649,7.614,23.464
3.929688,1,25,1758.11,3.0999,0.14260,26.25,50.079,4.006,200.60,24.568,24.359,0.035641,0.023073,0.009264,7.665,23.464
3.933594,1,25,1751.73,3.0607,0.14320,26.27,50.087,3.979,199.29,24.570,24.361,-0.032087,0.001893,-0.015689,7.700,23.464
3.937500,1,25,1754.69,3.1530,0.14857,27.30,50.087,3.980,199.36,24.572,24.362,0.038006,0.026027,0.008542,7.730,23.464
3.941406,1,25,1750.36,3.0587,0.14270,26.16,50.075,3.859,193.23,24.574,24.364,0.003188,0.018312,0.006476,7.715,23.465
3.945313,1,25,1753.40,2.9935,0.15217,27.94,50.094,3.821,191.39,24.576,24.365,0.020129,0.000556,-0.017360,7.650,23.465
3.949219,1,25,1759.63,3.0999,0.15324,28.24,50.069,3.894,194.95,24.578,24.367,-0.033008,0.001090,-0.018856,7.765,23.465
3.953125,1,25,1756.03,3.0178,0.15205,27.96,50.080,3.883,194.47,24.579,24.368,-0.024213,-0.010406,0.000879,7.650,23.465
3.957031,1,25,1764.03,3.0609,0.15245,28.16,50.069,3.910,195.75,24.581,24.369,0.012246,-0.001214,-0.016885,7.797,23.465
3.960938,1,25,1751.78,3.0053,0.14587,26.76,50.062,4.068,203.65,24.583,24.371,-0.018795,-0.026067,0.014361,7.550,23.465
3.964844,1,25,1753.43,3.1074,0.14499,26.62,50.076,3.872,193.89,24.585,24.372,-0.027884,0.002043,-0.014535,7.646,23.465
3.968750,1,25,1751.54,3.0130,0.15078,27.66,50.078,3.832,191.92,24.587,24.374,-0.028137,-0.000305,-0.018349,7.704,23.465
3.972656,1,25,1757.53,2.9835,0.14312,26.34,50.072,3.960,198.29,24.589,24.375,0.005853,-0.002656,-0.019436,7.533,23.465
3.976563,1,25,1748.89,3.0123,0.14907,27.30,50.071,3.994,199.97,24.591,24.377,-0.020685,0.003996,-0.009086,7.568,23.465
3.980469,1,25,1757.31,3.1404,0.15247,28.06,50.054,4.004,200.41,24.593,24.378,-0.009648,-0.031942,0.017113,7.683,23.465
3.984375,1,25,1748.78,2.9661,0.14223,26.05,50.081,3.899,195.28,24.594,24.380,0.036946,0.031161,0.012827,7.738,23.465
3.988281,1,25,1761.72,3.0507,0.15641,28.86,50.085,3.873,193.99,24.596,24.381,0.033050,0.035238,0.018574,7.746,23.465
3.992188,1,25,1767.12,3.1206,0.15101,27.94,50.074,3.894,194.97,24.598,24.383,-0.014020,-0.036047,0.016761,7.710,23.465
3.996094,1,25,1756.69,2.9902,0.15221,28.00,50.102,3.788,189.81,24.600,24.384,0.008170,0.024877,0.008650,7.767,23.465
4.000000,1,25,1760.80,3.0312,0.14980,27.62,50.077,4.047,202.67,24.602,24.386,0.001875,-0.003805,-0.013239,7.696,23.465
4.003906,1,25,1757.95,3.0675,0.15164,27.92,50.083,3.918,196.22,24.604,24.387,0.014900,-0.000145,-0.015877,7.664,23.466
4.007813,1,25,1758.27,3.0671,0.15171,27.93,50.083,3.967,198.68,24.606,24.389,-0.003524,-0.010070,-0.000696,7.639,23.466
4.011719,1,25,1761.17,3.0953,0.14654,27.03,50.075,3.956,198.12,24.608,24.390,-0.031634,-0.004373,-0.010100,7.722,23.466
4.015625,1,25,1754.53,2.9663,0.14752,27.10,50.068,4.002,200.36,24.609,24.392,-0.002390,-0.008762,-0.005238,7.611,23.466
4.019531,1,25,1757.67,3.1217,0.14003,25.77,50.080,3.949,197.78,24.611,24.393,-0.032521,-0.003392,-0.012895,7.512,23.466
4.023438,1,25,1767.06,3.0999,0.14364,26.58,50.086,3.901,195.36,24.613,24.395,-0.006466,-0.020280,0.010005,7.696,23.466
4.027344,1,25,1764.88,3.0948,0.14418,26.65,50.049,4.018,201.09,24.615,24.396,-0.003846,-0.015835,0.001918,7.650,23.466
4.031250,1,25,1750.29,3.0390,0.14630,26.82,50.054,4.031,201.77,24.617,24.398,-0.014068,-0.032631,0.015774,7.610,23.466
4.035156,1,25,1760.90,3.1351,0.14524,26.78,50.108,3.901,195.47,24.619,24.399,-0.002352,-0.005060,-0.006235,7.640,23.466
4.039063,1,25,1758.77,3.1241,0.15006,27.64,50.087,3.881,194.41,24.621,24.401,0.001464,-0.005089,-0.010462,7.784,23.466
4.042969,1,25,1761.25,3.0146,0.14843,27.38,50.066,4.076,204.06,24.623,24.402,-0.024269,-0.019929,0.007272,7.620,23.466
4.046875,1,25,1760.80,3.0503,0.14748,27.19,50.085,3.883,194.47,24.625,24.404,-0.030117,-0.002504,-0.012241,7.672,23.466
4.050781,1,25,1757.12,2.9652,0.14759,27.16,50.079,3.930,196.82,24.626,24.405,-0.018070,-0.031115,0.013747,7.755,23.466
4.054688,1,25,1762.63,3.1122,0.15413,28.45,50.115,3.891,194.97,24.628,24.406,0.038095,0.034180,0.016441,7.660,23.466
4.058594,1,25,1765.30,3.1225,0.14642,27.07,50.052,3.911,195.73,24.630,24.408,-0.002216,-0.003199,-0.010670,7.546,23.466
4.062500,1,25,1765.58,3.0794,0.15425,28.52,50.056,4.056,203.01,24.632,24.409,-0.009978,-0.032585,0.017375,7.629,23.466
4.066406,1,25,1764.78,3.0790,0.14670,27.11,50.074,3.908,195.71,24.634,24.411,-0.015468,-0.034218,0.017423,7.588,23.466
4.070313,1,25,1757.62,3.0615,0.14701,27.06,50.089,3.932,196.94,24.636,24.412,0.031650,0.005313,-0.004836,7.610,23.467
4.074219,1,25,1765.61,3.0320,0.14117,26.10,50.066,4.103,205.44,24.638,24.414,-0.021437,0.003042,-0.011825,7.650,23.467
4.078125,1,25,1759.33,3.0719,0.15738,28.99,50.065,3.831,191.81,24.639,24.415,-0.013048,-0.032770,0.016576,7.683,23.467
4.082031,1,25,1760.45,3.1478,0.14892,27.45,50.061,4.000,200.24,24.641,24.417,-0.031914,-0.001452,-0.012620,7.601,23.467
4.085938,1,25,1761.67,3.0402,0.14656,27.04,50.089,4.003,200.49,24.643,24.418,-0.003857,0.015393,0.003927,7.650,23.467
4.089844,1,25,1756.76,3.0975,0.14753,27.14,50.093,3.901,195.40,24.645,24.420,-0.029508,-0.001877,-0.010751,7.630,23.467
4.093750,1,25,1755.30,2.9986,0.15190,27.92,50.102,3.908,195.81,24.647,24.421,-0.028726,-0.002183,-0.011544,7.676,23.467
4.097656,1,25,1761.99,2.9671,0.14209,26.22,50.078,3.902,195.39,24.649,24.423,0.015794,0.000714,-0.016422,7.809,23.467
4.101563,1,25,1758.33,2.9860,0.15456,28.46,50.064,3.759,188.20,24.650,24.424,0.035524,0.016791,0.000370,7.629,23.467
4.105469,1,25,1765.38,3.0754,0.14779,27.32,50.082,3.873,193.99,24.652,24.425,-0.030674,-0.001149,-0.015523,7.767,23.467
4.109375,1,25,1763.97,3.0812,0.15190,28.06,50.081,3.911,195.85,24.654,24.427,-0.033522,0.003586,-0.019086,7.659,23.467
4.113281,1,25,1759.88,2.9889,0.14589,26.89,50.082,3.898,195.22,24.656,24.428,-0.019236,-0.024238,0.014001,7.587,23.467
4.117188,1,25,1755.65,3.0332,0.16040,29.49,50.077,3.919,196.26,24.658,24.430,-0.009007,-0.018294,0.006688,7.768,23.467
4.121094,1,25,1766.78,3.0700,0.14900,27.57,50.057,4.055,202.96,24.660,24.431,0.006382,-0.003365,-0.014304,7.556,23.467
4.125000,1,25,1758.93,3.0616,0.13996,25.78,50.094,3.875,194.11,24.661,24.433,-0.014809,0.003926,-0.007059,7.693,23.467
4.128906,1,25,1766.38,2.9824,0.15066,27.87,50.076,3.950,197.79,24.663,24.434,-0.009179,-0.031791,0.019485,7.668,23.467
4.132813,1,25,1757.14,3.0187,0.15621,28.74,50.071,3.955,198.05,24.665,24.436,0.017124,0.028982,0.016779,7.517,23.468
4.136719,1,25,1766.00,3.1677,0.14634,27.06,50.093,3.922,196.48,24.667,24.437,-0.031189,-0.004852,-0.011891,7.585,23.468
4.140625,1,25,1758.34,3.0565,0.14543,26.78,50.072,3.913,195.93,24.669,24.438,0.012976,-0.001435,-0.017266,7.605,23.468
4.144531,1,25,1760.81,3.0555,0.15251,28.12,50.059,3.981,199.29,24.671,24.440,-0.018196,-0.028724,0.014716,7.693,23.468
4.148438,1,25,1767.37,3.1118,0.14535,26.90,50.088,3.992,199.94,24.673,24.441,0.039521,0.014759,-0.002382,7.672,23.468
4.152344,1,25,1763.69,2.9472,0.14193,26.21,50.088,3.925,196.60,24.674,24.443,0.024814,0.035288,0.013615,7.608,23.468
4.156250,1,25,1773.16,3.0524,0.14471,26.87,50.070,3.910,195.79,24.676,24.444,-0.030168,0.001388,-0.019902,7.701,23.468
4.160156,1,25,1759.37,3.0686,0.15659,28.85,50.076,3.933,196.96,24.678,24.446,0.005686,0.020478,0.010599,7.528,23.468
4.164063,1,25,1763.33,3.0816,0.15304,28.26,50.077,3.994,200.03,24.680,24.447,0.004951,-0.000657,-0.012736,7.734,23.468
4.167969,1,25,1763.88,3.0799,0.14869,27.46,50.085,3.868,193.71,24.682,24.449,-0.007216,-0.029000,0.017959,7.667,23.468
4.171875,1,25,1758.28,3.0729,0.15480,28.50,50.073,3.986,199.60,24.684,24.450,0.028420,0.001356,-0.010659,7.563,23.468
4.175781,1,25,1761.71,3.0363,0.14446,26.65,50.067,4.037,202.12,24.685,24.451,-0.015901,-0.031369,0.016689,7.593,23.468
4.179688,1,25,1757.72,3.0918,0.14911,27.45,50.043,3.977,199.03,24.687,24.453,-0.002865,-0.006139,-0.001081,7.570,23.468
4.183594,1,25,1762.02,3.0899,0.13524,24.95,50.079,3.859,193.27,24.689,24.454,-0.029216,0.003954,-0.017768,7.614,23.468
4.187500,1,25,1757.89,3.0698,0.15051,27.71,50.068,3.967,198.61,24.691,24.456,-0.023125,-0.020488,0.005009,7.614,23.468
4.191406,1,25,1766.64,3.1040,0.14091,26.07,50.088,3.995,200.10,24.693,24.457,0.002975,-0.007911,-0.009542,7.700,23.468
4.195313,1,25,1762.72,3.0947,0.14460,26.69,50.072,3.975,199.04,24.695,24.459,0.031413,0.002507,-0.013239,7.698,23.469
4.199219,1,25,1762.23,3.0199,0.15785,29.13,50.090,3.987,199.73,24.697,24.460,0.013849,-0.001580,-0.019049,7.711,23.469
4.203125,1,25,1763.19,3.0994,0.14278,26.36,50.080,3.908,195.73,24.698,24.462,-0.006824,-0.028614,0.014496,7.633,23.469
4.207031,1,25,1768.12,3.1701,0.16271,30.13,50.072,3.882,194.38,24.700,24.463,-0.000852,0.018588,0.005211,7.680,23.469
4.210938,1,25,1765.36,3.0510,0.15224,28.14,50.075,3.980,199.30,24.702,24.464,-0.023379,0.003276,-0.009601,7.586,23.469
4.214844,1,25,1768.92,3.1838,0.15075,27.93,50.081,3.940,197.31,24.704,24.466,0.026375,0.000698,-0.013175,7.710,23.469
4.218750,1,25,1759.65,3.0162,0.14790,27.25,50.061,4.012,200.85,24.706,24.467,-0.024528,-0.007292,-0.006630,7.575,23.469
4.222656,1,25,1757.50,3.1297,0.15187,27.95,50.087,3.799,190.26,24.707,24.469,-0.022931,-0.013790,0.003961,7.581,23.469
4.226563,1,25,1761.25,3.0571,0.14791,27.28,50.100,3.873,194.05,24.709,24.470,0.028407,0.035829,0.017676,7.700,23.469
4.230469,1,25,1765.87,3.1655,0.15255,28.21,50.075,4.001,200.33,24.711,24.471,-0.008670,-0.022587,0.013713,7.712,23.469
4.234375,1,25,1759.34,3.0222,0.16012,29.50,50.068,4.009,200.71,24.713,24.473,0.040149,0.023514,0.005891,7.701,23.469
4.238281,1,25,1766.86,2.9657,0.14019,25.94,50.087,3.816,191.13,24.715,24.474,-0.034291,0.001427,-0.017023,7.789,23.469
4.242188,1,25,1756.70,2.9444,0.14796,27.22,50.114,3.838,192.35,24.716,24.476,0.037055,0.010563,-0.003144,7.723,23.469
4.246094,1,25,1768.00,3.0514,0.14748,27.31,50.065,3.918,196.17,24.718,24.477,0.041311,0.031344,0.016377,7.631,23.469
4.250000,1,25,1765.43,3.1240,0.15097,27.91,50.068,3.938,197.18,24.720,24.478,0.021728,0.029956,0.017424,7.565,23.469
4.253906,1,25,1767.94,3.1239,0.14231,26.35,50.061,4.007,200.59,24.722,24.480,0.009460,-0.002280,-0.017541,7.768,23.469
4.257813,1,25,1762.64,3.0941,0.14250,26.30,50.067,3.862,193.38,24.724,24.481,0.028518,0.032457,0.018173,7.586,23.469
4.261719,1,25,1760.28,2.9675,0.14555,26.83,50.092,3.824,191.56,24.725,24.483,0.016786,0.030071,0.012806,7.649,23.470
4.265625,1,25,1767.52,3.0404,0.15323,28.36,50.092,3.950,197.87,24.727,24.484,-0.018234,-0.024346,0.008226,7.663,23.470
4.269531,1,25,1771.84,3.0765,0.15670,29.08,50.104,3.871,193.94,24.729,24.485,0.028711,0.034930,0.016851,7.600,23.470
4.273438,1,25,1764.21,3.0019,0.15298,28.26,50.089,3.934,197.06,24.731,24.487,-0.021234,-0.025892,0.009809,7.734,23.470
4.277344,1,25,1768.10,3.0614,0.15194,28.13,50.102,3.928,196.79,24.733,24.488,0.020820,0.031938,0.018881,7.719,23.470
4.281250,1,25,1762.85,3.0102,0.14376,26.54,50.071,3.896,195.07,24.734,24.490,-0.032296,0.000013,-0.016061,7.645,23.470
4.285156,1,25,1765.38,3.0916,0.15404,28.48,50.057,3.981,199.29,24.736,24.491,0.030070,0.035443,0.017979,7.596,23.470
4.289063,1,25,1766.09,3.0791,0.14510,26.84,50.064,4.023,201.38,24.738,24.493,0.029065,0.003393,-0.007766,7.597,23.470
4.292969,1,25,1767.97,3.0502,0.14673,27.17,50.063,3.922,196.32,24.740,24.494,-0.003872,-0.023296,0.009328,7.704,23.470
4.296875,1,25,1766.25,3.0920,0.14462,26.75,50.085,3.888,194.73,24.742,24.495,-0.004114,-0.021027,0.007179,7.638,23.470
4.300781,1,25,1762.40,3.0714,0.15181,28.02,50.084,3.867,193.68,24.743,24.497,0.012653,0.001130,-0.016447,7.581,23.470
4.304688,1,25,1764.92,3.0552,0.15570,28.78,50.104,3.889,194.85,24.745,24.498,-0.015583,-0.032657,0.014431,7.654,23.470
4.308594,1,25,1767.64,3.0318,0.15128,28.00,50.101,3.961,198.43,24.747,24.499,-0.011955,0.007518,-0.005351,7.586,23.470
4.312500,1,25,1759.35,3.0263,0.13938,25.68,50.070,3.944,197.49,24.749,24.501,-0.007367,-0.011427,0.001430,7.751,23.470
4.316406,1,25,1762.74,3.0197,0.16192,29.89,50.097,4.042,202.50,24.751,24.502,-0.031540,0.001125,-0.019113,7.705,23.470
4.320313,1,25,1770.73,3.1014,0.14618,27.11,50.067,3.928,196.67,24.752,24.504,-0.005409,-0.021065,0.010779,7.567,23.470
4.324219,1,25,1763.98,3.0753,0.14362,26.53,50.047,4.016,200.98,24.754,24.505,0.037237,0.026317,0.013377,7.700,23.471
4.328125,1,25,1766.37,3.0989,0.14792,27.36,50.085,3.834,192.02,24.756,24.506,-0.000139,-0.006957,-0.007768,7.766,23.471
4.332031,1,25,1762.93,3.0678,0.14807,27.34,50.093,4.027,201.72,24.758,24.508,0.022750,0.000044,-0.016535,7.670,23.471
4.335938,1,25,1766.46,3.1198,0.13813,25.55,50.040,3.980,199.14,24.760,24.509,-0.020367,-0.020390,0.010366,7.687,23.471
4.339844,1,25,1764.05,3.0773,0.15036,27.78,50.085,3.872,193.92,24.761,24.511,-0.012268,-0.030868,0.018838,7.732,23.471
4.343750,1,25,1768.74,3.1161,0.15881,29.42,50.087,3.838,192.21,24.763,24.512,0.020977,0.032475,0.015953,7.800,23.471
4.347656,1,25,1761.47,2.9838,0.14796,27.29,50.074,4.042,202.41,24.765,24.513,-0.015185,-0.026711,0.013125,7.711,23.471
4.351563,1,25,1763.12,3.1589,0.14869,27.45,50.060,3.998,200.15,24.767,24.515,-0.029137,0.001031,-0.015150,7.729,23.471
4.355469,1,25,1766.87,3.0345,0.15199,28.12,50.101,3.870,193.87,24.769,24.516,0.029920,0.001941,-0.011816,7.641,23.471
4.359375,1,25,1772.65,3.1251,0.15218,28.25,50.075,3.872,193.87,24.770,24.518,-0.030874,-0.000638,-0.015930,7.655,23.471
4.363281,1,25,1757.41,3.0752,0.15017,27.64,50.077,3.916,196.11,24.772,24.519,-0.029351,0.003548,-0.019401,7.567,23.471
4.367188,1,25,1769.26,3.1206,0.15189,28.14,50.080,4.022,201.43,24.774,24.520,-0.033291,0.001762,-0.013696,7.789,23.471
4.371094,1,25,1771.56,3.0525,0.14841,27.53,50.087,3.944,197.52,24.776,24.522,0.029743,0.035196,0.016957,7.761,23.471
4.375000,1,25,1776.79,3.1333,0.16118,29.99,50.051,4.029,201.65,24.778,24.523,-0.011798,-0.028772,0.015060,7.672,23.471
4.378906,1,25,1767.26,3.0416,0.14360,26.58,50.070,4.016,201.07,24.779,24.525,-0.000664,0.017389,0.006761,7.700,23.471
4.382813,1,25,1771.96,3.0681,0.13926,25.84,50.084,3.973,198.97,24.781,24.526,-0.004485,-0.008607,-0.004595,7.691,23.471
4.386719,1,25,1763.46,3.1551,0.14500,26.78,50.048,3.906,195.47,24.783,24.527,-0.012859,0.005297,-0.002980,7.762,23.471
4.390625,1,25,1764.54,3.1235,0.14655,27.08,50.103,3.817,191.25,24.785,24.529,0.038198,0.030507,0.013584,7.719,23.472
4.394531,1,25,1772.56,3.0619,0.14264,26.48,50.096,3.894,195.06,24.786,24.530,-0.032720,0.002294,-0.018941,7.777,23.472
4.398438,1,25,1767.66,3.1189,0.14991,27.75,50.111,3.884,194.63,24.788,24.531,-0.010401,-0.032669,0.019384,7.651,23.472
4.402344,1,25,1767.11,3.0471,0.14985,27.73,50.098,3.954,198.06,24.790,24.533,-0.022552,-0.024526,0.010274,7.649,23.472
4.406250,1,25,1771.53,3.1551,0.15083,27.98,50.084,3.938,197.25,24.792,24.534,0.033806,0.032288,0.014596,7.658,23.472
4.410156,1,25,1757.12,3.0219,0.15131,27.84,50.056,3.921,196.26,24.794,24.536,0.040611,0.026093,0.009635,7.720,23.472
4.414063,1,25,1760.77,3.0908,0.14615,26.95,50.096,3.902,195.47,24.795,24.537,-0.010803,-0.029125,0.014003,7.793,23.472
4.417969,1,25,1771.86,3.0435,0.15272,28.34,50.068,3.931,196.83,24.797,24.538,-0.005061,-0.014575,0.002646,7.849,23.472
4.421875,1,25,1762.95,3.1163,0.14159,26.14,50.077,3.970,198.83,24.799,24.540,-0.014263,0.007375,-0.006805,7.652,23.472
4.425781,1,25,1770.39,3.1260,0.15503,28.74,50.100,3.969,198.83,24.801,24.541,-0.011169,-0.030845,0.018574,7.732,23.472
4.429688,1,25,1767.45,3.1044,0.15495,28.68,50.060,3.990,199.75,24.802,24.542,-0.008804,-0.019813,0.006779,7.709,23.472
4.433594,1,25,1762.60,3.0829,0.14872,27.45,50.060,4.001,200.29,24.804,24.544,0.030887,0.004115,-0.007254,7.625,23.472
4.437500,1,25,1765.23,3.0303,0.14576,26.94,50.064,3.900,195.26,24.806,24.545,-0.010744,-0.030230,0.016644,7.640,23.472
4.441406,1,25,1770.90,3.1298,0.14703,27.27,50.058,4.010,200.73,24.808,24.547,0.032671,0.036809,0.021728,7.613,23.472
4.445313,1,25,1767.59,3.0931,0.14720,27.25,50.067,3.976,199.06,24.810,24.548,-0.006176,0.014580,0.000450,7.565,23.472
4.449219,1,25,1760.21,3.1444,0.15035,27.71,50.072,3.949,197.75,24.811,24.549,-0.007110,-0.026855,0.014868,7.769,23.472
4.453125,1,25,1759.87,3.0058,0.14651,27.00,50.084,3.830,191.84,24.813,24.551,-0.014001,-0.030101,0.017980,7.523,23.473
4.457031,1,25,1761.72,3.0297,0.15091,27.84,50.107,3.915,196.16,24.815,24.552,-0.028869,0.001279,-0.014781,7.620,23.473
4.460938,1,25,1766.83,3.1571,0.15430,28.55,50.089,3.873,193.98,24.817,24.553,0.005679,-0.004793,-0.016910,7.817,23.473
4.464844,1,25,1766.38,3.1599,0.15280,28.26,50.058,4.007,200.58,24.818,24.555,-0.004853,-0.007082,-0.000055,7.717,23.473
4.468750,1,25,1768.70,3.1487,0.13907,25.76,50.063,3.939,197.21,24.820,24.556,-0.029874,-0.007928,-0.004150,7.752,23.473
4.472656,1,25,1770.18,3.1596,0.15158,28.10,50.077,3.888,194.68,24.822,24.557,-0.008532,0.012909,0.003024,7.690,23.473
4.476563,1,25,1771.81,3.1942,0.14254,26.45,50.079,3.940,197.32,24.824,24.559,0.035645,0.014771,0.002556,7.609,23.473
4.480469,1,25,1774.48,3.0914,0.15006,27.89,50.074,3.963,198.47,24.825,24.560,-0.006728,-0.026739,0.012591,7.805,23.473
4.484375,1,25,1768.70,3.1248,0.15385,28.50,50.091,3.948,197.77,24.827,24.562,0.038673,0.013719,0.003277,7.528,23.473
4.488281,1,25,1770.23,3.1262,0.15113,28.02,50.087,3.879,194.31,24.829,24.563,0.002287,-0.008160,-0.008452,7.576,23.473
4.492188,1,25,1765.48,3.0593,0.15555,28.76,50.082,3.888,194.71,24.831,24.564,0.037262,0.018942,0.003630,7.652,23.473
4.496094,1,25,1765.31,3.0666,0.14861,27.47,50.100,3.969,198.87,24.832,24.566,0.020119,0.000021,-0.013062,7.737,23.473
4.500000,1,25,1766.74,3.0878,0.15345,28.39,50.084,3.935,197.07,24.834,24.567,-0.008767,-0.023650,0.010078,7.599,23.473
4.503906,1,25,1766.08,3.0857,0.14820,27.41,50.053,3.973,198.84,24.836,24.568,-0.014384,-0.033998,0.018559,7.755,23.473
4.507813,1,25,1768.46,3.1250,0.14690,27.20,50.076,3.907,195.66,24.838,24.570,-0.026649,0.000277,-0.016720,7.632,23.473
4.511719,1,25,1766.51,3.1271,0.15810,29.25,50.058,3.978,199.14,24.839,24.571,-0.028463,0.002527,-0.018256,7.653,23.473
4.515625,1,25,1757.65,3.1081,0.14585,26.85,50.061,3.995,199.99,24.841,24.572,0.019317,0.000640,-0.016028,7.693,23.473
4.519531,1,25,1768.53,3.2104,0.14385,26.64,50.080,4.048,202.72,24.843,24.574,0.038577,0.007549,-0.002333,7.793,23.474
4.523438,1,25,1764.10,3.0332,0.14879,27.49,50.075,4.041,202.37,24.845,24.575,0.007924,0.020358,0.009816,7.504,23.474
4.527344,1,25,1772.49,3.1519,0.15555,28.87,50.071,4.072,203.91,24.847,24.577,-0.029651,-0.003402,-0.010404,7.695,23.474
4.531250,1,25,1769.13,3.0530,0.14526,26.91,50.072,3.820,191.26,24.848,24.578,-0.011905,-0.033442,0.017212,7.730,23.474
4.535156,1,25,1769.31,3.0924,0.14821,27.46,50.081,3.953,197.99,24.850,24.579,-0.028934,-0.006652,-0.006249,7.721,23.474
4.539063,1,25,1770.61,3.0650,0.14031,26.02,50.066,3.918,196.17,24.852,24.581,-0.009440,0.012760,-0.002657,7.617,23.474
4.542969,1,25,1770.65,3.1837,0.15837,29.37,50.082,3.971,198.90,24.854,24.582,0.029722,0.033386,0.019879,7.632,23.474
4.546875,1,25,1764.41,3.0834,0.14990,27.70,50.075,4.008,200.69,24.855,24.583,-0.025868,-0.008532,-0.000891,7.759,23.474
4.550781,1,25,1766.16,3.0338,0.15674,28.99,50.094,3.886,194.66,24.857,24.585,-0.003701,0.013957,0.001674,7.515,23.474
4.554688,1,25,1763.08,3.0557,0.15203,28.07,50.049,3.993,199.85,24.859,24.586,-0.027289,-0.000991,-0.017155,7.784,23.474
4.558594,1,25,1773.41,3.0322,0.15348,28.50,50.070,3.895,195.00,24.861,24.587,-0.030570,-0.001333,-0.010025,7.738,23.474
4.562500,1,25,1774.54,3.1245,0.15513,28.83,50.088,4.019,201.28,24.862,24.589,-0.010028,0.009846,-0.001370,7.688,23.474
4.566406,1,25,1763.20,3.0749,0.14797,27.32,50.080,3.943,197.45,24.864,24.590,0.038039,0.015839,0.001231,7.713,23.474
4.570313,1,25,1772.03,3.0939,0.14850,27.56,50.059,3.969,198.66,24.866,24.591,0.000677,0.017108,0.006200,7.744,23.474
4.574219,1,25,1773.66,3.0332,0.14630,27.17,50.077,3.951,197.85,24.868,24.593,0.038849,0.009336,-0.005520,7.880,23.474
4.578125,1,25,1766.00,3.1045,0.15418,28.51,50.073,3.868,193.68,24.869,24.594,-0.031896,-0.000398,-0.013234,7.736,23.474
4.582031,1,25,1771.56,3.1160,0.14924,27.69,50.080,4.037,202.18,24.871,24.595,0.019640,0.001815,-0.016062,7.731,23.475
4.585938,1,25,1771.23,3.1294,0.14467,26.83,50.076,3.949,197.75,24.873,24.597,0.003908,-0.001223,-0.013681,7.554,23.475
4.589844,1,25,1765.73,3.0838,0.14575,26.95,50.062,4.000,200.23,24.875,24.598,0.029371,0.033483,0.017374,7.745,23.475
4.593750,1,25,1772.71,3.1197,0.15653,29.06,50.070,3.963,198.40,24.876,24.599,-0.030648,-0.010120,-0.006646,7.839,23.475
4.597656,1,25,1773.19,3.1500,0.14396,26.73,50.066,4.025,201.54,24.878,24.601,-0.028509,0.001879,-0.014956,7.787,23.475
4.601563,1,25,1764.43,3.0110,0.14695,27.15,50.080,4.031,201.89,24.880,24.602,0.016902,-0.005521,-0.016308,7.748,23.475
4.605469,1,25,1772.78,3.0979,0.15725,29.19,50.090,4.018,201.26,24.882,24.604,0.026694,0.032326,0.018117,7.607,23.475
4.609375,1,25,1771.51,3.0776,0.15089,27.99,50.080,4.000,200.31,24.884,24.605,0.033237,0.034423,0.016243,7.687,23.475
4.613281,1,25,1762.70,3.1799,0.14471,26.71,50.103,3.834,192.09,24.885,24.606,-0.008276,-0.028666,0.014901,7.574,23.475
4.617188,1,25,1768.83,2.9996,0.14738,27.30,50.097,3.811,190.94,24.887,24.608,0.036702,0.031076,0.018146,7.684,23.475
4.621094,1,25,1768.82,3.0332,0.15482,28.68,50.083,3.944,197.51,24.889,24.609,0.036342,0.008958,-0.006011,7.759,23.475
4.625000,1,25,1770.21,3.1275,0.13416,24.87,50.066,3.941,197.31,24.890,24.610,-0.002431,-0.010467,-0.001124,7.770,23.475
4.628906,1,25,1769.44,3.0927,0.14475,26.82,50.058,3.884,194.45,24.892,24.611,-0.007938,-0.022778,0.013054,7.583,23.475
4.632813,1,25,1768.58,3.0842,0.15274,28.29,50.083,3.896,195.11,24.894,24.613,-0.008027,-0.029874,0.020618,7.647,23.475
4.636719,1,25,1764.51,3.0950,0.15657,28.93,50.087,3.925,196.58,24.895,24.614,0.008383,-0.003259,-0.014223,7.633,23.475
4.640625,1,25,1766.68,3.0312,0.14175,26.23,50.070,3.938,197.16,24.897,24.615,-0.017997,-0.028180,0.013368,7.740,23.475
4.644531,1,25,1772.32,3.0331,0.15447,28.67,50.071,4.041,202.32,24.899,24.617,0.038864,0.013847,0.001999,7.702,23.475
4.648438,1,25,1768.49,3.0299,0.15406,28.53,50.085,3.949,197.77,24.901,24.618,0.014792,0.028477,0.010633,7.683,23.476
4.652344,1,25,1769.49,3.0221,0.15097,27.97,50.083,3.821,191.36,24.902,24.619,0.036811,0.012375,0.000170,7.608,23.476
4.656250,1,25,1760.63,2.9873,0.14426,26.60,50.080,3.967,198.65,24.904,24.621,-0.016861,-0.027394,0.013014,7.730,23.476
4.660156,1,25,1773.38,3.0882,0.14313,26.58,50.087,3.983,199.51,24.906,24.622,-0.028645,-0.004926,-0.005242,7.728,23.476
4.664063,1,25,1764.25,3.0053,0.14887,27.50,50.091,3.888,194.75,24.907,24.623,0.040579,0.028526,0.014229,7.652,23.476
4.667969,1,25,1775.53,3.0649,0.14565,27.08,50.075,4.108,205.70,24.909,24.625,0.040597,0.029009,0.014747,7.744,23.476
4.671875,1,25,1775.51,3.0689,0.14487,26.93,50.065,4.054,202.97,24.911,24.626,0.029895,-0.000308,-0.009810,7.717,23.476
4.675781,1,25,1771.00,3.0860,0.14955,27.73,50.064,3.915,195.99,24.913,24.627,0.015192,0.025004,0.013874,7.635,23.476
4.679688,1,25,1766.06,3.1000,0.14637,27.07,50.074,4.112,205.93,24.915,24.629,-0.032720,-0.003843,-0.007631,7.642,23.476
4.683594,1,25,1776.67,3.1327,0.14404,26.80,50.081,4.057,203.20,24.916,24.630,-0.023529,-0.013373,0.002280,7.646,23.476
4.687500,1,25,1776.58,3.1597,0.14413,26.81,50.076,4.069,203.74,24.918,24.632,-0.032359,0.000075,-0.016509,7.753,23.476
4.691406,1,25,1769.56,3.1070,0.14268,26.44,50.073,3.970,198.77,24.920,24.633,0.008186,-0.001334,-0.015640,7.778,23.476
4.695313,1,25,1773.31,3.0630,0.14808,27.50,50.064,3.975,199.01,24.922,24.634,-0.030999,0.002682,-0.014356,7.677,23.476
4.699219,1,25,1771.09,3.0547,0.15294,28.37,50.043,3.990,199.66,24.923,24.636,-0.026885,-0.009920,-0.001299,7.728,23.476
4.703125,1,25,1769.81,3.1106,0.15750,29.19,50.075,3.977,199.13,24.925,24.637,-0.028821,-0.005310,-0.006197,7.735,23.476
4.707031,1,25,1776.43,3.1276,0.15439,28.72,50.053,4.021,201.27,24.927,24.638,0.005884,-0.002393,-0.017215,7.756,23.476
4.710938,1,25,1773.06,3.1139,0.15149,28.13,50.061,3.925,196.49,24.929,24.639,0.035814,0.008927,-0.003295,7.728,23.477
4.714844,1,25,1771.63,3.0722,0.15378,28.53,50.087,3.911,195.89,24.930,24.641,0.033777,0.008312,-0.001915,7.814,23.477
4.718750,1,25,1768.42,3.1302,0.16250,30.09,50.063,4.034,201.97,24.932,24.642,0.031547,0.037455,0.017496,7.754,23.477
4.722656,1,25,1763.95,3.0893,0.14917,27.55,50.074,3.994,200.01,24.934,24.643,-0.034204,0.002041,-0.021075,7.732,23.477
4.726563,1,25,1770.99,3.0644,0.15119,28.04,50.083,3.897,195.15,24.935,24.645,-0.011270,-0.025859,0.011811,7.764,23.477
4.730469,1,25,1771.48,3.1082,0.13922,25.83,50.074,4.010,200.80,24.937,24.646,-0.024591,-0.019431,0.007496,7.900,23.477
4.734375,1,25,1774.36,3.0886,0.15005,27.88,50.086,3.857,193.19,24.939,24.647,0.007906,0.025757,0.010674,7.741,23.477
4.738281,1,25,1770.53,3.0836,0.15016,27.84,50.083,3.990,199.84,24.941,24.649,-0.031532,0.003395,-0.017272,7.719,23.477
4.742188,1,25,1760.99,3.0953,0.13846,25.53,50.081,3.759,188.27,24.942,24.650,0.037138,0.019330,0.004873,7.626,23.477
4.746094,1,25,1767.20,3.0685,0.14881,27.54,50.070,3.961,198.34,24.944,24.651,-0.032559,-0.000432,-0.017324,7.665,23.477
4.750000,1,25,1770.85,3.0347,0.14742,27.34,50.043,4.057,203.03,24.946,24.652,0.037290,0.015215,0.003201,7.829,23.477
4.753906,1,25,1772.28,3.1240,0.14080,26.13,50.062,3.980,199.22,24.947,24.654,-0.002578,-0.006465,-0.005953,7.832,23.477
4.757813,1,25,1767.14,3.0519,0.13996,25.90,50.059,3.893,194.87,24.949,24.655,0.041469,0.027867,0.014617,7.683,23.477
4.761719,1,25,1770.36,3.1113,0.15524,28.78,50.089,3.928,196.73,24.951,24.656,-0.005805,-0.022366,0.012903,7.698,23.477
4.765625,1,25,1767.03,3.1162,0.15506,28.69,50.068,3.949,197.71,24.952,24.658,0.009382,-0.002579,-0.017264,7.882,23.477
4.769531,1,25,1768.40,3.1162,0.14678,27.18,50.058,4.007,200.57,24.954,24.659,-0.013670,-0.034107,0.018370,7.692,23.477
4.773438,1,25,1771.62,3.0888,0.15858,29.42,50.073,4.015,201.03,24.956,24.660,-0.009144,0.010879,-0.001396,7.590,23.477
4.777344,1,25,1771.48,3.1528,0.15136,28.08,50.061,4.070,203.76,24.958,24.662,0.024528,0.032194,0.018494,7.561,23.478
4.781250,1,25,1769.93,3.0850,0.15229,28.23,50.071,3.952,197.88,24.959,24.663,0.022379,0.030864,0.016092,7.715,23.478
4.785156,1,25,1779.29,3.2775,0.15079,28.10,50.079,3.940,197.29,24.961,24.664,-0.023827,0.004043,-0.012260,7.645,23.478
4.789063,1,25,1774.59,3.0437,0.15996,29.73,50.060,3.960,198.24,24.963,24.666,-0.017683,-0.027378,0.010705,7.657,23.478
4.792969,1,25,1770.14,3.0434,0.14877,27.58,50.091,4.056,203.17,24.965,24.667,0.000190,-0.004463,-0.011505,7.652,23.478
4.796875,1,25,1774.82,3.1579,0.14977,27.84,50.071,4.005,200.53,24.966,24.668,-0.024749,-0.000090,-0.012456,7.668,23.478
4.800781,1,25,1770.86,3.1408,0.14420,26.74,50.095,3.857,193.21,24.968,24.669,-0.024924,-0.017010,0.002196,7.740,23.478
4.804688,1,25,1769.96,3.0195,0.15940,29.55,50.074,3.876,194.07,24.970,24.671,-0.030275,-0.004665,-0.005135,7.691,23.478
4.808594,1,25,1769.35,3.0904,0.15401,28.54,50.083,3.902,195.41,24.971,24.672,-0.030352,0.002009,-0.016108,7.778,23.478
4.812500,1,25,1768.34,3.0733,0.13734,25.43,50.087,4.058,203.23,24.973,24.673,-0.030443,0.001915,-0.016738,7.660,23.478
4.816406,1,25,1775.61,3.1469,0.14610,27.17,50.057,4.036,202.05,24.975,24.675,-0.010646,-0.030941,0.014288,7.869,23.478
4.820313,1,25,1768.16,3.1366,0.14310,26.50,50.071,3.910,195.76,24.976,24.676,0.024667,0.030936,0.016891,7.672,23.478
4.824219,1,25,1775.31,2.9991,0.15284,28.42,50.071,3.961,198.36,24.978,24.677,-0.029195,-0.006961,-0.009501,7.700,23.478
4.828125,1,25,1772.65,3.2062,0.14793,27.46,50.090,3.997,200.22,24.980,24.678,-0.017294,-0.030588,0.013895,7.701,23.478
4.832031,1,25,1773.52,3.0773,0.14523,26.97,50.080,3.913,195.96,24.981,24.680,-0.031193,0.002177,-0.019199,7.668,23.478
4.835938,1,25,1772.76,3.1110,0.15594,28.95,50.063,3.871,193.77,24.983,24.681,-0.026652,0.002654,-0.012736,7.794,23.478
4.839844,1,25,1768.36,3.0618,0.14506,26.86,50.101,3.819,191.32,24.985,24.682,-0.016921,-0.024878,0.015382,7.578,23.478
4.843750,1,25,1768.79,3.1259,0.14586,27.02,50.108,3.880,194.41,24.986,24.683,-0.033328,0.000770,-0.015593,7.830,23.479
4.847656,1,25,1776.37,3.0930,0.15419,28.68,50.061,4.003,200.38,24.988,24.685,-0.009081,-0.026436,0.012140,7.836,23.479
4.851563,1,25,1774.74,3.0230,0.16066,29.86,50.078,4.005,200.55,24.990,24.686,-0.006924,-0.027103,0.010602,7.775,23.479
4.855469,1,25,1774.02,3.1314,0.14837,27.56,50.073,3.937,197.13,24.991,24.687,-0.009493,-0.034001,0.017146,7.708,23.479
4.859375,1,25,1774.78,3.1692,0.15316,28.47,50.096,3.873,194.04,24.993,24.689,-0.028947,-0.002575,-0.009850,7.724,23.479
4.863281,1,25,1772.90,3.0928,0.15284,28.38,50.094,3.933,197.00,24.995,24.690,-0.025056,-0.011534,0.000731,7.642,23.479
4.867188,1,25,1768.93,3.0949,0.14780,27.38,50.058,4.052,202.83,24.997,24.691,-0.008432,-0.020978,0.012806,7.629,23.479
4.871094,1,25,1767.96,3.0983,0.15501,28.70,50.069,3.901,195.33,24.998,24.692,-0.010627,-0.028985,0.018394,7.715,23.479
4.875000,1,25,1770.91,3.1116,0.15112,28.03,50.068,3.908,195.65,25.000,24.694,-0.025991,0.001433,-0.014243,7.517,23.479
4.878906,1,25,1768.45,3.1264,0.15316,28.36,50.065,4.018,201.14,25.002,24.695,-0.034140,-0.000512,-0.018190,7.713,23.479
4.882813,1,25,1767.98,3.0936,0.13992,25.90,50.085,4.056,203.16,25.003,24.696,-0.024251,0.002604,-0.013256,7.807,23.479
4.886719,1,25,1771.42,3.0863,0.14929,27.69,50.065,3.858,193.18,25.005,24.697,0.028388,-0.000650,-0.013653,7.710,23.479
4.890625,1,25,1773.76,3.0989,0.14974,27.81,50.080,3.912,195.89,25.007,24.699,-0.011768,-0.031197,0.017459,7.716,23.479
4.894531,1,25,1773.66,3.1034,0.14288,26.54,50.054,4.004,200.41,25.008,24.700,-0.023016,-0.014337,0.003578,7.690,23.479
4.898438,1,25,1768.11,3.1033,0.14804,27.41,50.054,3.951,197.78,25.010,24.701,0.007221,-0.000651,-0.018447,7.676,23.479
4.902344,1,25,1763.44,3.0016,0.15408,28.45,50.096,3.845,192.61,25.012,24.702,0.031744,0.034537,0.017569,7.608,23.479
4.906250,1,25,1762.43,3.0185,0.14399,26.58,50.060,4.037,202.07,25.013,24.704,0.037022,0.030856,0.018957,7.809,23.480
4.910156,1,25,1767.14,2.9875,0.14329,26.52,50.064,4.003,200.41,25.015,24.705,-0.016249,-0.033599,0.016525,7.655,23.480
4.914063,1,25,1769.80,3.1248,0.15001,27.80,50.087,3.915,196.11,25.017,24.706,-0.008617,0.011144,-0.003435,7.648,23.480
4.917969,1,25,1774.91,3.0831,0.15699,29.18,50.074,3.955,198.04,25.018,24.708,-0.007205,-0.018704,0.006347,7.699,23.480
4.921875,1,25,1770.29,2.9931,0.14134,26.20,50.084,3.886,194.62,25.020,24.709,0.034514,0.008922,-0.005839,7.758,23.480
4.925781,1,25,1772.79,3.2134,0.14582,27.07,50.075,3.999,200.25,25.022,24.710,-0.011754,-0.030345,0.017179,7.745,23.480
4.929688,1,25,1771.84,3.1104,0.14496,26.90,50.090,3.843,192.50,25.023,24.711,-0.010285,-0.034872,0.018370,7.735,23.480
4.933594,1,25,1769.87,3.0897,0.15652,29.01,50.059,3.898,195.11,25.025,24.713,-0.012839,-0.029814,0.014447,7.676,23.480
4.937500,1,25,1772.04,2.9783,0.14328,26.59,50.066,3.909,195.69,25.026,24.714,-0.033255,-0.000855,-0.017519,7.620,23.480
4.941406,1,25,1776.33,3.0633,0.15324,28.51,50.099,3.849,192.83,25.028,24.715,0.018707,-0.002700,-0.017378,7.741,23.480
4.945313,1,25,1769.33,3.0579,0.14202,26.31,50.061,3.976,199.06,25.030,24.716,-0.029334,0.002753,-0.016282,7.830,23.480
4.949219,1,25,1771.34,3.0673,0.15121,28.05,50.103,3.978,199.32,25.031,24.717,0.036563,0.034945,0.018282,7.699,23.480
4.953125,1,25,1777.99,3.1834,0.14709,27.39,50.079,4.034,202.02,25.033,24.719,-0.031136,-0.000760,-0.017559,7.702,23.480
4.957031,1,25,1773.09,3.1418,0.14357,26.66,50.100,3.919,196.36,25.035,24.720,-0.004457,-0.020501,0.007315,7.677,23.480
4.960938,1,25,1765.93,3.0552,0.15208,28.12,50.048,4.065,203.45,25.037,24.721,0.012180,0.025074,0.011476,7.802,23.480
4.964844,1,25,1777.66,3.0729,0.15048,28.01,50.064,4.017,201.12,25.038,24.723,0.035644,0.033610,0.017432,7.732,23.480
4.968750,1,25,1767.24,3.0422,0.14815,27.42,50.063,3.871,193.79,25.040,24.724,0.008998,-0.003336,-0.018831,7.827,23.480
4.972656,1,25,1774.32,3.1777,0.14969,27.81,50.074,3.901,195.35,25.041,24.725,0.023806,0.029066,0.017966,7.737,23.481
4.976563,1,25,1770.10,3.0851,0.14292,26.49,50.072,3.967,198.64,25.043,24.726,-0.033963,0.003499,-0.016240,7.728,23.481
4.980469,1,25,1775.92,3.0928,0.14322,26.63,50.095,3.897,195.24,25.045,24.727,-0.002388,-0.004957,-0.009007,7.717,23.481
4.984375,1,25,1769.84,3.1102,0.15057,27.91,50.071,3.961,198.35,25.046,24.729,0.016222,0.027176,0.013494,7.739,23.481
4.988281,1,25,1774.10,3.0799,0.14450,26.85,50.049,4.054,202.88,25.048,24.730,-0.009658,-0.021361,0.008813,7.644,23.481
4.992188,1,25,1773.45,3.0825,0.15626,29.02,50.065,4.026,201.54,25.050,24.731,-0.007909,-0.035892,0.016406,7.589,23.481
4.996094,1,25,1770.88,3.0789,0.14362,26.63,50.081,4.033,202.00,25.052,24.733,-0.005219,-0.014680,0.001432,7.677,23.481
5.000000,1,25,1772.25,3.1513,0.14963,27.77,50.103,3.881,194.44,25.053,24.734,-0.022490,-0.017607,0.003934,7.687,23.481
5.003906,1,25,1772.10,3.1889,0.14485,26.88,50.086,4.007,200.67,25.055,24.735,-0.030112,0.000412,-0.016374,7.688,23.481
5.007813,1,25,1767.88,3.0654,0.15197,28.14,50.072,4.022,201.36,25.056,24.736,-0.010672,-0.030335,0.017479,7.622,23.481
5.011719,1,25,1768.02,3.0909,0.14748,27.30,50.060,4.073,203.89,25.058,24.738,-0.022770,-0.019452,0.005000,7.615,23.481
5.015625,1,25,1768.67,3.1072,0.16321,30.23,50.073,4.006,200.59,25.060,24.739,-0.028055,0.001050,-0.020675,7.723,23.481
5.019531,1,25,1774.51,3.0768,0.15163,28.18,50.097,3.937,197.21,25.062,24.740,-0.004205,-0.010464,0.000632,7.690,23.481
5.023438,1,25,1765.27,3.1026,0.14227,26.30,50.079,4.092,204.93,25.063,24.741,-0.032666,0.000819,-0.016457,7.772,23.481
5.027344,1,25,1767.69,3.1277,0.15259,28.25,50.103,3.865,193.64,25.065,24.743,0.035738,0.034191,0.017111,7.665,23.481
5.031250,1,25,1775.21,3.1604,0.14568,27.08,50.061,3.854,192.92,25.066,24.744,-0.029884,0.000756,-0.017828,7.646,23.481
5.035156,1,25,1771.66,3.1042,0.14420,26.75,50.057,4.002,200.35,25.068,24.745,-0.023947,-0.022862,0.006738,7.609,23.481
5.039063,1,25,1777.25,3.0990,0.14650,27.27,50.096,3.883,194.52,25.070,24.746,0.027580,0.005030,-0.015042,7.685,23.482
5.042969,1,25,1769.86,3.0359,0.14874,27.57,50.106,3.895,195.16,25.071,24.748,-0.031332,-0.001756,-0.011203,7.784,23.482
5.046875,1,25,1780.50,3.1435,0.14864,27.71,50.080,3.877,194.15,25.073,24.749,-0.028289,0.003074,-0.015604,7.718,23.482
5.050781,1,25,1778.77,3.1972,0.15031,28.00,50.087,3.923,196.47,25.075,24.750,-0.030258,-0.003672,-0.007545,7.821,23.482
5.054688,1,25,1772.91,3.1697,0.14639,27.18,50.088,3.962,198.46,25.076,24.751,0.009769,-0.002917,-0.016531,7.767,23.482
5.058594,1,25,1774.93,3.0966,0.14714,27.35,50.096,3.948,197.79,25.078,24.752,-0.019355,-0.026382,0.012624,7.716,23.482
5.062500,1,25,1772.95,3.2327,0.14954,27.76,50.085,3.950,197.85,25.079,24.754,-0.011455,-0.032583,0.018275,7.596,23.482
5.066406,1,25,1766.51,2.9983,0.15247,28.21,50.088,3.939,197.28,25.081,24.755,0.041233,0.025324,0.008879,7.691,23.482
5.070313,1,25,1767.29,3.0795,0.15564,28.80,50.094,3.944,197.57,25.083,24.756,0.010727,-0.000136,-0.018074,7.687,23.482
5.074219,1,25,1763.19,3.1171,0.13950,25.76,50.066,4.083,204.42,25.084,24.757,0.035910,0.032630,0.017054,7.692,23.482
5.078125,1,25,1766.39,3.0879,0.14038,25.97,50.088,3.761,188.39,25.086,24.758,-0.005971,-0.023076,0.007307,7.627,23.482
5.082031,1,25,1770.42,3.0886,0.15155,28.10,50.054,4.077,204.08,25.088,24.760,-0.005175,0.009827,-0.001873,7.575,23.482
5.085938,1,25,1774.94,3.0125,0.15686,29.16,50.067,3.968,198.69,25.089,24.761,-0.005599,-0.012809,0.002004,7.656,23.482
5.089844,1,25,1773.32,3.0411,0.14494,26.92,50.072,3.943,197.43,25.091,24.762,-0.004660,-0.006665,-0.004144,7.624,23.482
5.093750,1,25,1776.10,3.1061,0.14189,26.39,50.104,3.894,195.10,25.092,24.763,-0.031720,0.001642,-0.016050,7.805,23.482
5.097656,1,25,1768.78,3.1718,0.15329,28.39,50.082,3.887,194.68,25.094,24.765,0.025718,-0.000378,-0.015632,7.650,23.482
5.101563,1,25,1771.57,3.1097,0.14571,27.03,50.060,3.969,198.70,25.096,24.766,-0.016458,-0.033783,0.013744,7.675,23.482
5.105469,1,25,1772.62,3.1993,0.15311,28.42,50.074,3.971,198.87,25.097,24.767,-0.034087,0.002266,-0.017932,7.671,23.483
5.109375,1,25,1769.31,3.0742,0.14217,26.34,50.056,3.942,197.33,25.099,24.768,-0.020108,-0.024855,0.007488,7.571,23.483
5.113281,1,25,1773.66,3.0806,0.14747,27.39,50.059,4.044,202.43,25.101,24.770,0.037924,0.022661,0.009699,7.633,23.483
5.117188,1,25,1771.92,3.1494,0.14398,26.72,50.093,4.051,202.91,25.102,24.771,0.036092,0.030854,0.017100,7.783,23.483
5.121094,1,25,1775.08,3.0780,0.15526,28.86,50.074,4.026,201.61,25.104,24.772,-0.006123,-0.022104,0.012750,7.885,23.483
5.125000,1,25,1768.39,3.0611,0.14864,27.53,50.083,3.960,198.35,25.106,24.773,0.023344,0.030930,0.016304,7.673,23.483
5.128906,1,25,1769.29,3.0256,0.15723,29.13,50.074,3.958,198.21,25.107,24.775,0.028855,0.002519,-0.009884,7.687,23.483
5.132813,1,25,1777.64,3.1187,0.14966,27.86,50.073,4.059,203.27,25.109,24.776,0.028914,0.034472,0.020212,7.703,23.483
5.136719,1,25,1769.21,3.1398,0.13475,24.96,50.081,3.886,194.61,25.111,24.777,-0.006233,-0.013204,0.002364,7.728,23.483
5.140625,1,25,1770.16,3.1227,0.15319,28.40,50.058,3.977,199.10,25.112,24.778,-0.019822,-0.027216,0.010633,7.653,23.483
5.144531,1,25,1771.84,3.0809,0.15338,28.46,50.071,3.861,193.34,25.114,24.779,-0.016084,0.009782,-0.007735,7.712,23.483
5.148438,1,25,1768.52,3.0043,0.13945,25.83,50.106,3.869,193.85,25.115,24.780,-0.031079,-0.000086,-0.009731,7.517,23.483
5.152344,1,25,1778.41,3.0547,0.14825,27.61,50.085,3.894,195.05,25.117,24.782,-0.029695,-0.011509,-0.004114,7.763,23.483
5.156250,1,25,1770.01,3.1274,0.14963,27.73,50.066,4.040,202.26,25.119,24.783,0.037332,0.033259,0.015411,7.663,23.483
5.160156,1,25,1773.54,3.0399,0.15577,28.93,50.080,4.038,202.21,25.120,24.784,-0.010188,-0.029728,0.013556,7.838,23.483
5.164063,1,25,1778.89,3.0504,0.15865,29.55,50.048,4.087,204.54,25.122,24.785,0.031220,0.034240,0.015195,7.609,23.483
5.167969,1,25,1774.33,3.0466,0.15406,28.63,50.060,3.980,199.24,25.124,24.787,-0.031236,0.000446,-0.020490,7.854,23.483
5.171875,1,25,1771.78,3.0366,0.15877,29.46,50.063,3.997,200.11,25.125,24.788,-0.026920,-0.004232,-0.003420,7.767,23.484
5.175781,1,25,1769.13,3.0477,0.14262,26.42,50.083,3.974,199.04,25.127,24.789,-0.013698,-0.032016,0.017727,7.651,23.484
5.179688,1,25,1779.62,3.1732,0.13931,25.96,50.032,4.092,204.73,25.129,24.790,-0.018005,-0.029693,0.013792,7.825,23.484
5.183594,1,25,1777.00,3.1054,0.15288,28.45,50.063,4.070,203.77,25.130,24.792,-0.007937,-0.027758,0.013756,7.864,23.484
5.187500,1,25,1778.85,3.1797,0.15770,29.38,50.071,4.015,201.02,25.132,24.793,-0.034028,-0.000918,-0.017385,7.739,23.484
5.191406,1,25,1775.49,3.0850,0.15736,29.26,50.096,3.978,199.27,25.133,24.794,-0.013758,-0.030261,0.018232,7.653,23.484
5.195313,1,25,1764.75,3.1088,0.14550,26.89,50.088,3.789,189.77,25.135,24.795,-0.031338,0.001232,-0.018014,7.665,23.484
5.199219,1,25,1779.66,3.1292,0.15288,28.49,50.077,4.018,201.19,25.137,24.796,0.038079,0.010694,-0.003865,7.674,23.484
5.203125,1,25,1771.16,3.2137,0.14625,27.13,50.088,3.937,197.20,25.138,24.798,-0.010604,-0.033936,0.016862,7.805,23.484
5.207031,1,25,1770.71,3.1471,0.14344,26.60,50.095,3.880,194.36,25.140,24.799,-0.020415,-0.021456,0.009469,7.599,23.484
5.210938,1,25,1774.49,3.1425,0.14885,27.66,50.066,4.058,203.19,25.141,24.800,0.033225,0.032275,0.016583,7.818,23.484
5.214844,1,25,1776.03,3.0550,0.14673,27.29,50.058,4.074,203.95,25.143,24.801,0.007791,-0.001248,-0.013930,7.670,23.484
5.218750,1,25,1774.65,3.1612,0.14923,27.73,50.027,4.143,207.28,25.145,24.803,0.006151,-0.002972,-0.016860,7.898,23.484
5.222656,1,25,1771.83,3.1253,0.14515,26.93,50.093,3.988,199.76,25.147,24.804,0.034387,0.007162,-0.004873,7.632,23.484
5.226563,1,25,1771.77,3.1679,0.15369,28.52,50.087,3.927,196.68,25.148,24.805,0.008890,-0.001441,-0.017655,7.643,23.484
5.230469,1,25,1778.49,3.1237,0.14308,26.65,50.090,3.823,191.48,25.150,24.806,0.022263,0.029883,0.016729,7.650,23.484
5.234375,1,25,1769.28,3.1750,0.14389,26.66,50.084,3.937,197.16,25.151,24.807,0.011002,-0.001499,-0.018286,7.701,23.484
5.238281,1,25,1768.56,3.0547,0.15906,29.46,50.072,3.976,199.10,25.153,24.809,0.000018,-0.003019,-0.010789,7.696,23.485
5.242188,1,25,1770.08,3.0611,0.16291,30.20,50.065,3.981,199.31,25.154,24.810,-0.015726,-0.026419,0.011069,7.629,23.485
5.246094,1,25,1771.30,3.1260,0.14691,27.25,50.083,3.977,199.18,25.156,24.811,-0.028370,0.003678,-0.013823,7.721,23.485
5.250000,1,25,1772.10,3.2176,0.14424,26.77,50.076,4.011,200.84,25.158,24.812,0.026695,0.033101,0.019375,7.636,23.485
5.253906,1,25,1771.51,3.0849,0.14949,27.73,50.083,3.952,197.92,25.159,24.813,0.037767,0.033087,0.015629,7.728,23.485
5.257813,1,25,1772.97,3.0813,0.14622,27.15,50.051,4.022,201.29,25.161,24.815,0.004414,-0.003307,-0.014476,7.785,23.485
5.261719,1,25,1773.85,3.0114,0.14247,26.46,50.061,3.895,194.96,25.162,24.816,-0.010603,-0.033476,0.018920,7.652,23.485
5.265625,1,25,1775.37,3.0216,0.15630,29.06,50.068,4.096,205.09,25.164,24.817,-0.036125,0.001938,-0.017874,7.762,23.485
5.269531,1,25,1776.48,3.0135,0.14889,27.70,50.080,4.004,200.52,25.166,24.818,0.013726,0.027298,0.014726,7.755,23.485
5.273438,1,25,1775.16,3.0739,0.14827,27.56,50.050,4.003,200.35,25.167,24.819,0.015806,0.027692,0.014315,7.765,23.485
5.277344,1,25,1778.96,3.1735,0.13931,25.95,50.093,3.895,195.13,25.169,24.821,-0.007530,-0.014453,0.003066,7.767,23.485
5.281250,1,25,1773.32,3.1008,0.15034,27.92,50.081,4.058,203.25,25.171,24.822,0.031167,0.033330,0.020086,7.659,23.485
5.285156,1,25,1767.42,3.0091,0.14629,27.08,50.072,3.938,197.16,25.172,24.823,-0.024317,-0.016227,0.003482,7.724,23.485
5.289063,1,25,1766.52,3.0412,0.14084,26.05,50.088,3.933,196.99,25.174,24.824,-0.026244,-0.010443,-0.002771,7.570,23.485
5.292969,1,25,1769.61,3.1219,0.15763,29.21,50.065,3.965,198.50,25.175,24.825,0.036703,0.035365,0.017929,7.737,23.485
5.296875,1,25,1772.15,3.0667,0.15278,28.35,50.088,3.948,197.77,25.177,24.826,-0.003398,-0.011938,-0.001308,7.680,23.485
5.300781,1,25,1765.86,3.0254,0.15957,29.51,50.060,3.832,191.82,25.178,24.828,0.007522,0.026679,0.012450,7.689,23.486
5.304688,1,25,1775.01,3.1032,0.14717,27.36,50.068,3.995,200.03,25.180,24.829,-0.012962,0.008377,-0.004415,7.703,23.486
5.308594,1,25,1775.37,3.1129,0.15550,28.91,50.060,4.123,206.41,25.182,24.830,0.029662,0.033076,0.017757,7.712,23.486
5.312500,1,25,1776.43,3.0734,0.14403,26.79,50.084,3.908,195.71,25.183,24.831,0.021932,-0.003550,-0.018149,7.647,23.486
5.316406,1,25,1775.56,3.1696,0.15131,28.13,50.079,3.958,198.22,25.185,24.832,0.014957,-0.000871,-0.018188,7.900,23.486
5.320313,1,25,1776.63,3.0391,0.13937,25.93,50.118,3.891,195.03,25.186,24.834,-0.007985,-0.031193,0.015886,7.787,23.486
5.324219,1,25,1777.49,3.0687,0.15457,28.77,50.085,3.936,197.15,25.188,24.835,-0.027879,-0.007437,-0.007466,7.759,23.486
5.328125,1,25,1771.63,3.1564,0.15436,28.64,50.082,3.895,195.06,25.190,24.836,0.015483,-0.000697,-0.018865,7.745,23.486
5.332031,1,25,1766.41,3.1234,0.15130,27.99,50.062,3.945,197.48,25.191,24.837,-0.002209,0.016407,0.004942,7.677,23.486
5.335938,1,25,1768.99,3.0986,0.15124,28.02,50.075,3.983,199.45,25.193,24.838,0.014507,0.000380,-0.017467,7.649,23.486
5.339844,1,25,1775.63,3.1285,0.15279,28.41,50.073,3.914,195.96,25.194,24.839,0.014360,0.028930,0.016333,7.784,23.486
5.343750,1,25,1778.71,3.1046,0.15625,29.10,50.065,4.040,202.24,25.196,24.841,-0.001836,-0.006983,-0.007986,7.796,23.486
5.347656,1,25,1768.62,3.1346,0.14897,27.59,50.064,3.934,196.97,25.197,24.842,-0.019877,-0.031776,0.013478,7.713,23.486
5.351563,1,25,1783.73,3.1534,0.15674,29.28,50.080,3.963,198.48,25.199,24.843,0.030398,0.036206,0.015610,7.776,23.486
5.355469,1,25,1765.30,3.0559,0.15255,28.20,50.070,3.927,196.63,25.201,24.844,-0.013431,-0.036298,0.018617,7.657,23.486
5.359375,1,25,1773.39,3.2081,0.15115,28.07,50.065,3.963,198.41,25.202,24.845,0.001973,-0.002996,-0.011410,7.706,23.486
5.363281,1,25,1776.69,3.0927,0.16355,30.43,50.058,3.964,198.44,25.204,24.846,-0.032612,0.002834,-0.017663,7.697,23.486
5.367188,1,25,1771.49,3.1804,0.15295,28.37,50.067,3.904,195.45,25.205,24.847,-0.004022,-0.015443,0.003404,7.600,23.487
5.371094,1,25,1772.79,3.0958,0.14652,27.20,50.074,3.946,197.58,25.207,24.849,-0.023399,-0.015775,0.000614,7.843,23.487
5.375000,1,25,1776.49,3.1551,0.14185,26.39,50.085,4.027,201.71,25.209,24.850,0.039712,0.028019,0.010948,7.728,23.487
5.378906,1,25,1765.12,3.0198,0.15699,29.02,50.060,3.905,195.51,25.210,24.851,0.030663,0.003024,-0.008516,7.684,23.487
5.382813,1,25,1768.76,3.0269,0.15145,28.05,50.084,3.918,196.24,25.212,24.852,-0.021300,-0.017701,0.003270,7.738,23.487
5.386719,1,25,1780.06,3.1946,0.16114,30.04,50.069,3.976,199.09,25.213,24.853,-0.031476,0.000711,-0.018835,7.785,23.487
5.390625,1,25,1770.86,3.1436,0.14599,27.07,50.048,4.044,202.41,25.215,24.854,0.035070,0.035269,0.019801,7.706,23.487
5.394531,1,25,1770.03,3.1406,0.15176,28.13,50.075,3.960,198.28,25.216,24.856,0.038890,0.027024,0.013487,7.753,23.487
5.398438,1,25,1781.64,3.1375,0.14935,27.86,50.098,3.949,197.84,25.218,24.857,0.017096,-0.001023,-0.016441,7.763,23.487
5.402344,1,25,1769.01,3.1818,0.15521,28.75,50.052,3.914,195.90,25.219,24.858,0.024958,-0.001149,-0.012662,7.601,23.487
5.406250,1,25,1776.35,3.1510,0.15492,28.82,50.071,3.984,199.46,25.221,24.859,0.024136,0.036029,0.019489,7.725,23.487
5.410156,1,25,1773.24,3.1427,0.15655,29.07,50.079,4.037,202.15,25.223,24.860,-0.026553,0.006240,-0.015091,7.738,23.487
5.414063,1,25,1768.21,3.1269,0.14751,27.31,50.089,3.882,194.44,25.224,24.861,-0.008484,-0.033746,0.015347,7.772,23.487
5.417969,1,25,1776.10,3.1753,0.15009,27.92,50.101,3.894,195.08,25.226,24.863,0.004815,-0.003090,-0.013067,7.757,23.487
5.421875,1,25,1773.37,3.1209,0.15306,28.42,50.086,3.868,193.72,25.227,24.864,0.027851,0.005903,-0.012750,7.695,23.487
5.425781,1,25,1777.23,3.1513,0.14506,27.00,50.087,4.047,202.69,25.229,24.865,-0.026708,-0.009185,-0.003392,7.754,23.487
5.429688,1,25,1770.73,3.0777,0.14996,27.81,50.064,4.037,202.11,25.230,24.866,0.029185,0.003811,-0.007742,7.618,23.487
5.433594,1,25,1773.67,3.1211,0.14922,27.72,50.088,3.930,196.85,25.232,24.867,-0.015399,-0.032088,0.016329,7.583,23.487
5.437500,1,25,1775.49,3.1833,0.14608,27.16,50.093,3.989,199.80,25.234,24.868,-0.020410,0.003293,-0.010296,7.790,23.488
5.441406,1,25,1769.12,3.1429,0.14660,27.16,50.065,3.985,199.52,25.235,24.870,-0.002035,-0.010095,-0.000292,7.653,23.488
5.445313,1,25,1767.21,3.1089,0.15714,29.08,50.063,3.906,195.53,25.237,24.871,0.001147,-0.003164,-0.014359,7.806,23.488
5.449219,1,25,1769.32,3.1597,0.14201,26.31,50.072,4.055,203.03,25.238,24.872,-0.023785,-0.014458,0.001929,7.648,23.488
5.453125,1,25,1781.66,3.1406,0.15501,28.92,50.082,4.065,203.56,25.240,24.873,-0.015060,0.003239,-0.004773,7.684,23.488
5.457031,1,25,1776.13,3.1686,0.15955,29.67,50.065,3.992,199.86,25.241,24.874,-0.007665,-0.033405,0.015785,7.742,23.488
5.460938,1,25,1768.65,3.1249,0.15035,27.85,50.057,3.972,198.85,25.243,24.875,-0.000980,0.014604,0.003125,7.719,23.488
5.464844,1,25,1773.75,3.0143,0.15306,28.43,50.057,3.903,195.39,25.245,24.876,-0.013697,-0.033171,0.018138,7.721,23.488
5.468750,1,25,1768.13,3.0389,0.15489,28.68,50.083,4.029,201.79,25.246,24.878,0.037661,0.021232,0.009950,7.582,23.488
5.472656,1,25,1775.92,3.0869,0.15235,28.33,50.099,4.038,202.29,25.248,24.879,0.002988,0.019167,0.006083,7.760,23.488
5.476563,1,25,1766.09,3.1329,0.13835,25.59,50.075,3.920,196.27,25.249,24.880,0.037172,0.012048,0.001189,7.667,23.488
5.480469,1,25,1774.83,3.1041,0.15164,28.18,50.079,3.904,195.49,25.251,24.881,0.037172,0.033015,0.017205,7.759,23.488
5.484375,1,25,1774.81,3.1265,0.15379,28.58,50.059,4.019,201.16,25.252,24.882,0.035821,0.005508,-0.004108,7.685,23.488
5.488281,1,25,1766.64,3.1226,0.14715,27.22,50.078,3.964,198.52,25.254,24.883,-0.010348,-0.033405,0.016730,7.671,23.488
5.492188,1,25,1772.69,3.0494,0.16095,29.88,50.091,4.001,200.41,25.256,24.885,0.027968,0.001394,-0.009714,7.688,23.488
5.496094,1,25,1777.24,3.1137,0.13832,25.74,50.073,3.927,196.62,25.257,24.886,-0.030526,0.000848,-0.017871,7.799,23.488
5.500000,1,25,1773.79,3.0905,0.14873,27.63,50.063,4.034,201.97,25.259,24.887,-0.011966,-0.035523,0.020746,7.645,23.488
5.503906,1,25,1775.23,3.1597,0.15360,28.55,50.073,3.900,195.29,25.260,24.888,-0.030763,0.002535,-0.019056,7.642,23.489
5.507813,1,25,1772.77,3.0197,0.15186,28.19,50.077,3.983,199.44,25.262,24.889,-0.031994,-0.004206,-0.007133,7.728,23.489
5.511719,1,25,1772.89,3.1671,0.15234,28.28,50.093,3.843,192.53,25.263,24.890,-0.027605,0.001436,-0.015990,7.694,23.489
5.515625,1,25,1768.17,3.1944,0.15363,28.45,50.071,4.002,200.39,25.265,24.891,-0.012385,-0.031089,0.016237,7.733,23.489
5.519531,1,25,1772.17,3.0152,0.13337,24.75,50.078,3.934,197.01,25.266,24.892,0.017675,0.026368,0.012700,7.658,23.489
5.523438,1,25,1769.86,3.0707,0.14592,27.04,50.065,3.962,198.34,25.268,24.894,-0.013172,0.004615,-0.005106,7.716,23.489
5.527344,1,25,1764.53,3.0607,0.14541,26.87,50.081,3.908,195.72,25.269,24.895,-0.009749,-0.030239,0.018864,7.648,23.489
5.531250,1,25,1773.47,3.0629,0.14868,27.61,50.069,3.846,192.56,25.271,24.896,-0.007445,-0.021112,0.009666,7.695,23.489
5.535156,1,25,1770.05,3.0438,0.14136,26.20,50.068,3.981,199.32,25.272,24.897,0.020957,-0.003189,-0.015618,7.593,23.489
5.539063,1,25,1768.26,3.1160,0.14289,26.46,50.090,4.011,200.91,25.274,24.898,0.032491,0.006207,-0.009112,7.730,23.489
5.542969,1,25,1769.88,3.0803,0.15324,28.40,50.073,3.986,199.60,25.276,24.899,-0.008237,-0.021781,0.015879,7.576,23.489
5.546875,1,25,1770.06,3.0125,0.14100,26.14,50.087,3.906,195.64,25.277,24.900,-0.016498,-0.029567,0.014417,7.743,23.489
5.550781,1,25,1763.73,2.9925,0.13991,25.84,50.057,4.022,201.30,25.279,24.901,0.038117,0.021705,0.009683,7.636,23.489
5.554688,1,25,1773.48,3.0549,0.14279,26.52,50.072,4.028,201.69,25.280,24.903,0.039073,0.016561,0.005067,7.763,23.489
5.558594,1,25,1766.27,3.0824,0.14719,27.23,50.086,3.896,195.16,25.282,24.904,-0.017291,-0.030309,0.013831,7.700,23.489
5.562500,1,25,1775.87,3.1767,0.15313,28.48,50.069,3.941,197.31,25.283,24.905,-0.021035,-0.029924,0.012538,7.895,23.489
5.566406,1,25,1764.88,3.0464,0.15007,27.73,50.093,3.868,193.76,25.285,24.906,-0.030928,-0.005144,-0.006895,7.624,23.489
5.570313,1,25,1775.35,3.1411,0.15241,28.33,50.072,4.043,202.45,25.286,24.907,-0.031610,0.001590,-0.019576,7.691,23.490
5.574219,1,25,1776.98,3.1672,0.14928,27.78,50.054,3.982,199.32,25.288,24.908,0.031420,0.033895,0.017180,7.677,23.490
5.578125,1,25,1778.11,3.1249,0.13942,25.96,50.109,3.889,194.86,25.289,24.909,0.018033,-0.001916,-0.018505,7.621,23.490
5.582031,1,25,1768.89,3.1995,0.14639,27.12,50.114,3.843,192.60,25.291,24.910,-0.010804,-0.035075,0.017561,7.519,23.490
5.585938,1,25,1772.47,3.0862,0.15379,28.55,50.062,4.030,201.78,25.292,24.912,0.014135,0.025460,0.011240,7.769,23.490
5.589844,1,25,1771.41,3.1280,0.14758,27.38,50.036,4.007,200.52,25.294,24.913,0.020355,0.027569,0.015840,7.759,23.490
5.593750,1,25,1764.85,3.0082,0.14831,27.41,50.084,3.903,195.48,25.295,24.914,-0.008322,-0.032539,0.016046,7.782,23.490
5.597656,1,25,1768.51,3.1408,0.14924,27.64,50.071,3.898,195.15,25.297,24.915,0.002711,0.021542,0.008156,7.663,23.490
5.601563,1,25,1766.95,3.0251,0.13921,25.76,50.069,3.910,195.75,25.298,24.916,-0.008099,0.015099,0.001832,7.530,23.490
5.605469,1,25,1777.45,3.2585,0.14312,26.64,50.094,4.030,201.88,25.300,24.917,0.024061,0.032170,0.017594,7.579,23.490
5.609375,1,25,1768.31,3.1495,0.15170,28.09,50.081,4.012,200.91,25.302,24.918,0.016769,-0.001263,-0.017035,7.724,23.490
5.613281,1,25,1768.92,3.0621,0.14729,27.28,50.066,3.976,199.05,25.303,24.919,-0.008491,-0.019127,0.007955,7.741,23.490
5.617188,1,25,1779.42,3.1794,0.14620,27.24,50.077,3.991,199.87,25.305,24.920,-0.015042,-0.035846,0.019076,7.719,23.490
5.621094,1,25,1766.71,3.1120,0.13900,25.72,50.086,3.933,196.99,25.306,24.922,-0.009039,-0.026381,0.011517,7.561,23.490
5.625000,1,25,1771.14,3.0963,0.15051,27.92,50.081,3.927,196.66,25.308,24.923,0.020192,0.033990,0.014982,7.809,23.490
5.628906,1,25,1771.01,3.1160,0.15329,28.43,50.077,3.930,196.82,25.309,24.924,0.040858,0.025700,0.011575,7.733,23.490
5.632813,1,25,1781.33,3.2190,0.15114,28.19,50.066,3.983,199.43,25.311,24.925,0.033366,0.006436,-0.006648,7.741,23.490
5.636719,1,25,1775.06,3.0628,0.15360,28.55,50.075,4.067,203.65,25.312,24.926,-0.034553,-0.002925,-0.010226,7.757,23.491
5.640625,1,25,1777.11,3.2306,0.14742,27.43,50.098,3.861,193.43,25.314,24.927,0.028332,0.033512,0.017705,7.788,23.491
5.644531,1,25,1771.37,3.1304,0.15368,28.51,50.070,4.068,203.67,25.315,24.928,-0.016492,-0.027944,0.013296,7.713,23.491
5.648438,1,25,1771.95,3.0822,0.15155,28.12,50.047,3.949,197.64,25.317,24.929,-0.031077,0.001297,-0.018869,7.739,23.491
5.652344,1,25,1775.41,3.1668,0.14961,27.82,50.088,3.883,194.49,25.318,24.930,0.028840,0.003406,-0.010527,7.768,23.491
5.656250,1,25,1772.94,3.0224,0.15971,29.65,50.054,4.042,202.32,25.320,24.932,0.039358,0.028207,0.014845,7.700,23.491
5.660156,1,25,1775.56,3.1377,0.15009,27.91,50.060,3.973,198.88,25.321,24.933,-0.006699,-0.025881,0.008790,7.763,23.491
5.664063,1,25,1782.93,3.1322,0.14446,26.97,50.076,4.039,202.28,25.323,24.934,0.017550,-0.004048,-0.019477,7.717,23.491
5.667969,1,25,1769.29,3.1149,0.15584,28.87,50.049,4.001,200.23,25.324,24.935,0.041977,0.029456,0.015702,7.735,23.491
5.671875,1,25,1769.22,3.1284,0.14437,26.75,50.081,3.948,197.72,25.326,24.936,0.030736,0.003654,-0.012606,7.821,23.491
5.675781,1,25,1768.96,3.0748,0.14830,27.47,50.067,3.922,196.37,25.327,24.937,0.015528,-0.001127,-0.018520,7.638,23.491
5.679688,1,25,1771.12,3.0987,0.14856,27.55,50.073,3.991,199.85,25.329,24.938,-0.017577,-0.020315,0.007618,7.774,23.491
5.683594,1,25,1777.25,3.1534,0.15060,28.03,50.083,4.043,202.47,25.331,24.939,0.009153,-0.000643,-0.017136,7.697,23.491
5.687500,1,25,1779.07,3.0156,0.14558,27.12,50.073,3.991,199.85,25.332,24.941,-0.019304,-0.025057,0.009828,7.710,23.491
5.691406,1,25,1770.61,3.0405,0.14481,26.85,50.084,3.972,198.92,25.334,24.942,-0.009539,0.012776,0.000985,7.627,23.491
5.695313,1,25,1767.33,3.0145,0.14963,27.69,50.096,3.970,198.90,25.335,24.943,-0.031176,-0.001202,-0.013043,7.697,23.491
5.699219,1,25,1774.93,3.0442,0.14269,26.52,50.096,3.942,197.47,25.337,24.944,-0.013652,-0.034644,0.017981,7.708,23.491
5.703125,1,25,1775.36,3.0193,0.15594,28.99,50.047,3.976,198.99,25.338,24.945,-0.032884,-0.001691,-0.010043,7.615,23.492
5.707031,1,25,1769.48,2.9473,0.15071,27.93,50.082,3.976,199.14,25.340,24.946,0.020733,0.001834,-0.017437,7.855,23.492
5.710938,1,25,1772.63,3.1359,0.15019,27.88,50.108,3.902,195.54,25.341,24.947,-0.026128,-0.007925,-0.005377,7.741,23.492
5.714844,1,25,1771.66,3.0836,0.15365,28.51,50.087,4.010,200.85,25.343,24.948,-0.031309,-0.003551,-0.013112,7.863,23.492
5.718750,1,25,1779.04,3.1927,0.15745,29.33,50.067,3.994,199.99,25.344,24.949,-0.013566,-0.034464,0.017680,7.751,23.492
5.722656,1,25,1766.92,3.0203,0.14019,25.94,50.098,3.746,187.67,25.346,24.950,-0.010790,-0.029079,0.011488,7.574,23.492
5.726563,1,25,1779.55,3.0981,0.15701,29.26,50.088,3.887,194.71,25.347,24.951,-0.030840,0.000573,-0.017633,7.766,23.492
5.730469,1,25,1780.73,3.0833,0.15171,28.29,50.081,3.993,200.00,25.349,24.952,0.029196,0.033177,0.018997,7.761,23.492
5.734375,1,25,1778.23,3.1334,0.15239,28.38,50.082,4.052,202.94,25.350,24.954,-0.009422,0.015134,0.000245,7.830,23.492
5.738281,1,25,1771.90,3.0989,0.15702,29.13,50.100,3.939,197.33,25.352,24.955,-0.004585,-0.011465,-0.000298,7.643,23.492
5.742188,1,25,1772.63,3.2057,0.14602,27.11,50.083,3.990,199.85,25.353,24.956,-0.015177,-0.025629,0.010840,7.656,23.492
5.746094,1,25,1765.60,3.0050,0.14853,27.46,50.082,4.025,201.60,25.355,24.957,0.033952,0.036755,0.018969,7.687,23.492
5.750000,1,25,1776.84,3.1231,0.14983,27.88,50.085,3.927,196.69,25.356,24.958,0.023853,-0.001311,-0.016186,7.773,23.492
5.753906,1,25,1776.74,3.0882,0.15204,28.29,50.049,4.042,202.32,25.358,24.959,0.006418,-0.004202,-0.012499,7.732,23.492
5.757813,1,25,1777.38,3.1498,0.15408,28.68,50.059,3.863,193.36,25.359,24.960,-0.009713,-0.030013,0.016088,7.707,23.492
5.761719,1,25,1768.47,3.1636,0.14045,26.01,50.074,3.946,197.58,25.361,24.961,-0.033869,0.003626,-0.017644,7.646,23.492
5.765625,1,25,1775.35,3.2144,0.15085,28.04,50.095,3.945,197.64,25.362,24.962,-0.013154,-0.033858,0.017106,7.638,23.492
5.769531,1,25,1772.70,3.0115,0.14652,27.20,50.085,4.032,201.93,25.364,24.963,-0.002772,-0.014618,0.000981,7.658,23.492
5.773438,1,25,1770.64,3.0831,0.14194,26.32,50.070,3.991,199.81,25.365,24.965,-0.000321,-0.004265,-0.013470,7.674,23.493
5.777344,1,25,1771.75,3.1848,0.15575,28.90,50.069,3.941,197.33,25.367,24.966,-0.012218,-0.033583,0.017661,7.588,23.493
5.781250,1,25,1777.66,3.0733,0.15166,28.23,50.068,3.963,198.44,25.368,24.967,0.022885,0.001520,-0.016783,7.850,23.493
5.785156,1,25,1776.79,3.1212,0.15558,28.95,50.080,3.830,191.82,25.369,24.968,0.016211,-0.002949,-0.018206,7.692,23.493
5.789063,1,25,1774.17,3.0703,0.15646,29.07,50.076,3.993,199.94,25.371,24.969,0.038455,0.019706,0.004974,7.729,23.493
5.792969,1,25,1770.19,3.0642,0.15064,27.92,50.119,3.808,190.87,25.372,24.970,-0.018549,0.005334,-0.006356,7.670,23.493
5.796875,1,25,1778.87,3.0977,0.15024,27.99,50.058,3.945,197.49,25.374,24.971,-0.026299,0.000132,-0.018251,7.772,23.493
5.800781,1,25,1767.99,3.0921,0.15138,28.03,50.080,3.970,198.79,25.375,24.972,-0.017726,0.009454,-0.003944,7.564,23.493
5.804688,1,25,1779.44,3.0841,0.14327,26.70,50.063,3.981,199.30,25.377,24.973,0.038848,0.021926,0.010086,7.728,23.493
5.808594,1,25,1773.46,3.0821,0.14161,26.30,50.056,4.024,201.42,25.378,24.974,-0.025650,-0.013863,0.001218,7.742,23.493
5.812500,1,25,1770.63,3.1051,0.14390,26.68,50.097,3.916,196.18,25.380,24.975,-0.010838,-0.030509,0.014928,7.717,23.493
5.816406,1,25,1766.92,3.0579,0.13912,25.74,50.062,3.906,195.54,25.381,24.976,0.023825,-0.001261,-0.015327,7.720,23.493
5.820313,1,25,1777.80,3.1099,0.15020,27.96,50.073,3.941,197.36,25.383,24.977,-0.003285,-0.012746,-0.000980,7.806,23.493
5.824219,1,25,1775.89,3.1324,0.15808,29.40,50.075,3.876,194.10,25.384,24.978,0.002227,-0.000447,-0.013375,7.793,23.493
5.828125,1,25,1768.11,3.1505,0.15362,28.44,50.054,4.128,206.63,25.386,24.980,-0.029623,-0.003349,-0.008227,7.610,23.493
5.832031,1,25,1777.18,3.1534,0.15556,28.95,50.101,3.934,197.10,25.387,24.981,-0.027407,-0.003197,-0.009832,7.758,23.493
5.835938,1,25,1768.57,3.0569,0.14874,27.55,50.072,3.917,196.13,25.389,24.982,0.012159,0.026213,0.014092,7.732,23.493
5.839844,1,25,1767.32,3.0722,0.14422,26.69,50.051,3.971,198.76,25.390,24.983,0.010133,0.028345,0.013316,7.590,23.494
5.843750,1,25,1769.64,3.0606,0.15808,29.29,50.092,3.942,197.46,25.392,24.984,0.008653,-0.000296,-0.013606,7.734,23.494
5.847656,1,25,1773.43,3.1465,0.14356,26.66,50.078,3.996,200.09,25.393,24.985,-0.028403,0.004670,-0.017255,7.776,23.494
5.851563,1,25,1769.06,3.1212,0.14213,26.33,50.080,3.976,199.14,25.395,24.986,-0.011669,-0.032309,0.013234,7.686,23.494
5.855469,1,25,1767.97,3.1259,0.14654,27.13,50.059,3.933,196.88,25.396,24.987,-0.012857,-0.030873,0.017526,7.676,23.494
5.859375,1,25,1776.17,3.1400,0.14823,27.57,50.090,3.918,196.27,25.398,24.988,-0.002714,-0.011760,-0.002840,7.638,23.494
5.863281,1,25,1781.83,3.2134,0.14835,27.68,50.047,4.074,203.87,25.399,24.989,0.036191,0.031636,0.014569,7.712,23.494
5.867188,1,25,1764.92,3.0955,0.15364,28.40,50.080,4.028,201.72,25.401,24.990,-0.015647,-0.033441,0.019755,7.658,23.494
5.871094,1,25,1775.42,3.1607,0.15003,27.89,50.045,4.099,205.15,25.402,24.991,-0.028946,-0.007332,-0.005738,7.766,23.494
5.875000,1,25,1770.12,3.1096,0.15589,28.90,50.091,3.918,196.24,25.404,24.992,0.016471,-0.003817,-0.018112,7.654,23.494
5.878906,1,25,1769.05,3.1416,0.15626,28.95,50.099,3.898,195.29,25.405,24.993,0.012234,-0.000758,-0.015584,7.728,23.494
5.882813,1,25,1778.99,3.1868,0.15767,29.37,50.086,3.978,199.22,25.407,24.995,0.001078,-0.010237,-0.005910,7.678,23.494
5.886719,1,25,1773.39,3.0896,0.14797,27.48,50.078,4.040,202.32,25.408,24.996,0.006817,0.024092,0.008727,7.777,23.494
5.890625,1,25,1775.81,3.1703,0.14406,26.79,50.067,4.083,204.44,25.410,24.997,0.009660,-0.000859,-0.018477,7.696,23.494
5.894531,1,25,1774.18,3.1753,0.15099,28.05,50.061,3.941,197.27,25.411,24.998,0.018022,-0.002026,-0.016663,7.667,23.494
5.898438,1,25,1775.63,3.0816,0.15727,29.24,50.060,3.958,198.12,25.413,24.999,-0.008324,-0.032503,0.016874,7.694,23.494
5.902344,1,25,1770.31,3.0548,0.14672,27.20,50.104,3.994,200.11,25.414,25.000,0.042094,0.026343,0.008913,7.628,23.494
5.906250,1,25,1769.00,3.0478,0.15325,28.39,50.065,3.971,198.82,25.416,25.001,0.040808,0.024970,0.014343,7.672,23.495
5.910156,1,25,1779.32,3.1131,0.14777,27.53,50.080,3.938,197.20,25.417,25.002,0.024065,-0.003501,-0.013588,7.828,23.495
5.914063,1,25,1781.33,3.1258,0.15122,28.21,50.051,4.044,202.38,25.418,25.003,-0.011497,-0.037266,0.017446,7.743,23.495
5.917969,1,25,1774.33,3.0807,0.14273,26.52,50.056,4.047,202.57,25.420,25.004,0.006222,0.024727,0.013790,7.650,23.495
5.921875,1,25,1771.52,3.0680,0.14503,26.90,50.058,3.963,198.38,25.421,25.005,-0.028470,-0.000926,-0.017207,7.784,23.495
5.925781,1,25,1767.53,3.1566,0.14183,26.25,50.059,4.071,203.79,25.423,25.006,-0.011482,-0.034946,0.020536,7.640,23.495
5.929688,1,25,1769.07,3.0883,0.14539,26.94,50.083,3.945,197.59,25.424,25.007,-0.035799,0.000342,-0.019419,7.595,23.495
5.933594,1,25,1776.84,3.1263,0.15402,28.66,50.066,4.050,202.78,25.426,25.009,-0.031092,-0.007926,-0.002149,7.727,23.495
5.937500,1,25,1781.25,3.1502,0.14406,26.87,50.083,4.001,200.38,25.427,25.010,0.027128,0.000692,-0.015317,7.707,23.495
5.941406,1,25,1767.30,3.0847,0.14603,27.03,50.056,3.987,199.55,25.429,25.011,0.009304,0.024047,0.013049,7.492,23.495
5.945313,1,25,1774.98,3.0050,0.14731,27.38,50.059,3.943,197.38,25.430,25.012,-0.028795,0.002771,-0.012503,7.667,23.495
5.949219,1,25,1769.08,3.1123,0.13386,24.80,50.044,4.008,200.57,25.432,25.013,-0.001436,-0.007101,-0.010807,7.684,23.495
5.953125,1,25,1772.54,3.0870,0.14595,27.09,50.081,3.982,199.41,25.433,25.014,-0.024030,0.002286,-0.015734,7.738,23.495
5.957031,1,25,1769.57,3.0558,0.14963,27.73,50.072,4.031,201.85,25.435,25.015,-0.021967,-0.015276,0.003841,7.774,23.495
5.960938,1,25,1779.12,3.1604,0.15228,28.37,50.066,3.885,194.52,25.436,25.016,-0.029529,-0.000205,-0.009319,7.685,23.495
5.964844,1,25,1773.77,3.1450,0.15108,28.06,50.098,3.837,192.21,25.438,25.017,0.013030,-0.001371,-0.018681,7.664,23.495
5.968750,1,25,1776.08,3.0903,0.16282,30.28,50.097,3.898,195.29,25.439,25.018,-0.023145,-0.015444,0.004058,7.673,23.495
5.972656,1,25,1775.12,3.0895,0.14386,26.74,50.055,3.953,197.84,25.440,25.019,-0.025080,-0.013657,0.000973,7.656,23.495
5.976563,1,25,1768.01,3.1359,0.14645,27.12,50.063,3.970,198.77,25.442,25.020,0.036334,0.032444,0.020276,7.636,23.496
5.980469,1,25,1768.53,3.0994,0.15133,28.03,50.067,3.941,197.33,25.443,25.021,0.026227,-0.001189,-0.016188,7.704,23.496
5.984375,1,25,1766.44,3.1699,0.14461,26.75,50.099,3.899,195.35,25.445,25.022,0.038504,0.015871,0.003988,7.639,23.496
5.988281,1,25,1771.56,3.0524,0.15548,28.84,50.073,3.966,198.61,25.446,25.023,-0.032406,-0.001019,-0.015247,7.761,23.496
5.992188,1,25,1770.48,3.0284,0.15702,29.11,50.068,3.970,198.79,25.448,25.024,-0.031259,-0.000245,-0.015450,7.773,23.496
5.996094,1,25,1776.25,3.1146,0.15389,28.63,50.091,4.012,200.96,25.449,25.025,-0.006520,-0.024606,0.011550,7.803,23.496
6.000000,1,25,1772.26,3.2124,0.15091,28.01,50.055,3.994,199.92,25.451,25.026,0.032953,0.008585,-0.003759,7.662,23.496
6.003906,1,25,1780.34,3.1286,0.13978,26.06,50.089,3.989,199.81,25.452,25.027,0.039398,0.026507,0.009656,7.807,23.496
6.007813,1,25,1774.25,3.1549,0.15010,27.89,50.059,3.949,197.70,25.454,25.028,-0.021426,-0.021592,0.010303,7.609,23.496
6.011719,1,25,1777.70,2.9761,0.15412,28.69,50.043,4.016,200.99,25.455,25.029,0.035969,0.035072,0.013864,7.817,23.496
6.015625,1,25,1781.75,3.1391,0.15163,28.29,50.048,4.175,208.95,25.457,25.031,-0.020149,-0.029241,0.017441,7.793,23.496
6.019531,1,25,1773.84,3.1318,0.15429,28.66,50.111,3.826,191.72,25.458,25.032,-0.006265,0.013602,0.000279,7.671,23.496
6.023438,1,25,1771.33,3.1681,0.15112,28.03,50.082,4.018,201.22,25.459,25.033,-0.032239,0.001028,-0.019059,7.657,23.496
6.027344,1,25,1773.43,3.0831,0.14687,27.28,50.051,3.941,197.27,25.461,25.034,0.040495,0.024243,0.012868,7.749,23.496
6.031250,1,25,1770.04,3.1330,0.14776,27.39,50.062,3.948,197.66,25.462,25.035,-0.013940,0.007248,-0.006649,7.604,23.496
6.035156,1,25,1768.11,3.0520,0.14804,27.41,50.089,3.898,195.25,25.464,25.036,-0.029432,0.002321,-0.019740,7.648,23.496
6.039063,1,25,1778.64,3.0591,0.14995,27.93,50.079,3.940,197.30,25.465,25.037,0.016552,0.028054,0.015527,7.784,23.496
6.042969,1,25,1770.39,3.1805,0.14422,26.74,50.058,4.062,203.34,25.467,25.038,0.020049,0.000333,-0.018511,7.672,23.497
6.046875,1,25,1768.44,3.0707,0.14509,26.87,50.076,3.933,196.95,25.468,25.039,0.036292,0.009539,-0.006059,7.758,23.497
6.050781,1,25,1771.35,3.1216,0.14039,26.04,50.093,4.057,203.21,25.470,25.040,-0.014925,-0.028795,0.014268,7.769,23.497
6.054688,1,25,1768.80,3.1230,0.14286,26.46,50.075,3.948,197.69,25.471,25.041,-0.007624,-0.022274,0.010589,7.792,23.497
6.058594,1,25,1768.52,3.1619,0.15191,28.13,50.087,3.963,198.50,25.472,25.042,-0.010353,-0.035809,0.018328,7.714,23.497
6.062500,1,25,1768.56,3.1582,0.14282,26.45,50.068,4.069,203.73,25.474,25.043,-0.025759,-0.012858,0.002019,7.854,23.497
6.066406,1,25,1775.26,3.0035,0.15066,28.01,50.059,3.988,199.61,25.475,25.044,-0.005320,-0.019411,0.008988,7.807,23.497
6.070313,1,25,1775.33,3.0741,0.14900,27.70,50.093,3.804,190.54,25.477,25.045,-0.011803,-0.034527,0.014929,7.766,23.497
6.074219,1,25,1768.55,3.0920,0.14765,27.34,50.088,3.864,193.56,25.478,25.046,0.021181,0.028526,0.017078,7.647,23.497
6.078125,1,25,1772.91,3.0710,0.15469,28.72,50.069,4.090,204.76,25.480,25.047,-0.014011,-0.034170,0.015254,7.766,23.497
6.082031,1,25,1773.27,3.1217,0.14724,27.34,50.088,3.959,198.29,25.481,25.048,-0.029584,-0.002024,-0.010197,7.680,23.497
6.085938,1,25,1774.53,3.0583,0.14742,27.39,50.071,4.024,201.50,25.483,25.049,0.005517,0.019129,0.007215,7.659,23.497
6.089844,1,25,1769.20,3.0672,0.14645,27.13,50.079,4.019,201.26,25.484,25.050,-0.013621,-0.037430,0.019191,7.652,23.497
6.093750,1,25,1770.20,3.1413,0.14909,27.64,50.100,3.842,192.49,25.485,25.051,-0.032397,-0.001630,-0.014726,7.661,23.497
6.097656,1,25,1771.41,3.0827,0.15177,28.15,50.098,3.947,197.73,25.487,25.052,0.014003,0.028085,0.014159,7.719,23.497
6.101563,1,25,1770.26,2.9947,0.15108,28.01,50.077,3.921,196.38,25.488,25.053,0.014672,0.028019,0.015310,7.825,23.497
6.105469,1,25,1780.43,3.2252,0.15060,28.08,50.076,3.996,200.11,25.490,25.054,0.041413,0.023548,0.004116,7.659,23.497
6.109375,1,25,1776.58,2.9950,0.14683,27.32,50.074,3.962,198.37,25.491,25.055,-0.025134,-0.000128,-0.009656,7.794,23.497
6.113281,1,25,1771.40,3.0383,0.14042,26.05,50.070,4.045,202.55,25.493,25.056,-0.003732,-0.017183,0.009365,7.586,23.498
6.117188,1,25,1767.99,3.1016,0.15201,28.14,50.098,3.850,192.87,25.494,25.057,0.029593,0.002955,-0.010858,7.817,23.498
6.121094,1,25,1766.19,3.0384,0.15925,29.45,50.078,4.026,201.61,25.495,25.058,0.038549,0.015171,0.002590,7.762,23.498
6.125000,1,25,1770.69,3.1290,0.14535,26.95,50.069,4.169,208.76,25.497,25.059,-0.030127,-0.003124,-0.013261,7.727,23.498
6.128906,1,25,1769.94,3.1434,0.13946,25.85,50.072,4.073,203.94,25.498,25.061,-0.031947,0.000763,-0.015065,7.706,23.498
6.132813,1,25,1775.95,3.1531,0.15335,28.52,50.075,4.028,201.69,25.500,25.062,-0.007801,-0.028745,0.014853,7.708,23.498
6.136719,1,25,1776.71,3.1722,0.15194,28.27,50.061,4.065,203.48,25.501,25.063,-0.028098,-0.010187,-0.004334,7.824,23.498
6.140625,1,25,1773.32,3.0191,0.15227,28.28,50.077,3.845,192.57,25.503,25.064,-0.010660,-0.020843,0.008630,7.763,23.498
6.144531,1,25,1771.26,3.1418,0.14567,27.02,50.083,3.966,198.64,25.504,25.065,0.003010,-0.003082,-0.012851,7.790,23.498
6.148438,1,25,1770.85,3.0967,0.14750,27.35,50.078,3.968,198.72,25.506,25.066,-0.006841,-0.014316,0.003797,7.748,23.498
6.152344,1,25,1776.39,3.1547,0.14711,27.37,50.057,3.993,199.85,25.507,25.067,0.042171,0.024899,0.013088,7.770,23.498
6.156250,1,25,1768.51,3.0821,0.14399,26.67,50.066,4.009,200.71,25.508,25.068,-0.003710,-0.014013,0.001620,7.771,23.498
6.160156,1,25,1768.61,3.0761,0.15273,28.29,50.078,3.945,197.57,25.510,25.069,-0.014836,-0.034121,0.018482,7.629,23.498
6.164063,1,25,1774.92,3.0099,0.14432,26.82,50.050,3.975,198.94,25.511,25.070,0.010296,-0.003775,-0.018843,7.753,23.498
6.167969,1,25,1768.06,3.1399,0.13938,25.81,50.090,3.911,195.88,25.513,25.071,-0.028761,-0.001995,-0.013687,7.777,23.498
6.171875,1,25,1776.74,3.1407,0.14356,26.71,50.074,3.874,193.97,25.514,25.072,-0.030279,-0.003522,-0.012466,7.812,23.498
6.175781,1,25,1771.14,3.1942,0.14215,26.37,50.083,3.891,194.88,25.515,25.073,0.020592,-0.000027,-0.016250,7.762,23.498
6.179688,1,25,1770.02,3.0428,0.14855,27.54,50.057,3.954,197.92,25.517,25.074,0.020396,0.001999,-0.019372,7.748,23.499
6.183594,1,25,1777.07,3.1125,0.14649,27.26,50.054,4.132,206.82,25.518,25.075,0.039497,0.027013,0.014963,7.753,23.499
6.187500,1,25,1769.38,3.0474,0.15996,29.64,50.060,4.032,201.84,25.520,25.076,-0.008660,-0.014757,0.007133,7.655,23.499
6.191406,1,25,1770.65,3.1240,0.14595,27.06,50.072,3.867,193.62,25.521,25.077,-0.025474,-0.010974,-0.005453,7.610,23.499
6.195313,1,25,1771.29,3.0132,0.15147,28.10,50.077,3.970,198.78,25.523,25.078,-0.020734,0.000017,-0.011864,7.752,23.499
6.199219,1,25,1771.47,3.0762,0.15391,28.55,50.075,4.052,202.90,25.524,25.079,0.016399,0.029222,0.014558,7.833,23.499
6.203125,1,25,1769.01,3.0039,0.15191,28.14,50.070,3.844,192.45,25.525,25.080,-0.024458,0.003166,-0.011463,7.766,23.499
6.207031,1,25,1775.06,3.0876,0.14356,26.68,50.076,3.924,196.52,25.527,25.081,-0.016403,-0.026318,0.015675,7.631,23.499
6.210938,1,25,1772.42,3.0364,0.14587,27.08,50.073,3.990,199.77,25.528,25.082,-0.006619,-0.016834,0.004717,7.694,23.499
6.214844,1,25,1771.07,3.1058,0.16211,30.07,50.054,3.928,196.59,25.530,25.083,-0.005008,-0.013566,-0.002190,7.830,23.499
6.218750,1,25,1772.41,3.1402,0.14734,27.35,50.086,4.058,203.25,25.531,25.084,-0.025685,-0.010595,0.001218,7.780,23.499
6.222656,1,25,1768.26,3.1160,0.14318,26.51,50.072,4.015,201.03,25.533,25.085,0.000386,-0.004232,-0.014631,7.727,23.499
6.226563,1,25,1763.92,3.0994,0.14890,27.50,50.078,3.864,193.49,25.534,25.086,0.023292,0.030455,0.014315,7.626,23.499
6.230469,1,25,1771.55,3.1161,0.15169,28.14,50.072,3.906,195.60,25.535,25.087,-0.007398,0.012209,0.003184,7.754,23.499
6.234375,1,25,1772.90,3.1365,0.15649,29.05,50.063,3.943,197.40,25.537,25.088,0.034080,0.007125,-0.001013,7.827,23.499
6.238281,1,25,1771.93,3.0892,0.15474,28.71,50.120,3.857,193.31,25.538,25.089,0.033949,0.007294,-0.004266,7.786,23.499
6.242188,1,25,1769.12,3.0615,0.14952,27.70,50.090,3.834,192.04,25.539,25.090,0.022634,0.032440,0.017501,7.696,23.499
6.246094,1,25,1775.88,3.1544,0.15005,27.90,50.067,3.948,197.66,25.541,25.091,-0.029128,-0.000632,-0.016046,7.643,23.499
6.250000,1,25,1767.42,3.1779,0.14756,27.31,50.068,4.011,200.81,25.542,25.092,0.033294,0.033392,0.016987,7.568,23.500
6.253906,1,25,1770.79,3.0579,0.14470,26.83,50.099,3.961,198.46,25.544,25.093,-0.010116,-0.032839,0.017201,7.752,23.500
6.257813,1,25,1770.15,3.0924,0.15413,28.57,50.090,3.996,200.18,25.545,25.094,-0.015610,-0.031675,0.015773,7.646,23.500
6.261719,1,25,1768.46,2.9481,0.15378,28.48,50.083,4.007,200.69,25.546,25.095,-0.012515,-0.033651,0.015967,7.733,23.500
6.265625,1,25,1773.18,3.0637,0.14423,26.78,50.073,4.037,202.17,25.548,25.096,0.037012,0.020825,0.006352,7.762,23.500
6.269531,1,25,1771.05,3.1378,0.15078,27.96,50.071,3.951,197.81,25.549,25.097,0.027261,0.033295,0.018682,7.749,23.500
6.273438,1,25,1773.60,3.1597,0.14424,26.79,50.090,4.015,201.10,25.551,25.098,-0.003972,-0.007719,-0.002821,7.736,23.500
6.277344,1,25,1768.70,3.0465,0.14844,27.49,50.079,3.877,194.14,25.552,25.099,0.020843,0.031630,0.018883,7.732,23.500
6.281250,1,25,1775.13,3.1105,0.15061,28.00,50.094,3.969,198.83,25.553,25.100,-0.030556,-0.003257,-0.017727,7.574,23.500
6.285156,1,25,1767.15,3.0100,0.14338,26.53,50.079,3.992,199.92,25.555,25.101,0.038628,0.032264,0.016675,7.714,23.500
6.289063,1,25,1775.81,3.1709,0.13886,25.82,50.092,3.803,190.50,25.556,25.101,0.039793,0.030561,0.014936,7.837,23.500
6.292969,1,25,1773.22,3.1017,0.15730,29.21,50.080,3.995,200.09,25.558,25.102,0.000445,0.019718,0.007633,7.740,23.500
6.296875,1,25,1769.32,3.0739,0.14710,27.25,50.061,3.934,196.95,25.559,25.103,-0.021451,-0.014229,0.001634,7.881,23.500
6.300781,1,25,1771.08,3.1237,0.15812,29.33,50.067,4.011,200.81,25.560,25.104,0.003216,0.016390,0.005986,7.706,23.500
6.304688,1,25,1774.94,3.1041,0.14657,27.24,50.064,3.979,199.22,25.562,25.105,-0.009312,-0.023445,0.013209,7.742,23.500
6.308594,1,25,1773.43,3.1753,0.15632,29.03,50.082,3.985,199.58,25.563,25.106,-0.003907,-0.013436,0.002124,7.670,23.500
6.312500,1,25,1770.53,3.0434,0.14549,26.98,50.053,4.122,206.31,25.565,25.107,0.027040,-0.000059,-0.016407,7.632,23.500
6.316406,1,25,1775.27,3.0917,0.14284,26.55,50.080,4.130,206.81,25.566,25.109,-0.023362,0.001726,-0.012622,7.690,23.500
6.320313,1,25,1771.42,3.1777,0.15553,28.85,50.063,3.876,194.06,25.567,25.109,-0.014734,-0.035605,0.014717,7.724,23.501
6.324219,1,25,1768.75,3.1530,0.15415,28.55,50.111,3.929,196.90,25.569,25.110,-0.003628,-0.005943,-0.003514,7.614,23.501
6.328125,1,25,1770.53,2.9746,0.15454,28.65,50.071,4.051,202.82,25.570,25.111,-0.031130,-0.003129,-0.005027,7.669,23.501
6.332031,1,25,1772.89,3.0938,0.15338,28.48,50.090,3.844,192.52,25.572,25.112,0.035420,0.034702,0.019524,7.629,23.501
6.335938,1,25,1773.66,3.1051,0.15387,28.58,50.082,3.886,194.63,25.573,25.113,0.023929,-0.002484,-0.016487,7.657,23.501
6.339844,1,25,1775.60,3.1259,0.14785,27.49,50.083,4.046,202.63,25.574,25.114,-0.015855,-0.031221,0.016826,7.825,23.501
6.343750,1,25,1773.37,3.2106,0.15149,28.13,50.077,3.973,198.97,25.576,25.115,-0.009179,-0.020979,0.009437,7.800,23.501
6.347656,1,25,1774.15,3.1138,0.15003,27.87,50.100,4.040,202.39,25.577,25.116,-0.024840,-0.015070,-0.000245,7.721,23.501
6.351563,1,25,1778.53,3.1154,0.14835,27.63,50.060,4.005,200.50,25.579,25.117,0.025380,0.002340,-0.013250,7.666,23.501
6.355469,1,25,1773.71,3.1001,0.14057,26.11,50.066,3.843,192.41,25.580,25.118,-0.028113,0.002326,-0.015365,7.743,23.501
6.359375,1,25,1771.65,3.1278,0.14437,26.78,50.061,4.027,201.59,25.581,25.119,-0.033164,0.000317,-0.014055,7.854,23.501
6.363281,1,25,1772.42,3.0593,0.15811,29.35,50.041,4.001,200.23,25.583,25.120,-0.001357,0.015324,0.007461,7.732,23.501
6.367188,1,25,1774.23,3.1077,0.14422,26.80,50.066,3.928,196.64,25.584,25.121,0.027552,-0.000143,-0.014811,7.772,23.501
6.371094,1,25,1771.86,3.1702,0.15162,28.13,50.074,4.086,204.63,25.586,25.122,0.038137,0.027480,0.012975,7.703,23.501
6.375000,1,25,1769.78,3.0990,0.14709,27.26,50.055,4.035,201.99,25.587,25.123,0.018010,0.027889,0.016197,7.704,23.501
6.378906,1,25,1772.17,3.1409,0.15172,28.16,50.052,3.838,192.12,25.588,25.124,0.002280,-0.005719,-0.009454,7.628,23.501
6.382813,1,25,1772.86,3.1443,0.13975,25.94,50.074,3.893,194.94,25.590,25.125,-0.015980,-0.035597,0.017336,7.712,23.501
6.386719,1,25,1771.54,3.0921,0.14992,27.81,50.082,4.013,200.96,25.591,25.126,-0.013787,-0.035918,0.019601,7.793,23.501
6.390625,1,25,1776.08,3.1038,0.15221,28.31,50.100,3.916,196.21,25.592,25.127,0.038875,0.020892,0.007693,7.833,23.502
6.394531,1,25,1770.92,3.1548,0.15882,29.45,50.067,3.879,194.19,25.594,25.128,-0.029794,-0.005741,-0.008679,7.663,23.502
6.398438,1,25,1778.06,3.1095,0.14214,26.47,50.076,3.983,199.47,25.595,25.129,-0.014862,-0.032876,0.017883,7.747,23.502
6.402344,1,25,1768.72,3.1432,0.15345,28.42,50.052,3.970,198.71,25.596,25.130,-0.031295,-0.005624,-0.006302,7.695,23.502
6.406250,1,25,1773.89,3.1072,0.14488,26.91,50.078,4.000,200.29,25.598,25.131,0.002614,-0.002920,-0.012152,7.561,23.502
6.410156,1,25,1771.93,3.0014,0.14976,27.79,50.105,3.867,193.73,25.599,25.132,0.019360,-0.001972,-0.017707,7.673,23.502
6.414063,1,25,1772.30,3.1937,0.15065,27.96,50.072,4.076,204.12,25.601,25.133,-0.003608,-0.015286,0.001592,7.771,23.502
6.417969,1,25,1777.72,3.1569,0.14395,26.80,50.089,4.030,201.86,25.602,25.134,0.040453,0.023286,0.011037,7.698,23.502
6.421875,1,25,1777.51,3.1593,0.14405,26.81,50.087,4.030,201.87,25.603,25.135,0.027282,0.005435,-0.008871,7.692,23.502
6.425781,1,25,1768.08,3.0643,0.15149,28.05,50.098,3.948,197.78,25.605,25.136,0.008482,-0.004238,-0.019272,7.608,23.502
6.429688,1,25,1769.97,3.0187,0.14755,27.35,50.093,3.902,195.46,25.606,25.137,-0.023110,-0.020189,0.006322,7.740,23.502
6.433594,1,25,1764.11,3.0911,0.13974,25.82,50.080,4.018,201.23,25.608,25.138,0.037220,0.021676,0.010337,7.739,23.502
6.437500,1,25,1774.16,3.1009,0.15504,28.80,50.058,3.971,198.78,25.609,25.139,0.010472,-0.002811,-0.016387,7.620,23.502
6.441406,1,25,1774.79,3.1621,0.15408,28.64,50.056,3.927,196.57,25.610,25.140,-0.009589,-0.030012,0.015581,7.679,23.502
6.445313,1,25,1774.65,3.2004,0.14754,27.42,50.077,3.959,198.23,25.612,25.141,-0.015898,-0.031028,0.013209,7.710,23.502
6.449219,1,25,1776.47,3.1132,0.14469,26.92,50.055,4.019,201.19,25.613,25.142,-0.010602,0.009387,0.001062,7.529,23.502
6.453125,1,25,1772.28,3.0376,0.14892,27.64,50.099,3.849,192.86,25.614,25.142,-0.014281,-0.031588,0.015681,7.707,23.502
6.457031,1,25,1774.99,3.1776,0.16204,30.12,50.051,3.948,197.59,25.616,25.143,0.011780,0.028134,0.012576,7.672,23.502
6.460938,1,25,1769.18,3.0986,0.14983,27.76,50.083,3.913,195.98,25.617,25.144,-0.008915,-0.029004,0.011630,7.705,23.503
6.464844,1,25,1771.13,3.1103,0.14428,26.76,50.083,3.933,196.99,25.618,25.145,-0.029601,0.002385,-0.017026,7.770,23.503
6.468750,1,25,1771.99,3.2362,0.15049,27.93,50.075,3.894,194.97,25.620,25.146,0.019913,0.032309,0.015183,7.787,23.503
6.472656,1,25,1775.23,3.0869,0.15659,29.11,50.101,3.950,197.91,25.621,25.147,-0.010773,-0.022001,0.010436,7.822,23.503
6.476563,1,25,1772.65,3.1072,0.14792,27.46,50.069,3.825,191.52,25.622,25.148,0.010433,0.000141,-0.018775,7.770,23.503
6.480469,1,25,1770.15,3.1280,0.15199,28.17,50.073,4.069,203.77,25.624,25.149,0.035705,0.014543,0.005104,7.739,23.503
6.484375,1,25,1770.76,3.0887,0.15281,28.34,50.082,3.955,198.08,25.625,25.150,0.005199,-0.003131,-0.016533,7.725,23.503
6.488281,1,25,1771.21,3.1370,0.14867,27.58,50.084,4.025,201.57,25.626,25.151,-0.008757,-0.032082,0.015521,7.738,23.503
6.492188,1,25,1773.76,3.1109,0.14700,27.30,50.067,3.953,197.92,25.628,25.152,-0.015493,0.007671,-0.005976,7.707,23.503
6.496094,1,25,1777.31,3.1467,0.14885,27.70,50.071,3.981,199.31,25.629,25.153,-0.005117,-0.006337,-0.006583,7.670,23.503
6.500000,1,25,1773.85,3.1410,0.14845,27.58,50.081,3.915,196.09,25.630,25.154,0.039849,0.022073,0.008533,7.698,23.503
6.503906,1,25,1770.93,3.0962,0.15699,29.11,50.077,4.086,204.62,25.632,25.155,-0.000947,0.015120,0.003377,7.890,23.503
6.507813,1,25,1774.60,3.1657,0.14563,27.06,50.082,3.967,198.67,25.633,25.156,-0.008869,-0.016266,0.002232,7.717,23.503
6.511719,1,25,1765.38,3.0151,0.14987,27.71,50.072,4.010,200.80,25.635,25.157,-0.009313,-0.037808,0.016327,7.700,23.503
6.515625,1,25,1770.84,3.0651,0.14793,27.43,50.084,3.839,192.30,25.636,25.158,0.019296,-0.000303,-0.017087,7.691,23.503
6.519531,1,25,1766.59,3.0027,0.15204,28.13,50.047,3.973,198.86,25.637,25.159,-0.004448,0.013804,0.000721,7.713,23.503
6.523438,1,25,1772.38,3.0635,0.15291,28.38,50.085,4.035,202.08,25.639,25.160,-0.026609,-0.012887,0.000157,7.623,23.503
6.527344,1,25,1778.24,2.9912,0.16752,31.19,50.086,3.984,199.52,25.640,25.161,-0.003924,-0.010374,-0.001098,7.788,23.504
6.531250,1,25,1775.08,3.1673,0.15988,29.72,50.084,3.994,200.05,25.641,25.162,0.033968,0.005327,-0.003819,7.686,23.504
6.535156,1,25,1777.68,3.0744,0.15078,28.07,50.070,4.029,201.71,25.643,25.162,-0.017376,-0.029196,0.014634,7.894,23.504
6.539063,1,25,1778.41,3.1576,0.15831,29.48,50.085,3.981,199.37,25.644,25.163,-0.033625,0.002427,-0.015971,7.810,23.504
6.542969,1,25,1771.07,3.0660,0.14253,26.43,50.066,4.061,203.34,25.646,25.164,0.041234,0.028205,0.014894,7.784,23.504
6.546875,1,25,1767.11,3.0801,0.15682,29.02,50.090,4.008,200.76,25.647,25.165,-0.033395,-0.001668,-0.018078,7.716,23.504
6.550781,1,25,1774.13,3.0906,0.14605,27.13,50.093,3.968,198.77,25.648,25.166,-0.023216,-0.011900,-0.000819,7.803,23.504
6.554688,1,25,1770.03,3.1258,0.14059,26.06,50.113,3.788,189.84,25.650,25.167,0.008759,-0.000285,-0.019442,7.672,23.504
6.558594,1,25,1770.42,3.0405,0.14941,27.70,50.086,3.924,196.52,25.651,25.168,-0.008943,-0.025995,0.014513,7.601,23.504
6.562500,1,25,1768.95,3.0020,0.15335,28.41,50.072,3.961,198.34,25.652,25.169,-0.006364,-0.017492,0.001655,7.759,23.504
6.566406,1,25,1770.37,3.1038,0.14439,26.77,50.084,3.880,194.33,25.654,25.170,-0.031151,-0.001432,-0.008122,7.645,23.504
6.570313,1,25,1767.75,3.0927,0.13951,25.83,50.086,3.833,192.00,25.655,25.171,-0.012157,-0.033551,0.018667,7.669,23.504
6.574219,1,25,1775.46,3.0053,0.15449,28.72,50.068,3.973,198.91,25.656,25.172,-0.008172,-0.030159,0.018879,7.650,23.504
6.578125,1,25,1771.12,3.0726,0.15176,28.15,50.079,3.944,197.51,25.657,25.173,0.038725,0.018104,0.005310,7.639,23.504
6.582031,1,25,1772.32,3.0962,0.15599,28.95,50.066,3.955,198.00,25.659,25.174,0.000703,-0.007701,-0.006074,7.641,23.504
6.585938,1,25,1783.24,3.1276,0.15148,28.29,50.096,3.951,197.93,25.660,25.175,-0.030745,-0.004003,-0.008175,7.672,23.504
6.589844,1,25,1773.14,3.1027,0.14280,26.51,50.071,3.958,198.17,25.661,25.175,-0.029623,-0.004583,-0.009602,7.708,23.504
6.593750,1,25,1765.64,3.0431,0.14261,26.37,50.064,3.997,200.13,25.663,25.176,0.016368,0.029078,0.016462,7.610,23.504
6.597656,1,25,1778.65,3.0978,0.13985,26.05,50.081,3.877,194.15,25.664,25.177,-0.015995,-0.033070,0.016739,7.764,23.505
6.601563,1,25,1764.57,3.0594,0.14371,26.56,50.078,3.883,194.43,25.665,25.178,0.042843,0.026608,0.010445,7.578,23.505
6.605469,1,25,1778.68,3.1111,0.15215,28.34,50.086,4.011,200.92,25.667,25.179,-0.035554,0.000256,-0.017148,7.848,23.505
6.609375,1,25,1775.95,3.0708,0.15890,29.55,50.080,3.962,198.41,25.668,25.180,-0.016813,-0.030264,0.013807,7.720,23.505
6.613281,1,25,1772.83,3.1683,0.15368,28.53,50.068,3.874,193.94,25.669,25.181,-0.000185,-0.000981,-0.010468,7.629,23.505
6.617188,1,25,1769.65,3.1169,0.15151,28.08,50.090,3.943,197.52,25.671,25.182,0.039106,0.020020,0.008358,7.689,23.505
6.621094,1,25,1769.49,3.0330,0.14786,27.40,50.078,3.968,198.70,25.672,25.183,0.028757,0.001637,-0.013948,7.691,23.505
6.625000,1,25,1766.88,3.0400,0.13474,24.93,50.096,3.938,197.28,25.673,25.184,0.032036,0.037387,0.019853,7.732,23.505
6.628906,1,25,1774.98,3.0249,0.15593,28.98,50.060,3.996,200.05,25.675,25.185,0.034764,0.032478,0.016481,7.783,23.505
6.632813,1,25,1771.22,3.1921,0.14085,26.13,50.078,3.973,198.99,25.676,25.186,-0.032489,0.000045,-0.018568,7.637,23.505
6.636719,1,25,1776.01,3.1188,0.14853,27.62,50.080,4.085,204.55,25.677,25.187,-0.006631,-0.010237,-0.001383,7.694,23.505
6.640625,1,25,1769.52,3.1027,0.14663,27.17,50.093,3.999,200.33,25.679,25.188,-0.030383,-0.000494,-0.018367,7.650,23.505
6.644531,1,25,1765.16,3.1720,0.14507,26.82,50.092,3.942,197.48,25.680,25.188,-0.005267,-0.017502,0.005750,7.589,23.505
6.648438,1,25,1771.48,3.1380,0.14084,26.13,50.076,4.076,204.11,25.682,25.189,0.020266,-0.001291,-0.018093,7.665,23.505
6.652344,1,25,1769.76,3.1100,0.15634,28.97,50.052,3.866,193.50,25.683,25.190,0.037251,0.008976,-0.005194,7.683,23.505
6.656250,1,25,1773.63,3.1329,0.14929,27.73,50.062,3.957,198.09,25.684,25.191,-0.031484,-0.002390,-0.013727,7.718,23.505
6.660156,1,25,1772.01,3.1709,0.14005,25.99,50.081,4.021,201.40,25.685,25.192,-0.023664,-0.012968,0.004107,7.822,23.505
6.664063,1,25,1772.26,3.0417,0.14376,26.68,50.070,4.077,204.14,25.687,25.193,-0.031570,0.001327,-0.020203,7.635,23.505
6.667969,1,25,1779.59,3.2222,0.15854,29.55,50.050,3.907,195.55,25.688,25.194,-0.030143,0.000093,-0.015337,7.656,23.506
6.671875,1,25,1769.15,3.1005,0.15678,29.05,50.091,3.929,196.80,25.689,25.195,-0.027958,-0.004085,-0.005546,7.619,23.506
6.675781,1,25,1774.74,3.0726,0.15476,28.76,50.098,3.903,195.53,25.691,25.196,-0.002470,-0.012783,0.004212,7.767,23.506
6.679688,1,25,1779.24,3.1996,0.15451,28.79,50.072,3.987,199.64,25.692,25.197,0.027281,0.031011,0.019594,7.790,23.506
6.683594,1,25,1778.55,3.0876,0.14115,26.29,50.076,3.919,196.23,25.693,25.198,0.038036,0.034708,0.016395,7.741,23.506
6.687500,1,25,1766.57,3.1640,0.14836,27.45,50.086,3.893,195.00,25.695,25.199,-0.026119,0.003184,-0.009382,7.779,23.506
6.691406,1,25,1778.80,3.0632,0.15414,28.71,50.072,4.012,200.89,25.696,25.200,0.002977,-0.002004,-0.015425,7.839,23.506
6.695313,1,25,1773.62,3.1548,0.14727,27.35,50.079,4.023,201.49,25.697,25.200,-0.018289,0.007905,-0.008478,7.684,23.506
6.699219,1,25,1770.27,3.1103,0.14243,26.40,50.068,3.903,195.41,25.699,25.201,-0.020563,-0.024846,0.007563,7.689,23.506
6.703125,1,25,1772.28,3.0355,0.15651,29.05,50.061,3.961,198.30,25.700,25.202,0.006739,0.021310,0.008187,7.748,23.506
6.707031,1,25,1775.77,3.0651,0.14390,26.76,50.063,3.960,198.24,25.701,25.203,-0.006161,-0.021646,0.010745,7.669,23.506
6.710938,1,25,1770.66,3.0451,0.14893,27.62,50.089,3.783,189.48,25.703,25.204,0.024211,0.030499,0.014496,7.712,23.506
6.714844,1,25,1769.59,3.1526,0.13967,25.88,50.085,3.988,199.76,25.704,25.205,0.022554,0.033188,0.017660,7.782,23.506
6.718750,1,25,1771.21,3.0583,0.15359,28.49,50.075,4.093,204.95,25.705,25.206,0.009912,0.000748,-0.020217,7.648,23.506
6.722656,1,25,1771.38,3.1187,0.15093,28.00,50.062,4.011,200.82,25.707,25.207,-0.007295,-0.015019,0.005097,7.709,23.506
6.726563,1,25,1774.03,3.1022,0.15745,29.25,50.071,4.044,202.50,25.708,25.208,-0.024149,0.002399,-0.014561,7.664,23.506
6.730469,1,25,1767.56,3.0446,0.15152,28.05,50.097,3.919,196.32,25.709,25.209,0.028050,0.002556,-0.015365,7.680,23.506
6.734375,1,25,1774.06,3.1342,0.14800,27.50,50.099,3.921,196.43,25.711,25.210,0.038916,0.033481,0.014871,7.690,23.506
6.738281,1,25,1776.18,3.0272,0.15057,28.01,50.093,3.942,197.45,25.712,25.210,-0.002794,-0.016175,0.006786,7.777,23.506
6.742188,1,25,1773.38,3.1075,0.16088,29.88,50.066,3.913,195.91,25.713,25.211,0.024331,0.002841,-0.015172,7.702,23.507
6.746094,1,25,1778.66,3.0868,0.15236,28.38,50.062,3.997,200.12,25.714,25.212,0.002318,0.020243,0.008631,7.700,23.507
6.750000,1,25,1774.57,3.1058,0.14893,27.68,50.073,3.925,196.56,25.716,25.213,-0.015995,-0.025572,0.011636,7.818,23.507
6.753906,1,25,1772.89,3.0831,0.15034,27.91,50.048,4.036,201.99,25.717,25.214,-0.011903,-0.034784,0.018568,7.857,23.507
6.757813,1,25,1780.91,3.1593,0.15224,28.39,50.046,4.097,205.03,25.719,25.215,-0.011970,-0.032859,0.016919,7.783,23.507
6.761719,1,25,1776.01,3.1637,0.15884,29.54,50.043,4.069,203.64,25.720,25.216,0.036513,0.023895,0.009957,7.699,23.507
6.765625,1,25,1774.93,3.0866,0.14610,27.16,50.055,4.094,204.92,25.721,25.217,0.040170,0.028130,0.011857,7.662,23.507
6.769531,1,25,1778.84,3.2017,0.14973,27.89,50.038,4.152,207.75,25.723,25.218,-0.022247,-0.013759,0.001378,7.774,23.507
6.773438,1,25,1773.49,3.0973,0.15236,28.30,50.103,3.950,197.93,25.724,25.219,0.036389,0.011660,-0.003113,7.686,23.507
6.777344,1,25,1776.04,3.1908,0.16150,30.04,50.080,3.883,194.46,25.725,25.220,-0.014116,-0.032784,0.016285,7.680,23.507
6.781250,1,25,1774.49,3.0551,0.13757,25.56,50.060,3.905,195.48,25.727,25.221,-0.013804,-0.035950,0.020471,7.852,23.507
6.785156,1,25,1765.10,3.1219,0.14386,26.59,50.100,4.103,205.56,25.728,25.222,-0.011171,-0.033634,0.014780,7.700,23.507
6.789063,1,25,1773.57,3.1395,0.15747,29.25,50.079,4.001,200.35,25.729,25.223,-0.020940,-0.016803,0.005296,7.709,23.507
6.792969,1,25,1771.25,3.1687,0.14050,26.06,50.067,4.001,200.30,25.731,25.223,-0.008633,-0.028892,0.015350,7.660,23.507
6.796875,1,25,1777.95,3.0407,0.15384,28.64,50.075,3.856,193.08,25.732,25.224,-0.005124,-0.003810,-0.010783,7.805,23.507
6.800781,1,25,1784.88,3.0269,0.14498,27.10,50.070,3.929,196.74,25.733,25.225,0.019455,-0.003592,-0.015609,7.715,23.507
6.804688,1,25,1765.69,3.0265,0.13846,25.60,50.060,4.077,204.09,25.734,25.226,0.030724,0.005173,-0.011038,7.594,23.507
6.808594,1,25,1780.85,3.0720,0.15367,28.66,50.070,3.935,197.05,25.736,25.227,0.032987,0.034962,0.017810,7.710,23.507
6.812500,1,25,1770.89,3.0752,0.13575,25.17,50.090,4.001,200.40,25.737,25.228,0.027017,0.033165,0.017820,7.704,23.508
6.816406,1,25,1768.27,3.1596,0.15805,29.27,50.071,3.938,197.17,25.738,25.229,-0.021572,0.003237,-0.011315,7.710,23.508
6.820313,1,25,1774.70,3.0661,0.15447,28.71,50.070,4.058,203.20,25.740,25.230,-0.031249,-0.007414,-0.007041,7.682,23.508
6.824219,1,25,1774.32,3.1925,0.15449,28.71,50.101,4.006,200.70,25.741,25.231,-0.030469,0.000411,-0.018647,7.720,23.508
6.828125,1,25,1767.94,3.0661,0.15153,28.05,50.053,3.887,194.56,25.742,25.232,0.040051,0.015739,0.004709,7.661,23.508
6.832031,1,25,1775.05,3.1665,0.14347,26.67,50.073,3.953,197.93,25.744,25.232,0.036709,0.031908,0.014252,7.649,23.508
6.835938,1,25,1764.55,3.1198,0.14873,27.48,50.090,3.898,195.27,25.745,25.233,0.021639,0.029253,0.016757,7.657,23.508
6.839844,1,25,1772.57,3.1263,0.14710,27.31,50.063,3.936,197.07,25.746,25.234,0.030152,0.036002,0.017683,7.624,23.508
6.843750,1,25,1779.37,3.2096,0.14967,27.89,50.079,4.070,203.83,25.748,25.235,-0.007046,0.011353,0.000605,7.707,23.508
6.847656,1,25,1767.40,3.0527,0.14564,26.96,50.072,3.994,199.97,25.749,25.236,-0.028730,-0.011106,-0.000485,7.666,23.508
6.851563,1,25,1773.62,3.1982,0.15432,28.66,50.075,3.923,196.44,25.750,25.237,-0.009531,-0.025542,0.017047,7.742,23.508
6.855469,1,25,1781.08,3.2235,0.16210,30.23,50.063,3.978,199.16,25.751,25.238,-0.007179,-0.026889,0.010083,7.737,23.508
6.859375,1,25,1777.96,3.1944,0.14548,27.09,50.085,3.871,193.88,25.753,25.239,0.030315,-0.002184,-0.011112,7.607,23.508
6.863281,1,25,1774.34,3.0162,0.14890,27.67,50.074,3.890,194.78,25.754,25.240,-0.001526,0.016733,0.003515,7.677,23.508
6.867188,1,25,1778.00,3.0406,0.14926,27.79,50.056,4.090,204.75,25.755,25.240,-0.008031,-0.023081,0.011253,7.711,23.508
6.871094,1,25,1767.78,3.0525,0.16073,29.75,50.061,3.913,195.90,25.757,25.241,-0.003801,-0.011180,-0.002578,7.482,23.508
6.875000,1,25,1776.01,3.1502,0.13767,25.60,50.086,3.761,188.40,25.758,25.242,-0.007162,-0.023662,0.013720,7.646,23.508
6.878906,1,25,1773.31,3.1024,0.14383,26.71,50.084,4.054,203.04,25.759,25.243,0.019316,0.000319,-0.019654,7.721,23.508
6.882813,1,25,1777.40,3.1091,0.14022,26.10,50.090,4.013,201.01,25.760,25.244,-0.026834,0.005697,-0.009344,7.787,23.509
6.886719,1,25,1773.34,3.1525,0.14972,27.80,50.064,3.980,199.25,25.762,25.245,-0.011890,-0.035724,0.015032,7.696,23.509
6.890625,1,25,1763.69,3.0237,0.14781,27.30,50.068,4.041,202.33,25.763,25.246,-0.009841,-0.032184,0.017653,7.658,23.509
6.894531,1,25,1774.05,3.1714,0.15804,29.36,50.073,4.007,200.64,25.764,25.247,-0.029020,0.004226,-0.018022,7.627,23.509
6.898438,1,25,1774.03,3.1626,0.16218,30.13,50.067,3.955,198.01,25.766,25.248,-0.003204,0.017543,0.002580,7.749,23.509
6.902344,1,25,1772.69,3.1126,0.14343,26.63,50.063,3.898,195.15,25.767,25.248,-0.012924,0.007859,-0.002625,7.823,23.509
6.906250,1,25,1774.67,3.1469,0.14753,27.42,50.074,4.073,203.97,25.768,25.249,0.027209,0.000760,-0.014919,7.785,23.509
6.910156,1,25,1772.50,3.0355,0.16320,30.29,50.055,3.918,196.10,25.769,25.250,0.036697,0.028362,0.014176,7.678,23.509
6.914063,1,25,1769.66,3.1233,0.15419,28.57,50.080,3.979,199.28,25.771,25.251,-0.020011,0.007774,-0.004440,7.722,23.509
6.917969,1,25,1780.64,3.2180,0.15304,28.54,50.075,3.992,199.88,25.772,25.252,0.018095,-0.003034,-0.017719,7.728,23.509
6.921875,1,25,1768.77,3.1417,0.15779,29.23,50.062,3.953,197.91,25.773,25.253,0.024145,0.034829,0.019169,7.687,23.509
6.925781,1,25,1773.91,3.0792,0.14654,27.22,50.064,4.074,203.97,25.775,25.254,-0.029757,-0.002263,-0.012686,7.762,23.509
6.929688,1,25,1771.43,3.0663,0.15301,28.38,50.059,3.921,196.30,25.776,25.255,-0.013124,-0.036949,0.019998,7.751,23.509
6.933594,1,25,1768.50,3.1396,0.14122,26.15,50.081,3.894,195.00,25.777,25.256,0.008802,-0.000571,-0.017538,7.783,23.509
6.937500,1,25,1769.27,3.1268,0.14716,27.27,50.073,3.924,196.50,25.778,25.256,-0.013469,-0.033489,0.018781,7.578,23.509
6.941406,1,25,1767.04,3.0999,0.14345,26.54,50.061,3.918,196.16,25.780,25.257,0.002171,-0.004290,-0.003454,7.674,23.509
6.945313,1,25,1771.22,3.0687,0.14647,27.17,50.081,4.049,202.80,25.781,25.258,0.017774,0.028213,0.017016,7.812,23.509
6.949219,1,25,1773.16,3.0473,0.14685,27.27,50.061,4.032,201.86,25.782,25.259,0.007803,-0.002657,-0.017653,7.709,23.509
6.953125,1,25,1768.37,3.0199,0.14074,26.06,50.072,4.052,202.90,25.784,25.260,-0.014947,0.007174,-0.004430,7.905,23.510
6.957031,1,25,1778.63,3.1168,0.15285,28.47,50.060,4.078,204.16,25.785,25.261,0.032167,0.007258,-0.008296,7.732,23.510
6.960938,1,25,1780.69,3.1755,0.16209,30.23,50.067,4.002,200.38,25.786,25.262,-0.012818,-0.035666,0.016727,7.764,23.510
6.964844,1,25,1774.00,3.0981,0.15244,28.32,50.093,3.942,197.47,25.788,25.263,-0.015120,0.006083,-0.005814,7.689,23.510
6.968750,1,25,1780.54,3.1161,0.14868,27.72,50.096,3.954,198.08,25.789,25.264,-0.033999,0.000469,-0.013843,7.760,23.510
6.972656,1,25,1774.99,3.1207,0.15234,28.32,50.057,3.950,197.74,25.790,25.264,0.024484,0.001541,-0.012513,7.729,23.510
6.976563,1,25,1767.09,3.0655,0.14479,26.79,50.091,3.991,199.93,25.791,25.265,-0.007582,-0.019046,0.005377,7.686,23.510
6.980469,1,25,1778.22,3.0109,0.14892,27.73,50.071,4.058,203.21,25.793,25.266,-0.026134,0.000325,-0.017373,7.709,23.510
6.984375,1,25,1771.94,3.0468,0.15086,27.99,50.058,3.962,198.33,25.794,25.267,0.028603,-0.000460,-0.010849,7.746,23.510
6.988281,1,25,1769.97,2.9826,0.14156,26.24,50.083,3.925,196.59,25.795,25.268,0.038235,0.027831,0.012067,7.821,23.510
6.992188,1,25,1763.18,3.1418,0.14617,26.99,50.091,3.924,196.56,25.796,25.269,-0.006230,-0.015910,0.006966,7.620,23.510
6.996094,1,25,1770.17,3.0928,0.14618,27.10,50.087,3.864,193.52,25.798,25.270,-0.002437,-0.003451,-0.009088,7.760,23.510
7.000000,1,25,1775.20,2.9886,0.14724,27.37,50.058,4.083,204.37,25.799,25.271,0.037763,0.033275,0.016066,7.702,23.510
7.003906,1,25,1776.29,3.0965,0.14946,27.80,50.081,3.883,194.44,25.800,25.271,0.008410,0.001170,-0.017287,7.762,23.510
7.007813,1,25,1780.73,3.1082,0.15809,29.48,50.086,3.921,196.40,25.801,25.272,0.002650,0.018734,0.007616,7.774,23.510
7.011719,1,25,1772.40,3.0330,0.15097,28.02,50.045,3.954,197.90,25.803,25.273,0.035020,0.029562,0.010090,7.571,23.510
7.015625,1,25,1764.27,3.0764,0.14314,26.45,50.105,3.854,193.13,25.804,25.274,0.021862,0.000854,-0.015607,7.677,23.510
7.019531,1,25,1770.95,3.1240,0.14453,26.80,50.065,3.997,200.13,25.805,25.275,0.036883,0.017111,0.002401,7.612,23.510
7.023438,1,25,1768.12,3.0758,0.14047,26.01,50.070,3.872,193.89,25.806,25.276,-0.000647,0.015982,0.003913,7.682,23.510
7.027344,1,25,1773.25,3.1018,0.14738,27.37,50.095,3.958,198.30,25.808,25.276,-0.024040,-0.014896,0.002845,7.635,23.511
7.031250,1,25,1777.71,3.1013,0.15105,28.12,50.078,3.931,196.85,25.809,25.277,0.012735,0.002891,-0.019245,7.750,23.511
7.035156,1,25,1765.13,3.1018,0.14765,27.29,50.056,4.037,202.07,25.810,25.278,-0.000274,0.014979,0.005593,7.654,23.511
7.039063,1,25,1774.12,3.1213,0.15705,29.18,50.060,4.100,205.23,25.812,25.279,0.039248,0.027659,0.013711,7.617,23.511
7.042969,1,25,1769.38,3.1084,0.14453,26.78,50.084,3.918,196.22,25.813,25.280,-0.024814,-0.012574,0.002072,7.654,23.511
7.046875,1,25,1768.24,3.0366,0.14779,27.37,50.078,4.082,204.43,25.814,25.281,-0.017357,-0.019131,0.007492,7.655,23.511
7.050781,1,25,1778.22,3.1225,0.14580,27.15,50.076,3.980,199.29,25.815,25.282,-0.003149,0.014546,0.001755,7.719,23.511
7.054688,1,25,1774.49,3.0449,0.14409,26.78,50.063,4.063,203.42,25.817,25.283,-0.017644,-0.026251,0.011513,7.702,23.511
7.058594,1,25,1769.83,3.0451,0.15341,28.43,50.075,3.974,199.00,25.818,25.284,0.038751,0.013665,-0.000994,7.728,23.511
7.062500,1,25,1781.29,3.1741,0.14800,27.61,50.078,3.925,196.58,25.819,25.284,-0.021980,-0.019625,0.007888,7.825,23.511
7.066406,1,25,1768.99,3.0999,0.15710,29.10,50.069,3.952,197.88,25.821,25.285,0.013172,-0.001920,-0.017236,7.695,23.511
7.070313,1,25,1767.52,3.1526,0.14830,27.45,50.095,4.058,203.31,25.822,25.286,0.027066,0.000845,-0.016628,7.697,23.511
7.074219,1,25,1777.40,3.1273,0.16250,30.25,50.089,3.911,195.88,25.823,25.287,-0.011060,-0.033831,0.017010,7.748,23.511
7.078125,1,25,1771.78,3.1074,0.15674,29.08,50.070,3.994,199.97,25.824,25.288,0.012800,0.025851,0.015394,7.786,23.511
7.082031,1,25,1774.84,3.0315,0.14797,27.50,50.057,3.915,195.96,25.826,25.289,-0.007617,-0.025598,0.010012,7.711,23.511
7.085938,1,25,1767.48,3.0977,0.14844,27.47,50.082,3.942,197.43,25.827,25.289,-0.028689,-0.006753,-0.009740,7.848,23.511
7.089844,1,25,1772.32,3.0230,0.14889,27.63,50.067,3.951,197.83,25.828,25.290,-0.004137,-0.007390,-0.006319,7.856,23.511
7.093750,1,25,1773.63,3.1582,0.14740,27.38,50.075,3.952,197.92,25.829,25.291,-0.026172,-0.014498,-0.001148,7.632,23.511
7.097656,1,25,1773.92,3.1189,0.15552,28.89,50.074,3.941,197.33,25.831,25.292,-0.030581,0.001993,-0.018877,7.720,23.512
7.101563,1,25,1774.74,3.1547,0.15611,29.01,50.084,4.003,200.49,25.832,25.293,0.025289,0.032592,0.014974,7.621,23.512
7.105469,1,25,1769.15,3.0030,0.14473,26.81,50.053,3.950,197.71,25.833,25.294,-0.009498,-0.023772,0.013425,7.805,23.512
7.109375,1,25,1773.74,3.0575,0.15148,28.14,50.083,3.998,200.23,25.834,25.295,0.038865,0.021861,0.008992,7.765,23.512
7.113281,1,25,1771.91,2.9960,0.14874,27.60,50.067,3.976,199.08,25.836,25.295,0.026786,0.035173,0.017232,7.671,23.512
7.117188,1,25,1771.06,3.1754,0.14188,26.31,50.100,3.784,189.59,25.837,25.296,0.031013,0.036971,0.016657,7.753,23.512
7.121094,1,25,1770.40,3.0859,0.15368,28.49,50.062,3.972,198.84,25.838,25.297,0.034406,0.030876,0.016301,7.690,23.512
7.125000,1,25,1772.68,2.9353,0.15608,28.97,50.092,3.965,198.63,25.839,25.298,-0.008951,-0.020203,0.011588,7.710,23.512
7.128906,1,25,1775.21,3.1012,0.15763,29.30,50.073,4.132,206.91,25.841,25.299,-0.014607,0.005083,-0.005056,7.748,23.512
7.132813,1,25,1770.60,3.1419,0.14880,27.59,50.074,3.987,199.65,25.842,25.300,-0.008896,-0.020473,0.008150,7.774,23.512
7.136719,1,25,1768.46,3.0246,0.15593,28.88,50.081,3.953,197.95,25.843,25.301,0.009180,-0.002517,-0.018075,7.756,23.512
7.140625,1,25,1773.51,3.1798,0.16272,30.22,50.075,3.916,196.12,25.844,25.301,0.030173,0.031691,0.015958,7.623,23.512
7.144531,1,25,1777.37,3.1641,0.14292,26.60,50.083,3.915,196.09,25.846,25.302,-0.019295,-0.031383,0.011649,7.631,23.512
7.148438,1,25,1775.59,3.1136,0.15069,28.02,50.094,3.884,194.54,25.847,25.303,-0.008255,-0.032311,0.017475,7.746,23.512
7.152344,1,25,1766.23,3.0819,0.14839,27.45,50.103,3.912,196.03,25.848,25.304,-0.014183,-0.031578,0.015802,7.538,23.512
7.156250,1,25,1778.75,3.2172,0.15382,28.65,50.093,3.975,199.09,25.849,25.305,0.035997,0.024030,0.009785,7.800,23.512
7.160156,1,25,1772.47,3.0949,0.15129,28.08,50.095,3.874,194.04,25.850,25.305,-0.009530,-0.025969,0.012796,7.784,23.512
7.164063,1,25,1773.20,3.1419,0.15452,28.69,50.062,3.953,197.90,25.852,25.306,-0.027838,-0.009337,-0.002518,7.811,23.512
7.167969,1,25,1768.33,3.1324,0.13907,25.75,50.101,4.054,203.11,25.853,25.307,0.027755,0.003183,-0.010373,7.645,23.512
7.171875,1,25,1770.69,3.0272,0.15120,28.04,50.075,3.953,197.93,25.854,25.308,-0.017170,-0.024126,0.013085,7.709,23.513
7.175781,1,25,1778.81,3.0170,0.15197,28.31,50.078,3.997,200.14,25.855,25.309,-0.030118,-0.007598,-0.008637,7.653,23.513
7.179688,1,25,1783.01,3.0697,0.14387,26.86,50.074,3.930,196.81,25.857,25.310,0.006717,-0.003895,-0.016314,7.772,23.513
7.183594,1,25,1770.90,3.1023,0.14923,27.67,50.083,3.899,195.28,25.858,25.310,0.013254,0.028258,0.011992,7.677,23.513
7.187500,1,25,1769.21,3.1427,0.15250,28.25,50.060,4.043,202.39,25.859,25.311,-0.014635,0.009087,-0.003374,7.759,23.513
7.191406,1,25,1778.34,3.1497,0.14825,27.61,50.066,3.986,199.58,25.860,25.312,0.040617,0.027166,0.010654,7.748,23.513
7.195313,1,25,1771.17,3.0241,0.14966,27.76,50.083,3.878,194.20,25.862,25.313,0.003775,-0.004806,-0.008380,7.808,23.513
7.199219,1,25,1774.91,3.0917,0.15061,27.99,50.089,3.930,196.83,25.863,25.314,-0.004417,0.013834,0.004384,7.726,23.513
7.203125,1,25,1770.53,3.0252,0.14456,26.80,50.094,4.022,201.47,25.864,25.315,-0.009837,-0.036095,0.018490,7.803,23.513
7.207031,1,25,1768.23,3.0834,0.14783,27.37,50.065,4.053,202.93,25.865,25.316,0.002381,-0.002372,-0.011300,7.666,23.513
7.210938,1,25,1767.42,3.0804,0.15013,27.79,50.090,3.937,197.23,25.867,25.316,-0.001918,-0.005809,-0.008657,7.719,23.513
7.214844,1,25,1770.63,2.9779,0.15138,28.07,50.047,3.942,197.29,25.868,25.317,-0.018993,0.006150,-0.006808,7.639,23.513
7.218750,1,25,1772.99,3.0605,0.15253,28.32,50.063,3.989,199.72,25.869,25.318,0.016959,-0.000851,-0.019157,7.782,23.513
7.222656,1,25,1768.68,3.1113,0.14820,27.45,50.073,4.055,203.05,25.870,25.319,-0.019904,0.003113,-0.007861,7.669,23.513
7.226563,1,25,1770.94,3.1746,0.14984,27.79,50.072,3.913,195.95,25.871,25.320,0.020617,-0.002538,-0.018861,7.796,23.513
7.230469,1,25,1775.85,3.0976,0.15014,27.92,50.055,3.976,199.02,25.873,25.321,0.008497,0.024639,0.010115,7.788,23.513
7.234375,1,25,1770.64,3.0796,0.14891,27.61,50.077,3.910,195.82,25.874,25.321,-0.006316,-0.018224,0.008583,7.703,23.513
7.238281,1,25,1772.13,3.1090,0.15894,29.49,50.097,3.811,190.90,25.875,25.322,-0.033079,0.001803,-0.015055,7.590,23.513
7.242188,1,25,1773.34,3.0608,0.15160,28.15,50.084,3.944,197.55,25.876,25.323,0.022495,0.033232,0.017147,7.668,23.514
7.246094,1,25,1771.31,3.0064,0.14610,27.10,50.063,4.020,201.24,25.878,25.324,-0.018831,0.006601,-0.006714,7.604,23.514
7.250000,1,25,1770.70,3.0604,0.15341,28.45,50.086,4.008,200.77,25.879,25.325,-0.007170,0.012490,0.002698,7.714,23.514
7.253906,1,25,1774.29,3.0958,0.15510,28.82,50.085,4.072,203.94,25.880,25.326,-0.009602,-0.027360,0.013998,7.650,23.514
7.257813,1,25,1772.49,3.1086,0.15666,29.08,50.060,3.982,199.32,25.881,25.326,-0.001003,-0.001915,-0.011610,7.651,23.514
7.261719,1,25,1773.02,3.0555,0.13869,25.75,50.106,3.796,190.20,25.882,25.327,-0.009819,-0.032821,0.020491,7.709,23.514
7.265625,1,25,1762.66,3.1481,0.14172,26.16,50.066,3.825,191.49,25.884,25.328,-0.003256,-0.012063,-0.000321,7.681,23.514
7.269531,1,25,1773.79,3.1922,0.15853,29.45,50.087,4.052,202.95,25.885,25.329,-0.019119,0.001354,-0.009714,7.726,23.514
7.273438,1,25,1781.01,3.0974,0.15634,29.16,50.069,4.015,201.03,25.886,25.330,-0.024086,0.002075,-0.010355,7.908,23.514
7.277344,1,25,1774.60,3.0664,0.14854,27.60,50.081,3.946,197.62,25.887,25.330,0.032545,0.007797,-0.009112,7.804,23.514
7.281250,1,25,1771.63,3.1887,0.15015,27.86,50.045,4.033,201.82,25.889,25.331,0.005292,0.025652,0.008704,7.665,23.514
7.285156,1,25,1774.38,3.1064,0.13976,25.97,50.054,4.082,204.34,25.890,25.332,-0.003159,-0.008374,-0.004318,7.661,23.514
7.289063,1,25,1777.97,3.1356,0.14973,27.88,50.078,3.969,198.78,25.891,25.333,0.005825,0.020366,0.012100,7.795,23.514
7.292969,1,25,1772.66,3.1781,0.14897,27.65,50.061,3.841,192.27,25.892,25.334,-0.006260,-0.014176,0.001520,7.667,23.514
7.296875,1,25,1772.77,3.0553,0.15230,28.27,50.065,4.063,203.43,25.894,25.335,-0.011304,-0.031830,0.020407,7.750,23.514
7.300781,1,25,1772.80,3.0604,0.15925,29.56,50.086,3.947,197.67,25.895,25.335,-0.025674,-0.005956,-0.004194,7.634,23.514
7.304688,1,25,1767.48,3.0441,0.14899,27.58,50.086,3.994,200.03,25.896,25.336,0.040332,0.020199,0.006195,7.523,23.514
7.308594,1,25,1771.15,3.0778,0.15063,27.94,50.042,3.985,199.42,25.897,25.337,-0.029807,-0.002820,-0.010070,7.708,23.514
7.312500,1,25,1773.33,3.0693,0.15123,28.08,50.099,3.975,199.13,25.898,25.338,0.038159,0.032045,0.016618,7.661,23.514
7.316406,1,25,1774.37,3.1445,0.14588,27.11,50.090,3.928,196.76,25.900,25.339,0.008532,-0.001265,-0.017110,7.681,23.515
7.320313,1,25,1777.36,3.1547,0.14724,27.40,50.066,3.914,195.98,25.901,25.340,-0.031436,0.002779,-0.018751,7.624,23.515
7.324219,1,25,1774.67,3.1619,0.14009,26.03,50.059,4.012,200.85,25.902,25.340,-0.015010,-0.030544,0.013825,7.805,23.515
7.328125,1,25,1772.55,3.1357,0.14243,26.44,50.069,3.902,195.36,25.903,25.341,-0.007656,-0.024637,0.008643,7.612,23.515
7.332031,1,25,1772.12,3.0862,0.15039,27.91,50.083,3.996,200.13,25.904,25.342,-0.013234,-0.035019,0.020254,7.760,23.515
7.335938,1,25,1773.40,3.0763,0.15958,29.63,50.042,4.165,208.42,25.906,25.343,-0.031939,0.001215,-0.018137,7.614,23.515
7.339844,1,25,1772.25,3.0884,0.14360,26.65,50.092,3.823,191.52,25.907,25.344,-0.034220,0.001787,-0.016343,7.681,23.515
7.343750,1,25,1767.11,3.0625,0.15216,28.16,50.069,3.862,193.35,25.908,25.344,0.024260,-0.001851,-0.016180,7.707,23.515
7.347656,1,25,1773.86,3.0406,0.14930,27.73,50.066,3.908,195.67,25.909,25.345,0.035892,0.002458,-0.006419,7.697,23.515
7.351563,1,25,1766.73,3.0504,0.14090,26.07,50.085,3.953,197.97,25.910,25.346,-0.006779,-0.016729,0.000952,7.743,23.515
7.355469,1,25,1776.50,3.1070,0.14970,27.85,50.054,3.974,198.91,25.912,25.347,-0.031336,0.000022,-0.016800,7.786,23.515
7.359375,1,25,1776.07,3.0850,0.15182,28.24,50.081,3.900,195.31,25.913,25.348,-0.032723,-0.000252,-0.016283,7.678,23.515
7.363281,1,25,1776.36,3.0698,0.15393,28.63,50.078,3.999,200.29,25.914,25.348,0.008548,0.022556,0.007208,7.731,23.515
7.367188,1,25,1781.46,3.1280,0.15999,29.85,50.063,3.937,197.12,25.915,25.349,-0.030485,-0.006912,-0.007831,7.822,23.515
7.371094,1,25,1776.06,3.0082,0.15878,29.53,50.096,3.896,195.19,25.916,25.350,0.038088,0.013521,0.003802,7.723,23.515
7.375000,1,25,1778.32,3.1705,0.14364,26.75,50.076,3.855,193.07,25.918,25.351,-0.008885,-0.035923,0.018377,7.803,23.515
7.378906,1,25,1777.61,3.1528,0.14609,27.19,50.106,3.848,192.79,25.919,25.352,-0.015744,-0.029662,0.016946,7.752,23.515
7.382813,1,25,1774.84,3.1381,0.15368,28.56,50.087,3.941,197.40,25.920,25.352,0.001759,-0.004030,-0.011404,7.683,23.515
7.386719,1,25,1776.11,3.1446,0.15242,28.35,50.097,3.976,199.17,25.921,25.353,-0.017303,-0.021387,0.007258,7.782,23.515
7.390625,1,25,1776.27,3.2081,0.15223,28.32,50.085,3.885,194.56,25.922,25.354,-0.033440,0.002328,-0.019428,7.730,23.516
7.394531,1,25,1779.00,3.1608,0.15257,28.42,50.094,3.881,194.41,25.923,25.355,0.028640,0.003569,-0.007336,7.847,23.516
7.398438,1,25,1766.07,3.1365,0.14149,26.17,50.048,4.025,201.42,25.925,25.356,-0.028893,0.002115,-0.015642,7.680,23.516
7.402344,1,25,1771.48,3.1291,0.14692,27.26,50.095,3.960,198.35,25.926,25.356,-0.011537,-0.031836,0.017531,7.696,23.516
7.406250,1,25,1769.49,3.0725,0.14686,27.21,50.108,3.897,195.26,25.927,25.357,-0.002723,-0.006152,-0.007096,7.763,23.516
7.410156,1,25,1775.92,3.0511,0.16116,29.97,50.060,3.994,199.95,25.928,25.358,0.012773,0.001339,-0.016886,7.661,23.516
7.414063,1,25,1781.40,3.1470,0.14938,27.87,50.071,4.018,201.18,25.929,25.359,0.039188,0.031862,0.016046,7.842,23.516
7.417969,1,25,1773.84,3.1248,0.15415,28.63,50.047,3.976,198.97,25.931,25.360,0.014806,-0.002462,-0.016954,7.678,23.516
7.421875,1,25,1770.89,3.0045,0.15430,28.62,50.078,3.966,198.61,25.932,25.360,0.027058,0.035891,0.016917,7.620,23.516
7.425781,1,25,1770.97,3.1593,0.15132,28.06,50.067,3.893,194.91,25.933,25.361,0.037234,0.018628,0.001240,7.576,23.516
7.429688,1,25,1780.55,3.2659,0.15050,28.06,50.093,3.866,193.65,25.934,25.362,-0.009976,-0.016321,0.008332,7.767,23.516
7.433594,1,25,1770.31,3.1789,0.14818,27.47,50.075,4.020,201.28,25.935,25.363,0.013390,-0.000855,-0.017237,7.742,23.516
7.437500,1,25,1774.72,3.1634,0.15139,28.13,50.063,3.994,199.97,25.937,25.364,0.004411,0.023532,0.011662,7.787,23.516
7.441406,1,25,1777.96,3.0905,0.15046,28.01,50.060,3.975,198.99,25.938,25.364,-0.006935,-0.025196,0.014618,7.652,23.516
7.445313,1,25,1777.54,3.0880,0.15783,29.38,50.062,3.986,199.56,25.939,25.365,-0.012986,-0.036033,0.019209,7.721,23.516
7.449219,1,25,1782.30,3.2296,0.14809,27.64,50.063,3.908,195.66,25.940,25.366,0.024928,0.003110,-0.015096,7.845,23.516
7.453125,1,25,1782.04,3.1161,0.14567,27.18,50.074,3.975,199.06,25.941,25.367,0.006677,-0.001986,-0.015906,7.813,23.516
7.457031,1,25,1774.67,3.1961,0.15413,28.64,50.056,4.028,201.63,25.943,25.368,-0.011290,-0.032033,0.017785,7.655,23.516
7.460938,1,25,1780.97,3.1762,0.15953,29.75,50.098,3.839,192.34,25.944,25.368,-0.003138,-0.012802,0.003069,7.579,23.516
7.464844,1,25,1776.89,3.1009,0.14980,27.87,50.088,3.856,193.12,25.945,25.369,0.030961,0.036201,0.020141,7.694,23.517
7.468750,1,25,1776.78,3.0646,0.13936,25.93,50.074,3.911,195.84,25.946,25.370,0.039050,0.018582,0.006860,7.760,23.517
7.472656,1,25,1769.90,3.0176,0.15222,28.21,50.046,4.123,206.35,25.947,25.371,-0.001167,-0.008538,-0.005878,7.738,23.517
7.476563,1,25,1768.88,3.1314,0.15347,28.43,50.068,4.006,200.59,25.949,25.371,-0.005063,-0.005906,-0.006536,7.599,23.517
7.480469,1,25,1776.16,3.1740,0.15497,28.83,50.090,3.902,195.43,25.950,25.372,-0.001392,-0.007862,-0.002818,7.809,23.517
7.484375,1,25,1769.37,3.0340,0.14706,27.25,50.064,3.995,200.00,25.951,25.373,-0.025748,-0.012346,-0.001349,7.725,23.517
7.488281,1,25,1766.35,3.1860,0.15012,27.77,50.083,3.969,198.80,25.952,25.374,-0.003064,-0.011848,-0.000922,7.723,23.517
7.492188,1,25,1776.99,3.0614,0.16236,30.21,50.082,3.977,199.17,25.953,25.375,-0.025788,0.002049,-0.011202,7.773,23.517
7.496094,1,25,1770.17,3.0698,0.15931,29.53,50.078,3.834,192.00,25.954,25.375,0.038936,0.024971,0.012188,7.832,23.517
7.500000,1,25,1775.16,3.0616,0.13969,25.97,50.095,3.996,200.16,25.956,25.376,-0.022235,0.002908,-0.012289,7.640,23.517
7.503906,1,25,1765.34,3.0184,0.14903,27.55,50.062,3.900,195.24,25.957,25.377,-0.033046,0.001145,-0.015989,7.799,23.517
7.507813,1,25,1772.90,3.1021,0.15718,29.18,50.061,3.981,199.29,25.958,25.378,-0.032840,0.001257,-0.020022,7.704,23.517
7.511719,1,25,1771.95,3.0642,0.14514,26.93,50.054,4.037,202.04,25.959,25.379,-0.029728,0.003705,-0.019454,7.617,23.517
7.515625,1,25,1776.58,3.1385,0.14814,27.56,50.039,4.097,205.02,25.960,25.379,-0.007521,-0.031135,0.015689,7.774,23.517
7.519531,1,25,1772.91,3.1354,0.15577,28.92,50.065,4.049,202.74,25.962,25.380,0.039964,0.015623,0.000986,7.673,23.517
7.523438,1,25,1770.24,3.1554,0.14461,26.81,50.086,3.963,198.49,25.963,25.381,0.002345,0.018416,0.006231,7.723,23.517
7.527344,1,25,1772.29,3.1283,0.14859,27.58,50.046,4.108,205.57,25.964,25.382,0.009741,-0.000724,-0.017847,7.519,23.517
7.531250,1,25,1765.78,3.0905,0.15717,29.06,50.074,3.889,194.76,25.965,25.383,-0.019433,-0.025404,0.010514,7.720,23.517
7.535156,1,25,1770.47,3.0928,0.14223,26.37,50.076,3.954,197.98,25.966,25.383,0.010257,-0.001693,-0.016214,7.811,23.517
7.539063,1,25,1781.34,3.1977,0.15231,28.41,50.065,4.057,203.12,25.968,25.384,-0.035540,-0.000460,-0.017518,7.760,23.518
7.542969,1,25,1770.86,3.1292,0.15033,27.88,50.051,3.975,198.95,25.969,25.385,-0.017360,-0.030418,0.015406,7.688,23.518
7.546875,1,25,1775.76,3.1562,0.14705,27.35,50.109,3.935,197.17,25.970,25.386,0.006219,-0.004483,-0.018231,7.638,23.518
7.550781,1,25,1768.45,3.0375,0.15156,28.07,50.061,3.953,197.89,25.971,25.387,-0.012532,-0.034232,0.018673,7.675,23.518
7.554688,1,25,1771.54,3.1051,0.14910,27.66,50.078,4.032,201.93,25.972,25.387,0.024407,0.033990,0.017366,7.778,23.518
7.558594,1,25,1765.65,3.0196,0.14143,26.15,50.081,3.837,192.16,25.974,25.388,-0.001734,-0.007862,-0.004468,7.707,23.518
7.562500,1,25,1770.62,3.1159,0.14139,26.22,50.087,3.797,190.18,25.975,25.389,0.038682,0.021164,0.005060,7.756,23.518
7.566406,1,25,1766.04,3.0639,0.15285,28.27,50.085,3.946,197.65,25.976,25.390,-0.025917,-0.011822,-0.001399,7.730,23.518
7.570313,1,25,1776.64,3.1697,0.14773,27.49,50.063,3.922,196.36,25.977,25.390,0.040475,0.023063,0.010705,7.748,23.518
7.574219,1,25,1770.93,3.0266,0.15111,28.02,50.084,4.036,202.12,25.978,25.391,-0.006371,-0.031431,0.018094,7.595,23.518
7.578125,1,25,1767.68,3.0812,0.13574,25.13,50.084,3.817,191.16,25.979,25.392,0.028224,0.001735,-0.009086,7.687,23.518
7.582031,1,25,1776.42,3.1710,0.15509,28.85,50.082,3.997,200.16,25.980,25.393,-0.007572,-0.020840,0.005722,7.718,23.518
7.585938,1,25,1768.38,3.1068,0.14837,27.48,50.072,3.984,199.50,25.982,25.394,-0.015294,-0.031874,0.017640,7.803,23.518
7.589844,1,25,1768.31,3.1028,0.14176,26.25,50.080,3.968,198.74,25.983,25.394,-0.023007,-0.014916,0.004643,7.718,23.518
7.593750,1,25,1773.15,3.1286,0.14233,26.43,50.083,3.991,199.88,25.984,25.395,0.002630,-0.001200,-0.008767,7.753,23.518
7.597656,1,25,1778.58,3.1733,0.15072,28.07,50.073,3.942,197.41,25.985,25.396,0.033030,0.009029,-0.003493,7.749,23.518
7.601563,1,25,1771.06,3.1677,0.15400,28.56,50.076,4.016,201.08,25.986,25.397,0.003544,-0.001703,-0.015930,7.696,23.518
7.605469,1,25,1770.65,3.0591,0.15870,29.43,50.068,3.998,200.18,25.988,25.397,-0.002230,-0.007450,-0.003074,7.645,23.518
7.609375,1,25,1777.36,3.1463,0.15664,29.15,50.108,3.946,197.72,25.989,25.398,0.001624,-0.002448,-0.010723,7.642,23.518
7.613281,1,25,1778.17,3.1271,0.14584,27.16,50.060,3.895,194.99,25.990,25.399,-0.012826,-0.028448,0.013406,7.821,23.519
7.617188,1,25,1772.26,3.1351,0.15686,29.11,50.063,3.985,199.51,25.991,25.400,0.007734,0.022896,0.008871,7.588,23.519
7.621094,1,25,1774.12,3.1389,0.14003,26.02,50.058,3.944,197.43,25.992,25.401,0.007269,-0.001132,-0.016301,7.782,23.519
7.625000,1,25,1775.56,3.0569,0.15482,28.79,50.087,4.010,200.84,25.993,25.401,-0.017466,-0.031797,0.011629,7.655,23.519
7.628906,1,25,1773.72,3.1641,0.15033,27.92,50.068,3.948,197.69,25.995,25.402,-0.012110,-0.025849,0.014681,7.706,23.519
7.632813,1,25,1774.64,3.1281,0.15150,28.15,50.093,3.916,196.17,25.996,25.403,-0.033261,-0.001039,-0.010490,7.783,23.519
7.636719,1,25,1768.18,3.1618,0.14276,26.43,50.077,3.966,198.62,25.997,25.404,0.020897,0.031654,0.015491,7.567,23.519
7.640625,1,25,1766.50,3.1412,0.14076,26.04,50.082,4.004,200.52,25.998,25.404,-0.007724,0.009706,0.001227,7.752,23.519
7.644531,1,25,1770.90,3.1415,0.14522,26.93,50.078,3.892,194.88,25.999,25.405,-0.014320,-0.030174,0.014535,7.759,23.519
7.648438,1,25,1778.23,3.1805,0.15729,29.29,50.052,4.006,200.53,26.000,25.406,-0.020409,-0.018471,0.007303,7.787,23.519
7.652344,1,25,1777.17,3.0998,0.14171,26.37,50.084,3.960,198.35,26.002,25.407,-0.021432,-0.023873,0.010886,7.779,23.519
7.656250,1,25,1775.56,3.1785,0.16162,30.05,50.074,3.982,199.40,26.003,25.407,-0.010556,-0.034098,0.019173,7.646,23.519
7.660156,1,25,1765.27,3.1116,0.15394,28.46,50.088,4.076,204.13,26.004,25.408,0.006634,-0.000637,-0.015823,7.642,23.519
7.664063,1,25,1770.77,3.0344,0.14699,27.26,50.089,3.998,200.23,26.005,25.409,0.039144,0.014677,0.004394,7.686,23.519
7.667969,1,25,1769.91,3.0205,0.15016,27.83,50.079,3.915,196.04,26.006,25.410,0.033340,0.014204,-0.000156,7.753,23.519
7.671875,1,25,1782.09,3.0853,0.14689,27.41,50.067,3.903,195.41,26.007,25.411,-0.025696,0.004209,-0.017665,7.855,23.519
7.675781,1,25,1775.04,3.1259,0.14653,27.24,50.072,3.963,198.42,26.009,25.411,0.029336,0.034625,0.018647,7.782,23.519
7.679688,1,25,1771.83,3.1895,0.15547,28.85,50.060,3.959,198.20,26.010,25.412,-0.030407,0.000085,-0.015658,7.666,23.519
7.683594,1,25,1769.74,3.1065,0.14327,26.55,50.069,3.947,197.60,26.011,25.413,-0.016261,-0.028712,0.014720,7.756,23.519
7.687500,1,25,1777.27,3.1009,0.15928,29.64,50.083,3.944,197.53,26.012,25.414,-0.023682,-0.011274,-0.000529,7.820,23.520
7.691406,1,25,1773.38,3.1456,0.15657,29.08,50.052,4.049,202.66,26.013,25.414,0.013629,-0.004984,-0.017209,7.744,23.520
7.695313,1,25,1768.03,3.1538,0.16065,29.74,50.081,3.915,196.06,26.014,25.415,-0.030124,0.000795,-0.012577,7.813,23.520
7.699219,1,25,1775.28,3.0852,0.14051,26.12,50.078,3.970,198.81,26.015,25.416,-0.035443,0.001179,-0.015042,7.660,23.520
7.703125,1,25,1772.31,3.0811,0.14981,27.80,50.079,3.930,196.83,26.017,25.417,-0.012701,-0.031436,0.017674,7.609,23.520
7.707031,1,25,1775.49,3.1696,0.14974,27.84,50.084,4.021,201.38,26.018,25.417,0.024278,0.034060,0.018106,7.727,23.520
7.710938,1,25,1780.33,3.1573,0.14718,27.44,50.061,3.905,195.47,26.019,25.418,-0.033891,-0.000943,-0.017716,7.648,23.520
7.714844,1,25,1782.95,3.1420,0.15799,29.50,50.074,4.134,207.02,26.020,25.419,0.029719,-0.000073,-0.011774,7.747,23.520
7.718750,1,25,1770.91,3.1326,0.13344,24.75,50.080,4.009,200.76,26.021,25.420,-0.034235,0.002680,-0.018043,7.708,23.520
7.722656,1,25,1769.08,3.1190,0.15037,27.86,50.110,3.977,199.30,26.023,25.421,-0.024012,-0.015636,0.000796,7.796,23.520
7.726563,1,25,1775.89,3.1397,0.15372,28.59,50.057,4.051,202.77,26.024,25.421,-0.024651,-0.015126,0.001739,7.676,23.520
7.730469,1,25,1764.40,3.1246,0.14716,27.19,50.081,3.918,196.22,26.025,25.422,0.012378,0.000177,-0.018461,7.678,23.520
7.734375,1,25,1770.97,2.9902,0.15564,28.86,50.093,3.962,198.49,26.026,25.423,0.021243,-0.001653,-0.015498,7.765,23.520
7.738281,1,25,1771.98,3.0904,0.15033,27.89,50.059,3.998,200.13,26.027,25.424,-0.009576,-0.029907,0.012377,7.689,23.520
7.742188,1,25,1768.89,3.0063,0.15050,27.88,50.078,3.987,199.66,26.028,25.424,0.028432,-0.000311,-0.010750,7.812,23.520
7.746094,1,25,1773.61,3.0375,0.14366,26.68,50.069,3.988,199.68,26.030,25.425,-0.002383,0.017377,0.004804,7.730,23.520
7.750000,1,25,1768.52,3.0263,0.14608,27.05,50.091,3.754,188.04,26.031,25.426,-0.005300,-0.006034,-0.005731,7.765,23.520
7.753906,1,25,1767.73,3.0664,0.14733,27.27,50.100,3.906,195.67,26.032,25.427,-0.003860,-0.010809,-0.000854,7.729,23.520
7.757813,1,25,1773.26,3.1418,0.15657,29.07,50.076,3.936,197.08,26.033,25.427,0.023106,0.001631,-0.016290,7.650,23.520
7.761719,1,25,1778.17,3.1355,0.15216,28.33,50.053,4.079,204.18,26.034,25.428,0.015312,0.029926,0.013972,7.754,23.521
7.765625,1,25,1775.72,3.0923,0.14681,27.30,50.075,4.072,203.90,26.035,25.429,-0.032674,0.000488,-0.019325,7.783,23.521
7.769531,1,25,1774.91,3.1314,0.14770,27.45,50.054,4.057,203.09,26.036,25.430,-0.029281,-0.000621,-0.018554,7.741,23.521
7.773438,1,25,1775.16,3.1873,0.15122,28.11,50.098,3.945,197.62,26.038,25.431,0.001949,0.021613,0.010043,7.783,23.521
7.777344,1,25,1777.60,3.1449,0.16250,30.25,50.081,4.047,202.67,26.039,25.431,-0.000402,-0.002937,-0.007266,7.801,23.521
7.781250,1,25,1768.32,2.9763,0.15602,28.89,50.082,4.016,201.15,26.040,25.432,0.012781,-0.001158,-0.020209,7.648,23.521
7.785156,1,25,1770.07,3.0202,0.15164,28.11,50.103,3.901,195.44,26.041,25.433,-0.022443,-0.022515,0.009607,7.624,23.521
7.789063,1,25,1772.23,3.1339,0.14670,27.22,50.062,4.141,207.29,26.042,25.434,0.027848,0.034545,0.019762,7.690,23.521
7.792969,1,25,1773.72,3.1432,0.14730,27.36,50.069,4.050,202.76,26.043,25.434,0.003761,-0.002616,-0.015971,7.688,23.521
7.796875,1,25,1768.75,3.0653,0.15093,27.96,50.075,4.050,202.82,26.045,25.435,-0.029611,0.001762,-0.017935,7.709,23.521
7.800781,1,25,1768.39,3.0813,0.14137,26.18,50.114,3.889,194.90,26.046,25.436,-0.018926,0.004677,-0.009758,7.624,23.521
7.804688,1,25,1775.92,3.1878,0.15714,29.22,50.069,4.045,202.53,26.047,25.437,0.009617,0.021741,0.012134,7.720,23.521
7.808594,1,25,1775.19,3.0942,0.14965,27.82,50.069,4.009,200.72,26.048,25.438,0.016917,0.029679,0.015285,7.613,23.521
7.812500,1,25,1772.40,3.0564,0.14618,27.13,50.077,3.968,198.70,26.049,25.438,-0.034644,-0.000852,-0.014211,7.734,23.521
7.816406,1,25,1781.01,3.1356,0.15795,29.46,50.076,3.931,196.84,26.050,25.439,0.010095,0.028461,0.014894,7.738,23.521
7.820313,1,25,1773.14,3.1539,0.14055,26.10,50.078,3.933,196.97,26.052,25.440,0.040569,0.034495,0.013702,7.669,23.521
7.824219,1,25,1779.86,3.1009,0.14443,26.92,50.076,3.927,196.65,26.053,25.440,0.035841,0.035532,0.016814,7.749,23.521
7.828125,1,25,1775.87,3.1548,0.15470,28.77,50.067,4.020,201.27,26.054,25.441,-0.026094,-0.013263,-0.000134,7.726,23.521
7.832031,1,25,1772.33,3.0428,0.14773,27.42,50.070,4.062,203.39,26.055,25.442,0.008350,-0.003909,-0.019275,7.818,23.521
7.835938,1,25,1768.57,3.0874,0.15180,28.11,50.089,3.889,194.82,26.056,25.443,-0.002244,0.017188,0.002949,7.721,23.522
7.839844,1,25,1769.73,3.0662,0.15481,28.69,50.061,3.974,198.94,26.057,25.444,0.030629,0.001453,-0.007457,7.798,23.522
7.843750,1,25,1770.81,3.1204,0.15218,28.22,50.098,3.897,195.26,26.058,25.444,-0.008335,-0.022729,0.007172,7.735,23.522
7.847656,1,25,1772.03,3.0393,0.14574,27.04,50.064,4.065,203.49,26.060,25.445,-0.030812,0.001352,-0.012961,7.800,23.522
7.851563,1,25,1775.31,3.1329,0.15036,27.95,50.100,3.930,196.91,26.061,25.446,0.016832,0.002360,-0.017306,7.719,23.522
7.855469,1,25,1771.37,3.0443,0.14966,27.76,50.080,4.038,202.24,26.062,25.447,-0.016208,0.004507,-0.007831,7.578,23.522
7.859375,1,25,1770.47,3.0308,0.14406,26.71,50.091,4.052,202.95,26.063,25.447,-0.018954,0.002606,-0.008013,7.581,23.522
7.863281,1,25,1768.67,3.0414,0.14373,26.62,50.099,3.911,195.93,26.064,25.448,-0.032317,-0.002763,-0.016927,7.748,23.522
7.867188,1,25,1762.45,3.0665,0.15391,28.41,50.090,4.026,201.67,26.065,25.449,0.031684,0.033155,0.018370,7.764,23.522
7.871094,1,25,1768.56,3.0279,0.14445,26.75,50.101,3.857,193.26,26.066,25.450,0.012129,0.025588,0.010403,7.711,23.522
7.875000,1,25,1769.03,3.0690,0.14243,26.39,50.100,3.961,198.45,26.067,25.450,0.038463,0.012335,0.002557,7.574,23.522
7.878906,1,25,1775.68,3.0437,0.15598,29.00,50.097,3.989,199.85,26.069,25.451,0.040859,0.018385,0.005598,7.678,23.522
7.882813,1,25,1774.20,3.1111,0.14514,26.97,50.068,4.091,204.83,26.070,25.452,0.029249,0.031585,0.017931,7.794,23.522
7.886719,1,25,1767.43,3.1430,0.14467,26.78,50.078,3.931,196.87,26.071,25.453,0.014423,-0.000275,-0.019060,7.785,23.522
7.890625,1,25,1776.73,3.0941,0.15301,28.47,50.098,3.924,196.58,26.072,25.453,-0.019126,-0.024805,0.007299,7.726,23.522
7.894531,1,25,1782.00,3.0400,0.15137,28.25,50.099,4.032,202.01,26.073,25.454,-0.005939,-0.014851,0.003693,7.784,23.522
7.898438,1,25,1769.28,3.0457,0.13945,25.84,50.114,3.945,197.68,26.074,25.455,-0.016758,0.003495,-0.009048,7.785,23.522
7.902344,1,25,1773.33,3.0667,0.14714,27.32,50.088,3.953,198.00,26.075,25.455,-0.011976,-0.034641,0.018414,7.654,23.522
7.906250,1,25,1774.99,3.1223,0.15683,29.15,50.062,3.972,198.87,26.077,25.456,-0.024237,0.001031,-0.013507,7.813,23.522
7.910156,1,25,1779.95,2.9769,0.14067,26.22,50.076,4.040,202.30,26.078,25.457,-0.017045,-0.022475,0.007778,7.793,23.522
7.914063,1,25,1770.18,3.1058,0.14742,27.33,50.057,3.916,196.00,26.079,25.458,-0.006205,-0.021450,0.007599,7.589,23.523
7.917969,1,25,1775.35,3.1440,0.14454,26.87,50.064,3.937,197.11,26.080,25.458,0.021614,0.000783,-0.016025,7.737,23.523
7.921875,1,25,1768.86,3.1050,0.14536,26.93,50.107,3.802,190.53,26.081,25.459,-0.007879,-0.029027,0.015529,7.653,23.523
7.925781,1,25,1775.86,3.1603,0.14713,27.36,50.050,4.084,204.42,26.082,25.460,-0.012508,-0.037902,0.015901,7.812,23.523
7.929688,1,25,1773.25,3.1342,0.13519,25.10,50.057,3.933,196.86,26.083,25.461,0.009404,-0.001481,-0.018149,7.755,23.523
7.933594,1,25,1775.76,3.0727,0.15164,28.20,50.083,4.007,200.66,26.084,25.461,-0.035232,-0.000570,-0.016784,7.673,23.523
7.937500,1,25,1774.37,3.1419,0.16023,29.77,50.079,3.975,199.05,26.086,25.462,-0.027885,-0.005467,-0.009448,7.562,23.523
7.941406,1,25,1773.65,3.1658,0.14769,27.43,50.062,4.034,201.94,26.087,25.463,-0.033167,-0.001307,-0.012149,7.693,23.523
7.945313,1,25,1772.21,3.0788,0.14361,26.65,50.084,3.916,196.14,26.088,25.464,-0.024317,-0.017926,0.005954,7.723,23.523
7.949219,1,25,1775.59,3.0704,0.15430,28.69,50.044,4.042,202.28,26.089,25.464,0.032562,0.005098,-0.009076,7.868,23.523
7.953125,1,25,1776.39,3.1917,0.14982,27.87,50.062,3.868,193.63,26.090,25.465,-0.004744,-0.016566,0.001635,7.835,23.523
7.957031,1,25,1775.50,3.0491,0.15501,28.82,50.079,3.888,194.71,26.091,25.466,-0.004494,-0.013120,0.002240,7.791,23.523
7.960938,1,25,1771.16,3.2412,0.15132,28.07,50.055,3.973,198.85,26.092,25.466,0.008147,0.025702,0.007146,7.681,23.523
7.964844,1,25,1774.38,3.0765,0.15536,28.87,50.076,3.923,196.46,26.093,25.467,-0.010582,-0.031575,0.019976,7.722,23.523
7.968750,1,25,1782.02,3.1443,0.14427,26.92,50.087,3.841,192.40,26.094,25.468,-0.020099,-0.018561,0.007245,7.860,23.523
7.972656,1,25,1767.63,3.0352,0.14293,26.46,50.084,3.872,193.94,26.095,25.468,-0.023838,0.001750,-0.017252,7.780,23.523
7.976563,1,25,1763.67,3.0193,0.14992,27.69,50.076,3.957,198.15,26.096,25.469,-0.003310,-0.016085,0.003788,7.569,23.523
7.980469,1,25,1773.14,3.1227,0.15544,28.86,50.085,3.883,194.49,26.098,25.470,-0.033765,0.000101,-0.018285,7.754,23.523
7.984375,1,25,1771.14,3.1260,0.14287,26.50,50.086,3.926,196.66,26.099,25.471,-0.026598,-0.019209,0.002919,7.707,23.523
7.988281,1,25,1772.44,3.1478,0.14399,26.73,50.056,4.056,203.03,26.100,25.471,-0.000461,0.017639,0.004689,7.664,23.524
7.992188,1,25,1774.26,3.1370,0.15124,28.10,50.085,3.964,198.53,26.101,25.472,0.011280,0.000667,-0.017656,7.676,23.524
7.996094,1,25,1762.89,3.0147,0.15111,27.90,50.054,3.961,198.24,26.102,25.473,-0.011233,0.009436,-0.001860,7.617,23.524
8.000000,0,0,1764.08,3.0499,0.14783,27.31,50.069,3.975,199.03,26.103,25.474,0.038408,0.010562,-0.003799,7.562,23.524
8.003906,0,0,1759.23,3.0945,0.14667,27.02,50.073,3.933,196.96,26.104,25.474,-0.020376,-0.020274,0.004990,7.577,23.524
8.007813,0,0,1744.81,3.0040,0.14683,26.83,50.073,3.909,195.74,26.105,25.475,-0.027480,0.002258,-0.016049,7.502,23.524
8.011719,0,0,1737.95,2.9562,0.15021,27.34,50.089,3.826,191.64,26.106,25.476,0.021782,0.032220,0.017396,7.655,23.524
8.015625,0,0,1714.58,2.9784,0.13107,23.53,50.077,3.852,192.91,26.107,25.476,0.021211,0.031979,0.017330,7.495,23.524
8.019531,0,0,1713.62,2.8729,0.12921,23.19,50.066,3.957,198.12,26.108,25.477,0.016132,0.026927,0.019835,7.348,23.524
8.023438,0,0,1703.93,2.8214,0.13469,24.03,50.091,3.853,193.02,26.110,25.478,-0.025552,-0.000859,-0.016906,7.429,23.524
8.027344,0,0,1697.10,2.7289,0.13714,24.37,50.083,3.870,193.80,26.111,25.478,0.022795,0.033505,0.013537,7.328,23.524
8.031250,0,0,1681.86,2.9034,0.14287,25.16,50.077,3.750,187.77,26.112,25.479,0.036843,0.032358,0.015516,7.227,23.524
8.035156,0,0,1677.91,2.8254,0.14374,25.26,50.067,3.912,195.88,26.113,25.480,-0.023832,-0.014850,0.001337,7.188,23.524
8.039063,0,0,1665.75,2.7506,0.13853,24.16,50.093,3.774,189.03,26.114,25.480,0.035438,0.018095,0.001839,7.170,23.524
8.042969,0,0,1659.15,2.8247,0.12660,22.00,50.086,3.613,180.94,26.114,25.481,0.002539,-0.001668,-0.009784,7.229,23.524
8.046875,0,0,1643.12,2.7542,0.13815,23.77,50.104,3.648,182.75,26.115,25.481,0.006593,-0.001201,-0.013872,7.275,23.524
8.050781,0,0,1644.32,2.5793,0.12863,22.15,50.092,3.694,185.02,26.116,25.482,-0.016861,-0.024838,0.012326,7.232,23.524
8.054688,0,0,1628.10,2.6512,0.12750,21.74,50.119,3.634,182.16,26.117,25.482,-0.010480,-0.029290,0.017678,7.133,23.524
8.058594,0,0,1616.70,2.5676,0.12697,21.50,50.101,3.644,182.55,26.118,25.483,0.035422,0.026363,0.010137,6.948,23.524
8.062500,0,0,1612.21,2.5919,0.11450,19.33,50.112,3.640,182.39,26.119,25.483,-0.012811,-0.026245,0.013256,7.083,23.524
8.066406,0,0,1601.06,2.4958,0.12857,21.56,50.076,3.646,182.59,26.120,25.484,0.029345,0.004639,-0.010446,6.944,23.525
8.070313,0,0,1603.83,2.6428,0.12707,21.34,50.114,3.688,184.82,26.121,25.485,-0.022940,-0.006252,-0.004453,6.969,23.525
8.074219,0,0,1587.45,2.4974,0.12882,21.42,50.102,3.588,179.75,26.122,25.485,-0.016273,-0.028150,0.012891,6.920,23.525
8.078125,0,0,1574.61,2.4835,0.10880,17.94,50.096,3.476,174.14,26.122,25.485,0.006537,0.021189,0.010657,6.852,23.525
8.082031,0,0,1566.78,2.3741,0.12822,21.04,50.107,3.557,178.25,26.123,25.486,0.018318,0.030496,0.016582,6.871,23.525
8.085938,0,0,1558.09,2.4149,0.11214,18.30,50.154,3.440,172.55,26.124,25.486,0.000625,0.018919,0.002538,6.773,23.525
8.089844,0,0,1550.17,2.3644,0.12105,19.65,50.108,3.378,169.26,26.125,25.487,0.010976,0.020792,0.011193,6.831,23.525
8.093750,0,0,1540.77,2.2968,0.10822,17.46,50.087,3.576,179.13,26.126,25.487,-0.026389,-0.000362,-0.015991,6.614,23.525
8.097656,0,0,1536.78,2.3582,0.11534,18.56,50.103,3.557,178.21,26.127,25.488,0.001011,-0.004111,-0.009943,6.581,23.525
8.101563,0,0,1523.45,2.3187,0.11210,17.88,50.104,3.529,176.80,26.127,25.488,-0.022995,-0.008609,0.001313,6.652,23.525
8.105469,0,0,1510.82,2.2468,0.11045,17.47,50.128,3.459,173.37,26.128,25.489,0.031576,0.027627,0.015113,6.597,23.525
8.109375,0,0,1506.92,2.2141,0.09977,15.74,50.129,3.366,168.75,26.129,25.489,-0.019296,-0.016996,0.005687,6.620,23.525
8.113281,0,0,1500.97,2.2697,0.11411,17.94,50.111,3.332,166.98,26.130,25.489,-0.001882,0.014641,0.002213,6.509,23.525
8.117188,0,0,1487.07,2.2375,0.10348,16.12,50.133,3.331,166.97,26.130,25.490,0.032931,0.014430,0.003277,6.308,23.525
8.121094,0,0,1476.63,2.1161,0.10634,16.44,50.142,3.344,167.66,26.131,25.490,-0.022467,0.002548,-0.015326,6.424,23.525
8.125000,0,0,1478.38,2.0979,0.10218,15.82,50.096,3.427,171.70,26.132,25.491,0.032417,0.013160,0.000578,6.419,23.525
8.128906,0,0,1465.20,2.0993,0.10213,15.67,50.150,3.275,164.24,26.132,25.491,-0.008026,-0.023065,0.010853,6.359,23.525
8.132813,0,0,1459.23,2.0735,0.10709,16.36,50.115,3.287,164.74,26.133,25.491,-0.028560,0.001571,-0.012374,6.358,23.525
8.136719,0,0,1461.13,2.1670,0.10092,15.44,50.135,3.357,168.32,26.134,25.492,0.030434,0.020253,0.008666,6.474,23.525
8.140625,0,0,1445.86,2.1791,0.10288,15.58,50.131,3.335,167.18,26.134,25.492,0.034672,0.018421,0.005691,6.167,23.526
8.144531,0,0,1431.14,1.9171,0.09785,14.66,50.148,3.150,157.98,26.135,25.492,0.024911,0.000449,-0.012115,6.254,23.526
8.148438,0,0,1426.30,2.0030,0.09381,14.01,50.127,3.305,165.68,26.136,25.493,-0.023837,-0.008852,0.000453,6.189,23.526
8.152344,0,0,1417.93,1.9392,0.08854,13.15,50.156,3.194,160.18,26.136,25.493,-0.014384,-0.021562,0.007732,6.244,23.526
8.156250,0,0,1417.95,1.9736,0.09650,14.33,50.165,3.220,161.54,26.137,25.493,-0.025312,-0.005297,-0.010232,6.109,23.526
8.160156,0,0,1399.42,1.8914,0.09674,14.18,50.121,3.217,161.26,26.137,25.493,0.014023,0.002388,-0.016330,5.944,23.526
8.164063,0,0,1397.24,1.8751,0.08530,12.48,50.131,3.142,157.53,26.138,25.494,0.026678,0.026732,0.012795,5.994,23.526
8.167969,0,0,1385.44,1.8603,0.10007,14.52,50.154,3.012,151.08,26.139,25.494,-0.008722,-0.027492,0.012070,6.089,23.526
8.171875,0,0,1380.34,1.8822,0.08613,12.45,50.145,3.008,150.82,26.139,25.494,0.005693,0.018277,0.006465,5.884,23.526
8.175781,0,0,1374.50,1.8104,0.09505,13.68,50.143,3.184,159.67,26.140,25.494,0.017813,0.001062,-0.010988,6.059,23.526
8.179688,0,0,1361.89,1.7801,0.08571,12.22,50.133,3.056,153.22,26.140,25.495,-0.016648,-0.017880,0.007136,5.950,23.526
8.183594,0,0,1355.08,1.7717,0.08376,11.89,50.144,3.130,156.96,26.141,25.495,-0.025682,0.004983,-0.015614,5.916,23.526
8.187500,0,0,1348.87,1.7639,0.08990,12.70,50.152,3.102,155.59,26.141,25.495,0.020980,0.025670,0.015147,5.921,23.526
8.191406,0,0,1342.60,1.7762,0.08722,12.26,50.154,3.099,155.41,26.142,25.495,0.016646,0.001455,-0.014242,5.908,23.526
8.195313,0,0,1336.17,1.7482,0.08845,12.38,50.111,3.143,157.48,26.142,25.495,-0.004724,-0.017067,0.009722,5.849,23.526
8.199219,0,0,1325.01,1.7226,0.08147,11.30,50.143,2.954,148.14,26.143,25.496,0.020228,0.023458,0.015138,5.812,23.526
8.203125,0,0,1320.36,1.7435,0.08433,11.66,50.152,3.018,151.36,26.143,25.496,-0.006906,-0.024200,0.010807,5.661,23.526
8.207031,0,0,1312.82,1.7415,0.09009,12.39,50.154,3.034,152.18,26.144,25.496,-0.009175,-0.029803,0.012859,5.643,23.526
8.210938,0,0,1303.48,1.7132,0.07843,10.71,50.140,3.113,156.08,26.144,25.496,0.001518,-0.000240,-0.010888,5.749,23.526
8.214844,0,0,1304.43,1.6270,0.07411,10.12,50.147,3.096,155.27,26.145,25.496,-0.010145,-0.030006,0.014656,5.729,23.526
8.218750,0,0,1287.95,1.6116,0.08712,11.75,50.136,2.909,145.84,26.145,25.497,-0.003287,-0.007229,-0.007941,5.646,23.527
8.222656,0,0,1284.83,1.6471,0.07849,10.56,50.130,3.014,151.08,26.146,25.497,0.022427,0.028699,0.017189,5.535,23.527
8.226563,0,0,1278.94,1.6548,0.08288,11.10,50.152,3.082,154.57,26.146,25.497,0.006283,-0.000554,-0.013760,5.491,23.527
8.230469,0,0,1269.60,1.5362,0.07380,9.81,50.162,2.997,150.31,26.147,25.497,0.032011,0.019016,0.009455,5.579,23.527
8.234375,0,0,1263.18,1.5908,0.07509,9.93,50.176,3.014,151.22,26.147,25.497,0.006791,0.001057,-0.015652,5.565,23.527
8.238281,0,0,1258.22,1.5252,0.07309,9.63,50.164,2.913,146.10,26.148,25.497,-0.023103,-0.002167,-0.006136,5.536,23.527
8.242188,0,0,1250.62,1.5701,0.07248,9.49,50.184,2.815,141.25,26.148,25.498,-0.024398,0.001962,-0.013647,5.384,23.527
8.246094,0,0,1238.23,1.5392,0.08151,10.57,50.134,2.994,150.10,26.149,25.498,0.034697,0.017335,0.003580,5.342,23.527
8.250000,0,0,1231.95,1.4466,0.07241,9.34,50.172,2.811,141.03,26.149,25.498,0.001058,-0.001327,-0.007051,5.397,23.527
8.253906,0,0,1228.49,1.4473,0.07624,9.81,50.147,2.838,142.31,26.149,25.498,0.005622,0.013688,0.006461,5.261,23.527
8.257813,0,0,1226.01,1.5256,0.06798,8.73,50.156,3.024,151.65,26.150,25.498,-0.025603,-0.005842,-0.007621,5.231,23.527
8.261719,0,0,1216.05,1.4629,0.07277,9.27,50.181,2.856,143.32,26.150,25.498,-0.000786,-0.007970,0.000889,5.326,23.527
8.265625,0,0,1212.13,1.4125,0.07253,9.21,50.174,2.734,137.16,26.150,25.498,0.002538,0.013089,0.004913,5.333,23.527
8.269531,0,0,1200.35,1.4480,0.06750,8.49,50.187,2.851,143.06,26.151,25.498,-0.002442,-0.004052,-0.003252,5.229,23.527
8.273438,0,0,1194.05,1.5575,0.05848,7.31,50.141,2.845,142.66,26.151,25.498,-0.014563,-0.017548,0.007936,5.198,23.527
8.277344,0,0,1183.04,1.3305,0.06721,8.33,50.161,2.772,139.03,26.152,25.498,0.025819,0.005249,-0.002444,5.089,23.527
8.281250,0,0,1183.46,1.3649,0.06389,7.92,50.171,2.854,143.21,26.152,25.498,0.007468,0.000508,-0.013864,5.116,23.527
8.285156,0,0,1169.97,1.3734,0.06211,7.61,50.161,2.739,137.40,26.152,25.498,-0.007880,-0.023477,0.012828,5.065,23.527
8.289063,0,0,1165.67,1.4313,0.06793,8.29,50.150,2.941,147.48,26.153,25.499,0.016126,0.021923,0.011832,5.118,23.527
8.292969,0,0,1158.07,1.3114,0.06777,8.22,50.166,2.744,137.67,26.153,25.499,0.019580,0.023268,0.014451,4.962,23.527
8.296875,0,0,1153.62,1.3197,0.06982,8.44,50.178,2.732,137.08,26.153,25.499,-0.007431,-0.019286,0.008034,4.850,23.528
8.300781,0,0,1147.07,1.2936,0.05633,6.77,50.219,2.736,137.39,26.154,25.499,-0.019170,-0.008788,0.001833,5.065,23.528
8.304688,0,0,1139.86,1.1870,0.05579,6.66,50.199,2.632,132.11,26.154,25.499,-0.022843,-0.001116,-0.009125,4.966,23.528
8.308594,0,0,1138.67,1.2025,0.07453,8.89,50.150,2.728,136.79,26.154,25.499,-0.014075,-0.015336,0.003451,4.895,23.528
8.312500,0,0,1127.36,1.3404,0.06376,7.53,50.165,2.644,132.63,26.154,25.499,0.025227,0.010029,0.004463,4.841,23.528
8.316406,0,0,1124.62,1.3057,0.05945,7.00,50.155,2.634,132.11,26.155,25.499,-0.018569,0.005460,-0.009579,4.858,23.528
8.320313,0,0,1114.78,1.2297,0.05418,6.32,50.188,2.659,133.44,26.155,25.499,-0.008381,-0.021137,0.010893,4.761,23.528
8.324219,0,0,1114.65,1.2906,0.05719,6.68,50.206,2.721,136.62,26.155,25.499,-0.011563,-0.017441,0.009159,4.883,23.528
8.328125,0,0,1106.54,1.2205,0.05288,6.13,50.188,2.696,135.33,26.155,25.499,-0.007365,-0.022543,0.011250,4.744,23.528
8.332031,0,0,1097.24,1.2236,0.05233,6.01,50.201,2.665,133.76,26.156,25.499,0.003612,-0.005150,-0.008711,4.673,23.528
8.335938,0,0,1094.51,1.2163,0.05042,5.78,50.221,2.584,129.76,26.156,25.499,0.018785,0.022545,0.012675,4.754,23.528
8.339844,0,0,1086.74,1.2087,0.05550,6.32,50.168,2.680,134.46,26.156,25.499,0.015837,0.023669,0.013870,4.793,23.528
8.343750,0,0,1074.80,1.1308,0.04906,5.52,50.179,2.673,134.11,26.156,25.499,-0.004248,-0.008550,0.005683,4.647,23.528
8.347656,0,0,1070.34,1.1026,0.05799,6.50,50.187,2.535,127.22,26.157,25.498,-0.013005,0.005482,-0.007769,4.735,23.528
8.351563,0,0,1071.08,1.1808,0.04645,5.21,50.193,2.599,130.45,26.157,25.498,0.021456,0.022947,0.011841,4.618,23.528
8.355469,0,0,1066.02,1.1455,0.05038,5.62,50.186,2.585,129.71,26.157,25.498,-0.004018,-0.009001,0.002441,4.725,23.528
8.359375,0,0,1058.46,1.1512,0.05927,6.57,50.172,2.631,132.02,26.157,25.498,-0.006020,-0.011820,0.000278,4.601,23.528
8.363281,0,0,1047.48,1.1437,0.05269,5.78,50.175,2.663,133.60,26.157,25.498,0.006701,0.014407,0.008469,4.592,23.528
8.367188,0,0,1039.15,1.1593,0.04918,5.35,50.181,2.607,130.84,26.158,25.498,-0.009597,0.001471,-0.005380,4.534,23.528
8.371094,0,0,1032.36,1.0444,0.05163,5.58,50.177,2.544,127.63,26.158,25.498,0.013263,0.018652,0.010797,4.553,23.528
8.375000,0,0,1031.40,0.9524,0.05192,5.61,50.206,2.445,122.76,26.158,25.498,-0.002186,0.006758,0.001665,4.473,23.529
8.378906,0,0,1026.84,0.9737,0.05311,5.71,50.192,2.612,131.09,26.158,25.498,-0.000033,-0.000682,-0.008459,4.466,23.529
8.382813,0,0,1018.69,0.9748,0.04112,4.39,50.195,2.537,127.35,26.158,25.498,0.007538,-0.004779,-0.011727,4.425,23.529
8.386719,0,0,1013.95,1.0173,0.04989,5.30,50.192,2.501,125.52,26.159,25.498,-0.016816,-0.009566,-0.006505,4.364,23.529
8.390625,0,0,1006.85,0.9897,0.05048,5.32,50.174,2.511,125.99,26.159,25.498,-0.022529,0.001234,-0.009578,4.293,23.529
8.394531,0,0,996.36,0.9962,0.04309,4.50,50.203,2.519,126.46,26.159,25.498,-0.002362,-0.002494,-0.006240,4.374,23.529
8.398438,0,0,996.68,0.9282,0.04666,4.87,50.207,2.400,120.48,26.159,25.497,-0.004659,-0.015078,0.005832,4.361,23.529
8.402344,0,0,997.84,0.9152,0.05150,5.38,50.177,2.569,128.92,26.159,25.497,-0.019077,-0.003710,-0.004858,4.412,23.529
8.406250,0,0,982.08,0.8540,0.04215,4.33,50.198,2.443,122.65,26.159,25.497,-0.007273,-0.023652,0.008810,4.221,23.529
8.410156,0,0,980.06,0.9756,0.03953,4.06,50.193,2.439,122.43,26.159,25.497,0.002327,0.001029,-0.012126,4.186,23.529
8.414063,0,0,969.50,0.9304,0.04987,5.06,50.222,2.387,119.89,26.159,25.497,-0.007463,0.008831,0.000058,4.233,23.529
8.417969,0,0,968.48,1.0092,0.03975,4.03,50.193,2.559,128.45,26.160,25.497,-0.016133,0.002210,-0.007895,4.186,23.529
8.421875,0,0,964.06,1.0157,0.04784,4.83,50.213,2.316,116.30,26.160,25.497,0.008778,-0.000748,-0.010533,4.172,23.529
8.425781,0,0,954.38,0.8580,0.04445,4.44,50.199,2.401,120.54,26.160,25.497,0.010105,0.020127,0.008238,4.159,23.529
8.429688,0,0,957.83,0.9107,0.04580,4.59,50.196,2.368,118.86,26.160,25.496,-0.005663,-0.020740,0.010738,4.101,23.529
8.433594,0,0,946.57,0.9607,0.04436,4.40,50.214,2.295,115.26,26.160,25.496,0.014303,0.017795,0.009499,4.021,23.529
8.437500,0,0,940.96,0.8569,0.03818,3.76,50.201,2.387,119.85,26.160,25.496,0.011566,-0.001323,-0.013141,4.156,23.529
8.441406,0,0,938.78,0.8749,0.04202,4.13,50.231,2.382,119.67,26.160,25.496,0.016901,0.023339,0.008919,4.114,23.529
8.445313,0,0,929.66,0.8779,0.04826,4.70,50.219,2.366,118.84,26.160,25.496,-0.017806,0.001552,-0.011676,4.033,23.529
8.449219,0,0,927.74,0.8689,0.04033,3.92,50.215,2.275,114.22,26.160,25.495,-0.012693,-0.017796,0.009531,4.017,23.529
8.453125,0,0,930.17,0.8527,0.04122,4.02,50.213,2.229,111.95,26.160,25.495,0.012769,0.020173,0.009012,3.946,23.530
8.457031,0,0,914.45,0.8706,0.04120,3.94,50.222,2.291,115.06,26.160,25.495,-0.017077,-0.001782,-0.006613,4.008,23.530
8.460938,0,0,909.72,0.8213,0.03948,3.76,50.209,2.343,117.64,26.160,25.495,0.015045,0.001959,-0.010256,3.937,23.530
8.464844,0,0,902.54,0.8216,0.03498,3.31,50.214,2.263,113.62,26.160,25.494,0.008869,-0.002147,-0.012131,3.981,23.530
8.468750,0,0,904.45,0.8408,0.03371,3.19,50.201,2.165,108.68,26.160,25.494,-0.014764,-0.011329,0.004376,3.876,23.530
8.472656,0,0,897.54,0.8373,0.04191,3.94,50.208,2.361,118.53,26.160,25.494,-0.018404,-0.003680,-0.006326,3.869,23.530
8.476563,0,0,894.87,0.8264,0.03977,3.73,50.198,2.310,115.97,26.160,25.494,-0.000709,-0.005061,-0.003578,3.835,23.530
8.480469,0,0,894.06,0.8814,0.04291,4.02,50.224,2.274,114.23,26.160,25.494,0.003557,0.000409,-0.009409,3.898,23.530
8.484375,0,0,882.18,0.7569,0.04698,4.34,50.194,2.268,113.84,26.160,25.493,-0.017629,-0.003340,-0.008479,3.691,23.530
8.488281,0,0,878.82,0.7415,0.04406,4.05,50.187,2.434,122.16,26.160,25.493,0.008055,0.001489,-0.012583,3.805,23.530
8.492188,0,0,874.66,0.8089,0.03771,3.45,50.205,2.277,114.33,26.160,25.493,-0.019269,0.000205,-0.009308,3.757,23.530
8.496094,0,0,873.62,0.7134,0.04082,3.73,50.192,2.265,113.69,26.160,25.493,-0.016504,-0.009079,0.003048,3.726,23.530
8.500000,0,0,863.08,0.8297,0.03636,3.29,50.199,2.270,113.94,26.160,25.493,0.015311,0.004363,-0.005946,3.690,23.530
8.503906,0,0,858.41,0.7234,0.03708,3.33,50.214,2.238,112.39,26.160,25.492,-0.012465,-0.010545,0.005585,3.695,23.530
8.507813,0,0,855.24,0.7199,0.04425,3.96,50.218,2.128,106.87,26.160,25.492,0.018523,0.000489,-0.007852,3.696,23.530
8.511719,0,0,852.78,0.6961,0.03103,2.77,50.214,2.195,110.20,26.160,25.492,-0.002179,0.013946,0.004967,3.747,23.530
8.515625,0,0,845.99,0.7558,0.03210,2.84,50.206,2.144,107.66,26.160,25.491,0.015103,0.017949,0.010255,3.787,23.530
8.519531,0,0,840.97,0.6882,0.02749,2.42,50.196,2.306,115.73,26.160,25.491,-0.001713,-0.000451,-0.003792,3.631,23.530
8.523438,0,0,836.51,0.6747,0.03504,3.07,50.226,2.130,106.98,26.160,25.491,-0.017037,-0.000844,-0.012850,3.595,23.530
8.527344,0,0,835.98,0.6404,0.03160,2.77,50.212,2.180,109.45,26.160,25.491,-0.018248,-0.000776,-0.012925,3.584,23.530
8.531250,0,0,821.64,0.6940,0.02748,2.36,50.245,2.114,106.20,26.160,25.490,-0.015610,-0.002687,-0.009722,3.580,23.531
8.535156,0,0,819.30,0.7364,0.04364,3.74,50.201,2.121,106.47,26.160,25.490,-0.007349,-0.019910,0.007459,3.456,23.531
8.539063,0,0,816.71,0.6370,0.02982,2.55,50.207,2.139,107.39,26.160,25.490,0.021130,0.004945,-0.002905,3.501,23.531
8.542969,0,0,812.66,0.6663,0.03655,3.11,50.218,2.239,112.45,26.160,25.489,-0.014250,-0.003855,-0.000990,3.569,23.531
8.546875,0,0,805.98,0.7212,0.02283,1.93,50.230,2.089,104.94,26.160,25.489,-0.016132,-0.000290,-0.009888,3.582,23.531
8.550781,0,0,796.76,0.6482,0.02807,2.34,50.244,2.122,106.62,26.160,25.489,-0.004970,-0.016927,0.009631,3.448,23.531
8.554688,0,0,801.14,0.6390,0.02250,1.89,50.221,2.064,103.66,26.159,25.488,0.019259,0.004099,-0.003945,3.534,23.531
8.558594,0,0,798.12,0.6816,0.02588,2.16,50.221,2.243,112.66,26.159,25.488,-0.013551,0.002267,-0.009042,3.601,23.531
8.562500,0,0,781.40,0.5312,0.04174,3.42,50.226,2.016,101.27,26.159,25.488,-0.003103,-0.016499,0.006524,3.429,23.531
8.566406,0,0,790.80,0.6847,0.03436,2.85,50.256,2.118,106.45,26.159,25.488,-0.010010,0.002610,-0.004874,3.387,23.531
8.570313,0,0,782.44,0.6467,0.03550,2.91,50.224,2.182,109.59,26.159,25.487,-0.014963,0.001181,-0.004248,3.500,23.531
8.574219,0,0,779.02,0.6022,0.04211,3.43,50.207,2.228,111.86,26.159,25.487,0.008551,0.000473,-0.010000,3.459,23.531
8.578125,0,0,778.48,0.5325,0.02675,2.18,50.209,2.144,107.66,26.159,25.487,0.007992,-0.000734,-0.008134,3.384,23.531
8.582031,0,0,766.36,0.6335,0.02817,2.26,50.208,2.144,107.66,26.159,25.486,-0.008002,-0.019135,0.007754,3.209,23.531
8.585938,0,0,760.77,0.4820,0.02563,2.04,50.229,2.003,100.61,26.159,25.486,-0.016387,-0.000558,-0.008976,3.343,23.531
8.589844,0,0,757.49,0.4872,0.02535,2.01,50.234,1.976,99.25,26.159,25.486,-0.003247,-0.006853,-0.001228,3.382,23.531
8.593750,0,0,755.27,0.5180,0.02841,2.25,50.238,2.196,110.30,26.159,25.485,0.015340,0.008539,0.002254,3.217,23.531
8.597656,0,0,750.37,0.4750,0.03307,2.60,50.231,2.059,103.43,26.158,25.485,-0.006446,-0.015489,0.007825,3.250,23.531
8.601563,0,0,741.20,0.5776,0.02575,2.00,50.253,2.073,104.17,26.158,25.485,0.013644,0.003997,-0.005528,3.143,23.531
8.605469,0,0,743.43,0.5528,0.02667,2.08,50.226,2.040,102.44,26.158,25.484,-0.009924,-0.012392,0.006452,3.165,23.531
8.609375,0,0,735.68,0.5727,0.02494,1.92,50.224,2.029,101.88,26.158,25.484,-0.004950,-0.018587,0.009700,3.075,23.531
8.613281,0,0,737.51,0.5452,0.03410,2.63,50.229,2.140,107.48,26.158,25.484,-0.012186,-0.000632,-0.007596,3.148,23.532
8.617188,0,0,729.33,0.5270,0.01836,1.40,50.232,2.052,103.07,26.158,25.483,-0.014387,0.000397,-0.004954,3.093,23.532
8.621094,0,0,725.38,0.4887,0.02282,1.73,50.233,2.094,105.17,26.158,25.483,0.017882,0.005870,-0.001879,3.215,23.532
8.625000,0,0,719.70,0.5182,0.02577,1.94,50.216,2.047,102.77,26.158,25.483,-0.000603,-0.006519,0.000656,3.200,23.532
8.628906,0,0,715.34,0.5437,0.02060,1.54,50.241,1.923,96.61,26.157,25.482,-0.016171,0.000047,-0.007337,3.161,23.532
8.632813,0,0,713.03,0.5073,0.02877,2.15,50.199,2.061,103.44,26.157,25.482,-0.006451,-0.016773,0.009336,3.112,23.532
8.636719,0,0,714.02,0.4587,0.02455,1.84,50.221,2.089,104.93,26.157,25.482,-0.017663,0.003418,-0.005718,2.935,23.532
8.640625,0,0,702.00,0.5872,0.02782,2.05,50.249,1.984,99.70,26.157,25.481,0.017382,0.019019,0.008117,3.051,23.532
8.644531,0,0,697.71,0.4172,0.02298,1.68,50.264,2.001,100.59,26.157,25.481,-0.002460,-0.014741,0.008691,3.009,23.532
8.648438,0,0,694.80,0.4865,0.01876,1.37,50.244,2.015,101.25,26.157,25.481,0.019126,0.010888,0.006818,2.972,23.532
8.652344,0,0,688.46,0.5173,0.01706,1.23,50.216,2.061,103.48,26.156,25.480,0.012440,0.001422,-0.006212,2.990,23.532
8.656250,0,0,689.46,0.5462,0.01793,1.29,50.253,1.938,97.40,26.156,25.480,-0.001523,-0.006329,0.001113,2.908,23.532
8.660156,0,0,684.45,0.4069,0.02221,1.59,50.243,1.930,96.96,26.156,25.479,-0.015992,0.001866,-0.007661,3.114,23.532
8.664063,0,0,679.70,0.3677,0.02298,1.64,50.237,1.979,99.41,26.156,25.479,0.018570,0.012423,0.007967,3.022,23.532
8.667969,0,0,678.19,0.4450,0.02588,1.84,50.237,2.000,100.46,26.156,25.479,-0.002893,0.004405,0.001671,2.954,23.532
8.671875,0,0,672.40,0.3979,0.01239,0.87,50.215,2.027,101.78,26.156,25.478,0.021980,0.004703,0.002111,2.995,23.532
8.675781,0,0,670.19,0.5566,0.03253,2.28,50.225,1.987,99.78,26.155,25.478,-0.011705,-0.002228,-0.006282,2.914,23.532
8.679688,0,0,668.16,0.3733,0.01638,1.15,50.239,1.966,98.77,26.155,25.478,-0.011575,-0.011141,0.004155,2.931,23.532
8.683594,0,0,662.64,0.4196,0.01334,0.93,50.231,2.094,105.20,26.155,25.477,-0.009986,-0.000088,-0.003453,2.890,23.532
8.687500,0,0,657.16,0.4137,0.01913,1.32,50.267,1.994,100.24,26.155,25.477,0.019184,0.011926,0.004718,2.879,23.532
8.691406,0,0,653.49,0.4085,0.01323,0.91,50.233,1.906,95.72,26.155,25.476,-0.009594,-0.010494,0.004471,2.903,23.533
8.695313,0,0,651.47,0.4934,0.02406,1.64,50.238,1.785,89.66,26.154,25.476,-0.000364,-0.001624,-0.006107,2.803,23.533
8.699219,0,0,651.64,0.4135,0.02251,1.54,50.257,2.001,100.55,26.154,25.476,-0.003424,-0.004368,0.002117,2.858,23.533
8.703125,0,0,645.38,0.4081,0.01770,1.20,50.263,1.963,98.68,26.154,25.475,-0.007563,-0.013573,0.005207,2.838,23.533
8.707031,0,0,642.89,0.4213,0.01414,0.95,50.238,1.934,97.17,26.154,25.475,0.008483,0.004806,-0.007334,2.822,23.533
8.710938,0,0,640.32,0.4699,0.01243,0.83,50.249,1.906,95.77,26.154,25.474,-0.004441,0.002960,0.003259,2.826,23.533
8.714844,0,0,630.42,0.3775,0.02141,1.41,50.252,1.972,99.11,26.153,25.474,-0.006337,-0.012026,0.008218,2.639,23.533
8.718750,0,0,627.27,0.5197,0.01791,1.18,50.235,2.011,101.03,26.153,25.474,0.016573,0.012670,0.007074,2.644,23.533
8.722656,0,0,625.96,0.4151,0.02546,1.67,50.254,1.935,97.25,26.153,25.473,0.004201,0.012782,0.004945,2.702,23.533
8.726563,0,0,629.51,0.4369,0.02350,1.55,50.236,1.912,96.07,26.153,25.473,-0.006538,-0.014263,0.008230,2.731,23.533
8.730469,0,0,619.15,0.3392,0.01414,0.92,50.222,1.988,99.82,26.153,25.472,0.014353,0.014055,0.008443,2.594,23.533
8.734375,0,0,611.80,0.3595,0.00977,0.63,50.247,1.811,90.98,26.152,25.472,0.010232,0.011331,0.009459,2.479,23.533
8.738281,0,0,616.41,0.4921,0.02110,1.36,50.240,1.975,99.22,26.152,25.472,-0.016027,-0.001554,-0.008247,2.643,23.533
8.742188,0,0,614.12,0.4443,0.02501,1.61,50.253,1.820,91.44,26.152,25.471,-0.004327,-0.008249,0.002932,2.615,23.533
8.746094,0,0,603.95,0.3326,0.01644,1.04,50.234,1.928,96.85,26.152,25.471,0.007196,0.010645,0.009098,2.638,23.533
8.750000,0,0,602.17,0.4122,0.01997,1.26,50.235,1.982,99.55,26.152,25.470,-0.015012,0.002009,-0.008448,2.577,23.533
8.753906,0,0,605.52,0.3024,0.01922,1.22,50.246,1.875,94.20,26.151,25.470,0.004463,-0.000154,-0.006789,2.616,23.533
8.757813,0,0,601.70,0.3850,0.00978,0.62,50.262,1.822,91.58,26.151,25.469,-0.013842,0.004344,-0.006241,2.567,23.533
8.761719,0,0,592.00,0.3499,0.01734,1.07,50.245,1.933,97.12,26.151,25.469,-0.000717,-0.003465,-0.002604,2.672,23.533
8.765625,0,0,592.57,0.3984,0.01492,0.93,50.248,1.906,95.76,26.151,25.469,-0.006155,-0.015179,0.008909,2.553,23.533
8.769531,0,0,586.33,0.2641,0.02139,1.31,50.260,1.754,88.14,26.150,25.468,-0.010053,-0.007953,0.000197,2.641,23.533
8.773438,0,0,586.77,0.4008,0.02538,1.56,50.251,1.771,89.01,26.150,25.468,-0.013016,0.000659,-0.005916,2.551,23.534
8.777344,0,0,582.59,0.3160,0.01523,0.93,50.260,1.823,91.61,26.150,25.467,0.014223,0.003978,-0.003664,2.460,23.534
8.781250,0,0,572.39,0.3031,0.00947,0.57,50.238,1.762,88.51,26.149,25.467,-0.014343,0.001694,-0.006493,2.562,23.534
8.785156,0,0,574.76,0.2749,0.01478,0.89,50.252,1.797,90.31,26.149,25.466,0.017813,0.010024,0.005827,2.551,23.534
8.789063,0,0,569.91,0.3946,0.01718,1.03,50.254,1.797,90.31,26.149,25.466,-0.002773,-0.008635,0.003713,2.490,23.534
8.792969,0,0,564.86,0.3697,0.01787,1.06,50.257,1.802,90.58,26.149,25.465,-0.016949,0.002846,-0.006846,2.437,23.534
8.796875,0,0,569.01,0.2154,0.01233,0.73,50.244,1.749,87.88,26.148,25.465,-0.002522,-0.003281,-0.001024,2.582,23.534
8.800781,0,0,558.45,0.2525,0.01940,1.13,50.246,1.766,88.75,26.148,25.464,-0.003864,0.001742,-0.001763,2.346,23.534
8.804688,0,0,553.47,0.2841,0.02049,1.19,50.241,1.767,88.76,26.148,25.464,0.018418,0.006170,-0.002266,2.421,23.534
8.808594,0,0,561.89,0.3923,0.01218,0.72,50.222,1.936,97.25,26.147,25.463,-0.002899,-0.010504,0.002872,2.604,23.534
8.812500,0,0,552.14,0.2717,0.01899,1.10,50.239,1.835,92.21,26.147,25.463,0.015101,0.015300,0.007900,2.341,23.534
8.816406,0,0,544.94,0.1901,0.02312,1.32,50.251,1.765,88.69,26.147,25.463,0.011961,0.011738,0.005726,2.332,23.534
8.820313,0,0,548.62,0.3617,0.01559,0.90,50.263,1.824,91.67,26.147,25.462,-0.005554,-0.013112,0.005641,2.269,23.534
8.824219,0,0,546.41,0.3316,0.01194,0.68,50.255,1.836,92.28,26.146,25.462,-0.001112,-0.000466,-0.003416,2.375,23.534
8.828125,0,0,538.45,0.3008,0.01662,0.94,50.261,1.748,87.86,26.146,25.461,0.014460,0.005325,-0.001767,2.424,23.534
8.832031,0,0,537.56,0.2509,0.00523,0.29,50.253,1.747,87.77,26.146,25.461,0.014230,0.009748,0.005149,2.268,23.534
8.835938,0,0,537.83,0.3868,0.00672,0.38,50.220,1.809,90.85,26.145,25.460,0.017454,0.001971,-0.000118,2.300,23.534
8.839844,0,0,525.37,0.2772,0.00518,0.28,50.250,1.687,84.75,26.145,25.460,0.002483,-0.005222,-0.005743,2.289,23.534
8.843750,0,0,524.12,0.1759,0.01851,1.02,50.244,1.731,86.96,26.145,25.459,0.011890,-0.001950,-0.003568,2.176,23.534
8.847656,0,0,522.92,0.2464,0.00690,0.38,50.270,1.581,79.49,26.144,25.459,0.011750,0.013581,0.008980,2.202,23.534
8.851563,0,0,527.72,0.3748,0.01107,0.61,50.246,1.803,90.58,26.144,25.458,-0.014158,-0.000203,-0.007592,2.190,23.535
8.855469,0,0,515.76,0.2375,0.01251,0.68,50.239,1.748,87.83,26.144,25.458,0.014728,0.012807,0.002854,2.323,23.535
8.859375,0,0,517.74,0.2344,0.01532,0.83,50.279,1.664,83.67,26.143,25.457,-0.002090,-0.004666,0.002448,2.335,23.535
8.863281,0,0,512.87,0.3115,0.02032,1.09,50.266,1.766,88.75,26.143,25.457,-0.011792,-0.001282,-0.004919,2.269,23.535
8.867188,0,0,510.98,0.2825,0.01156,0.62,50.236,1.719,86.36,26.143,25.456,-0.006345,-0.011353,0.008854,2.137,23.535
8.871094,0,0,513.52,0.2666,0.01438,0.77,50.240,1.747,87.79,26.142,25.456,-0.004166,0.003747,-0.001428,2.262,23.535
8.875000,0,0,500.21,0.2333,0.01306,0.68,50.237,1.860,93.45,26.142,25.455,-0.000951,0.008230,0.003087,2.169,23.535
8.878906,0,0,497.44,0.2739,0.00847,0.44,50.288,1.749,87.94,26.142,25.455,-0.004563,-0.011429,0.006761,2.237,23.535
8.882813,0,0,505.22,0.2844,0.00621,0.33,50.254,1.818,91.36,26.141,25.454,-0.011990,0.000377,-0.005936,2.278,23.535
8.886719,0,0,495.42,0.2026,0.01083,0.56,50.257,1.790,89.96,26.141,25.454,0.000899,0.001229,-0.004591,2.021,23.535
8.890625,0,0,497.65,0.2688,0.00680,0.35,50.238,1.797,90.25,26.141,25.453,-0.013560,-0.002332,-0.003904,2.185,23.535
8.894531,0,0,491.24,0.2563,0.02079,1.07,50.256,1.532,77.01,26.140,25.453,-0.014177,0.002129,-0.006442,2.156,23.535
8.898438,0,0,488.77,0.2244,0.01660,0.85,50.279,1.745,87.75,26.140,25.452,-0.002762,-0.007535,0.003344,2.214,23.535
8.902344,0,0,483.45,0.2386,0.01271,0.64,50.262,1.718,86.35,26.140,25.452,-0.011656,-0.002068,-0.001629,2.128,23.535
8.906250,0,0,484.68,0.3456,0.00000,0.00,50.235,1.670,83.91,26.139,25.451,-0.004665,0.002376,-0.000757,2.139,23.535
8.910156,0,0,479.76,0.2606,0.01281,0.64,50.274,1.599,80.38,26.139,25.451,0.015897,0.002857,-0.000183,2.174,23.535
8.914063,0,0,474.82,0.1930,0.02031,1.01,50.267,1.692,85.03,26.139,25.450,-0.006333,-0.011980,0.004779,2.160,23.535
8.917969,0,0,482.22,0.2465,0.00596,0.30,50.249,1.651,82.95,26.138,25.450,-0.005884,-0.004400,0.003550,2.093,23.535
8.921875,0,0,474.64,0.1846,0.00753,0.37,50.269,1.643,82.57,26.138,25.449,-0.003985,-0.015014,0.007518,2.018,23.535
8.925781,0,0,470.03,0.2564,0.00836,0.41,50.249,1.650,82.90,26.138,25.448,-0.002698,0.002583,-0.001776,2.058,23.535
8.929688,0,0,464.32,0.1714,0.00881,0.43,50.280,1.738,87.39,26.137,25.448,0.014370,0.012911,0.006125,1.960,23.535
8.933594,0,0,468.93,0.2414,0.01179,0.58,50.270,1.754,88.16,26.137,25.447,-0.013108,0.000019,-0.006655,1.984,23.536
8.937500,0,0,469.31,0.2367,0.01005,0.49,50.238,1.658,83.30,26.137,25.447,-0.006963,0.003699,-0.004539,1.935,23.536
8.941406,0,0,457.97,0.2033,0.01802,0.86,50.251,1.655,83.18,26.136,25.446,0.013648,0.001318,-0.003965,1.954,23.536
8.945313,0,0,456.07,0.2009,0.01567,0.75,50.271,1.647,82.82,26.136,25.446,0.001733,0.009932,0.004156,2.050,23.536
8.949219,0,0,449.76,0.3344,0.01302,0.61,50.264,1.631,81.99,26.135,25.445,0.012081,0.013179,0.005962,1.916,23.536
8.953125,0,0,455.19,0.2751,0.01738,0.83,50.240,1.795,90.16,26.135,25.445,-0.008245,0.002658,-0.001924,1.945,23.536
8.957031,0,0,445.25,0.1930,0.00612,0.29,50.242,1.659,83.35,26.135,25.444,0.000462,-0.004426,0.002220,1.857,23.536
8.960938,0,0,449.94,0.2602,0.00974,0.46,50.271,1.507,75.74,26.134,25.444,0.013914,0.003746,0.002746,1.923,23.536
8.964844,0,0,443.12,0.1906,0.00776,0.36,50.249,1.619,81.37,26.134,25.443,0.014473,0.006145,-0.002390,1.871,23.536
8.968750,0,0,448.94,0.2953,0.01060,0.50,50.259,1.687,84.79,26.134,25.443,0.010360,0.011367,0.006909,1.973,23.536
8.972656,0,0,439.70,0.1056,0.01131,0.52,50.299,1.608,80.86,26.133,25.442,-0.010093,0.003767,-0.006251,1.843,23.536
8.976563,0,0,443.47,0.1721,0.02185,1.01,50.267,1.628,81.83,26.133,25.441,0.003375,0.001072,-0.004410,2.077,23.536
8.980469,0,0,431.16,0.1374,0.01176,0.53,50.266,1.635,82.18,26.132,25.441,-0.005088,-0.012493,0.005229,1.870,23.536
8.984375,0,0,431.65,0.1901,0.00934,0.42,50.296,1.621,81.54,26.132,25.440,-0.006539,-0.007755,0.003158,1.838,23.536
8.988281,0,0,424.07,0.1664,0.00735,0.33,50.267,1.683,84.58,26.132,25.440,-0.002397,-0.009958,0.007200,1.848,23.536
8.992188,0,0,429.38,0.2680,0.01836,0.83,50.265,1.696,85.24,26.131,25.439,0.004232,-0.000050,-0.004419,1.946,23.536
8.996094,0,0,425.61,0.2329,0.00376,0.17,50.278,1.627,81.79,26.131,25.439,-0.012119,-0.002735,-0.006714,1.899,23.536
9.000000,2,45,450.40,0.2143,0.00339,0.16,50.245,1.544,77.56,26.130,25.438,-0.003788,-0.014254,0.007215,1.855,23.536
9.003906,2,45,470.72,0.1489,0.01215,0.60,50.263,1.631,81.98,26.130,25.438,-0.006364,-0.012467,0.003606,2.129,23.536
9.007813,2,45,498.36,0.2778,0.01634,0.85,50.254,1.710,85.92,26.130,25.437,-0.012636,-0.001404,-0.008143,2.079,23.536
9.011719,2,45,510.18,0.1948,0.01744,0.93,50.269,1.707,85.82,26.129,25.437,-0.009871,-0.014505,0.008349,2.204,23.536
9.015625,2,45,533.96,0.2823,0.01083,0.61,50.272,1.724,86.68,26.129,25.436,0.011812,0.001287,-0.002484,2.335,23.537
9.019531,2,45,556.27,0.2502,0.02071,1.21,50.260,1.681,84.49,26.129,25.436,-0.009973,-0.013525,0.005153,2.523,23.537
9.023438,2,45,578.58,0.3269,0.01623,0.98,50.238,1.892,95.05,26.128,25.435,0.004030,0.009574,0.004956,2.621,23.537
9.027344,2,45,597.56,0.3026,0.01867,1.17,50.235,1.790,89.93,26.128,25.435,-0.010417,0.001155,-0.004997,2.657,23.537
9.031250,2,45,623.18,0.3250,0.01930,1.26,50.240,1.897,95.29,26.128,25.434,-0.013113,0.002663,-0.005340,2.729,23.537
9.035156,2,45,639.68,0.4128,0.02460,1.65,50.260,1.952,98.10,26.128,25.434,0.010831,-0.000750,-0.008363,2.833,23.537
9.039063,2,45,659.95,0.3298,0.02281,1.58,50.247,1.981,99.53,26.128,25.434,-0.002695,-0.001277,-0.002225,2.976,23.537
9.042969,2,45,679.05,0.4725,0.03118,2.22,50.239,1.993,100.11,26.127,25.433,0.006091,-0.002565,-0.007122,2.878,23.537
9.046875,2,45,700.45,0.4793,0.02487,1.82,50.218,2.048,102.86,26.127,25.433,-0.008219,-0.016686,0.004867,2.942,23.537
9.050781,2,45,721.12,0.4901,0.02447,1.85,50.220,2.021,101.52,26.127,25.433,-0.015882,-0.001066,-0.006978,3.059,23.537
9.054688,2,45,743.59,0.5832,0.03036,2.36,50.236,2.121,106.54,26.127,25.432,0.018365,0.003687,0.000965,3.246,23.537
9.058594,2,45,760.97,0.5654,0.02166,1.73,50.261,2.058,103.46,26.127,25.432,-0.015362,0.000606,-0.006401,3.271,23.537
9.062500,2,45,776.86,0.5816,0.03051,2.48,50.203,2.178,109.34,26.127,25.432,0.005090,0.000939,-0.009104,3.457,23.537
9.066406,2,45,788.84,0.6306,0.02851,2.35,50.241,2.074,104.21,26.127,25.432,0.020909,0.009955,0.000559,3.383,23.537
9.070313,2,45,820.86,0.6841,0.03454,2.97,50.230,2.225,111.75,26.127,25.431,0.020071,0.018661,0.009102,3.553,23.537
9.074219,2,45,836.60,0.6867,0.03268,2.86,50.216,2.112,106.04,26.127,25.431,-0.005814,-0.013369,0.007820,3.589,23.537
9.078125,2,45,852.81,0.7472,0.03448,3.08,50.231,2.141,107.54,26.127,25.431,0.007193,0.018430,0.007238,3.776,23.537
9.082031,2,45,874.48,0.8051,0.04521,4.14,50.230,2.313,116.16,26.127,25.431,-0.000443,-0.001545,-0.009913,3.792,23.537
9.085938,2,45,889.29,0.7316,0.04068,3.79,50.198,2.459,123.46,26.127,25.431,-0.013403,-0.010755,0.004869,3.995,23.537
9.089844,2,45,915.94,0.7843,0.03895,3.74,50.182,2.349,117.88,26.127,25.431,-0.018550,-0.002266,-0.009424,3.945,23.537
9.093750,2,45,929.71,0.8378,0.03896,3.79,50.237,2.175,109.26,26.127,25.430,-0.013731,0.001896,-0.003762,4.034,23.537
9.097656,2,45,940.68,0.8137,0.05059,4.98,50.206,2.376,119.29,26.127,25.430,-0.010984,-0.018769,0.007845,4.133,23.538
9.101563,2,45,962.00,0.8144,0.05160,5.20,50.190,2.287,114.79,26.127,25.430,-0.007942,0.005656,-0.003941,4.257,23.538
9.105469,2,45,978.55,0.9098,0.05267,5.40,50.184,2.369,118.87,26.127,25.430,-0.005054,-0.013719,0.008106,4.263,23.538
9.109375,2,45,992.80,0.9456,0.04520,4.70,50.192,2.531,127.06,26.127,25.430,-0.015606,-0.004477,-0.002255,4.208,23.538
9.113281,2,45,1009.06,0.9342,0.05558,5.87,50.222,2.368,118.91,26.127,25.430,0.019310,0.002304,-0.009157,4.403,23.538
9.117188,2,45,1032.18,1.0062,0.04778,5.16,50.187,2.453,123.11,26.128,25.430,-0.024199,0.000649,-0.010665,4.415,23.538
9.121094,2,45,1047.48,1.0940,0.05154,5.65,50.207,2.574,129.22,26.128,25.430,0.021352,0.003873,-0.005136,4.567,23.538
9.125000,2,45,1067.70,1.1054,0.04451,4.98,50.173,2.618,131.36,26.128,25.430,0.003184,0.000731,-0.012795,4.746,23.538
9.128906,2,45,1080.66,1.1217,0.05527,6.25,50.213,2.511,126.10,26.128,25.430,-0.001403,-0.007690,-0.006143,4.785,23.538
9.132813,2,45,1102.38,1.2406,0.06469,7.47,50.171,2.735,137.23,26.129,25.430,-0.021719,0.002234,-0.012364,4.877,23.538
9.136719,2,45,1105.60,1.2634,0.06564,7.60,50.202,2.732,137.17,26.129,25.430,0.006923,-0.001867,-0.013772,4.929,23.538
9.140625,2,45,1115.64,1.2191,0.05384,6.29,50.205,2.551,128.05,26.129,25.430,-0.004596,0.010027,-0.000922,4.749,23.538
9.144531,2,45,1137.88,1.3156,0.06453,7.69,50.175,2.620,131.44,26.129,25.430,-0.003753,-0.006453,-0.004139,4.925,23.538
9.148438,2,45,1156.70,1.3849,0.07605,9.21,50.198,2.666,133.81,26.130,25.430,0.006366,0.001189,-0.010991,5.066,23.538
9.152344,2,45,1171.26,1.4163,0.06992,8.58,50.160,2.883,144.62,26.130,25.430,-0.012963,-0.013651,0.006229,5.057,23.538
9.156250,2,45,1195.90,1.3925,0.06236,7.81,50.161,2.821,141.48,26.130,25.430,-0.006458,-0.016264,0.008544,5.185,23.538
9.160156,2,45,1201.75,1.4198,0.07666,9.65,50.180,2.676,134.30,26.131,25.430,-0.004244,-0.014374,0.003943,5.290,23.538
9.164063,2,45,1220.03,1.4969,0.06867,8.77,50.162,2.763,138.61,26.131,25.430,0.009974,-0.002771,-0.013464,5.198,23.538
9.167969,2,45,1231.92,1.5104,0.08012,10.34,50.174,2.779,139.45,26.131,25.430,0.025613,0.003159,-0.004023,5.366,23.538
9.171875,2,45,1252.41,1.5895,0.07651,10.03,50.159,2.869,143.90,26.132,25.430,-0.003959,-0.009140,-0.003075,5.474,23.538
9.175781,2,45,1259.38,1.5210,0.06619,8.73,50.180,2.976,149.33,26.132,25.431,-0.013221,-0.025631,0.013297,5.606,23.538
9.179688,2,45,1283.83,1.5132,0.07415,9.97,50.177,2.868,143.92,26.133,25.431,-0.000508,-0.005005,-0.006807,5.616,23.539
9.183594,2,45,1289.11,1.6140,0.07812,10.55,50.150,2.974,149.12,26.133,25.431,0.011943,-0.000992,-0.013097,5.474,23.539
9.187500,2,45,1311.28,1.5993,0.08388,11.52,50.149,2.918,146.36,26.133,25.431,-0.022552,0.001832,-0.013473,5.752,23.539
9.191406,2,45,1322.90,1.7455,0.07694,10.66,50.178,3.067,153.92,26.134,25.431,-0.012991,-0.017684,0.008034,5.765,23.539
9.195313,2,45,1336.49,1.7580,0.08508,11.91,50.153,3.049,152.90,26.135,25.432,-0.026535,-0.002674,-0.014210,5.755,23.539
9.199219,2,45,1356.32,1.8824,0.09365,13.30,50.135,3.137,157.27,26.135,25.432,-0.005094,0.008410,-0.001218,5.934,23.539
9.203125,2,45,1364.30,1.8743,0.08308,11.87,50.140,3.185,159.68,26.136,25.432,0.022261,0.003355,-0.011668,5.940,23.539
9.207031,2,45,1372.25,1.8077,0.08891,12.78,50.168,3.120,156.52,26.136,25.433,-0.007942,-0.027288,0.014927,5.869,23.539
9.210938,2,45,1388.28,1.9171,0.09902,14.40,50.135,3.207,160.78,26.137,25.433,0.034013,0.029240,0.009595,5.998,23.539
9.214844,2,45,1406.35,1.9947,0.09428,13.88,50.145,3.042,152.53,26.137,25.433,0.003431,0.015732,0.004262,6.053,23.539
9.218750,2,45,1411.95,1.8878,0.09623,14.23,50.129,3.229,161.88,26.138,25.433,-0.011453,0.010224,-0.002157,6.052,23.539
9.222656,2,45,1434.85,2.0347,0.10749,16.15,50.165,3.227,161.87,26.139,25.434,-0.012081,-0.030252,0.013260,6.213,23.539
9.226563,2,45,1440.12,2.0633,0.10606,15.99,50.160,3.160,158.51,26.139,25.434,-0.002597,-0.010136,0.001709,6.237,23.539
9.230469,2,45,1459.31,2.1141,0.10558,16.13,50.134,3.198,160.35,26.140,25.434,-0.006860,-0.016890,0.007703,6.275,23.539
9.234375,2,45,1469.29,2.1536,0.09817,15.10,50.128,3.166,158.71,26.140,25.435,0.031399,0.023627,0.012723,6.403,23.539
9.238281,2,45,1481.25,2.1704,0.10465,16.23,50.122,3.249,162.86,26.141,25.435,0.027060,0.028893,0.016165,6.400,23.539
9.242188,2,45,1499.13,2.1742,0.10396,16.32,50.108,3.401,170.43,26.142,25.435,-0.013499,0.005159,-0.007870,6.523,23.539
9.246094,2,45,1509.46,2.1921,0.11601,18.34,50.111,3.482,174.50,26.143,25.436,-0.012460,-0.028956,0.014750,6.569,23.539
9.250000,2,45,1520.09,2.2767,0.11679,18.59,50.131,3.367,168.77,26.143,25.436,0.010771,-0.003409,-0.013628,6.608,23.539
9.253906,2,45,1526.67,2.3301,0.11468,18.33,50.103,3.411,170.92,26.144,25.437,-0.005429,-0.012430,0.001787,6.660,23.539
9.257813,2,45,1544.85,2.3213,0.10560,17.08,50.123,3.447,172.78,26.145,25.437,0.006945,-0.003780,-0.013491,6.658,23.539
9.261719,2,45,1546.69,2.3152,0.12142,19.67,50.139,3.509,175.95,26.146,25.438,-0.026093,-0.001367,-0.010361,6.735,23.539
9.265625,2,45,1562.54,2.4017,0.12463,20.39,50.100,3.487,174.71,26.146,25.438,0.022140,0.000935,-0.016274,6.733,23.540
9.269531,2,45,1581.20,2.4058,0.12944,21.43,50.109,3.358,168.24,26.147,25.439,0.021338,0.000895,-0.014948,6.775,23.540
9.273438,2,45,1588.80,2.5018,0.12592,20.95,50.102,3.567,178.70,26.148,25.439,-0.010695,-0.027775,0.015661,6.923,23.540
9.277344,2,45,1605.40,2.5126,0.11887,19.98,50.104,3.562,178.45,26.149,25.440,0.032228,0.005671,-0.005163,6.907,23.540
9.281250,2,45,1613.88,2.5795,0.12635,21.35,50.096,3.618,181.25,26.150,25.440,-0.017531,-0.026780,0.011754,7.115,23.540
9.285156,2,45,1618.23,2.5604,0.12936,21.92,50.092,3.551,177.86,26.150,25.441,-0.002459,-0.004888,-0.007187,7.063,23.540
9.289063,2,45,1640.54,2.7565,0.11983,20.59,50.081,3.687,184.65,26.151,25.441,0.003560,0.019639,0.007140,7.074,23.540
9.292969,2,45,1648.12,2.7291,0.13394,23.12,50.088,3.715,186.08,26.152,25.442,0.024297,0.002707,-0.011392,7.266,23.540
9.296875,2,45,1659.49,2.6625,0.13466,23.40,50.102,3.708,185.77,26.153,25.443,0.035794,0.028643,0.013989,7.249,23.540
9.300781,2,45,1669.99,2.6510,0.13338,23.33,50.097,3.804,190.59,26.154,25.443,-0.028155,-0.001948,-0.014258,7.407,23.540
9.304688,2,45,1684.13,2.7985,0.14242,25.12,50.118,3.623,181.59,26.155,25.444,0.037947,0.020320,0.006042,7.277,23.540
9.308594,2,45,1689.00,2.8569,0.12927,22.86,50.049,3.901,195.25,26.156,25.445,0.015514,0.028181,0.014551,7.264,23.540
9.312500,2,45,1706.76,2.9325,0.13192,23.58,50.067,3.877,194.10,26.157,25.445,-0.020859,0.001897,-0.008081,7.382,23.540
9.316406,2,45,1715.06,2.9330,0.13340,23.96,50.092,3.809,190.81,26.158,25.446,0.021350,-0.002898,-0.017944,7.420,23.540
9.320313,2,45,1727.72,3.0476,0.13614,24.63,50.103,3.915,196.15,26.159,25.447,0.002550,-0.002538,-0.013837,7.450,23.540
9.324219,2,45,1732.73,2.8949,0.13915,25.25,50.090,3.811,190.92,26.160,25.447,0.025450,0.003345,-0.013320,7.522,23.540
9.328125,2,45,1746.27,3.0332,0.15130,27.67,50.097,3.910,195.89,26.161,25.448,-0.005586,-0.022100,0.005139,7.544,23.540
9.332031,2,45,1754.10,3.0883,0.14179,26.05,50.057,3.907,195.58,26.162,25.449,-0.031236,0.005714,-0.018743,7.599,23.540
9.335938,2,45,1758.95,2.9610,0.14917,27.48,50.048,4.095,204.94,26.163,25.450,-0.021765,-0.012735,0.003387,7.692,23.540
9.339844,2,45,1770.90,3.1938,0.15157,28.11,50.070,3.952,197.90,26.164,25.450,-0.018443,-0.021162,0.009065,7.784,23.540
9.343750,2,45,1785.27,3.0417,0.15158,28.34,50.080,3.976,199.13,26.166,25.451,0.015629,0.025974,0.014256,7.858,23.540
9.347656,2,45,1793.44,3.1385,0.15177,28.50,50.090,4.076,204.19,26.167,25.452,0.001554,-0.006855,-0.009271,7.862,23.541
9.351563,2,45,1800.51,3.1877,0.15154,28.57,50.072,4.015,201.03,26.168,25.453,-0.016752,-0.033134,0.014544,7.796,23.541
9.355469,2,45,1813.04,3.3395,0.15439,29.31,50.095,4.022,201.47,26.169,25.453,-0.023829,-0.014498,0.001541,7.747,23.541
9.359375,2,45,1822.02,3.2906,0.15240,29.08,50.061,4.039,202.19,26.170,25.454,0.033892,0.009009,-0.002935,7.850,23.541
9.363281,2,45,1832.35,3.2358,0.15857,30.43,50.065,4.125,206.51,26.171,25.455,-0.012411,0.012475,-0.003992,7.942,23.541
9.367188,2,45,1844.10,3.3301,0.16476,31.82,50.093,4.115,206.14,26.172,25.456,-0.023506,0.002674,-0.012601,8.113,23.541
9.371094,2,45,1849.61,3.3765,0.16323,31.62,50.096,4.107,205.77,26.174,25.457,-0.024861,0.002655,-0.014007,8.025,23.541
9.375000,2,45,1856.38,3.3946,0.16603,32.28,50.070,4.262,213.42,26.175,25.457,0.030069,0.033163,0.016062,7.946,23.541
9.378906,2,45,1861.59,3.4178,0.15807,30.81,50.034,4.208,210.57,26.176,25.458,0.004280,0.021059,0.008524,8.088,23.541
9.382813,2,45,1880.99,3.5296,0.15576,30.68,50.057,4.261,213.29,26.177,25.459,0.041797,0.026257,0.011448,8.133,23.541
9.386719,2,45,1884.10,3.5232,0.16349,32.26,50.041,4.332,216.76,26.179,25.460,-0.033632,-0.001817,-0.010755,8.223,23.541
9.390625,2,45,1889.05,3.4273,0.17147,33.92,50.090,4.143,207.50,26.180,25.461,-0.022535,-0.026805,0.010391,8.086,23.541
9.394531,2,45,1898.72,3.6184,0.18369,36.52,50.064,4.234,211.99,26.181,25.462,0.021737,-0.001218,-0.012941,8.266,23.541
9.398438,2,45,1909.62,3.5644,0.16817,33.63,50.024,4.245,212.37,26.182,25.463,0.041659,0.030147,0.014568,8.369,23.541
9.402344,2,45,1919.26,3.6628,0.17818,35.81,50.057,4.332,216.85,26.184,25.464,-0.033450,-0.001880,-0.013227,8.305,23.541
9.406250,2,45,1927.45,3.7280,0.17503,35.33,50.020,4.427,221.43,26.185,25.465,0.043245,0.024641,0.009424,8.477,23.541
9.410156,2,45,1928.03,3.6391,0.17477,35.29,50.058,4.277,214.09,26.186,25.466,0.003863,-0.001722,-0.015013,8.418,23.541
9.414063,2,45,1945.07,3.6358,0.17699,36.05,50.051,4.196,210.03,26.187,25.466,0.042275,0.019787,0.004347,8.427,23.541
9.417969,2,45,1949.54,3.7702,0.18544,37.86,50.033,4.291,214.70,26.189,25.467,0.010224,0.028282,0.012108,8.490,23.541
9.421875,2,45,1956.58,3.6531,0.18805,38.53,50.010,4.508,225.46,26.190,25.468,0.034526,-0.000408,-0.008214,8.535,23.541
9.425781,2,45,1971.64,3.8573,0.17697,36.54,50.065,4.449,222.73,26.191,25.469,-0.029699,-0.005981,-0.009404,8.511,23.541
9.429688,2,45,1977.03,3.8676,0.18044,37.36,50.027,4.417,220.99,26.193,25.470,-0.029908,-0.011665,-0.004531,8.528,23.541
9.433594,2,45,1989.11,3.8576,0.18166,37.84,50.036,4.465,223.40,26.194,25.471,-0.033297,-0.006315,-0.008973,8.678,23.542
9.437500,2,45,1997.02,3.9943,0.19480,40.74,50.004,4.532,226.64,26.196,25.472,0.039173,0.035307,0.020183,8.767,23.542
9.441406,2,45,2005.10,3.9200,0.19663,41.29,50.021,4.500,225.09,26.197,25.473,-0.008422,-0.028851,0.013234,8.734,23.542
9.445313,2,45,2005.84,3.9824,0.20300,42.64,50.019,4.513,225.75,26.198,25.474,-0.033523,-0.003103,-0.014341,8.667,23.542
9.449219,2,45,2018.18,4.0826,0.19008,40.17,50.046,4.599,230.15,26.200,25.476,-0.034905,0.002649,-0.022033,8.768,23.542
9.453125,2,45,2031.68,4.1814,0.19653,41.81,49.983,4.623,231.06,26.201,25.477,0.037432,0.039638,0.018273,8.677,23.542
9.457031,2,45,2028.49,4.1574,0.19716,41.88,50.018,4.504,225.28,26.203,25.478,-0.030229,-0.005569,-0.004965,8.743,23.542
9.460938,2,45,2039.49,4.1427,0.19933,42.57,49.995,4.695,234.73,26.204,25.479,-0.014647,-0.035560,0.019922,8.928,23.542
9.464844,2,45,2042.70,4.1664,0.20916,44.74,50.022,4.564,228.29,26.206,25.480,0.039178,0.009149,-0.006054,8.800,23.542
9.468750,2,45,2050.33,4.1220,0.19428,41.71,50.014,4.587,229.41,26.207,25.481,-0.012518,-0.038784,0.021069,8.828,23.542
9.472656,2,45,2055.73,4.1198,0.19638,42.28,50.002,4.623,231.15,26.209,25.482,-0.012027,-0.036921,0.016502,8.967,23.542
9.476563,2,45,2066.17,4.1109,0.21096,45.65,50.013,4.783,239.19,26.210,25.483,0.014993,-0.005757,-0.020001,8.989,23.542
9.480469,2,45,2072.73,4.2484,0.20767,45.08,50.051,4.608,230.63,26.212,25.484,-0.008878,-0.028073,0.014074,8.861,23.542
9.484375,2,45,2086.21,4.3611,0.20186,44.10,50.024,4.650,232.59,26.213,25.485,-0.039785,0.000499,-0.017914,8.959,23.542
9.488281,2,45,2091.16,4.3127,0.20484,44.86,50.000,4.723,236.14,26.215,25.486,-0.027128,-0.017561,0.003241,8.981,23.542
9.492188,2,45,2096.88,4.3127,0.21916,48.12,49.991,4.805,240.18,26.216,25.488,-0.032718,-0.006478,-0.008671,9.142,23.542
9.496094,2,45,2108.77,4.3985,0.21237,46.90,49.996,4.768,238.39,26.218,25.489,-0.037940,-0.000492,-0.010083,9.165,23.542
9.500000,2,45,2112.72,4.4262,0.21290,47.10,50.021,4.763,238.24,26.219,25.490,-0.007517,-0.029877,0.016056,9.135,23.542
9.503906,2,45,2123.16,4.4216,0.21682,48.21,49.996,4.796,239.78,26.221,25.491,0.020622,-0.000433,-0.023037,9.188,23.542
9.507813,2,45,2119.33,4.4413,0.20726,46.00,50.032,4.812,240.78,26.223,25.492,-0.037155,0.000681,-0.020681,9.133,23.542
9.511719,2,45,2138.72,4.5564,0.22067,49.42,49.994,4.859,242.91,26.224,25.493,0.024506,0.037258,0.018240,9.227,23.542
9.515625,2,45,2136.93,4.5141,0.21296,47.66,50.022,4.776,238.89,26.226,25.495,-0.024808,0.004167,-0.011367,9.257,23.542
9.519531,2,45,2143.12,4.5037,0.21565,48.40,49.995,4.769,238.42,26.227,25.496,0.020187,0.033858,0.015025,9.285,23.543
9.523438,2,45,2155.33,4.5796,0.21702,48.98,50.005,4.926,246.33,26.229,25.497,0.040120,0.038377,0.021168,9.356,23.543
9.527344,2,45,2156.71,4.5545,0.22039,49.78,50.004,4.835,241.75,26.231,25.498,-0.007292,-0.014575,0.002494,9.465,23.543
9.531250,2,45,2170.16,4.5994,0.22011,50.02,49.972,4.936,246.68,26.232,25.499,-0.032685,-0.005733,-0.011081,9.351,23.543
9.535156,2,45,2167.56,4.6227,0.22755,51.65,49.977,4.890,244.39,26.234,25.501,-0.008023,-0.017285,0.003241,9.316,23.543
9.539063,2,45,2171.12,4.7306,0.23026,52.35,49.982,4.884,244.10,26.236,25.502,0.046087,0.025316,0.004643,9.397,23.543
9.542969,2,45,2177.74,4.6595,0.22706,51.78,49.983,5.008,250.30,26.237,25.503,0.006973,-0.002872,-0.018358,9.512,23.543
9.546875,2,45,2186.09,4.7520,0.23159,53.02,49.996,4.946,247.29,26.239,25.504,-0.039083,-0.000251,-0.021244,9.583,23.543
9.550781,2,45,2195.98,4.7242,0.24421,56.16,49.951,5.095,254.48,26.241,25.506,-0.012318,-0.037153,0.021241,9.549,23.543
9.554688,2,45,2195.63,4.7686,0.23577,54.21,49.980,4.934,246.62,26.242,25.507,-0.022094,-0.032140,0.017492,9.510,23.543
9.558594,2,45,2203.14,4.7226,0.22891,52.81,49.996,4.844,242.16,26.244,25.508,0.003103,0.019318,0.009395,9.579,23.543
9.562500,2,45,2219.36,4.9461,0.22760,52.90,49.982,4.871,243.44,26.246,25.509,-0.029488,-0.013032,-0.001330,9.668,23.543
9.566406,2,45,2215.20,4.8977,0.23496,54.51,49.977,5.051,252.41,26.247,25.511,0.046702,0.018488,0.002676,9.678,23.543
9.570313,2,45,2227.60,4.9405,0.22958,53.56,50.017,5.005,250.34,26.249,25.512,0.022073,-0.000579,-0.020308,9.780,23.543
9.574219,2,45,2224.21,4.9742,0.23678,55.15,49.978,5.085,254.16,26.251,25.513,-0.022695,0.008352,-0.009743,9.664,23.543
9.578125,2,45,2236.91,4.9057,0.23990,56.20,50.007,5.112,255.66,26.252,25.515,0.039902,0.039256,0.023710,9.683,23.543
9.582031,2,45,2253.00,4.9129,0.24248,57.21,49.963,5.283,263.95,26.254,25.516,-0.040979,-0.001984,-0.024113,9.821,23.543
9.585938,2,45,2247.75,5.0108,0.25004,58.86,49.959,5.144,256.98,26.256,25.517,0.043266,0.036119,0.019379,9.860,23.543
9.589844,2,45,2248.33,5.0002,0.22851,53.80,49.961,5.219,260.75,26.258,25.519,0.011382,-0.002022,-0.023867,9.836,23.543
9.593750,2,45,2258.34,5.0326,0.24655,58.31,49.979,5.211,260.46,26.260,25.520,0.040314,0.042603,0.022159,9.816,23.543
9.597656,2,45,2264.22,5.0493,0.23996,56.90,49.964,5.246,262.09,26.262,25.522,0.049815,0.018936,0.003700,9.909,23.543
9.601563,2,45,2259.16,4.9415,0.23797,56.30,50.006,5.172,258.65,26.263,25.523,-0.010123,-0.032916,0.017016,9.878,23.543
9.605469,2,45,2271.57,5.0526,0.23854,56.74,49.968,5.151,257.37,26.265,25.524,-0.026841,-0.030814,0.013555,9.857,23.544
9.609375,2,45,2269.84,5.1239,0.24720,58.76,49.971,5.252,262.47,26.267,25.526,-0.012136,-0.038129,0.016565,9.772,23.544
9.613281,2,45,2284.47,5.0727,0.24000,57.41,49.958,5.237,261.65,26.269,25.527,0.013381,0.035218,0.019241,9.946,23.544
9.617188,2,45,2287.00,5.1328,0.24313,58.23,49.965,5.138,256.73,26.271,25.528,-0.014577,-0.044408,0.021535,9.908,23.544
9.621094,2,45,2285.27,5.1175,0.24669,59.04,49.967,5.291,264.35,26.272,25.530,-0.006377,-0.015177,0.000673,10.010,23.544
9.625000,2,45,2301.26,5.1978,0.24504,59.05,49.965,5.182,258.91,26.274,25.531,0.049209,0.028089,0.009588,9.997,23.544
9.628906,2,45,2306.12,5.2388,0.25613,61.85,49.948,5.349,267.19,26.276,25.533,0.041436,0.044989,0.022419,9.919,23.544
9.632813,2,45,2303.35,5.2072,0.24218,58.41,49.994,5.273,263.62,26.278,25.534,-0.042981,-0.000176,-0.022527,10.120,23.544
9.636719,2,45,2308.44,5.2930,0.25182,60.87,49.982,5.114,255.59,26.280,25.535,-0.040536,0.001025,-0.013887,10.120,23.544
9.640625,2,45,2314.37,5.2281,0.25238,61.17,49.984,5.117,255.75,26.282,25.537,-0.033773,0.000218,-0.020689,10.043,23.544
9.644531,2,45,2323.53,5.4293,0.26298,63.99,49.987,5.222,261.05,26.283,25.538,-0.010327,-0.026807,0.012871,10.147,23.544
9.648438,2,45,2325.21,5.4732,0.26534,64.61,49.972,5.261,262.88,26.285,25.539,-0.024167,0.004171,-0.012648,10.128,23.544
9.652344,2,45,2328.61,5.3467,0.26523,64.68,49.972,5.299,264.81,26.287,25.541,-0.018563,-0.043025,0.021503,10.171,23.544
9.656250,2,45,2334.17,5.4380,0.25928,63.38,49.953,5.415,270.49,26.289,25.542,-0.024243,-0.031121,0.011657,10.276,23.544
9.660156,2,45,2339.11,5.3146,0.25385,62.18,49.977,5.336,266.68,26.291,25.544,-0.017331,-0.042622,0.022959,10.286,23.544
9.664063,2,45,2353.76,5.5094,0.26158,64.48,49.980,5.349,267.33,26.293,25.545,0.045847,0.038457,0.022683,10.230,23.544
9.667969,2,45,2356.46,5.5442,0.25906,63.93,49.971,5.414,270.56,26.295,25.547,-0.033256,-0.017742,-0.000559,10.182,23.544
9.671875,2,45,2353.57,5.4144,0.26714,65.84,49.960,5.350,267.26,26.297,25.548,0.003955,-0.001877,-0.016567,10.265,23.544
9.675781,2,45,2360.77,5.3979,0.26433,65.35,49.959,5.331,266.31,26.298,25.550,-0.030644,-0.014291,-0.001037,10.193,23.544
9.679688,2,45,2368.70,5.5358,0.26434,65.57,49.963,5.408,270.22,26.300,25.551,0.049306,0.035217,0.015607,10.329,23.544
9.683594,2,45,2360.07,5.6004,0.26886,66.45,49.969,5.348,267.22,26.302,25.552,-0.026768,0.003135,-0.013458,10.245,23.544
9.687500,2,45,2377.42,5.5852,0.26641,66.33,49.963,5.482,273.90,26.304,25.554,-0.040803,0.000665,-0.024352,10.358,23.544
9.691406,2,45,2372.51,5.3996,0.26734,66.42,49.956,5.472,273.34,26.306,25.555,0.046107,0.012064,-0.005235,10.337,23.545
9.695313,2,45,2378.56,5.5929,0.26937,67.10,49.939,5.473,273.34,26.308,25.557,0.012722,-0.005302,-0.020579,10.364,23.545
9.699219,2,45,2379.80,5.5556,0.28360,70.68,49.988,5.265,263.17,26.310,25.558,-0.029277,-0.018319,-0.002424,10.288,23.545
9.703125,2,45,2384.00,5.5351,0.27006,67.42,49.937,5.550,277.12,26.312,25.560,-0.015540,-0.035641,0.021976,10.375,23.545
9.707031,2,45,2395.44,5.7014,0.27764,69.65,49.970,5.476,273.66,26.314,25.561,-0.012326,-0.041715,0.020495,10.337,23.545
9.710938,2,45,2401.78,5.7981,0.26931,67.74,49.931,5.589,279.07,26.316,25.563,-0.034559,-0.010840,-0.004059,10.435,23.545
9.714844,2,45,2404.58,5.6731,0.27867,70.17,49.957,5.536,276.58,26.318,25.564,0.015893,-0.000472,-0.024875,10.464,23.545
9.718750,2,45,2412.94,5.7278,0.27688,69.96,49.954,5.568,278.16,26.320,25.566,-0.041261,0.001692,-0.022498,10.614,23.545
9.722656,2,45,2406.82,5.7573,0.27068,68.22,49.958,5.600,279.74,26.322,25.568,0.014449,0.032961,0.016741,10.530,23.545
9.726563,2,45,2408.55,5.7455,0.27608,69.63,49.940,5.515,275.40,26.324,25.569,-0.004767,-0.013970,-0.000517,10.608,23.545
9.730469,2,45,2418.20,5.7833,0.28642,72.53,49.960,5.577,278.64,26.326,25.571,0.054526,0.027259,0.010837,10.559,23.545
9.734375,2,45,2423.50,5.7772,0.28271,71.75,49.943,5.542,276.80,26.328,25.572,0.054309,0.022534,0.004822,10.593,23.545
9.738281,2,45,2421.63,5.8685,0.28738,72.88,49.969,5.542,276.93,26.330,25.574,0.024338,0.039859,0.021573,10.655,23.545
9.742188,2,45,2424.38,5.7612,0.28211,71.62,49.951,5.652,282.32,26.332,25.575,-0.025968,-0.033351,0.015369,10.707,23.545
9.746094,2,45,2423.79,5.7357,0.27389,69.52,49.969,5.465,273.06,26.334,25.577,-0.035090,-0.012583,-0.001869,10.560,23.545
9.750000,2,45,2442.45,5.7643,0.28909,73.94,49.922,5.631,281.13,26.336,25.578,-0.030046,0.002706,-0.014767,10.632,23.545
9.753906,2,45,2441.62,5.9706,0.27362,69.96,49.946,5.565,277.93,26.338,25.580,-0.021040,0.007784,-0.009679,10.636,23.545
9.757813,2,45,2449.86,5.8524,0.28045,71.95,49.950,5.634,281.41,26.340,25.581,-0.002558,-0.004603,-0.008452,10.606,23.545
9.761719,2,45,2448.71,5.9771,0.29225,74.94,49.925,5.693,284.23,26.342,25.583,0.000343,-0.003761,-0.014063,10.650,23.545
9.765625,2,45,2453.41,5.9566,0.28731,73.82,49.954,5.601,279.80,26.344,25.585,0.022133,-0.002360,-0.024214,10.709,23.545
9.769531,2,45,2447.37,5.9392,0.28452,72.92,49.931,5.667,282.95,26.346,25.586,-0.008074,-0.026177,0.013175,10.547,23.545
9.773438,2,45,2466.85,5.9478,0.28638,73.98,49.931,5.705,284.87,26.348,25.588,-0.042657,-0.000362,-0.022418,10.659,23.545
9.777344,2,45,2460.63,5.9834,0.29138,75.08,49.936,5.647,281.97,26.351,25.589,-0.000487,0.021097,0.006093,10.626,23.546
9.781250,2,45,2465.79,5.9943,0.29226,75.47,49.934,5.666,282.93,26.353,25.591,-0.000676,0.020905,0.007680,10.649,23.546
9.785156,2,45,2468.75,5.9235,0.29439,76.11,49.939,5.593,279.32,26.355,25.592,-0.023145,-0.043052,0.022032,10.656,23.546
9.789063,2,45,2472.21,6.0435,0.29639,76.73,49.951,5.620,280.73,26.357,25.594,0.015147,0.003092,-0.022676,10.832,23.546
9.792969,2,45,2471.85,6.0810,0.29995,77.64,49.937,5.634,281.36,26.359,25.596,-0.005857,-0.013655,-0.001012,10.681,23.546
9.796875,2,45,2474.64,6.0531,0.29500,76.45,49.951,5.635,281.49,26.361,25.597,0.038113,0.044407,0.022921,10.801,23.546
9.800781,2,45,2481.19,5.9520,0.29117,75.66,49.916,5.849,291.94,26.363,25.599,0.032305,-0.001091,-0.022820,10.698,23.546
9.804688,2,45,2478.90,6.1608,0.30579,79.38,49.939,5.769,288.11,26.365,25.600,0.040841,0.046886,0.026897,10.815,23.546
9.808594,2,45,2493.32,6.1948,0.29748,77.67,49.933,5.689,284.06,26.367,25.602,-0.016802,-0.044910,0.022180,10.935,23.546
9.812500,2,45,2485.83,6.2044,0.28285,73.63,49.903,5.694,284.15,26.369,25.604,-0.015910,-0.042160,0.020687,10.790,23.546
9.816406,2,45,2500.86,6.2106,0.29309,76.76,49.936,5.921,295.68,26.371,25.605,0.054547,0.035967,0.011751,10.820,23.546
9.820313,2,45,2494.18,6.1705,0.29648,77.44,49.930,5.802,289.72,26.373,25.607,0.047329,0.009129,-0.008370,11.055,23.546
9.824219,2,45,2506.90,6.2067,0.30464,79.97,49.918,5.726,285.85,26.376,25.609,-0.007379,-0.016785,0.007222,10.972,23.546
9.828125,2,45,2496.79,6.1805,0.29882,78.13,49.943,5.893,294.29,26.378,25.610,0.000199,0.021676,0.009803,10.938,23.546
9.832031,2,45,2505.09,6.0576,0.30025,78.76,49.929,5.870,293.08,26.380,25.612,-0.013811,-0.032475,0.012329,11.048,23.546
9.835938,2,45,2509.01,6.1303,0.29829,78.37,49.947,5.710,285.20,26.382,25.614,0.023952,-0.004423,-0.026491,10.972,23.546
9.839844,2,45,2511.45,6.2757,0.29637,77.94,49.919,5.740,286.55,26.384,25.615,-0.036135,0.006597,-0.020001,11.019,23.546
9.843750,2,45,2515.25,6.2273,0.29322,77.23,49.896,5.882,293.48,26.386,25.617,-0.027604,-0.033394,0.010593,10.885,23.546
9.847656,2,45,2527.75,6.3028,0.30264,80.11,49.916,5.816,290.29,26.388,25.619,-0.034915,0.001330,-0.018975,11.054,23.546
9.851563,2,45,2525.57,6.2724,0.30647,81.05,49.893,5.919,295.29,26.391,25.620,-0.031234,-0.021736,0.007485,10.992,23.546
9.855469,2,45,2524.74,6.3697,0.30695,81.16,49.912,5.859,292.42,26.393,25.622,-0.034419,-0.015143,0.000051,10.974,23.546
9.859375,2,45,2523.76,6.3419,0.29420,77.75,49.927,5.683,283.75,26.395,25.623,-0.035692,-0.012672,-0.003341,10.952,23.546
9.863281,2,45,2529.99,6.2759,0.31096,82.39,49.909,5.858,292.36,26.397,25.625,-0.028336,0.003344,-0.012775,10.864,23.546
9.867188,2,45,2538.37,6.3218,0.30919,82.19,49.915,5.911,295.07,26.399,25.627,-0.004740,-0.014884,-0.002009,11.056,23.547
9.871094,2,45,2536.35,6.3452,0.30220,80.27,49.936,5.896,294.40,26.401,25.628,0.033127,-0.002544,-0.018160,11.027,23.547
9.875000,2,45,2543.43,6.3448,0.30322,80.76,49.911,5.943,296.61,26.404,25.630,-0.017490,-0.044764,0.020963,11.116,23.547
9.878906,2,45,2551.65,6.4750,0.32088,85.74,49.933,5.824,290.81,26.406,25.632,0.048997,0.045158,0.019889,11.041,23.547
9.882813,2,45,2546.70,6.3874,0.30832,82.22,49.925,5.920,295.57,26.408,25.634,-0.008464,-0.025577,0.008761,11.077,23.547
9.886719,2,45,2555.45,6.4300,0.31595,84.55,49.918,5.914,295.21,26.410,25.635,0.042082,0.047470,0.025502,10.994,23.547
9.890625,2,45,2558.90,6.5336,0.31529,84.49,49.898,5.922,295.50,26.412,25.637,-0.047453,0.000919,-0.024465,11.123,23.547
9.894531,2,45,2545.28,6.3820,0.29580,78.84,49.895,5.956,297.20,26.415,25.639,-0.043040,-0.002961,-0.010433,10.981,23.547
9.898438,2,45,2550.92,6.4463,0.30525,81.54,49.922,5.863,292.69,26.417,25.640,-0.043986,0.004586,-0.026365,11.154,23.547
9.902344,2,45,2557.93,6.5098,0.32242,86.36,49.914,6.037,301.31,26.419,25.642,0.056723,0.032858,0.011592,11.088,23.547
9.906250,2,45,2563.28,6.4451,0.31319,84.07,49.915,5.839,291.44,26.421,25.644,0.049989,0.016745,-0.002503,11.184,23.547
9.910156,2,45,2559.94,6.5338,0.30771,82.49,49.916,5.893,294.17,26.423,25.645,-0.042639,0.002516,-0.025777,11.162,23.547
9.914063,2,45,2562.96,6.4951,0.31742,85.19,49.953,5.813,290.38,26.425,25.647,-0.010006,-0.025762,0.011962,11.153,23.547
9.917969,2,45,2560.91,6.4246,0.31107,83.42,49.935,5.928,296.00,26.428,25.649,0.024777,-0.002400,-0.024640,11.126,23.547
9.921875,2,45,2570.91,6.5149,0.31693,85.33,49.904,6.065,302.66,26.430,25.650,0.052007,0.041633,0.016652,11.188,23.547
9.925781,2,45,2574.65,6.5730,0.31773,85.67,49.900,6.040,301.41,26.432,25.652,-0.020598,0.007684,-0.007282,11.135,23.547
9.929688,2,45,2575.87,6.6279,0.31314,84.47,49.918,6.027,300.83,26.434,25.654,0.029339,-0.001120,-0.021904,11.199,23.547
9.933594,2,45,2574.38,6.6595,0.31733,85.55,49.923,5.959,297.52,26.437,25.656,0.050027,0.011593,-0.003048,11.126,23.547
9.937500,2,45,2574.99,6.5691,0.31635,85.31,49.943,5.867,293.02,26.439,25.657,-0.011141,-0.022838,0.009539,11.320,23.547
9.941406,2,45,2575.80,6.6128,0.32762,88.37,49.906,5.974,298.14,26.441,25.659,-0.043449,0.001847,-0.021142,11.225,23.547
9.945313,2,45,2580.59,6.5988,0.32044,86.60,49.931,6.077,303.43,26.443,25.661,-0.040141,-0.002479,-0.013144,11.286,23.547
9.949219,2,45,2583.46,6.4908,0.31519,85.27,49.913,5.894,294.16,26.445,25.662,-0.000412,-0.003558,-0.019674,11.309,23.547
9.953125,2,45,2582.18,6.6231,0.31998,86.52,49.923,5.959,297.48,26.448,25.664,0.014137,0.000098,-0.025621,11.170,23.548
9.957031,2,45,2592.36,6.6382,0.31210,84.73,49.895,6.037,301.21,26.450,25.666,0.052088,0.014566,0.002057,11.361,23.548
9.960938,2,45,2596.65,6.6425,0.31360,85.27,49.905,6.011,299.99,26.452,25.668,0.046994,0.045464,0.026630,11.208,23.548
9.964844,2,45,2600.17,6.6786,0.32563,88.67,49.904,6.019,300.36,26.454,25.669,-0.043650,0.002553,-0.024607,11.314,23.548
9.968750,2,45,2597.87,6.6615,0.32335,87.97,49.904,6.108,304.83,26.457,25.671,-0.022066,-0.044499,0.021006,11.389,23.548
9.972656,2,45,2609.44,6.6931,0.32825,89.70,49.866,6.134,305.89,26.459,25.673,-0.034377,-0.011838,-0.006046,11.455,23.548
9.976563,2,45,2602.34,6.6007,0.33319,90.80,49.900,6.096,304.18,26.461,25.675,-0.036599,-0.016558,-0.002941,11.315,23.548
9.980469,2,45,2607.48,6.6963,0.33078,90.32,49.902,5.993,299.06,26.463,25.676,-0.041294,-0.008274,-0.008171,11.512,23.548
9.984375,2,45,2601.97,6.6253,0.31782,86.60,49.919,5.916,295.31,26.466,25.678,0.002025,0.028398,0.009312,11.326,23.548
9.988281,2,45,2608.05,6.6808,0.33133,90.49,49.884,6.073,302.97,26.468,25.680,0.056971,0.028172,0.010280,11.463,23.548
9.992188,2,45,2608.98,6.6637,0.32151,87.84,49.886,6.037,301.15,26.470,25.681,-0.008356,-0.027245,0.015282,11.404,23.548
9.996094,2,45,2616.50,6.7355,0.32860,90.04,49.901,6.179,308.36,26.472,25.683,-0.026367,0.007142,-0.013839,11.440,23.548
10.000000,2,45,2612.38,6.7698,0.32956,90.16,49.915,5.986,298.81,26.475,25.685,0.002628,-0.005606,-0.014314,11.338,23.548
10.003906,2,45,2612.10,6.7990,0.33021,90.32,49.906,6.103,304.60,26.477,25.687,-0.013403,-0.036706,0.020500,11.391,23.548
10.007813,2,45,2609.68,6.7234,0.32239,88.10,49.905,6.125,305.65,26.479,25.688,0.032174,0.000768,-0.022679,11.270,23.548
10.011719,2,45,2628.91,6.8178,0.32679,89.97,49.907,6.053,302.07,26.481,25.690,-0.030207,-0.031336,0.009573,11.373,23.548
10.015625,2,45,2626.50,6.7476,0.33376,91.80,49.893,6.232,310.93,26.484,25.692,-0.003271,-0.013927,-0.006446,11.345,23.548
10.019531,2,45,2631.46,6.8621,0.32255,88.88,49.887,6.213,309.93,26.486,25.694,-0.003359,-0.009355,-0.003827,11.496,23.548
10.023438,2,45,2630.06,6.9162,0.32291,88.94,49.926,6.067,302.92,26.488,25.696,0.005263,-0.002652,-0.018992,11.341,23.548
10.027344,2,45,2633.38,6.8920,0.32799,90.45,49.904,6.166,307.69,26.491,25.697,0.047929,0.049461,0.025766,11.418,23.548
10.031250,2,45,2629.44,6.7803,0.32267,88.85,49.894,6.064,302.54,26.493,25.699,-0.018913,-0.045814,0.023284,11.306,23.548
10.035156,2,45,2630.44,6.8352,0.33740,92.94,49.882,6.152,306.89,26.495,25.701,-0.012274,0.014602,-0.001411,11.458,23.548
10.039063,2,45,2640.08,6.7669,0.32359,89.46,49.905,6.074,303.11,26.497,25.703,-0.039343,-0.012025,-0.008156,11.492,23.548
10.042969,2,45,2638.98,6.8883,0.32280,89.21,49.894,6.180,308.33,26.500,25.704,-0.037182,-0.011075,-0.004690,11.507,23.549
10.046875,2,45,2642.54,6.9841,0.33361,92.32,49.896,6.140,306.34,26.502,25.706,-0.010157,-0.027846,0.013398,11.361,23.549
10.050781,2,45,2640.27,6.8641,0.33638,93.00,49.901,6.227,310.75,26.504,25.708,0.036045,-0.003443,-0.020766,11.554,23.549
10.054688,2,45,2646.29,6.9111,0.33884,93.90,49.882,6.223,310.42,26.507,25.710,-0.006422,-0.021563,0.002881,11.547,23.549
10.058594,2,45,2645.66,6.8674,0.33307,92.28,49.888,6.167,307.64,26.509,25.711,-0.010882,-0.041345,0.020241,11.584,23.549
10.062500,2,45,2649.10,6.8669,0.33089,91.79,49.859,6.195,308.88,26.511,25.713,0.032432,0.000838,-0.018014,11.543,23.549
10.066406,2,45,2644.55,6.7700,0.34010,94.19,49.898,6.201,309.44,26.514,25.715,-0.034128,-0.023477,0.003562,11.640,23.549
10.070313,2,45,2647.34,6.8805,0.33831,93.79,49.906,6.128,305.81,26.516,25.717,0.020171,-0.000362,-0.025512,11.517,23.549
10.074219,2,45,2643.43,6.9139,0.33281,92.13,49.902,6.290,313.88,26.518,25.719,-0.045036,0.002224,-0.025347,11.458,23.549
10.078125,2,45,2660.03,6.8854,0.33805,94.17,49.894,6.177,308.18,26.521,25.720,-0.049550,0.000818,-0.026560,11.647,23.549
10.082031,2,45,2659.23,6.8961,0.33031,91.98,49.896,6.231,310.89,26.523,25.722,-0.041417,0.001319,-0.024504,11.664,23.549
10.085938,2,45,2657.62,6.9332,0.34014,94.66,49.875,6.174,307.95,26.525,25.724,-0.041072,-0.006583,-0.013024,11.564,23.549
10.089844,2,45,2658.04,6.9011,0.32694,91.00,49.876,6.318,315.10,26.528,25.726,0.002994,0.025848,0.007901,11.609,23.549
10.093750,2,45,2667.08,6.9656,0.33534,93.66,49.899,6.202,309.46,26.530,25.728,-0.032709,-0.023157,0.006930,11.718,23.549
10.097656,2,45,2665.70,7.0626,0.33725,94.14,49.903,6.202,309.51,26.532,25.729,-0.021963,-0.043809,0.022268,11.555,23.549
10.101563,2,45,2668.00,7.0274,0.33475,93.53,49.892,6.183,308.46,26.535,25.731,0.052991,0.025039,0.006348,11.670,23.549
10.105469,2,45,2674.35,7.1221,0.34572,96.82,49.861,6.269,312.59,26.537,25.733,-0.000225,-0.010531,-0.009202,11.472,23.549
10.109375,2,45,2674.71,7.1404,0.33719,94.45,49.879,6.360,317.25,26.539,25.735,-0.026944,-0.030138,0.010097,11.629,23.549
10.113281,2,45,2666.67,7.0375,0.34585,96.58,49.873,6.394,318.88,26.542,25.737,-0.008310,-0.027721,0.008881,11.521,23.549
10.117188,2,45,2667.04,6.9303,0.32669,91.24,49.907,6.252,312.03,26.544,25.739,-0.037447,-0.011964,-0.006441,11.508,23.549
10.121094,2,45,2674.85,7.0276,0.34093,95.50,49.888,6.331,315.82,26.546,25.740,0.054611,0.015161,-0.005175,11.535,23.549
10.125000,2,45,2677.13,7.1441,0.34164,95.78,49.871,6.298,314.11,26.549,25.742,-0.044120,-0.000847,-0.016644,11.648,23.549
10.128906,2,45,2671.48,7.0586,0.34131,95.48,49.916,6.314,315.16,26.551,25.744,0.002188,0.025318,0.009284,11.614,23.549
10.132813,2,45,2672.74,6.9980,0.33506,93.78,49.862,6.362,317.20,26.554,25.746,0.008041,-0.002183,-0.022898,11.704,23.550
10.136719,2,45,2676.67,7.0246,0.33060,92.67,49.882,6.294,313.97,26.556,25.748,0.054437,0.015909,-0.003944,11.635,23.550
10.140625,2,45,2678.83,7.2038,0.34043,95.50,49.870,6.188,308.59,26.558,25.750,-0.041335,-0.003625,-0.016153,11.620,23.550
10.144531,2,45,2688.17,7.1998,0.33913,95.47,49.885,6.258,312.16,26.561,25.751,-0.011416,-0.039223,0.013901,11.712,23.550
10.148438,2,45,2678.60,7.0923,0.33768,94.72,49.887,6.276,313.11,26.563,25.753,0.036553,0.045594,0.023280,11.615,23.550
10.152344,2,45,2678.92,7.0736,0.33428,93.78,49.912,6.303,314.59,26.565,25.755,0.031701,-0.003836,-0.022087,11.770,23.550
10.156250,2,45,2685.17,7.0459,0.35857,100.83,49.865,6.340,316.13,26.568,25.757,-0.014050,-0.038485,0.018130,11.650,23.550
10.160156,2,45,2679.86,7.0049,0.34832,97.75,49.871,6.263,312.36,26.570,25.759,-0.047349,0.000222,-0.022615,11.758,23.550
10.164063,2,45,2679.37,7.1448,0.35000,98.20,49.872,6.303,314.37,26.572,25.760,-0.034327,0.002445,-0.020173,11.791,23.550
10.167969,2,45,2687.40,7.0738,0.34992,98.47,49.880,6.374,317.96,26.575,25.762,-0.001288,-0.008544,-0.008764,11.693,23.550
10.171875,2,45,2688.63,7.1343,0.34151,96.15,49.879,6.247,311.60,26.577,25.764,-0.045666,0.000658,-0.025224,11.711,23.550
10.175781,2,45,2689.69,7.1360,0.33763,95.10,49.889,6.360,317.31,26.579,25.766,0.055722,0.034441,0.011132,11.778,23.550
10.179688,2,45,2695.94,7.1382,0.34443,97.24,49.839,6.451,321.52,26.582,25.768,0.002204,-0.005028,-0.015888,11.750,23.550
10.183594,2,45,2689.54,7.0881,0.35766,100.74,49.872,6.417,320.01,26.584,25.770,-0.010188,-0.026912,0.011214,11.663,23.550
10.187500,2,45,2689.45,7.1580,0.34735,97.83,49.880,6.325,315.50,26.587,25.771,-0.025581,-0.034928,0.016832,11.677,23.550
10.191406,2,45,2700.56,7.2104,0.34799,98.41,49.871,6.506,324.44,26.589,25.773,-0.038735,-0.014074,-0.000131,11.806,23.550
10.195313,2,45,2704.22,7.1570,0.34961,99.00,49.857,6.386,318.37,26.591,25.775,-0.008376,-0.037705,0.015042,11.606,23.550
10.199219,2,45,2691.50,7.2165,0.35210,99.24,49.874,6.461,322.22,26.594,25.777,-0.012803,-0.038598,0.019167,11.846,23.550
10.203125,2,45,2711.77,7.2721,0.34601,98.26,49.887,6.321,315.33,26.596,25.779,0.055649,0.037581,0.017497,11.778,23.550
10.207031,2,45,2703.86,7.1709,0.34577,97.90,49.865,6.432,320.72,26.599,25.781,-0.000587,0.024335,0.007741,11.756,23.550
10.210938,2,45,2707.75,7.2362,0.35068,99.44,49.881,6.348,316.66,26.601,25.783,-0.045920,-0.000292,-0.028238,11.693,23.550
10.214844,2,45,2713.82,7.1912,0.34899,99.18,49.907,6.301,314.45,26.603,25.784,0.024144,0.043836,0.018397,11.774,23.550
10.218750,2,45,2714.43,7.2604,0.35972,102.25,49.865,6.395,318.90,26.606,25.786,0.029609,0.000984,-0.024377,11.782,23.550
10.222656,2,45,2703.87,7.1901,0.36410,103.09,49.919,6.203,309.64,26.608,25.788,-0.036856,-0.028827,0.006792,11.746,23.551
10.226563,2,45,2704.68,7.1966,0.34471,97.63,49.863,6.331,315.70,26.610,25.790,0.007498,0.030311,0.012434,11.763,23.551
10.230469,2,45,2711.39,7.2750,0.34993,99.36,49.875,6.425,320.43,26.613,25.792,0.025383,-0.004103,-0.025130,11.850,23.551
10.234375,2,45,2704.93,7.3267,0.34972,99.06,49.903,6.257,312.24,26.615,25.793,0.002925,-0.000632,-0.017831,11.754,23.551
10.238281,2,45,2709.90,7.2936,0.34355,97.49,49.854,6.490,323.57,26.618,25.795,-0.001855,-0.004079,-0.010962,11.825,23.551
10.242188,2,45,2718.76,7.3401,0.33919,96.57,49.849,6.448,321.43,26.620,25.797,0.047961,0.048128,0.024762,11.668,23.551
10.246094,2,45,2713.89,7.3266,0.35027,99.55,49.889,6.318,315.22,26.622,25.799,-0.003040,-0.016054,-0.000149,11.767,23.551
10.250000,2,45,2717.15,7.3304,0.34854,99.17,49.879,6.349,316.67,26.625,25.801,0.057039,0.025845,0.008052,11.871,23.551
10.253906,2,45,2716.98,7.1717,0.35180,100.10,49.869,6.404,319.34,26.627,25.803,0.020393,-0.000554,-0.028928,11.776,23.551
10.257813,2,45,2716.31,7.2424,0.34832,99.08,49.885,6.295,314.00,26.629,25.804,0.003571,-0.004403,-0.015891,11.920,23.551
10.261719,2,45,2726.00,7.2883,0.35689,101.88,49.858,6.551,326.62,26.632,25.806,0.052051,0.013367,-0.007195,11.823,23.551
10.265625,2,45,2718.65,7.2829,0.35458,100.95,49.866,6.423,320.29,26.634,25.808,0.058259,0.040145,0.016830,11.788,23.551
10.269531,2,45,2722.88,7.3307,0.34077,97.17,49.889,6.284,313.49,26.637,25.810,0.033907,0.044780,0.023029,11.856,23.551
10.273438,2,45,2718.51,7.3654,0.34901,99.36,49.879,6.283,313.38,26.639,25.812,-0.008305,-0.022177,0.007153,11.876,23.551
10.277344,2,45,2722.17,7.3632,0.35096,100.05,49.871,6.440,321.19,26.641,25.814,0.037114,-0.000263,-0.020459,11.904,23.551
10.281250,2,45,2715.61,7.2925,0.34323,97.61,49.900,6.297,314.23,26.644,25.815,0.017618,-0.001883,-0.027078,11.856,23.551
10.285156,2,45,2720.51,7.3737,0.35280,100.51,49.893,6.248,311.72,26.646,25.817,0.012680,-0.003350,-0.024583,11.830,23.551
10.289063,2,45,2726.32,7.4085,0.35378,101.00,49.871,6.406,319.47,26.648,25.819,-0.012592,-0.039069,0.018384,11.988,23.551
10.292969,2,45,2736.17,7.4154,0.36626,104.94,49.871,6.495,323.91,26.651,25.821,0.004398,-0.003729,-0.016456,11.954,23.551
10.296875,2,45,2725.51,7.4623,0.35722,101.95,49.902,6.338,316.30,26.653,25.823,-0.043528,-0.009131,-0.011468,11.954,23.551
10.300781,2,45,2736.50,7.4904,0.35528,101.81,49.863,6.381,318.17,26.655,25.824,-0.050495,0.001767,-0.025195,11.964,23.551
10.304688,2,45,2727.97,7.3624,0.35932,102.65,49.849,6.413,319.70,26.658,25.826,-0.015699,-0.035383,0.019742,11.978,23.551
10.308594,2,45,2732.63,7.4086,0.35327,101.09,49.884,6.403,319.41,26.660,25.828,-0.008876,-0.028543,0.012165,11.785,23.551
10.312500,2,45,2725.64,7.2705,0.36146,103.17,49.859,6.336,315.92,26.662,25.830,-0.006729,-0.024249,0.003932,11.913,23.551
10.316406,2,45,2725.01,7.3453,0.36177,103.23,49.874,6.402,319.31,26.665,25.832,-0.015745,-0.045210,0.021697,11.787,23.552
10.320313,2,45,2735.98,7.3494,0.36353,104.15,49.901,6.386,318.69,26.667,25.834,-0.019770,-0.050108,0.024741,11.877,23.552
10.324219,2,45,2732.23,7.3891,0.35808,102.45,49.866,6.384,318.33,26.670,25.835,0.056366,0.040712,0.021688,11.879,23.552
10.328125,2,45,2747.98,7.4594,0.35795,103.01,49.862,6.502,324.21,26.672,25.837,0.022851,0.040947,0.019323,11.976,23.552
10.332031,2,45,2730.39,7.4272,0.35490,101.47,49.873,6.541,326.23,26.674,25.839,0.060570,0.027786,0.009712,11.963,23.552
10.335938,2,45,2736.06,7.4856,0.35954,103.01,49.876,6.412,319.82,26.677,25.841,0.023666,0.000845,-0.024452,11.765,23.552
10.339844,2,45,2747.75,7.3808,0.35101,101.00,49.861,6.467,322.46,26.679,25.843,-0.011667,-0.038657,0.021167,11.991,23.552
10.343750,2,45,2739.25,7.3261,0.35606,102.14,49.879,6.396,319.04,26.682,25.845,0.047736,0.006009,-0.011817,12.036,23.552
10.347656,2,45,2735.97,7.3957,0.35550,101.85,49.869,6.407,319.49,26.684,25.846,-0.046698,0.001322,-0.025597,11.893,23.552
10.351563,2,45,2739.79,7.3059,0.36074,103.50,49.889,6.492,323.87,26.686,25.848,-0.034588,-0.024650,0.004960,11.853,23.552
10.355469,2,45,2728.66,7.3868,0.35508,101.46,49.872,6.262,312.32,26.689,25.850,-0.013553,0.017934,-0.004539,11.859,23.552
10.359375,2,45,2739.58,7.3736,0.35535,101.95,49.872,6.448,321.58,26.691,25.852,0.016062,0.036030,0.017433,12.035,23.552
10.363281,2,45,2749.95,7.5060,0.36260,104.42,49.859,6.564,327.28,26.693,25.854,-0.002599,0.025656,0.009486,11.827,23.552
10.367188,2,45,2753.08,7.4140,0.36704,105.82,49.872,6.468,322.55,26.696,25.856,-0.035444,-0.021002,0.004197,11.945,23.552
10.371094,2,45,2736.06,7.3540,0.35438,101.54,49.881,6.422,320.32,26.698,25.857,-0.022038,0.012419,-0.008120,11.929,23.552
10.375000,2,45,2755.48,7.4581,0.37301,107.63,49.891,6.481,323.34,26.701,25.859,-0.009415,-0.025774,0.006189,11.949,23.552
10.378906,2,45,2744.72,7.4945,0.36491,104.89,49.878,6.427,320.57,26.703,25.861,-0.047404,0.004308,-0.025159,11.845,23.552
10.382813,2,45,2749.33,7.4639,0.35809,103.10,49.874,6.477,323.03,26.705,25.863,-0.044283,-0.003102,-0.019576,12.019,23.552
10.386719,2,45,2745.20,7.5723,0.35898,103.20,49.852,6.503,324.18,26.708,25.865,0.046108,0.011349,-0.006084,12.029,23.552
10.390625,2,45,2741.56,7.4061,0.36826,105.73,49.895,6.289,313.79,26.710,25.866,-0.043492,0.001706,-0.021339,11.871,23.552
10.394531,2,45,2753.36,7.5187,0.36757,105.98,49.870,6.467,322.53,26.712,25.868,0.009246,0.033254,0.014735,11.845,23.552
10.398438,2,45,2751.35,7.3242,0.35449,102.14,49.863,6.409,319.58,26.715,25.870,-0.049108,0.000380,-0.025906,12.038,23.552
10.402344,2,45,2759.06,7.5407,0.37326,107.84,49.879,6.466,322.52,26.717,25.872,0.017514,0.000307,-0.027717,11.986,23.552
10.406250,2,45,2758.81,7.4979,0.35379,102.21,49.858,6.488,323.49,26.720,25.874,-0.009611,-0.025949,0.010601,12.113,23.553
10.410156,2,45,2751.55,7.4875,0.35086,101.10,49.890,6.335,316.03,26.722,25.875,-0.002439,-0.005552,-0.016374,11.998,23.553
10.414063,2,45,2755.88,7.4428,0.36106,104.20,49.863,6.614,329.81,26.724,25.877,0.018481,-0.003027,-0.024709,11.872,23.553
10.417969,2,45,2756.21,7.5070,0.35712,103.08,49.866,6.598,329.01,26.727,25.879,-0.014362,-0.048214,0.026491,12.117,23.553
10.421875,2,45,2753.39,7.5307,0.36477,105.17,49.856,6.618,329.93,26.729,25.881,0.043192,0.006735,-0.017239,12.040,23.553
10.425781,2,45,2760.56,7.3874,0.36470,105.43,49.893,6.412,319.93,26.732,25.883,-0.031814,-0.024328,0.007084,12.028,23.553
10.429688,2,45,2762.29,7.5371,0.36356,105.16,49.876,6.505,324.42,26.734,25.885,0.056563,0.031820,0.011263,11.965,23.553
10.433594,2,45,2760.64,7.4757,0.35463,102.52,49.882,6.458,322.14,26.736,25.887,0.034533,0.049977,0.025684,11.863,23.553
10.437500,2,45,2753.27,7.4659,0.35652,102.79,49.850,6.548,326.41,26.739,25.888,-0.009168,0.016079,0.002338,11.972,23.553
10.441406,2,45,2765.88,7.5713,0.36231,104.94,49.845,6.497,323.86,26.741,25.890,0.022656,0.000730,-0.023937,12.096,23.553
10.445313,2,45,2765.04,7.5242,0.36404,105.41,49.876,6.551,326.73,26.744,25.892,0.012181,-0.002732,-0.021375,12.024,23.553
10.449219,2,45,2753.90,7.5404,0.36153,104.26,49.856,6.560,327.05,26.746,25.894,-0.022100,-0.047990,0.026756,11.953,23.553
10.453125,2,45,2766.83,7.5930,0.37044,107.33,49.818,6.540,325.83,26.748,25.896,0.026906,0.043674,0.024152,11.971,23.553
10.457031,2,45,2769.62,7.5913,0.36768,106.64,49.893,6.527,325.63,26.751,25.898,-0.034937,-0.021456,-0.000939,11.929,23.553
10.460938,2,45,2762.53,7.5053,0.36274,104.94,49.880,6.497,324.06,26.753,25.900,-0.026776,-0.037527,0.017180,11.976,23.553
10.464844,2,45,2777.97,7.6326,0.36638,106.58,49.865,6.518,325.03,26.756,25.901,-0.011900,-0.040551,0.019478,12.114,23.553
10.468750,2,45,2775.35,7.6205,0.36097,104.91,49.850,6.675,332.77,26.758,25.903,0.046198,0.003754,-0.012815,12.172,23.553
10.472656,2,45,2760.61,7.5851,0.37115,107.29,49.872,6.626,330.45,26.761,25.905,-0.041095,0.000883,-0.026182,12.017,23.553
10.476563,2,45,2764.02,7.5350,0.36774,106.44,49.869,6.649,331.55,26.763,25.907,-0.023580,-0.044319,0.022277,11.956,23.553
10.480469,2,45,2768.10,7.5238,0.36932,107.06,49.879,6.451,321.78,26.765,25.909,-0.012522,-0.039939,0.017375,11.973,23.553
10.484375,2,45,2762.95,7.5297,0.37012,107.09,49.890,6.486,323.60,26.768,25.911,-0.047618,0.001215,-0.025489,12.141,23.553
10.488281,2,45,2762.98,7.4474,0.36251,104.89,49.862,6.499,324.03,26.770,25.913,0.002264,0.025870,0.013667,12.033,23.553
10.492188,2,45,2763.79,7.4863,0.36339,105.17,49.862,6.643,331.23,26.773,25.914,0.026686,-0.000306,-0.025528,12.096,23.553
10.496094,2,45,2765.25,7.4480,0.35663,103.27,49.887,6.437,321.12,26.775,25.916,-0.043073,-0.005085,-0.014140,11.994,23.553
10.500000,2,45,2769.62,7.5106,0.37282,108.13,49.864,6.504,324.33,26.777,25.918,-0.033618,-0.023735,0.005891,11.937,23.554
10.503906,2,45,2768.34,7.6164,0.36337,105.34,49.874,6.444,321.41,26.780,25.920,-0.023399,-0.040232,0.019656,12.017,23.554
10.507813,2,45,2772.03,7.6134,0.36204,105.09,49.858,6.453,321.72,26.782,25.922,-0.006511,-0.021351,0.003930,11.954,23.554
10.511719,2,45,2762.11,7.6762,0.36214,104.75,49.860,6.446,321.37,26.784,25.923,-0.028302,0.005247,-0.015402,11.952,23.554
10.515625,2,45,2770.00,7.5973,0.36439,105.70,49.866,6.536,325.90,26.787,25.925,-0.007054,-0.022351,0.006404,12.203,23.554
10.519531,2,45,2771.44,7.5665,0.36127,104.85,49.872,6.610,329.68,26.789,25.927,-0.027979,0.007082,-0.014838,11.981,23.554
10.523438,2,45,2773.63,7.4850,0.36253,105.30,49.855,6.547,326.42,26.792,25.929,-0.011461,-0.022320,0.003122,12.054,23.554
10.527344,2,45,2766.36,7.5183,0.36153,104.73,49.846,6.513,324.67,26.794,25.931,0.003798,-0.003492,-0.023199,12.097,23.554
10.531250,2,45,2777.92,7.6074,0.36964,107.53,49.882,6.504,324.46,26.796,25.932,-0.019198,-0.050206,0.026524,12.044,23.554
10.535156,2,45,2775.26,7.6336,0.37321,108.46,49.837,6.523,325.07,26.799,25.934,0.029099,-0.000450,-0.024339,12.166,23.554
10.539063,2,45,2777.65,7.6561,0.36398,105.87,49.832,6.584,328.11,26.801,25.936,-0.032302,0.003053,-0.017674,12.152,23.554
10.542969,2,45,2766.84,7.4687,0.36397,105.46,49.853,6.625,330.29,26.803,25.938,0.056320,0.027450,0.009312,11.905,23.554
10.546875,2,45,2777.89,7.6477,0.37198,108.21,49.866,6.643,331.25,26.806,25.940,0.030997,-0.001185,-0.027230,12.114,23.554
10.550781,2,45,2767.68,7.5628,0.36599,106.08,49.889,6.535,326.03,26.808,25.942,-0.036736,-0.023953,0.006659,12.020,23.554
10.554688,2,45,2772.57,7.6103,0.37408,108.61,49.907,6.481,323.43,26.811,25.943,-0.039608,-0.009234,-0.009241,12.080,23.554
10.558594,2,45,2785.38,7.7686,0.36214,105.63,49.871,6.546,326.45,26.813,25.945,0.058917,0.035969,0.014975,12.200,23.554
10.562500,2,45,2779.73,7.6713,0.36963,107.60,49.842,6.528,325.36,26.815,25.947,0.016283,-0.000563,-0.026194,12.072,23.554
10.566406,2,45,2773.79,7.6156,0.36949,107.33,49.860,6.585,328.34,26.818,25.949,-0.011325,-0.030386,0.008051,11.976,23.554
10.570313,2,45,2783.62,7.5921,0.37333,108.82,49.848,6.624,330.20,26.820,25.951,0.002858,-0.004445,-0.017057,12.173,23.554
10.574219,2,45,2783.68,7.6939,0.37422,109.09,49.877,6.432,320.79,26.823,25.953,-0.017080,-0.049416,0.025413,11.995,23.554
10.578125,2,45,2772.50,7.6848,0.37049,107.56,49.866,6.431,320.70,26.825,25.954,-0.052226,0.000561,-0.022817,12.134,23.554
10.582031,2,45,2786.36,7.5483,0.37492,109.40,49.880,6.497,324.06,26.827,25.956,-0.001963,-0.011029,-0.010427,12.124,23.554
10.585938,2,45,2773.43,7.5752,0.36022,104.62,49.903,6.556,327.16,26.830,25.958,0.021580,-0.001978,-0.026090,12.023,23.554
10.589844,2,45,2780.79,7.6399,0.36234,105.51,49.855,6.507,324.38,26.832,25.960,-0.047406,0.001391,-0.027415,12.085,23.554
10.593750,2,45,2782.29,7.6616,0.36960,107.69,49.859,6.508,324.47,26.834,25.961,0.045958,0.000247,-0.013938,12.071,23.555
10.597656,2,45,2788.08,7.6841,0.36090,105.37,49.857,6.479,323.02,26.837,25.963,-0.010364,-0.017296,0.001128,12.022,23.555
10.601563,2,45,2788.24,7.6261,0.37519,109.55,49.868,6.652,331.73,26.839,25.965,-0.028322,-0.036039,0.015796,12.113,23.555
10.605469,2,45,2780.64,7.6367,0.36406,106.01,49.868,6.498,324.05,26.841,25.967,-0.010021,-0.032401,0.016064,12.043,23.555
10.609375,2,45,2785.50,7.6313,0.37717,110.02,49.861,6.488,323.50,26.844,25.969,-0.016257,-0.045808,0.025911,12.183,23.555
10.613281,2,45,2778.03,7.6576,0.36399,105.89,49.840,6.654,331.62,26.846,25.971,0.000543,-0.006184,-0.016239,12.168,23.555
10.617188,2,45,2781.16,7.7317,0.36906,107.49,49.858,6.595,328.82,26.849,25.972,0.057840,0.047570,0.017709,11.902,23.555
10.621094,2,45,2792.02,7.7065,0.36640,107.13,49.872,6.560,327.18,26.851,25.974,0.050412,0.002071,-0.010896,12.102,23.555
10.625000,2,45,2794.51,7.6986,0.37052,108.43,49.860,6.698,333.95,26.853,25.976,-0.040047,-0.000577,-0.023512,12.056,23.555
10.628906,2,45,2786.93,7.6984,0.37987,110.86,49.835,6.644,331.10,26.856,25.978,-0.035456,-0.019708,0.002329,12.104,23.555
10.632813,2,45,2796.95,7.7696,0.38000,111.30,49.854,6.619,329.96,26.858,25.980,-0.028207,-0.035597,0.014622,12.301,23.555
10.636719,2,45,2784.34,7.6088,0.37473,109.26,49.863,6.491,323.64,26.860,25.981,-0.020644,-0.047902,0.024628,12.193,23.555
10.640625,2,45,2793.60,7.6676,0.38159,111.63,49.873,6.531,325.72,26.863,25.983,-0.003916,-0.011836,-0.012748,12.122,23.555
10.644531,2,45,2788.44,7.6735,0.35900,104.83,49.880,6.540,326.22,26.865,25.985,-0.035855,-0.022417,0.003899,12.065,23.555
10.648438,2,45,2796.62,7.6984,0.37508,109.85,49.866,6.634,330.80,26.868,25.987,0.019341,-0.000388,-0.026616,12.250,23.555
10.652344,2,45,2789.75,7.5786,0.37182,108.62,49.879,6.531,325.74,26.870,25.989,0.034472,-0.001543,-0.024921,12.140,23.555
10.656250,2,45,2790.35,7.7272,0.36346,106.20,49.829,6.712,334.46,26.872,25.991,-0.020614,-0.048716,0.027162,12.077,23.555
10.660156,2,45,2798.71,7.6207,0.37276,109.25,49.870,6.698,334.03,26.875,25.992,0.046702,0.006529,-0.015965,12.127,23.555
10.664063,2,45,2795.61,7.7250,0.37779,110.60,49.847,6.654,331.69,26.877,25.994,-0.041708,0.002315,-0.021823,12.089,23.555
10.667969,2,45,2800.74,7.8035,0.36752,107.79,49.855,6.732,335.61,26.880,25.996,-0.006407,0.022189,0.004484,12.256,23.555
10.671875,2,45,2797.74,7.8579,0.36191,106.03,49.826,6.609,329.28,26.882,25.998,-0.024852,-0.045067,0.022623,12.010,23.555
10.675781,2,45,2800.01,7.7538,0.38295,112.29,49.849,6.625,330.24,26.885,26.000,0.055847,0.020656,-0.000890,12.264,23.555
10.679688,2,45,2791.33,7.7142,0.38417,112.29,49.850,6.593,328.66,26.887,26.002,-0.046156,0.003838,-0.023413,12.237,23.555
10.683594,2,45,2796.86,7.6980,0.36267,106.22,49.856,6.492,323.68,26.889,26.003,0.013125,0.036833,0.018811,12.215,23.555
10.687500,2,45,2802.04,7.7832,0.38934,114.24,49.875,6.644,331.35,26.892,26.005,0.053984,0.048352,0.022143,12.212,23.555
10.691406,2,45,2791.67,7.5979,0.38221,111.74,49.864,6.588,328.50,26.894,26.007,-0.007016,-0.018064,-0.003224,12.187,23.556
10.695313,2,45,2802.94,7.7654,0.37231,109.28,49.839,6.676,332.73,26.896,26.009,-0.025665,-0.040764,0.021930,12.212,23.556
10.699219,2,45,2789.44,7.7363,0.36803,107.51,49.864,6.552,326.70,26.899,26.011,-0.000281,-0.009228,-0.011165,12.179,23.556
10.703125,2,45,2797.68,7.8158,0.37028,108.48,49.867,6.720,335.09,26.901,26.012,0.042828,0.049432,0.024779,12.322,23.556
10.707031,2,45,2796.93,7.7689,0.37815,110.76,49.879,6.569,327.64,26.904,26.014,0.055281,0.049994,0.020940,12.128,23.556
10.710938,2,45,2796.76,7.6942,0.37094,108.64,49.857,6.653,331.68,26.906,26.016,0.038477,0.003054,-0.019106,12.217,23.556
10.714844,2,45,2789.89,7.6513,0.37278,108.91,49.866,6.581,328.18,26.908,26.018,0.050766,0.010841,-0.008564,12.111,23.556
10.718750,2,45,2803.76,7.7183,0.38470,112.95,49.843,6.668,332.37,26.911,26.020,-0.038140,0.002360,-0.021186,12.264,23.556
10.722656,2,45,2801.97,7.7908,0.36364,106.70,49.845,6.754,336.65,26.913,26.022,-0.044510,-0.004100,-0.009982,12.196,23.556
10.726563,2,45,2798.16,7.6923,0.36932,108.22,49.852,6.647,331.36,26.916,26.023,0.047188,0.005365,-0.014679,12.300,23.556
10.730469,2,45,2794.90,7.6864,0.37930,111.01,49.859,6.604,329.27,26.918,26.025,-0.046985,0.000977,-0.023769,12.145,23.556
10.734375,2,45,2798.42,7.7264,0.37141,108.84,49.871,6.533,325.83,26.920,26.027,-0.027651,-0.035758,0.014215,12.142,23.556
10.738281,2,45,2792.60,7.8003,0.36159,105.74,49.879,6.612,329.82,26.923,26.029,-0.047600,0.000057,-0.026917,12.177,23.556
10.742188,2,45,2796.99,7.7211,0.37560,110.01,49.870,6.596,328.95,26.925,26.031,-0.047709,-0.002686,-0.017478,12.200,23.556
10.746094,2,45,2803.33,7.7121,0.38305,112.45,49.871,6.581,328.22,26.927,26.032,0.045004,0.050302,0.027030,12.102,23.556
10.750000,2,45,2799.05,7.6357,0.37322,109.40,49.857,6.590,328.57,26.930,26.034,-0.011535,-0.031001,0.013070,12.186,23.556
10.753906,2,45,2801.94,7.7179,0.38913,114.18,49.843,6.632,330.56,26.932,26.036,0.056268,0.018667,0.003184,12.186,23.556
10.757813,2,45,2802.81,7.6895,0.36820,108.07,49.864,6.608,329.50,26.934,26.038,-0.012439,-0.043757,0.023635,12.234,23.556
10.761719,2,45,2793.85,7.6589,0.36622,107.15,49.843,6.698,333.84,26.937,26.040,0.054458,0.046865,0.024663,12.134,23.556
10.765625,2,45,2804.94,7.7179,0.38487,113.05,49.849,6.700,334.00,26.939,26.041,0.033731,-0.000647,-0.025371,12.103,23.556
10.769531,2,45,2806.88,7.7415,0.37681,110.76,49.851,6.780,338.01,26.942,26.043,-0.048544,0.000743,-0.027379,12.189,23.556
10.773438,2,45,2794.16,7.6486,0.36711,107.42,49.836,6.673,332.55,26.944,26.045,-0.037597,-0.015925,-0.004338,12.195,23.556
10.777344,2,45,2810.24,7.7442,0.37385,110.02,49.861,6.599,329.04,26.946,26.047,-0.051201,0.000052,-0.023742,12.303,23.556
10.781250,2,45,2799.41,7.6264,0.36538,107.11,49.886,6.481,323.32,26.949,26.049,0.019096,0.042500,0.019877,12.230,23.556
10.785156,2,45,2796.51,7.7400,0.38060,111.46,49.890,6.590,328.77,26.951,26.050,-0.031028,-0.025789,0.007489,12.187,23.557
10.789063,2,45,2804.70,7.8959,0.38544,113.21,49.848,6.736,335.77,26.953,26.052,0.021006,-0.001064,-0.026542,12.335,23.557
10.792969,2,45,2802.77,7.7256,0.37684,110.60,49.864,6.624,330.30,26.956,26.054,0.056746,0.032953,0.011915,12.122,23.557
10.796875,2,45,2812.54,7.7531,0.37796,111.32,49.883,6.588,328.65,26.958,26.056,0.052864,0.046461,0.023444,12.278,23.557
10.800781,2,45,2801.18,7.8119,0.36414,106.82,49.857,6.563,327.20,26.960,26.057,0.045195,0.003313,-0.012609,12.140,23.557
10.804688,2,45,2798.95,7.6236,0.37137,108.85,49.853,6.599,328.99,26.963,26.059,0.022694,0.043212,0.022475,12.127,23.557
10.808594,2,45,2802.67,7.7621,0.38002,111.53,49.845,6.774,337.66,26.965,26.061,-0.038585,0.002665,-0.019833,12.235,23.557
10.812500,2,45,2799.46,7.7302,0.38136,111.80,49.868,6.611,329.66,26.968,26.063,-0.011913,-0.028519,0.013696,12.080,23.557
10.816406,2,45,2800.30,7.7742,0.37608,110.28,49.841,6.682,333.04,26.970,26.065,-0.048072,0.003614,-0.028348,12.168,23.557
10.820313,2,45,2803.42,7.6593,0.37313,109.54,49.816,6.728,335.17,26.972,26.067,-0.014985,-0.050203,0.027273,12.232,23.557
10.824219,2,45,2808.60,7.7226,0.36238,106.58,49.857,6.472,322.65,26.975,26.068,-0.036642,-0.026328,0.006871,12.288,23.557
10.828125,2,45,2810.27,7.7286,0.37506,110.38,49.858,6.738,335.93,26.977,26.070,0.059678,0.031061,0.012762,12.207,23.557
10.832031,2,45,2800.13,7.6589,0.38230,112.10,49.877,6.560,327.21,26.979,26.072,-0.011948,-0.039168,0.020435,12.129,23.557
10.835938,2,45,2809.59,7.7365,0.37391,110.01,49.851,6.577,327.86,26.982,26.074,0.001994,-0.009412,-0.015820,12.152,23.557
10.839844,2,45,2807.36,7.7925,0.38612,113.51,49.873,6.686,333.43,26.984,26.075,0.057943,0.022972,0.005334,12.193,23.557
10.843750,2,45,2801.78,7.8776,0.37711,110.65,49.825,6.704,334.01,26.986,26.077,0.012246,-0.002470,-0.023855,12.174,23.557
10.847656,2,45,2808.04,7.8183,0.37508,110.30,49.848,6.578,327.92,26.989,26.079,-0.031199,-0.025949,0.008885,12.261,23.557
10.851563,2,45,2819.76,7.9685,0.37499,110.73,49.831,6.802,338.97,26.991,26.081,0.001078,0.026134,0.010048,12.313,23.557
10.855469,2,45,2801.28,7.6909,0.38075,111.69,49.841,6.677,332.78,26.994,26.083,-0.048506,0.001036,-0.025347,12.195,23.557
10.859375,2,45,2807.84,7.7759,0.37022,108.86,49.878,6.481,323.25,26.996,26.084,0.056533,0.022365,0.005045,12.230,23.557
10.863281,2,45,2804.77,7.7883,0.37109,108.99,49.862,6.515,324.86,26.998,26.086,-0.052511,0.001734,-0.028845,12.189,23.557
10.867188,2,45,2810.10,7.7949,0.37891,111.50,49.884,6.573,327.88,27.000,26.088,-0.003242,0.025319,0.006526,12.151,23.557
10.871094,2,45,2808.61,7.8474,0.38395,112.93,49.885,6.571,327.81,27.003,26.089,-0.038855,0.003347,-0.022830,12.210,23.557
10.875000,2,45,2803.12,7.7417,0.37806,110.98,49.851,6.598,328.92,27.005,26.091,0.038503,0.050766,0.025307,12.266,23.557
10.878906,2,45,2806.56,7.7368,0.36911,108.48,49.865,6.636,330.90,27.007,26.093,-0.040590,0.000716,-0.021251,12.251,23.557
10.882813,2,45,2814.51,7.9377,0.38002,112.01,49.847,6.733,335.63,27.010,26.095,-0.009777,-0.033532,0.014789,12.281,23.558
10.886719,2,45,2808.73,7.8672,0.37375,109.93,49.876,6.658,332.07,27.012,26.096,-0.023832,-0.045127,0.023283,12.339,23.558
10.890625,2,45,2815.87,7.7798,0.37752,111.32,49.848,6.689,333.45,27.014,26.098,0.055620,0.048160,0.023783,12.129,23.558
10.894531,2,45,2810.42,7.8391,0.37136,109.29,49.850,6.725,335.23,27.017,26.100,0.032631,0.001917,-0.023378,12.321,23.558
10.898438,2,45,2802.74,7.6923,0.36696,107.70,49.869,6.503,324.28,27.019,26.102,0.048476,0.051271,0.025911,12.206,23.558
10.902344,2,45,2806.14,7.7595,0.37986,111.62,49.881,6.570,327.72,27.021,26.103,-0.035158,0.004216,-0.021618,12.246,23.558
10.906250,2,45,2808.60,7.7502,0.37223,109.48,49.842,6.730,335.43,27.024,26.105,-0.010189,-0.039733,0.020158,12.282,23.558
10.910156,2,45,2803.54,7.7686,0.38419,112.79,49.852,6.540,326.03,27.026,26.107,-0.049551,0.001495,-0.023165,12.129,23.558
10.914063,2,45,2810.86,7.8115,0.37618,110.73,49.859,6.642,331.19,27.028,26.109,0.032417,0.000110,-0.026328,12.206,23.558
10.917969,2,45,2811.00,7.7579,0.37005,108.93,49.881,6.672,332.82,27.031,26.111,-0.014196,-0.034067,0.016327,12.191,23.558
10.921875,2,45,2813.54,7.7682,0.37802,111.38,49.843,6.664,332.14,27.033,26.112,0.062187,0.037680,0.013840,12.245,23.558
10.925781,2,45,2812.37,7.8600,0.37452,110.30,49.853,6.660,332.02,27.035,26.114,0.055980,0.043466,0.023271,12.243,23.558
10.929688,2,45,2815.57,7.8912,0.36085,106.40,49.863,6.715,334.81,27.038,26.116,-0.037576,0.004440,-0.018119,12.377,23.558
10.933594,2,45,2818.49,7.8801,0.37721,111.33,49.866,6.731,335.66,27.040,26.118,-0.018458,-0.051633,0.025623,12.322,23.558
10.937500,2,45,2816.73,7.8152,0.37738,111.32,49.848,6.738,335.88,27.043,26.119,-0.007500,-0.023813,0.003897,12.129,23.558
10.941406,2,45,2823.75,7.8440,0.38337,113.36,49.836,6.767,337.22,27.045,26.121,-0.023025,0.010856,-0.010112,12.219,23.558
10.945313,2,45,2814.94,7.7579,0.37260,109.84,49.833,6.662,331.97,27.047,26.123,-0.012755,-0.034572,0.014858,12.200,23.558
10.949219,2,45,2821.26,7.8585,0.38971,115.14,49.845,6.726,335.26,27.050,26.125,-0.045901,0.004909,-0.027629,12.275,23.558
10.953125,2,45,2817.23,7.8668,0.37486,110.59,49.835,6.738,335.79,27.052,26.127,0.031323,0.001403,-0.023882,12.424,23.558
10.957031,2,45,2801.47,7.7822,0.36780,107.90,49.879,6.624,330.40,27.054,26.128,-0.020757,-0.049656,0.023997,12.196,23.558
10.960938,2,45,2816.43,7.9352,0.36285,107.02,49.878,6.666,332.48,27.057,26.130,-0.010976,-0.037248,0.017250,12.108,23.558
10.964844,2,45,2816.22,7.8307,0.37887,111.73,49.860,6.708,334.46,27.059,26.132,-0.029107,-0.034797,0.015116,12.108,23.558
10.968750,2,45,2817.06,7.8218,0.38542,113.70,49.854,6.641,331.08,27.061,26.134,0.007600,0.029634,0.011766,12.289,23.558
10.972656,2,45,2814.57,7.8191,0.37206,109.66,49.840,6.822,340.03,27.064,26.135,-0.041026,-0.011113,-0.008288,12.166,23.558
10.976563,2,45,2817.30,7.8823,0.39445,116.37,49.866,6.609,329.58,27.066,26.137,-0.001199,-0.005391,-0.013029,12.175,23.558
10.980469,2,45,2819.92,7.8228,0.39329,116.14,49.857,6.506,324.37,27.068,26.139,0.040466,0.049446,0.026120,12.288,23.559
10.984375,2,45,2814.75,7.8607,0.38650,113.92,49.819,6.754,336.48,27.071,26.141,0.031303,-0.002185,-0.023580,12.244,23.559
10.988281,2,45,2820.02,7.8410,0.37426,110.52,49.866,6.770,337.61,27.073,26.142,-0.009027,-0.017197,0.002376,12.152,23.559
10.992188,2,45,2816.86,7.9969,0.38738,114.27,49.848,6.715,334.75,27.075,26.144,0.036349,0.052910,0.024944,12.268,23.559
10.996094,2,45,2816.08,7.8705,0.38812,114.46,49.878,6.646,331.50,27.078,26.146,0.050536,0.053251,0.028419,12.276,23.559
11.000000,2,45,2818.37,7.8627,0.37681,111.21,49.848,6.705,334.23,27.080,26.148,-0.040205,-0.018562,0.001405,12.153,23.559
11.003906,2,45,2808.10,7.8075,0.38666,113.70,49.877,6.662,332.29,27.082,26.149,0.008845,0.034126,0.013927,12.266,23.559
11.007813,2,45,2809.69,7.7038,0.37373,109.96,49.851,6.712,334.58,27.085,26.151,-0.008848,-0.027646,0.007281,12.305,23.559
11.011719,2,45,2811.70,7.7509,0.37787,111.26,49.887,6.649,331.69,27.087,26.153,0.022619,0.041962,0.021894,12.419,23.559
11.015625,2,45,2815.81,7.7843,0.38970,114.91,49.835,6.752,336.47,27.089,26.155,-0.006929,0.022346,0.004008,12.175,23.559
11.019531,2,45,2816.73,7.9021,0.37301,110.03,49.869,6.831,340.65,27.092,26.157,0.023292,-0.004168,-0.028599,12.268,23.559
11.023438,2,45,2821.74,8.0041,0.37749,111.54,49.868,6.679,333.08,27.094,26.158,-0.001283,-0.008121,-0.006057,12.203,23.559
11.027344,2,45,2813.09,7.9251,0.37352,110.03,49.881,6.643,331.39,27.096,26.160,0.017033,0.036220,0.018559,12.302,23.559
11.031250,2,45,2822.92,7.8038,0.38642,114.23,49.867,6.621,330.15,27.099,26.162,0.016294,0.035359,0.013952,12.247,23.559
11.035156,2,45,2813.74,7.8219,0.38144,112.39,49.860,6.685,333.30,27.101,26.163,-0.010595,-0.037274,0.014042,12.276,23.559
11.039063,2,45,2817.34,7.8164,0.38517,113.64,49.866,6.658,331.99,27.103,26.165,0.016256,0.000687,-0.027070,12.388,23.559
11.042969,2,45,2820.61,7.9281,0.37998,112.24,49.855,6.712,334.63,27.106,26.167,0.055979,0.042715,0.021593,12.370,23.559
11.046875,2,45,2814.25,7.7240,0.38553,113.62,49.850,6.648,331.40,27.108,26.169,0.059465,0.039911,0.016089,12.313,23.559
11.050781,2,45,2817.24,7.8856,0.38284,112.95,49.855,6.642,331.12,27.110,26.170,-0.042104,0.005080,-0.021879,12.277,23.559
11.054688,2,45,2824.20,7.9607,0.37628,111.28,49.860,6.596,328.88,27.113,26.172,0.016774,0.001500,-0.028385,12.244,23.559
11.058594,2,45,2817.83,7.8525,0.37628,111.03,49.835,6.618,329.81,27.115,26.174,0.012723,-0.003439,-0.023600,12.164,23.559
11.062500,2,45,2820.49,7.9100,0.36761,108.58,49.835,6.692,333.48,27.117,26.175,0.027167,0.044559,0.021519,12.228,23.559
11.066406,2,45,2818.80,7.8876,0.37720,111.34,49.841,6.641,331.01,27.119,26.177,-0.032807,0.006304,-0.016073,12.383,23.559
11.070313,2,45,2825.37,7.8688,0.38754,114.66,49.886,6.612,329.84,27.122,26.179,0.033717,-0.001438,-0.024429,12.247,23.559
11.074219,2,45,2821.68,7.9173,0.37601,111.11,49.857,6.678,332.94,27.124,26.181,-0.050631,0.001771,-0.023819,12.285,23.559
11.078125,2,45,2816.74,7.7043,0.37670,111.11,49.829,6.605,329.14,27.126,26.182,0.041415,0.049467,0.025990,12.281,23.560
11.082031,2,45,2812.84,7.9573,0.38110,112.26,49.836,6.730,335.41,27.129,26.184,-0.011189,-0.044723,0.021531,12.289,23.560
11.085938,2,45,2819.89,7.8558,0.36967,109.16,49.867,6.678,333.00,27.131,26.186,0.022261,0.039627,0.017957,12.326,23.560
11.089844,2,45,2826.97,7.9522,0.38099,112.79,49.851,6.755,336.73,27.133,26.188,-0.014004,-0.036613,0.018429,12.345,23.560
11.093750,2,45,2817.40,7.8456,0.38517,113.64,49.839,6.784,338.10,27.136,26.189,-0.023178,0.007304,-0.008795,12.251,23.560
11.097656,2,45,2821.24,7.8019,0.38118,112.62,49.831,6.680,332.88,27.138,26.191,-0.045348,0.000235,-0.027050,12.267,23.560
11.101563,2,45,2824.93,7.8934,0.36847,109.00,49.851,6.741,336.04,27.140,26.193,-0.034652,-0.021794,0.005982,12.379,23.560
11.105469,2,45,2828.13,7.9407,0.38377,113.66,49.843,6.844,341.11,27.143,26.195,-0.008815,-0.024396,0.004952,12.274,23.560
11.109375,2,45,2823.86,7.7883,0.37886,112.03,49.842,6.587,328.30,27.145,26.196,-0.044898,0.001830,-0.026079,12.250,23.560
11.113281,2,45,2815.21,7.8870,0.38049,112.17,49.864,6.795,338.85,27.147,26.198,-0.008694,-0.012355,-0.004672,12.289,23.560
11.117188,2,45,2815.67,7.8209,0.38273,112.85,49.864,6.676,332.87,27.150,26.200,-0.039586,-0.016661,0.001194,12.207,23.560
11.121094,2,45,2824.79,7.8230,0.39208,115.98,49.853,6.706,334.31,27.152,26.201,-0.021360,-0.051301,0.028759,12.277,23.560
11.125000,2,45,2831.36,7.8834,0.38893,115.32,49.854,6.686,333.30,27.154,26.203,0.005127,0.027525,0.008609,12.207,23.560
11.128906,2,45,2825.43,7.8699,0.38196,113.01,49.882,6.583,328.39,27.156,26.205,0.038927,0.051954,0.026059,12.341,23.560
11.132813,2,45,2827.13,7.9392,0.38345,113.52,49.827,6.623,330.00,27.159,26.206,-0.015309,-0.052484,0.027020,12.248,23.560
11.136719,2,45,2818.94,7.8184,0.39161,115.60,49.865,6.667,332.45,27.161,26.208,0.052995,0.011000,-0.007752,12.121,23.560
11.140625,2,45,2829.17,7.9591,0.38310,113.50,49.846,6.739,335.90,27.163,26.210,0.026569,0.000009,-0.026059,12.364,23.560
11.144531,2,45,2825.90,7.8700,0.38628,114.31,49.843,6.603,329.10,27.165,26.212,-0.036853,0.002640,-0.020328,12.263,23.560
11.148438,2,45,2814.54,7.8676,0.37955,111.87,49.849,6.665,332.26,27.168,26.213,-0.005364,0.019993,0.003297,12.280,23.560
11.152344,2,45,2820.40,7.7994,0.38621,114.07,49.840,6.793,338.55,27.170,26.215,0.050164,0.011451,-0.009857,12.357,23.560
11.156250,2,45,2822.00,7.7766,0.37849,111.85,49.862,6.721,335.12,27.172,26.217,-0.041721,-0.014819,-0.001736,12.333,23.560
11.160156,2,45,2823.55,7.9403,0.38999,115.31,49.862,6.593,328.72,27.175,26.218,0.059524,0.024037,0.001534,12.257,23.560
11.164063,2,45,2832.76,7.8984,0.37722,111.90,49.869,6.743,336.25,27.177,26.220,0.045255,0.051864,0.026296,12.342,23.560
11.167969,2,45,2819.69,7.8687,0.36987,109.21,49.888,6.692,333.84,27.179,26.222,-0.048754,0.001068,-0.026955,12.222,23.560
11.171875,2,45,2819.45,7.8708,0.37398,110.42,49.858,6.612,329.67,27.181,26.224,0.000570,0.024431,0.007223,12.164,23.560
11.175781,2,45,2828.03,7.9151,0.37977,112.47,49.876,6.671,332.72,27.184,26.225,-0.046446,-0.004214,-0.018541,12.271,23.560
11.179688,2,45,2823.65,7.9435,0.38542,113.97,49.855,6.652,331.61,27.186,26.227,0.057733,0.046797,0.021744,12.270,23.561
11.183594,2,45,2824.80,7.8953,0.36811,108.89,49.853,6.788,338.42,27.188,26.229,-0.014349,-0.041490,0.021617,12.346,23.561
11.187500,2,45,2824.69,7.8302,0.37456,110.79,49.840,6.823,340.06,27.191,26.230,-0.035216,-0.021855,0.006449,12.332,23.561
11.191406,2,45,2829.90,7.8036,0.38472,114.01,49.852,6.728,335.43,27.193,26.232,-0.044870,0.000895,-0.029017,12.316,23.561
11.195313,2,45,2828.11,7.8791,0.38286,113.39,49.852,6.780,337.99,27.195,26.234,-0.035941,-0.021111,0.001831,12.243,23.561
11.199219,2,45,2827.64,7.8796,0.38210,113.14,49.847,6.786,338.24,27.198,26.236,-0.050501,0.000468,-0.024480,12.271,23.561
11.203125,2,45,2822.04,7.9493,0.37168,109.84,49.837,6.767,337.26,27.200,26.237,-0.023252,0.010340,-0.007330,12.127,23.561
11.207031,2,45,2812.67,7.7833,0.37485,110.41,49.836,6.613,329.58,27.202,26.239,0.012210,-0.001021,-0.022094,12.100,23.561
11.210938,2,45,2822.20,7.8486,0.38003,112.32,49.863,6.662,332.16,27.204,26.241,0.019845,-0.001885,-0.029489,12.331,23.561
11.214844,2,45,2825.03,7.8911,0.37642,111.36,49.860,6.656,331.86,27.207,26.242,0.030375,0.045620,0.023233,12.299,23.561
11.218750,2,45,2817.99,7.8290,0.38116,112.48,49.841,6.647,331.29,27.209,26.244,-0.032164,0.006212,-0.017101,12.139,23.561
11.222656,2,45,2829.51,7.8840,0.38362,113.67,49.821,6.706,334.11,27.211,26.246,0.050293,0.007636,-0.011976,12.393,23.561
11.226563,2,45,2833.54,7.9534,0.37043,109.92,49.845,6.813,339.59,27.214,26.247,0.060026,0.027574,0.007557,12.340,23.561
11.230469,2,45,2828.12,7.9752,0.38083,112.79,49.838,6.730,335.44,27.216,26.249,0.015303,-0.005552,-0.024662,12.335,23.561
11.234375,2,45,2826.95,7.8556,0.37872,112.11,49.860,6.723,335.22,27.218,26.251,0.023156,-0.003254,-0.028191,12.373,23.561
11.238281,2,45,2824.70,7.9087,0.38170,112.91,49.869,6.740,336.12,27.220,26.253,0.045431,0.055028,0.025778,12.152,23.561
11.242188,2,45,2814.59,7.7992,0.37915,111.75,49.865,6.581,328.14,27.223,26.254,0.008057,-0.001242,-0.024932,12.267,23.561
11.246094,2,45,2821.11,7.7726,0.37577,111.01,49.851,6.655,331.79,27.225,26.256,-0.049103,-0.000605,-0.021130,12.326,23.561
11.250000,2,45,2836.31,7.9726,0.38561,114.53,49.844,6.710,334.46,27.227,26.258,-0.052562,0.001388,-0.026022,12.312,23.561
11.253906,2,45,2820.94,7.9088,0.39207,115.82,49.857,6.767,337.37,27.229,26.259,0.053785,0.050648,0.023479,12.317,23.561
11.257813,2,45,2827.73,7.7773,0.37932,112.32,49.861,6.750,336.54,27.232,26.261,-0.019601,-0.050209,0.027784,12.353,23.561
11.261719,2,45,2827.39,7.8441,0.39166,115.96,49.847,6.705,334.21,27.234,26.263,-0.036191,-0.026131,0.004294,12.371,23.561
11.265625,2,45,2827.29,7.7864,0.38810,114.91,49.863,6.578,327.98,27.236,26.264,-0.047562,0.000673,-0.024617,12.256,23.561
11.269531,2,45,2829.16,7.8895,0.36344,107.68,49.846,6.697,333.81,27.238,26.266,0.005869,-0.006575,-0.016916,12.306,23.561
11.273438,2,45,2828.30,7.9012,0.38543,114.16,49.848,6.669,332.42,27.241,26.268,-0.003040,-0.008100,-0.012827,12.425,23.561
11.277344,2,45,2820.38,7.8896,0.38810,114.62,49.888,6.520,325.28,27.243,26.269,0.052766,0.048800,0.026190,12.316,23.561
11.281250,2,45,2823.92,7.8704,0.38136,112.78,49.847,6.629,330.42,27.245,26.271,-0.008567,0.019902,0.000931,12.294,23.562
11.285156,2,45,2820.57,7.8789,0.38846,114.74,49.846,6.730,335.47,27.247,26.272,-0.013450,-0.039309,0.019975,12.405,23.562
11.289063,2,45,2827.58,7.7875,0.38679,114.53,49.833,6.680,332.90,27.249,26.274,0.016091,0.037468,0.021010,12.372,23.562
11.292969,2,45,2825.59,7.7726,0.38859,114.98,49.830,6.818,339.75,27.252,26.276,-0.048509,0.003436,-0.028801,12.371,23.562
11.296875,2,45,2819.81,7.8777,0.38562,113.87,49.854,6.531,325.62,27.254,26.277,-0.027962,0.010454,-0.013864,12.141,23.562
11.300781,2,45,2832.66,7.7754,0.38337,113.72,49.867,6.677,332.98,27.256,26.279,-0.014476,-0.039740,0.020677,12.309,23.562
11.304688,2,45,2826.50,7.8323,0.39072,115.65,49.847,6.732,335.55,27.258,26.281,-0.013221,-0.047144,0.026212,12.233,23.562
11.308594,2,45,2818.80,7.7486,0.38957,114.99,49.883,6.662,332.31,27.261,26.282,0.038477,-0.000229,-0.022522,12.219,23.562
11.312500,2,45,2826.90,7.7565,0.37832,112.00,49.850,6.637,330.87,27.263,26.284,0.004719,0.030248,0.011462,12.309,23.562
11.316406,2,45,2828.40,7.8869,0.38779,114.86,49.846,6.695,333.71,27.265,26.286,-0.009794,-0.020575,-0.001567,12.245,23.562
11.320313,2,45,2836.35,7.9383,0.37932,112.67,49.858,6.798,338.92,27.267,26.287,0.059472,0.039902,0.020108,12.352,23.562
11.324219,2,45,2817.20,7.8487,0.37114,109.49,49.873,6.683,333.32,27.270,26.289,-0.040671,-0.014289,-0.004170,12.375,23.562
11.328125,2,45,2827.38,7.7956,0.37286,110.40,49.848,6.711,334.54,27.272,26.291,-0.050939,0.000453,-0.028111,12.184,23.562
11.332031,2,45,2821.19,7.8487,0.37991,112.24,49.852,6.745,336.27,27.274,26.292,-0.052051,0.003219,-0.027383,12.254,23.562
11.335938,2,45,2836.68,7.9066,0.38261,113.66,49.846,6.627,330.33,27.276,26.294,-0.018154,0.013535,-0.003881,12.318,23.562
11.339844,2,45,2825.99,7.8289,0.37991,112.43,49.856,6.835,340.76,27.279,26.296,0.056388,0.051801,0.025612,12.200,23.562
11.343750,2,45,2825.83,7.9048,0.38174,112.96,49.861,6.738,335.95,27.281,26.297,0.041593,0.002280,-0.018502,12.290,23.562
11.347656,2,45,2826.96,7.8713,0.37469,110.92,49.863,6.664,332.30,27.283,26.299,-0.027152,-0.036643,0.013578,12.263,23.562
11.351563,2,45,2827.95,7.9222,0.37273,110.38,49.852,6.630,330.50,27.285,26.301,0.024599,0.042516,0.023785,12.246,23.562
11.355469,2,45,2828.21,7.9754,0.37526,111.14,49.842,6.731,335.49,27.288,26.302,0.041199,0.002965,-0.017638,12.336,23.562
11.359375,2,45,2829.53,7.9129,0.38954,115.42,49.851,6.752,336.57,27.290,26.304,-0.037637,-0.019804,-0.000660,12.187,23.562
11.363281,2,45,2827.52,7.8578,0.38603,114.30,49.826,6.722,334.92,27.292,26.306,-0.012812,-0.034470,0.012964,12.153,23.562
11.367188,2,45,2828.00,7.9045,0.37548,111.20,49.853,6.700,334.03,27.294,26.307,-0.045496,-0.002074,-0.021417,12.192,23.562
11.371094,2,45,2824.23,7.9291,0.37809,111.82,49.888,6.780,338.23,27.297,26.309,0.050239,0.005702,-0.012507,12.156,23.562
11.375000,2,45,2827.22,7.8311,0.36827,109.03,49.856,6.576,327.87,27.299,26.311,0.007536,0.033018,0.013895,12.245,23.562
11.378906,2,45,2829.37,7.8554,0.38173,113.10,49.849,6.710,334.49,27.301,26.312,-0.018146,-0.047987,0.025136,12.423,23.562
11.382813,2,45,2824.14,7.7911,0.38856,114.91,49.830,6.590,328.39,27.303,26.314,-0.050837,-0.000584,-0.023264,12.260,23.563
11.386719,2,45,2829.33,7.8391,0.37532,111.20,49.854,6.662,332.12,27.305,26.315,-0.013368,0.013421,-0.005177,12.431,23.563
11.390625,2,45,2833.11,7.9356,0.38021,112.80,49.839,6.865,342.17,27.308,26.317,-0.044047,0.004226,-0.024137,12.332,23.563
11.394531,2,45,2830.82,7.9027,0.37561,111.35,49.846,6.715,334.70,27.310,26.319,-0.019783,-0.051234,0.027456,12.257,23.563
11.398438,2,45,2825.74,7.8741,0.37682,111.50,49.864,6.712,334.67,27.312,26.321,-0.047401,0.003258,-0.028429,12.238,23.563
11.402344,2,45,2834.67,7.8476,0.37401,111.02,49.829,6.726,335.13,27.314,26.322,-0.035735,-0.021874,0.001261,12.367,23.563
11.406250,2,45,2827.54,7.8745,0.38152,112.97,49.856,6.754,336.70,27.317,26.324,-0.011862,-0.042854,0.021611,12.311,23.563
11.410156,2,45,2835.70,7.9619,0.38074,113.06,49.807,6.894,343.37,27.319,26.326,0.043904,0.003608,-0.016570,12.382,23.563
11.414063,2,45,2833.53,7.9316,0.38269,113.55,49.849,6.646,331.29,27.321,26.327,0.027061,0.043733,0.023393,12.277,23.563
11.417969,2,45,2827.37,7.9921,0.37861,112.10,49.857,6.735,335.78,27.323,26.329,0.033356,0.049645,0.025470,12.411,23.563
11.421875,2,45,2830.77,8.0260,0.38128,113.02,49.819,6.814,339.45,27.326,26.331,-0.037603,-0.001315,-0.019957,12.362,23.563
11.425781,2,45,2833.82,7.8976,0.38389,113.92,49.862,6.735,335.80,27.328,26.332,-0.027787,-0.040739,0.020277,12.392,23.563
11.429688,2,45,2824.14,7.8705,0.36830,108.92,49.848,6.800,338.96,27.330,26.334,0.005018,0.027731,0.012724,12.383,23.563
11.433594,2,45,2821.58,7.8400,0.36661,108.33,49.841,6.598,328.86,27.332,26.335,-0.033532,-0.025426,0.008251,12.139,23.563
11.437500,2,45,2836.43,8.0208,0.38744,115.08,49.885,6.716,335.01,27.335,26.337,-0.037208,-0.023893,0.001310,12.253,23.563
11.441406,2,45,2831.45,7.8459,0.39594,117.40,49.839,6.861,341.95,27.337,26.339,-0.023145,0.010238,-0.006616,12.470,23.563
11.445313,2,45,2832.06,7.9833,0.38595,114.46,49.852,6.668,332.43,27.339,26.340,0.049975,0.008537,-0.009295,12.274,23.563
11.449219,2,45,2822.13,7.8228,0.37667,111.32,49.871,6.600,329.16,27.341,26.342,-0.014897,-0.041718,0.018523,12.337,23.563
11.453125,2,45,2832.08,7.8855,0.39189,116.22,49.831,6.812,339.42,27.343,26.344,-0.019592,-0.052066,0.022918,12.228,23.563
11.457031,2,45,2833.18,7.9925,0.38717,114.87,49.859,6.782,338.15,27.346,26.345,0.010756,0.032200,0.014567,12.247,23.563
11.460938,2,45,2832.97,7.9280,0.37686,111.80,49.861,6.693,333.73,27.348,26.347,0.055742,0.042641,0.018149,12.345,23.563
11.464844,2,45,2828.01,7.9804,0.38653,114.47,49.867,6.593,328.78,27.350,26.348,0.005499,-0.002299,-0.020940,12.329,23.563
11.468750,2,45,2826.81,7.8069,0.39220,116.10,49.816,6.770,337.26,27.352,26.350,0.021339,-0.002015,-0.028395,12.428,23.563
11.472656,2,45,2818.63,7.8123,0.37950,112.01,49.844,6.691,333.49,27.354,26.352,-0.012657,0.017890,-0.000194,12.228,23.563
11.476563,2,45,2829.28,7.9787,0.38036,112.69,49.849,6.837,340.79,27.357,26.353,0.059616,0.030540,0.010101,12.304,23.563
11.480469,2,45,2828.01,7.9422,0.37985,112.49,49.867,6.739,336.05,27.359,26.355,0.054747,0.046502,0.023809,12.314,23.563
11.484375,2,45,2834.20,7.9916,0.37868,112.39,49.849,6.769,337.44,27.361,26.357,-0.010166,-0.031237,0.010910,12.357,23.563
11.488281,2,45,2830.89,7.7851,0.37086,109.94,49.840,6.742,336.01,27.363,26.358,0.027985,0.042579,0.024518,12.238,23.564
11.492188,2,45,2823.45,7.8960,0.39333,116.30,49.873,6.692,333.77,27.366,26.360,-0.046182,0.002177,-0.025493,12.229,23.564
11.496094,2,45,2829.87,7.9582,0.38288,113.46,49.831,6.657,331.72,27.368,26.362,0.059030,0.013749,0.000684,12.376,23.564
11.500000,2,45,2826.42,7.8136,0.37665,111.48,49.850,6.725,335.25,27.370,26.363,-0.045685,-0.011708,-0.008677,12.276,23.564
11.503906,2,45,2818.29,7.7677,0.37803,111.57,49.865,6.780,338.10,27.372,26.365,0.014555,-0.002510,-0.025850,12.109,23.564
11.507813,2,45,2825.92,7.8174,0.37736,111.67,49.862,6.727,335.44,27.374,26.366,0.012773,0.034352,0.016641,12.218,23.564
11.511719,2,45,2840.27,7.8986,0.39105,116.31,49.843,6.692,333.54,27.377,26.368,-0.018630,0.012276,-0.005928,12.224,23.564
11.515625,2,45,2829.73,7.7778,0.38003,112.61,49.900,6.630,330.83,27.379,26.370,0.051030,0.050677,0.028382,12.298,23.564
11.519531,2,45,2831.71,8.0058,0.38450,114.02,49.825,6.840,340.80,27.381,26.371,-0.030345,-0.034934,0.009415,12.329,23.564
11.523438,2,45,2831.07,7.9526,0.38622,114.50,49.866,6.718,335.00,27.383,26.373,-0.040780,-0.009413,-0.007805,12.228,23.564
11.527344,2,45,2826.87,7.9235,0.38071,112.70,49.853,6.817,339.84,27.385,26.375,0.052712,0.047604,0.027276,12.268,23.564
11.531250,2,45,2832.55,7.9616,0.38088,112.98,49.832,6.845,341.11,27.388,26.376,0.007123,-0.002381,-0.021728,12.300,23.564
11.535156,2,45,2822.83,7.8457,0.38422,113.58,49.831,6.782,337.98,27.390,26.378,-0.035282,-0.018556,0.003601,12.187,23.564
11.539063,2,45,2839.09,7.8375,0.37485,111.45,49.865,6.721,335.16,27.392,26.379,0.013837,0.035199,0.017439,12.245,23.564
11.542969,2,45,2835.37,7.9126,0.39252,116.55,49.880,6.809,339.62,27.394,26.381,-0.006757,-0.024989,0.008579,12.390,23.564
11.546875,2,45,2828.46,7.8253,0.38812,114.96,49.856,6.743,336.19,27.397,26.383,0.018784,-0.001914,-0.027010,12.236,23.564
11.550781,2,45,2830.92,7.8575,0.37276,110.50,49.851,6.705,334.25,27.399,26.384,0.007825,0.030866,0.012275,12.217,23.564
11.554688,2,45,2836.24,7.8591,0.38702,114.95,49.854,6.741,336.08,27.401,26.386,0.055611,0.018790,0.000171,12.325,23.564
11.558594,2,45,2836.33,8.0314,0.38085,113.12,49.873,6.625,330.42,27.403,26.388,0.001899,-0.004280,-0.017187,12.327,23.564
11.562500,2,45,2833.69,7.9321,0.38874,115.36,49.836,6.794,338.58,27.405,26.389,0.044879,0.049199,0.025499,12.248,23.564
11.566406,2,45,2823.52,7.9620,0.38460,113.72,49.826,6.784,338.04,27.408,26.391,0.031163,-0.001439,-0.025491,12.379,23.564
11.570313,2,45,2838.17,7.9634,0.38385,114.08,49.869,6.717,334.98,27.410,26.392,0.026762,-0.001903,-0.028706,12.337,23.564
11.574219,2,45,2832.23,7.9111,0.37380,110.86,49.885,6.652,331.86,27.412,26.394,0.017300,-0.003364,-0.026911,12.367,23.564
11.578125,2,45,2827.02,7.7802,0.36863,109.13,49.857,6.665,332.30,27.414,26.396,-0.014263,-0.043084,0.023219,12.402,23.564
11.582031,2,45,2835.48,7.9297,0.37968,112.74,49.872,6.737,336.01,27.416,26.397,0.015330,-0.000009,-0.027464,12.387,23.564
11.585938,2,45,2834.28,7.9305,0.38004,112.80,49.844,6.795,338.67,27.418,26.399,0.031200,-0.002882,-0.025576,12.263,23.564
11.589844,2,45,2834.20,8.0050,0.38116,113.13,49.845,6.822,340.02,27.421,26.400,-0.010754,-0.018826,0.003556,12.357,23.565
11.593750,2,45,2828.97,7.8542,0.38186,113.13,49.844,6.719,334.91,27.423,26.402,-0.026525,-0.037740,0.020366,12.212,23.565
11.597656,2,45,2825.57,7.9622,0.39010,115.43,49.826,6.833,340.48,27.425,26.404,0.058911,0.031928,0.014479,12.323,23.565
11.601563,2,45,2827.51,7.8534,0.38095,112.80,49.835,6.638,330.82,27.427,26.405,-0.043240,-0.011070,-0.007533,12.355,23.565
11.605469,2,45,2831.43,8.0212,0.38629,114.54,49.877,6.739,336.13,27.429,26.407,-0.030711,-0.029295,0.013788,12.310,23.565
11.609375,2,45,2823.35,7.8968,0.37966,112.25,49.832,6.730,335.34,27.432,26.408,0.034892,0.000766,-0.027019,12.258,23.565
11.613281,2,45,2833.08,7.9818,0.38609,114.54,49.870,6.696,333.95,27.434,26.410,0.014682,-0.002309,-0.025606,12.194,23.565
11.617188,2,45,2830.66,7.9388,0.38104,112.95,49.840,6.739,335.89,27.436,26.412,0.043784,0.050083,0.027959,12.375,23.565
11.621094,2,45,2832.62,7.9907,0.38628,114.58,49.855,6.658,331.93,27.438,26.413,-0.023814,-0.043914,0.019901,12.256,23.565
11.625000,2,45,2831.03,7.7910,0.38237,113.36,49.843,6.696,333.77,27.440,26.415,-0.012832,-0.036559,0.019662,12.473,23.565
11.628906,2,45,2840.40,8.0813,0.38663,115.00,49.853,6.801,339.03,27.442,26.416,-0.011851,-0.039804,0.015371,12.263,23.565
11.632813,2,45,2833.10,7.9715,0.37886,112.40,49.863,6.722,335.18,27.445,26.418,0.036809,-0.001601,-0.022112,12.271,23.565
11.636719,2,45,2831.12,7.8718,0.38494,114.12,49.868,6.730,335.61,27.447,26.419,0.050863,0.053792,0.026702,12.214,23.565
11.640625,2,45,2835.66,7.8889,0.38965,115.71,49.866,6.592,328.70,27.449,26.421,0.059532,0.040341,0.016637,12.408,23.565
11.644531,2,45,2831.30,7.8288,0.38308,113.58,49.828,6.781,337.88,27.451,26.423,-0.011262,-0.030627,0.011949,12.411,23.565
11.648438,2,45,2827.71,7.8782,0.38402,113.72,49.857,6.669,332.50,27.453,26.424,-0.001431,0.028243,0.008854,12.263,23.565
11.652344,2,45,2837.65,7.9577,0.38921,115.66,49.825,6.764,337.04,27.455,26.426,0.048485,0.049746,0.028965,12.428,23.565
11.656250,2,45,2835.78,7.9180,0.39497,117.29,49.865,6.693,333.76,27.458,26.427,-0.027445,0.006950,-0.013301,12.181,23.565
11.660156,2,45,2832.49,7.8530,0.38410,113.93,49.889,6.685,333.53,27.460,26.429,-0.009458,-0.017266,0.001238,12.346,23.565
11.664063,2,45,2831.45,7.8750,0.38481,114.10,49.866,6.648,331.51,27.462,26.430,-0.003527,-0.011349,-0.004382,12.267,23.565
11.667969,2,45,2832.09,7.8210,0.38458,114.06,49.867,6.706,334.41,27.464,26.432,-0.046072,-0.007674,-0.014685,12.195,23.565
11.671875,2,45,2834.16,7.8659,0.39185,116.30,49.836,6.849,341.32,27.466,26.434,0.018078,-0.004737,-0.027007,12.341,23.565
11.675781,2,45,2824.66,7.8829,0.38898,115.06,49.826,6.816,339.60,27.468,26.435,-0.033241,-0.030968,0.011180,12.282,23.565
11.679688,2,45,2840.72,7.9773,0.39325,116.98,49.854,6.753,336.68,27.471,26.437,-0.001447,0.025921,0.009370,12.368,23.565
11.683594,2,45,2821.71,7.8513,0.38134,112.68,49.831,6.776,337.65,27.473,26.438,-0.009639,-0.020883,0.002379,12.211,23.565
11.687500,2,45,2826.44,7.9034,0.38047,112.61,49.869,6.763,337.27,27.475,26.440,-0.017373,-0.051420,0.024358,12.249,23.565
11.691406,2,45,2838.11,7.8820,0.38220,113.59,49.849,6.800,338.95,27.477,26.442,0.021477,0.044558,0.020904,12.433,23.565
11.695313,2,45,2827.58,7.8459,0.36923,109.33,49.853,6.614,329.72,27.479,26.443,0.058319,0.037512,0.012546,12.210,23.565
11.699219,2,45,2835.72,7.9015,0.38710,114.95,49.848,6.760,336.96,27.481,26.445,-0.022069,0.011479,-0.008936,12.317,23.566
11.703125,2,45,2840.96,7.9294,0.38081,113.29,49.855,6.648,331.45,27.483,26.446,0.058787,0.041469,0.023261,12.337,23.566
11.707031,2,45,2836.91,7.9136,0.39162,116.34,49.878,6.614,329.90,27.486,26.448,-0.015663,-0.046872,0.021795,12.386,23.566
11.710938,2,45,2832.21,7.9451,0.39291,116.53,49.886,6.728,335.61,27.488,26.449,-0.049021,0.002670,-0.026360,12.331,23.566
11.714844,2,45,2840.06,8.0398,0.38345,114.04,49.864,6.710,334.60,27.490,26.451,-0.013942,-0.040575,0.019863,12.338,23.566
11.718750,2,45,2831.82,7.9890,0.38933,115.45,49.841,6.703,334.10,27.492,26.452,0.050733,0.050214,0.026031,12.441,23.566
11.722656,2,45,2835.79,7.9524,0.38711,114.96,49.836,6.668,332.33,27.494,26.454,0.038071,0.049548,0.024384,12.322,23.566
11.726563,2,45,2840.07,7.9653,0.39557,117.65,49.838,6.723,335.07,27.496,26.455,0.041448,0.049283,0.027365,12.306,23.566
11.730469,2,45,2834.68,7.9032,0.38007,112.82,49.846,6.821,339.99,27.498,26.457,0.059021,0.016137,0.000461,12.411,23.566
11.734375,2,45,2827.39,7.7941,0.38813,114.92,49.848,6.846,341.26,27.501,26.459,-0.005386,0.020556,0.003802,12.327,23.566
11.738281,2,45,2830.64,7.9345,0.38419,113.88,49.824,6.787,338.14,27.503,26.460,-0.046438,-0.000427,-0.026092,12.333,23.566
11.742188,2,45,2841.64,7.9628,0.37395,111.28,49.834,6.671,332.43,27.505,26.462,0.055177,0.046063,0.025366,12.401,23.566
11.746094,2,45,2833.42,7.9413,0.37133,110.18,49.857,6.704,334.25,27.507,26.463,-0.033812,-0.024346,0.003890,12.398,23.566
11.750000,2,45,2832.35,8.0138,0.38183,113.25,49.847,6.769,337.39,27.509,26.465,-0.033672,-0.030885,0.011207,12.316,23.566
11.753906,2,45,2831.91,7.9367,0.39000,115.66,49.833,6.633,330.55,27.511,26.466,-0.046384,-0.001899,-0.016016,12.364,23.566
11.757813,2,45,2841.66,7.9510,0.37395,111.28,49.850,6.675,332.74,27.513,26.468,-0.046054,0.005245,-0.022762,12.336,23.566
11.761719,2,45,2841.86,8.0486,0.38621,114.93,49.859,6.704,334.27,27.515,26.469,0.048569,0.049619,0.028363,12.311,23.566
11.765625,2,45,2832.14,7.7830,0.38688,114.74,49.820,6.715,334.52,27.518,26.471,0.006766,-0.000231,-0.023714,12.289,23.566
11.769531,2,45,2834.03,7.9310,0.38002,112.78,49.847,6.656,331.76,27.520,26.472,-0.024478,0.009941,-0.010038,12.320,23.566
11.773438,2,45,2825.19,7.7743,0.38297,113.30,49.861,6.749,336.53,27.522,26.474,0.009324,-0.003264,-0.022485,12.267,23.566
11.777344,2,45,2837.77,8.0092,0.37884,112.58,49.854,6.672,332.61,27.524,26.476,0.022054,0.042708,0.021585,12.290,23.566
11.781250,2,45,2827.57,7.9946,0.36959,109.44,49.870,6.610,329.62,27.526,26.477,0.054168,0.020121,-0.000642,12.156,23.566
11.785156,2,45,2838.53,7.9032,0.38474,114.37,49.847,6.730,335.47,27.528,26.479,-0.016638,-0.050324,0.024302,12.357,23.566
11.789063,2,45,2838.58,7.9420,0.37725,112.14,49.859,6.679,333.01,27.530,26.480,-0.044405,-0.005537,-0.011525,12.362,23.566
11.792969,2,45,2828.01,7.9435,0.37475,110.98,49.840,6.880,342.90,27.532,26.482,-0.044363,0.002440,-0.027280,12.353,23.566
11.796875,2,45,2841.43,8.0337,0.38406,114.28,49.829,6.772,337.44,27.535,26.483,-0.031620,-0.031566,0.009080,12.415,23.566
11.800781,2,45,2837.36,7.9551,0.38537,114.50,49.853,6.680,332.99,27.537,26.485,0.035606,0.048884,0.023297,12.440,23.566
11.804688,2,45,2835.92,7.9438,0.38992,115.80,49.864,6.708,334.49,27.539,26.486,-0.010835,0.015710,-0.000996,12.403,23.567
11.808594,2,45,2834.37,7.9073,0.38073,113.01,49.845,6.795,338.69,27.541,26.488,-0.049788,0.005315,-0.028322,12.287,23.567
11.812500,2,45,2828.90,7.9080,0.39024,115.61,49.860,6.737,335.91,27.543,26.489,-0.017711,0.015948,-0.003601,12.193,23.567
11.816406,2,45,2832.38,7.9352,0.38588,114.45,49.844,6.722,335.07,27.545,26.491,-0.045937,0.004545,-0.028284,12.305,23.567
11.820313,2,45,2833.24,8.0115,0.39160,116.19,49.857,6.785,338.29,27.547,26.492,0.058386,0.032894,0.012342,12.275,23.567
11.824219,2,45,2841.24,8.0709,0.37087,110.35,49.829,6.826,340.16,27.549,26.494,-0.022062,0.009456,-0.009796,12.260,23.567
11.828125,2,45,2831.76,7.9132,0.38099,112.98,49.846,6.801,339.02,27.552,26.496,0.049556,0.006842,-0.011693,12.364,23.567
11.832031,2,45,2838.47,8.0010,0.38912,115.66,49.862,6.733,335.74,27.554,26.497,-0.043451,-0.005381,-0.015193,12.232,23.567
11.835938,2,45,2822.75,7.8163,0.38070,112.53,49.854,6.685,333.27,27.556,26.499,-0.045982,0.003869,-0.027444,12.274,23.567
11.839844,2,45,2830.99,7.8553,0.38445,113.97,49.856,6.783,338.17,27.558,26.500,-0.025863,-0.040176,0.021605,12.340,23.567
11.843750,2,45,2836.73,8.0140,0.39951,118.68,49.803,6.860,341.63,27.560,26.502,-0.007797,0.020796,0.004279,12.313,23.567
11.847656,2,45,2833.11,7.9297,0.38045,112.87,49.846,6.763,337.09,27.562,26.503,-0.001782,-0.007925,-0.010033,12.277,23.567
11.851563,2,45,2836.99,7.9776,0.39046,116.00,49.868,6.603,329.29,27.564,26.505,0.005195,-0.002813,-0.020239,12.459,23.567
11.855469,2,45,2828.38,7.8405,0.37557,111.24,49.856,6.759,336.97,27.566,26.506,-0.042667,0.002516,-0.024414,12.275,23.567
11.859375,2,45,2839.66,7.9835,0.37803,112.42,49.840,6.861,341.97,27.569,26.508,0.038204,-0.000574,-0.023743,12.473,23.567
11.863281,2,45,2832.60,7.9847,0.38213,113.35,49.852,6.661,332.06,27.571,26.509,0.037894,0.048982,0.026844,12.418,23.567
11.867188,2,45,2823.13,7.8556,0.38079,112.58,49.872,6.707,334.51,27.573,26.511,0.006247,-0.000431,-0.025111,12.361,23.567
11.871094,2,45,2836.85,7.9765,0.39207,116.47,49.858,6.697,333.91,27.575,26.512,0.038565,-0.000618,-0.022359,12.366,23.567
11.875000,2,45,2840.92,8.0365,0.39248,116.76,49.850,6.711,334.52,27.577,26.514,0.039918,0.005154,-0.018626,12.417,23.567
11.878906,2,45,2846.82,7.9905,0.39430,117.55,49.835,6.760,336.87,27.579,26.515,-0.023260,-0.046646,0.021169,12.466,23.567
11.882813,2,45,2835.33,7.9067,0.38251,113.57,49.855,6.737,335.88,27.581,26.517,-0.014486,-0.043776,0.022533,12.367,23.567
11.886719,2,45,2830.03,7.8424,0.38491,114.07,49.833,6.756,336.67,27.583,26.519,-0.031020,-0.036317,0.013744,12.329,23.567
11.890625,2,45,2831.25,8.0008,0.37546,111.32,49.857,6.670,332.55,27.585,26.520,0.045224,0.052183,0.024951,12.248,23.567
11.894531,2,45,2833.10,7.8374,0.38347,113.77,49.838,6.719,334.87,27.587,26.521,-0.028103,-0.041340,0.017935,12.257,23.567
11.898438,2,45,2835.69,7.9237,0.38620,114.68,49.808,6.778,337.60,27.590,26.523,0.018363,-0.002847,-0.027426,12.357,23.567
11.902344,2,45,2834.32,7.8493,0.38203,113.39,49.853,6.744,336.22,27.592,26.525,0.045791,0.004518,-0.014530,12.430,23.567
11.906250,2,45,2835.81,7.9920,0.38254,113.60,49.832,6.789,338.32,27.594,26.526,-0.047645,-0.010045,-0.009496,12.398,23.567
11.910156,2,45,2831.19,7.8275,0.38511,114.18,49.876,6.747,336.53,27.596,26.528,0.009250,0.036078,0.016189,12.231,23.567
11.914063,2,45,2837.49,7.8900,0.38699,114.99,49.843,6.811,339.49,27.598,26.529,0.000369,-0.011393,-0.007278,12.389,23.568
11.917969,2,45,2840.31,7.8648,0.39212,116.63,49.843,6.634,330.64,27.600,26.531,0.058065,0.025055,0.008019,12.271,23.568
11.921875,2,45,2834.89,7.9461,0.39219,116.43,49.845,6.713,334.60,27.602,26.532,0.033845,0.000482,-0.026786,12.332,23.568
11.925781,2,45,2834.50,7.8602,0.38423,114.05,49.844,6.696,333.75,27.604,26.534,0.004881,-0.007802,-0.018108,12.231,23.568
11.929688,2,45,2838.73,7.9810,0.38797,115.33,49.839,6.670,332.44,27.606,26.535,-0.001397,-0.007527,-0.009724,12.374,23.568
11.933594,2,45,2833.32,7.8645,0.38695,114.81,49.834,6.787,338.24,27.608,26.537,-0.011238,-0.044987,0.022969,12.210,23.568
11.937500,2,45,2833.89,7.9125,0.38429,114.04,49.838,6.719,334.86,27.610,26.538,-0.049030,0.002469,-0.026283,12.312,23.568
11.941406,2,45,2837.24,8.0317,0.37042,110.06,49.831,6.742,335.94,27.613,26.540,-0.032651,-0.026527,0.008478,12.455,23.568
11.945313,2,45,2835.01,8.0010,0.37729,112.01,49.830,6.684,333.07,27.615,26.541,-0.002403,-0.006611,-0.011672,12.354,23.568
11.949219,2,45,2843.36,7.9871,0.37949,112.99,49.830,6.844,341.04,27.617,26.543,0.045824,-0.002224,-0.020240,12.303,23.568
11.953125,2,45,2841.57,8.0045,0.39366,117.14,49.834,6.718,334.77,27.619,26.544,0.049333,0.051100,0.025127,12.256,23.568
11.957031,2,45,2843.46,7.9496,0.39572,117.83,49.878,6.586,328.50,27.621,26.546,-0.029232,-0.038885,0.015867,12.454,23.568
11.960938,2,45,2835.59,7.9127,0.37486,111.31,49.844,6.660,331.98,27.623,26.547,0.040689,0.002335,-0.018962,12.212,23.568
11.964844,2,45,2830.33,7.8620,0.38439,113.93,49.845,6.787,338.30,27.625,26.549,0.001892,-0.006792,-0.014007,12.379,23.568
11.968750,2,45,2834.20,8.0318,0.37946,112.62,49.827,6.881,342.89,27.627,26.550,0.008217,-0.002254,-0.023675,12.373,23.568
11.972656,2,45,2842.18,8.0420,0.38618,114.94,49.853,6.635,330.77,27.629,26.552,0.057635,0.043787,0.019446,12.438,23.568
11.976563,2,45,2843.45,7.8628,0.39400,117.32,49.860,6.686,333.35,27.631,26.553,-0.019659,-0.052282,0.028582,12.353,23.568
11.980469,2,45,2830.63,7.9597,0.37929,112.43,49.850,6.738,335.89,27.633,26.554,0.056263,0.016740,-0.000421,12.388,23.568
11.984375,2,45,2828.56,7.8260,0.38849,115.07,49.862,6.720,335.05,27.635,26.556,0.001659,0.026304,0.009195,12.332,23.568
11.988281,2,45,2831.52,7.9001,0.38188,113.23,49.840,6.740,335.92,27.637,26.557,-0.049790,-0.002424,-0.014044,12.218,23.568
11.992188,2,45,2829.49,8.0268,0.37565,111.31,49.837,6.774,337.62,27.639,26.559,-0.013156,-0.045452,0.023791,12.351,23.568
11.996094,2,45,2840.11,7.9400,0.37859,112.60,49.838,6.730,335.41,27.642,26.560,-0.048234,0.003079,-0.024611,12.399,23.568
12.000000,2,45,2836.20,7.9645,0.38804,115.25,49.831,6.720,334.88,27.644,26.562,0.047868,0.011118,-0.012116,12.400,23.568
12.003906,2,45,2840.49,7.8837,0.38894,115.69,49.864,6.668,332.47,27.646,26.563,0.034458,0.002035,-0.023100,12.248,23.568
12.007813,2,45,2831.94,8.0346,0.39680,117.68,49.833,6.864,342.06,27.648,26.565,-0.045191,-0.005572,-0.016651,12.291,23.568
12.011719,2,45,2829.49,7.9414,0.38263,113.37,49.841,6.764,337.11,27.650,26.566,-0.008697,-0.017889,-0.000112,12.342,23.568
12.015625,2,45,2835.29,7.9587,0.38902,115.50,49.853,6.767,337.34,27.652,26.568,-0.050750,-0.002069,-0.028982,12.382,23.568
12.019531,2,45,2835.27,7.9313,0.38351,113.87,49.851,6.677,332.84,27.654,26.569,0.000293,0.025009,0.010183,12.396,23.568
12.023438,2,45,2845.49,7.9816,0.37406,111.46,49.879,6.743,336.31,27.656,26.571,0.052105,0.018030,-0.000520,12.369,23.569
12.027344,2,45,2836.34,8.0397,0.38635,114.76,49.846,6.618,329.87,27.658,26.572,-0.017235,-0.053766,0.026376,12.414,23.569
12.031250,2,45,2838.27,7.9439,0.39578,117.63,49.859,6.759,336.98,27.660,26.574,0.056250,0.045868,0.020122,12.433,23.569
12.035156,2,45,2828.57,7.8916,0.39171,116.03,49.853,6.688,333.40,27.662,26.575,0.008186,-0.000942,-0.022997,12.317,23.569
12.039063,2,45,2834.04,7.8948,0.37941,112.60,49.847,6.681,333.04,27.664,26.577,-0.026585,-0.038622,0.015518,12.403,23.569
12.042969,2,45,2833.14,7.9710,0.37989,112.71,49.848,6.751,336.51,27.666,26.578,-0.027241,-0.039212,0.014227,12.317,23.569
12.046875,2,45,2836.58,7.9287,0.37857,112.45,49.844,6.777,337.81,27.668,26.580,-0.012214,-0.045472,0.023870,12.308,23.569
12.050781,2,45,2827.67,7.8159,0.38439,113.82,49.842,6.800,338.92,27.670,26.581,-0.021785,0.008688,-0.005805,12.410,23.569
12.054688,2,45,2838.02,7.9023,0.38677,114.95,49.865,6.719,335.05,27.672,26.583,0.054615,0.024197,0.001793,12.274,23.569
12.058594,2,45,2829.62,7.8650,0.38004,112.61,49.833,6.761,336.91,27.675,26.584,-0.036346,-0.025293,0.004323,12.344,23.569
12.062500,2,45,2838.47,7.8963,0.38384,114.09,49.825,6.646,331.15,27.677,26.586,-0.026968,-0.040212,0.016691,12.308,23.569
12.066406,2,45,2832.89,7.8208,0.38480,114.16,49.846,6.641,331.04,27.679,26.587,-0.040786,-0.013062,-0.004182,12.355,23.569
12.070313,2,45,2840.58,7.9238,0.38258,113.80,49.851,6.735,335.76,27.681,26.588,-0.004648,-0.015216,-0.002807,12.327,23.569
12.074219,2,45,2825.59,7.9844,0.37626,111.33,49.865,6.742,336.21,27.683,26.590,-0.026695,-0.050826,0.027390,12.300,23.569
12.078125,2,45,2840.81,7.9932,0.38139,113.46,49.854,6.664,332.23,27.685,26.591,-0.045830,-0.001211,-0.025058,12.285,23.569
12.082031,2,45,2841.46,7.9907,0.38040,113.19,49.855,6.757,336.88,27.687,26.593,0.059495,0.027609,0.009658,12.303,23.569
12.085938,2,45,2834.18,7.9882,0.37532,111.39,49.849,6.631,330.56,27.689,26.594,-0.037016,0.005202,-0.019522,12.230,23.569
12.089844,2,45,2845.62,7.9710,0.39842,118.73,49.828,6.782,337.94,27.691,26.596,0.008430,-0.002287,-0.022098,12.332,23.569
12.093750,2,45,2841.02,7.9101,0.39134,116.43,49.840,6.771,337.48,27.693,26.597,-0.026429,-0.042709,0.018161,12.375,23.569
12.097656,2,45,2833.74,7.9827,0.37834,112.27,49.829,6.762,336.92,27.695,26.599,0.012266,-0.005623,-0.025470,12.303,23.569
12.101563,2,45,2841.82,7.9328,0.38626,114.95,49.838,6.758,336.82,27.697,26.600,0.061010,0.033050,0.008450,12.325,23.569
12.105469,2,45,2833.79,7.9660,0.38010,112.80,49.815,6.684,332.95,27.699,26.602,-0.043957,-0.007793,-0.012767,12.219,23.569
12.109375,2,45,2827.41,7.8500,0.38937,115.29,49.837,6.819,339.84,27.701,26.603,-0.025671,-0.042852,0.020686,12.381,23.569
12.113281,2,45,2833.62,7.9287,0.38243,113.48,49.844,6.571,327.54,27.703,26.604,0.044335,0.051711,0.025281,12.301,23.569
12.117188,2,45,2836.36,7.9279,0.37789,112.24,49.828,6.734,335.56,27.705,26.606,-0.053182,0.001932,-0.027172,12.365,23.569
12.121094,2,45,2836.70,7.9584,0.39274,116.67,49.847,6.740,335.96,27.707,26.607,0.040380,0.052909,0.026925,12.417,23.569
12.125000,2,45,2828.57,7.9689,0.38994,115.50,49.869,6.634,330.82,27.709,26.609,-0.019411,-0.051062,0.023883,12.364,23.569
12.128906,2,45,2839.23,7.9802,0.39631,117.83,49.826,6.904,343.98,27.711,26.610,-0.017934,0.015388,-0.002580,12.362,23.569
12.132813,2,45,2832.44,7.8262,0.37585,111.48,49.836,6.671,332.44,27.713,26.612,-0.048590,-0.002997,-0.017297,12.290,23.569
12.136719,2,45,2832.12,7.9465,0.38671,114.69,49.836,6.769,337.32,27.715,26.613,-0.040033,0.002509,-0.022936,12.393,23.570
12.140625,2,45,2835.40,7.9224,0.38508,114.34,49.828,6.632,330.48,27.717,26.615,-0.041583,-0.012655,-0.009232,12.370,23.570
12.144531,2,45,2831.09,7.9306,0.37365,110.78,49.857,6.600,329.07,27.719,26.616,0.030103,0.046912,0.020701,12.314,23.570
12.148438,2,45,2832.30,7.8977,0.38051,112.86,49.849,6.763,337.13,27.721,26.617,-0.007258,-0.020477,0.005312,12.398,23.570
12.152344,2,45,2828.65,7.9596,0.39062,115.71,49.824,6.789,338.25,27.723,26.619,-0.027013,0.002815,-0.014023,12.452,23.570
12.156250,2,45,2831.66,7.8993,0.37588,111.46,49.832,6.769,337.31,27.725,26.620,-0.037630,-0.017939,-0.003655,12.333,23.570
12.160156,2,45,2835.61,7.9693,0.37916,112.59,49.841,6.814,339.61,27.727,26.622,-0.036783,-0.022684,0.004868,12.318,23.570
12.164063,2,45,2839.20,8.0190,0.39102,116.26,49.859,6.657,331.93,27.729,26.623,-0.021547,-0.050880,0.026336,12.295,23.570
12.167969,2,45,2842.52,8.0002,0.38247,113.85,49.838,6.692,333.54,27.731,26.625,-0.010288,-0.020882,0.002317,12.509,23.570
12.171875,2,45,2845.84,8.0494,0.38481,114.68,49.852,6.735,335.74,27.733,26.626,0.021790,-0.002975,-0.027998,12.380,23.570
12.175781,2,45,2835.07,7.9209,0.38517,114.35,49.871,6.702,334.21,27.735,26.627,0.022555,-0.001191,-0.028383,12.229,23.570
12.179688,2,45,2837.70,7.8886,0.38809,115.33,49.842,6.714,334.64,27.737,26.629,0.027757,0.049248,0.023049,12.305,23.570
12.183594,2,45,2833.49,7.9431,0.38107,113.07,49.867,6.737,335.95,27.739,26.630,0.010220,-0.000332,-0.023247,12.222,23.570
12.187500,2,45,2841.90,7.9259,0.39587,117.81,49.819,6.844,340.96,27.741,26.632,0.040850,0.001897,-0.017125,12.503,23.570
12.191406,2,45,2840.95,8.0221,0.38115,113.39,49.823,6.835,340.53,27.744,26.633,0.043355,0.001063,-0.016855,12.292,23.570
12.195313,2,45,2839.43,7.9869,0.38092,113.26,49.843,6.661,332.01,27.746,26.635,0.057699,0.043692,0.022005,12.359,23.570
12.199219,2,45,2833.19,7.8734,0.38459,114.10,49.877,6.803,339.30,27.748,26.636,0.032023,0.049066,0.023568,12.401,23.570
12.203125,2,45,2837.71,7.9112,0.37864,112.52,49.851,6.725,335.24,27.750,26.638,0.058483,0.038699,0.016886,12.417,23.570
12.207031,2,45,2837.48,7.9194,0.39058,116.06,49.854,6.850,341.49,27.752,26.639,0.036402,-0.001446,-0.023539,12.335,23.570
12.210938,2,45,2830.78,7.7901,0.37883,112.30,49.878,6.780,338.17,27.754,26.641,0.056726,0.051988,0.026535,12.239,23.570
12.214844,2,45,2837.68,7.9591,0.39108,116.22,49.836,6.795,338.66,27.756,26.642,-0.041040,-0.019574,0.000736,12.345,23.570
12.218750,2,45,2836.23,8.0299,0.38896,115.52,49.836,6.761,336.95,27.758,26.643,-0.018707,-0.053692,0.028205,12.323,23.570
12.222656,2,45,2830.81,7.9272,0.38583,114.38,49.823,6.707,334.16,27.760,26.645,-0.034294,-0.030881,0.011919,12.354,23.570
12.226563,2,45,2843.80,7.9807,0.37764,112.46,49.823,6.887,343.14,27.762,26.646,-0.012189,-0.035211,0.016044,12.457,23.570
12.230469,2,45,2833.92,7.8774,0.37176,110.33,49.852,6.633,330.68,27.764,26.648,-0.028320,-0.032220,0.010714,12.412,23.570
12.234375,2,45,2832.84,7.8420,0.38884,115.35,49.836,6.755,336.64,27.766,26.649,-0.023715,-0.040700,0.019120,12.368,23.570
12.238281,2,45,2830.69,7.9325,0.37748,111.90,49.857,6.538,325.98,27.768,26.650,0.006802,-0.005971,-0.018480,12.405,23.570
12.242188,2,45,2832.75,7.8917,0.38038,112.84,49.830,6.636,330.68,27.770,26.652,0.003422,0.028764,0.011562,12.438,23.570
12.246094,2,45,2840.32,7.9257,0.39379,117.13,49.824,6.811,339.36,27.772,26.653,-0.038334,-0.015091,-0.003899,12.231,23.570
12.250000,2,45,2835.98,7.9442,0.38552,114.49,49.849,6.805,339.21,27.774,26.655,0.018296,0.037836,0.016372,12.349,23.571
12.253906,2,45,2837.39,7.9962,0.37476,111.35,49.863,6.784,338.27,27.776,26.656,-0.013880,-0.026660,0.009628,12.310,23.571
12.257813,2,45,2837.01,8.0181,0.37711,112.04,49.843,6.723,335.09,27.778,26.658,-0.015687,-0.050183,0.026817,12.415,23.571
12.261719,2,45,2841.58,7.9228,0.37939,112.90,49.834,6.754,336.57,27.780,26.659,-0.039842,-0.016218,-0.003378,12.326,23.571
12.265625,2,45,2834.27,7.9601,0.38536,114.38,49.866,6.582,328.19,27.782,26.660,-0.000226,-0.006682,-0.018543,12.498,23.571
12.269531,2,45,2840.83,7.9634,0.37510,111.59,49.859,6.684,333.27,27.784,26.662,-0.023690,0.012824,-0.008030,12.295,23.571
12.273438,2,45,2834.89,7.9202,0.38014,112.85,49.878,6.712,334.77,27.786,26.663,-0.032441,0.003892,-0.017425,12.256,23.571
12.277344,2,45,2833.50,7.9155,0.37832,112.26,49.826,6.800,338.83,27.788,26.665,-0.049602,0.002669,-0.025956,12.150,23.571
12.281250,2,45,2844.02,7.9278,0.38306,114.09,49.843,6.806,339.24,27.790,26.666,0.060660,0.046398,0.020346,12.387,23.571
12.285156,2,45,2840.46,7.9355,0.37984,112.98,49.847,6.770,337.46,27.792,26.668,-0.020628,-0.052147,0.028294,12.367,23.571
12.289063,2,45,2831.64,7.8545,0.37095,110.00,49.840,6.733,335.55,27.794,26.669,-0.005677,0.025353,0.005488,12.255,23.571
12.292969,2,45,2834.05,7.8716,0.37569,111.50,49.813,6.837,340.59,27.796,26.670,-0.028831,-0.040439,0.017767,12.226,23.571
12.296875,2,45,2834.77,7.8919,0.38062,112.99,49.863,6.634,330.79,27.798,26.672,0.002974,0.025355,0.009554,12.314,23.571
12.300781,2,45,2825.51,7.8344,0.38954,115.26,49.863,6.724,335.26,27.800,26.673,0.036928,0.003655,-0.020393,12.287,23.571
12.304688,2,45,2839.47,7.9700,0.38043,113.12,49.823,6.781,337.85,27.802,26.675,0.024117,-0.001764,-0.026672,12.358,23.571
12.308594,2,45,2836.31,7.8973,0.38364,113.95,49.843,6.699,333.89,27.804,26.676,-0.044193,0.000398,-0.024180,12.230,23.571
12.312500,2,45,2840.88,7.9925,0.38535,114.64,49.851,6.669,332.45,27.806,26.677,-0.002173,0.022659,0.004857,12.236,23.571
12.316406,2,45,2832.85,7.9093,0.38370,113.83,49.867,6.672,332.72,27.808,26.679,-0.011965,-0.035228,0.020522,12.453,23.571
12.320313,2,45,2836.62,7.9071,0.37933,112.68,49.850,6.646,331.28,27.809,26.680,-0.009554,-0.023501,0.003527,12.360,23.571
12.324219,2,45,2822.28,7.7576,0.38601,114.08,49.851,6.666,332.29,27.811,26.681,-0.037487,-0.018484,-0.002997,12.208,23.571
12.328125,2,45,2836.67,7.8894,0.39699,117.93,49.847,6.829,340.42,27.813,26.683,-0.046907,0.001422,-0.028059,12.454,23.571
12.332031,2,45,2832.58,8.0086,0.38434,114.00,49.857,6.620,330.06,27.815,26.684,0.057950,0.021704,0.005842,12.389,23.571
12.335938,2,45,2835.67,7.9955,0.38249,113.58,49.870,6.720,335.11,27.817,26.686,0.017287,0.038435,0.017365,12.379,23.571
12.339844,2,45,2839.85,7.9980,0.38318,113.95,49.853,6.762,337.12,27.819,26.687,0.036009,0.047970,0.028642,12.236,23.571
12.343750,2,45,2833.58,7.8953,0.38821,115.19,49.862,6.690,333.56,27.821,26.688,-0.011024,0.016974,-0.001248,12.328,23.571
12.347656,2,45,2838.58,7.8212,0.38835,115.44,49.851,6.689,333.45,27.823,26.690,0.059025,0.031575,0.012532,12.289,23.571
12.351563,2,45,2832.58,7.9936,0.38760,114.97,49.858,6.724,335.23,27.825,26.691,0.056831,0.049643,0.023980,12.373,23.571
12.355469,2,45,2840.36,7.9295,0.39187,116.56,49.860,6.730,335.54,27.827,26.693,-0.031199,0.006652,-0.016346,12.456,23.571
12.359375,2,45,2828.65,8.0115,0.39345,116.55,49.851,6.694,333.70,27.829,26.694,-0.030835,-0.030087,0.010814,12.308,23.571
12.363281,2,45,2842.05,7.9823,0.38749,115.32,49.844,6.750,336.47,27.831,26.695,-0.023954,-0.047026,0.021827,12.381,23.571
12.367188,2,45,2836.91,7.9345,0.37871,112.51,49.874,6.754,336.86,27.833,26.697,-0.044177,-0.001479,-0.015390,12.397,23.572
12.371094,2,45,2834.39,8.0114,0.38426,114.05,49.852,6.778,337.89,27.835,26.698,-0.001588,-0.007822,-0.013188,12.436,23.572
12.375000,2,45,2829.69,7.9292,0.38834,115.07,49.813,6.726,335.04,27.837,26.699,-0.025489,-0.048173,0.022760,12.241,23.572
12.378906,2,45,2844.59,7.9927,0.39246,116.91,49.843,6.871,342.46,27.839,26.701,-0.039491,0.004095,-0.022276,12.450,23.572
12.382813,2,45,2832.06,7.9316,0.38594,114.46,49.816,6.847,341.07,27.841,26.702,-0.009420,-0.029176,0.010431,12.320,23.572
12.386719,2,45,2834.92,7.9885,0.38656,114.76,49.849,6.763,337.12,27.843,26.704,0.041428,-0.000241,-0.017821,12.327,23.572
12.390625,2,45,2829.79,7.9476,0.37378,110.77,49.858,6.707,334.39,27.845,26.705,0.006256,-0.004278,-0.022096,12.281,23.572
12.394531,2,45,2835.04,7.8652,0.38737,115.00,49.832,6.730,335.37,27.847,26.707,-0.029991,-0.039222,0.016249,12.272,23.572
12.398438,2,45,2832.53,7.9429,0.39061,115.86,49.855,6.790,338.53,27.849,26.708,0.029510,0.000268,-0.027143,12.458,23.572
12.402344,2,45,2833.66,7.9838,0.38157,113.23,49.837,6.689,333.36,27.851,26.709,-0.045254,-0.007875,-0.011456,12.289,23.572
12.406250,2,45,2842.74,7.9835,0.39330,117.08,49.829,6.805,339.10,27.853,26.711,-0.051870,0.000151,-0.026472,12.391,23.572
12.410156,2,45,2829.24,7.9600,0.38108,112.90,49.835,6.710,334.38,27.855,26.712,0.059775,0.020651,0.006447,12.277,23.572
12.414063,2,45,2836.96,8.0233,0.39073,116.08,49.834,6.828,340.27,27.857,26.714,-0.003254,0.026120,0.007254,12.315,23.572
12.417969,2,45,2833.02,7.8485,0.37854,112.30,49.837,6.781,337.94,27.859,26.715,0.016295,-0.004125,-0.025804,12.221,23.572
12.421875,2,45,2838.20,8.0219,0.39139,116.33,49.841,6.648,331.35,27.861,26.716,-0.018888,-0.053719,0.023825,12.354,23.572
12.425781,2,45,2842.45,7.9399,0.39836,118.58,49.853,6.730,335.50,27.863,26.718,-0.029274,-0.033036,0.013155,12.398,23.572
12.429688,2,45,2838.96,7.9390,0.39134,116.34,49.858,6.638,330.96,27.865,26.719,0.056840,0.045592,0.021088,12.288,23.572
12.433594,2,45,2832.09,7.9791,0.38192,113.27,49.838,6.751,336.46,27.867,26.720,-0.036247,0.002134,-0.020293,12.350,23.572
12.437500,2,45,2835.59,7.9847,0.38750,115.07,49.878,6.686,333.47,27.869,26.722,-0.049783,0.004696,-0.026170,12.273,23.572
12.441406,2,45,2836.49,7.8716,0.38477,114.29,49.830,6.827,340.17,27.871,26.723,0.061356,0.031626,0.011763,12.366,23.572
12.445313,2,45,2837.14,7.9540,0.38677,114.91,49.872,6.696,333.96,27.872,26.724,-0.008954,-0.026631,0.010796,12.340,23.572
12.449219,2,45,2831.78,7.9923,0.38092,112.96,49.875,6.833,340.79,27.874,26.726,-0.014674,-0.047389,0.026275,12.391,23.572
12.453125,2,45,2836.67,8.0160,0.37629,111.78,49.846,6.654,331.70,27.876,26.727,-0.041725,-0.003797,-0.016060,12.408,23.572
12.457031,2,45,2840.09,7.8929,0.39084,116.24,49.849,6.788,338.38,27.878,26.729,-0.030252,-0.039258,0.017540,12.330,23.572
12.460938,2,45,2836.67,7.9492,0.39178,116.38,49.862,6.776,337.86,27.880,26.730,0.057597,0.044776,0.021201,12.359,23.572
12.464844,2,45,2835.72,7.8997,0.37394,111.04,49.871,6.675,332.91,27.882,26.731,0.057290,0.050373,0.025077,12.332,23.572
12.468750,2,45,2840.51,8.0455,0.38326,114.00,49.857,6.624,330.26,27.884,26.733,0.031949,-0.004150,-0.026912,12.343,23.572
12.472656,2,45,2831.96,7.8566,0.38927,115.44,49.856,6.711,334.58,27.886,26.734,-0.038956,-0.021280,0.002191,12.345,23.572
12.476563,2,45,2827.28,7.9615,0.37465,110.92,49.822,6.832,340.36,27.888,26.735,-0.028957,0.005845,-0.013557,12.184,23.572
12.480469,2,45,2838.98,8.0477,0.39864,118.51,49.848,6.784,338.19,27.890,26.737,-0.012534,-0.044950,0.026171,12.312,23.572
12.484375,2,45,2843.52,7.9514,0.38617,114.99,49.866,6.768,337.48,27.892,26.738,-0.030059,-0.037295,0.014057,12.376,23.573
12.488281,2,45,2835.83,7.9828,0.37700,111.96,49.853,6.698,333.93,27.894,26.739,0.048268,0.001852,-0.012155,12.320,23.573
12.492188,2,45,2830.73,7.9600,0.38015,112.69,49.829,6.793,338.51,27.896,26.741,0.010584,-0.003990,-0.024178,12.419,23.573
12.496094,2,45,2834.90,7.9907,0.37898,112.51,49.838,6.773,337.57,27.898,26.742,-0.001997,-0.010001,-0.010454,12.318,23.573
12.500000,2,45,2840.00,7.9339,0.38290,113.88,49.849,6.725,335.24,27.900,26.744,-0.031507,-0.030460,0.015678,12.211,23.573
12.503906,2,45,2842.61,7.9807,0.38283,113.96,49.849,6.738,335.89,27.902,26.745,0.000861,-0.006775,-0.016664,12.388,23.573
12.507813,2,45,2835.99,7.8522,0.38897,115.52,49.861,6.700,334.09,27.904,26.746,0.056639,0.019970,0.001252,12.260,23.573
12.511719,2,45,2840.61,7.9347,0.38149,113.48,49.862,6.678,332.98,27.906,26.748,0.015094,-0.004165,-0.025212,12.384,23.573
12.515625,2,45,2842.17,7.9785,0.38537,114.70,49.846,6.692,333.55,27.907,26.749,-0.043535,0.003489,-0.025718,12.295,23.573
12.519531,2,45,2844.44,7.9297,0.38798,115.57,49.844,6.843,341.11,27.909,26.750,-0.012160,-0.043431,0.020937,12.314,23.573
12.523438,2,45,2840.82,7.9310,0.38000,113.05,49.827,6.716,334.65,27.911,26.752,-0.016505,0.012576,-0.000734,12.445,23.573
12.527344,2,45,2831.80,7.8347,0.37127,110.10,49.854,6.699,333.99,27.913,26.753,0.046723,0.007034,-0.014294,12.366,23.573
12.531250,2,45,2845.56,7.8843,0.38877,115.85,49.857,6.678,332.95,27.915,26.754,0.029614,-0.002877,-0.026699,12.395,23.573
12.535156,2,45,2840.58,7.9939,0.37979,112.98,49.873,6.706,334.45,27.917,26.756,-0.005763,-0.017985,0.002200,12.343,23.573
12.539063,2,45,2837.08,7.7809,0.39215,116.51,49.851,6.725,335.27,27.919,26.757,-0.028597,0.003839,-0.017676,12.372,23.573
12.542969,2,45,2844.57,7.9068,0.37936,113.01,49.857,6.935,345.77,27.921,26.758,-0.028758,-0.033665,0.014952,12.325,23.573
12.546875,2,45,2831.32,7.9242,0.37935,112.48,49.867,6.664,332.32,27.923,26.760,0.043401,0.049094,0.027037,12.383,23.573
12.550781,2,45,2833.18,7.9337,0.39462,117.08,49.859,6.700,334.03,27.925,26.761,-0.028465,-0.039532,0.015735,12.293,23.573
12.554688,2,45,2832.13,7.9280,0.38472,114.10,49.847,6.816,339.74,27.927,26.763,-0.020989,-0.048386,0.025708,12.318,23.573
12.558594,2,45,2834.21,7.9277,0.38195,113.36,49.891,6.536,326.11,27.929,26.764,0.052031,0.012574,-0.008334,12.433,23.573
12.562500,2,45,2835.36,7.8324,0.39356,116.86,49.845,6.766,337.26,27.931,26.765,-0.030138,-0.038805,0.017300,12.378,23.573
12.566406,2,45,2832.33,7.9303,0.38452,114.05,49.867,6.639,331.07,27.932,26.766,0.058382,0.017979,-0.002121,12.318,23.573
12.570313,2,45,2841.34,8.0596,0.37567,111.78,49.869,6.738,336.04,27.934,26.768,0.040200,0.002863,-0.022293,12.223,23.573
12.574219,2,45,2836.95,7.9564,0.38528,114.46,49.834,6.850,341.37,27.936,26.769,-0.015469,-0.047216,0.023931,12.419,23.573
12.578125,2,45,2831.12,7.9406,0.38539,114.26,49.848,6.764,337.17,27.938,26.770,-0.012951,-0.036680,0.018387,12.266,23.573
12.582031,2,45,2833.28,7.8416,0.38407,113.95,49.867,6.728,335.53,27.940,26.772,0.058942,0.041282,0.018695,12.295,23.573
12.585938,2,45,2838.39,7.8821,0.39131,116.31,49.874,6.694,333.85,27.942,26.773,0.002000,-0.006777,-0.016880,12.301,23.573
12.589844,2,45,2841.40,8.0517,0.37768,112.38,49.859,6.671,332.63,27.944,26.774,0.049674,0.011547,-0.004070,12.286,23.573
12.593750,2,45,2834.45,7.9215,0.39150,116.21,49.854,6.654,331.75,27.946,26.776,-0.016475,0.012414,-0.007960,12.379,23.573
12.597656,2,45,2847.47,8.0076,0.38711,115.43,49.859,6.778,337.94,27.948,26.777,-0.048005,0.002780,-0.027962,12.442,23.573
12.601563,2,45,2837.87,7.9386,0.37614,111.78,49.817,6.809,339.23,27.950,26.778,0.026850,0.043253,0.023548,12.259,23.573
12.605469,2,45,2836.87,7.9746,0.38058,113.06,49.837,6.726,335.20,27.952,26.780,0.012136,0.035589,0.018078,12.236,23.574
12.609375,2,45,2834.68,7.9318,0.37655,111.78,49.849,6.814,339.68,27.954,26.781,-0.042925,-0.014777,-0.005043,12.393,23.574
12.613281,2,45,2838.83,7.9366,0.37653,111.94,49.831,6.733,335.51,27.955,26.782,-0.046312,0.002903,-0.021364,12.384,23.574
12.617188,2,45,2828.52,7.9194,0.38654,114.49,49.844,6.686,333.28,27.957,26.784,-0.047066,0.000417,-0.026270,12.259,23.574
12.621094,2,45,2839.36,8.0452,0.37596,111.79,49.868,6.713,334.78,27.959,26.785,0.040235,-0.001001,-0.020193,12.353,23.574
12.625000,2,45,2837.71,7.8935,0.37189,110.51,49.854,6.804,339.22,27.961,26.786,0.053869,0.049820,0.027106,12.443,23.574
12.628906,2,45,2832.70,7.9057,0.37948,112.57,49.868,6.731,335.67,27.963,26.788,0.051099,0.007255,-0.011519,12.416,23.574
12.632813,2,45,2835.92,7.9315,0.39763,118.09,49.849,6.626,330.32,27.965,26.789,0.052070,0.047539,0.024754,12.243,23.574
12.636719,2,45,2843.23,7.9692,0.39027,116.20,49.816,6.789,338.18,27.967,26.790,-0.047270,0.002132,-0.026324,12.420,23.574
12.640625,2,45,2833.50,8.0470,0.38429,114.03,49.866,6.763,337.22,27.969,26.792,-0.015026,0.019394,0.001614,12.320,23.574
12.644531,2,45,2841.42,7.9919,0.39291,116.91,49.843,6.691,333.50,27.971,26.793,-0.049133,0.002702,-0.027841,12.309,23.574
12.648438,2,45,2834.51,7.9761,0.38752,115.03,49.844,6.733,335.57,27.972,26.794,-0.011116,-0.045232,0.021772,12.376,23.574
12.652344,2,45,2840.05,7.9372,0.39191,116.56,49.834,6.841,340.90,27.974,26.796,-0.039983,0.003449,-0.020165,12.350,23.574
12.656250,2,45,2828.31,7.9336,0.37607,111.38,49.853,6.662,332.12,27.976,26.797,-0.019680,-0.051943,0.027259,12.378,23.574
12.660156,2,45,2836.42,7.8021,0.37774,112.20,49.853,6.769,337.43,27.978,26.798,-0.010225,-0.030378,0.015049,12.338,23.574
12.664063,2,45,2846.70,8.1735,0.38440,114.59,49.842,6.877,342.77,27.980,26.800,-0.044811,0.002241,-0.026582,12.209,23.574
12.667969,2,45,2831.80,7.9751,0.39567,117.33,49.866,6.757,336.93,27.982,26.801,-0.037581,0.003260,-0.019397,12.416,23.574
12.671875,2,45,2832.24,7.9179,0.38247,113.44,49.832,6.744,336.08,27.984,26.802,0.061376,0.036929,0.010449,12.307,23.574
12.675781,2,45,2837.11,7.9050,0.39091,116.14,49.824,6.745,336.08,27.986,26.804,0.008130,-0.002922,-0.019557,12.211,23.574
12.679688,2,45,2840.58,7.9186,0.38215,113.68,49.852,6.781,338.02,27.988,26.805,0.031150,-0.003668,-0.024460,12.300,23.574
12.683594,2,45,2836.18,7.8961,0.39446,117.16,49.887,6.652,331.84,27.990,26.806,-0.016749,-0.049269,0.025401,12.202,23.574
12.687500,2,45,2842.62,7.9764,0.39095,116.38,49.849,6.729,335.44,27.992,26.808,0.054267,0.050498,0.027409,12.443,23.574
12.691406,2,45,2844.68,7.9572,0.38992,116.15,49.845,6.753,336.60,27.993,26.809,-0.038044,-0.014913,-0.002651,12.471,23.574
12.695313,2,45,2842.32,8.0962,0.38279,113.94,49.858,6.844,341.25,27.995,26.810,0.000017,-0.005811,-0.017781,12.395,23.574
12.699219,2,45,2848.60,8.0503,0.38132,113.75,49.840,6.875,342.63,27.997,26.812,-0.029103,0.006081,-0.012286,12.340,23.574
12.703125,2,45,2834.04,7.8978,0.38658,114.73,49.845,6.723,335.09,27.999,26.813,0.019838,0.038935,0.020041,12.383,23.574
12.707031,2,45,2833.46,7.9379,0.38570,114.44,49.853,6.764,337.19,28.001,26.814,0.046737,0.051658,0.025545,12.319,23.574
12.710938,2,45,2835.77,7.8395,0.37617,111.71,49.824,6.823,339.95,28.003,26.816,-0.044247,-0.002254,-0.019679,12.284,23.574
12.714844,2,45,2840.81,7.9581,0.37485,111.51,49.843,6.770,337.41,28.005,26.817,0.014660,0.036131,0.017824,12.383,23.574
12.718750,2,45,2837.22,7.9470,0.37621,111.78,49.840,6.671,332.47,28.007,26.818,-0.006521,-0.012064,-0.008118,12.338,23.574
12.722656,2,45,2831.74,8.0156,0.38425,113.95,49.838,6.685,333.16,28.009,26.820,-0.005940,-0.016616,0.002787,12.271,23.574
12.726563,2,45,2831.71,7.8502,0.38089,112.95,49.857,6.741,336.07,28.011,26.821,-0.023736,-0.045729,0.023310,12.308,23.575
12.730469,2,45,2833.21,7.9305,0.37806,112.17,49.836,6.638,330.82,28.012,26.822,0.056578,0.043240,0.019968,12.379,23.575
12.734375,2,45,2830.92,7.7825,0.37519,111.23,49.852,6.790,338.48,28.014,26.823,-0.050349,0.003627,-0.028372,12.238,23.575
12.738281,2,45,2836.68,7.9811,0.38091,113.15,49.834,6.743,336.02,28.016,26.825,0.046493,0.007989,-0.011179,12.384,23.575
12.742188,2,45,2835.93,8.0229,0.38602,114.64,49.899,6.644,331.55,28.018,26.826,0.042552,0.000504,-0.020461,12.306,23.575
12.746094,2,45,2840.64,7.9790,0.37838,112.56,49.869,6.674,332.84,28.020,26.827,-0.009494,-0.015074,-0.001929,12.254,23.575
12.750000,2,45,2845.37,7.9574,0.39271,117.01,49.835,6.834,340.56,28.022,26.829,-0.027287,-0.038723,0.019707,12.386,23.575
12.753906,2,45,2837.77,8.0015,0.38581,114.65,49.841,6.722,335.04,28.024,26.830,0.053716,0.017499,-0.001937,12.411,23.575
12.757813,2,45,2835.74,7.8935,0.38275,113.66,49.873,6.826,340.45,28.026,26.831,-0.008018,0.021838,0.007159,12.308,23.575
12.761719,2,45,2841.32,8.0038,0.37501,111.58,49.838,6.729,335.37,28.027,26.833,0.019884,0.000145,-0.029989,12.459,23.575
12.765625,2,45,2842.64,8.0841,0.37461,111.51,49.838,6.741,335.95,28.029,26.834,-0.047474,0.001070,-0.025073,12.238,23.575
12.769531,2,45,2840.11,8.0899,0.38664,114.99,49.842,6.755,336.69,28.031,26.835,-0.006223,-0.012545,-0.002426,12.296,23.575
12.773438,2,45,2836.04,7.9684,0.39043,115.95,49.856,6.593,328.70,28.033,26.836,-0.044998,-0.000707,-0.016217,12.357,23.575
12.777344,2,45,2826.97,7.8986,0.37616,111.36,49.846,6.749,336.41,28.035,26.838,0.024678,0.039747,0.020826,12.398,23.575
12.781250,2,45,2841.03,7.9330,0.38448,114.39,49.834,6.738,335.76,28.037,26.839,0.057610,0.021266,-0.001197,12.334,23.575
12.785156,2,45,2840.11,7.8991,0.37350,111.09,49.839,6.848,341.31,28.039,26.840,0.059185,0.022167,0.003971,12.324,23.575
12.789063,2,45,2829.89,7.9564,0.37633,111.52,49.842,6.877,342.74,28.041,26.842,0.055615,0.020646,0.003116,12.435,23.575
12.792969,2,45,2836.90,8.0261,0.38812,115.30,49.845,6.696,333.74,28.042,26.843,-0.045139,0.006290,-0.025390,12.323,23.575
12.796875,2,45,2830.63,7.8292,0.38152,113.09,49.871,6.606,329.46,28.044,26.844,-0.040912,-0.010710,-0.005089,12.321,23.575
12.800781,2,45,2843.28,7.9759,0.38041,113.26,49.849,6.684,333.20,28.046,26.845,-0.020541,-0.050112,0.025665,12.324,23.575
12.804688,2,45,2834.09,7.9241,0.38571,114.47,49.848,6.785,338.21,28.048,26.847,-0.051063,0.002666,-0.027245,12.263,23.575
12.808594,2,45,2837.05,7.8882,0.38182,113.44,49.851,6.673,332.67,28.050,26.848,-0.026019,-0.039219,0.018038,12.367,23.575
12.812500,2,45,2834.78,7.9310,0.38762,115.07,49.848,6.808,339.37,28.052,26.849,0.019229,-0.000730,-0.025056,12.379,23.575
12.816406,2,45,2839.42,8.0062,0.38544,114.61,49.851,6.769,337.46,28.054,26.851,-0.012060,-0.042334,0.021720,12.337,23.575
12.820313,2,45,2837.83,7.9446,0.39317,116.84,49.831,6.731,335.40,28.055,26.852,0.009871,-0.000339,-0.026082,12.408,23.575
12.824219,2,45,2824.69,7.8412,0.38527,113.96,49.857,6.629,330.52,28.057,26.853,-0.041319,-0.005936,-0.011970,12.259,23.575
12.828125,2,45,2847.43,7.9871,0.39037,116.40,49.831,6.844,341.05,28.059,26.854,-0.048724,0.003315,-0.023781,12.403,23.575
12.832031,2,45,2835.93,7.9141,0.38687,114.89,49.854,6.731,335.58,28.061,26.856,-0.010680,-0.037331,0.021173,12.477,23.575
12.835938,2,45,2836.39,7.9172,0.38125,113.24,49.826,6.699,333.80,28.063,26.857,-0.050173,0.003059,-0.026521,12.275,23.575
12.839844,2,45,2834.76,7.9347,0.37835,112.32,49.831,6.805,339.12,28.065,26.858,-0.022296,-0.046172,0.020324,12.394,23.575
12.843750,2,45,2840.06,7.9141,0.38736,115.21,49.841,6.781,337.95,28.067,26.860,-0.012556,0.016099,-0.001856,12.286,23.575
12.847656,2,45,2841.60,7.9272,0.38823,115.53,49.835,6.671,332.47,28.068,26.861,-0.008724,-0.021828,0.004386,12.320,23.576
12.851563,2,45,2832.16,8.0300,0.38260,113.47,49.861,6.690,333.57,28.070,26.862,-0.025935,-0.043892,0.021094,12.294,23.576
12.855469,2,45,2842.57,7.9511,0.39419,117.34,49.843,6.917,344.79,28.072,26.863,0.030733,0.046729,0.023884,12.336,23.576
12.859375,2,45,2831.38,7.9073,0.37053,109.86,49.837,6.654,331.61,28.074,26.865,-0.045541,0.000106,-0.027415,12.310,23.576
12.863281,2,45,2844.66,8.0014,0.38177,113.73,49.820,6.810,339.28,28.076,26.866,-0.046527,0.002402,-0.023681,12.415,23.576
12.867188,2,45,2838.77,8.0497,0.38860,115.52,49.869,6.761,337.18,28.078,26.867,-0.050289,0.002474,-0.022041,12.294,23.576
12.871094,2,45,2847.32,7.9832,0.38190,113.87,49.815,6.801,338.81,28.080,26.869,-0.048908,0.003372,-0.027201,12.424,23.576
12.875000,2,45,2828.50,7.9758,0.38679,114.57,49.849,6.788,338.36,28.081,26.870,-0.011596,0.016369,-0.001352,12.330,23.576
12.878906,2,45,2830.85,7.8753,0.39124,115.98,49.842,6.797,338.77,28.083,26.871,-0.026185,-0.044177,0.021047,12.184,23.576
12.882813,2,45,2844.50,7.9645,0.39320,117.12,49.859,6.729,335.50,28.085,26.872,-0.048388,-0.001392,-0.015046,12.368,23.576
12.886719,2,45,2829.93,7.9648,0.39515,117.10,49.859,6.765,337.30,28.087,26.874,-0.049364,0.001724,-0.024830,12.350,23.576
12.890625,2,45,2832.74,7.9504,0.38194,113.30,49.875,6.665,332.43,28.089,26.875,-0.018096,-0.050841,0.030234,12.343,23.576
12.894531,2,45,2837.92,8.0362,0.39881,118.52,49.853,6.682,333.13,28.091,26.876,-0.036602,0.004564,-0.018087,12.247,23.576
12.898438,2,45,2833.95,8.0627,0.37635,111.69,49.850,6.715,334.77,28.092,26.877,0.051633,0.009382,-0.005952,12.309,23.576
12.902344,2,45,2834.21,7.9975,0.37724,111.96,49.851,6.790,338.50,28.094,26.879,-0.007390,-0.022668,0.002476,12.344,23.576
12.906250,2,45,2827.22,7.9405,0.38883,115.12,49.851,6.591,328.56,28.096,26.880,0.055655,0.040947,0.019545,12.305,23.576
12.910156,2,45,2838.08,7.9898,0.38054,113.10,49.853,6.818,339.87,28.098,26.881,-0.032220,-0.029299,0.012082,12.443,23.576
12.914063,2,45,2838.68,7.8417,0.38670,114.95,49.843,6.745,336.22,28.100,26.882,0.003351,0.028383,0.010633,12.317,23.576
12.917969,2,45,2837.98,8.0457,0.39225,116.57,49.864,6.722,335.18,28.102,26.884,0.015846,0.039640,0.018578,12.419,23.576
12.921875,2,45,2840.39,8.0412,0.38799,115.40,49.851,6.767,337.35,28.103,26.885,-0.039922,-0.012001,-0.005673,12.470,23.576
12.925781,2,45,2839.14,8.0196,0.38246,113.71,49.847,6.610,329.48,28.105,26.886,-0.023702,-0.041154,0.017186,12.365,23.576
12.929688,2,45,2843.80,7.9472,0.38110,113.49,49.832,6.897,343.68,28.107,26.887,-0.050953,0.001945,-0.027966,12.378,23.576
12.933594,2,45,2837.72,7.8712,0.38218,113.57,49.822,6.727,335.14,28.109,26.889,-0.040104,-0.024279,0.000311,12.332,23.576
12.937500,2,45,2840.93,8.0285,0.39120,116.38,49.837,6.855,341.62,28.111,26.890,-0.019113,-0.051935,0.027267,12.377,23.576
12.941406,2,45,2834.96,7.9237,0.37773,112.14,49.836,6.794,338.57,28.113,26.891,-0.006897,-0.024722,0.006144,12.273,23.576
12.945313,2,45,2837.57,7.8969,0.39577,117.60,49.853,6.741,336.08,28.115,26.893,0.054779,0.015783,-0.003835,12.380,23.576
12.949219,2,45,2831.38,7.8817,0.39257,116.40,49.872,6.650,331.63,28.116,26.894,0.042004,0.051701,0.027866,12.282,23.576
12.953125,2,45,2837.50,8.0559,0.38343,113.93,49.869,6.751,336.65,28.118,26.895,-0.012703,-0.050064,0.023613,12.339,23.576
12.957031,2,45,2833.79,7.8711,0.38947,115.58,49.851,6.750,336.47,28.120,26.896,-0.008254,0.019249,0.002280,12.363,23.576
12.960938,2,45,2841.07,7.8970,0.39139,116.44,49.863,6.729,335.51,28.122,26.898,-0.043920,-0.009915,-0.004713,12.336,23.576
12.964844,2,45,2834.91,7.8762,0.37902,112.52,49.866,6.749,336.55,28.124,26.899,-0.019135,-0.051323,0.025586,12.312,23.576
12.968750,2,45,2829.42,7.7921,0.37693,111.68,49.869,6.661,332.20,28.125,26.900,-0.015113,-0.050669,0.026094,12.219,23.576
12.972656,2,45,2832.84,7.9100,0.38090,113.00,49.850,6.742,336.09,28.127,26.901,-0.011111,-0.028494,0.015167,12.308,23.576
12.976563,2,45,2836.42,7.9130,0.38207,113.48,49.844,6.793,338.61,28.129,26.903,-0.006772,-0.018044,-0.002485,12.210,23.577
12.980469,2,45,2829.68,7.8874,0.38836,115.08,49.848,6.712,334.59,28.131,26.904,0.061035,0.027437,0.007533,12.236,23.577
12.984375,2,45,2844.03,7.8891,0.38933,115.95,49.862,6.693,333.70,28.133,26.905,-0.007659,-0.020942,0.006720,12.351,23.577
12.988281,2,45,2849.37,7.9408,0.40021,119.42,49.836,6.815,339.66,28.135,26.906,-0.048926,0.004285,-0.027428,12.286,23.577
12.992188,2,45,2838.19,8.0016,0.38429,114.22,49.835,6.789,338.35,28.136,26.908,-0.016115,-0.047454,0.026446,12.248,23.577
12.996094,2,45,2830.64,7.8508,0.39145,116.04,49.864,6.689,333.53,28.138,26.909,0.058653,0.046529,0.025622,12.260,23.577
13.000000,2,45,2841.57,7.9495,0.39148,116.49,49.859,6.612,329.69,28.140,26.910,-0.029897,-0.030422,0.010032,12.375,23.577
13.003906,2,45,2841.68,7.9752,0.38963,115.95,49.847,6.804,339.14,28.142,26.911,-0.038645,-0.000112,-0.021209,12.390,23.577
13.007813,2,45,2845.24,7.9960,0.39054,116.36,49.846,6.904,344.13,28.144,26.913,-0.046331,0.002745,-0.028115,12.395,23.577
13.011719,2,45,2834.91,7.9349,0.38257,113.58,49.837,6.694,333.63,28.145,26.914,-0.047796,0.001524,-0.024295,12.197,23.577
13.015625,2,45,2843.40,7.9486,0.38089,113.41,49.868,6.637,330.96,28.147,26.915,-0.050956,0.001366,-0.026616,12.320,23.577
13.019531,2,45,2846.32,7.9688,0.37849,112.81,49.835,6.630,330.43,28.149,26.916,-0.024980,-0.045498,0.022869,12.426,23.577
13.023438,2,45,2829.99,7.8396,0.38802,114.99,49.812,6.803,338.89,28.151,26.917,0.040392,0.003036,-0.019749,12.385,23.577
13.027344,2,45,2824.78,7.8328,0.38494,113.87,49.852,6.759,336.92,28.153,26.919,0.023030,-0.002208,-0.026461,12.240,23.577
13.031250,2,45,2844.56,8.0550,0.37560,111.88,49.832,6.823,340.02,28.154,26.920,-0.050539,0.002827,-0.025534,12.421,23.577
13.035156,2,45,2832.92,7.9400,0.39405,116.90,49.813,6.775,337.47,28.156,26.921,-0.006251,-0.020543,0.003824,12.345,23.577
13.039063,2,45,2835.34,8.0024,0.38263,113.61,49.826,6.790,338.33,28.158,26.922,0.059210,0.030541,0.012868,12.363,23.577
13.042969,2,45,2840.65,8.0347,0.37615,111.89,49.842,6.755,336.66,28.160,26.924,-0.012169,-0.034431,0.018504,12.410,23.577
13.046875,2,45,2830.54,7.8629,0.37253,110.42,49.833,6.812,339.45,28.162,26.925,-0.009673,-0.033077,0.010940,12.244,23.577
13.050781,2,45,2834.53,7.9551,0.38462,114.17,49.850,6.686,333.30,28.164,26.926,-0.015196,-0.046106,0.025458,12.258,23.577
13.054688,2,45,2833.69,7.9187,0.38024,112.83,49.882,6.708,334.61,28.165,26.927,-0.016751,-0.048511,0.026548,12.383,23.577
13.058594,2,45,2837.93,7.9546,0.37202,110.56,49.865,6.683,333.26,28.167,26.929,-0.028125,-0.032208,0.014805,12.310,23.577
13.062500,2,45,2841.66,8.0327,0.38679,115.10,49.817,6.742,335.86,28.169,26.930,-0.030429,-0.037239,0.017297,12.322,23.577
13.066406,2,45,2831.69,7.9144,0.38210,113.30,49.873,6.681,333.21,28.171,26.931,-0.029450,-0.033356,0.012299,12.268,23.577
13.070313,2,45,2828.59,7.9028,0.38184,113.10,49.864,6.623,330.24,28.172,26.932,0.059533,0.027721,0.008281,12.373,23.577
13.074219,2,45,2828.67,7.9122,0.39550,117.15,49.831,6.693,333.52,28.174,26.933,0.005939,-0.000454,-0.019362,12.360,23.577
13.078125,2,45,2840.10,8.1058,0.37838,112.54,49.837,6.699,333.86,28.176,26.934,0.037226,0.054376,0.025499,12.351,23.577
13.082031,2,45,2835.50,7.8978,0.38236,113.53,49.863,6.723,335.22,28.178,26.936,0.046958,0.007788,-0.011411,12.485,23.577
13.085938,2,45,2842.55,7.9294,0.38836,115.60,49.869,6.710,334.63,28.179,26.937,-0.008420,0.017507,0.002172,12.433,23.577
13.089844,2,45,2835.85,8.0497,0.37926,112.63,49.841,6.684,333.12,28.181,26.938,-0.035199,-0.028367,0.004513,12.453,23.577
13.093750,2,45,2836.50,7.9692,0.38964,115.74,49.832,6.819,339.80,28.183,26.939,0.014856,0.033997,0.017597,12.323,23.577
13.097656,2,45,2835.19,7.9461,0.39184,116.34,49.829,6.839,340.77,28.185,26.941,-0.031627,0.004972,-0.016562,12.286,23.577
13.101563,2,45,2842.59,7.9542,0.38417,114.36,49.853,6.781,338.04,28.187,26.942,-0.040991,-0.017274,0.000147,12.364,23.577
13.105469,2,45,2840.25,7.9162,0.37937,112.84,49.815,6.877,342.57,28.189,26.943,0.007341,0.000329,-0.021848,12.338,23.578
13.109375,2,45,2830.95,7.9529,0.37159,110.16,49.849,6.750,336.49,28.190,26.944,-0.017414,-0.043913,0.021541,12.211,23.578
13.113281,2,45,2825.76,7.9490,0.38103,112.75,49.838,6.703,334.04,28.192,26.946,-0.018618,-0.050972,0.028462,12.256,23.578
13.117188,2,45,2840.49,7.8800,0.38063,113.22,49.866,6.719,335.04,28.194,26.947,0.006405,0.028399,0.011933,12.335,23.578
13.121094,2,45,2838.37,7.9086,0.39109,116.25,49.837,6.836,340.70,28.196,26.948,-0.038851,-0.017499,-0.001374,12.411,23.578
13.125000,2,45,2833.75,7.9862,0.37477,111.21,49.854,6.759,336.98,28.198,26.949,-0.036994,0.005087,-0.022315,12.411,23.578
13.128906,2,45,2842.24,8.0052,0.37869,112.71,49.857,6.768,337.42,28.199,26.951,-0.026786,0.009866,-0.008753,12.322,23.578
13.132813,2,45,2840.50,7.9483,0.38657,114.99,49.853,6.802,339.11,28.201,26.952,-0.044261,-0.010685,-0.007536,12.445,23.578
13.136719,2,45,2834.21,7.9002,0.38260,113.56,49.843,6.664,332.18,28.203,26.953,-0.014392,-0.044798,0.022425,12.305,23.578
13.140625,2,45,2831.05,7.8973,0.38782,114.98,49.858,6.763,337.22,28.205,26.954,0.026884,0.041129,0.021832,12.335,23.578
13.144531,2,45,2849.68,8.0619,0.38049,113.55,49.838,6.705,334.16,28.207,26.955,0.031394,-0.002282,-0.026007,12.488,23.578
13.148438,2,45,2836.43,7.9845,0.38304,113.77,49.824,6.764,336.99,28.208,26.957,-0.019057,-0.051386,0.026521,12.497,23.578
13.152344,2,45,2836.55,7.9628,0.37785,112.24,49.837,6.601,328.98,28.210,26.958,-0.046674,-0.001451,-0.025218,12.385,23.578
13.156250,2,45,2839.78,8.0059,0.38406,114.21,49.852,6.839,340.95,28.212,26.959,-0.033853,-0.024251,0.008452,12.270,23.578
13.160156,2,45,2835.80,7.8699,0.39087,116.07,49.843,6.768,337.31,28.214,26.960,0.006676,0.030211,0.010624,12.483,23.578
13.164063,2,45,2830.99,7.9663,0.39046,115.76,49.849,6.784,338.18,28.215,26.961,0.055162,0.045938,0.021647,12.375,23.578
13.167969,2,45,2837.46,8.0128,0.37950,112.76,49.821,6.783,337.95,28.217,26.963,-0.042439,-0.011253,-0.008758,12.366,23.578
13.171875,2,45,2836.85,7.8633,0.39228,116.54,49.852,6.633,330.68,28.219,26.964,-0.049614,0.001829,-0.020457,12.358,23.578
13.175781,2,45,2840.24,8.0167,0.37837,112.54,49.851,6.681,333.05,28.221,26.965,-0.037592,-0.016194,-0.000212,12.245,23.578
13.179688,2,45,2837.26,7.9799,0.38576,114.62,49.846,6.953,346.59,28.223,26.966,0.047350,0.006705,-0.011434,12.313,23.578
13.183594,2,45,2843.28,7.9247,0.37882,112.79,49.837,6.848,341.27,28.224,26.968,-0.043521,-0.005628,-0.016583,12.367,23.578
13.187500,2,45,2837.84,7.9989,0.38292,113.79,49.859,6.768,337.47,28.226,26.969,-0.042639,-0.010000,-0.011495,12.254,23.578
13.191406,2,45,2836.61,7.9324,0.38368,113.97,49.844,6.822,340.04,28.228,26.970,-0.026440,-0.039202,0.019348,12.380,23.578
13.195313,2,45,2841.43,7.8257,0.37093,110.37,49.807,6.875,342.41,28.230,26.971,-0.037792,0.007255,-0.017531,12.372,23.578
13.199219,2,45,2831.28,7.9594,0.38528,114.23,49.847,6.687,333.32,28.232,26.972,-0.047925,0.001971,-0.027609,12.274,23.578
13.203125,2,45,2841.31,7.9636,0.37941,112.89,49.863,6.682,333.17,28.233,26.974,0.049717,0.004607,-0.011989,12.367,23.578
13.207031,2,45,2842.07,7.9708,0.39595,117.84,49.849,6.755,336.71,28.235,26.975,-0.021420,-0.053031,0.028386,12.272,23.578
13.210938,2,45,2846.45,7.9454,0.39574,117.96,49.841,6.756,336.74,28.237,26.976,-0.042900,-0.007422,-0.009736,12.300,23.578
13.214844,2,45,2833.51,7.9352,0.38711,114.87,49.873,6.589,328.62,28.239,26.977,0.044009,0.047671,0.029415,12.410,23.578
13.218750,2,45,2835.69,7.9039,0.38324,113.81,49.852,6.852,341.57,28.240,26.978,-0.042081,-0.009120,-0.010092,12.359,23.578
13.222656,2,45,2836.90,7.8941,0.37728,112.08,49.894,6.668,332.70,28.242,26.980,0.057504,0.024359,0.004659,12.483,23.578
13.226563,2,45,2840.81,7.8677,0.38084,113.29,49.865,6.746,336.39,28.244,26.981,0.051858,0.007813,-0.010665,12.301,23.578
13.230469,2,45,2847.27,8.0745,0.37851,112.86,49.862,6.832,340.68,28.246,26.982,-0.045589,0.001850,-0.028042,12.483,23.578
13.234375,2,45,2841.87,7.9907,0.39114,116.40,49.853,6.708,334.41,28.247,26.983,-0.045134,-0.002159,-0.028305,12.262,23.579
13.238281,2,45,2837.06,7.9895,0.39515,117.40,49.872,6.706,334.45,28.249,26.984,-0.006104,0.021151,0.001665,12.274,23.579
13.242188,2,45,2840.23,7.9990,0.37927,112.81,49.821,6.756,336.61,28.251,26.985,-0.046085,0.001433,-0.026289,12.381,23.579
13.246094,2,45,2844.76,7.8953,0.37827,112.69,49.828,6.796,338.62,28.253,26.987,0.024804,0.043202,0.025398,12.245,23.579
13.250000,2,45,2835.80,7.9057,0.37416,111.11,49.836,6.573,327.56,28.254,26.988,0.048122,0.008335,-0.013803,12.217,23.579
13.253906,2,45,2838.56,8.0216,0.37355,111.04,49.850,6.795,338.76,28.256,26.989,0.030391,0.044144,0.024525,12.380,23.579
13.257813,2,45,2843.15,8.0360,0.39065,116.31,49.833,6.839,340.81,28.258,26.990,0.052157,0.007411,-0.011261,12.468,23.579
13.261719,2,45,2837.65,7.8662,0.39102,116.20,49.865,6.599,329.05,28.260,26.991,0.056920,0.021590,-0.002287,12.321,23.579
13.265625,2,45,2828.13,7.9063,0.39015,115.55,49.829,6.617,329.70,28.261,26.992,0.036513,0.001536,-0.021668,12.375,23.579
13.269531,2,45,2837.98,7.9289,0.37259,110.73,49.851,6.636,330.81,28.263,26.994,-0.029036,-0.037676,0.018216,12.368,23.579
13.273438,2,45,2840.18,7.9775,0.38883,115.65,49.830,6.767,337.19,28.265,26.995,0.025097,0.000346,-0.028866,12.400,23.579
13.277344,2,45,2836.45,7.8397,0.37932,112.67,49.858,6.672,332.68,28.266,26.996,-0.035394,-0.030522,0.009155,12.403,23.579
13.281250,2,45,2828.52,7.8531,0.37321,110.55,49.860,6.563,327.23,28.268,26.997,0.051564,0.048698,0.025222,12.247,23.579
13.285156,2,45,2826.94,7.9098,0.37809,111.93,49.873,6.660,332.13,28.270,26.998,-0.018092,0.013372,-0.005775,12.281,23.579
13.289063,2,45,2841.73,7.9677,0.38419,114.33,49.841,6.792,338.50,28.272,26.999,0.001783,-0.005122,-0.018356,12.349,23.579
13.292969,2,45,2838.36,7.9134,0.38913,115.66,49.834,6.839,340.83,28.273,27.001,-0.048432,-0.000994,-0.027542,12.416,23.579
13.296875,2,45,2837.15,8.0165,0.38798,115.27,49.835,6.604,329.14,28.275,27.002,-0.047180,-0.008325,-0.014242,12.228,23.579
13.300781,2,45,2838.73,7.9340,0.37252,110.74,49.824,6.878,342.68,28.277,27.003,0.035870,-0.002340,-0.025054,12.327,23.579
13.304688,2,45,2839.28,7.9455,0.38380,114.12,49.853,6.718,334.92,28.279,27.004,-0.022410,-0.052606,0.025061,12.243,23.579
13.308594,2,45,2838.45,7.8888,0.38238,113.66,49.863,6.710,334.57,28.280,27.005,-0.017842,-0.053902,0.025103,12.361,23.579
13.312500,2,45,2842.32,7.9974,0.39111,116.41,49.845,6.724,335.15,28.282,27.006,-0.026111,-0.042590,0.021876,12.417,23.579
13.316406,2,45,2832.63,7.9191,0.38716,114.84,49.852,6.829,340.45,28.284,27.008,-0.035985,-0.029522,0.010995,12.320,23.579
13.320313,2,45,2838.55,7.8476,0.38521,114.50,49.853,6.662,332.13,28.286,27.009,0.059170,0.030784,0.008980,12.311,23.579
13.324219,2,45,2835.38,7.9454,0.38385,113.97,49.851,6.761,337.03,28.287,27.010,-0.029210,-0.036653,0.016851,12.280,23.579
13.328125,2,45,2836.41,7.9596,0.38460,114.24,49.841,6.726,335.22,28.289,27.011,0.039279,0.050993,0.026928,12.282,23.579
13.332031,2,45,2840.50,7.9450,0.37048,110.20,49.860,6.867,342.38,28.291,27.012,0.060605,0.033525,0.012149,12.330,23.579
13.335938,2,45,2839.78,7.9940,0.37973,112.93,49.838,6.754,336.61,28.293,27.014,0.058731,0.024452,0.007398,12.367,23.579
13.339844,2,45,2842.11,8.1016,0.37524,111.68,49.846,6.762,337.06,28.294,27.015,-0.038335,0.003342,-0.016581,12.396,23.579
13.343750,2,45,2840.67,8.0093,0.38922,115.78,49.827,6.800,338.81,28.296,27.016,-0.047346,-0.002796,-0.015636,12.371,23.579
13.347656,2,45,2841.31,8.0225,0.38268,113.86,49.844,6.733,335.62,28.298,27.017,0.044737,0.050397,0.025912,12.391,23.579
13.351563,2,45,2825.93,7.8974,0.39332,116.40,49.861,6.688,333.49,28.300,27.018,-0.044727,0.002296,-0.026391,12.265,23.579
13.355469,2,45,2827.57,7.9214,0.37963,112.41,49.836,6.698,333.83,28.301,27.019,0.003086,-0.006645,-0.018983,12.353,23.579
13.359375,2,45,2830.47,7.8957,0.38443,113.95,49.844,6.705,334.22,28.303,27.020,0.055837,0.014541,-0.005762,12.321,23.579
13.363281,2,45,2830.93,7.8782,0.38283,113.49,49.862,6.712,334.68,28.305,27.022,-0.012388,-0.036144,0.014232,12.404,23.579
13.367188,2,45,2836.10,7.9262,0.38462,114.23,49.854,6.683,333.20,28.306,27.023,-0.048495,0.003911,-0.028325,12.432,23.579
13.371094,2,45,2831.50,7.8636,0.38797,115.04,49.829,6.792,338.46,28.308,27.024,0.014745,0.035643,0.014229,12.394,23.580
13.375000,2,45,2839.06,7.9186,0.37574,111.71,49.850,6.762,337.06,28.310,27.025,-0.040115,0.002167,-0.023295,12.331,23.580
13.378906,2,45,2832.30,7.9502,0.38543,114.32,49.836,6.804,339.10,28.312,27.026,-0.018482,-0.050418,0.022928,12.320,23.580
13.382813,2,45,2826.74,7.9719,0.38196,113.07,49.848,6.675,332.75,28.313,27.027,-0.009581,-0.030089,0.014083,12.352,23.580
13.386719,2,45,2844.66,7.9792,0.38751,115.44,49.839,6.768,337.29,28.315,27.029,-0.031757,-0.028194,0.008210,12.380,23.580
13.390625,2,45,2841.18,7.9664,0.38511,114.58,49.844,6.793,338.57,28.317,27.030,0.047594,0.050981,0.026270,12.362,23.580
13.394531,2,45,2833.26,7.9455,0.38703,114.83,49.863,6.806,339.36,28.319,27.031,-0.015852,-0.035612,0.015889,12.375,23.580
13.398438,2,45,2835.55,7.8985,0.37573,111.57,49.832,6.778,337.78,28.320,27.032,0.058188,0.021746,-0.000347,12.308,23.580
13.402344,2,45,2827.54,7.9939,0.37894,112.20,49.874,6.676,332.94,28.322,27.033,-0.020372,-0.052744,0.025781,12.269,23.580
13.406250,2,45,2835.75,7.8565,0.38359,113.91,49.833,6.658,331.77,28.324,27.034,-0.022922,-0.046447,0.024132,12.427,23.580
13.410156,2,45,2839.86,7.9496,0.37799,112.41,49.858,6.632,330.64,28.325,27.035,-0.039804,-0.013990,-0.005604,12.366,23.580
13.414063,2,45,2832.59,7.9499,0.38574,114.42,49.840,6.787,338.27,28.327,27.037,0.037153,0.002360,-0.021384,12.450,23.580
13.417969,2,45,2829.28,7.9727,0.39235,116.25,49.861,6.713,334.72,28.329,27.038,-0.040763,-0.010716,-0.006167,12.311,23.580
13.421875,2,45,2830.51,7.8848,0.38400,113.82,49.813,6.725,334.97,28.330,27.039,0.057612,0.027191,0.009618,12.473,23.580
13.425781,2,45,2842.87,7.9735,0.38415,114.36,49.838,6.713,334.58,28.332,27.040,0.058056,0.045873,0.022859,12.407,23.580
13.429688,2,45,2834.77,7.9503,0.38342,113.82,49.857,6.740,336.04,28.334,27.041,-0.012496,-0.037137,0.014643,12.286,23.580
13.433594,2,45,2845.32,8.0260,0.38151,113.68,49.840,6.922,345.01,28.336,27.042,0.038025,0.050606,0.022145,12.423,23.580
13.437500,2,45,2832.61,7.9419,0.38263,113.50,49.859,6.655,331.80,28.337,27.044,0.005782,-0.002518,-0.021073,12.281,23.580
13.441406,2,45,2828.85,7.9413,0.38025,112.64,49.829,6.763,337.00,28.339,27.045,-0.042162,-0.010440,-0.008048,12.213,23.580
13.445313,2,45,2845.60,8.0285,0.37909,112.96,49.863,6.782,338.15,28.341,27.046,-0.030724,-0.029287,0.013438,12.428,23.580
13.449219,2,45,2833.26,7.9753,0.38058,112.92,49.869,6.566,327.46,28.342,27.047,0.049870,0.051154,0.029300,12.440,23.580
13.453125,2,45,2835.34,7.9593,0.38659,114.78,49.856,6.616,329.86,28.344,27.048,-0.043893,-0.006670,-0.010022,12.367,23.580
13.457031,2,45,2846.63,7.9506,0.38322,114.24,49.831,6.801,338.88,28.346,27.049,-0.006642,-0.016291,-0.001566,12.280,23.580
13.460938,2,45,2843.00,8.0895,0.38234,113.83,49.846,6.698,333.85,28.347,27.050,-0.048126,0.001922,-0.027683,12.359,23.580
13.464844,2,45,2838.40,8.0432,0.38595,114.72,49.852,6.642,331.10,28.349,27.051,0.000246,0.021853,0.009358,12.384,23.580
13.468750,2,45,2843.29,7.8702,0.39502,117.62,49.864,6.752,336.70,28.351,27.053,0.042103,0.001324,-0.017330,12.391,23.580
13.472656,2,45,2842.35,7.9805,0.38404,114.31,49.817,6.716,334.58,28.352,27.054,0.049369,0.006983,-0.009939,12.390,23.580
13.476563,2,45,2834.18,7.8680,0.38327,113.75,49.862,6.545,326.33,28.354,27.055,-0.017756,-0.051755,0.025781,12.262,23.580
13.480469,2,45,2832.85,7.9274,0.36760,109.05,49.846,6.715,334.72,28.356,27.056,-0.009202,-0.023621,0.005413,12.201,23.580
13.484375,2,45,2835.27,7.9973,0.37279,110.68,49.860,6.821,340.09,28.358,27.057,0.057846,0.020463,0.000643,12.257,23.580
13.488281,2,45,2836.55,7.9781,0.38236,113.58,49.879,6.678,333.09,28.359,27.058,-0.027246,-0.030256,0.012148,12.247,23.580
13.492188,2,45,2843.24,7.9473,0.39464,117.50,49.838,6.754,336.60,28.361,27.059,0.010215,0.000988,-0.025063,12.445,23.580
13.496094,2,45,2829.32,7.8908,0.38973,115.47,49.841,6.746,336.24,28.363,27.060,0.000528,-0.009070,-0.013269,12.283,23.580
13.500000,2,45,2837.10,8.0287,0.38987,115.83,49.854,6.672,332.64,28.364,27.061,0.013905,-0.002463,-0.023906,12.366,23.580
13.503906,2,45,2846.29,8.0253,0.38843,115.78,49.845,6.756,336.74,28.366,27.063,-0.018675,-0.051729,0.026477,12.308,23.580
13.507813,2,45,2840.30,7.9936,0.38380,114.16,49.852,6.677,332.88,28.368,27.064,-0.005840,-0.012717,-0.004721,12.315,23.581
13.511719,2,45,2832.96,7.9748,0.39096,115.98,49.862,6.672,332.68,28.369,27.065,-0.001871,0.022935,0.002425,12.337,23.581
13.515625,2,45,2847.48,7.9399,0.39055,116.46,49.855,6.739,335.97,28.371,27.066,-0.006013,-0.010858,-0.011760,12.464,23.581
13.519531,2,45,2840.07,7.9273,0.38104,113.33,49.830,6.859,341.78,28.373,27.067,-0.019063,0.013427,-0.004893,12.388,23.581
13.523438,2,45,2837.04,7.9763,0.37175,110.44,49.868,6.679,333.06,28.374,27.068,-0.007551,-0.013882,-0.002558,12.334,23.581
13.527344,2,45,2845.02,8.0605,0.37354,111.29,49.834,6.866,342.13,28.376,27.069,-0.005374,-0.011100,-0.009981,12.433,23.581
13.531250,2,45,2833.57,7.9858,0.37075,110.01,49.857,6.839,340.95,28.378,27.071,0.024030,0.044256,0.022624,12.444,23.581
13.535156,2,45,2838.14,7.8550,0.38710,115.05,49.872,6.625,330.42,28.380,27.072,0.046812,0.006782,-0.012522,12.360,23.581
13.539063,2,45,2834.80,7.9268,0.38827,115.26,49.872,6.574,327.85,28.381,27.073,-0.030344,-0.027760,0.008378,12.182,23.581
13.542969,2,45,2826.93,7.8943,0.38102,112.80,49.867,6.720,335.09,28.383,27.074,0.047840,0.049082,0.026647,12.245,23.581
13.546875,2,45,2832.18,7.9807,0.38243,113.42,49.869,6.729,335.57,28.384,27.075,-0.004583,-0.015667,-0.000052,12.210,23.581
13.550781,2,45,2833.97,7.9692,0.38480,114.20,49.839,6.791,338.43,28.386,27.076,0.031640,0.048497,0.026182,12.357,23.581
13.554688,2,45,2843.49,7.9497,0.38570,114.85,49.850,6.748,336.42,28.388,27.077,0.006775,-0.001793,-0.019546,12.450,23.581
13.558594,2,45,2836.67,7.8894,0.37909,112.61,49.819,6.762,336.89,28.390,27.078,0.022719,0.041095,0.020537,12.329,23.581
13.562500,2,45,2840.78,7.8615,0.38308,113.96,49.856,6.671,332.56,28.391,27.079,0.058747,0.045178,0.022439,12.311,23.581
13.566406,2,45,2841.39,8.0007,0.38866,115.65,49.846,6.753,336.60,28.393,27.081,-0.006698,-0.018125,0.000624,12.390,23.581
13.570313,2,45,2830.65,7.9716,0.37648,111.60,49.841,6.750,336.43,28.395,27.082,0.057834,0.017856,-0.004889,12.217,23.581
13.574219,2,45,2842.83,8.0915,0.37925,112.90,49.829,6.796,338.66,28.396,27.083,0.059240,0.038768,0.017041,12.337,23.581
13.578125,2,45,2827.91,8.0020,0.37637,111.46,49.846,6.759,336.91,28.398,27.084,-0.006572,0.022521,0.001898,12.320,23.581
13.582031,2,45,2836.72,7.9731,0.38525,114.44,49.842,6.717,334.80,28.400,27.085,0.058367,0.039487,0.019510,12.368,23.581
13.585938,2,45,2838.25,7.8588,0.38123,113.31,49.837,6.818,339.78,28.401,27.086,-0.035786,-0.027811,0.008074,12.263,23.581
13.589844,2,45,2834.83,7.8878,0.37953,112.67,49.852,6.691,333.56,28.403,27.087,0.045714,0.052548,0.025148,12.278,23.581
13.593750,2,45,2828.18,7.9493,0.37802,111.96,49.848,6.859,341.89,28.405,27.089,-0.047909,-0.002887,-0.017531,12.396,23.581
13.597656,2,45,2842.67,7.9954,0.39131,116.49,49.838,6.696,333.73,28.406,27.090,0.050640,0.009801,-0.011779,12.360,23.581
13.601563,2,45,2836.01,7.9297,0.37967,112.76,49.869,6.614,329.82,28.408,27.091,-0.029448,0.006244,-0.019117,12.355,23.581
13.605469,2,45,2839.43,7.9836,0.37929,112.78,49.835,6.768,337.30,28.410,27.092,-0.041839,0.002569,-0.027205,12.338,23.581
13.609375,2,45,2841.07,7.9183,0.38739,115.26,49.855,6.742,336.15,28.411,27.093,-0.002307,-0.003439,-0.010786,12.307,23.581
13.613281,2,45,2840.32,7.9207,0.38628,114.90,49.876,6.691,333.74,28.413,27.094,-0.004685,-0.010782,-0.006586,12.373,23.581
13.617188,2,45,2832.92,7.9078,0.38766,115.00,49.854,6.773,337.66,28.415,27.095,-0.017970,0.015580,-0.005988,12.426,23.581
13.621094,2,45,2830.81,7.8857,0.38207,113.26,49.874,6.642,331.24,28.416,27.096,-0.027411,-0.039910,0.016833,12.220,23.581
13.625000,2,45,2836.41,7.8937,0.37919,112.63,49.847,6.655,331.74,28.418,27.097,0.051435,0.048816,0.026904,12.395,23.581
13.628906,2,45,2835.89,7.8674,0.38359,113.92,49.853,6.796,338.80,28.420,27.098,0.060434,0.031217,0.010970,12.297,23.581
13.632813,2,45,2836.72,7.9090,0.37917,112.64,49.860,6.747,336.39,28.421,27.099,-0.015799,-0.047533,0.024333,12.257,23.581
13.636719,2,45,2830.47,7.9440,0.37792,112.02,49.839,6.913,344.53,28.423,27.101,0.028281,-0.002199,-0.027955,12.408,23.581
13.640625,2,45,2837.07,7.9951,0.38414,114.13,49.849,6.756,336.80,28.425,27.102,0.008760,0.029157,0.014002,12.217,23.581
13.644531,2,45,2830.99,7.9937,0.38600,114.43,49.853,6.673,332.66,28.426,27.103,-0.048739,-0.000300,-0.021925,12.378,23.581
13.648438,2,45,2831.23,7.8166,0.37477,111.11,49.868,6.786,338.38,28.428,27.104,0.026307,0.045717,0.024675,12.252,23.582
13.652344,2,45,2844.94,7.9865,0.38150,113.66,49.833,6.728,335.30,28.430,27.105,0.021157,-0.000499,-0.027897,12.374,23.582
13.656250,2,45,2839.25,8.0600,0.37890,112.66,49.815,6.750,336.25,28.431,27.106,0.050512,0.009935,-0.009002,12.425,23.582
13.660156,2,45,2847.54,8.0320,0.39094,116.58,49.844,6.768,337.32,28.433,27.107,0.031806,0.001044,-0.023997,12.402,23.582
13.664063,2,45,2841.86,7.9594,0.38932,115.86,49.853,6.724,335.20,28.435,27.108,0.058425,0.023852,0.005824,12.386,23.582
13.667969,2,45,2824.92,7.8310,0.38105,112.73,49.848,6.739,335.91,28.436,27.109,-0.013037,-0.039919,0.018227,12.151,23.582
13.671875,2,45,2840.62,7.9978,0.38147,113.47,49.842,6.664,332.15,28.438,27.111,0.036151,-0.001323,-0.020399,12.277,23.582
13.675781,2,45,2833.08,8.0098,0.39568,117.39,49.860,6.681,333.11,28.440,27.112,-0.043524,-0.003872,-0.011223,12.427,23.582
13.679688,2,45,2834.84,7.8769,0.39685,117.81,49.844,6.775,337.71,28.441,27.113,0.016089,-0.001707,-0.028753,12.317,23.582
13.683594,2,45,2836.67,7.8902,0.38752,115.11,49.863,6.671,332.66,28.443,27.114,-0.024286,0.012345,-0.006617,12.306,23.582
13.687500,2,45,2838.52,7.9551,0.38866,115.53,49.865,6.817,339.95,28.445,27.115,-0.015480,-0.045292,0.022317,12.199,23.582
13.691406,2,45,2833.71,8.0414,0.38981,115.67,49.852,6.754,336.68,28.446,27.116,-0.024499,-0.045458,0.022236,12.351,23.582
13.695313,2,45,2834.79,7.9329,0.38465,114.19,49.860,6.663,332.21,28.448,27.117,0.034965,0.050206,0.027548,12.262,23.582
13.699219,2,45,2834.62,7.9063,0.38461,114.17,49.838,6.663,332.05,28.449,27.118,0.057717,0.019223,-0.000363,12.279,23.582
13.703125,2,45,2840.77,7.9933,0.37751,112.30,49.878,6.768,337.57,28.451,27.119,-0.050239,-0.000204,-0.026508,12.397,23.582
13.707031,2,45,2838.45,7.9415,0.38372,114.06,49.819,6.700,333.78,28.453,27.120,-0.008407,-0.013021,-0.003006,12.373,23.582
13.710938,2,45,2838.26,7.9948,0.37905,112.66,49.856,6.666,332.32,28.454,27.121,-0.021235,-0.052409,0.026067,12.318,23.582
13.714844,2,45,2840.74,8.1157,0.38190,113.61,49.830,6.771,337.38,28.456,27.122,0.020367,0.001235,-0.029083,12.325,23.582
13.718750,2,45,2849.95,8.0872,0.39301,117.29,49.830,6.782,337.95,28.458,27.124,-0.022135,-0.044711,0.021160,12.370,23.582
13.722656,2,45,2833.38,7.9390,0.39662,117.68,49.862,6.765,337.30,28.459,27.125,0.023244,0.043111,0.020980,12.336,23.582
13.726563,2,45,2827.62,7.7639,0.37463,110.93,49.822,6.813,339.43,28.461,27.126,-0.033243,0.003324,-0.017294,12.260,23.582
13.730469,2,45,2835.21,8.0072,0.38552,114.46,49.834,6.612,329.48,28.463,27.127,-0.049828,0.003066,-0.027028,12.394,23.582
13.734375,2,45,2833.92,7.9043,0.38057,112.94,49.865,6.698,334.02,28.464,27.128,-0.035961,-0.018091,0.000514,12.376,23.582
13.738281,2,45,2842.79,7.9061,0.38603,114.92,49.834,6.783,338.02,28.466,27.129,-0.025356,0.008838,-0.011214,12.310,23.582
13.742188,2,45,2835.31,7.9934,0.38228,113.50,49.856,6.782,338.12,28.468,27.130,0.001681,-0.004805,-0.018358,12.245,23.582
13.746094,2,45,2836.15,7.9534,0.37608,111.70,49.836,6.688,333.29,28.469,27.131,-0.049744,0.000563,-0.017114,12.401,23.582
13.750000,2,45,2833.00,7.9263,0.38725,114.89,49.877,6.627,330.51,28.471,27.132,0.048292,0.010260,-0.010554,12.351,23.582
13.753906,2,45,2838.66,7.9378,0.38459,114.33,49.835,6.720,334.88,28.472,27.133,-0.040977,-0.015731,-0.002384,12.265,23.582
13.757813,2,45,2828.99,7.9596,0.39594,117.30,49.859,6.689,333.50,28.474,27.134,-0.034052,-0.028729,0.008757,12.322,23.582
13.761719,2,45,2827.67,7.8387,0.38343,113.54,49.870,6.644,331.32,28.476,27.135,-0.014922,-0.051889,0.024643,12.273,23.582
13.765625,2,45,2840.33,7.8355,0.37853,112.59,49.822,6.766,337.09,28.477,27.136,-0.029136,-0.034691,0.017116,12.461,23.582
13.769531,2,45,2832.02,7.9009,0.39268,116.46,49.860,6.858,341.94,28.479,27.138,-0.021777,0.011761,-0.009569,12.282,23.582
13.773438,2,45,2830.87,7.9225,0.37890,112.32,49.830,6.748,336.26,28.481,27.139,-0.048819,0.000080,-0.025197,12.362,23.582
13.777344,2,45,2831.10,7.9433,0.37672,111.69,49.835,6.810,339.38,28.482,27.140,0.047606,0.052884,0.027002,12.389,23.582
13.781250,2,45,2844.98,8.0542,0.38829,115.68,49.833,6.852,341.44,28.484,27.141,-0.006730,-0.021116,0.000285,12.387,23.582
13.785156,2,45,2839.39,8.0134,0.38745,115.20,49.818,6.835,340.49,28.486,27.142,0.014503,-0.002539,-0.025780,12.390,23.582
13.789063,2,45,2834.02,7.8942,0.37726,111.96,49.840,6.717,334.79,28.487,27.143,0.027942,-0.003503,-0.028300,12.411,23.582
13.792969,2,45,2831.90,7.8207,0.38955,115.52,49.861,6.630,330.59,28.489,27.144,0.015854,0.037663,0.016624,12.414,23.583
13.796875,2,45,2835.04,7.9096,0.38897,115.48,49.841,6.742,336.02,28.491,27.145,-0.028358,0.004222,-0.013760,12.228,23.583
13.800781,2,45,2834.60,7.9032,0.37910,112.53,49.864,6.623,330.25,28.492,27.146,0.010283,0.035061,0.014466,12.259,23.583
13.804688,2,45,2840.05,8.0097,0.38358,114.08,49.880,6.705,334.47,28.494,27.147,-0.003272,-0.015693,-0.007396,12.480,23.583
13.808594,2,45,2832.50,7.9196,0.38020,112.77,49.845,6.697,333.82,28.495,27.148,-0.040830,0.003998,-0.022187,12.304,23.583
13.812500,2,45,2829.16,7.8103,0.39474,116.95,49.837,6.633,330.59,28.497,27.149,0.032598,-0.002576,-0.025021,12.158,23.583
13.816406,2,45,2839.76,7.9061,0.38962,115.87,49.838,6.778,337.81,28.499,27.150,-0.026143,0.007911,-0.010036,12.335,23.583
13.820313,2,45,2834.59,7.9901,0.38040,112.92,49.840,6.650,331.45,28.500,27.151,-0.027186,0.009334,-0.012547,12.366,23.583
13.824219,2,45,2835.87,7.9513,0.38858,115.40,49.839,6.732,335.52,28.502,27.152,0.004348,-0.005775,-0.017566,12.486,23.583
13.828125,2,45,2837.77,7.8872,0.37862,112.51,49.838,6.601,328.97,28.503,27.153,0.018954,0.039673,0.019105,12.427,23.583
13.832031,2,45,2835.85,7.9620,0.38468,114.24,49.838,6.682,333.00,28.505,27.155,-0.044096,-0.000170,-0.017078,12.359,23.583
13.835938,2,45,2828.56,7.9185,0.38043,112.69,49.883,6.542,326.34,28.506,27.155,0.040244,0.002202,-0.020224,12.410,23.583
13.839844,2,45,2840.65,7.9969,0.38646,114.96,49.843,6.784,338.11,28.508,27.157,0.050215,0.008466,-0.011443,12.473,23.583
13.843750,2,45,2833.29,7.8998,0.38867,115.32,49.851,6.638,330.89,28.510,27.158,-0.040517,-0.009793,-0.008590,12.440,23.583
13.847656,2,45,2834.98,7.9365,0.39000,115.78,49.866,6.724,335.30,28.511,27.159,0.032301,0.000246,-0.025274,12.315,23.583
13.851563,2,45,2835.18,7.8686,0.37757,112.10,49.832,6.865,342.08,28.513,27.160,-0.013980,-0.041242,0.022185,12.332,23.583
13.855469,2,45,2836.96,7.9765,0.39216,116.50,49.814,6.837,340.60,28.515,27.161,0.056815,0.048162,0.022592,12.418,23.583
13.859375,2,45,2832.17,7.9264,0.38489,114.15,49.817,6.709,334.24,28.516,27.162,0.058074,0.021043,-0.001375,12.234,23.583
13.863281,2,45,2847.37,8.0134,0.39037,116.40,49.836,6.837,340.71,28.518,27.163,-0.033910,0.004278,-0.014419,12.368,23.583
13.867188,2,45,2836.98,7.8774,0.38835,115.38,49.853,6.691,333.57,28.519,27.164,-0.033112,-0.026174,0.006002,12.355,23.583
13.871094,2,45,2837.95,7.9704,0.37387,111.11,49.845,6.811,339.49,28.521,27.165,0.052419,0.053804,0.026232,12.348,23.583
13.875000,2,45,2829.40,7.8315,0.38388,113.74,49.829,6.786,338.13,28.523,27.166,0.028136,-0.000977,-0.028386,12.252,23.583
13.878906,2,45,2841.76,7.8688,0.38833,115.56,49.834,6.789,338.31,28.524,27.167,0.014559,-0.002002,-0.026524,12.425,23.583
13.882813,2,45,2836.59,7.9339,0.38181,113.42,49.843,6.851,341.46,28.526,27.168,0.020258,-0.005134,-0.025983,12.277,23.583
13.886719,2,45,2840.05,7.8628,0.38354,114.07,49.851,6.700,334.01,28.528,27.169,0.024734,-0.001922,-0.028111,12.350,23.583
13.890625,2,45,2846.38,8.0685,0.39267,117.04,49.871,6.759,337.10,28.529,27.171,-0.001654,0.024765,0.003822,12.441,23.583
13.894531,2,45,2841.74,8.0489,0.38805,115.48,49.853,6.785,338.27,28.531,27.172,0.045427,0.051527,0.025628,12.342,23.583
13.898438,2,45,2844.45,7.9640,0.37971,113.10,49.845,6.808,339.36,28.533,27.173,-0.036867,0.004337,-0.018887,12.268,23.583
13.902344,2,45,2845.49,7.9356,0.38409,114.45,49.810,6.819,339.68,28.534,27.174,0.024193,-0.005341,-0.028211,12.329,23.583
13.906250,2,45,2841.23,8.0251,0.38047,113.20,49.855,6.839,340.96,28.536,27.175,-0.010742,-0.039572,0.018394,12.345,23.583
13.910156,2,45,2834.96,7.9009,0.37498,111.32,49.866,6.683,333.25,28.537,27.176,0.049315,0.005323,-0.015655,12.303,23.583
13.914063,2,45,2833.80,7.9177,0.38846,115.28,49.859,6.730,335.55,28.539,27.177,0.060444,0.033355,0.011853,12.419,23.583
13.917969,2,45,2841.17,7.9465,0.38599,114.84,49.846,6.789,338.42,28.541,27.178,0.034719,0.049331,0.029051,12.340,23.583
13.921875,2,45,2837.88,7.9037,0.37278,110.78,49.852,6.830,340.49,28.542,27.179,-0.010757,-0.026172,0.006973,12.325,23.583
13.925781,2,45,2843.23,7.9322,0.39033,116.22,49.859,6.642,331.15,28.544,27.180,-0.030542,0.006023,-0.017610,12.240,23.583
13.929688,2,45,2832.75,7.8594,0.38660,114.68,49.843,6.742,336.05,28.545,27.181,-0.028774,-0.037902,0.014661,12.365,23.583
13.933594,2,45,2828.03,7.8226,0.38664,114.50,49.841,6.696,333.74,28.547,27.182,-0.043453,-0.009806,-0.014639,12.199,23.583
13.937500,2,45,2837.58,7.9477,0.37355,111.00,49.858,6.665,332.29,28.549,27.183,0.061063,0.040825,0.018199,12.326,23.583
13.941406,2,45,2836.26,7.8680,0.39013,115.87,49.847,6.775,337.71,28.550,27.184,0.023585,0.039051,0.019387,12.323,23.584
13.945313,2,45,2836.59,8.0087,0.37450,111.24,49.851,6.829,340.45,28.552,27.185,0.035911,-0.001726,-0.023994,12.242,23.584
13.949219,2,45,2843.30,8.0405,0.38900,115.83,49.859,6.651,331.59,28.553,27.186,0.027645,0.042233,0.023298,12.336,23.584
13.953125,2,45,2848.07,7.9672,0.39600,118.11,49.856,6.815,339.77,28.555,27.188,0.022393,-0.003677,-0.025853,12.410,23.584
13.957031,2,45,2839.32,7.9684,0.39005,115.98,49.855,6.711,334.58,28.557,27.189,-0.007233,-0.023929,0.007627,12.363,23.584
13.960938,2,45,2839.87,7.8735,0.38052,113.16,49.834,6.689,333.33,28.558,27.190,-0.048902,0.003295,-0.023900,12.393,23.584
13.964844,2,45,2833.41,7.9473,0.38462,114.12,49.818,6.883,342.92,28.560,27.191,-0.008921,-0.024138,0.004651,12.320,23.584
13.968750,2,45,2836.85,8.0501,0.38471,114.29,49.837,6.726,335.19,28.561,27.192,-0.008526,-0.018465,0.002161,12.398,23.584
13.972656,2,45,2835.41,7.9590,0.38253,113.58,49.847,6.719,334.91,28.563,27.193,0.029711,0.000588,-0.025516,12.349,23.584
13.976563,2,45,2843.57,8.1076,0.38147,113.59,49.843,6.651,331.51,28.565,27.194,0.001315,-0.006916,-0.015554,12.411,23.584
13.980469,2,45,2842.10,8.0221,0.37506,111.63,49.846,6.831,340.52,28.566,27.195,0.050278,0.008185,-0.009634,12.441,23.584
13.984375,2,45,2833.21,7.9216,0.37083,110.02,49.871,6.648,331.54,28.568,27.196,0.014959,-0.001866,-0.027664,12.289,23.584
13.988281,2,45,2843.32,7.9020,0.38628,115.01,49.848,6.644,331.21,28.569,27.197,-0.035760,0.005077,-0.022164,12.334,23.584
13.992188,2,45,2842.16,7.9744,0.39695,118.14,49.841,6.833,340.58,28.571,27.198,-0.051075,0.001767,-0.024943,12.461,23.584
13.996094,2,45,2833.51,7.8811,0.38613,114.57,49.848,6.712,334.58,28.573,27.199,-0.005556,0.026446,0.004489,12.287,23.584
14.000000,2,45,2836.29,7.8964,0.38463,114.24,49.831,6.888,343.22,28.574,27.200,-0.048905,0.001590,-0.027294,12.518,23.584
14.003906,2,45,2837.92,7.9559,0.38116,113.28,49.843,6.810,339.44,28.576,27.201,0.007318,-0.001379,-0.023182,12.394,23.584
14.007813,2,45,2838.85,7.8363,0.38564,114.65,49.851,6.844,341.15,28.577,27.202,-0.050589,0.001468,-0.020142,12.259,23.584
14.011719,2,45,2845.27,7.9789,0.38240,113.94,49.880,6.749,336.64,28.579,27.203,-0.008042,-0.018668,-0.001876,12.398,23.584
14.015625,2,45,2837.76,7.9356,0.38289,113.78,49.857,6.742,336.15,28.581,27.204,-0.036869,0.000707,-0.018401,12.373,23.584
14.019531,2,45,2833.37,7.8726,0.37819,112.21,49.852,6.749,336.43,28.582,27.205,0.027867,0.049081,0.025165,12.381,23.584
14.023438,2,45,2839.13,7.9727,0.38192,113.55,49.818,6.853,341.39,28.584,27.206,-0.016841,-0.052206,0.024686,12.444,23.584
14.027344,2,45,2839.00,8.0235,0.37560,111.67,49.862,6.678,332.98,28.585,27.207,-0.043568,-0.007191,-0.007859,12.297,23.584
14.031250,2,45,2838.91,7.8576,0.38254,113.72,49.866,6.757,336.97,28.587,27.208,-0.032734,0.002254,-0.018409,12.339,23.584
14.035156,2,45,2838.42,7.9482,0.38086,113.21,49.832,6.797,338.70,28.589,27.209,-0.006307,0.022477,0.002339,12.246,23.584
14.039063,2,45,2849.34,7.9929,0.37335,111.40,49.826,6.740,335.82,28.590,27.210,-0.037843,-0.020643,0.000082,12.401,23.584
14.042969,2,45,2837.90,7.9237,0.37646,111.88,49.846,6.718,334.85,28.592,27.212,0.055885,0.018045,-0.000608,12.330,23.584
14.046875,2,45,2840.22,8.0054,0.38041,113.14,49.867,6.760,337.10,28.593,27.213,-0.017509,0.011804,-0.004852,12.323,23.584
14.050781,2,45,2832.07,7.8929,0.37700,111.81,49.840,6.786,338.23,28.595,27.214,0.055299,0.012543,-0.004879,12.248,23.584
14.054688,2,45,2841.20,7.9741,0.38766,115.34,49.825,6.870,342.28,28.597,27.215,-0.013511,-0.044203,0.026075,12.383,23.584
14.058594,2,45,2833.29,7.9588,0.38155,113.21,49.850,6.654,331.69,28.598,27.216,-0.041282,0.004260,-0.024859,12.239,23.584
14.062500,2,45,2833.66,7.8899,0.37773,112.09,49.886,6.603,329.42,28.600,27.217,0.058209,0.040159,0.018195,12.113,23.584
14.066406,2,45,2845.56,8.0202,0.38321,114.19,49.839,6.683,333.07,28.601,27.218,0.053694,0.047577,0.023253,12.422,23.584
14.070313,2,45,2836.88,7.9531,0.38310,113.81,49.845,6.750,336.48,28.603,27.219,0.043531,0.005493,-0.017396,12.352,23.584
14.074219,2,45,2835.52,7.8754,0.38457,114.19,49.852,6.573,327.70,28.604,27.220,0.055140,0.045993,0.024017,12.440,23.584
14.078125,2,45,2839.97,7.9578,0.38440,114.32,49.831,6.806,339.16,28.606,27.221,0.012033,-0.000371,-0.024749,12.302,23.584
14.082031,2,45,2844.93,8.0456,0.38689,115.26,49.866,6.710,334.60,28.607,27.222,-0.040844,-0.017669,0.000144,12.300,23.584
14.085938,2,45,2843.08,7.9855,0.37637,112.06,49.841,6.866,342.21,28.609,27.223,-0.008438,-0.019540,0.000660,12.324,23.584
14.089844,2,45,2833.63,7.9669,0.37607,111.59,49.829,6.846,341.11,28.611,27.224,-0.004112,-0.010091,-0.011247,12.340,23.584
14.093750,2,45,2840.15,7.9611,0.39122,116.36,49.866,6.761,337.16,28.612,27.225,0.059527,0.041236,0.018682,12.375,23.584
14.097656,2,45,2834.75,7.8963,0.38549,114.44,49.853,6.736,335.78,28.614,27.226,0.038684,0.048882,0.025646,12.334,23.585
14.101563,2,45,2843.42,7.8787,0.38693,115.21,49.821,6.810,339.27,28.615,27.227,0.037656,-0.003545,-0.021815,12.309,23.585
14.105469,2,45,2828.54,7.8452,0.38961,115.40,49.882,6.649,331.66,28.617,27.228,-0.003685,0.020813,0.003483,12.290,23.585
14.109375,2,45,2837.24,7.8776,0.38756,115.15,49.850,6.805,339.24,28.619,27.229,0.056674,0.022103,0.003710,12.385,23.585
14.113281,2,45,2842.51,7.8776,0.37859,112.69,49.880,6.759,337.14,28.620,27.230,-0.020494,-0.048690,0.023054,12.453,23.585
14.117188,2,45,2832.35,7.8379,0.38633,114.59,49.838,6.651,331.48,28.622,27.231,-0.001234,-0.006775,-0.014014,12.420,23.585
14.121094,2,45,2840.49,8.0087,0.38944,115.84,49.844,6.844,341.16,28.623,27.232,-0.011071,-0.036363,0.018897,12.211,23.585
14.125000,2,45,2838.26,8.0433,0.38483,114.38,49.862,6.757,336.90,28.625,27.233,0.062904,0.029245,0.008441,12.370,23.585
14.128906,2,45,2839.15,7.9592,0.38309,113.90,49.858,6.637,330.93,28.626,27.234,-0.017989,-0.050768,0.025966,12.187,23.585
14.132813,2,45,2839.42,7.9388,0.37744,112.23,49.824,6.713,334.47,28.628,27.235,-0.046962,0.003627,-0.027551,12.476,23.585
14.136719,2,45,2840.50,7.9732,0.39331,116.99,49.826,6.846,341.09,28.630,27.236,0.042730,0.004864,-0.020134,12.336,23.585
14.140625,2,45,2830.90,7.8747,0.38425,113.91,49.877,6.679,333.15,28.631,27.237,0.059891,0.025888,0.011065,12.291,23.585
14.144531,2,45,2837.92,7.9884,0.37273,110.77,49.854,6.688,333.43,28.633,27.238,0.016735,0.042166,0.021128,12.386,23.585
14.148438,2,45,2840.51,7.9089,0.37577,111.78,49.871,6.757,336.96,28.634,27.239,-0.050597,0.002707,-0.028328,12.385,23.585
14.152344,2,45,2841.24,8.0046,0.38034,113.16,49.862,6.759,337.04,28.636,27.240,0.057809,0.031915,0.014139,12.401,23.585
14.156250,2,45,2835.77,8.0259,0.38795,115.21,49.875,6.689,333.60,28.637,27.241,0.040381,0.049753,0.027465,12.412,23.585
14.160156,2,45,2829.08,7.8820,0.38531,114.15,49.870,6.650,331.62,28.639,27.242,-0.031520,-0.029826,0.011478,12.298,23.585
14.164063,2,45,2846.82,7.9611,0.39027,116.35,49.852,6.637,330.87,28.640,27.243,0.032860,0.048946,0.023781,12.322,23.585
14.167969,2,45,2836.93,8.0030,0.38616,114.72,49.851,6.685,333.27,28.642,27.244,-0.035101,0.003626,-0.018683,12.396,23.585
14.171875,2,45,2833.29,7.8924,0.38757,114.99,49.857,6.699,333.99,28.643,27.245,0.057942,0.012944,-0.002325,12.344,23.585
14.175781,2,45,2832.50,7.9804,0.39036,115.79,49.860,6.681,333.14,28.645,27.246,0.051389,0.013367,-0.004693,12.151,23.585
14.179688,2,45,2827.34,7.8479,0.38792,114.86,49.874,6.607,329.51,28.646,27.247,0.057005,0.027242,0.008699,12.331,23.585
14.183594,2,45,2834.87,7.9610,0.37600,111.62,49.879,6.670,332.68,28.648,27.248,0.058421,0.040692,0.017183,12.277,23.585
14.187500,2,45,2833.89,7.8807,0.39044,115.87,49.862,6.830,340.54,28.649,27.249,0.050272,0.054585,0.027935,12.320,23.585
14.191406,2,45,2844.42,8.0844,0.38355,114.25,49.859,6.845,341.30,28.651,27.250,-0.049241,-0.001566,-0.020000,12.372,23.585
14.195313,2,45,2838.10,7.9577,0.38884,115.57,49.848,6.763,337.11,28.653,27.251,-0.010227,-0.020423,0.003324,12.282,23.585
14.199219,2,45,2828.75,7.8352,0.39042,115.65,49.838,6.761,336.94,28.654,27.252,-0.002568,-0.014448,-0.004231,12.276,23.585
14.203125,2,45,2830.76,7.9434,0.37954,112.51,49.862,6.709,334.55,28.656,27.253,0.050340,0.050599,0.026932,12.347,23.585
14.207031,2,45,2835.84,7.9975,0.38292,113.72,49.870,6.579,328.11,28.657,27.254,-0.007398,-0.024034,0.009236,12.319,23.585
14.210938,2,45,2838.22,7.9656,0.37645,111.89,49.836,6.657,331.77,28.659,27.255,0.050481,0.009994,-0.009288,12.292,23.585
14.214844,2,45,2828.19,7.8199,0.38156,113.01,49.864,6.783,338.23,28.660,27.256,0.032262,0.045162,0.024321,12.305,23.585
14.218750,2,45,2835.67,7.9259,0.38337,113.84,49.870,6.727,335.48,28.662,27.257,0.010290,0.031057,0.015136,12.285,23.585
14.222656,2,45,2834.60,7.9373,0.37988,112.76,49.850,6.577,327.88,28.663,27.258,-0.025475,0.010287,-0.008826,12.327,23.585
14.226563,2,45,2841.33,7.9825,0.37973,112.98,49.839,6.702,334.03,28.665,27.259,-0.034769,-0.017477,0.001329,12.314,23.585
14.230469,2,45,2838.15,7.9916,0.37857,112.51,49.806,6.857,341.54,28.666,27.260,0.057629,0.041556,0.020313,12.391,23.585
14.234375,2,45,2846.96,8.0394,0.38377,114.41,49.840,6.799,338.88,28.668,27.261,-0.003202,-0.008461,-0.014907,12.453,23.585
14.238281,2,45,2835.53,7.9033,0.39621,117.65,49.861,6.573,327.75,28.669,27.262,-0.037304,0.004750,-0.020642,12.313,23.585
14.242188,2,45,2835.33,7.8676,0.38506,114.33,49.860,6.770,337.54,28.671,27.263,0.022195,0.040154,0.019791,12.346,23.585
14.246094,2,45,2834.63,7.8904,0.39386,116.91,49.845,6.754,336.63,28.672,27.264,0.029540,0.047452,0.026003,12.268,23.585
14.250000,2,45,2830.88,7.7686,0.38239,113.36,49.858,6.710,334.55,28.674,27.265,0.017082,-0.002260,-0.028748,12.316,23.585
14.253906,2,45,2843.60,7.9482,0.38346,114.19,49.830,6.729,335.30,28.675,27.265,-0.016510,-0.045834,0.022832,12.307,23.586
14.257813,2,45,2836.86,7.9646,0.38357,113.95,49.860,6.751,336.61,28.677,27.266,0.057039,0.046681,0.024332,12.348,23.586
14.261719,2,45,2840.18,7.9783,0.37922,112.79,49.854,6.839,340.96,28.679,27.268,0.051386,0.050037,0.024939,12.350,23.586
14.265625,2,45,2842.23,7.8998,0.38875,115.71,49.849,6.812,339.55,28.680,27.269,-0.047079,0.001429,-0.018961,12.341,23.586
14.269531,2,45,2837.75,7.9409,0.37395,111.13,49.860,6.680,333.09,28.682,27.270,-0.033769,0.000841,-0.020318,12.465,23.586
14.273438,2,45,2844.74,7.9871,0.38644,115.12,49.853,6.717,334.84,28.683,27.270,-0.044372,-0.008530,-0.012618,12.339,23.586
14.277344,2,45,2846.58,7.9696,0.38354,114.33,49.850,6.857,341.83,28.685,27.272,0.012318,0.000695,-0.024441,12.389,23.586
14.281250,2,45,2833.03,7.9204,0.39051,115.85,49.843,6.594,328.66,28.686,27.272,0.023618,-0.002509,-0.027838,12.321,23.586
14.285156,2,45,2829.36,7.9389,0.37919,112.35,49.819,6.887,343.09,28.688,27.273,-0.023529,-0.047124,0.020846,12.391,23.586
14.289063,2,45,2832.65,8.0021,0.38030,112.81,49.851,6.761,337.02,28.689,27.274,-0.020107,-0.050786,0.028544,12.201,23.586
14.292969,2,45,2835.87,7.8799,0.37655,111.82,49.829,6.818,339.75,28.691,27.276,-0.015463,-0.048009,0.025794,12.483,23.586
14.296875,2,45,2832.34,7.8058,0.38915,115.42,49.852,6.727,335.37,28.692,27.276,-0.037693,0.002197,-0.021811,12.414,23.586
14.300781,2,45,2841.60,7.9440,0.38147,113.51,49.836,6.816,339.68,28.694,27.278,0.036668,-0.003473,-0.025453,12.338,23.586
14.304688,2,45,2840.26,7.9280,0.37785,112.39,49.851,6.814,339.69,28.696,27.279,0.058262,0.036349,0.013827,12.360,23.586
14.308594,2,45,2829.91,7.8199,0.38035,112.72,49.841,6.656,331.74,28.697,27.279,-0.042809,0.000814,-0.024609,12.424,23.586
14.312500,2,45,2841.20,7.9968,0.38602,114.85,49.876,6.607,329.51,28.698,27.280,-0.046081,-0.007171,-0.012031,12.270,23.586
14.316406,2,45,2836.97,8.0089,0.38472,114.30,49.843,6.675,332.70,28.700,27.281,-0.024945,0.008520,-0.011117,12.357,23.586
14.320313,2,45,2829.97,7.8684,0.38729,114.77,49.874,6.651,331.72,28.701,27.282,-0.005391,-0.014296,-0.006537,12.286,23.586
14.324219,2,45,2824.20,7.8266,0.37080,109.66,49.853,6.667,332.39,28.703,27.283,0.050034,0.004902,-0.012993,12.236,23.586
14.328125,2,45,2835.60,7.9786,0.39830,118.27,49.841,6.695,333.66,28.704,27.284,0.060201,0.043286,0.019483,12.381,23.586
14.332031,2,45,2829.86,7.9019,0.37674,111.65,49.858,6.718,334.93,28.706,27.285,-0.006070,0.021163,0.003727,12.263,23.586
14.335938,2,45,2845.35,8.0154,0.38907,115.93,49.829,6.794,338.54,28.707,27.286,-0.047251,0.001794,-0.024884,12.390,23.586
14.339844,2,45,2839.33,7.8794,0.37961,112.87,49.852,6.770,337.52,28.709,27.287,-0.016483,-0.053913,0.026807,12.369,23.586
14.343750,2,45,2831.94,7.8895,0.38882,115.31,49.838,6.671,332.45,28.710,27.288,0.018092,0.039676,0.017085,12.364,23.586
14.347656,2,45,2827.58,7.8498,0.37454,110.90,49.831,6.829,340.30,28.712,27.289,0.062718,0.039696,0.015218,12.287,23.586
14.351563,2,45,2834.91,7.8391,0.38869,115.39,49.843,6.792,338.54,28.714,27.290,0.051618,0.051019,0.025339,12.351,23.586
14.355469,2,45,2832.73,7.9034,0.38267,113.52,49.882,6.566,327.53,28.715,27.291,-0.044921,-0.003765,-0.016418,12.291,23.586
14.359375,2,45,2845.10,8.0833,0.39749,118.43,49.839,6.729,335.39,28.716,27.292,-0.034836,0.004139,-0.016102,12.457,23.586
14.363281,2,45,2834.50,7.9325,0.38021,112.86,49.886,6.540,326.23,28.718,27.293,-0.014775,-0.051470,0.024324,12.327,23.586
14.367188,2,45,2842.25,8.0272,0.39111,116.41,49.839,6.733,335.58,28.719,27.294,-0.015614,-0.050227,0.026389,12.356,23.586
14.371094,2,45,2839.67,8.0632,0.38211,113.63,49.851,6.642,331.12,28.721,27.295,0.059304,0.036640,0.014047,12.321,23.586
14.375000,2,45,2837.53,7.9391,0.38693,114.97,49.872,6.770,337.62,28.722,27.296,-0.048501,-0.001474,-0.028018,12.224,23.586
14.378906,2,45,2835.53,7.9949,0.38959,115.68,49.815,6.817,339.57,28.724,27.297,-0.016815,-0.045610,0.022815,12.271,23.586
14.382813,2,45,2840.11,8.0513,0.39116,116.34,49.848,6.741,336.04,28.725,27.298,-0.049251,-0.000436,-0.028857,12.306,23.586
14.386719,2,45,2834.86,7.9427,0.38737,115.00,49.838,6.853,341.54,28.727,27.299,-0.043899,-0.006658,-0.015485,12.245,23.586
14.390625,2,45,2842.23,8.0588,0.37898,112.80,49.865,6.767,337.45,28.729,27.300,-0.036821,-0.024228,0.004163,12.362,23.586
14.394531,2,45,2836.16,7.8845,0.37391,111.05,49.836,6.703,334.04,28.730,27.301,-0.002340,-0.010730,-0.009068,12.290,23.586
14.398438,2,45,2840.31,7.9708,0.38679,115.05,49.837,6.728,335.29,28.732,27.301,-0.019547,-0.050764,0.025830,12.368,23.586
14.402344,2,45,2830.91,7.8588,0.37985,112.61,49.865,6.735,335.84,28.733,27.302,-0.010947,-0.040688,0.023373,12.302,23.586
14.406250,2,45,2837.69,7.8293,0.38425,114.19,49.834,6.815,339.61,28.735,27.303,0.017511,-0.001354,-0.028020,12.308,23.586
14.410156,2,45,2836.12,7.9579,0.38331,113.84,49.855,6.648,331.43,28.736,27.304,0.056351,0.038569,0.016880,12.365,23.586
14.414063,2,45,2840.86,7.9196,0.39201,116.62,49.856,6.719,335.00,28.738,27.305,-0.011656,-0.025793,0.005658,12.376,23.586
14.417969,2,45,2837.14,7.9447,0.37487,111.38,49.832,6.775,337.62,28.739,27.306,-0.046111,-0.002007,-0.019837,12.332,23.587
14.421875,2,45,2839.64,7.8664,0.38651,114.94,49.834,6.786,338.16,28.741,27.307,-0.017446,-0.049705,0.025532,12.461,23.587
14.425781,2,45,2836.73,8.0463,0.38550,114.52,49.876,6.643,331.32,28.742,27.308,0.029190,0.042939,0.024383,12.370,23.587
14.429688,2,45,2832.81,8.0233,0.38306,113.64,49.837,6.799,338.85,28.744,27.309,0.039818,-0.003410,-0.021074,12.488,23.587
14.433594,2,45,2832.23,7.8983,0.39340,116.68,49.836,6.694,333.60,28.745,27.310,0.020575,-0.001515,-0.026415,12.374,23.587
14.437500,2,45,2838.52,8.0637,0.38440,114.26,49.850,6.735,335.75,28.747,27.311,0.022618,0.041816,0.021971,12.369,23.587
14.441406,2,45,2838.96,7.9560,0.38639,114.87,49.839,6.709,334.39,28.748,27.312,0.026011,-0.000382,-0.024985,12.280,23.587
14.445313,2,45,2837.69,7.9860,0.38466,114.31,49.857,6.671,332.60,28.749,27.313,0.059035,0.022733,0.003687,12.276,23.587
14.449219,2,45,2843.63,7.8391,0.39266,116.93,49.829,6.793,338.47,28.751,27.314,-0.051257,0.000454,-0.026432,12.314,23.587
14.453125,2,45,2831.06,7.9679,0.38603,114.44,49.857,6.635,330.80,28.752,27.315,-0.006204,0.020653,0.002480,12.156,23.587
14.457031,2,45,2829.20,7.8321,0.38480,114.01,49.843,6.694,333.64,28.754,27.316,-0.035831,-0.019406,0.001753,12.245,23.587
14.460938,2,45,2830.05,7.8926,0.38481,114.04,49.816,6.858,341.63,28.755,27.317,0.047296,0.050817,0.027299,12.339,23.587
14.464844,2,45,2834.44,8.0114,0.39258,116.52,49.862,6.715,334.82,28.757,27.318,0.022613,-0.002068,-0.024837,12.392,23.587
14.468750,2,45,2835.36,8.0019,0.37776,112.16,49.863,6.635,330.85,28.758,27.319,-0.041083,-0.005865,-0.012744,12.408,23.587
14.472656,2,45,2828.54,7.8836,0.37946,112.40,49.825,6.685,333.06,28.760,27.319,0.035013,-0.001482,-0.020755,12.292,23.587
14.476563,2,45,2837.46,8.0305,0.38817,115.34,49.840,6.732,335.52,28.761,27.320,-0.021904,-0.045951,0.024713,12.205,23.587
14.480469,2,45,2831.42,7.8123,0.39030,115.72,49.811,6.717,334.57,28.763,27.321,0.017181,-0.001239,-0.026378,12.435,23.587
14.484375,2,45,2830.28,7.9626,0.39025,115.66,49.850,6.878,342.88,28.764,27.322,0.045654,0.004893,-0.013143,12.418,23.587
14.488281,2,45,2834.59,7.8954,0.38245,113.53,49.823,6.763,336.93,28.766,27.323,-0.008656,-0.024412,0.007423,12.412,23.587
14.492188,2,45,2831.10,7.9091,0.36959,109.57,49.849,6.649,331.44,28.767,27.324,-0.044728,0.004663,-0.027718,12.380,23.587
14.496094,2,45,2836.73,7.9671,0.38398,114.07,49.875,6.695,333.91,28.769,27.325,0.011188,-0.001213,-0.026405,12.396,23.587
14.500000,2,45,2842.46,7.9169,0.38539,114.72,49.848,6.679,332.92,28.770,27.326,-0.021739,0.014159,-0.007445,12.449,23.587
14.503906,2,45,2834.99,7.8621,0.37645,111.76,49.852,6.755,336.77,28.772,27.327,0.030533,-0.004026,-0.025274,12.357,23.587
14.507813,2,45,2837.04,7.9473,0.37902,112.60,49.806,6.852,341.24,28.773,27.328,0.009698,0.029653,0.012569,12.295,23.587
14.511719,2,45,2838.49,8.0357,0.37603,111.77,49.849,6.763,337.13,28.775,27.329,-0.011646,-0.043621,0.021341,12.268,23.587
14.515625,2,45,2836.97,8.0187,0.38786,115.23,49.817,6.766,337.08,28.776,27.330,0.018756,0.000224,-0.026084,12.417,23.587
14.519531,2,45,2833.63,7.8669,0.38851,115.29,49.863,6.720,335.10,28.778,27.331,-0.039954,-0.016330,-0.003086,12.311,23.587
14.523438,2,45,2835.76,7.9477,0.39327,116.78,49.843,6.841,340.99,28.779,27.332,-0.003757,-0.006892,-0.013948,12.336,23.587
14.527344,2,45,2827.49,7.8378,0.37912,112.26,49.844,6.699,333.93,28.781,27.333,-0.018915,-0.049257,0.025338,12.308,23.587
14.531250,2,45,2840.50,8.0118,0.39116,116.35,49.837,6.759,336.86,28.782,27.334,-0.020565,0.012024,-0.006884,12.391,23.587
14.535156,2,45,2839.55,8.0265,0.38390,114.16,49.851,6.777,337.82,28.784,27.335,-0.036700,-0.000491,-0.021229,12.421,23.587
14.539063,2,45,2849.41,8.0592,0.39461,117.75,49.854,6.841,341.03,28.785,27.336,-0.004923,-0.016973,0.001028,12.373,23.587
14.542969,2,45,2842.04,7.9702,0.38292,113.96,49.866,6.758,337.02,28.787,27.337,-0.046032,0.001516,-0.023927,12.416,23.587
14.546875,2,45,2835.50,8.0053,0.37955,112.70,49.854,6.729,335.46,28.788,27.338,-0.007235,-0.023759,0.002708,12.402,23.587
14.550781,2,45,2829.84,7.8749,0.37475,111.05,49.857,6.663,332.19,28.790,27.338,0.038406,0.002262,-0.020757,12.452,23.587
14.554688,2,45,2831.05,7.9493,0.37537,111.28,49.845,6.811,339.52,28.791,27.339,-0.045180,-0.005208,-0.017048,12.388,23.587
14.558594,2,45,2839.16,7.9740,0.38523,114.54,49.837,6.761,336.94,28.793,27.340,-0.033330,0.008110,-0.016458,12.190,23.587
14.562500,2,45,2838.60,8.0358,0.38823,115.40,49.838,6.875,342.64,28.794,27.341,-0.016042,0.016736,0.000610,12.385,23.587
14.566406,2,45,2830.96,7.8408,0.37041,109.81,49.833,6.803,339.02,28.796,27.342,0.034824,-0.003039,-0.022136,12.381,23.587
14.570313,2,45,2837.32,8.0175,0.38630,114.78,49.841,6.803,339.08,28.797,27.343,0.017594,0.040807,0.018754,12.284,23.587
14.574219,2,45,2838.98,8.0058,0.38818,115.40,49.829,6.843,341.00,28.799,27.344,-0.021339,-0.051431,0.026318,12.363,23.587
14.578125,2,45,2833.55,8.0248,0.38623,114.60,49.847,6.673,332.62,28.800,27.345,-0.006446,-0.019767,0.005010,12.210,23.587
14.582031,2,45,2842.31,7.9365,0.38070,113.31,49.838,6.774,337.58,28.802,27.346,-0.049591,0.000988,-0.024556,12.286,23.587
14.585938,2,45,2830.22,8.0293,0.37561,111.32,49.835,6.799,338.85,28.803,27.347,0.025198,0.045644,0.023160,12.197,23.588
14.589844,2,45,2841.85,7.9605,0.38580,114.81,49.878,6.598,329.11,28.805,27.348,0.029987,0.042894,0.021635,12.311,23.588
14.593750,2,45,2830.95,8.0227,0.38709,114.76,49.864,6.672,332.67,28.806,27.349,-0.017123,-0.050064,0.027665,12.292,23.588
14.597656,2,45,2835.39,8.0077,0.38292,113.70,49.863,6.691,333.63,28.807,27.350,-0.044762,0.001016,-0.026734,12.239,23.588
14.601563,2,45,2836.66,7.8538,0.38643,114.79,49.864,6.670,332.59,28.809,27.351,0.020586,-0.001310,-0.028180,12.377,23.588
14.605469,2,45,2829.31,7.9269,0.38367,113.67,49.857,6.625,330.30,28.810,27.352,-0.039443,-0.010598,-0.011591,12.363,23.588
14.609375,2,45,2833.97,7.9244,0.38354,113.82,49.831,6.704,334.08,28.812,27.352,0.030103,0.045912,0.021798,12.415,23.588
14.613281,2,45,2828.04,7.9413,0.39120,115.85,49.861,6.716,334.89,28.813,27.353,-0.049619,0.003454,-0.026355,12.339,23.588
14.617188,2,45,2837.19,8.0676,0.39005,115.89,49.842,6.845,341.16,28.815,27.354,0.055940,0.021364,0.001947,12.386,23.588
14.621094,2,45,2838.67,7.9642,0.37176,110.51,49.830,6.853,341.50,28.816,27.355,-0.047840,-0.006950,-0.015482,12.426,23.588
14.625000,2,45,2844.27,7.8889,0.38905,115.88,49.828,6.812,339.44,28.818,27.356,0.034023,-0.003451,-0.023404,12.299,23.588
14.628906,2,45,2842.57,8.0461,0.39519,117.64,49.857,6.817,339.89,28.819,27.357,0.042006,0.051438,0.025120,12.250,23.588
14.632813,2,45,2832.33,7.8971,0.38218,113.36,49.834,6.738,335.78,28.821,27.358,-0.048370,-0.004164,-0.014082,12.277,23.588
14.636719,2,45,2838.37,7.9514,0.38309,113.87,49.856,6.770,337.55,28.822,27.359,0.001945,-0.006103,-0.013188,12.355,23.588
14.640625,2,45,2837.57,7.8090,0.36879,109.59,49.859,6.690,333.54,28.824,27.360,0.003741,-0.005556,-0.014943,12.409,23.588
14.644531,2,45,2830.93,7.8997,0.38472,114.05,49.860,6.741,336.12,28.825,27.361,-0.006506,0.019547,0.002920,12.298,23.588
14.648438,2,45,2838.94,7.9862,0.38301,113.87,49.841,6.746,336.22,28.826,27.362,0.053537,0.052184,0.027153,12.384,23.588
14.652344,2,45,2827.59,7.8809,0.38158,112.99,49.843,6.667,332.29,28.828,27.363,-0.012006,-0.040729,0.017603,12.308,23.588
14.656250,2,45,2841.86,7.9723,0.37910,112.82,49.836,6.794,338.57,28.829,27.364,0.058993,0.025029,0.003722,12.356,23.588
14.660156,2,45,2834.52,7.8226,0.38655,114.74,49.858,6.800,339.02,28.831,27.365,-0.019252,-0.052090,0.028609,12.360,23.588
14.664063,2,45,2842.24,8.0306,0.38380,114.23,49.826,6.750,336.30,28.832,27.366,-0.027429,-0.038605,0.019615,12.370,23.588
14.667969,2,45,2841.21,7.8655,0.38522,114.62,49.872,6.830,340.63,28.834,27.367,-0.019839,-0.054298,0.027370,12.307,23.588
14.671875,2,45,2832.74,7.9307,0.37311,110.68,49.834,6.811,339.44,28.835,27.367,-0.035392,-0.020472,0.004708,12.321,23.588
14.675781,2,45,2826.57,7.8781,0.36282,107.40,49.836,6.673,332.57,28.837,27.368,0.007124,-0.003956,-0.023346,12.310,23.588
14.679688,2,45,2832.97,7.9464,0.38792,115.08,49.858,6.648,331.45,28.838,27.369,0.055740,0.048712,0.024922,12.217,23.588
14.683594,2,45,2841.13,7.9919,0.38347,114.09,49.843,6.747,336.27,28.840,27.370,0.028829,-0.000804,-0.025375,12.380,23.588
14.687500,2,45,2839.35,8.0189,0.37674,112.02,49.857,6.775,337.77,28.841,27.371,0.033627,0.046604,0.022042,12.341,23.588
14.691406,2,45,2835.02,7.8859,0.38676,114.82,49.842,6.688,333.33,28.842,27.372,0.062965,0.028624,0.010048,12.303,23.588
14.695313,2,45,2827.41,7.8835,0.37728,111.71,49.857,6.690,333.52,28.844,27.373,-0.011817,-0.035678,0.012474,12.445,23.588
14.699219,2,45,2830.08,7.9060,0.39512,117.10,49.835,6.860,341.87,28.845,27.374,0.020277,-0.005175,-0.026218,12.259,23.588
14.703125,2,45,2833.32,7.9441,0.37756,112.02,49.870,6.723,335.28,28.847,27.375,0.028815,0.000705,-0.024519,12.330,23.588
14.707031,2,45,2836.34,7.8070,0.39605,117.64,49.832,6.791,338.41,28.848,27.376,0.051241,0.011707,-0.009305,12.326,23.588
14.710938,2,45,2833.24,7.9041,0.37939,112.56,49.833,6.690,333.38,28.850,27.377,-0.029430,-0.036123,0.016317,12.224,23.588
14.714844,2,45,2842.30,7.8845,0.37444,111.45,49.844,6.729,335.41,28.851,27.377,0.039644,0.048412,0.029108,12.391,23.588
14.718750,2,45,2842.20,7.9853,0.39763,118.35,49.814,6.779,337.70,28.853,27.378,0.052959,0.008461,-0.009479,12.340,23.588
14.722656,2,45,2843.59,7.9649,0.38407,114.37,49.864,6.650,331.62,28.854,27.379,-0.043253,-0.004317,-0.016600,12.357,23.588
14.726563,2,45,2825.41,7.7866,0.37673,111.47,49.835,6.866,342.16,28.856,27.380,-0.009254,-0.027961,0.008006,12.408,23.588
14.730469,2,45,2831.16,7.9492,0.37809,112.10,49.829,6.848,341.21,28.857,27.381,0.043651,0.054008,0.025016,12.230,23.588
14.734375,2,45,2842.16,8.1147,0.39306,116.99,49.831,6.689,333.31,28.858,27.382,-0.006758,0.017772,0.001364,12.205,23.588
14.738281,2,45,2836.14,7.9518,0.38503,114.35,49.838,6.831,340.43,28.860,27.383,-0.032603,-0.034423,0.010070,12.374,23.588
14.742188,2,45,2834.02,7.9662,0.38687,114.82,49.834,6.746,336.17,28.861,27.384,0.022469,-0.004252,-0.030193,12.293,23.588
14.746094,2,45,2840.98,8.0003,0.38774,115.36,49.817,6.805,339.03,28.863,27.385,0.052165,0.010664,-0.004355,12.247,23.588
14.750000,2,45,2834.67,7.8802,0.37122,110.20,49.833,6.741,335.90,28.864,27.386,-0.046204,-0.001635,-0.024299,12.337,23.588
14.753906,2,45,2841.16,7.8636,0.37857,112.63,49.834,6.733,335.51,28.866,27.387,-0.021770,-0.042044,0.019979,12.396,23.588
14.757813,2,45,2833.50,8.0033,0.38266,113.55,49.832,6.716,334.66,28.867,27.388,-0.016073,0.014270,-0.003085,12.411,23.588
14.761719,2,45,2828.57,7.9105,0.37307,110.51,49.877,6.695,333.94,28.869,27.388,-0.029412,0.008123,-0.012879,12.419,23.589
14.765625,2,45,2844.85,8.0195,0.38750,115.44,49.828,6.825,340.10,28.870,27.389,0.049574,0.050723,0.025736,12.422,23.589
14.769531,2,45,2830.36,7.8634,0.38755,114.87,49.873,6.562,327.26,28.871,27.390,-0.038572,-0.014918,-0.004138,12.306,23.589
14.773438,2,45,2827.65,7.7671,0.37971,112.44,49.847,6.773,337.61,28.873,27.391,0.049945,0.008459,-0.010934,12.348,23.589
14.777344,2,45,2837.42,7.9000,0.38311,113.83,49.856,6.734,335.75,28.874,27.392,-0.045435,0.003392,-0.028177,12.337,23.589
14.781250,2,45,2838.16,7.9243,0.38896,115.60,49.841,6.772,337.51,28.876,27.393,0.060571,0.022446,0.003650,12.409,23.589
14.785156,2,45,2828.92,7.9099,0.37974,112.50,49.860,6.641,331.11,28.877,27.394,0.054471,0.051496,0.023013,12.218,23.589
14.789063,2,45,2828.91,7.9448,0.38025,112.65,49.838,6.650,331.43,28.878,27.395,0.035788,-0.000564,-0.024358,12.282,23.589
14.792969,2,45,2840.56,8.0057,0.38131,113.43,49.829,6.823,339.97,28.880,27.396,0.016427,-0.002921,-0.026162,12.421,23.589
14.796875,2,45,2834.21,7.9871,0.38125,113.16,49.823,6.795,338.57,28.881,27.396,-0.006373,0.019851,0.001349,12.416,23.589
14.800781,2,45,2843.88,8.0333,0.38518,114.71,49.867,6.735,335.86,28.883,27.397,-0.013244,-0.044526,0.023522,12.266,23.589
14.804688,2,45,2839.55,7.9241,0.38687,115.04,49.850,6.615,329.75,28.884,27.398,-0.027019,-0.041119,0.018238,12.300,23.589
14.808594,2,45,2838.91,7.9223,0.37702,112.08,49.866,6.678,333.02,28.886,27.399,-0.029756,-0.029701,0.011724,12.435,23.589
14.812500,2,45,2836.60,7.9463,0.37445,111.23,49.848,6.747,336.34,28.887,27.400,0.034427,-0.000861,-0.022823,12.309,23.589
14.816406,2,45,2843.39,7.9274,0.37564,111.85,49.862,6.698,333.97,28.888,27.401,0.060646,0.041783,0.016498,12.365,23.589
14.820313,2,45,2834.72,8.0021,0.37956,112.67,49.844,6.780,337.95,28.890,27.402,0.058610,0.026578,0.001752,12.455,23.589
14.824219,2,45,2840.56,8.0422,0.38903,115.72,49.851,6.691,333.54,28.891,27.403,-0.049915,0.000964,-0.027063,12.432,23.589
14.828125,2,45,2837.07,8.0054,0.38483,114.33,49.854,6.708,334.44,28.893,27.403,0.056032,0.045264,0.019352,12.411,23.589
14.832031,2,45,2839.94,7.9201,0.39845,118.50,49.851,6.668,332.40,28.894,27.404,0.029028,0.047656,0.022901,12.453,23.589
14.835938,2,45,2834.36,7.8633,0.38163,113.27,49.840,6.739,335.89,28.895,27.405,-0.047691,0.002307,-0.028685,12.472,23.589
14.839844,2,45,2831.94,7.9491,0.37712,111.84,49.819,6.785,338.00,28.897,27.406,-0.004090,-0.011970,-0.009095,12.310,23.589
14.843750,2,45,2844.55,8.0733,0.39306,117.09,49.848,6.883,343.12,28.898,27.407,-0.044416,-0.010450,-0.009623,12.381,23.589
14.847656,2,45,2838.21,7.9382,0.38080,113.18,49.842,6.783,338.06,28.900,27.408,0.018574,-0.002910,-0.023314,12.368,23.589
14.851563,2,45,2841.64,7.8723,0.39762,118.32,49.848,6.800,338.95,28.901,27.409,0.007133,-0.003162,-0.018216,12.345,23.589
14.855469,2,45,2833.53,8.0720,0.38136,113.16,49.832,6.690,333.39,28.903,27.410,-0.015380,-0.048106,0.025624,12.222,23.589
14.859375,2,45,2846.12,8.0049,0.38507,114.77,49.860,6.795,338.80,28.904,27.411,-0.042571,0.001133,-0.024995,12.431,23.589
14.863281,2,45,2828.89,7.7778,0.38582,114.29,49.864,6.726,335.40,28.906,27.412,-0.049663,0.001338,-0.021671,12.291,23.589
14.867188,2,45,2827.49,7.8468,0.39036,115.58,49.853,6.660,332.01,28.907,27.412,-0.018153,-0.044357,0.023656,12.430,23.589
14.871094,2,45,2837.15,7.9586,0.38170,113.40,49.831,6.771,337.39,28.908,27.413,0.059152,0.025308,0.003839,12.311,23.589
14.875000,2,45,2831.28,7.8656,0.39498,117.11,49.852,6.662,332.10,28.910,27.414,-0.026240,0.006365,-0.008791,12.229,23.589
14.878906,2,45,2841.06,8.0350,0.38322,114.01,49.844,6.760,336.92,28.911,27.415,-0.014027,-0.043841,0.023926,12.426,23.589
14.882813,2,45,2836.10,8.0415,0.37301,110.78,49.852,6.577,327.86,28.912,27.416,-0.010557,-0.029865,0.012115,12.178,23.589
14.886719,2,45,2841.13,7.8541,0.38553,114.70,49.841,6.704,334.15,28.914,27.417,-0.028149,0.008774,-0.011019,12.285,23.589
14.890625,2,45,2835.55,7.9611,0.39225,116.47,49.855,6.813,339.68,28.915,27.418,-0.041896,-0.012242,-0.006206,12.415,23.589
14.894531,2,45,2830.70,7.8222,0.38093,112.92,49.864,6.733,335.72,28.917,27.418,-0.038686,-0.016202,0.002599,12.429,23.589
14.898438,2,45,2823.42,7.8277,0.37746,111.60,49.876,6.730,335.65,28.918,27.419,0.043234,0.047845,0.027561,12.252,23.589
14.902344,2,45,2832.65,7.9854,0.38176,113.24,49.838,6.748,336.30,28.919,27.420,-0.014834,-0.047644,0.026275,12.410,23.589
14.906250,2,45,2841.56,7.9288,0.39127,116.43,49.838,6.670,332.43,28.921,27.421,-0.013878,0.020495,-0.000677,12.274,23.589
14.910156,2,45,2832.44,7.8241,0.37655,111.69,49.875,6.753,336.81,28.922,27.422,-0.039835,0.002838,-0.025399,12.339,23.589
14.914063,2,45,2834.20,7.9047,0.38885,115.41,49.859,6.830,340.54,28.924,27.423,-0.007916,-0.031195,0.011223,12.269,23.589
14.917969,2,45,2831.94,8.0474,0.38312,113.62,49.852,6.652,331.63,28.925,27.424,0.053033,0.049828,0.026602,12.168,23.589
14.921875,2,45,2840.31,8.0438,0.37857,112.60,49.844,6.801,339.01,28.927,27.425,0.006190,-0.001803,-0.020488,12.251,23.589
14.925781,2,45,2845.35,7.9256,0.38644,115.14,49.815,6.796,338.56,28.928,27.426,-0.048151,0.001020,-0.029904,12.448,23.589
14.929688,2,45,2838.10,8.0019,0.38050,113.09,49.876,6.731,335.74,28.929,27.426,0.057245,0.019421,0.001340,12.354,23.589
14.933594,2,45,2832.57,7.8491,0.37618,111.59,49.828,6.802,338.91,28.931,27.427,0.017291,0.033751,0.017309,12.297,23.589
14.937500,2,45,2834.00,7.9577,0.38035,112.88,49.858,6.677,332.91,28.932,27.428,-0.016075,-0.050724,0.026154,12.360,23.589
14.941406,2,45,2841.19,8.0421,0.38712,115.18,49.837,6.740,335.88,28.934,27.429,-0.013652,-0.041573,0.018625,12.308,23.589
14.945313,2,45,2834.93,7.9739,0.37144,110.27,49.862,6.661,332.11,28.935,27.430,0.057579,0.040932,0.019981,12.299,23.590
14.949219,2,45,2828.79,7.8950,0.38265,113.35,49.835,6.547,326.28,28.936,27.431,-0.048995,0.001878,-0.025037,12.217,23.590
14.953125,2,45,2846.61,7.9519,0.38617,115.12,49.846,6.828,340.33,28.938,27.432,-0.004215,-0.012510,-0.009745,12.257,23.590
14.957031,2,45,2836.95,8.0102,0.37226,110.59,49.847,6.838,340.87,28.939,27.432,0.057353,0.019147,-0.000145,12.389,23.590
14.960938,2,45,2836.18,7.8599,0.38115,113.20,49.838,6.688,333.31,28.940,27.433,0.057783,0.019093,0.000164,12.415,23.590
14.964844,2,45,2836.62,7.9482,0.39031,115.94,49.854,6.831,340.58,28.942,27.434,-0.010995,-0.033188,0.013602,12.331,23.590
14.968750,2,45,2838.54,7.9452,0.38619,114.80,49.843,6.860,341.94,28.943,27.435,0.062229,0.034624,0.015289,12.339,23.590
14.972656,2,45,2835.87,7.9997,0.39191,116.39,49.840,6.717,334.75,28.945,27.436,-0.036194,-0.029694,0.010802,12.353,23.590
14.976563,2,45,2847.52,7.9872,0.39851,118.83,49.822,6.852,341.38,28.946,27.437,-0.045825,-0.003365,-0.019534,12.443,23.590
14.980469,2,45,2836.12,7.9904,0.39030,115.92,49.862,6.756,336.89,28.948,27.438,0.053948,0.047090,0.023300,12.457,23.590
14.984375,2,45,2834.38,8.0700,0.37798,112.19,49.845,6.642,331.06,28.949,27.439,-0.045175,0.002274,-0.027268,12.280,23.590
14.988281,2,45,2836.58,7.8724,0.38339,113.89,49.829,6.741,335.92,28.950,27.440,-0.022676,-0.054051,0.028354,12.269,23.590
14.992188,2,45,2837.57,7.8833,0.39192,116.46,49.842,6.761,336.99,28.952,27.440,0.023190,0.042775,0.018987,12.339,23.590
14.996094,2,45,2842.06,7.9212,0.38188,113.66,49.832,6.889,343.29,28.953,27.441,0.018588,-0.003954,-0.023423,12.369,23.590
15.000000,0,0,2826.07,7.8425,0.37733,111.67,49.859,6.692,333.65,28.955,27.442,-0.015397,-0.042822,0.016451,12.277,23.590
15.003906,0,0,2807.46,7.7516,0.36993,108.76,49.846,6.716,334.75,28.956,27.443,0.033359,0.045692,0.028437,12.250,23.590
15.007813,0,0,2786.37,7.6688,0.36785,107.34,49.864,6.493,323.75,28.957,27.444,-0.009875,0.018826,0.003052,12.190,23.590
15.011719,0,0,2779.58,7.6940,0.36168,105.28,49.862,6.628,330.49,28.959,27.445,-0.002586,-0.010796,-0.007081,12.063,23.590
15.015625,0,0,2760.58,7.4458,0.36200,104.65,49.835,6.573,327.55,28.960,27.445,-0.042268,0.002792,-0.023472,12.042,23.590
15.019531,0,0,2746.07,7.4255,0.37203,106.98,49.890,6.426,320.61,28.961,27.446,0.001550,-0.006964,-0.013430,11.898,23.590
15.023438,0,0,2725.34,7.4096,0.34873,99.53,49.876,6.455,321.93,28.962,27.447,0.002703,-0.006751,-0.017120,11.831,23.590
15.027344,0,0,2706.69,7.2601,0.34971,99.12,49.881,6.390,318.75,28.963,27.447,-0.029870,0.004687,-0.011851,11.786,23.590
15.031250,0,0,2694.59,7.1715,0.34717,97.96,49.868,6.405,319.38,28.965,27.448,0.034412,0.046550,0.024603,11.779,23.590
15.035156,0,0,2687.89,7.1471,0.34471,97.03,49.911,6.212,310.03,28.966,27.449,-0.016143,-0.046281,0.024007,11.682,23.590
15.039063,0,0,2662.21,7.0288,0.34322,95.69,49.923,6.170,308.01,28.967,27.449,0.031822,0.001418,-0.021502,11.622,23.590
15.042969,0,0,2652.10,6.9297,0.33844,93.99,49.871,6.183,308.34,28.968,27.450,-0.024738,0.010430,-0.010117,11.534,23.590
15.046875,0,0,2640.58,6.8700,0.32851,90.84,49.891,6.194,309.03,28.969,27.450,0.054802,0.015683,-0.000658,11.399,23.590
15.050781,0,0,2615.09,6.6249,0.32566,89.18,49.898,6.086,303.70,28.970,27.451,0.006445,0.028732,0.009554,11.373,23.590
15.054688,0,0,2615.02,6.7837,0.32975,90.30,49.900,6.155,307.12,28.971,27.451,0.054936,0.039704,0.015270,11.472,23.590
15.058594,0,0,2589.98,6.6029,0.32093,87.04,49.893,6.092,303.96,28.972,27.452,0.021944,0.039768,0.019736,11.200,23.590
15.062500,0,0,2584.07,6.5780,0.31746,85.91,49.859,6.103,304.31,28.973,27.452,-0.032699,-0.015062,-0.000629,11.219,23.590
15.066406,0,0,2574.39,6.5323,0.31170,84.03,49.905,6.030,300.91,28.974,27.453,-0.009082,-0.013947,-0.000845,11.249,23.590
15.070313,0,0,2548.84,6.4109,0.30737,82.04,49.921,5.972,298.15,28.974,27.453,0.049631,0.020245,0.000230,11.032,23.590
15.074219,0,0,2542.58,6.2915,0.30473,81.14,49.929,5.875,293.33,28.975,27.454,-0.044682,0.001679,-0.023668,11.021,23.590
15.078125,0,0,2528.18,6.2471,0.29553,78.24,49.899,5.980,298.40,28.976,27.454,0.018015,-0.000222,-0.024083,10.951,23.590
15.082031,0,0,2503.70,6.1985,0.30148,79.04,49.921,5.824,290.76,28.977,27.454,0.013752,-0.003252,-0.025136,10.817,23.590
15.085938,0,0,2490.57,6.0980,0.29424,76.74,49.939,5.732,286.27,28.978,27.455,0.049913,0.015226,-0.000421,10.761,23.590
15.089844,0,0,2479.10,6.0635,0.29653,76.98,49.947,5.754,287.37,28.978,27.455,-0.008578,-0.025546,0.010462,10.718,23.590
15.093750,0,0,2466.35,6.0338,0.29084,75.12,49.920,5.721,285.61,28.979,27.455,-0.002288,-0.008745,-0.003017,10.794,23.590
15.097656,0,0,2446.99,5.9604,0.28954,74.19,49.899,5.657,282.30,28.980,27.455,-0.038069,-0.008226,-0.007362,10.648,23.590
15.101563,0,0,2432.78,5.9377,0.29840,76.02,49.916,5.657,282.38,28.981,27.456,0.020937,-0.000968,-0.023242,10.653,23.590
15.105469,0,0,2428.59,5.8961,0.28868,73.42,49.939,5.554,277.34,28.981,27.456,-0.001211,-0.008665,-0.011729,10.490,23.590
15.109375,0,0,2410.84,5.8039,0.27541,69.53,49.947,5.520,275.68,28.982,27.456,0.044383,0.043228,0.020023,10.474,23.590
15.113281,0,0,2394.75,5.7056,0.27583,69.17,49.955,5.474,273.44,28.982,27.456,0.044622,0.013885,-0.003359,10.480,23.590
15.117188,0,0,2384.05,5.6636,0.26126,65.22,49.929,5.454,272.31,28.983,27.456,-0.025546,-0.025001,0.009443,10.267,23.590
15.121094,0,0,2368.91,5.5725,0.26467,65.66,49.938,5.444,271.87,28.983,27.457,0.012033,0.032524,0.017264,10.174,23.590
15.125000,0,0,2357.71,5.4911,0.26008,64.21,49.952,5.396,269.54,28.984,27.457,0.017991,-0.004101,-0.023865,10.203,23.590
15.128906,0,0,2345.45,5.4478,0.26154,64.24,49.962,5.354,267.52,28.984,27.457,0.001592,-0.004786,-0.011980,10.135,23.590
15.132813,0,0,2338.07,5.4470,0.26819,65.66,49.979,5.188,259.31,28.985,27.457,-0.029741,-0.017671,0.001142,10.159,23.590
15.136719,0,0,2317.78,5.2965,0.26596,64.55,49.976,5.257,262.71,28.985,27.457,-0.032610,-0.011061,-0.004833,10.162,23.591
15.140625,0,0,2314.49,5.3269,0.26159,63.40,49.938,5.329,266.12,28.986,27.457,0.026965,0.039095,0.022684,10.077,23.591
15.144531,0,0,2297.63,5.2706,0.24121,58.04,49.958,5.279,263.73,28.986,27.457,-0.011482,0.013720,-0.003722,9.987,23.591
15.148438,0,0,2278.36,5.1150,0.23768,56.71,49.948,5.346,267.03,28.987,27.457,0.042350,0.009917,-0.005176,9.801,23.591
15.152344,0,0,2265.52,5.1039,0.23822,56.52,49.973,5.207,260.23,28.987,27.457,0.047090,0.035453,0.017319,9.761,23.591
15.156250,0,0,2259.33,4.9720,0.24376,57.67,49.995,5.204,260.17,28.987,27.457,-0.034828,-0.010142,-0.002767,9.851,23.591
15.160156,0,0,2241.99,4.9503,0.23999,56.34,49.988,5.093,254.57,28.988,27.457,-0.010562,-0.023218,0.008981,9.846,23.591
15.164063,0,0,2238.21,4.9626,0.24266,56.88,49.983,5.124,256.09,28.988,27.457,-0.025215,-0.023840,0.008424,9.764,23.591
15.167969,0,0,2222.51,4.8494,0.23505,54.71,49.994,5.090,254.46,28.988,27.457,-0.038040,0.003797,-0.022341,9.738,23.591
15.171875,0,0,2208.53,4.8165,0.23742,54.91,50.003,5.075,253.74,28.989,27.457,-0.007655,-0.016474,0.001604,9.556,23.591
15.175781,0,0,2192.61,4.8402,0.21973,50.45,49.977,5.145,257.14,28.989,27.457,-0.012810,-0.044571,0.021650,9.497,23.591
15.179688,0,0,2186.12,4.6557,0.22249,50.93,50.004,4.996,249.80,28.989,27.457,0.034983,0.043465,0.022366,9.575,23.591
15.183594,0,0,2175.47,4.6987,0.23257,52.98,50.003,4.859,242.94,28.990,27.456,-0.008110,-0.032763,0.018247,9.479,23.591
15.187500,0,0,2167.58,4.5370,0.22173,50.33,50.001,4.891,244.53,28.990,27.456,-0.025129,-0.026131,0.005712,9.362,23.591
15.191406,0,0,2140.04,4.5553,0.21598,48.40,49.988,4.860,242.96,28.990,27.456,-0.037375,0.002531,-0.020582,9.240,23.591
15.195313,0,0,2133.81,4.5321,0.22744,50.82,50.013,4.816,240.86,28.990,27.456,-0.000349,-0.005937,-0.012877,9.251,23.591
15.199219,0,0,2127.72,4.4551,0.22010,49.04,49.987,4.843,242.11,28.990,27.456,0.008850,0.027647,0.007888,9.438,23.591
15.203125,0,0,2103.50,4.4388,0.20209,44.52,50.036,4.818,241.07,28.990,27.455,0.006523,0.026066,0.012824,9.231,23.591
15.207031,0,0,2107.35,4.4332,0.20973,46.28,49.997,4.722,236.07,28.991,27.455,0.041341,0.038239,0.020610,9.249,23.591
15.210938,0,0,2082.43,4.2961,0.21216,46.27,50.040,4.607,230.53,28.991,27.455,-0.016501,0.012147,-0.006604,9.205,23.591
15.214844,0,0,2081.75,4.2459,0.20815,45.38,49.994,4.779,238.93,28.991,27.455,-0.026247,0.002182,-0.017751,8.927,23.591
15.218750,0,0,2064.82,4.1451,0.20076,43.41,50.014,4.647,232.43,28.991,27.454,-0.033211,-0.008600,-0.010779,8.887,23.591
15.222656,0,0,2047.32,4.1846,0.20151,43.20,50.034,4.601,230.19,28.991,27.454,-0.003476,-0.004956,-0.009263,8.907,23.591
15.226563,0,0,2037.59,4.1015,0.20295,43.30,50.034,4.568,228.57,28.991,27.454,0.039271,0.040480,0.018630,8.887,23.591
15.230469,0,0,2028.04,4.0455,0.19857,42.17,50.026,4.525,226.37,28.991,27.453,-0.037078,0.001775,-0.019447,8.933,23.591
15.234375,0,0,2013.41,4.0012,0.19695,41.52,50.045,4.396,219.98,28.991,27.453,0.037931,0.009688,-0.005057,8.829,23.591
15.238281,0,0,2011.56,3.9485,0.20390,42.95,50.056,4.433,221.89,28.990,27.452,-0.030632,0.002261,-0.018244,8.765,23.591
15.242188,0,0,1998.34,3.9057,0.18607,38.94,50.024,4.521,226.14,28.990,27.452,-0.020391,-0.026434,0.014238,8.744,23.591
15.246094,0,0,1989.25,3.8702,0.19368,40.35,50.025,4.336,216.90,28.990,27.451,-0.007283,-0.018922,0.006036,8.643,23.591
15.250000,0,0,1969.10,3.8372,0.18249,37.63,50.061,4.370,218.76,28.990,27.451,-0.003959,-0.018434,0.006706,8.605,23.591
15.253906,0,0,1965.84,3.8218,0.18132,37.33,50.025,4.381,219.16,28.990,27.451,-0.034143,-0.000500,-0.013535,8.549,23.591
15.257813,0,0,1948.44,3.6834,0.18114,36.96,50.051,4.358,218.12,28.990,27.450,-0.009822,-0.019724,0.006340,8.583,23.591
15.261719,0,0,1946.55,3.6816,0.18159,37.02,50.035,4.304,215.37,28.990,27.450,0.040422,0.032802,0.014420,8.433,23.591
15.265625,0,0,1936.40,3.6776,0.17774,36.04,50.017,4.420,221.07,28.990,27.449,-0.025680,-0.017910,0.007221,8.592,23.591
15.269531,0,0,1914.22,3.5783,0.16850,33.78,50.079,4.243,212.48,28.989,27.449,0.039538,0.025233,0.010136,8.364,23.591
15.273438,0,0,1906.49,3.6054,0.17132,34.20,50.028,4.319,216.08,28.989,27.448,0.020198,0.002184,-0.018553,8.315,23.591
15.277344,0,0,1893.13,3.6356,0.17554,34.80,50.051,4.294,214.93,28.989,27.448,0.020868,0.032774,0.016466,8.206,23.591
15.281250,0,0,1895.33,3.5375,0.17580,34.89,50.081,4.154,208.02,28.989,27.447,-0.029743,-0.009233,-0.003014,8.150,23.591
15.285156,0,0,1880.05,3.5460,0.17929,35.30,50.048,4.373,218.85,28.989,27.447,-0.011233,0.009432,-0.001423,8.022,23.591
15.289063,0,0,1856.82,3.3352,0.15692,30.51,50.051,4.183,209.36,28.988,27.446,0.043356,0.028460,0.009459,8.211,23.591
15.292969,0,0,1861.05,3.4045,0.17427,33.96,50.073,4.082,204.37,28.988,27.446,0.012019,-0.002191,-0.018752,8.041,23.591
15.296875,0,0,1849.61,3.3254,0.15984,30.96,50.058,4.236,212.06,28.988,27.445,-0.011779,-0.034542,0.017606,7.999,23.591
15.300781,0,0,1834.93,3.2357,0.15482,29.75,50.063,4.151,207.82,28.988,27.444,-0.017916,0.008959,-0.004317,8.046,23.591
15.304688,0,0,1818.26,3.2949,0.15901,30.28,50.057,4.010,200.71,28.987,27.444,-0.037064,-0.000247,-0.015486,7.911,23.591
15.308594,0,0,1818.28,3.3247,0.16967,32.31,50.069,4.109,205.76,28.987,27.443,-0.016637,0.002886,-0.008926,7.866,23.591
15.312500,0,0,1802.05,3.2154,0.16875,31.84,50.089,4.094,205.08,28.987,27.443,-0.023332,0.004092,-0.012994,7.793,23.591
15.316406,0,0,1792.49,3.1300,0.15239,28.61,50.050,4.115,205.96,28.986,27.442,-0.012390,-0.036833,0.016981,7.900,23.591
15.320313,0,0,1783.91,3.2062,0.15556,29.06,50.087,3.904,195.56,28.986,27.441,-0.009278,-0.024194,0.008711,7.681,23.591
15.324219,0,0,1776.99,3.1731,0.15158,28.21,50.081,4.022,201.41,28.986,27.441,-0.031809,0.001448,-0.016175,7.720,23.591
15.328125,0,0,1771.96,3.0691,0.14701,27.28,50.077,4.026,201.60,28.985,27.440,-0.020428,-0.016131,0.008243,7.688,23.591
15.332031,0,0,1758.70,3.0101,0.14428,26.57,50.055,3.899,195.15,28.985,27.439,0.003825,-0.005257,-0.007013,7.697,23.591
15.335938,0,0,1741.70,3.0355,0.14015,25.56,50.050,3.988,199.62,28.984,27.439,0.038389,0.018617,0.001744,7.529,23.591
15.339844,0,0,1738.97,2.8908,0.14757,26.87,50.081,3.883,194.45,28.984,27.438,-0.012469,-0.036147,0.017751,7.550,23.592
15.343750,0,0,1728.65,2.9910,0.13441,24.33,50.083,3.871,193.87,28.983,27.437,0.024779,0.030698,0.014981,7.446,23.592
15.347656,0,0,1719.23,2.9348,0.14156,25.49,50.092,3.765,188.62,28.983,27.436,-0.031366,0.001455,-0.012844,7.341,23.592
15.351563,0,0,1702.57,2.8824,0.14749,26.30,50.087,3.806,190.61,28.982,27.436,-0.013833,-0.029577,0.017900,7.446,23.592
15.355469,0,0,1692.68,2.8837,0.13513,23.95,50.095,3.709,185.82,28.982,27.435,0.035647,0.015524,0.001349,7.388,23.592
15.359375,0,0,1685.48,2.7884,0.13207,23.31,50.079,3.793,189.96,28.981,27.434,-0.002213,-0.014905,0.005537,7.317,23.592
15.363281,0,0,1669.64,2.7539,0.13287,23.23,50.110,3.633,182.07,28.981,27.433,-0.009809,-0.025701,0.014524,7.368,23.592
15.367188,0,0,1671.87,2.7356,0.13279,23.25,50.071,3.686,184.55,28.980,27.432,0.036752,0.015039,0.000250,7.302,23.592
15.371094,0,0,1659.86,2.7212,0.13446,23.37,50.103,3.649,182.82,28.980,27.432,0.030233,0.001283,-0.005741,7.180,23.592
15.375000,0,0,1644.16,2.6842,0.13002,22.39,50.121,3.640,182.46,28.979,27.431,0.016092,-0.003196,-0.019606,7.248,23.592
15.378906,0,0,1643.87,2.7085,0.11975,20.62,50.128,3.654,183.15,28.978,27.430,0.008702,-0.001688,-0.017074,7.173,23.592
15.382813,0,0,1631.05,2.6259,0.12364,21.12,50.102,3.625,181.62,28.978,27.429,0.035153,0.017350,0.006496,7.040,23.592
15.386719,0,0,1630.70,2.6460,0.12672,21.64,50.086,3.518,176.19,28.977,27.428,0.033476,0.017467,0.003479,7.014,23.592
15.390625,0,0,1619.89,2.5956,0.11661,19.78,50.103,3.573,179.00,28.977,27.427,-0.009872,-0.024117,0.012007,6.973,23.592
15.394531,0,0,1613.50,2.5867,0.12825,21.67,50.124,3.579,179.39,28.976,27.426,0.000041,0.017270,0.006513,7.153,23.592
15.398438,0,0,1597.95,2.4854,0.12359,20.68,50.100,3.625,181.62,28.975,27.425,0.034252,0.034002,0.013978,6.985,23.592
15.402344,0,0,1588.32,2.3610,0.12415,20.65,50.105,3.537,177.20,28.975,27.425,-0.025672,-0.003406,-0.006433,6.775,23.592
15.406250,0,0,1579.33,2.5346,0.11573,19.14,50.102,3.542,177.46,28.974,27.424,-0.004267,-0.022685,0.013057,6.918,23.592
15.410156,0,0,1571.78,2.4598,0.11550,19.01,50.118,3.637,182.26,28.973,27.423,-0.023648,-0.011559,0.001668,6.847,23.592
15.414063,0,0,1561.52,2.4303,0.11842,19.36,50.101,3.465,173.60,28.973,27.422,0.033220,0.020349,0.010319,6.798,23.592
15.417969,0,0,1547.77,2.2749,0.11688,18.94,50.114,3.544,177.60,28.972,27.421,-0.026025,-0.007944,-0.003518,6.788,23.592
15.421875,0,0,1542.92,2.4043,0.10881,17.58,50.123,3.543,177.60,28.971,27.420,-0.010963,-0.031970,0.015783,6.759,23.592
15.425781,0,0,1536.35,2.4085,0.11211,18.04,50.136,3.385,169.71,28.971,27.419,0.005861,0.017316,0.005868,6.612,23.592
15.429688,0,0,1532.00,2.3873,0.10861,17.43,50.107,3.440,172.39,28.970,27.418,-0.003139,0.012329,0.005705,6.586,23.592
15.433594,0,0,1523.24,2.2805,0.10184,16.25,50.110,3.418,171.28,28.969,27.417,-0.026659,0.003062,-0.018707,6.641,23.592
15.437500,0,0,1508.16,2.2331,0.10443,16.49,50.108,3.470,173.88,28.969,27.416,0.018014,0.026968,0.015079,6.495,23.592
15.441406,0,0,1500.09,2.2620,0.11111,17.45,50.124,3.398,170.31,28.968,27.415,0.023607,0.028539,0.015016,6.457,23.592
15.445313,0,0,1496.93,2.0924,0.11259,17.65,50.118,3.350,167.91,28.967,27.414,0.009063,-0.001341,-0.014847,6.463,23.592
15.449219,0,0,1492.51,2.1571,0.10809,16.89,50.119,3.342,167.49,28.966,27.413,0.018651,-0.000482,-0.014563,6.485,23.592
15.453125,0,0,1484.35,2.2325,0.09751,15.16,50.109,3.422,171.50,28.966,27.412,0.015887,-0.001035,-0.014458,6.396,23.592
15.457031,0,0,1469.74,2.1790,0.09656,14.86,50.129,3.409,170.90,28.965,27.411,-0.014407,-0.027385,0.011143,6.418,23.592
15.460938,0,0,1462.44,2.2238,0.10332,15.82,50.098,3.338,167.25,28.964,27.410,-0.024014,0.001905,-0.013127,6.351,23.592
15.464844,0,0,1456.65,2.1306,0.09977,15.22,50.131,3.358,168.34,28.963,27.409,-0.002976,-0.006793,-0.001446,6.296,23.592
15.468750,0,0,1438.42,2.0907,0.09617,14.49,50.150,3.222,161.59,28.962,27.408,-0.026995,-0.000135,-0.019156,6.230,23.592
15.472656,0,0,1435.17,2.0559,0.09730,14.62,50.152,3.178,159.38,28.962,27.407,0.030550,0.028797,0.014684,6.254,23.592
15.476563,0,0,1426.77,1.9159,0.09411,14.06,50.146,3.305,165.73,28.961,27.406,0.011292,0.023185,0.009841,6.235,23.592
15.480469,0,0,1419.79,2.0934,0.10153,15.10,50.148,3.179,159.44,28.960,27.405,0.015781,-0.005440,-0.016737,6.003,23.592
15.484375,0,0,1412.21,2.0200,0.09297,13.75,50.137,3.240,162.46,28.959,27.404,-0.001513,-0.009543,0.000595,6.220,23.592
15.488281,0,0,1401.72,1.9478,0.09480,13.92,50.128,3.198,160.31,28.958,27.403,-0.024387,0.001996,-0.014869,5.956,23.592
15.492188,0,0,1394.21,1.9425,0.09337,13.63,50.138,3.153,158.07,28.957,27.402,0.003874,0.016304,0.007432,6.024,23.592
15.496094,0,0,1388.79,1.8795,0.09574,13.92,50.132,3.098,155.28,28.956,27.401,-0.016290,-0.015526,0.005085,6.045,23.592
15.500000,0,0,1383.72,1.8192,0.09465,13.71,50.170,3.080,154.51,28.955,27.400,-0.004957,-0.010851,0.001465,6.025,23.592
15.503906,0,0,1373.82,1.7493,0.09142,13.15,50.144,2.994,150.13,28.954,27.399,0.005347,0.016824,0.007943,5.985,23.592
15.507813,0,0,1365.65,1.8893,0.09263,13.25,50.136,3.327,166.80,28.954,27.398,-0.003927,0.011245,0.003309,5.961,23.592
15.511719,0,0,1355.52,1.8249,0.08744,12.41,50.150,3.079,154.39,28.953,27.396,-0.005463,-0.006507,-0.003667,5.890,23.592
15.515625,0,0,1351.97,1.7568,0.08835,12.51,50.145,3.156,158.24,28.952,27.395,-0.010531,-0.021634,0.013158,5.978,23.592
15.519531,0,0,1348.24,1.7385,0.08898,12.56,50.166,3.055,153.25,28.951,27.394,-0.025560,-0.003766,-0.008300,5.693,23.592
15.523438,0,0,1334.62,1.7863,0.08623,12.05,50.142,3.051,153.01,28.950,27.393,0.018660,-0.002727,-0.013295,5.829,23.592
15.527344,0,0,1324.65,1.7652,0.07629,10.58,50.124,3.202,160.50,28.949,27.392,-0.027275,0.001592,-0.014038,5.723,23.592
15.531250,0,0,1322.77,1.8284,0.08711,12.07,50.137,3.053,153.06,28.948,27.391,-0.000375,-0.001474,-0.008986,5.741,23.592
15.535156,0,0,1314.72,1.7163,0.07945,10.94,50.155,2.931,147.02,28.947,27.390,0.000824,-0.005876,-0.008487,5.741,23.592
15.539063,0,0,1304.57,1.6510,0.07437,10.16,50.164,2.916,146.26,28.946,27.388,-0.024387,0.000559,-0.013252,5.646,23.592
15.542969,0,0,1297.22,1.6620,0.08265,11.23,50.139,3.010,150.92,28.945,27.387,0.017814,0.028276,0.013584,5.589,23.592
15.546875,0,0,1293.54,1.6495,0.08316,11.26,50.174,2.909,145.94,28.944,27.386,0.033690,0.014444,0.004854,5.630,23.592
15.550781,0,0,1285.56,1.6465,0.06702,9.02,50.159,2.965,148.70,28.943,27.385,0.030555,0.010616,0.004260,5.673,23.592
15.554688,0,0,1288.22,1.6330,0.08326,11.23,50.185,2.912,146.13,28.942,27.384,-0.000661,0.011144,0.000971,5.667,23.593
15.558594,0,0,1268.66,1.6084,0.07776,10.33,50.143,3.022,151.51,28.941,27.382,-0.001721,0.013376,0.002338,5.513,23.593
15.562500,0,0,1263.04,1.5186,0.07067,9.35,50.178,2.841,142.53,28.940,27.381,-0.013931,-0.025659,0.014592,5.614,23.593
15.566406,0,0,1261.18,1.5285,0.07761,10.25,50.180,2.923,146.68,28.939,27.380,0.026246,0.010469,0.001131,5.543,23.593
15.570313,0,0,1247.04,1.5449,0.06923,9.04,50.166,2.909,145.92,28.938,27.379,-0.012474,-0.023235,0.012439,5.458,23.593
15.574219,0,0,1240.59,1.5089,0.06732,8.75,50.166,2.869,143.92,28.937,27.378,0.008415,0.019823,0.009108,5.241,23.593
15.578125,0,0,1231.53,1.5353,0.07986,10.30,50.158,2.854,143.15,28.936,27.376,-0.025547,-0.002805,-0.008080,5.358,23.593
15.582031,0,0,1225.45,1.4740,0.07691,9.87,50.174,2.828,141.89,28.935,27.375,0.021919,-0.000212,-0.009817,5.347,23.593
15.585938,0,0,1224.80,1.5022,0.07750,9.94,50.172,2.873,144.13,28.934,27.374,0.027906,0.017073,0.004885,5.201,23.593
15.589844,0,0,1208.96,1.4948,0.06923,8.76,50.171,2.782,139.57,28.932,27.373,0.026186,0.022757,0.010655,5.299,23.593
15.593750,0,0,1206.40,1.4655,0.06627,8.37,50.178,2.867,143.86,28.931,27.371,-0.006797,-0.021374,0.011897,5.284,23.593
15.597656,0,0,1203.38,1.4359,0.06660,8.39,50.155,2.834,142.14,28.930,27.370,-0.021920,0.003164,-0.011444,5.315,23.593
15.601563,0,0,1189.46,1.5182,0.05633,7.02,50.143,2.776,139.19,28.929,27.369,0.016435,0.001122,-0.011382,5.155,23.593
15.605469,0,0,1190.36,1.3903,0.07147,8.91,50.148,2.776,139.22,28.928,27.367,-0.009171,-0.021926,0.011072,5.045,23.593
15.609375,0,0,1175.00,1.3316,0.06214,7.65,50.213,2.740,137.56,28.927,27.366,-0.017725,-0.010457,-0.000793,5.163,23.593
15.613281,0,0,1173.96,1.3725,0.05950,7.32,50.175,2.757,138.34,28.926,27.365,-0.006293,-0.014641,0.007402,5.181,23.593
15.617188,0,0,1176.14,1.4548,0.06901,8.50,50.173,2.822,141.57,28.925,27.364,0.028153,0.024155,0.012327,5.244,23.593
15.621094,0,0,1158.47,1.2871,0.07478,9.07,50.153,2.672,134.01,28.924,27.362,-0.013942,-0.025567,0.015341,5.059,23.593
15.625000,0,0,1159.63,1.4322,0.06630,8.05,50.210,2.635,132.30,28.922,27.361,0.004554,0.014587,0.006697,5.110,23.593
15.628906,0,0,1156.35,1.2850,0.06204,7.51,50.199,2.640,132.55,28.921,27.360,0.025714,0.007555,-0.000934,5.030,23.593
15.632813,0,0,1143.02,1.2415,0.07022,8.40,50.210,2.664,133.77,28.920,27.358,-0.024979,0.003959,-0.009465,4.900,23.593
15.636719,0,0,1140.33,1.2925,0.05688,6.79,50.178,2.743,137.66,28.919,27.357,0.025808,0.010595,0.000540,5.018,23.593
15.640625,0,0,1131.57,1.2821,0.06100,7.23,50.181,2.714,136.17,28.918,27.356,0.001311,0.011820,0.001930,4.972,23.593
15.644531,0,0,1119.93,1.2138,0.05984,7.02,50.168,2.668,133.87,28.917,27.354,0.010965,0.018751,0.009827,4.882,23.593
15.648438,0,0,1121.94,1.1891,0.05976,7.02,50.196,2.712,136.16,28.915,27.353,-0.011401,-0.021198,0.010524,4.904,23.593
15.652344,0,0,1106.29,1.0952,0.05290,6.13,50.187,2.728,136.91,28.914,27.352,-0.009173,-0.023574,0.014320,4.840,23.593
15.656250,0,0,1101.31,1.1864,0.06069,7.00,50.198,2.638,132.44,28.913,27.350,0.001183,0.001718,-0.009348,4.678,23.593
15.660156,0,0,1092.88,1.1946,0.06161,7.05,50.174,2.567,128.82,28.912,27.349,0.023162,0.003534,-0.004997,4.753,23.593
15.664063,0,0,1092.13,1.1783,0.05537,6.33,50.191,2.652,133.13,28.911,27.348,0.026335,0.021512,0.014515,4.786,23.593
15.667969,0,0,1082.69,1.2563,0.06113,6.93,50.219,2.648,132.97,28.909,27.346,-0.016689,-0.007676,-0.003185,4.749,23.593
15.671875,0,0,1075.23,1.2021,0.05302,5.97,50.166,2.451,122.93,28.908,27.345,-0.018481,-0.001020,-0.012842,4.801,23.593
15.675781,0,0,1073.48,1.1623,0.05684,6.39,50.162,2.645,132.67,28.907,27.344,-0.004682,-0.010311,0.002087,4.645,23.593
15.679688,0,0,1067.22,1.1327,0.06855,7.66,50.181,2.425,121.69,28.906,27.342,-0.016762,0.002404,-0.009226,4.552,23.593
15.683594,0,0,1061.73,1.1472,0.05809,6.46,50.205,2.550,128.02,28.904,27.341,-0.006330,-0.018812,0.008059,4.644,23.593
15.687500,0,0,1056.97,1.1370,0.06200,6.86,50.188,2.550,127.98,28.903,27.339,0.009335,0.000922,-0.010032,4.696,23.593
15.691406,0,0,1054.12,1.0909,0.05615,6.20,50.192,2.472,124.07,28.902,27.338,-0.013855,-0.014928,0.003677,4.682,23.593
15.695313,0,0,1049.15,1.1212,0.04756,5.23,50.163,2.664,133.66,28.901,27.337,-0.003962,-0.003535,-0.000277,4.500,23.593
15.699219,0,0,1041.75,1.0440,0.05039,5.50,50.211,2.524,126.72,28.899,27.335,-0.006335,-0.020924,0.012217,4.638,23.593
15.703125,0,0,1036.52,1.0024,0.04261,4.62,50.214,2.462,123.63,28.898,27.334,0.019193,0.001422,-0.011170,4.493,23.593
15.707031,0,0,1031.65,1.0251,0.04784,5.17,50.186,2.580,129.48,28.897,27.332,0.019168,0.022632,0.010360,4.583,23.593
15.710938,0,0,1024.98,1.0781,0.05175,5.55,50.214,2.399,120.47,28.896,27.331,0.000004,0.002729,-0.008128,4.444,23.593
15.714844,0,0,1014.16,1.0626,0.04997,5.31,50.199,2.409,120.91,28.894,27.329,-0.012429,-0.017860,0.012330,4.582,23.593
15.718750,0,0,1008.15,0.9502,0.05500,5.81,50.194,2.545,127.75,28.893,27.328,0.025488,0.020292,0.008160,4.299,23.593
15.722656,0,0,1003.75,1.0378,0.05102,5.36,50.216,2.601,130.62,28.892,27.327,0.010291,0.019091,0.011616,4.399,23.593
15.726563,0,0,995.00,0.9687,0.05444,5.67,50.216,2.424,121.73,28.890,27.325,-0.018959,0.000976,-0.011117,4.217,23.593
15.730469,0,0,988.85,0.9701,0.04602,4.77,50.213,2.454,123.22,28.889,27.324,0.018427,0.001757,-0.009025,4.425,23.593
15.734375,0,0,989.55,0.9695,0.05036,5.22,50.201,2.334,117.16,28.888,27.322,-0.004311,-0.014687,0.005578,4.370,23.593
15.738281,0,0,979.05,0.9271,0.04270,4.38,50.226,2.346,117.83,28.886,27.321,-0.023068,0.002763,-0.010390,4.356,23.593
15.742188,0,0,977.36,0.9049,0.05074,5.19,50.199,2.466,123.79,28.885,27.319,-0.001026,-0.004167,-0.002886,4.119,23.593
15.746094,0,0,977.35,1.0208,0.03911,4.00,50.192,2.466,123.75,28.884,27.318,-0.003067,-0.014819,0.005672,4.052,23.593
15.750000,0,0,963.45,0.9764,0.03650,3.68,50.183,2.409,120.89,28.882,27.317,-0.012712,0.002700,-0.005346,4.199,23.593
15.753906,0,0,952.39,0.8214,0.04138,4.13,50.224,2.423,121.70,28.881,27.315,0.015082,0.020334,0.013071,4.208,23.593
15.757813,0,0,955.95,0.9208,0.05093,5.10,50.205,2.222,111.54,28.880,27.314,0.014321,0.017259,0.012116,4.191,23.593
15.761719,0,0,949.73,0.8471,0.04218,4.20,50.210,2.401,120.54,28.878,27.312,-0.004518,-0.009926,0.005792,4.192,23.593
15.765625,0,0,941.93,0.8529,0.04391,4.33,50.203,2.433,122.14,28.877,27.311,-0.001961,-0.012581,0.008795,4.102,23.593
15.769531,0,0,943.65,0.8709,0.03281,3.24,50.198,2.303,115.59,28.876,27.309,0.008050,0.018095,0.008204,4.153,23.593
15.773438,0,0,932.37,0.9154,0.03659,3.57,50.217,2.342,117.62,28.874,27.308,0.025049,0.019724,0.009278,4.122,23.593
15.777344,0,0,933.22,0.9153,0.04745,4.64,50.189,2.345,117.67,28.873,27.306,-0.000641,-0.001941,-0.006470,4.062,23.593
15.781250,0,0,923.53,0.8507,0.04383,4.24,50.195,2.319,116.38,28.872,27.305,-0.015080,0.002227,-0.004464,4.101,23.593
15.785156,0,0,919.19,0.8887,0.03684,3.55,50.215,2.196,110.26,28.870,27.303,-0.018026,0.001612,-0.010433,3.873,23.594
15.789063,0,0,920.42,0.8032,0.03850,3.71,50.190,2.307,115.80,28.869,27.302,0.019904,0.006527,-0.005002,4.003,23.594
15.792969,0,0,904.14,0.8409,0.03554,3.36,50.231,2.263,113.66,28.867,27.300,0.002162,0.007531,0.003834,3.939,23.594
15.796875,0,0,902.61,0.8140,0.03572,3.38,50.206,2.208,110.84,28.866,27.299,-0.012746,-0.016352,0.007396,3.936,23.594
15.800781,0,0,905.73,0.8117,0.03364,3.19,50.185,2.452,123.07,28.865,27.297,-0.007126,-0.015578,0.005210,3.931,23.594
15.804688,0,0,898.97,0.7654,0.03282,3.09,50.201,2.282,114.58,28.863,27.296,-0.018826,-0.000941,-0.010904,3.871,23.594
15.808594,0,0,886.78,0.7893,0.04024,3.74,50.213,2.323,116.65,28.862,27.294,-0.008488,-0.015049,0.007525,3.751,23.594
15.812500,0,0,883.39,0.8206,0.04355,4.03,50.200,2.337,117.32,28.861,27.293,-0.019065,0.000013,-0.010910,3.815,23.594
15.816406,0,0,881.21,0.7960,0.03388,3.13,50.189,2.335,117.17,28.859,27.291,0.014040,-0.001833,-0.010163,3.824,23.594
15.820313,0,0,880.75,0.6813,0.02832,2.61,50.228,2.111,106.03,28.858,27.290,0.018071,0.006659,-0.000778,3.793,23.594
15.824219,0,0,871.44,0.7456,0.04165,3.80,50.192,2.324,116.64,28.856,27.288,-0.016428,0.002124,-0.011891,3.763,23.594
15.828125,0,0,867.63,0.7688,0.03056,2.78,50.226,2.294,115.23,28.855,27.287,-0.015682,0.001293,-0.010260,3.767,23.594
15.832031,0,0,861.54,0.7788,0.03662,3.30,50.204,2.273,114.13,28.854,27.285,0.006427,-0.000121,-0.009898,3.642,23.594
15.835938,0,0,853.63,0.6708,0.03599,3.22,50.211,2.312,116.08,28.852,27.284,0.011542,0.000709,-0.009737,3.757,23.594
15.839844,0,0,852.11,0.7230,0.03918,3.50,50.199,2.331,117.00,28.851,27.282,-0.003250,0.006872,0.000319,3.682,23.594
15.843750,0,0,847.17,0.7358,0.03058,2.71,50.218,2.158,108.39,28.849,27.281,-0.013761,-0.005555,-0.001959,3.747,23.594
15.847656,0,0,846.31,0.6064,0.03146,2.79,50.215,2.134,107.15,28.848,27.279,-0.006205,-0.018297,0.008009,3.641,23.594
15.851563,0,0,835.26,0.7229,0.03519,3.08,50.238,2.105,105.76,28.846,27.278,-0.013404,-0.011312,0.004310,3.612,23.594
15.855469,0,0,838.69,0.8049,0.03457,3.04,50.249,2.234,112.25,28.845,27.276,-0.009061,-0.018743,0.007147,3.679,23.594
15.859375,0,0,829.71,0.7374,0.03831,3.33,50.200,2.156,108.24,28.843,27.275,0.010239,-0.000192,-0.008374,3.573,23.594
15.863281,0,0,826.64,0.6863,0.03644,3.15,50.219,2.158,108.39,28.842,27.273,-0.008713,-0.017918,0.009570,3.548,23.594
15.867188,0,0,819.08,0.6538,0.02798,2.40,50.208,2.286,114.78,28.841,27.271,-0.010148,-0.021487,0.007141,3.574,23.594
15.871094,0,0,813.13,0.6186,0.03643,3.10,50.194,2.236,112.24,28.839,27.270,0.018306,0.022001,0.011752,3.519,23.594
15.875000,0,0,806.87,0.6628,0.02664,2.25,50.207,2.148,107.83,28.838,27.268,-0.004629,-0.010806,0.004058,3.467,23.594
15.878906,0,0,799.94,0.6346,0.02616,2.19,50.228,2.136,107.29,28.836,27.267,-0.012773,-0.007286,-0.000819,3.503,23.594
15.882813,0,0,802.64,0.6930,0.02966,2.49,50.186,2.167,108.75,28.835,27.265,-0.001487,-0.007376,0.002359,3.388,23.594
15.886719,0,0,797.32,0.5350,0.03483,2.91,50.228,2.156,108.28,28.833,27.264,0.020367,0.017160,0.007412,3.557,23.594
15.890625,0,0,789.87,0.5582,0.03052,2.52,50.236,2.127,106.87,28.832,27.262,0.018555,0.006796,-0.001152,3.381,23.594
15.894531,0,0,783.81,0.5595,0.02196,1.80,50.218,2.081,104.49,28.830,27.261,-0.011380,-0.016419,0.005879,3.399,23.594
15.898438,0,0,782.26,0.5536,0.02315,1.90,50.228,1.995,100.22,28.829,27.259,0.011213,-0.000642,-0.006897,3.385,23.594
15.902344,0,0,775.03,0.6505,0.03142,2.55,50.208,2.205,110.73,28.827,27.257,-0.001794,-0.001398,-0.004572,3.289,23.594
15.906250,0,0,776.39,0.6584,0.03017,2.45,50.232,2.048,102.86,28.826,27.256,-0.016932,0.002327,-0.010459,3.362,23.594
15.910156,0,0,772.29,0.6879,0.02838,2.30,50.236,2.156,108.29,28.824,27.254,-0.017280,0.000268,-0.009338,3.497,23.594
15.914063,0,0,769.62,0.6894,0.03232,2.60,50.239,2.100,105.49,28.823,27.253,0.020028,0.017654,0.006411,3.379,23.594
15.917969,0,0,754.45,0.4551,0.03708,2.93,50.200,2.059,103.39,28.821,27.251,0.021387,0.009963,0.005954,3.222,23.594
15.921875,0,0,751.84,0.4646,0.03164,2.49,50.219,2.113,106.09,28.820,27.250,-0.002722,-0.013618,0.005827,3.162,23.594
15.925781,0,0,751.64,0.4655,0.02704,2.13,50.239,1.983,99.62,28.818,27.248,-0.001579,-0.012666,0.007176,3.300,23.594
15.929688,0,0,746.11,0.4887,0.02727,2.13,50.210,2.058,103.35,28.817,27.246,0.015055,0.016763,0.010747,3.242,23.594
15.933594,0,0,744.97,0.5943,0.03854,3.01,50.193,2.154,108.10,28.815,27.245,-0.014484,0.000139,-0.009982,3.247,23.594
15.937500,0,0,739.59,0.5092,0.03105,2.40,50.247,2.069,103.96,28.814,27.243,-0.002069,-0.004462,-0.002076,3.232,23.594
15.941406,0,0,738.31,0.6408,0.02520,1.95,50.229,2.123,106.62,28.812,27.242,0.021036,0.010480,0.005514,3.254,23.594
15.945313,0,0,731.34,0.4462,0.02705,2.07,50.239,2.037,102.35,28.811,27.240,0.003741,-0.001546,-0.010848,3.226,23.594
15.949219,0,0,725.40,0.4949,0.02408,1.83,50.217,2.080,104.47,28.809,27.238,-0.018594,0.001730,-0.009301,3.111,23.594
15.953125,0,0,720.68,0.4367,0.03482,2.63,50.238,2.120,106.48,28.808,27.237,-0.011433,-0.014569,0.006847,3.160,23.594
15.957031,0,0,718.62,0.5487,0.02746,2.07,50.231,2.077,104.35,28.806,27.235,0.014168,0.017032,0.009731,3.134,23.594
15.960938,0,0,711.62,0.5057,0.03121,2.33,50.211,1.951,97.95,28.805,27.234,0.010218,0.001840,-0.010550,3.117,23.594
15.964844,0,0,711.99,0.4797,0.02360,1.76,50.226,2.086,104.78,28.803,27.232,-0.003081,-0.004269,-0.000594,3.113,23.594
15.968750,0,0,712.98,0.4617,0.02689,2.01,50.197,2.055,103.16,28.802,27.231,-0.015498,-0.001346,-0.005203,2.999,23.594
15.972656,0,0,703.13,0.5326,0.02572,1.89,50.234,2.058,103.36,28.800,27.229,0.021314,0.008443,0.002172,3.102,23.594
15.976563,0,0,699.36,0.4966,0.02154,1.58,50.237,2.043,102.64,28.799,27.227,0.017129,0.008486,-0.001762,3.060,23.594
15.980469,0,0,697.41,0.4850,0.03079,2.25,50.254,1.994,100.23,28.797,27.226,-0.013048,-0.002681,-0.005710,2.984,23.594
15.984375,0,0,693.55,0.5076,0.01872,1.36,50.244,1.880,94.47,28.796,27.224,-0.016774,0.002585,-0.004459,3.027,23.594
15.988281,0,0,686.13,0.3935,0.02559,1.84,50.222,2.069,103.90,28.794,27.223,-0.015632,0.001639,-0.008363,2.829,23.594
15.992188,0,0,682.24,0.4318,0.02760,1.97,50.232,2.049,102.95,28.793,27.221,-0.014857,0.002945,-0.006647,2.978,23.594
15.996094,0,0,683.23,0.4558,0.02438,1.74,50.224,2.086,104.75,28.791,27.219,0.020189,0.009766,0.007597,3.044,23.594
16.000000,3,65,709.09,0.4319,0.01912,1.42,50.237,1.905,95.69,28.790,27.218,0.018490,0.017429,0.008641,3.050,23.594
16.003906,3,65,735.45,0.4971,0.01762,1.36,50.240,2.104,105.68,28.788,27.216,0.016347,0.010458,0.001051,3.247,23.594
16.007813,3,65,773.87,0.6645,0.03161,2.56,50.224,2.022,101.53,28.787,27.215,-0.005855,-0.005925,0.002609,3.210,23.594
16.011719,3,65,797.89,0.6392,0.03606,3.01,50.210,2.159,108.41,28.785,27.213,-0.009048,0.004193,-0.005326,3.415,23.594
16.015625,3,65,820.25,0.6060,0.04176,3.59,50.233,2.011,101.02,28.784,27.212,-0.006807,0.006759,-0.002764,3.563,23.594
16.019531,3,65,853.94,0.6942,0.04301,3.85,50.213,2.248,112.87,28.782,27.210,0.006323,0.011725,0.003810,3.788,23.594
16.023438,3,65,882.04,0.7250,0.03492,3.23,50.208,2.309,115.95,28.781,27.209,-0.002880,-0.020376,0.013977,3.819,23.594
16.027344,3,65,911.12,0.8562,0.04239,4.04,50.217,2.332,117.10,28.780,27.207,0.002005,0.000701,-0.008962,3.866,23.594
16.031250,3,65,937.23,0.8052,0.04069,3.99,50.197,2.424,121.66,28.778,27.206,-0.001914,-0.001222,-0.003478,4.037,23.595
16.035156,3,65,970.59,0.8759,0.04698,4.78,50.195,2.503,125.65,28.777,27.205,0.000919,-0.002701,-0.007536,4.180,23.595
16.039063,3,65,994.09,0.9828,0.04358,4.54,50.189,2.488,124.86,28.776,27.203,-0.020212,-0.003236,-0.004933,4.473,23.595
16.042969,3,65,1018.06,1.0264,0.05115,5.45,50.199,2.495,125.26,28.775,27.202,0.023169,0.005749,-0.003485,4.355,23.595
16.046875,3,65,1047.06,1.0302,0.05211,5.71,50.191,2.538,127.40,28.773,27.201,0.013884,0.020991,0.009289,4.570,23.595
16.050781,3,65,1069.84,1.0435,0.05162,5.78,50.206,2.687,134.91,28.772,27.199,0.024286,0.010416,0.003367,4.732,23.595
16.054688,3,65,1092.05,1.2312,0.05381,6.15,50.212,2.564,128.72,28.771,27.198,0.022771,0.009283,-0.001576,4.685,23.595
16.058594,3,65,1125.69,1.1781,0.05934,6.99,50.188,2.762,138.63,28.770,27.197,0.014723,-0.000952,-0.008333,4.861,23.595
16.062500,3,65,1149.17,1.3433,0.06278,7.56,50.181,2.796,140.29,28.769,27.196,-0.011872,-0.020295,0.009975,4.917,23.595
16.066406,3,65,1176.70,1.3021,0.06691,8.24,50.162,2.863,143.62,28.768,27.195,0.024966,0.027730,0.014096,5.174,23.595
16.070313,3,65,1204.70,1.4636,0.07813,9.86,50.168,2.854,143.20,28.767,27.194,-0.012800,-0.013198,0.007028,5.256,23.595
16.074219,3,65,1222.61,1.4287,0.07240,9.27,50.188,2.741,137.56,28.766,27.192,-0.004312,-0.024526,0.014053,5.424,23.595
16.078125,3,65,1254.63,1.5629,0.08382,11.01,50.164,2.836,142.26,28.765,27.191,0.027914,0.009230,0.003360,5.566,23.595
16.082031,3,65,1275.20,1.6520,0.07037,9.40,50.161,2.958,148.39,28.764,27.190,-0.025207,0.001463,-0.014058,5.431,23.595
16.085938,3,65,1300.49,1.6507,0.08281,11.28,50.146,3.096,155.23,28.763,27.189,-0.015907,-0.016761,0.008391,5.553,23.595
16.089844,3,65,1329.56,1.6783,0.08386,11.68,50.157,3.049,152.92,28.763,27.188,-0.004629,-0.024053,0.012216,5.702,23.595
16.093750,3,65,1355.51,1.7402,0.07864,11.16,50.166,3.019,151.45,28.762,27.187,-0.008985,-0.026240,0.013865,5.915,23.595
16.097656,3,65,1371.13,1.9291,0.09323,13.39,50.162,2.993,150.14,28.761,27.186,-0.024664,-0.001556,-0.015233,5.895,23.595
16.101563,3,65,1394.02,1.8247,0.08665,12.65,50.112,3.216,161.17,28.760,27.185,0.026264,0.027882,0.011628,6.113,23.595
16.105469,3,65,1421.31,2.0079,0.09053,13.47,50.163,3.160,158.50,28.759,27.184,-0.006500,-0.022685,0.012798,6.217,23.595
16.109375,3,65,1440.70,2.0437,0.10504,15.85,50.117,3.267,163.72,28.759,27.183,-0.028412,0.002336,-0.015730,6.265,23.595
16.113281,3,65,1459.79,2.0603,0.11123,17.00,50.161,3.232,162.13,28.758,27.183,0.018160,0.024883,0.012367,6.387,23.595
16.117188,3,65,1482.18,2.1150,0.10622,16.49,50.106,3.400,170.34,28.757,27.182,0.031041,0.025522,0.011475,6.440,23.595
16.121094,3,65,1510.76,2.1888,0.10904,17.25,50.111,3.477,174.24,28.757,27.181,-0.014928,0.005376,-0.006979,6.500,23.595
16.125000,3,65,1529.52,2.2847,0.11134,17.83,50.106,3.447,172.72,28.756,27.180,0.021274,0.031070,0.014337,6.526,23.595
16.128906,3,65,1555.08,2.4209,0.11093,18.06,50.108,3.508,175.80,28.755,27.180,0.016031,0.027261,0.015741,6.688,23.595
16.132813,3,65,1576.84,2.4985,0.11186,18.47,50.117,3.529,176.84,28.755,27.179,0.003217,0.018766,0.006997,6.741,23.595
16.136719,3,65,1601.60,2.5113,0.12350,20.71,50.125,3.756,188.28,28.754,27.178,-0.027203,-0.002157,-0.007990,6.869,23.595
16.140625,3,65,1617.52,2.6005,0.11753,19.91,50.103,3.670,183.87,28.754,27.178,0.037983,0.027441,0.013611,7.016,23.595
16.144531,3,65,1638.74,2.5924,0.12870,22.09,50.108,3.807,190.77,28.754,27.177,-0.007905,0.007742,-0.001116,7.046,23.595
16.148438,3,65,1663.48,2.6996,0.14181,24.70,50.109,3.675,184.13,28.753,27.176,-0.027952,-0.009155,-0.002834,7.241,23.595
16.152344,3,65,1682.29,2.8494,0.13695,24.13,50.070,3.762,188.34,28.753,27.176,-0.025263,0.001766,-0.013126,7.289,23.595
16.156250,3,65,1699.91,2.8636,0.12977,23.10,50.064,3.879,194.19,28.752,27.175,-0.029573,-0.005613,-0.009997,7.405,23.595
16.160156,3,65,1722.58,2.9044,0.15043,27.14,50.072,3.831,191.84,28.752,27.175,-0.007359,0.010270,0.000150,7.601,23.595
16.164063,3,65,1744.62,3.0565,0.14992,27.39,50.057,3.894,194.91,28.752,27.174,0.006892,0.022859,0.009168,7.562,23.595
16.167969,3,65,1755.04,3.0626,0.14462,26.58,50.053,3.979,199.15,28.752,27.174,-0.014937,0.008683,-0.006240,7.527,23.595
16.171875,3,65,1780.20,3.1085,0.15370,28.65,50.086,3.961,198.37,28.751,27.173,-0.032365,-0.000869,-0.019006,7.827,23.595
16.175781,3,65,1805.48,3.2290,0.16249,30.72,50.064,4.014,200.94,28.751,27.173,-0.031403,-0.003299,-0.011063,7.691,23.595
16.179688,3,65,1825.59,3.3062,0.15648,29.92,50.084,4.027,201.71,28.751,27.172,0.022781,0.000264,-0.015364,7.916,23.595
16.183594,3,65,1843.28,3.3841,0.17258,33.31,50.054,4.177,209.06,28.751,27.172,0.043431,0.018249,0.004011,8.172,23.595
16.187500,3,65,1865.53,3.4037,0.17500,34.19,50.028,4.186,209.41,28.751,27.171,0.019263,0.000506,-0.020423,8.172,23.595
16.191406,3,65,1870.75,3.4655,0.16420,32.17,50.043,4.189,209.62,28.750,27.171,-0.034656,0.001348,-0.020001,8.067,23.595
16.195313,3,65,1892.74,3.5739,0.16889,33.48,50.052,4.208,210.65,28.750,27.171,-0.021779,0.002446,-0.012077,8.103,23.595
16.199219,3,65,1916.42,3.6409,0.17252,34.62,50.047,4.402,220.31,28.750,27.171,0.001527,-0.005730,-0.010443,8.178,23.595
16.203125,3,65,1938.41,3.7811,0.18105,36.75,50.034,4.297,215.00,28.750,27.170,-0.009323,-0.017427,0.005732,8.547,23.595
16.207031,3,65,1950.75,3.7745,0.17483,35.72,50.036,4.299,215.09,28.750,27.170,-0.017279,0.005340,-0.006187,8.476,23.595
16.210938,3,65,1968.72,3.9082,0.18786,38.73,50.064,4.454,223.00,28.750,27.170,-0.016696,0.006535,-0.007945,8.582,23.595
16.214844,3,65,1994.12,3.8958,0.19722,41.18,50.036,4.440,222.17,28.750,27.170,-0.022575,0.004019,-0.012411,8.717,23.595
16.218750,3,65,1998.70,3.8512,0.19055,39.88,50.014,4.559,228.02,28.750,27.169,0.026152,0.001607,-0.016317,8.680,23.595
16.222656,3,65,2032.24,3.9639,0.19810,42.16,50.016,4.543,227.23,28.751,27.169,-0.006090,-0.020129,0.005471,8.808,23.595
16.226563,3,65,2039.80,4.1911,0.20250,43.26,50.033,4.569,228.58,28.751,27.169,-0.020293,-0.029266,0.011029,8.848,23.595
16.230469,3,65,2055.33,4.2176,0.19252,41.44,50.018,4.678,234.00,28.751,27.169,0.001870,0.019420,0.009700,8.872,23.595
16.234375,3,65,2086.26,4.3361,0.21296,46.53,49.990,4.710,235.47,28.751,27.169,-0.009341,-0.020907,0.010021,9.148,23.595
16.238281,3,65,2086.10,4.3022,0.20238,44.21,50.000,4.677,233.85,28.751,27.169,-0.012413,-0.041113,0.022239,9.084,23.595
16.242188,3,65,2101.57,4.3694,0.21221,46.70,50.003,4.837,241.85,28.752,27.169,-0.024789,0.002584,-0.013880,9.133,23.595
16.246094,3,65,2124.30,4.3966,0.20321,45.21,50.003,4.732,236.60,28.752,27.169,0.045973,0.016812,0.002649,9.209,23.595
16.250000,3,65,2149.78,4.5678,0.21249,47.84,49.982,4.860,242.90,28.752,27.169,0.036867,0.002401,-0.006912,9.309,23.595
16.253906,3,65,2155.64,4.6109,0.22035,49.74,50.003,4.793,239.69,28.752,27.169,-0.007713,0.014994,0.003255,9.387,23.595
16.257813,3,65,2165.08,4.5643,0.22636,51.32,50.008,4.960,248.05,28.753,27.169,-0.023439,-0.029799,0.009556,9.326,23.595
16.261719,3,65,2185.54,4.8530,0.22037,50.44,50.012,4.957,247.89,28.753,27.169,0.009955,-0.004237,-0.023479,9.515,23.595
16.265625,3,65,2204.47,4.7929,0.24053,55.53,49.984,5.060,252.92,28.753,27.169,-0.016552,-0.039053,0.020010,9.665,23.595
16.269531,3,65,2221.98,4.9964,0.22888,53.26,49.993,5.074,253.69,28.754,27.169,-0.010285,-0.031674,0.014401,9.553,23.595
16.273438,3,65,2241.73,4.9802,0.23107,54.25,49.965,5.175,258.57,28.754,27.169,0.011662,0.033997,0.014326,9.755,23.595
16.277344,3,65,2249.48,4.8767,0.23961,56.44,49.976,5.165,258.13,28.755,27.170,0.034362,0.001251,-0.013795,9.754,23.595
16.281250,3,65,2265.26,5.1788,0.23689,56.19,49.976,5.081,253.91,28.755,27.170,-0.027156,-0.019605,0.003099,9.844,23.595
16.285156,3,65,2284.30,5.1197,0.24993,59.79,49.980,5.313,265.53,28.756,27.170,0.008977,0.032247,0.014584,9.894,23.595
16.289063,3,65,2297.14,5.1343,0.24580,59.13,49.983,5.290,264.40,28.756,27.170,-0.018922,-0.034868,0.018108,9.982,23.595
16.292969,3,65,2309.56,5.3221,0.24414,59.05,49.971,5.258,262.75,28.757,27.170,0.050836,0.027701,0.013349,10.117,23.595
16.296875,3,65,2322.22,5.3195,0.25988,63.20,49.965,5.284,263.99,28.758,27.171,-0.037577,-0.005921,-0.013039,10.017,23.595
16.300781,3,65,2342.43,5.4765,0.26878,65.93,49.939,5.278,263.59,28.758,27.171,0.003500,-0.005691,-0.016615,10.243,23.596
16.304688,3,65,2356.65,5.5586,0.25650,63.30,49.947,5.426,271.00,28.759,27.171,0.001794,-0.003558,-0.012797,10.248,23.596
16.308594,3,65,2365.52,5.5516,0.26929,66.71,49.955,5.404,269.95,28.759,27.172,-0.003269,0.020988,0.007862,10.189,23.596
16.312500,3,65,2385.88,5.5755,0.26036,65.05,49.951,5.565,277.99,28.760,27.172,-0.027007,-0.028650,0.010068,10.178,23.596
16.316406,3,65,2390.02,5.5419,0.27192,68.06,49.980,5.531,276.42,28.761,27.172,-0.017048,0.010607,-0.001547,10.403,23.596
16.320313,3,65,2415.48,5.7983,0.26679,67.48,49.947,5.584,278.89,28.762,27.173,0.018001,0.034443,0.020204,10.497,23.596
16.324219,3,65,2427.20,5.8724,0.27661,70.31,49.926,5.621,280.65,28.762,27.173,0.007368,-0.000326,-0.020211,10.570,23.596
16.328125,3,65,2440.51,5.9480,0.27383,69.98,49.975,5.493,274.49,28.763,27.174,0.054289,0.036273,0.014802,10.507,23.596
16.332031,3,65,2459.34,6.0457,0.27574,71.01,49.918,5.787,288.89,28.764,27.174,-0.002077,-0.008859,-0.002605,10.614,23.596
16.335938,3,65,2472.51,6.1258,0.29086,75.31,49.920,5.761,287.60,28.765,27.175,0.053399,0.025938,0.007159,10.840,23.596
16.339844,3,65,2479.34,6.1000,0.29310,76.10,49.912,5.688,283.91,28.766,27.175,0.051216,0.015666,0.001961,10.661,23.596
16.343750,3,65,2492.51,6.1420,0.29469,76.92,49.925,5.757,287.42,28.767,27.176,-0.011242,0.014524,-0.001382,10.783,23.596
16.347656,3,65,2507.31,6.1495,0.29224,76.73,49.946,5.695,284.43,28.767,27.176,0.055436,0.031986,0.015172,10.857,23.596
16.351563,3,65,2516.15,6.2280,0.30128,79.38,49.946,5.805,289.95,28.768,27.177,-0.033934,-0.011197,-0.004810,10.909,23.596
16.355469,3,65,2531.75,6.3322,0.30590,81.10,49.913,5.786,288.77,28.769,27.177,0.056677,0.039489,0.019023,10.957,23.596
16.359375,3,65,2545.53,6.3159,0.31210,83.20,49.898,5.871,292.96,28.770,27.178,0.034068,0.047563,0.022513,11.128,23.596
16.363281,3,65,2556.24,6.4744,0.31768,85.04,49.937,5.876,293.41,28.771,27.178,0.054351,0.039019,0.017029,11.089,23.596
16.367188,3,65,2569.99,6.5605,0.31485,84.73,49.915,5.910,295.02,28.772,27.179,0.033262,0.046590,0.023025,11.252,23.596
16.371094,3,65,2586.56,6.6695,0.32025,86.74,49.905,6.106,304.74,28.773,27.180,-0.042025,-0.005415,-0.015623,11.284,23.596
16.375000,3,65,2598.30,6.6814,0.32046,87.20,49.923,5.916,295.36,28.774,27.180,0.053144,0.045234,0.019891,11.315,23.596
16.378906,3,65,2611.62,6.7819,0.32969,90.17,49.892,6.053,302.01,28.775,27.181,-0.021972,0.008167,-0.008193,11.390,23.596
16.382813,3,65,2613.77,6.7879,0.33208,90.89,49.885,6.150,306.81,28.776,27.182,-0.030684,-0.027152,0.007322,11.416,23.596
16.386719,3,65,2634.51,6.7965,0.32633,90.03,49.893,6.188,308.76,28.777,27.182,-0.013166,-0.035010,0.019275,11.526,23.596
16.390625,3,65,2646.70,6.9274,0.34150,94.65,49.876,6.271,312.79,28.779,27.183,0.017325,0.040972,0.020211,11.532,23.596
16.394531,3,65,2656.49,6.9319,0.34127,94.94,49.882,6.289,313.72,28.780,27.184,-0.042419,0.002706,-0.024162,11.663,23.596
16.398438,3,65,2672.45,7.0199,0.34229,95.79,49.883,6.237,311.12,28.781,27.185,0.001769,-0.009658,-0.016959,11.743,23.596
16.402344,3,65,2678.62,7.1050,0.33174,93.06,49.888,6.206,309.59,28.782,27.185,0.043261,-0.001780,-0.018444,11.685,23.596
16.406250,3,65,2687.18,7.0624,0.34464,96.98,49.864,6.360,317.13,28.783,27.186,-0.047416,-0.000134,-0.021327,11.708,23.596
16.410156,3,65,2701.66,7.1440,0.34165,96.66,49.883,6.398,319.14,28.785,27.187,-0.028263,0.007422,-0.014938,11.688,23.596
16.414063,3,65,2718.47,7.2548,0.34121,97.13,49.906,6.426,320.68,28.786,27.188,-0.037358,-0.027043,0.005910,11.795,23.596
16.417969,3,65,2713.72,7.2206,0.35592,101.14,49.880,6.324,315.42,28.787,27.189,-0.013858,-0.051007,0.026319,11.763,23.596
16.421875,3,65,2736.43,7.5307,0.35685,102.26,49.862,6.377,317.96,28.788,27.190,-0.011275,0.016751,-0.000945,11.762,23.596
16.425781,3,65,2743.94,7.5319,0.35380,101.66,49.878,6.420,320.24,28.790,27.190,0.056611,0.021654,0.004356,11.874,23.596
16.429688,3,65,2754.26,7.5042,0.36770,106.05,49.846,6.422,320.11,28.791,27.191,0.055577,0.019983,0.000202,11.973,23.596
16.433594,3,65,2761.48,7.5658,0.36495,105.54,49.861,6.440,321.10,28.792,27.192,0.013106,-0.001744,-0.027941,12.039,23.596
16.437500,3,65,2773.81,7.6027,0.36770,106.81,49.845,6.564,327.16,28.793,27.193,-0.027259,0.004521,-0.015239,12.057,23.596
16.441406,3,65,2784.87,7.5963,0.37256,108.65,49.851,6.607,329.39,28.795,27.194,0.054155,0.045160,0.022666,12.006,23.596
16.445313,3,65,2794.63,7.6588,0.36747,107.54,49.877,6.588,328.60,28.796,27.195,0.000468,0.025590,0.006224,12.224,23.596
16.449219,3,65,2797.17,7.8144,0.36724,107.57,49.848,6.719,334.94,28.798,27.196,-0.046777,0.000731,-0.025273,12.193,23.596
16.453125,3,65,2816.60,7.8545,0.38776,114.37,49.859,6.540,326.06,28.799,27.197,0.007112,-0.000322,-0.025264,12.196,23.596
16.457031,3,65,2822.47,7.9191,0.39532,116.84,49.835,6.811,339.42,28.801,27.198,0.060909,0.035655,0.017078,12.372,23.596
16.460938,3,65,2844.26,7.9679,0.37244,110.93,49.862,6.785,338.31,28.802,27.199,0.022755,-0.005568,-0.027666,12.504,23.596
16.464844,3,65,2845.37,7.9105,0.38648,115.16,49.866,6.753,336.73,28.803,27.200,-0.049959,0.004536,-0.024844,12.502,23.596
16.468750,3,65,2851.35,8.0028,0.39893,119.12,49.867,6.653,331.75,28.805,27.201,-0.023591,-0.046372,0.021837,12.350,23.596
16.472656,3,65,2864.75,8.0374,0.38515,115.54,49.850,6.777,337.85,28.806,27.202,-0.010250,-0.030490,0.015239,12.445,23.596
16.476563,3,65,2881.58,8.1509,0.39307,118.61,49.850,6.868,342.35,28.808,27.203,0.031096,-0.001943,-0.027888,12.607,23.596
16.480469,3,65,2885.82,8.2675,0.39671,119.89,49.841,6.962,346.98,28.810,27.204,-0.028222,-0.036145,0.015303,12.476,23.596
16.484375,3,65,2893.59,8.2152,0.39925,120.98,49.864,6.913,344.70,28.811,27.206,0.003565,0.028653,0.010700,12.691,23.596
16.488281,3,65,2900.02,8.3128,0.40116,121.83,49.830,6.908,344.23,28.813,27.207,-0.016687,0.010718,-0.005030,12.591,23.596
16.492188,3,65,2918.90,8.2951,0.41016,125.37,49.823,7.000,348.77,28.814,27.208,0.024395,-0.002806,-0.027662,12.623,23.596
16.496094,3,65,2923.35,8.4445,0.40483,123.93,49.828,6.985,348.05,28.816,27.209,-0.044325,-0.007420,-0.011447,12.788,23.596
16.500000,3,65,2927.98,8.4219,0.40492,124.16,49.811,7.040,350.68,28.818,27.210,0.059222,0.019484,0.002721,12.655,23.596
16.503906,3,65,2947.22,8.6395,0.42382,130.81,49.830,7.058,351.70,28.819,27.211,-0.033408,-0.029436,0.006460,12.699,23.596
16.507813,3,65,2945.81,8.5760,0.41258,127.27,49.797,7.071,352.12,28.821,27.213,-0.009543,-0.028017,0.009544,12.872,23.596
16.511719,3,65,2956.85,8.6886,0.40839,126.45,49.818,7.105,353.94,28.823,27.214,-0.040757,-0.013348,-0.005582,12.944,23.596
16.515625,3,65,2963.26,8.5714,0.42710,132.53,49.819,7.011,349.28,28.824,27.215,-0.033650,-0.031539,0.013288,12.986,23.596
16.519531,3,65,2966.29,8.7765,0.41048,127.51,49.822,7.076,352.53,28.826,27.216,-0.037326,-0.023228,0.001698,12.930,23.596
16.523438,3,65,2979.69,8.7069,0.43112,134.52,49.803,7.104,353.81,28.828,27.218,-0.018202,-0.057180,0.028079,12.921,23.596
16.527344,3,65,2983.71,8.7705,0.42509,132.82,49.798,7.179,357.49,28.829,27.219,-0.041725,0.003917,-0.022055,12.948,23.596
16.531250,3,65,3003.90,8.9859,0.42818,134.69,49.817,7.264,361.89,28.831,27.220,-0.028939,-0.046849,0.024187,13.100,23.596
16.535156,3,65,3012.41,8.9859,0.43790,138.14,49.796,7.275,362.29,28.833,27.221,0.059211,0.031399,0.009544,13.032,23.596
16.539063,3,65,3023.01,9.1458,0.43819,138.72,49.786,7.338,365.31,28.835,27.223,0.035964,-0.001773,-0.027464,13.173,23.596
16.542969,3,65,3017.39,9.0453,0.43311,136.86,49.819,7.253,361.32,28.837,27.224,-0.019199,0.016708,-0.004713,13.165,23.596
16.546875,3,65,3025.17,9.0589,0.42476,134.56,49.799,7.311,364.08,28.838,27.225,0.039570,-0.001322,-0.027092,13.008,23.596
16.550781,3,65,3039.08,9.0801,0.44996,143.20,49.778,7.342,365.48,28.840,27.227,0.025020,-0.001235,-0.029644,13.366,23.596
16.554688,3,65,3049.18,9.2404,0.44408,141.80,49.792,7.485,372.68,28.842,27.228,0.030898,-0.000916,-0.028297,13.337,23.596
16.558594,3,65,3054.58,9.2222,0.44094,141.04,49.812,7.490,373.07,28.844,27.230,0.007790,0.033666,0.015472,13.276,23.596
16.562500,3,65,3063.58,9.2469,0.44235,141.91,49.816,7.304,363.85,28.846,27.231,-0.033270,-0.029377,0.012278,13.442,23.596
16.566406,3,65,3069.86,9.3298,0.44080,141.71,49.764,7.367,366.60,28.848,27.232,-0.023560,-0.055113,0.025646,13.346,23.596
16.570313,3,65,3078.53,9.3797,0.44992,145.05,49.756,7.610,378.63,28.850,27.234,0.062752,0.020844,-0.001694,13.414,23.596
16.574219,3,65,3078.15,9.3221,0.45551,146.83,49.795,7.337,365.33,28.851,27.235,0.033420,-0.003073,-0.024843,13.302,23.596
16.578125,3,65,3095.16,9.5462,0.44542,144.37,49.764,7.646,380.49,28.854,27.237,0.062169,0.016732,0.002822,13.393,23.596
16.582031,3,65,3099.01,9.5123,0.46491,150.88,49.757,7.524,374.36,28.855,27.238,-0.007651,-0.020076,0.005980,13.453,23.596
16.585938,3,65,3106.26,9.4839,0.46104,149.97,49.813,7.477,372.43,28.857,27.240,-0.034939,-0.031053,0.012285,13.537,23.596
16.589844,3,65,3114.39,9.5643,0.46233,150.78,49.782,7.592,377.97,28.859,27.241,0.061259,0.051036,0.022423,13.553,23.596
16.593750,3,65,3120.23,9.5237,0.47283,154.50,49.768,7.764,386.41,28.861,27.243,-0.020482,0.014291,-0.005614,13.512,23.596
16.597656,3,65,3131.27,9.6360,0.46168,151.39,49.746,7.665,381.32,28.863,27.244,0.063290,0.023644,0.003072,13.541,23.596
16.601563,3,65,3147.77,9.7416,0.47203,155.60,49.774,7.686,382.54,28.865,27.246,-0.008568,0.019980,0.005158,13.574,23.597
16.605469,3,65,3144.93,9.6968,0.47038,154.91,49.765,7.642,380.29,28.868,27.247,0.005215,-0.004739,-0.022767,13.667,23.597
16.609375,3,65,3140.93,9.7336,0.46878,154.19,49.760,7.686,382.46,28.870,27.249,-0.012491,-0.030554,0.012166,13.522,23.597
16.613281,3,65,3161.41,9.8293,0.46633,154.38,49.755,7.696,382.93,28.872,27.250,0.015416,-0.000830,-0.024510,13.708,23.597
16.617188,3,65,3164.88,9.9420,0.46816,155.16,49.742,7.798,387.88,28.874,27.252,-0.015559,-0.045451,0.022459,13.687,23.597
16.621094,3,65,3181.61,10.0849,0.48835,162.71,49.756,7.743,385.28,28.876,27.253,0.012868,-0.003394,-0.028423,13.768,23.597
16.625000,3,65,3182.05,9.9780,0.47611,158.65,49.742,7.784,387.21,28.878,27.255,-0.040390,-0.024480,0.003250,13.850,23.597
16.628906,3,65,3179.21,9.8741,0.48793,162.45,49.796,7.825,389.68,28.880,27.256,0.057898,0.055710,0.023848,13.766,23.597
16.632813,3,65,3196.79,10.1247,0.48055,160.87,49.741,7.851,390.51,28.882,27.258,0.062104,0.026596,0.002254,13.848,23.597
16.636719,3,65,3212.88,10.1441,0.48903,164.53,49.743,7.947,395.30,28.884,27.260,-0.050483,0.002817,-0.027228,13.986,23.597
16.640625,3,65,3209.72,10.1621,0.49852,167.56,49.767,7.901,393.18,28.886,27.261,0.062315,0.020972,0.001818,14.002,23.597
16.644531,3,65,3213.89,10.2202,0.49981,168.22,49.741,7.814,388.67,28.889,27.263,-0.021190,-0.058708,0.029623,13.916,23.597
16.648438,3,65,3231.13,10.2588,0.49450,167.32,49.758,7.894,392.81,28.891,27.265,-0.014547,-0.055583,0.028949,14.191,23.597
16.652344,3,65,3223.45,10.3735,0.49005,165.42,49.765,7.750,385.68,28.893,27.266,-0.029121,-0.047998,0.025000,13.989,23.597
16.656250,3,65,3233.32,10.3315,0.49682,168.22,49.753,7.962,396.14,28.895,27.268,-0.022165,-0.055232,0.031735,13.952,23.597
16.660156,3,65,3251.11,10.5149,0.50601,172.28,49.767,8.040,400.11,28.897,27.270,-0.046103,-0.010742,-0.012851,14.201,23.597
16.664063,3,65,3239.76,10.4613,0.50570,171.57,49.730,8.165,406.03,28.900,27.271,-0.056777,0.003859,-0.028242,14.051,23.597
16.667969,3,65,3245.76,10.4048,0.50245,170.78,49.740,8.048,400.33,28.902,27.273,-0.036630,-0.032464,0.012134,14.194,23.597
16.671875,3,65,3259.47,10.5771,0.50198,171.34,49.754,8.037,399.87,28.904,27.275,-0.038413,-0.027633,0.004185,14.210,23.597
16.675781,3,65,3257.24,10.4451,0.49590,169.15,49.729,8.079,401.76,28.906,27.276,0.038930,-0.001275,-0.025804,14.104,23.597
16.679688,3,65,3267.65,10.4877,0.50221,171.85,49.704,8.172,406.19,28.909,27.278,0.003573,-0.006936,-0.022509,14.271,23.597
16.683594,3,65,3274.75,10.5569,0.50916,174.61,49.762,8.005,398.32,28.911,27.280,-0.020826,-0.058668,0.034549,14.354,23.597
16.687500,3,65,3274.92,10.5619,0.51159,175.45,49.738,8.120,403.89,28.913,27.282,-0.053080,0.001534,-0.030561,14.247,23.597
16.691406,3,65,3272.06,10.5692,0.51714,177.20,49.718,8.121,403.77,28.915,27.283,0.052758,0.003371,-0.019197,14.246,23.597
16.695313,3,65,3276.83,10.5977,0.51237,175.82,49.742,8.206,408.18,28.918,27.285,-0.053086,0.001862,-0.029931,14.228,23.597
16.699219,3,65,3292.78,10.6805,0.50432,173.90,49.718,8.279,411.62,28.920,27.287,-0.008194,-0.018714,-0.002535,14.189,23.597
16.703125,3,65,3296.92,10.5740,0.52911,182.68,49.709,8.240,409.62,28.923,27.289,-0.058445,0.004814,-0.031045,14.377,23.597
16.707031,3,65,3301.27,10.7814,0.51207,177.03,49.726,8.315,413.49,28.925,27.291,0.057339,0.009208,-0.015330,14.363,23.597
16.710938,3,65,3322.87,10.8939,0.52997,184.41,49.725,8.349,415.16,28.927,27.292,-0.009688,-0.027496,0.008953,14.470,23.597
16.714844,3,65,3320.56,10.8622,0.51481,179.02,49.737,8.228,409.23,28.930,27.294,0.037820,0.056425,0.027458,14.430,23.597
16.718750,3,65,3313.98,10.7775,0.52610,182.58,49.744,8.102,403.01,28.932,27.296,-0.005473,-0.014578,-0.010150,14.351,23.597
16.722656,3,65,3332.46,10.9371,0.52712,183.95,49.706,8.364,415.74,28.934,27.298,-0.058272,0.002821,-0.029141,14.406,23.597
16.726563,3,65,3325.25,10.8956,0.52622,183.24,49.722,8.367,416.01,28.937,27.300,0.014493,0.038346,0.018992,14.419,23.597
16.730469,3,65,3346.54,11.0781,0.53676,188.11,49.720,8.311,413.23,28.939,27.302,0.069050,0.042719,0.019514,14.666,23.597
16.734375,3,65,3354.58,11.2253,0.53845,189.15,49.717,8.308,413.03,28.942,27.303,-0.026806,-0.056011,0.030096,14.585,23.597
16.738281,3,65,3351.87,11.1165,0.53753,188.68,49.724,8.317,413.53,28.944,27.305,0.050987,0.061351,0.033768,14.565,23.597
16.742188,3,65,3368.45,11.2016,0.53672,189.32,49.718,8.469,421.07,28.947,27.307,-0.032819,0.008317,-0.010674,14.749,23.597
16.746094,3,65,3356.25,11.1656,0.54219,190.56,49.706,8.411,418.07,28.949,27.309,-0.050807,-0.004958,-0.012305,14.515,23.597
16.750000,3,65,3360.41,11.1874,0.54122,190.46,49.725,8.513,423.31,28.951,27.311,0.061974,0.057482,0.030300,14.645,23.597
16.753906,3,65,3364.81,11.1898,0.53437,188.29,49.717,8.379,416.60,28.954,27.313,-0.021658,-0.058643,0.030677,14.714,23.597
16.757813,3,65,3377.57,11.3149,0.54691,193.44,49.676,8.402,417.38,28.956,27.315,0.023084,-0.003183,-0.030886,14.713,23.597
16.761719,3,65,3376.12,11.3427,0.53869,190.45,49.702,8.403,417.63,28.959,27.317,0.069387,0.041115,0.016273,14.709,23.597
16.765625,3,65,3387.35,11.4165,0.54856,194.59,49.711,8.493,422.22,28.961,27.318,-0.015238,-0.047313,0.022218,14.836,23.597
16.769531,3,65,3384.46,11.3547,0.55851,197.95,49.700,8.543,424.58,28.964,27.320,-0.027663,0.013315,-0.008401,14.708,23.597
16.773438,3,65,3401.28,11.4477,0.54569,194.37,49.701,8.475,421.24,28.966,27.322,-0.053746,0.001078,-0.029979,14.775,23.597
16.777344,3,65,3396.10,11.3534,0.56423,200.66,49.701,8.525,423.68,28.969,27.324,-0.029947,-0.051159,0.026763,14.691,23.597
16.781250,3,65,3402.11,11.3847,0.54948,195.76,49.707,8.505,422.76,28.971,27.326,-0.015807,-0.049389,0.027438,14.878,23.597
16.785156,3,65,3399.82,11.3866,0.54108,192.64,49.702,8.495,422.21,28.974,27.328,0.067302,0.059323,0.029017,14.896,23.597
16.789063,3,65,3405.45,11.3787,0.54712,195.11,49.708,8.494,422.23,28.976,27.330,-0.033979,0.006787,-0.017845,14.719,23.597
16.792969,3,65,3411.49,11.4805,0.57207,204.37,49.703,8.538,424.35,28.979,27.332,-0.057198,0.002186,-0.031956,14.863,23.597
16.796875,3,65,3412.87,11.5991,0.55339,197.78,49.698,8.587,426.75,28.981,27.334,-0.001933,-0.010907,-0.010459,14.804,23.597
16.800781,3,65,3431.04,11.6812,0.55629,199.88,49.714,8.646,429.84,28.984,27.336,-0.052208,-0.008709,-0.013426,14.854,23.597
16.804688,3,65,3437.42,11.6650,0.57823,208.14,49.690,8.660,430.31,28.987,27.338,-0.052487,-0.003401,-0.014386,14.863,23.597
16.808594,3,65,3431.89,11.6967,0.56812,204.18,49.703,8.517,423.33,28.989,27.340,-0.004235,-0.007675,-0.013015,14.938,23.597
16.812500,3,65,3440.88,11.6576,0.57348,206.64,49.697,8.585,426.66,28.992,27.342,0.070818,0.036294,0.014178,14.959,23.597
16.816406,3,65,3445.54,11.7325,0.56698,204.58,49.687,8.764,435.47,28.994,27.344,-0.045622,-0.021559,0.004877,14.999,23.597
16.820313,3,65,3453.01,11.7517,0.57780,208.93,49.676,8.792,436.77,28.997,27.346,0.023566,0.047041,0.024055,15.048,23.597
16.824219,3,65,3456.89,11.8946,0.57543,208.31,49.660,8.649,429.50,29.000,27.348,0.025263,-0.001718,-0.033524,14.994,23.597
16.828125,3,65,3456.04,11.8681,0.57284,207.32,49.684,8.760,435.22,29.002,27.350,0.031336,-0.002626,-0.028703,14.932,23.597
16.832031,3,65,3465.13,11.8955,0.56611,205.42,49.674,8.683,431.30,29.005,27.352,0.058343,0.058961,0.033543,15.077,23.597
16.835938,3,65,3469.73,11.9229,0.56863,206.61,49.650,8.882,440.98,29.008,27.354,-0.025738,-0.059394,0.032599,15.075,23.597
16.839844,3,65,3467.60,11.8961,0.57456,208.64,49.705,8.804,437.60,29.010,27.356,0.059328,0.010162,-0.014214,14.962,23.597
16.843750,3,65,3474.98,11.9134,0.57326,208.61,49.661,8.857,439.83,29.013,27.358,-0.014192,-0.054554,0.025147,15.150,23.597
16.847656,3,65,3480.29,12.0081,0.57722,210.37,49.669,8.804,437.28,29.016,27.360,0.057918,0.006253,-0.017016,15.173,23.597
16.851563,3,65,3481.10,11.9127,0.59085,215.39,49.665,8.856,439.84,29.018,27.362,-0.043354,-0.024335,-0.001527,15.122,23.597
16.855469,3,65,3489.13,12.1020,0.58164,212.52,49.707,8.813,438.08,29.021,27.364,0.071876,0.029696,0.008319,15.308,23.597
16.859375,3,65,3490.92,11.9868,0.57706,210.96,49.671,8.829,438.55,29.024,27.367,-0.036272,0.006695,-0.016605,15.063,23.597
16.863281,3,65,3485.66,11.9864,0.57996,211.69,49.666,8.951,444.57,29.026,27.369,-0.038319,-0.043151,0.014587,15.125,23.597
16.867188,3,65,3496.29,12.0132,0.57978,212.28,49.672,8.981,446.09,29.029,27.371,-0.045578,0.003444,-0.026314,15.163,23.597
16.871094,3,65,3501.48,12.1231,0.58668,215.12,49.691,8.909,442.70,29.032,27.373,-0.020641,-0.064760,0.029960,15.330,23.597
16.875000,3,65,3515.16,12.1369,0.57271,210.82,49.657,8.938,443.86,29.035,27.375,-0.028962,-0.050192,0.021626,15.229,23.597
16.878906,3,65,3501.38,12.1398,0.57572,211.10,49.698,8.877,441.16,29.037,27.377,0.006518,0.036998,0.018776,15.130,23.597
16.882813,3,65,3503.02,12.0480,0.56853,208.56,49.695,8.899,442.22,29.040,27.379,-0.044070,-0.032255,0.010383,15.216,23.597
16.886719,3,65,3506.19,11.9980,0.58956,216.47,49.663,8.903,442.17,29.043,27.381,-0.061544,-0.000743,-0.031267,15.268,23.597
16.890625,3,65,3517.76,12.2136,0.60075,221.30,49.670,8.886,441.39,29.045,27.383,0.041259,-0.001304,-0.028905,15.357,23.597
16.894531,3,65,3525.96,12.2207,0.58931,217.60,49.692,9.000,447.24,29.048,27.386,-0.058172,0.004089,-0.032336,15.393,23.597
16.898438,3,65,3530.30,12.2789,0.60367,223.17,49.662,9.041,448.99,29.051,27.388,0.047158,-0.004509,-0.024633,15.414,23.597
16.902344,3,65,3523.06,12.1601,0.59331,218.89,49.664,8.994,446.69,29.054,27.390,-0.009427,-0.025029,0.006869,15.112,23.597
16.906250,3,65,3535.83,12.2805,0.60256,223.11,49.653,9.008,447.28,29.057,27.392,0.039038,-0.001623,-0.027969,15.414,23.597
16.910156,3,65,3533.07,12.4176,0.59433,219.89,49.667,9.005,447.27,29.059,27.394,-0.056984,-0.007898,-0.017015,15.415,23.597
16.914063,3,65,3542.86,12.3420,0.60681,225.13,49.668,9.056,449.77,29.062,27.396,-0.056566,-0.006244,-0.011772,15.319,23.597
16.917969,3,65,3540.22,12.3172,0.59047,218.91,49.679,8.953,444.77,29.065,27.399,0.061501,0.016125,-0.007897,15.451,23.597
16.921875,3,65,3548.68,12.4736,0.60015,223.03,49.663,8.993,446.60,29.068,27.401,-0.059202,0.001185,-0.030828,15.522,23.597
16.925781,3,65,3559.92,12.5746,0.59858,223.15,49.627,9.142,453.70,29.071,27.403,0.059754,0.008776,-0.017071,15.481,23.597
16.929688,3,65,3554.60,12.3917,0.60251,224.28,49.651,9.162,454.90,29.073,27.405,-0.003806,0.027469,0.008744,15.612,23.597
16.933594,3,65,3542.64,12.3553,0.60676,225.10,49.658,9.156,454.69,29.076,27.407,-0.060366,0.006242,-0.031884,15.445,23.597
16.937500,3,65,3552.03,12.4185,0.60250,224.11,49.652,9.144,454.00,29.079,27.410,-0.049241,-0.019326,-0.002182,15.506,23.597
16.941406,3,65,3555.88,12.4810,0.60400,224.91,49.650,9.092,451.41,29.082,27.412,0.030504,0.053104,0.025933,15.447,23.597
16.945313,3,65,3554.79,12.4887,0.60666,225.83,49.670,9.059,449.94,29.085,27.414,-0.015614,0.018438,0.000836,15.445,23.597
16.949219,3,65,3573.91,12.6461,0.61443,229.96,49.644,9.239,458.64,29.088,27.416,-0.024120,-0.061730,0.031576,15.616,23.597
16.953125,3,65,3570.17,12.7253,0.61263,229.04,49.673,9.093,451.65,29.090,27.418,-0.054891,-0.001841,-0.023327,15.501,23.598
16.957031,3,65,3576.57,12.5434,0.60397,226.21,49.663,9.216,457.69,29.093,27.421,-0.059508,0.002333,-0.031861,15.485,23.598
16.960938,3,65,3580.10,12.5146,0.61437,230.33,49.654,9.236,458.58,29.096,27.423,0.032339,0.055244,0.028079,15.569,23.598
16.964844,3,65,3576.73,12.6758,0.61006,228.50,49.651,9.165,455.06,29.099,27.425,0.034287,-0.002935,-0.033373,15.604,23.598
16.968750,3,65,3582.06,12.7083,0.61824,231.91,49.666,9.157,454.79,29.102,27.427,0.045263,0.058130,0.032208,15.599,23.598
16.972656,3,65,3583.15,12.5987,0.61404,230.40,49.643,9.369,465.12,29.105,27.430,-0.022540,-0.063281,0.032116,15.545,23.598
16.976563,3,65,3580.26,12.6885,0.62055,232.66,49.663,9.112,452.52,29.108,27.432,0.021948,0.047978,0.024177,15.586,23.598
16.980469,3,65,3595.54,12.6720,0.60332,227.17,49.631,9.272,460.17,29.111,27.434,-0.022443,-0.060195,0.034915,15.583,23.598
16.984375,3,65,3588.00,12.7059,0.62665,235.45,49.635,9.276,460.43,29.114,27.436,-0.039386,-0.040128,0.015391,15.643,23.598
16.988281,3,65,3600.63,12.7873,0.61617,232.33,49.644,9.216,457.53,29.116,27.439,-0.014506,-0.034060,0.011346,15.577,23.598
16.992188,3,65,3603.63,12.8591,0.62310,235.14,49.610,9.348,463.75,29.119,27.441,-0.018991,-0.060114,0.031399,15.671,23.598
16.996094,3,65,3602.87,12.8491,0.62723,236.65,49.614,9.359,464.32,29.122,27.443,-0.022149,-0.065022,0.035875,15.646,23.598
17.000000,3,65,3602.38,12.7476,0.61057,230.33,49.656,9.253,459.45,29.125,27.446,-0.043442,-0.036651,0.015179,15.729,23.598
17.003906,3,65,3610.00,13.0027,0.62513,236.32,49.629,9.365,464.77,29.128,27.448,0.049215,0.066825,0.034820,15.715,23.598
17.007813,3,65,3606.24,12.8462,0.62993,237.89,49.663,9.361,464.88,29.131,27.450,0.061871,0.011514,-0.013323,15.688,23.598
17.011719,3,65,3611.28,12.8898,0.62035,234.60,49.649,9.279,460.68,29.134,27.452,-0.039140,0.006729,-0.018833,15.786,23.598
17.015625,3,65,3621.15,12.9875,0.62032,235.23,49.647,9.233,458.41,29.137,27.455,-0.024281,0.014265,-0.007439,15.850,23.598
17.019531,3,65,3616.59,12.8803,0.63346,239.91,49.622,9.296,461.31,29.140,27.457,-0.049088,0.003519,-0.026781,15.556,23.598
17.023438,3,65,3622.68,13.0343,0.61940,234.98,49.647,9.316,462.51,29.143,27.459,-0.058451,0.001769,-0.032025,15.751,23.598
17.027344,3,65,3626.82,12.9140,0.61803,234.73,49.647,9.306,462.00,29.146,27.461,0.056002,0.006559,-0.020679,15.785,23.598
17.031250,3,65,3630.33,12.9390,0.62644,238.15,49.639,9.344,463.84,29.149,27.464,-0.012043,-0.034840,0.011314,15.843,23.598
17.035156,3,65,3636.48,13.0232,0.63358,241.28,49.653,9.290,461.28,29.152,27.466,-0.010523,-0.027477,0.008044,15.813,23.598
17.039063,3,65,3641.42,13.0931,0.62163,237.05,49.661,9.342,463.94,29.155,27.468,0.068490,0.062795,0.032156,15.832,23.598
17.042969,3,65,3624.76,12.9639,0.61581,233.75,49.630,9.337,463.40,29.158,27.471,-0.026522,-0.058902,0.030660,15.801,23.598
17.046875,3,65,3638.74,13.1504,0.63068,240.32,49.674,9.304,462.18,29.160,27.473,-0.062934,0.004648,-0.033816,15.810,23.598
17.050781,3,65,3632.80,12.9813,0.63912,243.14,49.642,9.353,464.32,29.163,27.475,0.010927,-0.003413,-0.031054,15.860,23.598
17.054688,3,65,3641.75,13.0505,0.64494,245.96,49.616,9.436,468.17,29.166,27.477,0.072872,0.048962,0.020931,15.703,23.598
17.058594,3,65,3648.45,13.1300,0.63065,240.95,49.614,9.363,464.52,29.169,27.480,0.039677,-0.001535,-0.029448,15.916,23.598
17.062500,3,65,3651.25,13.2016,0.63180,241.58,49.654,9.421,467.79,29.172,27.482,0.030546,-0.001791,-0.035490,15.831,23.598
17.066406,3,65,3649.10,13.0194,0.63001,240.75,49.633,9.383,465.72,29.175,27.484,-0.015600,0.022407,-0.000177,16.004,23.598
17.070313,3,65,3650.56,13.1874,0.63712,243.56,49.616,9.508,471.77,29.178,27.487,-0.025215,-0.059939,0.031725,15.830,23.598
17.074219,3,65,3662.15,13.1853,0.62647,240.25,49.634,9.524,472.69,29.181,27.489,0.074116,0.054588,0.026913,15.928,23.598
17.078125,3,65,3641.99,13.0802,0.63669,242.83,49.627,9.323,462.65,29.184,27.491,-0.031403,-0.051929,0.022677,15.805,23.598
17.082031,3,65,3652.48,13.1360,0.64536,246.84,49.639,9.373,465.24,29.187,27.494,-0.055021,0.004421,-0.030602,15.877,23.598
17.085938,3,65,3664.44,13.2910,0.64108,246.01,49.621,9.441,468.47,29.190,27.496,-0.012771,-0.046927,0.024144,15.975,23.598
17.089844,3,65,3667.06,13.3065,0.63559,244.07,49.644,9.553,474.24,29.193,27.498,-0.012755,-0.040135,0.016207,15.959,23.598
17.093750,3,65,3661.34,13.2361,0.63836,244.76,49.626,9.478,470.37,29.196,27.501,0.064356,0.062834,0.030847,16.010,23.598
17.097656,3,65,3670.94,13.3930,0.63154,242.77,49.607,9.649,478.65,29.199,27.503,0.053737,0.063753,0.034687,16.062,23.598
17.101563,3,65,3680.86,13.3530,0.65863,253.87,49.609,9.555,474.02,29.202,27.506,0.074634,0.055403,0.024339,15.879,23.598
17.105469,3,65,3667.55,13.3052,0.63900,245.42,49.616,9.515,472.09,29.205,27.508,-0.027334,-0.065673,0.033946,15.881,23.598
17.109375,3,65,3675.05,13.4014,0.63857,245.75,49.611,9.587,475.63,29.208,27.510,-0.006703,0.025786,0.003923,15.996,23.598
17.113281,3,65,3675.43,13.3855,0.64386,247.81,49.620,9.429,467.88,29.211,27.513,0.030824,-0.004071,-0.033255,16.054,23.598
17.117188,3,65,3674.27,13.3575,0.65546,252.20,49.627,9.496,471.27,29.214,27.515,0.068812,0.016662,-0.004424,15.926,23.598
17.121094,3,65,3682.99,13.4116,0.64004,246.85,49.622,9.514,472.09,29.217,27.517,-0.017799,0.019774,-0.001711,15.989,23.598
17.125000,3,65,3683.55,13.4198,0.63862,246.34,49.600,9.494,470.89,29.220,27.520,0.020486,-0.003770,-0.032147,15.997,23.598
17.128906,3,65,3691.98,13.4167,0.65899,254.78,49.610,9.622,477.33,29.224,27.522,0.012927,0.042502,0.016640,16.005,23.598
17.132813,3,65,3687.07,13.4003,0.65253,251.95,49.599,9.576,474.98,29.227,27.524,-0.060350,0.000416,-0.036154,15.997,23.598
17.136719,3,65,3693.24,13.4492,0.65821,254.57,49.608,9.603,476.39,29.230,27.527,-0.058195,0.004222,-0.036866,16.083,23.598
17.140625,3,65,3694.35,13.4889,0.64961,251.31,49.598,9.636,477.92,29.233,27.529,0.005530,-0.002941,-0.023470,16.070,23.598
17.144531,3,65,3697.51,13.4717,0.66441,257.26,49.595,9.599,476.05,29.236,27.532,-0.020111,-0.060450,0.026911,16.007,23.598
17.148438,3,65,3685.83,13.4647,0.65129,251.38,49.635,9.511,472.09,29.239,27.534,-0.009060,-0.014874,-0.008405,16.079,23.598
17.152344,3,65,3699.30,13.5427,0.65556,253.96,49.623,9.547,473.76,29.242,27.536,-0.017787,-0.058070,0.028326,16.063,23.598
17.156250,3,65,3700.92,13.6308,0.65644,254.41,49.598,9.585,475.38,29.245,27.539,0.065793,0.009342,-0.012552,16.181,23.598
17.160156,3,65,3694.33,13.3510,0.66529,257.38,49.592,9.524,472.32,29.248,27.541,-0.022607,-0.063938,0.035263,15.985,23.598
17.164063,3,65,3701.70,13.5299,0.64542,250.19,49.629,9.597,476.28,29.251,27.543,-0.025975,0.016330,-0.008590,16.090,23.598
17.167969,3,65,3708.58,13.5075,0.65353,253.81,49.602,9.551,473.73,29.254,27.546,0.072365,0.049279,0.021891,16.192,23.598
17.171875,3,65,3698.24,13.5338,0.64863,251.20,49.634,9.594,476.21,29.257,27.548,0.000755,-0.014311,-0.011379,16.082,23.598
17.175781,3,65,3702.36,13.4828,0.65739,254.88,49.601,9.620,477.15,29.260,27.550,-0.057968,0.002229,-0.033096,16.024,23.598
17.179688,3,65,3712.11,13.6638,0.65133,253.19,49.605,9.629,477.63,29.263,27.553,-0.048640,0.004764,-0.026423,16.024,23.598
17.183594,3,65,3713.39,13.6273,0.65249,253.73,49.625,9.689,480.81,29.266,27.555,-0.015180,-0.040906,0.015664,16.187,23.598
17.187500,3,65,3708.75,13.5830,0.64741,251.44,49.596,9.637,477.95,29.269,27.558,0.001511,-0.006250,-0.018533,16.046,23.598
17.191406,3,65,3715.12,13.5525,0.65766,255.86,49.593,9.597,475.93,29.272,27.560,-0.010645,-0.028839,0.009259,16.185,23.598
17.195313,3,65,3712.87,13.6110,0.65659,255.29,49.635,9.709,481.90,29.275,27.562,0.056944,0.064405,0.035421,16.290,23.598
17.199219,3,65,3717.91,13.5317,0.64743,252.07,49.615,9.558,474.21,29.278,27.565,-0.057337,-0.004712,-0.022434,16.191,23.598
17.203125,3,65,3715.70,13.6967,0.65747,255.83,49.598,9.475,469.93,29.281,27.567,0.017293,-0.002747,-0.032088,16.219,23.598
17.207031,3,65,3720.90,13.8099,0.66691,259.86,49.618,9.670,479.82,29.285,27.569,0.061348,0.064749,0.034929,16.155,23.598
17.210938,3,65,3718.68,13.7083,0.64940,252.89,49.601,9.691,480.67,29.288,27.572,-0.045293,-0.026023,0.001278,16.148,23.598
17.214844,3,65,3723.40,13.7132,0.66437,259.05,49.597,9.689,480.55,29.291,27.574,0.041218,-0.003274,-0.034768,16.264,23.598
17.218750,3,65,3728.70,13.7537,0.65394,255.34,49.628,9.673,480.07,29.294,27.577,0.050103,0.062591,0.033422,16.276,23.598
17.222656,3,65,3726.83,13.6781,0.65969,257.46,49.634,9.687,480.81,29.297,27.579,-0.060287,0.001778,-0.026754,16.315,23.598
17.226563,3,65,3723.07,13.6466,0.66410,258.92,49.626,9.652,478.97,29.300,27.581,-0.028715,0.012441,-0.010633,16.186,23.598
17.230469,3,65,3733.88,13.7974,0.66115,258.52,49.618,9.641,478.39,29.303,27.584,0.049059,-0.003016,-0.027984,16.208,23.598
17.234375,3,65,3736.96,13.8889,0.66916,261.86,49.616,9.662,479.39,29.306,27.586,0.002383,-0.009126,-0.019199,16.163,23.598
17.238281,3,65,3736.03,13.6844,0.67276,263.21,49.588,9.718,481.91,29.309,27.589,0.008489,-0.006315,-0.028949,16.205,23.598
17.242188,3,65,3740.92,13.8084,0.67741,265.37,49.602,9.758,484.00,29.312,27.591,0.032887,0.058140,0.026950,16.235,23.598
17.246094,3,65,3730.39,13.6301,0.64591,252.32,49.589,9.730,482.53,29.315,27.593,0.059747,0.004726,-0.016292,16.411,23.598
17.250000,3,65,3734.25,13.7588,0.65519,256.21,49.633,9.642,478.54,29.318,27.596,-0.028677,-0.069789,0.032820,16.241,23.598
17.253906,3,65,3739.86,13.7467,0.66226,259.36,49.620,9.676,480.14,29.321,27.598,-0.004881,-0.023364,-0.002270,16.297,23.598
17.257813,3,65,3737.82,13.8002,0.67123,262.73,49.593,9.820,487.01,29.325,27.601,0.072924,0.064906,0.032580,16.197,23.598
17.261719,3,65,3741.93,13.7892,0.66608,261.01,49.603,9.719,482.08,29.328,27.603,-0.017465,-0.058516,0.031859,16.343,23.598
17.265625,3,65,3733.67,13.8450,0.65285,255.26,49.613,9.780,485.21,29.331,27.605,0.001926,-0.005748,-0.020322,16.273,23.598
17.269531,3,65,3740.42,13.7603,0.65497,256.55,49.598,9.730,482.58,29.334,27.608,-0.025815,-0.065546,0.034333,16.271,23.598
17.273438,3,65,3747.22,13.9743,0.68292,267.98,49.603,9.856,488.87,29.337,27.610,-0.063237,0.000683,-0.029649,16.314,23.598
17.277344,3,65,3743.67,13.8696,0.67282,263.77,49.606,9.700,481.18,29.340,27.613,0.019472,0.047143,0.023508,16.275,23.598
17.281250,3,65,3752.18,13.8839,0.66269,260.39,49.577,9.882,489.91,29.343,27.615,-0.049570,-0.024204,-0.001083,16.294,23.598
17.285156,3,65,3750.48,13.9457,0.66708,261.99,49.576,9.816,486.64,29.346,27.618,-0.011932,-0.027238,0.004194,16.303,23.598
17.289063,3,65,3750.32,13.7637,0.68099,267.45,49.594,9.576,474.91,29.349,27.620,-0.039787,-0.044075,0.019139,16.282,23.598
17.292969,3,65,3747.07,13.9030,0.65896,258.57,49.600,9.781,485.13,29.353,27.622,-0.004238,0.024582,0.005786,16.355,23.598
17.296875,3,65,3754.06,13.8840,0.68076,267.62,49.595,9.785,485.31,29.356,27.625,0.067195,0.011372,-0.009394,16.242,23.598
17.300781,3,65,3767.46,13.9393,0.68027,268.38,49.589,9.852,488.54,29.359,27.627,0.021385,-0.001904,-0.035677,16.332,23.598
17.304688,3,65,3749.09,13.8818,0.67830,266.30,49.580,9.835,487.64,29.362,27.630,0.046926,0.003048,-0.029895,16.236,23.598
17.308594,3,65,3756.77,13.9070,0.67066,263.84,49.603,9.800,486.08,29.365,27.632,-0.058212,-0.008451,-0.016861,16.321,23.598
17.312500,3,65,3770.35,13.8823,0.68881,271.96,49.617,9.894,490.91,29.368,27.635,-0.043306,0.005190,-0.021753,16.247,23.598
17.316406,3,65,3768.80,13.9282,0.67283,265.55,49.615,9.863,489.33,29.371,27.637,-0.050608,-0.024282,0.000870,16.393,23.598
17.320313,3,65,3765.90,14.0115,0.67698,266.97,49.567,9.789,485.20,29.375,27.639,0.070781,0.065285,0.033591,16.370,23.598
17.324219,3,65,3768.67,13.9747,0.68992,272.28,49.612,9.697,481.07,29.378,27.642,0.076550,0.044871,0.020837,16.423,23.598
17.328125,3,65,3764.66,13.9771,0.67747,267.08,49.590,9.744,483.21,29.381,27.644,0.062034,0.011439,-0.014738,16.353,23.598
17.332031,3,65,3774.22,13.9905,0.68391,270.31,49.592,9.887,490.30,29.384,27.647,0.057997,0.005871,-0.018493,16.427,23.598
17.335938,3,65,3766.88,14.0600,0.67504,266.28,49.584,9.936,492.65,29.387,27.649,0.009742,-0.002211,-0.029560,16.353,23.598
17.339844,3,65,3766.99,13.9243,0.67885,267.79,49.585,9.891,490.44,29.390,27.652,-0.037559,-0.047943,0.023049,16.449,23.598
17.343750,3,65,3786.06,14.1397,0.68531,271.71,49.601,9.771,484.63,29.393,27.654,-0.000189,-0.008510,-0.019316,16.519,23.598
17.347656,3,65,3770.19,13.9735,0.68646,271.03,49.613,9.845,488.44,29.396,27.656,0.053751,0.065652,0.034879,16.407,23.598
17.351563,3,65,3779.38,14.1228,0.68961,272.93,49.602,9.778,485.03,29.400,27.659,-0.000477,0.028393,0.010084,16.634,23.598
17.355469,3,65,3783.15,14.0439,0.67573,267.70,49.605,9.924,492.27,29.403,27.661,0.037025,-0.003378,-0.033959,16.437,23.598
17.359375,3,65,3782.39,14.1152,0.69669,275.95,49.574,9.973,494.39,29.406,27.664,0.027170,-0.003055,-0.036808,16.507,23.598
17.363281,3,65,3775.13,14.1347,0.67131,265.39,49.590,9.772,484.60,29.409,27.666,-0.014707,-0.033309,0.010603,16.500,23.598
17.367188,3,65,3780.15,14.0377,0.67943,268.96,49.578,9.951,493.33,29.412,27.669,0.077587,0.039690,0.013243,16.529,23.598
17.371094,3,65,3774.47,14.0560,0.68191,269.53,49.562,9.937,492.48,29.415,27.671,-0.062092,0.004061,-0.029634,16.411,23.598
17.375000,3,65,3781.52,14.1728,0.67610,267.73,49.593,9.893,490.63,29.419,27.674,0.054806,0.070377,0.035395,16.439,23.598
17.378906,3,65,3779.75,14.0285,0.69136,273.65,49.567,9.838,487.64,29.422,27.676,-0.060625,0.002601,-0.033521,16.415,23.598
17.382813,3,65,3777.18,14.1334,0.66368,262.51,49.596,9.757,483.91,29.425,27.678,0.038754,-0.001241,-0.035599,16.336,23.599
17.386719,3,65,3793.78,14.2773,0.67650,268.76,49.581,9.918,491.73,29.428,27.681,0.017917,-0.002358,-0.033121,16.325,23.599
17.390625,3,65,3783.40,13.9967,0.67322,266.73,49.558,9.955,493.34,29.431,27.683,-0.025437,-0.066599,0.035942,16.473,23.599
17.394531,3,65,3782.57,14.1473,0.68500,271.34,49.586,9.922,492.00,29.434,27.686,-0.027326,-0.068336,0.034194,16.431,23.599
17.398438,3,65,3779.72,14.1512,0.66181,261.95,49.607,9.812,486.76,29.437,27.688,0.028192,0.055360,0.025737,16.509,23.599
17.402344,3,65,3786.87,14.2528,0.67802,268.88,49.595,9.838,487.89,29.440,27.691,0.022730,-0.003260,-0.034830,16.486,23.599
17.406250,3,65,3781.42,14.0863,0.68965,273.09,49.584,9.780,484.91,29.443,27.693,0.020254,0.048335,0.019872,16.551,23.599
17.410156,3,65,3793.76,14.2843,0.67943,269.92,49.585,9.925,492.13,29.447,27.695,-0.065842,0.004090,-0.034840,16.498,23.599
17.414063,3,65,3784.47,14.1331,0.67837,268.84,49.618,9.953,493.86,29.450,27.698,0.007191,-0.001381,-0.029981,16.368,23.599
17.417969,3,65,3796.65,14.2323,0.69363,275.78,49.597,10.013,496.64,29.453,27.700,0.076106,0.038153,0.013079,16.620,23.599
17.421875,3,65,3790.35,14.1871,0.69110,274.32,49.582,9.971,494.39,29.456,27.703,-0.023743,-0.066597,0.034371,16.319,23.599
17.425781,3,65,3793.94,14.1934,0.67837,269.52,49.572,10.040,497.72,29.459,27.705,-0.052220,0.003137,-0.028675,16.632,23.599
17.429688,3,65,3788.15,14.0759,0.68403,271.35,49.599,9.834,487.77,29.463,27.708,-0.007969,-0.017208,-0.005712,16.415,23.599
17.433594,3,65,3784.08,14.2094,0.70072,277.67,49.575,9.757,483.70,29.466,27.710,-0.013992,-0.048328,0.018128,16.433,23.599
17.437500,3,65,3797.03,14.2607,0.68910,274.00,49.593,9.964,494.12,29.469,27.712,-0.017796,-0.051600,0.024479,16.458,23.599
17.441406,3,65,3791.93,14.2724,0.68132,270.54,49.562,9.997,495.46,29.472,27.715,0.048814,0.001667,-0.030062,16.439,23.599
17.445313,3,65,3800.28,14.2850,0.68490,272.56,49.556,9.994,495.25,29.475,27.717,-0.015567,0.024925,-0.000611,16.510,23.599
17.449219,3,65,3796.69,14.2187,0.69278,275.44,49.579,10.003,495.96,29.478,27.720,0.075504,0.046897,0.020039,16.580,23.599
17.453125,3,65,3794.53,14.2382,0.68747,273.18,49.602,9.934,492.73,29.481,27.722,-0.062147,0.000894,-0.027235,16.644,23.599
17.457031,3,65,3797.63,14.2945,0.68022,270.52,49.589,9.786,485.25,29.485,27.725,-0.032207,0.011016,-0.013728,16.603,23.599
17.460938,3,65,3812.62,14.4460,0.70058,279.71,49.581,10.050,498.28,29.488,27.727,-0.016461,-0.062071,0.028809,16.503,23.599
17.464844,3,65,3809.44,14.2652,0.68943,275.03,49.591,10.036,497.67,29.491,27.730,-0.057497,0.004735,-0.034178,16.547,23.599
17.468750,3,65,3810.31,14.3925,0.69868,278.78,49.558,10.047,497.91,29.494,27.732,0.014012,-0.000695,-0.031696,16.553,23.599
17.472656,3,65,3808.29,14.4111,0.69140,275.73,49.598,9.909,491.48,29.497,27.735,0.024292,0.055953,0.025191,16.476,23.599
17.476563,3,65,3806.31,14.3075,0.70460,280.85,49.554,10.112,501.10,29.501,27.737,-0.044653,-0.029066,0.007286,16.547,23.599
17.480469,3,65,3792.72,14.2196,0.67930,269.80,49.574,9.961,493.78,29.504,27.740,-0.000682,0.032836,0.009503,16.522,23.599
17.484375,3,65,3813.33,14.3546,0.69433,277.27,49.597,9.907,491.35,29.507,27.742,0.067251,0.010239,-0.012107,16.618,23.599
17.488281,3,65,3800.83,14.3645,0.68902,274.24,49.576,10.024,496.96,29.510,27.744,-0.064546,0.002357,-0.037101,16.488,23.599
17.492188,3,65,3809.89,14.2623,0.69413,276.94,49.579,9.990,495.32,29.513,27.747,-0.055366,-0.015457,-0.006922,16.502,23.599
17.496094,3,65,3809.95,14.3221,0.69985,279.22,49.601,10.037,497.84,29.516,27.749,0.006749,0.037245,0.014437,16.628,23.599
17.500000,3,65,3818.21,14.3999,0.69369,277.37,49.597,9.937,492.83,29.519,27.752,-0.034632,-0.053046,0.022219,16.593,23.599
17.503906,3,65,3819.91,14.3867,0.69449,277.81,49.574,10.083,499.85,29.523,27.754,0.001222,-0.006759,-0.025623,16.486,23.599
17.507813,3,65,3816.06,14.3431,0.69387,277.28,49.567,10.043,497.78,29.526,27.757,-0.017310,-0.052480,0.026389,16.539,23.599
17.511719,3,65,3810.45,14.3663,0.68683,274.07,49.580,9.967,494.15,29.529,27.759,0.075214,0.058744,0.028839,16.511,23.599
17.515625,3,65,3807.67,14.3414,0.70138,279.67,49.561,10.114,501.28,29.532,27.762,-0.019071,-0.066674,0.036764,16.633,23.599
17.519531,3,65,3803.90,14.3566,0.69311,276.10,49.604,9.917,491.93,29.535,27.764,-0.048111,-0.022030,-0.003145,16.608,23.599
17.523438,3,65,3811.27,14.2713,0.69830,278.70,49.575,10.069,499.19,29.539,27.766,0.072047,0.064481,0.033867,16.650,23.599
17.527344,3,65,3812.93,14.3209,0.69880,279.02,49.582,10.090,500.26,29.542,27.769,-0.062181,0.003898,-0.036785,16.568,23.599
17.531250,3,65,3808.34,14.3701,0.69301,276.38,49.600,9.967,494.34,29.545,27.771,-0.058829,-0.005437,-0.018416,16.590,23.599
17.535156,3,65,3817.91,14.4661,0.69227,276.78,49.546,10.074,499.14,29.548,27.774,-0.064668,0.000407,-0.034140,16.702,23.599
17.539063,3,65,3818.07,14.4205,0.70123,280.37,49.593,10.007,496.25,29.551,27.776,0.061890,0.068579,0.035275,16.673,23.599
17.542969,3,65,3817.50,14.3915,0.68516,273.90,49.568,9.972,494.30,29.554,27.779,0.078293,0.043001,0.014990,16.617,23.599
17.546875,3,65,3815.75,14.3437,0.68530,273.83,49.572,10.057,498.54,29.558,27.781,-0.039220,0.009330,-0.019132,16.517,23.599
17.550781,3,65,3817.57,14.4886,0.68367,273.31,49.541,9.999,495.38,29.561,27.784,-0.046402,-0.032864,0.005705,16.593,23.599
17.554688,3,65,3831.52,14.4220,0.69531,278.98,49.576,10.183,504.82,29.564,27.786,0.023565,0.050653,0.025735,16.643,23.599
17.558594,3,65,3815.53,14.4673,0.68370,273.18,49.569,10.075,499.43,29.567,27.789,-0.024690,-0.067070,0.037846,16.698,23.599
17.562500,3,65,3837.07,14.5406,0.69797,280.46,49.568,10.066,498.94,29.570,27.791,0.079323,0.054728,0.022962,16.671,23.599
17.566406,3,65,3823.04,14.2868,0.69603,278.65,49.544,10.220,506.33,29.574,27.794,0.046242,0.001570,-0.028631,16.534,23.599
17.570313,3,65,3833.40,14.4738,0.70479,282.92,49.575,10.166,503.97,29.577,27.796,-0.020974,-0.068447,0.035943,16.573,23.599
17.574219,3,65,3824.97,14.5667,0.69638,278.93,49.581,10.157,503.59,29.580,27.799,0.017557,-0.001849,-0.033486,16.719,23.599
17.578125,3,65,3827.57,14.5556,0.69519,278.65,49.554,10.058,498.41,29.583,27.801,0.017340,-0.004614,-0.031098,16.727,23.599
17.582031,3,65,3824.58,14.3117,0.70344,281.73,49.561,10.024,496.82,29.586,27.803,-0.054690,-0.009767,-0.014138,16.669,23.599
17.585938,3,65,3831.88,14.4936,0.70815,284.16,49.587,10.062,498.94,29.590,27.806,0.072941,0.063790,0.029139,16.729,23.599
17.589844,3,65,3832.61,14.4176,0.68457,274.75,49.592,10.021,496.94,29.593,27.808,-0.024364,-0.070624,0.035517,16.693,23.599
17.593750,3,65,3828.69,14.4802,0.70553,282.88,49.592,10.059,498.87,29.596,27.811,-0.045420,-0.034019,0.006953,16.609,23.599
17.597656,3,65,3824.69,14.5108,0.69436,278.11,49.568,9.926,492.03,29.599,27.813,-0.062209,-0.003769,-0.022397,16.676,23.599
17.601563,3,65,3843.85,14.5486,0.70747,284.78,49.559,10.121,501.58,29.602,27.816,-0.031838,-0.061046,0.029353,16.699,23.599
17.605469,3,65,3843.76,14.5852,0.70092,282.13,49.553,10.134,502.18,29.605,27.818,-0.057423,0.003298,-0.033625,16.850,23.599
17.609375,3,65,3833.24,14.4128,0.70101,281.40,49.590,10.068,499.29,29.609,27.821,0.026509,0.052380,0.025404,16.672,23.599
17.613281,3,65,3827.41,14.4369,0.69538,278.71,49.555,10.105,500.77,29.612,27.823,-0.021877,-0.062517,0.032265,16.694,23.599
17.617188,3,65,3838.15,14.4943,0.69444,279.12,49.560,10.197,505.34,29.615,27.826,-0.011378,0.023819,0.001776,16.720,23.599
17.621094,3,65,3826.82,14.5108,0.70336,281.87,49.566,10.102,500.70,29.618,27.828,-0.052173,0.002697,-0.029894,16.629,23.599
17.625000,3,65,3838.86,14.5486,0.71053,285.64,49.592,10.096,500.70,29.621,27.830,-0.040666,-0.044762,0.019368,16.645,23.599
17.628906,3,65,3837.28,14.5161,0.70822,284.59,49.574,10.011,496.30,29.624,27.833,-0.004649,-0.021996,-0.001645,16.804,23.599
17.632813,3,65,3836.12,14.4368,0.70445,282.99,49.557,10.032,497.14,29.628,27.835,0.013748,-0.003806,-0.030526,16.646,23.599
17.636719,3,65,3829.04,14.5011,0.69902,280.29,49.555,10.087,499.84,29.631,27.838,-0.014374,-0.059916,0.027183,16.638,23.599
17.640625,3,65,3836.86,14.5683,0.70391,282.83,49.571,10.086,499.99,29.634,27.840,0.062511,0.069102,0.034786,16.736,23.599
17.644531,3,65,3834.18,14.5510,0.71002,285.08,49.569,10.125,501.88,29.637,27.843,-0.019072,-0.060940,0.033009,16.640,23.599
17.648438,3,65,3841.64,14.5804,0.70423,283.31,49.562,10.113,501.19,29.640,27.845,0.007509,0.039855,0.016598,16.575,23.599
17.652344,3,65,3828.15,14.4162,0.70470,282.50,49.577,10.039,497.70,29.643,27.847,0.056703,0.006189,-0.025983,16.573,23.599
17.656250,3,65,3838.48,14.5874,0.69988,281.33,49.553,10.136,502.25,29.647,27.850,-0.021353,-0.063911,0.033226,16.736,23.599
17.660156,3,65,3830.38,14.4542,0.70549,282.98,49.565,10.037,497.49,29.650,27.852,0.001341,-0.011219,-0.012775,16.756,23.599
17.664063,3,65,3841.48,14.5424,0.70409,283.24,49.581,10.063,498.95,29.653,27.855,-0.026938,0.017007,-0.006169,16.909,23.599
17.667969,3,65,3851.04,14.6602,0.70567,284.58,49.568,10.153,503.27,29.656,27.857,0.015903,0.044292,0.020673,16.717,23.599
17.671875,3,65,3834.44,14.5122,0.70511,283.13,49.564,10.181,504.61,29.659,27.860,0.015306,-0.005818,-0.034473,16.627,23.599
17.675781,3,65,3847.17,14.6077,0.71634,288.60,49.545,10.216,506.18,29.662,27.862,0.014049,-0.004661,-0.034245,16.728,23.599
17.679688,3,65,3837.78,14.5599,0.70199,282.12,49.540,10.101,500.40,29.666,27.865,-0.061870,0.004170,-0.038436,16.569,23.599
17.683594,3,65,3837.90,14.5576,0.71111,285.80,49.569,9.964,493.92,29.669,27.867,0.079691,0.057990,0.028339,16.560,23.599
17.687500,3,65,3836.67,14.4948,0.70146,281.83,49.586,10.116,501.61,29.672,27.869,0.029281,0.055305,0.027362,16.742,23.599
17.691406,3,65,3841.13,14.4698,0.71513,287.65,49.581,10.155,503.51,29.675,27.872,-0.025972,-0.071675,0.033997,16.574,23.599
17.695313,3,65,3850.56,14.6243,0.70653,284.89,49.562,10.138,502.45,29.678,27.874,-0.029955,-0.063218,0.033365,16.644,23.599
17.699219,3,65,3845.07,14.5643,0.69896,281.44,49.580,10.163,503.88,29.681,27.877,0.061165,0.007124,-0.020756,16.753,23.599
17.703125,3,65,3844.85,14.5410,0.71292,287.04,49.577,9.998,495.68,29.685,27.879,-0.002760,-0.013236,-0.009177,16.652,23.599
17.707031,3,65,3850.71,14.5564,0.70489,284.24,49.551,10.142,502.52,29.688,27.881,-0.000845,-0.011476,-0.015566,16.672,23.599
17.710938,3,65,3836.50,14.5455,0.71261,286.30,49.574,10.062,498.80,29.691,27.884,-0.011351,-0.030699,0.010355,16.685,23.599
17.714844,3,65,3846.09,14.6743,0.69731,280.85,49.573,10.153,503.29,29.694,27.886,-0.021408,-0.063175,0.033519,16.772,23.599
17.718750,3,65,3844.78,14.5712,0.70165,282.50,49.558,10.213,506.14,29.697,27.889,-0.001012,-0.011771,-0.017602,16.792,23.599
17.722656,3,65,3843.87,14.6251,0.71247,286.79,49.560,10.115,501.29,29.700,27.891,0.004262,-0.007470,-0.022861,16.669,23.599
17.726563,3,65,3850.93,14.6722,0.70304,283.51,49.588,10.096,500.66,29.703,27.894,-0.056290,-0.012006,-0.012777,16.735,23.599
17.730469,3,65,3845.70,14.5506,0.70966,285.80,49.545,10.143,502.54,29.707,27.896,-0.004966,-0.013452,-0.009520,16.703,23.599
17.734375,3,65,3844.84,14.6065,0.70842,285.23,49.567,10.238,507.47,29.710,27.898,-0.006286,-0.017287,-0.010051,16.744,23.599
17.738281,3,65,3845.37,14.6465,0.70100,282.29,49.568,10.135,502.36,29.713,27.901,-0.064742,0.003311,-0.035316,16.675,23.599
17.742188,3,65,3853.91,14.5757,0.70325,283.82,49.582,10.136,502.57,29.716,27.903,-0.030421,-0.063168,0.033190,16.757,23.599
17.746094,3,65,3851.22,14.6955,0.70428,284.04,49.576,10.075,499.49,29.719,27.906,0.057230,0.067848,0.038332,16.671,23.599
17.750000,3,65,3864.10,14.7314,0.71452,289.13,49.571,10.153,503.30,29.722,27.908,0.073327,0.062533,0.026233,16.846,23.599
17.753906,3,65,3852.16,14.6239,0.70114,282.84,49.573,10.189,505.11,29.726,27.911,-0.061981,0.001766,-0.035205,16.826,23.599
17.757813,3,65,3854.86,14.6914,0.70024,282.67,49.563,10.322,511.58,29.729,27.913,-0.043316,0.007492,-0.020667,16.648,23.599
17.761719,3,65,3849.80,14.6682,0.71039,286.39,49.557,10.155,503.28,29.732,27.915,-0.034925,-0.051570,0.021915,16.705,23.599
17.765625,3,65,3849.97,14.6094,0.70509,284.27,49.584,10.173,504.40,29.735,27.918,-0.015049,0.025066,0.000395,16.765,23.599
17.769531,3,65,3856.17,14.6129,0.71081,287.04,49.546,10.149,502.86,29.738,27.920,0.039597,0.061480,0.033769,16.698,23.599
17.773438,3,65,3857.17,14.7220,0.70633,285.30,49.548,10.171,503.95,29.741,27.923,-0.022610,-0.068817,0.033845,16.794,23.599
17.777344,3,65,3860.06,14.6668,0.70360,284.41,49.578,10.202,505.81,29.745,27.925,-0.047418,-0.025894,0.002428,16.876,23.599
17.781250,3,65,3849.75,14.5781,0.70227,283.12,49.547,10.246,507.64,29.748,27.928,-0.048105,0.004807,-0.024100,16.614,23.599
17.785156,3,65,3852.56,14.6485,0.71338,287.81,49.585,10.053,498.46,29.751,27.930,-0.004156,0.027980,0.007209,16.722,23.599
17.789063,3,65,3854.21,14.5703,0.71635,289.13,49.563,10.216,506.33,29.754,27.932,-0.053954,-0.021294,-0.004923,16.743,23.599
17.792969,3,65,3843.27,14.6078,0.70124,282.22,49.567,10.045,497.89,29.757,27.935,-0.054718,-0.014873,-0.007333,16.801,23.599
17.796875,3,65,3855.70,14.6079,0.70662,285.31,49.581,10.129,502.20,29.760,27.937,-0.038813,-0.045969,0.021676,16.825,23.599
17.800781,3,65,3863.61,14.6632,0.72379,292.84,49.522,10.217,505.98,29.764,27.940,0.059123,0.006678,-0.020766,16.820,23.599
17.804688,3,65,3859.37,14.7173,0.71371,288.45,49.577,10.204,505.87,29.767,27.942,0.061705,0.004144,-0.019229,16.765,23.599
17.808594,3,65,3854.28,14.5182,0.70071,282.82,49.575,10.108,501.13,29.770,27.944,0.009190,0.037768,0.017053,16.688,23.599
17.812500,3,65,3863.89,14.7922,0.70692,286.04,49.577,10.076,499.54,29.773,27.947,0.065231,0.068877,0.033372,16.783,23.599
17.816406,3,65,3853.55,14.6544,0.71553,288.75,49.571,10.088,500.07,29.776,27.949,0.051681,0.002140,-0.026376,16.684,23.599
17.820313,3,65,3855.15,14.6333,0.71855,290.09,49.552,10.189,504.90,29.779,27.952,0.013748,0.044645,0.020975,16.772,23.599
17.824219,3,65,3863.34,14.6974,0.70524,285.32,49.592,10.146,503.18,29.782,27.954,-0.044208,-0.034339,0.007770,16.852,23.599
17.828125,3,65,3865.45,14.7203,0.70481,285.30,49.544,10.202,505.42,29.785,27.956,-0.023530,-0.068431,0.036265,16.739,23.599
17.832031,3,65,3864.88,14.6711,0.71989,291.36,49.545,10.158,503.29,29.789,27.959,-0.034998,-0.054874,0.022749,16.795,23.599
17.835938,3,65,3862.87,14.7736,0.70983,287.14,49.574,10.163,503.82,29.792,27.961,0.043541,-0.003730,-0.032680,16.749,23.599
17.839844,3,65,3863.96,14.7015,0.70989,287.25,49.515,10.288,509.39,29.795,27.964,-0.051186,0.001164,-0.032478,16.815,23.599
17.843750,3,65,3857.24,14.6749,0.72019,290.90,49.575,10.094,500.39,29.798,27.966,0.074177,0.058145,0.027464,16.733,23.599
17.847656,3,65,3860.05,14.6178,0.71037,287.15,49.568,10.139,502.57,29.801,27.968,0.072072,0.019695,-0.006099,16.933,23.599
17.851563,3,65,3853.49,14.6855,0.69873,281.96,49.574,10.132,502.28,29.804,27.971,-0.018626,-0.052235,0.025484,16.760,23.599
17.855469,3,65,3858.26,14.6989,0.70841,286.22,49.589,10.146,503.14,29.807,27.973,0.077012,0.033709,0.010115,16.645,23.599
17.859375,3,65,3866.07,14.8001,0.71700,290.28,49.559,10.221,506.54,29.810,27.975,-0.060480,-0.002627,-0.026127,16.833,23.599
17.863281,3,65,3868.69,14.7253,0.72516,293.78,49.553,10.305,510.66,29.814,27.978,-0.066057,0.001942,-0.033150,16.937,23.599
17.867188,3,65,3869.22,14.8803,0.71727,290.63,49.581,10.152,503.36,29.817,27.980,0.076037,0.023363,-0.000150,16.840,23.599
17.871094,3,65,3866.41,14.7631,0.71182,288.21,49.573,10.191,505.20,29.820,27.983,-0.029691,-0.061171,0.029968,16.702,23.599
17.875000,3,65,3855.76,14.6348,0.70496,284.65,49.567,10.101,500.67,29.823,27.985,-0.052646,-0.028829,0.003847,16.878,23.599
17.878906,3,65,3865.55,14.8162,0.71520,289.51,49.543,10.154,503.03,29.826,27.987,-0.055135,0.004920,-0.030065,16.852,23.599
17.882813,3,65,3862.28,14.7827,0.70740,286.11,49.563,10.288,509.89,29.829,27.990,0.077321,0.054284,0.026434,16.897,23.599
17.886719,3,65,3867.27,14.7835,0.71884,291.12,49.553,10.193,505.09,29.832,27.992,-0.053291,0.001574,-0.026745,16.850,23.599
17.890625,3,65,3866.13,14.8270,0.71641,290.05,49.540,10.312,510.85,29.836,27.995,-0.064171,-0.000285,-0.032107,16.781,23.599
17.894531,3,65,3864.87,14.7586,0.70041,283.48,49.541,10.221,506.38,29.839,27.997,-0.042795,-0.044702,0.012258,16.784,23.599
17.898438,3,65,3869.36,14.7483,0.70648,286.26,49.577,10.262,508.78,29.842,27.999,0.058278,0.005640,-0.019789,16.712,23.599
17.902344,3,65,3872.34,14.7476,0.72286,293.13,49.552,10.331,511.92,29.845,28.002,-0.001162,-0.004130,-0.022494,16.965,23.599
17.906250,3,65,3871.44,14.7709,0.71240,288.82,49.554,10.220,506.43,29.848,28.004,0.008856,-0.004905,-0.028351,16.847,23.599
17.910156,3,65,3858.98,14.6624,0.72204,291.78,49.547,10.274,509.03,29.851,28.007,-0.032894,0.010548,-0.018223,16.903,23.599
17.914063,3,65,3876.69,14.7596,0.71615,290.73,49.542,10.240,507.30,29.855,28.009,-0.009473,-0.023182,0.001392,16.854,23.599
17.917969,3,65,3876.99,14.8573,0.71231,289.20,49.548,10.237,507.24,29.858,28.012,-0.066268,0.004626,-0.033408,16.954,23.599
17.921875,3,65,3860.92,14.7604,0.70978,286.98,49.545,10.160,503.39,29.861,28.014,0.059426,0.005109,-0.021788,16.800,23.599
17.925781,3,65,3865.73,14.7100,0.71585,289.79,49.551,10.171,503.98,29.864,28.016,-0.024166,0.016997,-0.005527,16.814,23.599
17.929688,3,65,3863.41,14.8175,0.71558,289.51,49.591,10.002,496.02,29.867,28.019,-0.012919,-0.040748,0.021240,16.816,23.599
17.933594,3,65,3873.52,14.7423,0.72366,293.54,49.567,10.185,504.83,29.870,28.021,-0.063411,-0.001188,-0.028708,16.765,23.599
17.937500,3,65,3880.45,14.8974,0.71950,292.38,49.571,10.135,502.38,29.873,28.023,0.065920,0.071277,0.037435,16.855,23.599
17.941406,3,65,3869.07,14.6450,0.71779,290.83,49.584,10.191,505.29,29.876,28.026,-0.020245,0.016355,-0.001318,16.863,23.599
17.945313,3,65,3864.59,14.6915,0.70029,283.41,49.565,10.289,509.97,29.879,28.028,-0.060591,0.004778,-0.035858,16.848,23.599
17.949219,3,65,3870.87,14.7629,0.72672,294.58,49.569,10.233,507.26,29.882,28.030,0.006036,0.038209,0.015083,16.987,23.599
17.953125,3,65,3871.50,14.8721,0.70990,287.81,49.554,10.308,510.79,29.886,28.033,-0.006153,-0.012569,-0.013795,16.873,23.599
17.957031,3,65,3876.24,14.7639,0.71605,290.66,49.565,10.190,505.06,29.889,28.035,0.069110,0.067409,0.035409,16.795,23.599
17.960938,3,65,3871.30,14.7236,0.72431,293.64,49.563,10.210,506.05,29.892,28.037,-0.055659,0.002810,-0.031988,16.955,23.599
17.964844,3,65,3878.15,14.8182,0.72025,292.51,49.536,10.291,509.76,29.895,28.040,0.079316,0.040958,0.012862,16.958,23.599
17.968750,3,65,3880.91,14.8233,0.72259,293.66,49.540,10.352,512.83,29.898,28.042,0.058389,0.005531,-0.020896,16.934,23.599
17.972656,3,65,3860.18,14.8557,0.71327,288.33,49.562,10.149,503.00,29.901,28.045,0.043078,-0.004949,-0.035326,16.777,23.599
17.976563,3,65,3869.71,14.8160,0.71356,289.16,49.542,10.310,510.80,29.904,28.047,0.001593,-0.007330,-0.021940,16.770,23.599
17.980469,3,65,3878.82,14.7888,0.71743,291.41,49.577,10.231,507.21,29.907,28.049,0.005842,-0.005259,-0.025980,16.870,23.599
17.984375,3,65,3880.71,14.8418,0.70299,285.69,49.559,10.158,503.41,29.911,28.052,0.075979,0.023553,-0.001413,16.838,23.599
17.988281,3,65,3871.86,14.9013,0.71017,287.94,49.544,10.342,512.38,29.914,28.054,-0.066062,0.005228,-0.034705,16.824,23.599
17.992188,3,65,3879.06,14.8383,0.72672,295.20,49.532,10.354,512.88,29.917,28.057,0.069266,0.022940,-0.005721,16.912,23.599
17.996094,3,65,3868.96,14.7501,0.72841,295.12,49.576,10.239,507.63,29.920,28.059,-0.008289,-0.016040,-0.006925,16.835,23.599
18.000000,3,65,3875.26,14.9070,0.70831,287.44,49.557,10.282,509.53,29.923,28.061,-0.025430,-0.071050,0.033622,16.917,23.599
18.003906,3,65,3873.36,14.8284,0.70819,287.25,49.591,10.200,505.85,29.926,28.064,0.056224,0.003761,-0.025606,16.800,23.600
18.007813,3,65,3876.47,14.8844,0.70932,287.95,49.545,10.242,507.43,29.929,28.066,-0.007893,-0.019898,-0.002900,16.955,23.600
18.011719,3,65,3873.41,14.8123,0.72089,292.41,49.568,10.242,507.68,29.932,28.068,-0.061908,0.001045,-0.028559,16.960,23.600
18.015625,3,65,3869.43,14.8080,0.72008,291.78,49.579,10.150,503.21,29.936,28.071,-0.066996,0.004592,-0.035385,16.886,23.600
18.019531,3,65,3874.10,14.8993,0.72221,293.00,49.528,10.269,508.61,29.939,28.073,-0.015807,-0.039194,0.018871,16.863,23.600
18.023438,3,65,3871.91,14.8347,0.71993,291.91,49.556,10.216,506.27,29.942,28.075,0.062961,0.070208,0.034222,16.861,23.600
18.027344,3,65,3868.60,14.6860,0.71118,288.11,49.564,10.209,506.01,29.945,28.078,0.022163,-0.002289,-0.037095,16.692,23.600
18.031250,3,65,3881.14,14.7238,0.72861,296.13,49.546,10.328,511.72,29.948,28.080,0.015135,-0.002118,-0.032400,16.885,23.600
18.035156,3,65,3877.11,14.7831,0.71562,290.55,49.561,10.316,511.29,29.951,28.083,0.003489,-0.006716,-0.019820,16.841,23.600
18.039063,3,65,3870.42,14.7868,0.71977,291.73,49.556,10.198,505.37,29.954,28.085,-0.035385,-0.050305,0.024593,16.749,23.600
18.042969,3,65,3876.44,14.8308,0.71496,290.23,49.530,10.339,512.10,29.957,28.087,-0.052637,-0.024118,-0.002184,16.921,23.600
18.046875,3,65,3878.93,14.9359,0.72739,295.47,49.552,10.196,505.25,29.960,28.090,-0.053579,-0.021212,-0.004726,16.904,23.600
18.050781,3,65,3875.60,14.9075,0.71159,288.80,49.547,10.171,503.92,29.963,28.092,-0.012971,0.025543,0.002451,16.831,23.600
18.054688,3,65,3876.47,14.9101,0.72163,292.94,49.554,10.255,508.15,29.967,28.094,-0.013341,-0.031344,0.009432,16.822,23.600
18.058594,3,65,3878.40,14.7855,0.71045,288.55,49.559,10.159,503.49,29.970,28.097,0.037098,-0.004223,-0.032849,16.935,23.600
18.062500,3,65,3873.84,14.9233,0.71768,291.14,49.567,10.195,505.35,29.973,28.099,0.074370,0.031419,0.006301,17.000,23.600
18.066406,3,65,3874.88,14.8658,0.71409,289.76,49.589,10.152,503.45,29.976,28.101,-0.061788,-0.002618,-0.023531,16.847,23.600
18.070313,3,65,3880.51,14.8099,0.71820,291.85,49.567,10.243,507.74,29.979,28.103,-0.050757,-0.026365,0.000744,16.870,23.600
18.074219,3,65,3883.85,14.8289,0.71857,292.25,49.542,10.324,511.46,29.982,28.106,-0.011907,0.024915,-0.000555,16.856,23.600
18.078125,3,65,3875.20,14.7264,0.70921,287.81,49.588,10.089,500.31,29.985,28.108,-0.031222,-0.066629,0.037255,16.792,23.600
18.082031,3,65,3882.45,14.7941,0.72504,294.78,49.551,10.338,512.27,29.988,28.110,0.042311,0.062560,0.032918,16.884,23.600
18.085938,3,65,3880.49,14.8027,0.72437,294.36,49.545,10.218,506.24,29.991,28.113,-0.050659,-0.023446,-0.001743,16.757,23.600
18.089844,3,65,3880.98,14.9061,0.72071,292.91,49.549,10.337,512.21,29.994,28.115,0.068832,0.064927,0.032956,16.892,23.600
18.093750,3,65,3880.88,14.8022,0.71324,289.86,49.534,10.284,509.40,29.997,28.118,0.027495,-0.003640,-0.036236,16.810,23.600
18.097656,3,65,3890.84,14.8470,0.71109,289.73,49.586,10.282,509.86,30.000,28.120,-0.023365,-0.066255,0.036591,16.855,23.600
18.101563,3,65,3886.15,14.8240,0.72170,293.70,49.545,10.241,507.41,30.003,28.122,-0.000313,-0.011339,-0.013108,16.927,23.600
18.105469,3,65,3881.00,14.8461,0.71486,290.53,49.562,10.235,507.29,30.007,28.125,0.075882,0.062733,0.029549,16.915,23.600
18.109375,3,65,3881.06,14.8900,0.71297,289.77,49.572,10.222,506.74,30.010,28.127,0.004537,-0.005745,-0.024065,16.929,23.600
18.113281,3,65,3869.38,14.8070,0.71957,291.57,49.599,10.158,503.86,30.013,28.129,0.076530,0.062831,0.031162,16.745,23.600
18.117188,3,65,3881.66,14.8594,0.70977,288.51,49.567,10.136,502.39,30.016,28.131,0.060499,0.069197,0.035189,16.829,23.600
18.121094,3,65,3875.18,14.7386,0.71516,290.22,49.570,10.205,505.87,30.019,28.134,0.011513,-0.003754,-0.030057,16.886,23.600
18.125000,3,65,3879.87,14.8579,0.72247,293.54,49.537,10.346,512.51,30.022,28.136,0.040556,0.064574,0.033047,16.817,23.600
18.128906,3,65,3891.43,14.9371,0.72117,293.88,49.581,10.388,515.04,30.025,28.138,-0.067845,0.000408,-0.032419,16.928,23.600
18.132813,3,65,3885.98,14.7570,0.72406,294.65,49.562,10.280,509.48,30.028,28.141,0.007260,-0.007134,-0.022973,16.983,23.600
18.136719,3,65,3877.93,14.8039,0.71282,289.47,49.581,10.241,507.78,30.031,28.143,0.074385,0.018970,-0.004380,16.857,23.600
18.140625,3,65,3881.03,14.7919,0.71599,290.99,49.552,10.299,510.34,30.034,28.145,0.001579,-0.008083,-0.021960,16.888,23.600
18.144531,3,65,3880.23,14.7969,0.70777,287.59,49.543,10.193,504.98,30.037,28.148,-0.003834,-0.011673,-0.017119,16.799,23.600
18.148438,3,65,3885.19,14.8602,0.71364,290.35,49.537,10.444,517.34,30.040,28.150,0.081547,0.040657,0.015545,16.810,23.600
18.152344,3,65,3890.42,14.8191,0.72052,293.54,49.570,10.437,517.38,30.043,28.152,0.017590,0.048711,0.020774,16.965,23.600
18.156250,3,65,3892.54,14.9779,0.72784,296.69,49.547,10.366,513.62,30.047,28.155,-0.045630,0.005009,-0.024159,16.819,23.600
18.160156,3,65,3877.62,14.8221,0.72160,293.02,49.559,10.246,507.78,30.050,28.157,-0.037225,-0.055998,0.024519,16.832,23.600
18.164063,3,65,3875.47,14.7756,0.70968,288.02,49.571,10.323,511.71,30.053,28.159,0.063433,0.012323,-0.016602,16.874,23.600
18.167969,3,65,3885.71,14.8067,0.72337,294.35,49.527,10.326,511.41,30.056,28.162,-0.026278,-0.070175,0.038111,16.951,23.600
18.171875,3,65,3883.34,14.8768,0.72614,295.29,49.579,10.281,509.73,30.059,28.164,0.073317,0.058620,0.030175,16.928,23.600
18.175781,3,65,3890.40,14.9566,0.73722,300.34,49.583,10.209,506.19,30.062,28.166,-0.018535,-0.055407,0.024782,16.954,23.600
18.179688,3,65,3877.26,14.8665,0.71344,289.68,49.575,10.278,509.54,30.065,28.169,-0.062986,0.000400,-0.033243,16.907,23.600
18.183594,3,65,3878.51,14.8830,0.71606,290.83,49.566,10.191,505.11,30.068,28.171,-0.006031,-0.012279,-0.015220,16.886,23.600
18.187500,3,65,3879.92,14.8961,0.72545,294.75,49.588,10.209,506.22,30.071,28.173,0.069082,0.070038,0.034075,16.818,23.600
18.191406,3,65,3887.36,14.9472,0.71148,289.63,49.540,10.296,510.07,30.074,28.176,-0.030225,-0.066205,0.034837,16.966,23.600
18.195313,3,65,3882.68,15.0059,0.71445,290.49,49.541,10.392,514.85,30.077,28.178,-0.008796,-0.018387,-0.004460,16.959,23.600
18.199219,3,65,3886.53,15.0080,0.72356,294.49,49.556,10.290,509.94,30.080,28.180,-0.060628,0.001263,-0.032364,16.966,23.600
18.203125,3,65,3894.48,15.0930,0.72932,297.44,49.559,10.265,508.73,30.083,28.182,-0.015126,-0.059331,0.029164,17.038,23.600
18.207031,3,65,3887.12,15.0124,0.72414,294.77,49.588,10.189,505.25,30.086,28.185,-0.020228,-0.063457,0.034188,16.870,23.600
18.210938,3,65,3875.25,14.8087,0.70853,287.53,49.594,10.263,509.00,30.089,28.187,0.075784,0.027323,0.002410,16.759,23.600
18.214844,3,65,3886.44,14.8601,0.71982,292.96,49.563,10.260,508.52,30.092,28.189,-0.063631,0.001945,-0.035812,16.950,23.600
18.218750,3,65,3875.23,14.9306,0.71564,290.42,49.551,10.308,510.77,30.095,28.192,-0.049543,-0.028023,0.001393,16.768,23.600
18.222656,3,65,3889.17,14.9816,0.72022,293.33,49.546,10.310,510.81,30.098,28.194,0.076738,0.033730,0.009077,17.003,23.600
18.226563,3,65,3888.25,15.0037,0.71306,290.34,49.551,10.366,513.64,30.102,28.196,0.078896,0.047644,0.020189,16.801,23.600
18.230469,3,65,3879.76,14.8393,0.71731,291.43,49.548,10.330,511.83,30.105,28.199,-0.061989,0.002858,-0.036044,16.905,23.600
18.234375,3,65,3880.03,14.7819,0.71136,289.04,49.578,10.218,506.59,30.108,28.201,0.081619,0.043267,0.015569,16.925,23.600
18.238281,3,65,3892.57,14.9943,0.71675,292.17,49.557,10.311,510.96,30.111,28.203,0.068830,0.010618,-0.013318,16.878,23.600
18.242188,3,65,3874.99,14.8882,0.71308,289.36,49.566,10.142,502.72,30.114,28.205,0.077991,0.051766,0.024846,16.805,23.600
18.246094,3,65,3893.67,14.9834,0.70961,289.34,49.549,10.247,507.72,30.117,28.208,0.054347,0.066896,0.034728,16.980,23.600
18.250000,3,65,3881.99,14.8733,0.71329,289.97,49.560,10.312,511.04,30.120,28.210,-0.061233,0.001554,-0.028220,16.913,23.600
18.253906,3,65,3873.32,14.8267,0.71154,288.61,49.582,10.255,508.48,30.123,28.212,0.005900,-0.004806,-0.024496,16.851,23.600
18.257813,3,65,3881.23,14.8878,0.70877,288.07,49.580,10.307,511.01,30.126,28.214,0.044280,0.066122,0.033725,16.754,23.600
18.261719,3,65,3887.74,14.9788,0.72286,294.29,49.542,10.308,510.68,30.129,28.217,0.047636,0.001816,-0.031373,16.986,23.600
18.265625,3,65,3890.39,14.9297,0.72427,295.07,49.553,10.405,515.58,30.132,28.219,0.024199,-0.004529,-0.039050,16.889,23.600
18.269531,3,65,3884.58,14.9642,0.70850,288.21,49.535,10.341,512.23,30.135,28.221,-0.066266,0.000944,-0.037327,16.829,23.600
18.273438,3,65,3877.83,14.7831,0.71853,291.78,49.570,10.187,504.97,30.138,28.224,0.028351,0.059028,0.028473,16.912,23.600
18.277344,3,65,3893.10,15.0617,0.73293,298.80,49.549,10.340,512.35,30.141,28.226,-0.029006,0.013847,-0.011204,16.967,23.600
18.281250,3,65,3883.06,15.0014,0.71986,292.72,49.523,10.283,509.25,30.144,28.228,0.074068,0.062499,0.031087,17.023,23.600
18.285156,3,65,3888.25,14.9783,0.70887,288.63,49.541,10.246,507.57,30.147,28.230,-0.013714,0.024171,0.004905,16.849,23.600
18.289063,3,65,3889.95,14.9009,0.72977,297.28,49.559,10.293,510.09,30.150,28.233,-0.055552,-0.014515,-0.009165,16.881,23.600
18.292969,3,65,3888.52,14.8884,0.71745,292.15,49.557,10.287,509.77,30.153,28.235,-0.020210,-0.061790,0.033263,16.816,23.600
18.296875,3,65,3886.66,14.8773,0.71955,292.86,49.558,10.313,511.07,30.156,28.237,0.068158,0.014480,-0.012679,16.785,23.600
18.300781,3,65,3886.10,14.9076,0.72286,294.17,49.572,10.155,503.42,30.159,28.239,0.035667,-0.005145,-0.036108,16.889,23.600
18.304688,3,65,3887.39,14.8877,0.73319,298.47,49.552,10.162,503.56,30.162,28.242,-0.011281,0.026132,0.002128,16.914,23.600
18.308594,3,65,3885.81,14.8510,0.71837,292.32,49.551,10.302,510.48,30.165,28.244,-0.059516,-0.012249,-0.012082,16.940,23.600
18.312500,3,65,3891.02,14.9793,0.71940,293.13,49.563,10.245,507.79,30.168,28.246,-0.022872,-0.070862,0.037591,16.961,23.600
18.316406,3,65,3894.51,14.8739,0.71339,290.94,49.527,10.288,509.56,30.171,28.248,-0.050661,0.006390,-0.026361,16.995,23.600
18.320313,3,65,3879.20,14.9693,0.70775,287.51,49.547,10.211,505.90,30.174,28.251,-0.010236,-0.032639,0.007119,16.927,23.600
18.324219,3,65,3884.61,14.9466,0.70852,288.22,49.563,10.249,507.95,30.177,28.253,0.008862,-0.001862,-0.029136,17.045,23.600
18.328125,3,65,3892.83,14.9224,0.71068,289.71,49.515,10.429,516.41,30.180,28.255,0.075771,0.057629,0.029230,16.846,23.600
18.332031,3,65,3883.51,14.9357,0.71773,291.89,49.553,10.077,499.35,30.183,28.257,-0.019320,-0.059817,0.032635,16.863,23.600
18.335938,3,65,3893.81,14.9625,0.72369,295.09,49.573,10.131,502.24,30.186,28.259,-0.022613,0.020507,-0.005253,16.999,23.600
18.339844,3,65,3887.15,14.8839,0.71956,292.91,49.560,10.179,504.47,30.189,28.262,0.083103,0.045875,0.018803,16.868,23.600
18.343750,3,65,3884.28,14.7798,0.70974,288.69,49.565,10.226,506.88,30.192,28.264,-0.019872,-0.059245,0.032721,16.960,23.600
18.347656,3,65,3891.57,14.9248,0.72220,294.31,49.520,10.365,513.25,30.195,28.266,0.031149,0.057856,0.029072,16.958,23.600
18.351563,3,65,3882.82,14.9721,0.70407,286.28,49.555,10.275,509.19,30.198,28.268,-0.028395,-0.067631,0.034758,16.888,23.600
18.355469,3,65,3884.25,14.9583,0.72379,294.41,49.560,10.408,515.84,30.201,28.271,0.046141,-0.001067,-0.030444,16.872,23.600
18.359375,3,65,3880.29,14.8391,0.72331,293.91,49.540,10.349,512.70,30.204,28.273,0.029588,-0.001039,-0.036108,16.910,23.600
18.363281,3,65,3883.29,14.9104,0.72342,294.19,49.548,10.275,509.12,30.207,28.275,-0.015268,-0.044990,0.018763,16.971,23.600
18.367188,3,65,3894.22,14.9488,0.71923,293.30,49.533,10.351,512.70,30.210,28.277,0.067421,0.069478,0.034790,16.969,23.600
18.371094,3,65,3885.10,14.9379,0.71406,290.51,49.547,10.228,506.75,30.213,28.280,-0.019277,-0.067336,0.035993,16.856,23.600
18.375000,3,65,3888.77,14.9447,0.72450,295.04,49.570,10.158,503.52,30.216,28.282,-0.025769,0.016279,-0.007604,16.900,23.600
18.378906,3,65,3888.78,14.9533,0.70446,286.88,49.542,10.296,510.08,30.219,28.284,0.074521,0.028396,0.005323,16.885,23.600
18.382813,3,65,3895.47,14.9472,0.72178,294.44,49.540,10.477,519.03,30.222,28.286,-0.015064,-0.044819,0.017303,16.917,23.600
18.386719,3,65,3879.98,14.8177,0.72753,295.60,49.563,10.188,504.95,30.225,28.289,0.019776,0.045528,0.018779,16.867,23.600
18.390625,3,65,3878.58,14.9283,0.72036,292.58,49.564,10.222,506.66,30.228,28.291,-0.063624,0.005011,-0.036337,16.857,23.600
18.394531,3,65,3891.51,14.9109,0.72330,294.76,49.586,10.188,505.20,30.231,28.293,0.044255,0.063679,0.031393,16.907,23.600
18.398438,3,65,3891.46,14.8007,0.72128,293.93,49.559,10.268,508.85,30.234,28.295,0.049549,0.000697,-0.028761,16.964,23.600
18.402344,3,65,3889.40,14.8631,0.71322,290.49,49.542,10.303,510.42,30.237,28.297,-0.044677,0.006158,-0.021684,16.932,23.600
18.406250,3,65,3882.38,14.8605,0.71349,290.08,49.580,10.257,508.56,30.240,28.300,0.017814,0.050238,0.021342,16.751,23.600
18.410156,3,65,3892.45,14.9827,0.71288,290.58,49.532,10.387,514.51,30.243,28.302,0.020170,-0.003263,-0.038047,16.986,23.600
18.414063,3,65,3891.15,14.9232,0.73751,300.52,49.592,10.249,508.24,30.246,28.304,0.073909,0.024862,0.000596,16.874,23.600
18.417969,3,65,3899.79,15.0401,0.73609,300.61,49.557,10.331,511.99,30.249,28.306,0.070010,0.066504,0.034564,16.905,23.600
18.421875,3,65,3892.47,14.9126,0.72018,293.56,49.571,10.220,506.63,30.251,28.308,0.071774,0.068322,0.034388,16.903,23.600
18.425781,3,65,3889.27,14.9721,0.72658,295.93,49.547,10.317,511.16,30.254,28.311,0.009245,-0.004476,-0.029367,16.897,23.600
18.429688,3,65,3887.95,14.8640,0.72532,295.31,49.562,10.141,502.63,30.257,28.313,0.066558,0.015002,-0.013782,16.865,23.600
18.433594,3,65,3890.53,14.9475,0.72648,295.98,49.546,10.401,515.31,30.260,28.315,0.052152,-0.000650,-0.027482,16.914,23.600
18.437500,3,65,3892.83,14.8709,0.72486,295.49,49.558,10.280,509.46,30.263,28.317,0.069538,0.012100,-0.013868,16.978,23.600
18.441406,3,65,3900.19,14.9730,0.72170,294.76,49.551,10.378,514.22,30.266,28.320,-0.062897,-0.008798,-0.020449,17.116,23.600
18.445313,3,65,3897.28,14.9679,0.71543,291.98,49.535,10.311,510.75,30.269,28.322,0.070088,0.066104,0.032937,17.027,23.600
18.449219,3,65,3901.96,15.0689,0.72803,297.48,49.576,10.380,514.61,30.272,28.324,-0.064296,0.003369,-0.037913,17.006,23.600
18.453125,3,65,3887.30,14.7987,0.71753,292.09,49.592,10.180,504.84,30.275,28.326,-0.018237,-0.061221,0.031052,16.966,23.600
18.457031,3,65,3889.28,15.0077,0.71681,291.95,49.581,10.215,506.46,30.278,28.328,-0.003855,-0.011493,-0.016226,16.944,23.600
18.460938,3,65,3889.49,14.9424,0.72615,295.76,49.584,10.297,510.56,30.281,28.331,-0.057648,-0.012426,-0.009743,16.915,23.600
18.464844,3,65,3899.66,15.0276,0.73395,299.72,49.530,10.413,515.76,30.284,28.333,0.070548,0.066108,0.031642,17.091,23.600
18.468750,3,65,3897.38,14.9496,0.71913,293.50,49.576,10.269,509.12,30.287,28.335,-0.040814,-0.044605,0.016067,16.945,23.600
18.472656,3,65,3887.57,14.9229,0.73174,297.90,49.564,10.155,503.35,30.290,28.337,-0.044070,0.010278,-0.023499,16.953,23.600
18.476563,3,65,3896.08,15.0907,0.72399,295.38,49.553,10.233,507.07,30.293,28.339,-0.064308,-0.001974,-0.025990,16.943,23.600
18.480469,3,65,3888.88,14.9481,0.72540,295.41,49.549,10.272,508.96,30.296,28.341,-0.066629,0.002651,-0.034436,16.972,23.600
18.484375,3,65,3901.84,15.0023,0.72312,295.46,49.561,10.352,513.07,30.299,28.344,0.044607,0.065230,0.035240,16.882,23.600
18.488281,3,65,3879.93,14.9145,0.71436,290.25,49.529,10.289,509.59,30.302,28.346,-0.024376,-0.068855,0.035736,17.005,23.600
18.492188,3,65,3889.50,14.9052,0.72013,293.31,49.564,10.296,510.30,30.305,28.348,-0.060213,-0.003303,-0.022971,16.908,23.600
18.496094,3,65,3891.23,14.9542,0.72015,293.45,49.567,10.323,511.67,30.308,28.350,-0.018523,-0.063895,0.034020,16.861,23.600
18.500000,3,65,3893.36,14.9738,0.71917,293.21,49.553,10.331,511.92,30.311,28.352,-0.010616,-0.021017,0.000854,16.894,23.600
18.503906,3,65,3890.71,14.8576,0.73051,297.63,49.564,10.343,512.66,30.314,28.355,-0.045798,0.004480,-0.025117,16.918,23.600
18.507813,3,65,3895.22,14.8911,0.73010,297.81,49.555,10.335,512.13,30.316,28.357,-0.020055,-0.063520,0.031334,16.920,23.600
18.511719,3,65,3884.39,14.7755,0.72270,293.98,49.534,10.350,512.67,30.319,28.359,-0.007503,-0.020406,-0.002733,16.804,23.600
18.515625,3,65,3893.14,14.9290,0.73151,298.23,49.539,10.306,510.53,30.322,28.361,0.002054,-0.004549,-0.021158,17.014,23.600
18.519531,3,65,3894.61,14.9201,0.71622,292.11,49.558,10.393,515.06,30.325,28.363,0.069821,0.066455,0.033363,16.994,23.600
18.523438,3,65,3893.36,14.9412,0.72937,297.37,49.542,10.302,510.39,30.328,28.366,-0.001661,0.034471,0.008424,16.999,23.600
18.527344,3,65,3888.10,14.9114,0.71083,289.42,49.523,10.430,516.54,30.331,28.368,-0.028505,-0.065778,0.034103,16.919,23.600
18.531250,3,65,3894.97,14.9174,0.71211,290.46,49.530,10.369,513.56,30.334,28.370,0.003998,0.033380,0.010215,16.925,23.600
18.535156,3,65,3888.49,14.9663,0.71492,291.12,49.560,10.307,510.84,30.337,28.372,0.069507,0.015703,-0.011084,16.828,23.600
18.539063,3,65,3882.85,14.9482,0.70745,287.66,49.545,10.301,510.39,30.340,28.374,-0.057751,-0.007350,-0.015482,16.892,23.600
18.542969,3,65,3897.70,14.9311,0.71870,293.35,49.555,10.360,513.36,30.343,28.377,-0.026637,-0.067787,0.037697,16.912,23.600
18.546875,3,65,3892.02,14.8647,0.72295,294.65,49.537,10.382,514.29,30.346,28.379,0.060871,0.071419,0.037603,16.882,23.600
18.550781,3,65,3900.66,14.9640,0.72109,294.55,49.558,10.379,514.35,30.349,28.381,0.016407,0.045761,0.020335,16.935,23.600
18.554688,3,65,3893.64,15.0367,0.71539,291.69,49.535,10.391,514.70,30.352,28.383,0.063915,0.064852,0.038124,16.938,23.600
18.558594,3,65,3895.54,14.9430,0.72261,294.78,49.543,10.317,511.15,30.355,28.386,-0.029164,0.012458,-0.009117,16.861,23.600
18.562500,3,65,3894.37,15.0310,0.73451,299.55,49.528,10.458,517.97,30.358,28.388,-0.067148,0.004213,-0.036390,16.948,23.600
18.566406,3,65,3895.95,15.0654,0.72375,295.28,49.539,10.363,513.37,30.361,28.390,-0.022542,-0.069617,0.037912,16.852,23.600
18.570313,3,65,3888.93,14.9709,0.73240,298.27,49.528,10.376,513.92,30.364,28.392,-0.033442,-0.055271,0.023188,16.954,23.600
18.574219,3,65,3903.09,15.0268,0.71868,293.74,49.544,10.333,511.93,30.367,28.394,0.051012,-0.000829,-0.031820,17.023,23.600
18.578125,3,65,3897.30,14.9675,0.73618,300.45,49.559,10.336,512.23,30.370,28.397,-0.061025,-0.007739,-0.015659,16.941,23.600
18.582031,3,65,3886.63,14.8993,0.71551,291.22,49.553,10.290,509.90,30.373,28.399,-0.047330,-0.032639,0.003870,17.012,23.600
18.585938,3,65,3901.61,14.9873,0.72792,297.41,49.583,10.317,511.56,30.376,28.401,-0.024041,-0.071362,0.034179,16.973,23.600
18.589844,3,65,3905.40,15.0579,0.72300,295.69,49.556,10.238,507.36,30.379,28.403,0.023465,0.052072,0.023493,17.012,23.600
18.593750,3,65,3905.46,15.1226,0.73143,299.14,49.554,10.252,508.01,30.381,28.405,0.047665,-0.002258,-0.033149,16.856,23.600
18.597656,3,65,3885.02,14.8550,0.71702,291.71,49.555,10.155,503.23,30.384,28.407,0.073497,0.025006,0.000705,16.908,23.600
18.601563,3,65,3885.73,14.9498,0.72857,296.46,49.535,10.256,508.05,30.387,28.409,-0.040221,-0.038651,0.008705,16.933,23.600
18.605469,3,65,3892.88,14.9499,0.71231,290.38,49.568,10.287,509.91,30.390,28.411,0.079603,0.050531,0.021016,17.054,23.600
18.609375,3,65,3890.67,14.8139,0.71531,291.44,49.517,10.286,509.30,30.393,28.414,-0.053086,-0.016526,-0.008687,16.925,23.600
18.613281,3,65,3889.67,14.9194,0.71457,291.06,49.554,10.242,507.53,30.396,28.416,-0.035918,-0.048941,0.018779,16.930,23.600
18.617188,3,65,3884.33,14.9080,0.72503,294.92,49.571,10.282,509.70,30.399,28.418,0.060580,0.007929,-0.021575,16.868,23.600
18.621094,3,65,3900.65,14.9854,0.73083,298.53,49.553,10.378,514.27,30.402,28.420,-0.024807,-0.070363,0.032928,16.918,23.600
18.625000,3,65,3893.90,14.9243,0.71103,289.93,49.542,10.278,509.20,30.405,28.422,-0.058034,-0.011797,-0.010878,16.930,23.600
18.628906,3,65,3893.27,15.0394,0.72482,295.51,49.584,10.207,506.13,30.407,28.424,-0.068129,-0.000850,-0.032774,17.036,23.600
18.632813,3,65,3894.61,15.0641,0.72379,295.19,49.537,10.245,507.51,30.410,28.426,-0.011177,-0.025069,0.004432,16.899,23.600
18.636719,3,65,3905.50,14.9361,0.72156,295.10,49.560,10.333,512.10,30.413,28.428,0.066230,0.067499,0.037053,17.001,23.600
18.640625,3,65,3896.99,14.9346,0.71831,293.14,49.542,10.352,512.83,30.416,28.431,-0.048715,-0.025475,-0.001707,16.887,23.600
18.644531,3,65,3902.82,15.0089,0.73160,299.00,49.541,10.290,509.76,30.419,28.433,-0.064464,-0.002169,-0.027018,16.970,23.600
18.648438,3,65,3900.91,15.0754,0.72910,297.84,49.570,10.295,510.33,30.422,28.435,-0.004016,-0.014820,-0.008386,16.812,23.600
18.652344,3,65,3896.60,14.9053,0.71612,292.21,49.553,10.450,517.83,30.425,28.437,0.020463,-0.002194,-0.036129,16.893,23.600
18.656250,3,65,3899.02,15.0437,0.72241,294.96,49.555,10.480,519.33,30.428,28.439,0.017863,-0.004384,-0.035101,16.935,23.600
18.660156,3,65,3893.79,14.9567,0.72210,294.44,49.557,10.309,510.88,30.431,28.441,0.000063,0.034013,0.010825,16.877,23.600
18.664063,3,65,3904.02,14.9439,0.72355,295.81,49.553,10.386,514.67,30.434,28.444,-0.002784,-0.009533,-0.015460,16.917,23.600
18.667969,3,65,3889.50,14.9673,0.72435,295.03,49.570,10.285,509.82,30.437,28.446,0.080671,0.047746,0.019905,17.002,23.600
18.671875,3,65,3890.78,14.8944,0.70865,288.73,49.544,10.326,511.59,30.439,28.448,-0.066142,0.000915,-0.034861,16.924,23.600
18.675781,3,65,3891.52,14.8745,0.72823,296.77,49.545,10.390,514.79,30.442,28.450,0.043493,-0.002893,-0.030300,16.931,23.600
18.679688,3,65,3896.65,15.0562,0.73228,298.81,49.539,10.367,513.55,30.445,28.452,0.079647,0.054928,0.026964,16.949,23.600
18.683594,3,65,3891.11,15.0098,0.72728,296.35,49.570,10.257,508.44,30.448,28.454,-0.042340,-0.043618,0.013207,16.885,23.600
18.687500,3,65,3886.45,14.9564,0.71999,293.03,49.539,10.439,517.11,30.451,28.456,-0.010932,-0.033910,0.003668,16.909,23.600
18.691406,3,65,3902.73,15.0975,0.71778,293.35,49.556,10.289,509.87,30.454,28.459,-0.065381,0.004593,-0.034629,17.025,23.600
18.695313,3,65,3894.79,14.9293,0.72569,295.98,49.552,10.264,508.62,30.457,28.461,-0.022401,-0.068036,0.034334,16.863,23.600
18.699219,3,65,3892.97,15.0086,0.72409,295.19,49.573,10.410,516.07,30.460,28.463,0.058708,0.003679,-0.023381,16.905,23.600
18.703125,3,65,3895.42,15.0458,0.72908,297.41,49.554,10.409,515.81,30.463,28.465,0.051752,-0.000903,-0.028149,16.962,23.600
18.707031,3,65,3895.46,14.9739,0.71545,291.85,49.532,10.394,514.84,30.466,28.467,-0.019997,-0.060917,0.034473,16.914,23.600
18.710938,3,65,3894.28,15.0201,0.72200,294.44,49.566,10.331,512.08,30.468,28.469,-0.005347,-0.014412,-0.011702,17.048,23.600
18.714844,3,65,3896.59,14.8128,0.71691,292.54,49.534,10.353,512.82,30.471,28.471,0.003748,-0.008015,-0.022624,17.025,23.600
18.718750,3,65,3892.55,14.9808,0.72241,294.48,49.568,10.229,507.03,30.474,28.474,0.004432,-0.007119,-0.021963,16.945,23.600
18.722656,3,65,3892.78,14.9609,0.72586,295.90,49.568,10.233,507.22,30.477,28.476,-0.053869,-0.018066,-0.005664,16.863,23.600
18.726563,3,65,3889.91,14.9108,0.71372,290.73,49.545,10.305,510.56,30.480,28.478,0.060550,0.069172,0.035364,16.776,23.600
18.730469,3,65,3897.00,15.0498,0.72411,295.50,49.559,10.343,512.57,30.483,28.480,-0.018882,-0.063794,0.031899,16.940,23.600
18.734375,3,65,3896.69,15.0690,0.72702,296.67,49.534,10.271,508.79,30.486,28.482,-0.052191,-0.023621,0.001820,16.850,23.600
18.738281,3,65,3902.73,15.0686,0.73582,300.72,49.558,10.351,512.96,30.488,28.484,-0.065958,0.001006,-0.036289,16.961,23.600
18.742188,3,65,3900.25,15.0685,0.72973,298.05,49.567,10.293,510.20,30.491,28.486,0.031819,-0.004636,-0.038126,16.971,23.600
18.746094,3,65,3889.35,14.9281,0.72376,294.78,49.539,10.399,515.15,30.494,28.488,0.079360,0.043445,0.013703,16.959,23.600
18.750000,3,65,3900.19,15.0536,0.71844,293.43,49.558,10.303,510.58,30.497,28.490,-0.065575,0.002515,-0.034862,16.868,23.600
18.753906,3,65,3891.52,14.9829,0.71935,293.15,49.559,10.255,508.21,30.500,28.492,0.014907,-0.004587,-0.037930,16.919,23.600
18.757813,3,65,3891.24,14.8381,0.72774,296.54,49.582,10.197,505.58,30.503,28.494,-0.019514,-0.052907,0.026329,16.831,23.600
18.761719,3,65,3894.08,15.0645,0.72392,295.20,49.567,10.302,510.63,30.506,28.497,-0.041046,-0.046805,0.019630,16.948,23.600
18.765625,3,65,3893.54,14.9718,0.73016,297.71,49.532,10.314,510.84,30.508,28.499,-0.059056,-0.010679,-0.017297,16.946,23.600
18.769531,3,65,3891.12,14.9985,0.72942,297.22,49.541,10.427,516.55,30.511,28.501,0.064086,0.008173,-0.014441,17.038,23.600
18.773438,3,65,3895.70,14.9396,0.71226,290.57,49.547,10.265,508.58,30.514,28.503,-0.029781,0.012135,-0.010616,16.949,23.600
18.777344,3,65,3896.40,14.9650,0.71325,291.03,49.537,10.295,510.01,30.517,28.505,0.001826,-0.007541,-0.022582,16.909,23.600
18.781250,3,65,3901.40,14.9808,0.72191,294.94,49.558,10.329,511.87,30.520,28.507,0.069330,0.016845,-0.007504,16.966,23.600
18.785156,3,65,3885.75,14.9071,0.71733,291.89,49.569,10.354,513.23,30.523,28.509,-0.025468,-0.065481,0.036081,17.014,23.600
18.789063,3,65,3890.33,14.9742,0.72024,293.42,49.546,10.429,516.72,30.526,28.511,0.058311,0.002635,-0.026192,16.974,23.600
18.792969,3,65,3891.89,14.8283,0.72992,297.48,49.551,10.362,513.47,30.528,28.513,0.018742,0.045268,0.022709,16.791,23.600
18.796875,3,65,3886.96,14.8443,0.72054,293.29,49.578,10.174,504.38,30.531,28.515,-0.052337,-0.020318,-0.007190,16.885,23.600
18.800781,3,65,3890.48,14.9199,0.72606,295.80,49.558,10.245,507.72,30.534,28.517,0.056694,0.068900,0.038554,16.927,23.600
18.804688,3,65,3896.44,15.0142,0.73231,298.81,49.568,10.337,512.40,30.537,28.520,0.078412,0.034204,0.004717,17.045,23.600
18.808594,3,65,3892.34,14.9816,0.71353,290.84,49.550,10.344,512.54,30.540,28.522,0.082681,0.048298,0.020265,16.827,23.600
18.812500,3,65,3891.16,14.7986,0.71331,290.66,49.550,10.181,504.49,30.542,28.524,0.044646,0.061066,0.033448,17.033,23.600
18.816406,3,65,3898.93,14.9417,0.71963,293.82,49.570,10.292,510.16,30.545,28.526,-0.056010,-0.010988,-0.015475,17.012,23.600
18.820313,3,65,3887.38,14.8309,0.73558,299.44,49.562,10.426,516.74,30.548,28.528,0.015567,-0.001259,-0.033201,16.843,23.600
18.824219,3,65,3890.01,14.9344,0.72246,294.30,49.550,10.383,514.50,30.551,28.530,-0.009041,-0.016714,-0.005588,16.854,23.600
18.828125,3,65,3889.80,14.9511,0.72724,296.23,49.555,10.259,508.38,30.554,28.532,-0.033092,-0.060513,0.030263,16.870,23.600
18.832031,3,65,3901.43,15.0213,0.72028,294.28,49.539,10.333,511.87,30.557,28.534,-0.018310,-0.058350,0.029463,16.916,23.600
18.835938,3,65,3906.76,15.0951,0.72879,298.16,49.559,10.248,507.87,30.559,28.536,-0.009675,-0.026018,0.001278,17.026,23.600
18.839844,3,65,3896.31,14.9716,0.72170,294.47,49.520,10.418,515.88,30.562,28.538,-0.003487,-0.014074,-0.009287,17.046,23.600
18.843750,3,65,3902.48,15.0953,0.72897,297.90,49.537,10.376,513.99,30.565,28.540,-0.030984,-0.061590,0.030366,16.943,23.600
18.847656,3,65,3898.94,15.0406,0.72035,294.11,49.572,10.343,512.74,30.568,28.542,-0.060132,-0.004600,-0.025104,16.980,23.600
18.851563,3,65,3900.99,15.0490,0.72076,294.44,49.578,10.239,507.62,30.571,28.544,-0.043936,-0.046214,0.017612,16.954,23.600
18.855469,3,65,3896.00,14.9249,0.72980,297.75,49.539,10.474,518.89,30.574,28.547,0.017339,0.001493,-0.034057,16.848,23.600
18.859375,3,65,3901.66,14.9468,0.72501,296.22,49.576,10.255,508.41,30.577,28.549,0.009575,-0.003623,-0.026895,16.874,23.600
18.863281,3,65,3902.62,14.9659,0.72756,297.34,49.518,10.489,519.42,30.579,28.551,-0.023559,0.016794,-0.007998,16.842,23.600
18.867188,3,65,3886.38,14.8290,0.71777,292.12,49.583,10.261,508.76,30.582,28.553,0.065476,0.068960,0.035482,16.946,23.600
18.871094,3,65,3896.20,15.1063,0.71553,291.94,49.542,10.330,511.77,30.585,28.555,-0.003073,-0.015741,-0.012742,16.935,23.600
18.875000,3,65,3893.33,15.0037,0.73601,300.08,49.573,10.243,507.76,30.588,28.557,-0.063303,-0.001044,-0.028079,16.910,23.600
18.878906,3,65,3899.41,14.9343,0.73771,301.24,49.562,10.304,510.71,30.591,28.559,-0.024883,0.018455,-0.004694,16.826,23.600
18.882813,3,65,3890.18,14.8990,0.72194,294.10,49.553,10.251,507.94,30.593,28.561,0.040900,-0.003516,-0.032932,16.866,23.600
18.886719,3,65,3884.56,14.8561,0.72060,293.13,49.574,10.265,508.86,30.596,28.563,-0.065591,0.001045,-0.029198,16.867,23.600
18.890625,3,65,3890.01,14.9594,0.70792,288.38,49.543,10.293,509.92,30.599,28.565,-0.058825,-0.006451,-0.020357,16.929,23.600
18.894531,3,65,3896.29,15.0464,0.73548,300.09,49.531,10.341,512.18,30.602,28.567,0.000337,0.035266,0.009756,17.057,23.600
18.898438,3,65,3892.84,14.9678,0.72921,297.27,49.579,10.357,513.47,30.605,28.569,0.076757,0.054205,0.021703,16.859,23.600
18.902344,3,65,3894.28,14.9509,0.71849,293.01,49.568,10.212,506.17,30.607,28.571,-0.059504,0.002790,-0.034083,17.043,23.600
18.906250,3,65,3899.04,15.0785,0.72328,295.32,49.540,10.372,513.85,30.610,28.573,-0.029585,-0.063959,0.033519,16.854,23.600
18.910156,3,65,3895.87,14.9597,0.72090,294.11,49.557,10.441,517.43,30.613,28.575,-0.058160,0.001655,-0.032302,16.892,23.600
18.914063,3,65,3890.25,14.9209,0.73061,297.64,49.545,10.259,508.28,30.616,28.577,0.022079,-0.002836,-0.035295,16.800,23.600
18.917969,3,65,3900.47,15.0992,0.71931,293.81,49.571,10.347,512.93,30.619,28.579,-0.065186,0.004686,-0.039999,16.908,23.600
18.921875,3,65,3904.27,15.1223,0.73119,298.95,49.541,10.318,511.16,30.621,28.581,0.054044,-0.000571,-0.024654,17.103,23.600
18.925781,3,65,3898.48,15.1068,0.72709,296.83,49.578,10.348,513.01,30.624,28.583,-0.048107,-0.030455,0.003461,16.970,23.600
18.929688,3,65,3894.19,14.9854,0.72993,297.67,49.558,10.299,510.38,30.627,28.585,-0.023129,-0.065709,0.036110,16.862,23.600
18.933594,3,65,3902.12,15.0570,0.71546,292.36,49.551,10.306,510.70,30.630,28.587,0.018356,-0.002486,-0.032698,17.038,23.600
18.937500,3,65,3898.38,15.0343,0.72715,296.85,49.572,10.363,513.73,30.633,28.589,-0.002447,-0.012718,-0.012727,16.957,23.600
18.941406,3,65,3897.39,14.9836,0.70557,287.97,49.528,10.311,510.69,30.635,28.591,0.012138,-0.003049,-0.031355,16.915,23.600
18.945313,3,65,3899.43,15.0140,0.72248,295.02,49.545,10.294,510.03,30.638,28.594,0.055694,0.004222,-0.026358,16.887,23.600
18.949219,3,65,3904.88,15.0144,0.71895,293.99,49.573,10.325,511.83,30.641,28.596,0.065369,0.010989,-0.016429,16.897,23.600
18.953125,3,65,3895.81,14.9152,0.72362,295.21,49.556,10.293,510.10,30.644,28.598,-0.035519,-0.059499,0.027124,16.920,23.600
18.957031,3,65,3903.49,15.1485,0.72787,297.54,49.540,10.445,517.43,30.647,28.600,0.036657,-0.004453,-0.035437,16.982,23.600
18.960938,3,65,3884.77,14.8658,0.72141,293.48,49.559,10.270,508.96,30.649,28.602,-0.035659,-0.048473,0.021233,16.930,23.600
18.964844,3,65,3895.33,15.0362,0.72605,296.17,49.570,10.299,510.51,30.652,28.604,0.064629,0.010486,-0.016119,16.964,23.600
18.968750,3,65,3902.09,14.9149,0.72368,295.71,49.525,10.511,520.55,30.655,28.606,-0.033272,-0.060560,0.029220,16.929,23.600
18.972656,3,65,3891.49,15.0697,0.73483,299.46,49.542,10.362,513.33,30.658,28.608,-0.021899,-0.057164,0.031115,16.925,23.600
18.976563,3,65,3892.43,14.9917,0.71262,290.48,49.542,10.262,508.40,30.661,28.610,0.062222,0.069010,0.034459,16.913,23.600
18.980469,3,65,3892.21,14.9494,0.71494,291.40,49.533,10.327,511.52,30.663,28.612,0.055018,0.001925,-0.028544,16.955,23.600
18.984375,3,65,3884.44,14.8312,0.71138,289.37,49.566,10.176,504.39,30.666,28.614,0.051967,0.068111,0.035600,16.821,23.600
18.988281,3,65,3907.06,15.1575,0.72433,296.36,49.571,10.339,512.51,30.669,28.616,-0.011144,-0.036339,0.010826,17.048,23.600
18.992188,3,65,3907.52,14.9788,0.73006,298.74,49.567,10.236,507.37,30.672,28.618,-0.056268,0.003396,-0.031303,17.057,23.600
18.996094,3,65,3894.32,14.9939,0.71417,291.25,49.577,10.202,505.78,30.674,28.620,-0.021823,0.020922,-0.002898,16.923,23.600
19.000000,3,65,3907.78,15.0267,0.72694,297.48,49.548,10.305,510.60,30.677,28.622,-0.013294,-0.028811,0.004389,17.047,23.600
19.003906,3,65,3891.58,14.9342,0.72525,295.56,49.564,10.298,510.39,30.680,28.624,-0.027915,-0.070817,0.035151,16.947,23.600
19.007813,3,65,3902.46,15.0018,0.72027,294.35,49.556,10.273,509.09,30.682,28.626,0.042274,-0.000528,-0.033593,16.919,23.600
19.011719,3,65,3899.00,15.0547,0.73416,299.76,49.550,10.251,507.92,30.685,28.628,-0.007416,-0.020142,-0.003105,16.922,23.600
19.015625,3,65,3896.13,14.9004,0.71367,291.18,49.559,10.353,513.07,30.688,28.630,-0.067137,0.000274,-0.034945,16.895,23.600
19.019531,3,65,3902.53,15.0161,0.72704,297.12,49.552,10.350,512.87,30.691,28.632,0.058782,0.065522,0.035367,16.928,23.600
19.023438,3,65,3898.04,14.9774,0.72549,296.14,49.548,10.404,515.52,30.694,28.634,-0.043070,0.006814,-0.023798,16.986,23.600
19.027344,3,65,3897.84,15.0058,0.72408,295.55,49.557,10.275,509.21,30.696,28.636,0.065831,0.068712,0.034226,16.898,23.600
19.031250,3,65,3902.82,15.1476,0.72716,297.19,49.529,10.283,509.32,30.699,28.638,-0.034678,0.012287,-0.013958,16.906,23.600
19.035156,3,65,3891.73,15.0082,0.71190,290.13,49.537,10.371,513.73,30.702,28.640,-0.040921,-0.047361,0.019338,17.013,23.600
19.039063,3,65,3895.99,14.9003,0.73297,299.04,49.546,10.273,508.97,30.705,28.642,0.058699,0.001153,-0.025177,17.001,23.600
19.042969,3,65,3897.55,15.0407,0.73065,298.21,49.581,10.379,514.62,30.707,28.644,0.024263,0.054486,0.025813,17.020,23.600
19.046875,3,65,3900.92,15.0371,0.71683,292.83,49.544,10.457,518.09,30.710,28.646,0.020646,-0.000017,-0.034477,16.897,23.600
19.050781,3,65,3902.51,14.9704,0.72837,297.66,49.519,10.336,511.84,30.713,28.648,0.071047,0.069149,0.035825,17.115,23.600
19.054688,3,65,3909.70,15.2150,0.72783,297.99,49.587,10.323,511.89,30.716,28.650,-0.034855,-0.056858,0.023571,17.053,23.600
19.058594,3,65,3886.14,15.0085,0.72108,293.45,49.547,10.335,512.08,30.718,28.652,-0.001110,-0.006034,-0.021019,16.806,23.600
19.062500,3,65,3900.91,15.0447,0.73400,299.84,49.583,10.239,507.68,30.721,28.654,0.021062,0.001021,-0.033492,16.981,23.600
19.066406,3,65,3891.24,14.9008,0.72630,295.96,49.566,10.260,508.53,30.724,28.656,-0.021554,-0.056235,0.033687,17.019,23.600
19.070313,3,65,3890.59,15.0344,0.73245,298.42,49.531,10.178,504.11,30.726,28.658,-0.023170,-0.068297,0.035452,16.782,23.600
19.074219,3,65,3892.23,15.0696,0.71594,291.81,49.547,10.411,515.83,30.729,28.660,0.015932,-0.001193,-0.033731,16.988,23.600
19.078125,3,65,3896.53,14.8552,0.71764,292.83,49.579,10.316,511.44,30.732,28.662,-0.004053,0.032890,0.009896,16.915,23.600
19.082031,3,65,3889.87,14.9051,0.72292,294.48,49.593,10.196,505.67,30.735,28.663,0.070456,0.067608,0.034360,16.898,23.600
19.085938,3,65,3891.90,14.9716,0.72493,295.45,49.545,10.297,510.16,30.737,28.665,0.019670,0.049817,0.024803,16.906,23.600
19.089844,3,65,3901.13,15.0694,0.73210,299.08,49.540,10.283,509.40,30.740,28.667,0.072752,0.026852,0.001306,16.812,23.600
19.093750,3,65,3905.50,15.0569,0.72381,296.03,49.555,10.455,518.08,30.743,28.669,-0.066018,0.004247,-0.034488,16.980,23.600
19.097656,3,65,3898.77,14.9949,0.73276,299.17,49.546,10.342,512.41,30.746,28.671,-0.013243,0.024267,0.001007,16.979,23.600
19.101563,3,65,3899.45,15.0182,0.72085,294.36,49.583,10.316,511.49,30.748,28.673,-0.007050,-0.015759,-0.011904,16.954,23.600
19.105469,3,65,3903.83,14.9931,0.74466,304.42,49.559,10.366,513.75,30.751,28.675,0.060077,0.069458,0.038010,16.834,23.600
19.109375,3,65,3892.45,15.0176,0.72483,295.45,49.548,10.283,509.51,30.754,28.677,-0.049598,-0.023002,0.000068,16.996,23.600
19.113281,3,65,3897.46,14.9959,0.72370,295.37,49.536,10.366,513.51,30.757,28.679,-0.020798,-0.068805,0.032628,17.084,23.600
19.117188,3,65,3907.37,15.1558,0.72206,295.45,49.558,10.289,509.93,30.759,28.681,-0.007041,0.030593,0.005805,16.966,23.600
19.121094,3,65,3894.66,15.0693,0.72876,297.22,49.564,10.208,505.95,30.762,28.683,0.079237,0.040607,0.015598,16.926,23.600
19.125000,3,65,3900.85,15.0628,0.71912,293.76,49.548,10.296,510.13,30.765,28.685,0.005566,-0.007158,-0.025197,17.038,23.600
19.128906,3,65,3901.66,14.9668,0.72701,297.04,49.577,10.312,511.24,30.767,28.687,-0.040530,0.006896,-0.020347,17.056,23.600
19.132813,3,65,3891.98,14.8532,0.72150,294.06,49.550,10.290,509.88,30.770,28.689,0.061604,0.070536,0.036471,16.862,23.600
19.136719,3,65,3905.46,15.1456,0.73388,300.14,49.527,10.501,520.06,30.773,28.691,-0.033962,-0.059845,0.031751,17.029,23.600
19.140625,3,65,3899.04,14.9674,0.71555,292.16,49.567,10.321,511.56,30.776,28.693,-0.064166,-0.000625,-0.038769,16.899,23.600
19.144531,3,65,3894.61,14.9914,0.72562,295.94,49.569,10.249,508.05,30.778,28.695,-0.043028,-0.038325,0.009662,17.011,23.600
19.148438,3,65,3895.01,14.9056,0.71757,292.69,49.550,10.263,508.51,30.781,28.697,0.049421,0.067504,0.034795,16.886,23.600
19.152344,3,65,3895.39,15.0417,0.73134,298.33,49.545,10.282,509.42,30.784,28.699,-0.007280,-0.015127,-0.010502,16.993,23.600
19.156250,3,65,3899.84,15.0011,0.72820,297.39,49.531,10.336,511.96,30.786,28.701,0.072530,0.070622,0.034558,17.010,23.600
19.160156,3,65,3891.67,15.0476,0.72102,293.84,49.571,10.303,510.74,30.789,28.703,-0.062811,-0.006286,-0.020324,17.008,23.600
19.164063,3,65,3897.16,15.0215,0.72199,294.65,49.562,10.370,513.96,30.792,28.705,-0.062030,-0.004326,-0.025413,17.004,23.600
19.167969,3,65,3899.59,14.9357,0.73095,298.49,49.551,10.218,506.30,30.795,28.707,-0.068742,0.003159,-0.033503,16.932,23.600
19.171875,3,65,3894.90,14.9606,0.72533,295.84,49.584,10.326,511.98,30.797,28.709,-0.017304,-0.063327,0.029224,16.888,23.600
19.175781,3,65,3903.31,14.9789,0.72821,297.66,49.550,10.365,513.61,30.800,28.711,-0.014452,-0.038459,0.013745,16.890,23.600
19.179688,3,65,3903.34,15.0075,0.73082,298.73,49.541,10.283,509.42,30.803,28.712,-0.059726,-0.007677,-0.017613,16.989,23.600
19.183594,3,65,3897.04,15.0517,0.72045,294.02,49.548,10.329,511.80,30.805,28.714,0.008803,0.037768,0.017470,17.003,23.600
19.187500,3,65,3891.00,14.9090,0.73337,298.82,49.574,10.244,507.82,30.808,28.716,0.035340,-0.002847,-0.034967,16.913,23.600
19.191406,3,65,3895.11,14.9258,0.72626,296.24,49.560,10.350,512.96,30.811,28.718,-0.050356,0.001495,-0.029666,16.924,23.600
19.195313,3,65,3898.12,15.0004,0.72145,294.50,49.568,10.335,512.27,30.813,28.720,0.067319,0.067470,0.035959,16.865,23.600
19.199219,3,65,3897.78,14.9165,0.73822,301.32,49.554,10.360,513.37,30.816,28.722,0.066029,0.008982,-0.016660,16.813,23.600
19.203125,3,65,3898.74,15.0475,0.73326,299.37,49.573,10.261,508.68,30.819,28.724,-0.066497,0.001080,-0.033551,16.888,23.600
19.207031,3,65,3896.82,14.8540,0.73257,298.94,49.538,10.448,517.57,30.822,28.726,-0.006821,-0.017503,-0.008164,16.981,23.600
19.210938,3,65,3911.73,15.1559,0.72277,296.07,49.568,10.353,513.20,30.824,28.728,-0.009186,-0.029265,0.005795,17.012,23.600
19.214844,3,65,3892.92,14.9921,0.72572,295.85,49.581,10.292,510.29,30.827,28.730,-0.051061,-0.026920,0.001988,16.979,23.600
19.218750,3,65,3911.80,15.1095,0.72733,297.94,49.557,10.539,522.31,30.830,28.732,0.012173,0.044296,0.019526,17.076,23.600
19.222656,3,65,3907.22,15.0494,0.72653,297.27,49.532,10.363,513.31,30.832,28.734,-0.065305,0.001268,-0.031858,16.938,23.600
19.226563,3,65,3898.64,14.9575,0.73588,300.43,49.534,10.315,510.93,30.835,28.736,0.047895,-0.003019,-0.030926,16.840,23.600
19.230469,3,65,3895.84,15.0329,0.72686,296.54,49.520,10.407,515.35,30.838,28.738,-0.034793,-0.051987,0.023200,17.063,23.600
19.234375,3,65,3899.89,15.0982,0.72240,295.03,49.549,10.300,510.37,30.841,28.740,0.074754,0.028546,-0.002013,16.909,23.600
19.238281,3,65,3889.76,14.8689,0.72212,294.15,49.551,10.404,515.53,30.843,28.742,0.077690,0.021882,0.001549,16.845,23.600
19.242188,3,65,3899.13,15.0785,0.71854,293.39,49.548,10.221,506.42,30.846,28.744,-0.011340,-0.028074,0.003868,17.061,23.600
19.246094,3,65,3905.66,15.1105,0.73263,299.64,49.531,10.486,519.37,30.849,28.746,-0.067881,0.004375,-0.036480,16.958,23.600
19.250000,3,65,3901.77,14.9731,0.72474,296.12,49.541,10.460,518.22,30.851,28.748,-0.063840,0.002168,-0.033523,16.884,23.600
19.253906,3,65,3892.96,14.9514,0.73539,299.80,49.562,10.284,509.69,30.854,28.750,0.064831,0.007426,-0.019481,16.930,23.600
19.257813,3,65,3908.33,15.0965,0.72904,298.38,49.545,10.456,518.05,30.857,28.752,-0.002433,-0.015897,-0.010180,17.021,23.600
19.261719,3,65,3903.43,15.1122,0.73223,299.31,49.551,10.370,513.82,30.860,28.753,0.074261,0.069942,0.034477,16.942,23.600
19.265625,3,65,3894.13,14.9666,0.72714,296.52,49.565,10.334,512.20,30.862,28.755,0.009312,-0.004424,-0.029182,16.925,23.600
19.269531,3,65,3902.95,14.9216,0.73001,298.37,49.545,10.462,518.35,30.865,28.757,-0.007984,-0.028132,0.008181,16.835,23.600
19.273438,3,65,3908.40,14.9795,0.73300,300.01,49.562,10.354,513.17,30.868,28.759,-0.010322,-0.030797,0.007345,17.039,23.600
19.277344,3,65,3897.55,14.9657,0.72117,294.34,49.532,10.355,512.92,30.870,28.761,0.065221,0.006462,-0.018743,16.996,23.600
19.281250,3,65,3886.40,14.9850,0.72138,293.59,49.555,10.341,512.47,30.873,28.763,-0.036963,0.009074,-0.018186,16.988,23.600
19.285156,3,65,3894.30,14.9924,0.72608,296.10,49.557,10.392,515.00,30.876,28.765,-0.049540,-0.024920,-0.000498,16.953,23.600
19.289063,3,65,3894.11,14.8916,0.72162,294.27,49.553,10.288,509.79,30.878,28.767,-0.047497,0.004706,-0.023945,16.987,23.600
19.292969,3,65,3901.82,15.0741,0.73441,300.08,49.530,10.281,509.23,30.881,28.769,-0.032280,-0.059767,0.029056,17.097,23.600
19.296875,3,65,3898.34,14.8511,0.70993,289.82,49.555,10.260,508.43,30.884,28.771,-0.062598,-0.002529,-0.025295,16.932,23.600
19.300781,3,65,3899.16,14.9848,0.72421,295.71,49.515,10.418,515.82,30.886,28.773,0.049132,-0.000506,-0.031118,16.960,23.600
19.304688,3,65,3895.50,15.0491,0.72842,297.15,49.527,10.338,512.01,30.889,28.775,0.021463,-0.001667,-0.033468,16.939,23.600
19.308594,3,65,3903.22,14.9777,0.72240,295.28,49.532,10.337,512.02,30.892,28.777,0.069524,0.071225,0.034875,17.037,23.600
19.312500,3,65,3893.82,15.0471,0.72915,297.32,49.542,10.267,508.62,30.894,28.778,0.031291,0.000294,-0.034853,16.847,23.600
19.316406,3,65,3895.26,14.9214,0.72663,296.40,49.541,10.359,513.18,30.897,28.780,0.039003,0.062412,0.035388,16.841,23.600
19.320313,3,65,3902.88,15.0913,0.72718,297.20,49.550,10.313,511.00,30.900,28.782,-0.062037,-0.005497,-0.018962,17.079,23.600
19.324219,3,65,3902.30,15.0080,0.72635,296.82,49.558,10.230,507.00,30.902,28.784,-0.066826,0.002076,-0.036196,17.104,23.600
19.328125,3,65,3896.65,15.0653,0.71217,290.61,49.544,10.401,515.31,30.905,28.786,0.060094,0.006286,-0.019516,17.080,23.600
19.332031,3,65,3892.45,15.0825,0.71707,292.29,49.548,10.213,506.03,30.908,28.788,0.079968,0.051299,0.021354,16.932,23.600
19.335938,3,65,3904.03,15.0709,0.72558,296.64,49.569,10.325,511.78,30.910,28.790,0.078131,0.057618,0.029207,16.990,23.600
19.339844,3,65,3893.99,15.0258,0.71847,292.98,49.563,10.329,511.91,30.913,28.792,0.076686,0.047888,0.022374,16.919,23.600
19.343750,3,65,3899.53,15.0372,0.71353,291.38,49.556,10.294,510.13,30.916,28.793,0.075545,0.030633,0.003168,17.003,23.600
19.347656,3,65,3888.31,14.9260,0.73249,298.26,49.545,10.326,511.62,30.918,28.795,-0.060492,0.004622,-0.036543,16.999,23.600
19.351563,3,65,3900.07,15.0095,0.73678,300.91,49.561,10.329,511.92,30.921,28.797,-0.056180,0.005415,-0.030304,16.967,23.600
19.355469,3,65,3895.48,14.9995,0.73290,298.97,49.570,10.397,515.36,30.924,28.799,-0.038679,-0.054008,0.021744,16.851,23.600
19.359375,3,65,3900.87,15.1509,0.72661,296.82,49.561,10.381,514.49,30.926,28.801,-0.034399,-0.055031,0.023381,16.986,23.600
19.363281,3,65,3891.45,14.9576,0.73159,298.13,49.540,10.338,512.14,30.929,28.803,-0.059807,0.002658,-0.035523,16.896,23.600
19.367188,3,65,3894.23,14.8732,0.71692,292.36,49.543,10.391,514.81,30.932,28.805,0.018990,0.044711,0.021126,16.888,23.600
19.371094,3,65,3888.87,14.9854,0.72653,295.88,49.583,10.155,503.50,30.934,28.807,-0.016435,-0.057077,0.029044,16.987,23.600
19.375000,3,65,3891.48,14.9271,0.72316,294.70,49.585,10.180,504.79,30.937,28.808,-0.031342,-0.062197,0.031299,16.910,23.600
19.378906,3,65,3899.53,15.0897,0.72566,296.33,49.583,10.234,507.41,30.939,28.810,-0.013959,-0.036861,0.012362,16.968,23.600
19.382813,3,65,3897.94,14.9711,0.72911,297.62,49.541,10.332,511.86,30.942,28.812,0.070949,0.018439,-0.004724,16.856,23.600
19.386719,3,65,3908.87,15.0656,0.73040,298.98,49.537,10.342,512.32,30.944,28.814,0.017696,0.049143,0.019685,16.955,23.600
19.390625,3,65,3888.38,14.9868,0.71907,292.80,49.574,10.226,506.95,30.947,28.816,-0.034921,-0.054539,0.027015,16.767,23.600
19.394531,3,65,3900.34,15.0043,0.71812,293.31,49.524,10.343,512.24,30.950,28.818,-0.064192,-0.000859,-0.022831,17.041,23.600
19.398438,3,65,3896.91,15.0316,0.73241,298.89,49.578,10.293,510.30,30.952,28.820,-0.046409,0.005914,-0.021811,16.844,23.600
19.402344,3,65,3904.40,15.1163,0.71093,290.68,49.558,10.310,510.96,30.955,28.821,-0.022046,-0.066705,0.036184,16.874,23.600
19.406250,3,65,3906.19,15.1543,0.72212,295.39,49.528,10.397,514.93,30.958,28.823,0.001334,-0.008538,-0.020448,16.921,23.600
19.410156,3,65,3892.20,15.0449,0.73278,298.68,49.547,10.263,508.51,30.960,28.825,0.077006,0.055739,0.029140,16.910,23.600
19.414063,3,65,3904.16,15.1297,0.73060,298.70,49.528,10.438,516.98,30.963,28.827,0.055641,0.003861,-0.022613,16.913,23.600
19.417969,3,65,3901.13,15.0566,0.72068,294.42,49.540,10.219,506.26,30.965,28.829,-0.019443,-0.057165,0.029159,17.038,23.600
19.421875,3,65,3899.44,15.0810,0.70893,289.49,49.558,10.316,511.25,30.968,28.831,0.064659,0.009948,-0.018822,16.940,23.600
19.425781,3,65,3898.16,15.0026,0.72366,295.41,49.542,10.227,506.65,30.971,28.833,0.063215,0.066868,0.035830,16.966,23.600
19.429688,3,65,3892.23,14.8916,0.71854,292.87,49.578,10.200,505.72,30.973,28.834,-0.004729,-0.010567,-0.015761,16.949,23.600
19.433594,3,65,3896.04,14.9686,0.71918,293.42,49.552,10.296,510.18,30.976,28.836,-0.044923,0.003865,-0.019763,16.947,23.600
19.437500,3,65,3888.10,14.9307,0.73489,299.22,49.562,10.178,504.42,30.978,28.838,-0.023834,-0.067311,0.036845,16.892,23.600
19.441406,3,65,3901.62,14.9754,0.72575,296.52,49.549,10.348,512.71,30.981,28.840,0.074133,0.017705,-0.005691,17.056,23.600
19.445313,3,65,3891.96,14.9485,0.73075,297.83,49.555,10.293,510.06,30.983,28.842,0.025801,-0.003169,-0.033757,16.884,23.600
19.449219,3,65,3898.40,14.8833,0.72433,295.70,49.538,10.397,515.07,30.986,28.844,-0.041965,-0.036837,0.011582,17.088,23.600
19.453125,3,65,3913.14,15.0908,0.72179,295.78,49.549,10.353,512.98,30.989,28.846,-0.053118,-0.018348,-0.008089,16.967,23.600
19.457031,3,65,3906.18,15.1223,0.73714,301.53,49.581,10.357,513.54,30.991,28.847,-0.050340,-0.019449,-0.002995,16.942,23.600
19.460938,3,65,3903.77,15.0291,0.71735,293.25,49.535,10.311,510.73,30.994,28.849,0.077546,0.035065,0.008229,17.062,23.600
19.464844,3,65,3893.25,14.9950,0.73283,298.77,49.563,10.212,506.11,30.996,28.851,0.030282,0.059516,0.030960,16.853,23.600
19.468750,3,65,3892.90,14.9421,0.72595,295.94,49.540,10.366,513.53,30.999,28.853,0.080304,0.043948,0.015184,16.865,23.600
19.472656,3,65,3899.09,14.8639,0.72078,294.30,49.547,10.274,509.05,31.002,28.855,-0.006246,-0.015033,-0.010846,17.049,23.600
19.476563,3,65,3908.04,15.1212,0.73325,300.08,49.548,10.323,511.48,31.004,28.857,-0.023882,-0.069179,0.038809,17.012,23.600
19.480469,3,65,3891.57,15.0691,0.70923,289.03,49.537,10.271,508.80,31.007,28.858,-0.015475,-0.043707,0.017381,16.845,23.600
19.484375,3,65,3894.13,14.9053,0.71936,293.35,49.534,10.445,517.38,31.009,28.860,-0.023898,-0.071132,0.036820,16.817,23.600
19.488281,3,65,3906.35,15.1255,0.72728,297.51,49.540,10.380,514.21,31.012,28.862,-0.066804,0.003243,-0.031744,17.022,23.600
19.492188,3,65,3889.17,14.9299,0.72243,294.23,49.569,10.194,505.33,31.015,28.864,-0.011264,-0.034303,0.008558,16.848,23.600
19.496094,3,65,3902.89,15.0835,0.71636,292.78,49.547,10.251,507.93,31.017,28.866,0.077400,0.033246,0.008139,16.936,23.600
19.500000,3,65,3898.98,15.0406,0.70650,288.46,49.557,10.419,516.33,31.020,28.868,0.081192,0.039666,0.012675,16.946,23.600
19.503906,3,65,3895.78,15.0841,0.72731,296.72,49.538,10.352,512.82,31.022,28.869,0.007216,-0.004847,-0.027658,16.936,23.600
19.507813,3,65,3909.42,15.1058,0.72550,297.01,49.552,10.375,514.09,31.025,28.871,0.058745,0.069944,0.034716,16.985,23.600
19.511719,3,65,3894.48,15.0360,0.72752,296.70,49.550,10.361,513.39,31.028,28.873,-0.008526,-0.026620,0.004965,17.018,23.600
19.515625,3,65,3897.79,15.0049,0.72106,294.32,49.541,10.359,513.21,31.030,28.875,-0.063941,0.001403,-0.030524,16.926,23.600
19.519531,3,65,3901.64,15.0942,0.73371,299.78,49.543,10.264,508.51,31.033,28.877,0.039101,-0.004824,-0.036976,17.099,23.600
19.523438,3,65,3891.38,14.8381,0.72598,295.84,49.578,10.378,514.51,31.035,28.879,0.070368,0.015264,-0.008477,16.864,23.600
19.527344,3,65,3900.28,14.9843,0.72242,295.06,49.554,10.349,512.85,31.038,28.880,0.012444,-0.002346,-0.031615,16.921,23.600
19.531250,3,65,3905.59,15.0048,0.73479,300.52,49.550,10.410,515.81,31.041,28.882,0.020971,-0.001324,-0.035161,16.967,23.600
19.535156,3,65,3912.09,15.0933,0.72899,298.65,49.582,10.290,510.19,31.043,28.884,-0.053659,-0.017941,-0.007994,16.887,23.600
19.539063,3,65,3904.70,14.9691,0.72596,296.85,49.553,10.510,520.80,31.046,28.886,-0.025148,-0.068530,0.037506,16.918,23.600
19.542969,3,65,3893.22,15.0715,0.71513,291.56,49.536,10.308,510.62,31.049,28.888,0.064746,0.071302,0.034962,16.920,23.600
19.546875,3,65,3893.73,15.0508,0.71683,292.29,49.568,10.205,505.83,31.051,28.890,-0.015110,-0.047654,0.022445,16.964,23.600
19.550781,3,65,3890.05,14.9933,0.70871,288.70,49.575,10.187,505.03,31.054,28.891,-0.021497,-0.067426,0.032393,16.984,23.600
19.554688,3,65,3896.20,14.9810,0.72291,294.95,49.556,10.279,509.40,31.056,28.893,-0.065529,0.003723,-0.035051,16.999,23.600
19.558594,3,65,3901.14,15.0462,0.72697,296.99,49.549,10.297,510.20,31.059,28.895,-0.045547,-0.034873,0.012584,16.861,23.600
19.562500,3,65,3904.82,15.0584,0.72721,297.36,49.543,10.270,508.81,31.061,28.897,0.075253,0.058026,0.027423,16.933,23.600
19.566406,3,65,3901.15,15.1132,0.73477,300.17,49.554,10.244,507.61,31.064,28.899,0.077467,0.031493,0.005685,16.887,23.600
19.570313,3,65,3894.75,14.9595,0.73026,297.84,49.546,10.357,513.16,31.066,28.900,0.017935,-0.005731,-0.032477,16.963,23.600
19.574219,3,65,3901.72,15.0716,0.73417,299.97,49.549,10.446,517.57,31.069,28.902,-0.050037,0.003645,-0.030847,16.913,23.600
19.578125,3,65,3900.54,14.9941,0.73321,299.49,49.569,10.213,506.26,31.071,28.904,-0.061272,-0.002920,-0.021344,16.985,23.600
19.582031,3,65,3895.27,15.0364,0.73254,298.81,49.550,10.243,507.56,31.074,28.906,0.044185,-0.001074,-0.032373,17.093,23.600
19.585938,3,65,3901.49,15.0172,0.73758,301.35,49.560,10.322,511.58,31.076,28.908,-0.021312,-0.067552,0.035653,17.038,23.600
19.589844,3,65,3899.39,14.9670,0.72208,294.86,49.530,10.413,515.75,31.079,28.909,0.080183,0.055758,0.025181,17.017,23.600
19.593750,3,65,3900.22,15.0067,0.73786,301.37,49.555,10.356,513.19,31.082,28.911,-0.042794,-0.042855,0.013569,16.908,23.600
19.597656,3,65,3899.32,14.9183,0.73459,299.96,49.537,10.360,513.20,31.084,28.913,-0.028498,-0.062614,0.031772,16.937,23.600
19.601563,3,65,3898.94,15.0793,0.73040,298.22,49.509,10.351,512.44,31.087,28.915,-0.059773,-0.004632,-0.022793,17.054,23.600
19.605469,3,65,3901.65,14.9963,0.73526,300.41,49.560,10.315,511.20,31.089,28.917,-0.048355,0.004184,-0.022795,16.958,23.600
19.609375,3,65,3893.91,15.0069,0.72894,297.24,49.557,10.412,516.00,31.092,28.919,-0.027813,-0.062300,0.031615,16.997,23.600
19.613281,3,65,3899.15,14.9778,0.73880,301.66,49.555,10.243,507.62,31.094,28.920,-0.025964,-0.070392,0.038713,17.020,23.600
19.617188,3,65,3900.96,15.1534,0.73506,300.28,49.555,10.405,515.62,31.097,28.922,-0.006946,-0.011976,-0.010540,16.956,23.600
19.621094,3,65,3894.02,15.0232,0.73278,298.81,49.562,10.366,513.75,31.100,28.924,-0.002723,-0.010261,-0.017643,16.912,23.600
19.625000,3,65,3902.09,14.8994,0.72501,296.26,49.549,10.268,508.77,31.102,28.926,0.037240,-0.001155,-0.034995,16.993,23.600
19.628906,3,65,3893.79,14.9911,0.71672,292.25,49.525,10.423,516.18,31.105,28.928,-0.061688,0.002550,-0.034158,16.920,23.600
19.632813,3,65,3901.42,14.9946,0.71847,293.53,49.548,10.385,514.53,31.107,28.929,-0.027654,-0.070677,0.034848,16.938,23.600
19.636719,3,65,3905.84,15.0524,0.72869,298.05,49.557,10.492,519.95,31.110,28.931,0.045329,-0.004680,-0.037011,16.947,23.600
19.640625,3,65,3904.49,15.1395,0.72076,294.70,49.533,10.410,515.62,31.113,28.933,0.071844,0.065430,0.032489,16.919,23.600
19.644531,3,65,3892.08,14.9086,0.72478,295.41,49.561,10.368,513.83,31.115,28.935,0.038692,-0.001061,-0.036553,16.949,23.600
19.648438,3,65,3901.16,15.0598,0.73040,298.39,49.554,10.271,508.97,31.118,28.937,-0.016254,-0.056946,0.030122,16.952,23.600
19.652344,3,65,3902.84,14.9546,0.73300,299.58,49.544,10.409,515.70,31.120,28.939,0.027389,-0.004550,-0.035222,16.905,23.600
19.656250,3,65,3888.55,14.9511,0.70938,288.86,49.553,10.468,518.73,31.123,28.940,-0.045771,0.011559,-0.018712,16.914,23.600
19.660156,3,65,3907.70,15.0372,0.72681,297.42,49.550,10.275,509.13,31.125,28.942,-0.007330,-0.015594,-0.008823,17.016,23.600
19.664063,3,65,3901.26,15.1262,0.72262,295.22,49.564,10.338,512.39,31.128,28.944,-0.022538,-0.065605,0.038201,17.149,23.600
19.667969,3,65,3897.10,14.9817,0.72933,297.64,49.566,10.287,509.89,31.130,28.946,-0.012443,-0.026860,0.008969,16.985,23.600
19.671875,3,65,3905.53,15.0571,0.73126,299.08,49.546,10.364,513.49,31.133,28.948,-0.014086,-0.040181,0.014135,16.988,23.600
19.675781,3,65,3904.00,15.0736,0.73130,298.97,49.557,10.235,507.22,31.136,28.949,0.065115,0.007622,-0.016027,16.872,23.600
19.679688,3,65,3899.97,14.9530,0.72755,297.13,49.554,10.368,513.78,31.138,28.951,0.080222,0.043585,0.013014,16.867,23.600
19.683594,3,65,3895.26,14.9586,0.71526,291.76,49.548,10.306,510.64,31.141,28.953,-0.053072,0.003159,-0.029462,16.885,23.600
19.687500,3,65,3899.99,15.0154,0.73251,299.16,49.574,10.270,509.11,31.143,28.955,-0.049222,-0.032879,0.006600,17.013,23.600
19.691406,3,65,3894.39,14.9341,0.71217,290.44,49.555,10.191,505.02,31.146,28.956,0.068659,0.066611,0.032456,16.841,23.600
19.695313,3,65,3902.77,15.0572,0.71966,294.12,49.540,10.322,511.37,31.148,28.958,0.068698,0.067142,0.033889,16.989,23.600
19.699219,3,65,3903.22,14.9968,0.71800,293.48,49.535,10.251,507.80,31.151,28.960,-0.013959,-0.047928,0.021194,17.059,23.599
19.703125,3,65,3899.27,14.9964,0.73640,300.69,49.536,10.351,512.75,31.153,28.962,-0.011224,-0.029274,0.005935,16.984,23.599
19.707031,3,65,3907.87,15.0988,0.73550,300.99,49.534,10.401,515.21,31.156,28.963,-0.021880,-0.064152,0.033754,16.975,23.599
19.710938,3,65,3893.26,14.9886,0.72770,296.69,49.550,10.383,514.47,31.158,28.965,0.015425,0.043708,0.019124,16.928,23.599
19.714844,3,65,3887.67,14.7406,0.71454,290.90,49.542,10.282,509.37,31.161,28.967,-0.001721,-0.007213,-0.015613,16.840,23.599
19.718750,3,65,3900.48,14.9720,0.72406,295.75,49.531,10.452,517.71,31.163,28.969,-0.053254,0.002586,-0.029149,16.931,23.599
19.722656,3,65,3896.35,14.8800,0.72579,296.14,49.556,10.251,508.00,31.166,28.970,-0.063735,-0.002056,-0.026829,16.868,23.599
19.726563,3,65,3906.26,15.0706,0.72225,295.45,49.556,10.367,513.74,31.168,28.972,0.046520,0.001875,-0.033020,16.940,23.599
19.730469,3,65,3899.56,15.0059,0.72398,295.65,49.550,10.383,514.46,31.171,28.974,0.024026,-0.000813,-0.037083,16.880,23.599
19.734375,3,65,3914.67,15.0618,0.72435,296.94,49.554,10.442,517.46,31.173,28.976,-0.022640,-0.068324,0.037051,16.961,23.599
19.738281,3,65,3899.37,14.9281,0.71901,293.60,49.570,10.262,508.67,31.176,28.978,-0.067637,0.001562,-0.032510,17.022,23.599
19.742188,3,65,3895.30,14.8985,0.72357,295.16,49.565,10.292,510.12,31.178,28.979,-0.046935,-0.028974,0.002475,16.888,23.599
19.746094,3,65,3895.94,14.9226,0.73387,299.41,49.572,10.304,510.80,31.181,28.981,0.082122,0.044964,0.019033,16.974,23.599
19.750000,3,65,3898.92,14.9998,0.72153,294.60,49.564,10.388,514.89,31.183,28.983,0.004756,-0.004070,-0.023073,16.854,23.599
19.753906,3,65,3894.24,14.9369,0.73159,298.34,49.568,10.267,508.91,31.186,28.985,0.072645,0.067316,0.032068,16.997,23.599
19.757813,3,65,3892.06,14.9618,0.73089,297.89,49.564,10.334,512.22,31.188,28.986,-0.034090,-0.051618,0.026688,16.968,23.599
19.761719,3,65,3906.97,15.0297,0.73359,300.14,49.534,10.411,515.72,31.191,28.988,-0.066467,-0.000242,-0.035376,17.108,23.599
19.765625,3,65,3894.60,15.0312,0.72132,294.19,49.552,10.355,513.11,31.193,28.990,0.009258,0.038356,0.013162,16.990,23.599
19.769531,3,65,3906.67,15.0263,0.73256,299.69,49.563,10.270,509.03,31.196,28.992,0.074851,0.016506,-0.006844,16.967,23.599
19.773438,3,65,3907.61,15.0355,0.74026,302.92,49.533,10.299,510.15,31.198,28.993,-0.065882,0.001681,-0.030749,17.033,23.599
19.777344,3,65,3893.93,15.0096,0.71602,291.97,49.554,10.263,508.55,31.201,28.995,-0.018661,-0.057410,0.028526,16.883,23.599
19.781250,3,65,3901.57,14.9965,0.72107,294.61,49.570,10.246,507.89,31.203,28.997,0.041041,-0.004590,-0.033734,16.910,23.599
19.785156,3,65,3891.63,14.9380,0.71407,291.01,49.546,10.241,507.38,31.206,28.998,0.049108,0.000165,-0.029817,16.861,23.599
19.789063,3,65,3900.70,15.0766,0.71697,292.87,49.564,10.354,513.17,31.208,29.000,-0.013613,-0.054213,0.026986,16.951,23.599
19.792969,3,65,3890.01,14.9152,0.73260,298.43,49.522,10.430,516.51,31.211,29.002,0.062761,0.006520,-0.018927,17.028,23.599
19.796875,3,65,3892.48,14.8976,0.71926,293.19,49.546,10.289,509.76,31.213,29.004,0.034234,-0.003283,-0.036482,16.902,23.599
19.800781,3,65,3898.84,14.9169,0.71893,293.53,49.545,10.380,514.25,31.216,29.006,-0.043255,-0.041187,0.012719,17.010,23.599
19.804688,3,65,3904.75,15.0064,0.72558,296.69,49.539,10.327,511.61,31.218,29.007,-0.053854,0.006003,-0.031044,17.112,23.599
19.808594,3,65,3901.79,14.9502,0.72539,296.39,49.560,10.415,516.16,31.221,29.009,0.078076,0.048405,0.022049,16.887,23.599
19.812500,3,65,3900.37,15.0859,0.72780,297.27,49.559,10.417,516.26,31.223,29.011,-0.026225,0.020202,-0.004141,16.937,23.599
19.816406,3,65,3901.63,14.9857,0.71876,293.67,49.565,10.318,511.40,31.226,29.013,-0.027703,-0.064932,0.034774,17.041,23.599
19.820313,3,65,3899.24,15.0052,0.72532,296.17,49.532,10.277,509.03,31.228,29.014,0.056099,0.067061,0.034775,16.849,23.599
19.824219,3,65,3896.12,14.9196,0.73136,298.40,49.560,10.333,512.12,31.231,29.016,0.043550,-0.002881,-0.032932,16.954,23.599
19.828125,3,65,3893.03,14.9835,0.71494,291.47,49.535,10.365,513.41,31.233,29.018,-0.013962,-0.059506,0.029583,16.977,23.599
19.832031,3,65,3903.96,15.0430,0.72555,296.62,49.581,10.261,508.73,31.236,29.019,0.003433,-0.002669,-0.026735,17.004,23.599
19.835938,3,65,3899.84,15.0660,0.72774,297.20,49.560,10.288,509.87,31.238,29.021,0.047521,0.000757,-0.028855,17.009,23.599
19.839844,3,65,3904.59,15.0556,0.71159,290.96,49.553,10.292,510.01,31.241,29.023,0.072681,0.066900,0.034715,16.948,23.599
19.843750,3,65,3893.43,14.9226,0.72846,297.01,49.557,10.261,508.50,31.243,29.025,-0.044898,-0.041102,0.012143,16.944,23.599
19.847656,3,65,3903.96,15.0352,0.72280,295.49,49.547,10.274,509.06,31.246,29.026,0.003436,-0.006449,-0.019563,16.914,23.599
19.851563,3,65,3908.64,15.1370,0.73292,299.99,49.547,10.442,517.37,31.248,29.028,0.074127,0.023336,-0.003166,16.931,23.599
19.855469,3,65,3897.38,14.9144,0.71918,293.52,49.564,10.280,509.52,31.251,29.030,-0.056457,-0.013680,-0.018904,16.982,23.599
19.859375,3,65,3900.76,15.0334,0.73044,298.37,49.548,10.332,511.95,31.253,29.031,0.074616,0.067510,0.031652,17.045,23.599
19.863281,3,65,3901.97,15.1461,0.71239,291.09,49.567,10.230,507.05,31.255,29.033,-0.065681,-0.000378,-0.026766,17.108,23.599
19.867188,3,65,3900.22,15.0147,0.72369,295.58,49.556,10.312,511.04,31.258,29.035,-0.005086,-0.018853,-0.004420,16.963,23.599
19.871094,3,65,3895.13,14.9252,0.71969,293.56,49.563,10.297,510.36,31.260,29.037,0.017883,0.047688,0.024518,16.886,23.599
19.875000,3,65,3897.13,14.9385,0.71696,292.60,49.580,10.285,509.93,31.263,29.038,-0.031824,0.012344,-0.015948,17.021,23.599
19.878906,3,65,3895.41,14.9233,0.73491,299.79,49.585,10.220,506.77,31.265,29.040,-0.029061,-0.068961,0.033134,17.039,23.599
19.882813,3,65,3907.49,15.1587,0.73492,300.72,49.546,10.405,515.51,31.268,29.042,-0.058395,0.003856,-0.030440,16.931,23.599
19.886719,3,65,3897.31,15.1134,0.72341,295.24,49.556,10.349,512.85,31.270,29.043,-0.060412,-0.008255,-0.019719,16.782,23.599
19.890625,3,65,3908.57,15.0211,0.73420,300.51,49.542,10.401,515.30,31.273,29.045,-0.058099,-0.012370,-0.016273,16.945,23.599
19.894531,3,65,3906.22,14.9921,0.72807,297.82,49.526,10.478,518.95,31.275,29.047,0.073800,0.023866,-0.005238,17.010,23.599
19.898438,3,65,3901.52,15.0346,0.73607,300.73,49.536,10.332,511.83,31.278,29.049,-0.045801,0.007830,-0.022968,16.957,23.599
19.902344,3,65,3896.23,15.0278,0.72323,295.09,49.553,10.429,516.78,31.280,29.050,-0.000081,-0.006612,-0.019633,17.013,23.599
19.906250,3,65,3905.09,15.0538,0.72144,295.03,49.559,10.367,513.77,31.283,29.052,-0.025606,-0.067058,0.035308,16.899,23.599
19.910156,3,65,3894.71,14.9461,0.71885,293.18,49.589,10.169,504.26,31.285,29.054,0.000209,-0.011373,-0.020565,16.955,23.599
19.914063,3,65,3891.96,14.8772,0.72589,295.85,49.561,10.307,510.83,31.288,29.055,-0.060105,-0.009755,-0.019802,17.014,23.599
19.917969,3,65,3910.01,15.0403,0.72534,296.99,49.549,10.355,513.09,31.290,29.057,0.009207,0.042059,0.016450,16.979,23.599
19.921875,3,65,3909.05,15.0352,0.74105,303.35,49.544,10.522,521.30,31.293,29.059,-0.029369,0.015408,-0.012630,16.915,23.599
19.925781,3,65,3895.79,14.9850,0.71887,293.27,49.559,10.266,508.75,31.295,29.061,-0.065394,0.003103,-0.028132,16.973,23.599
19.929688,3,65,3900.02,15.0748,0.72304,295.29,49.562,10.225,506.79,31.297,29.062,-0.007428,-0.016820,-0.006509,16.945,23.599
19.933594,3,65,3904.31,15.0708,0.72216,295.26,49.563,10.280,509.49,31.300,29.064,0.073833,0.064720,0.030091,17.169,23.599
19.937500,3,65,3904.30,15.0971,0.71788,293.51,49.563,10.385,514.69,31.302,29.066,0.010700,-0.002187,-0.029951,17.022,23.599
19.941406,3,65,3900.12,14.9885,0.72138,294.62,49.551,10.371,513.92,31.305,29.067,0.070025,0.010860,-0.013048,16.980,23.599
19.945313,3,65,3896.17,15.0255,0.73528,300.00,49.573,10.298,510.48,31.307,29.069,0.076816,0.041907,0.014862,16.929,23.599
19.949219,3,65,3901.58,15.0693,0.73155,298.89,49.573,10.358,513.50,31.310,29.071,0.070323,0.015404,-0.011545,16.974,23.599
19.953125,3,65,3902.48,15.0058,0.72474,296.18,49.552,10.343,512.52,31.312,29.073,-0.064969,-0.002232,-0.029132,17.067,23.599
19.957031,3,65,3901.07,14.9843,0.73115,298.69,49.548,10.274,509.04,31.315,29.074,-0.020811,-0.070379,0.038944,17.087,23.599
19.960938,3,65,3905.69,15.1414,0.74148,303.27,49.573,10.369,514.05,31.317,29.076,0.019140,-0.002580,-0.035815,16.903,23.599
19.964844,3,65,3902.62,14.9356,0.72193,295.04,49.533,10.345,512.42,31.319,29.078,-0.027633,-0.068695,0.036766,17.174,23.599
19.968750,3,65,3905.00,14.9426,0.72523,296.57,49.560,10.211,506.06,31.322,29.079,-0.032367,-0.058075,0.026050,16.842,23.599
19.972656,3,65,3895.20,15.0352,0.72140,294.26,49.560,10.306,510.78,31.324,29.081,-0.031535,-0.059604,0.032286,16.977,23.599
19.976563,3,65,3896.30,15.0453,0.73736,300.86,49.539,10.389,514.67,31.327,29.083,0.063853,0.003719,-0.018766,17.037,23.599
19.980469,3,65,3907.46,15.1452,0.74082,303.13,49.550,10.386,514.65,31.329,29.084,0.073728,0.019720,-0.004946,16.881,23.599
19.984375,3,65,3902.71,15.0132,0.71290,291.35,49.549,10.360,513.33,31.332,29.086,-0.052127,0.005084,-0.025732,16.918,23.599
19.988281,3,65,3896.11,14.9803,0.72110,294.21,49.554,10.384,514.57,31.334,29.088,-0.018890,0.019874,-0.006203,17.032,23.599
19.992188,3,65,3899.45,15.0547,0.71198,290.74,49.552,10.274,509.11,31.336,29.089,0.037332,-0.004468,-0.037843,16.941,23.599
19.996094,3,65,3894.36,14.9766,0.72716,296.55,49.541,10.356,513.06,31.339,29.091,-0.058715,0.003735,-0.030295,16.986,23.599
20.000000,3,65,3887.38,14.9628,0.73487,299.15,49.547,10.228,506.77,31.341,29.093,-0.064051,-0.001857,-0.032259,16.849,23.599
20.003906,3,65,3897.14,15.0178,0.72085,294.18,49.541,10.421,516.27,31.344,29.094,0.042927,0.000229,-0.035760,16.857,23.599
20.007813,3,65,3898.26,14.9446,0.73811,301.31,49.558,10.267,508.81,31.346,29.096,-0.032234,0.014120,-0.010245,16.947,23.599
20.011719,3,65,3898.95,15.0250,0.73594,300.48,49.535,10.441,517.19,31.349,29.098,0.000305,-0.009084,-0.019382,16.911,23.599
20.015625,3,65,3910.53,15.1208,0.72648,297.50,49.534,10.346,512.47,31.351,29.100,-0.015533,-0.056280,0.030022,17.069,23.599
20.019531,3,65,3896.71,15.1063,0.72384,295.37,49.510,10.484,519.05,31.354,29.101,0.080975,0.041201,0.013618,17.007,23.599
20.023438,3,65,3900.12,14.9178,0.73360,299.62,49.531,10.410,515.63,31.356,29.103,-0.025294,-0.068025,0.036087,17.088,23.599
20.027344,3,65,3893.28,14.9472,0.72449,295.38,49.552,10.260,508.39,31.358,29.105,-0.019148,-0.059556,0.032645,16.885,23.599
20.031250,3,65,3893.65,15.0591,0.72248,294.58,49.541,10.310,510.80,31.361,29.106,-0.039433,0.007725,-0.018379,16.879,23.599
20.035156,3,65,3886.69,14.9738,0.71551,291.22,49.549,10.325,511.58,31.363,29.108,-0.064879,0.004009,-0.037039,16.985,23.599
20.039063,3,65,3903.23,15.0092,0.72925,298.08,49.572,10.385,514.81,31.366,29.110,-0.032660,-0.064208,0.029874,17.061,23.599
20.042969,3,65,3899.57,15.0669,0.72510,296.10,49.518,10.312,510.65,31.368,29.111,-0.038755,-0.050089,0.022716,16.981,23.599
20.046875,3,65,3904.90,15.1013,0.73675,301.27,49.547,10.302,510.41,31.371,29.113,-0.045160,-0.033556,0.006104,16.886,23.599
20.050781,3,65,3902.10,15.0035,0.73377,299.84,49.563,10.289,509.96,31.373,29.115,0.018273,0.043775,0.023399,17.083,23.599
20.054688,3,65,3899.80,15.0728,0.72345,295.45,49.548,10.269,508.79,31.375,29.116,-0.013639,-0.041559,0.016543,17.041,23.599
20.058594,3,65,3910.03,15.0648,0.73783,302.11,49.572,10.397,515.42,31.378,29.118,0.081336,0.046016,0.015881,17.052,23.599
20.062500,3,65,3895.17,14.9905,0.73348,299.19,49.556,10.406,515.68,31.380,29.120,-0.007717,-0.022061,-0.000333,16.889,23.599
20.066406,3,65,3900.19,15.1086,0.71426,291.72,49.577,10.323,511.79,31.383,29.121,0.007067,-0.001890,-0.026171,17.020,23.599
20.070313,3,65,3903.21,14.9193,0.70936,289.95,49.542,10.308,510.68,31.385,29.123,-0.036554,-0.056567,0.023467,17.007,23.599
20.074219,3,65,3899.97,15.0097,0.71978,293.96,49.517,10.345,512.27,31.387,29.125,-0.064541,0.000715,-0.035874,16.847,23.599
20.078125,3,65,3904.89,15.0281,0.73281,299.66,49.534,10.449,517.56,31.390,29.126,-0.050653,-0.020274,-0.005943,16.956,23.599
20.082031,3,65,3898.07,14.9309,0.72025,294.01,49.571,10.282,509.66,31.392,29.128,-0.046096,-0.031607,0.007579,16.979,23.599
20.085938,3,65,3900.90,14.9800,0.72617,296.64,49.562,10.323,511.63,31.395,29.130,-0.051015,0.005627,-0.024271,16.906,23.599
20.089844,3,65,3901.86,15.0153,0.72246,295.20,49.550,10.334,512.06,31.397,29.131,-0.013111,-0.029920,0.004009,16.966,23.599
20.093750,3,65,3899.23,15.0190,0.73850,301.55,49.525,10.365,513.31,31.399,29.133,-0.060832,-0.001466,-0.035524,16.836,23.599
20.097656,3,65,3896.05,14.9989,0.71779,292.85,49.587,10.275,509.50,31.402,29.135,0.031451,0.055318,0.026050,17.082,23.599
20.101563,3,65,3901.22,15.0125,0.73828,301.61,49.580,10.295,510.44,31.404,29.136,0.022234,0.054777,0.024219,16.953,23.599
20.105469,3,65,3903.49,14.8848,0.72841,297.75,49.526,10.527,521.37,31.407,29.138,0.034356,0.056187,0.028097,17.036,23.599
20.109375,3,65,3904.74,15.0695,0.72655,297.09,49.550,10.247,507.72,31.409,29.140,-0.049692,-0.026065,0.001930,17.055,23.599
20.113281,3,65,3903.19,15.0011,0.71806,293.50,49.591,10.326,512.07,31.411,29.141,-0.007820,-0.017151,-0.009388,16.900,23.599
20.117188,3,65,3913.28,15.0635,0.73938,303.00,49.550,10.303,510.53,31.414,29.143,0.053505,0.069303,0.035362,16.999,23.599
20.121094,3,65,3897.62,15.0861,0.72409,295.54,49.548,10.380,514.32,31.416,29.144,0.056381,0.070588,0.037331,16.999,23.599
20.125000,3,65,3894.44,15.0418,0.71918,293.30,49.549,10.360,513.35,31.419,29.146,0.054207,0.002262,-0.026985,16.922,23.599
20.128906,3,65,3896.53,14.9949,0.71504,291.77,49.564,10.289,509.97,31.421,29.148,0.073028,0.019244,-0.007916,16.888,23.599
20.132813,3,65,3896.56,15.0466,0.72760,296.89,49.550,10.358,513.24,31.423,29.149,-0.017103,-0.033484,0.012375,16.943,23.599
20.136719,3,65,3897.93,14.9211,0.73772,301.13,49.550,10.264,508.56,31.426,29.151,0.076816,0.030642,0.007836,16.979,23.599
20.140625,3,65,3895.20,14.9740,0.73411,299.44,49.559,10.295,510.23,31.428,29.153,-0.021908,-0.057183,0.030568,17.016,23.599
20.144531,3,65,3915.73,15.0801,0.72424,296.98,49.552,10.260,508.38,31.430,29.154,-0.045009,-0.041644,0.011531,16.934,23.599
20.148438,3,65,3907.70,15.0422,0.73030,298.85,49.557,10.363,513.54,31.433,29.156,0.065951,0.013367,-0.012814,17.063,23.599
20.152344,3,65,3909.19,15.1230,0.73128,299.36,49.552,10.301,510.45,31.435,29.157,0.006215,0.040742,0.016447,17.134,23.599
20.156250,3,65,3897.24,15.0146,0.73104,298.35,49.574,10.157,503.50,31.437,29.159,0.068123,0.015160,-0.008819,17.049,23.599
20.160156,3,65,3897.28,15.1131,0.72195,294.64,49.562,10.326,511.78,31.440,29.161,-0.013545,-0.043043,0.017388,16.891,23.599
20.164063,3,65,3899.70,15.0395,0.71129,290.47,49.557,10.317,511.27,31.442,29.162,-0.022894,-0.067756,0.037209,16.989,23.599
20.167969,3,65,3902.25,15.0561,0.72942,298.07,49.547,10.298,510.25,31.445,29.164,-0.046109,-0.040921,0.010701,17.073,23.599
20.171875,3,65,3895.60,14.9110,0.72695,296.56,49.543,10.463,518.39,31.447,29.166,-0.051299,-0.028391,0.002712,16.989,23.599
20.175781,3,65,3903.56,15.0232,0.71788,293.46,49.576,10.387,514.95,31.449,29.167,-0.028822,-0.059967,0.031562,17.089,23.599
20.179688,3,65,3903.31,15.0489,0.74395,304.09,49.565,10.280,509.54,31.452,29.169,-0.068119,0.002218,-0.031989,17.029,23.599
20.183594,3,65,3898.67,14.9791,0.72510,296.04,49.554,10.344,512.57,31.454,29.170,-0.013825,-0.038391,0.014574,17.026,23.599
20.187500,3,65,3910.32,15.1210,0.73352,300.37,49.535,10.450,517.65,31.457,29.172,-0.043942,-0.045720,0.018383,16.938,23.599
20.191406,3,65,3908.43,15.0980,0.73521,300.91,49.540,10.421,516.25,31.459,29.174,0.047578,-0.002285,-0.031042,17.021,23.599
20.195313,3,65,3910.93,15.0109,0.73794,302.22,49.533,10.410,515.63,31.461,29.176,0.011332,-0.001775,-0.030049,16.980,23.599
20.199219,3,65,3907.89,15.0540,0.72410,296.32,49.557,10.270,508.95,31.464,29.177,-0.027855,-0.064819,0.036162,16.967,23.599
20.203125,3,65,3897.43,15.0245,0.71674,292.53,49.541,10.332,511.86,31.466,29.179,0.025787,-0.001049,-0.035050,16.862,23.599
20.207031,3,65,3896.46,14.9220,0.71749,292.76,49.536,10.292,509.85,31.468,29.180,0.058680,-0.000072,-0.027061,16.933,23.599
20.210938,3,65,3902.01,15.1422,0.72415,295.90,49.549,10.376,514.11,31.471,29.182,0.006284,-0.005051,-0.026398,16.982,23.599
20.214844,3,65,3900.38,15.1081,0.72352,295.52,49.565,10.332,512.09,31.473,29.184,0.067015,0.069059,0.036483,16.851,23.599
20.218750,3,65,3907.24,14.9826,0.73357,300.15,49.543,10.299,510.26,31.476,29.185,-0.043003,-0.050579,0.021086,16.980,23.599
20.222656,3,65,3906.40,15.0385,0.70914,290.09,49.569,10.261,508.62,31.478,29.187,-0.032926,-0.062174,0.030856,16.969,23.599
20.226563,3,65,3897.33,15.0999,0.72168,294.54,49.537,10.415,515.92,31.480,29.188,-0.064923,0.002165,-0.037237,16.891,23.599
20.230469,3,65,3903.57,15.0522,0.74212,303.36,49.549,10.217,506.24,31.483,29.190,0.079195,0.035390,0.007654,16.988,23.599
20.234375,3,65,3906.00,15.0786,0.73054,298.82,49.555,10.427,516.71,31.485,29.192,0.058506,0.003029,-0.023106,16.923,23.599
20.238281,3,65,3902.30,15.1379,0.71957,294.05,49.543,10.253,507.96,31.487,29.193,0.056367,0.003670,-0.025627,16.865,23.599
20.242188,3,65,3902.22,15.0025,0.73016,298.37,49.563,10.225,506.78,31.490,29.195,-0.013253,-0.043665,0.018384,17.037,23.599
20.246094,3,65,3897.05,15.0294,0.73430,299.67,49.571,10.218,506.53,31.492,29.196,0.017574,0.046614,0.022824,16.872,23.599
20.250000,3,65,3895.29,14.9233,0.72730,296.68,49.554,10.343,512.52,31.494,29.198,-0.041670,-0.048299,0.017641,16.907,23.599
20.253906,3,65,3891.88,14.8785,0.71365,290.85,49.542,10.320,511.28,31.497,29.199,-0.063833,-0.003969,-0.025206,17.043,23.599
20.257813,3,65,3905.70,15.1839,0.72549,296.73,49.555,10.338,512.31,31.499,29.201,-0.046687,-0.035635,0.005357,17.068,23.599
20.261719,3,65,3900.21,15.0308,0.73420,299.87,49.540,10.387,514.56,31.501,29.203,0.061889,0.071348,0.035799,16.872,23.599
20.265625,3,65,3907.74,15.0842,0.71511,292.64,49.538,10.393,514.84,31.504,29.204,-0.053406,0.003578,-0.030286,16.968,23.599
20.269531,3,65,3896.99,15.0267,0.72935,297.64,49.550,10.388,514.73,31.506,29.206,-0.015650,-0.049016,0.021919,17.019,23.599
20.273438,3,65,3900.95,15.0646,0.73350,299.64,49.555,10.400,515.37,31.508,29.208,0.065400,0.071002,0.035588,16.921,23.599
20.277344,3,65,3915.51,15.0790,0.72331,296.58,49.558,10.423,516.57,31.511,29.209,0.053326,0.000390,-0.023885,16.942,23.599
20.281250,3,65,3912.01,15.0844,0.73348,300.48,49.544,10.360,513.26,31.513,29.211,0.023070,-0.000677,-0.037053,16.894,23.599
20.285156,3,65,3904.90,15.0758,0.72847,297.89,49.552,10.330,511.87,31.516,29.212,0.078345,0.029369,0.004754,16.971,23.599
20.289063,3,65,3908.49,15.1116,0.72937,298.53,49.555,10.337,512.27,31.518,29.214,-0.037818,-0.046415,0.016476,17.019,23.599
20.292969,3,65,3895.63,15.0279,0.72867,297.26,49.576,10.303,510.79,31.520,29.216,-0.021488,-0.066987,0.036039,17.004,23.599
20.296875,3,65,3901.02,15.0200,0.71247,291.05,49.562,10.252,508.11,31.522,29.217,-0.035344,-0.053849,0.024726,16.930,23.599
20.300781,3,65,3904.50,15.0363,0.71613,292.81,49.533,10.320,511.20,31.525,29.219,0.061258,0.067550,0.035769,16.902,23.599
20.304688,3,65,3908.02,15.0419,0.73418,300.46,49.554,10.340,512.37,31.527,29.220,-0.018486,-0.055135,0.026915,16.886,23.599
20.308594,3,65,3894.85,15.0228,0.72031,293.79,49.543,10.373,513.93,31.529,29.222,0.030418,0.000433,-0.035233,16.942,23.599
20.312500,3,65,3900.59,15.0427,0.72648,296.75,49.556,10.299,510.40,31.532,29.224,-0.015638,-0.050576,0.022753,16.874,23.599
20.316406,3,65,3906.90,15.1558,0.71752,293.56,49.570,10.272,509.16,31.534,29.225,-0.041894,0.008214,-0.019170,17.101,23.599
20.320313,3,65,3908.50,14.9912,0.72854,298.19,49.539,10.414,515.91,31.536,29.227,-0.049940,-0.026941,-0.000074,17.176,23.598
20.324219,3,65,3898.24,15.0525,0.72000,293.92,49.546,10.406,515.56,31.539,29.228,-0.011655,-0.037081,0.015739,16.836,23.598
20.328125,3,65,3902.79,14.9981,0.73428,300.10,49.546,10.243,507.49,31.541,29.230,0.050241,0.000724,-0.030339,16.969,23.598
20.332031,3,65,3895.70,15.0443,0.73212,298.67,49.547,10.334,512.04,31.543,29.231,0.074767,0.063446,0.030599,16.884,23.598
20.335938,3,65,3905.63,15.0066,0.72899,298.16,49.525,10.429,516.49,31.546,29.233,-0.059712,-0.006084,-0.018031,16.916,23.598
20.339844,3,65,3898.66,14.9575,0.72923,297.72,49.548,10.281,509.41,31.548,29.235,-0.035359,-0.057039,0.026205,16.883,23.598
20.343750,3,65,3905.94,15.0756,0.72007,294.53,49.532,10.299,510.15,31.550,29.236,0.015633,-0.002287,-0.031879,16.955,23.598
20.347656,3,65,3905.45,15.0436,0.72505,296.53,49.543,10.273,508.94,31.553,29.238,-0.005412,-0.017913,-0.003274,16.969,23.598
20.351563,3,65,3915.32,15.1400,0.72620,297.75,49.528,10.459,517.99,31.555,29.239,0.047012,0.064657,0.031238,17.006,23.598
20.355469,3,65,3915.94,15.0478,0.73451,301.20,49.531,10.407,515.46,31.557,29.241,-0.014280,-0.050217,0.025946,17.053,23.598
20.359375,3,65,3889.69,14.9264,0.72875,296.84,49.563,10.311,511.02,31.560,29.243,-0.059817,0.002756,-0.036400,16.900,23.598
20.363281,3,65,3899.54,15.1165,0.72626,296.57,49.548,10.314,511.04,31.562,29.244,-0.009789,-0.026394,0.001651,16.974,23.598
20.367188,3,65,3902.01,15.0625,0.74177,303.10,49.560,10.271,509.04,31.564,29.246,-0.019053,-0.065221,0.035376,16.913,23.598
20.371094,3,65,3900.87,15.0916,0.73495,300.23,49.555,10.294,510.11,31.567,29.247,-0.001131,-0.008978,-0.014625,16.909,23.598
20.375000,3,65,3897.11,15.0130,0.73173,298.62,49.549,10.252,508.00,31.569,29.249,0.001584,-0.007061,-0.026720,17.003,23.598
20.378906,3,65,3901.92,15.0328,0.72558,296.48,49.549,10.390,514.83,31.571,29.250,0.048954,-0.000237,-0.029992,17.063,23.598
20.382813,3,65,3906.77,15.0975,0.73200,299.47,49.541,10.436,517.02,31.574,29.252,0.079306,0.033596,0.006823,16.944,23.598
20.386719,3,65,3894.89,14.8836,0.72114,294.13,49.574,10.321,511.63,31.576,29.254,-0.000075,-0.010557,-0.023690,16.894,23.598
20.390625,3,65,3913.49,15.0922,0.73759,302.28,49.537,10.311,510.79,31.578,29.255,0.001794,0.034110,0.009187,16.950,23.598
20.394531,3,65,3906.21,15.1523,0.71301,291.66,49.539,10.329,511.68,31.581,29.257,-0.065431,-0.007417,-0.022392,17.070,23.598
20.398438,3,65,3906.24,15.0241,0.72990,298.57,49.578,10.266,508.99,31.583,29.258,0.029374,0.057860,0.028653,16.939,23.598
20.402344,3,65,3896.65,14.9097,0.72825,297.17,49.539,10.322,511.36,31.585,29.260,0.023596,0.048205,0.026058,16.997,23.598
20.406250,3,65,3907.49,15.0539,0.73688,301.53,49.560,10.417,516.26,31.587,29.261,-0.015094,0.023419,0.001356,16.956,23.598
20.410156,3,65,3909.76,15.0520,0.72740,297.82,49.561,10.290,510.00,31.590,29.263,0.001042,0.035116,0.013530,16.961,23.598
20.414063,3,65,3892.35,14.8813,0.71263,290.47,49.563,10.278,509.40,31.592,29.264,0.035305,-0.000869,-0.032047,17.063,23.598
20.417969,3,65,3899.13,14.9410,0.73207,298.91,49.541,10.427,516.55,31.594,29.266,-0.054297,0.001303,-0.031066,16.973,23.598
20.421875,3,65,3901.17,14.9064,0.72795,297.39,49.562,10.299,510.41,31.597,29.268,-0.066395,-0.000001,-0.036547,17.051,23.598
20.425781,3,65,3893.22,15.0481,0.72070,293.83,49.550,10.318,511.24,31.599,29.269,0.011881,-0.004923,-0.030343,16.902,23.598
20.429688,3,65,3905.82,15.0667,0.72208,295.34,49.546,10.362,513.40,31.601,29.271,-0.038820,0.007317,-0.021003,17.060,23.598
20.433594,3,65,3907.25,15.0356,0.73827,302.07,49.555,10.279,509.39,31.603,29.272,-0.040313,-0.052291,0.020891,16.972,23.598
20.437500,3,65,3904.46,15.1236,0.72258,295.44,49.547,10.308,510.72,31.606,29.274,-0.009550,0.025932,-0.000190,17.012,23.598
20.441406,3,65,3899.97,14.9978,0.71574,292.31,49.535,10.369,513.62,31.608,29.275,-0.045115,-0.031213,0.010133,17.064,23.598
20.445313,3,65,3910.19,15.0260,0.73193,299.71,49.562,10.322,511.58,31.610,29.277,-0.003716,-0.009604,-0.015850,17.017,23.598
20.449219,3,65,3901.60,15.0382,0.72376,295.71,49.531,10.439,517.08,31.613,29.279,-0.060086,-0.010630,-0.016214,16.890,23.598
20.453125,3,65,3904.35,14.9520,0.73831,301.87,49.551,10.412,515.91,31.615,29.280,-0.024996,0.017939,-0.008745,16.967,23.598
20.457031,3,65,3903.80,14.9638,0.72863,297.87,49.557,10.202,505.60,31.617,29.282,0.017116,0.047873,0.022191,16.987,23.598
20.460938,3,65,3903.59,14.8930,0.72809,297.63,49.533,10.503,520.27,31.620,29.283,0.074953,0.031781,0.005273,17.087,23.598
20.464844,3,65,3906.99,15.1140,0.72545,296.81,49.532,10.427,516.48,31.622,29.285,-0.024807,-0.071098,0.032775,17.049,23.598
20.468750,3,65,3898.37,15.0160,0.71298,291.07,49.553,10.214,506.16,31.624,29.286,-0.039000,0.008065,-0.015110,16.936,23.598
20.472656,3,65,3897.55,14.8713,0.73041,298.12,49.583,10.124,501.98,31.626,29.288,-0.051534,0.002162,-0.026472,16.983,23.598
20.476563,3,65,3901.99,15.0895,0.72318,295.50,49.528,10.327,511.47,31.629,29.289,-0.036918,-0.049962,0.018800,16.917,23.598
20.480469,3,65,3892.88,15.0230,0.71637,292.03,49.548,10.309,510.79,31.631,29.291,-0.063554,0.003231,-0.036160,16.919,23.598
20.484375,3,65,3897.28,15.0061,0.72373,295.37,49.542,10.323,511.42,31.633,29.292,-0.020449,-0.068993,0.031817,16.845,23.598
20.488281,3,65,3889.13,14.9810,0.71493,291.17,49.547,10.342,512.41,31.635,29.294,0.033213,0.059150,0.029113,16.856,23.598
20.492188,3,65,3897.40,15.0543,0.73534,300.12,49.576,10.320,511.65,31.638,29.295,0.070581,0.070204,0.034863,16.906,23.598
20.496094,3,65,3907.72,15.0097,0.74050,303.02,49.559,10.335,512.20,31.640,29.297,-0.051707,0.004036,-0.028179,16.999,23.598
20.500000,3,65,3902.91,14.9963,0.72179,295.00,49.526,10.489,519.45,31.642,29.299,-0.015805,-0.042729,0.015006,17.002,23.598
20.503906,3,65,3905.38,15.0127,0.73097,298.95,49.572,10.276,509.39,31.645,29.300,-0.028031,-0.069685,0.035140,16.878,23.598
20.507813,3,65,3912.29,15.0834,0.73746,302.13,49.553,10.406,515.66,31.647,29.302,0.072931,0.022807,-0.002751,16.964,23.598
20.511719,3,65,3906.64,15.0004,0.73269,299.75,49.535,10.344,512.38,31.649,29.303,-0.020611,-0.059733,0.031124,16.994,23.598
20.515625,3,65,3898.27,14.9697,0.73708,300.89,49.567,10.295,510.31,31.651,29.305,-0.030670,0.011994,-0.014066,16.987,23.598
20.519531,3,65,3905.49,15.0268,0.73735,301.56,49.589,10.253,508.41,31.654,29.306,-0.037946,-0.053410,0.020390,16.979,23.598
20.523438,3,65,3891.25,15.0405,0.71243,290.31,49.546,10.106,500.74,31.656,29.308,0.034361,0.057746,0.031297,16.938,23.598
20.527344,3,65,3894.31,14.9439,0.72002,293.63,49.552,10.293,510.04,31.658,29.309,0.026459,-0.002334,-0.037664,16.842,23.598
20.531250,3,65,3908.20,15.0941,0.73429,300.52,49.524,10.358,512.99,31.660,29.311,0.023724,-0.000537,-0.036739,17.052,23.598
20.535156,3,65,3889.93,14.8478,0.72689,296.10,49.570,10.254,508.28,31.662,29.312,0.025363,-0.000449,-0.034723,16.884,23.598
20.539063,3,65,3899.80,15.0220,0.72427,295.78,49.555,10.170,503.97,31.665,29.314,-0.001969,0.031156,0.010602,16.923,23.598
20.542969,3,65,3894.38,15.0565,0.71953,293.44,49.565,10.295,510.26,31.667,29.315,0.010528,-0.004063,-0.029968,16.928,23.598
20.546875,3,65,3899.71,14.8656,0.71531,292.11,49.554,10.454,518.02,31.669,29.317,-0.009121,-0.022473,-0.001117,16.960,23.598
20.550781,3,65,3914.48,15.0248,0.72289,296.33,49.545,10.358,513.18,31.671,29.318,-0.062972,-0.005026,-0.024516,16.968,23.598
20.554688,3,65,3899.60,14.9942,0.72151,294.64,49.584,10.139,502.71,31.674,29.320,-0.037407,0.008678,-0.015988,16.969,23.598
20.558594,3,65,3901.82,15.0264,0.73456,300.14,49.569,10.287,509.91,31.676,29.321,-0.029707,0.014874,-0.009778,16.908,23.598
20.562500,3,65,3914.34,15.2053,0.72894,298.80,49.562,10.382,514.56,31.678,29.323,-0.013968,-0.032655,0.011621,17.049,23.598
20.566406,3,65,3905.99,15.0567,0.73866,302.14,49.533,10.388,514.53,31.680,29.324,-0.055907,0.003466,-0.034171,16.982,23.598
20.570313,3,65,3909.20,15.0427,0.73150,299.45,49.552,10.401,515.40,31.683,29.326,0.070142,0.013578,-0.008281,16.983,23.598
20.574219,3,65,3888.51,14.8401,0.71431,290.87,49.534,10.406,515.46,31.685,29.327,0.007562,-0.003925,-0.026638,16.808,23.598
20.578125,3,65,3893.23,15.0095,0.72076,293.85,49.534,10.285,509.46,31.687,29.329,0.061531,0.001621,-0.021728,16.970,23.598
20.582031,3,65,3888.03,14.8365,0.71869,292.62,49.567,10.281,509.57,31.689,29.330,-0.055365,-0.012930,-0.011260,16.963,23.598
20.585938,3,65,3891.66,15.0240,0.72176,294.14,49.553,10.259,508.39,31.692,29.332,0.067078,0.017142,-0.006822,16.863,23.598
20.589844,3,65,3903.77,15.0953,0.72636,296.94,49.560,10.314,511.16,31.694,29.333,-0.036520,-0.057333,0.029202,17.022,23.598
20.593750,3,65,3902.83,15.1131,0.72311,295.54,49.568,10.401,515.54,31.696,29.335,-0.023740,-0.067761,0.037267,16.960,23.598
20.597656,3,65,3898.86,14.9204,0.73346,299.46,49.565,10.332,512.12,31.698,29.336,-0.007468,-0.024682,0.004883,17.063,23.598
20.601563,3,65,3886.74,14.8054,0.70662,287.61,49.542,10.209,505.80,31.701,29.338,-0.019606,-0.061584,0.034794,16.974,23.598
20.605469,3,65,3905.03,15.0564,0.72821,297.79,49.553,10.339,512.31,31.703,29.339,0.065043,0.066639,0.035154,16.967,23.598
20.609375,3,65,3911.54,15.1650,0.71807,294.13,49.578,10.345,512.88,31.705,29.341,-0.024742,-0.067695,0.035365,17.010,23.598
20.613281,3,65,3906.37,15.1104,0.73469,300.54,49.566,10.406,515.76,31.707,29.342,0.048684,0.065639,0.033745,16.925,23.598
20.617188,3,65,3901.88,15.0163,0.72024,294.29,49.542,10.284,509.48,31.710,29.344,-0.063342,-0.000771,-0.024481,16.901,23.598
20.621094,3,65,3895.69,14.9366,0.71328,290.99,49.564,10.291,510.04,31.712,29.345,-0.052084,0.005756,-0.025747,17.002,23.598
20.625000,3,65,3901.28,14.9993,0.71742,293.09,49.540,10.410,515.70,31.714,29.347,0.051574,0.068825,0.033827,16.930,23.598
20.628906,3,65,3900.04,14.9959,0.73369,299.65,49.553,10.417,516.18,31.716,29.348,-0.046314,0.007273,-0.024607,16.852,23.598
20.632813,3,65,3904.91,15.0671,0.72491,296.43,49.563,10.269,508.99,31.719,29.350,-0.063753,0.003421,-0.035904,16.966,23.598
20.636719,3,65,3889.41,14.9819,0.72404,294.90,49.538,10.342,512.33,31.721,29.351,-0.058890,-0.008080,-0.017776,16.867,23.598
20.640625,3,65,3894.73,14.9785,0.70756,288.58,49.549,10.325,511.59,31.723,29.353,-0.063878,0.003831,-0.036251,16.980,23.598
20.644531,3,65,3904.67,14.9778,0.73344,299.90,49.551,10.299,510.31,31.725,29.354,-0.015458,-0.045678,0.019618,17.027,23.598
20.648438,3,65,3909.04,15.0121,0.74065,303.19,49.533,10.378,514.04,31.727,29.356,0.057786,0.001400,-0.027011,17.160,23.598
20.652344,3,65,3896.48,15.0010,0.73947,301.73,49.539,10.215,506.04,31.730,29.357,0.077678,0.035365,0.007287,16.831,23.598
20.656250,3,65,3889.67,14.9757,0.73248,298.36,49.570,10.237,507.44,31.732,29.359,0.070890,0.067734,0.036575,17.008,23.598
20.660156,3,65,3904.64,15.1123,0.72700,297.26,49.543,10.431,516.80,31.734,29.360,-0.014252,-0.049020,0.021859,16.917,23.598
20.664063,3,65,3898.13,14.9884,0.72179,294.64,49.554,10.245,507.69,31.736,29.362,-0.016166,-0.052845,0.025966,16.876,23.598
20.667969,3,65,3896.31,14.9407,0.73495,299.87,49.546,10.389,514.72,31.739,29.363,0.077626,0.053828,0.024225,16.958,23.598
20.671875,3,65,3901.41,15.0071,0.72551,296.41,49.547,10.530,521.74,31.741,29.365,0.077278,0.047985,0.018527,17.004,23.598
20.675781,3,65,3902.56,14.9971,0.73579,300.70,49.570,10.264,508.78,31.743,29.366,-0.065847,0.004966,-0.032459,16.899,23.598
20.679688,3,65,3904.59,15.0987,0.74017,302.65,49.539,10.425,516.45,31.745,29.368,-0.061922,-0.002862,-0.024404,16.938,23.598
20.683594,3,65,3906.11,15.0855,0.73039,298.76,49.562,10.341,512.50,31.748,29.369,-0.016728,-0.057878,0.031513,16.931,23.598
20.687500,3,65,3898.90,14.9420,0.72880,297.56,49.537,10.400,515.21,31.750,29.371,0.035498,-0.002163,-0.035035,17.020,23.598
20.691406,3,65,3904.36,15.0025,0.73017,298.54,49.550,10.263,508.53,31.752,29.372,-0.006664,-0.021323,-0.002129,17.027,23.598
20.695313,3,65,3899.05,15.0579,0.71714,292.81,49.544,10.233,506.99,31.754,29.374,-0.056332,0.004543,-0.032521,17.067,23.598
20.699219,3,65,3910.58,15.1318,0.73907,302.66,49.543,10.322,511.38,31.756,29.375,0.069646,0.067848,0.037274,17.061,23.598
20.703125,3,65,3897.92,14.8604,0.72392,295.50,49.574,10.171,504.24,31.758,29.376,0.006427,0.038503,0.014711,16.956,23.598
20.707031,3,65,3901.12,14.9212,0.71806,293.34,49.519,10.411,515.53,31.761,29.378,0.021359,-0.003892,-0.034022,16.928,23.598
20.710938,3,65,3899.18,15.0517,0.73924,301.85,49.574,10.191,505.22,31.763,29.379,-0.030603,0.012779,-0.010650,16.930,23.598
20.714844,3,65,3903.29,15.1469,0.73705,301.27,49.559,10.272,509.04,31.765,29.381,-0.027991,-0.065843,0.036365,16.990,23.598
20.718750,3,65,3905.22,15.1368,0.73844,301.99,49.555,10.362,513.49,31.767,29.382,-0.017956,-0.053441,0.029256,17.060,23.598
20.722656,3,65,3898.85,14.9980,0.73016,298.11,49.563,10.230,507.05,31.769,29.384,-0.025288,-0.067408,0.035273,16.964,23.598
20.726563,3,65,3897.98,15.0069,0.73214,298.86,49.580,10.260,508.71,31.772,29.385,-0.015022,-0.059494,0.031118,17.077,23.598
20.730469,3,65,3907.79,15.1091,0.71775,293.72,49.563,10.396,515.27,31.774,29.387,0.080110,0.040630,0.014179,17.017,23.598
20.734375,3,65,3895.64,14.9218,0.72796,296.97,49.560,10.320,511.48,31.776,29.388,0.065285,0.010450,-0.008989,17.002,23.598
20.738281,3,65,3893.91,14.9934,0.72957,297.49,49.559,10.252,508.07,31.778,29.390,-0.052323,0.005068,-0.029296,17.036,23.598
20.742188,3,65,3906.06,15.0468,0.72088,294.87,49.558,10.384,514.62,31.780,29.391,0.027753,-0.001580,-0.037381,17.013,23.598
20.746094,3,65,3899.72,14.9555,0.73671,300.85,49.558,10.364,513.60,31.783,29.393,0.005431,-0.005327,-0.023905,16.905,23.598
20.750000,3,65,3907.60,15.0401,0.73379,300.27,49.562,10.205,505.79,31.785,29.394,0.009082,-0.002021,-0.028234,17.010,23.597
20.753906,3,65,3903.36,15.0210,0.73146,298.99,49.585,10.327,512.07,31.787,29.395,0.081156,0.046552,0.014926,17.010,23.597
20.757813,3,65,3907.77,15.0530,0.71521,292.68,49.575,10.312,511.24,31.789,29.397,-0.018779,0.021599,-0.003863,17.051,23.597
20.761719,3,65,3896.97,14.9652,0.72830,297.21,49.531,10.362,513.23,31.791,29.398,-0.011111,-0.027136,0.006313,16.927,23.597
20.765625,3,65,3895.10,14.9758,0.72722,296.63,49.587,10.295,510.50,31.793,29.400,0.059497,0.067726,0.035892,16.968,23.597
20.769531,3,65,3899.02,15.0508,0.72358,295.44,49.529,10.394,514.78,31.796,29.401,-0.045799,-0.035747,0.011176,16.886,23.597
20.773438,3,65,3899.65,14.9360,0.72477,295.97,49.569,10.377,514.39,31.798,29.403,0.079727,0.051486,0.020934,16.911,23.597
20.777344,3,65,3898.11,15.0343,0.73714,300.91,49.525,10.423,516.21,31.800,29.404,-0.053427,0.005481,-0.032579,16.993,23.597
20.781250,3,65,3912.18,15.1887,0.71981,294.89,49.547,10.316,511.14,31.802,29.406,0.013662,0.043309,0.022397,17.016,23.597
20.785156,3,65,3906.47,15.0582,0.71264,291.53,49.520,10.342,512.13,31.805,29.407,0.053564,-0.000434,-0.025937,16.990,23.597
20.789063,3,65,3905.01,15.0685,0.72707,297.32,49.530,10.420,516.12,31.807,29.409,0.032440,0.057310,0.031148,17.115,23.597
20.792969,3,65,3901.45,15.0909,0.73524,300.39,49.564,10.400,515.47,31.809,29.410,0.042527,0.062600,0.031628,16.890,23.597
20.796875,3,65,3906.34,15.0883,0.72959,298.46,49.574,10.318,511.53,31.811,29.412,0.010445,0.042132,0.018750,17.100,23.597
20.800781,3,65,3895.68,14.9628,0.72527,295.88,49.566,10.299,510.48,31.813,29.413,-0.020318,-0.066520,0.035205,16.930,23.597
20.804688,3,65,3907.85,15.0617,0.73224,299.66,49.543,10.374,513.96,31.816,29.415,0.030384,0.057238,0.029997,17.033,23.597
20.808594,3,65,3907.76,15.0220,0.72286,295.81,49.524,10.509,520.46,31.818,29.416,0.064401,0.006941,-0.021974,16.935,23.597
20.812500,3,65,3900.02,15.0474,0.72595,296.48,49.536,10.353,512.86,31.820,29.418,-0.065392,-0.001277,-0.035822,16.996,23.597
20.816406,3,65,3897.07,14.9263,0.71927,293.54,49.565,10.217,506.42,31.822,29.419,0.045011,0.064531,0.033209,17.059,23.597
20.820313,3,65,3910.77,15.1716,0.73143,299.55,49.550,10.297,510.21,31.824,29.420,0.050132,0.066293,0.033786,16.975,23.597
20.824219,3,65,3899.84,15.0319,0.72835,297.45,49.552,10.331,511.90,31.826,29.422,-0.016895,-0.053461,0.026605,16.917,23.597
20.828125,3,65,3897.42,14.9997,0.73600,300.39,49.539,10.435,516.92,31.829,29.423,-0.026316,0.015578,-0.007773,17.021,23.597
20.832031,3,65,3907.18,15.0988,0.72144,295.18,49.566,10.459,518.43,31.831,29.425,-0.022268,-0.070783,0.035801,16.956,23.597
20.835938,3,65,3903.93,15.1361,0.72881,297.95,49.545,10.335,512.03,31.833,29.426,-0.049196,-0.025996,0.000755,17.012,23.597
20.839844,3,65,3894.71,14.9509,0.73262,298.80,49.574,10.302,510.72,31.835,29.428,-0.061053,-0.003995,-0.021729,16.925,23.597
20.843750,3,65,3910.66,15.0829,0.72975,298.85,49.554,10.248,507.83,31.837,29.429,-0.024385,-0.065331,0.032658,16.953,23.597
20.847656,3,65,3899.68,15.0709,0.72503,296.08,49.577,10.274,509.34,31.840,29.431,0.006512,0.042288,0.013968,16.937,23.597
20.851563,3,65,3897.48,15.0207,0.72398,295.49,49.552,10.344,512.54,31.842,29.432,-0.013296,-0.033981,0.010388,16.971,23.597
20.855469,3,65,3910.51,14.9926,0.72495,296.87,49.548,10.459,518.22,31.844,29.434,0.057982,0.002727,-0.021875,16.950,23.597
20.859375,3,65,3888.85,14.9080,0.72639,295.81,49.554,10.322,511.51,31.846,29.435,0.004368,0.036741,0.015411,16.849,23.597
20.863281,3,65,3902.52,15.0540,0.71769,293.30,49.538,10.314,510.93,31.848,29.436,0.009934,0.040090,0.016787,17.005,23.597
20.867188,3,65,3903.33,15.0736,0.72981,298.31,49.554,10.336,512.21,31.850,29.438,-0.018335,-0.056603,0.031893,17.173,23.597
20.871094,3,65,3893.80,14.9962,0.71459,291.38,49.572,10.219,506.61,31.853,29.439,-0.012465,-0.030565,0.004261,16.879,23.597
20.875000,3,65,3907.77,15.0990,0.71780,293.74,49.560,10.323,511.63,31.855,29.441,-0.023162,-0.069670,0.034782,16.987,23.597
20.878906,3,65,3902.18,15.1508,0.72717,297.15,49.570,10.364,513.74,31.857,29.442,-0.049586,0.001928,-0.029518,16.920,23.597
20.882813,3,65,3904.34,15.0600,0.72723,297.34,49.538,10.285,509.50,31.859,29.443,-0.046539,0.005656,-0.024326,17.024,23.597
20.886719,3,65,3901.07,15.1332,0.73086,298.57,49.543,10.485,519.44,31.861,29.445,0.021651,0.050340,0.025202,17.086,23.597
20.890625,3,65,3903.62,15.1904,0.73183,299.16,49.558,10.327,511.81,31.863,29.446,0.079963,0.052832,0.020498,17.036,23.597
20.894531,3,65,3908.91,15.0513,0.73074,299.12,49.569,10.375,514.28,31.866,29.448,0.060901,0.006823,-0.019449,17.055,23.597
20.898438,3,65,3891.98,14.9132,0.72293,294.64,49.560,10.278,509.40,31.868,29.449,-0.028996,-0.063889,0.030441,16.957,23.597
20.902344,3,65,3898.49,15.0049,0.72500,295.98,49.550,10.393,514.95,31.870,29.451,0.080434,0.059557,0.030142,16.830,23.597
20.906250,3,65,3894.32,14.9809,0.73383,299.27,49.566,10.323,511.67,31.872,29.452,-0.032568,0.012057,-0.010583,16.877,23.597
20.910156,3,65,3893.12,14.9191,0.73100,298.02,49.570,10.349,513.01,31.874,29.454,-0.065106,-0.004920,-0.022696,16.983,23.597
20.914063,3,65,3901.66,15.0121,0.73058,298.50,49.547,10.374,514.00,31.876,29.455,0.011731,0.043731,0.019580,17.002,23.597
20.917969,3,65,3899.17,15.1407,0.71663,292.62,49.548,10.246,507.65,31.879,29.456,0.009125,-0.004765,-0.032085,16.915,23.597
20.921875,3,65,3903.54,15.1019,0.72214,295.19,49.566,10.370,514.02,31.881,29.458,0.076223,0.048068,0.021356,16.981,23.597
20.925781,3,65,3906.96,15.0721,0.71622,293.03,49.557,10.327,511.79,31.883,29.459,-0.030912,-0.065710,0.037006,16.987,23.597
20.929688,3,65,3910.64,15.0105,0.73453,300.80,49.553,10.300,510.41,31.885,29.461,0.077188,0.059085,0.023885,16.958,23.597
20.933594,3,65,3905.49,14.9567,0.72526,296.62,49.561,10.202,505.62,31.887,29.462,-0.025035,-0.067031,0.032733,17.009,23.597
20.937500,3,65,3899.89,15.0037,0.73164,298.80,49.536,10.329,511.64,31.889,29.463,-0.047652,0.004131,-0.022735,16.871,23.597
20.941406,3,65,3900.39,15.0910,0.72525,296.23,49.556,10.414,516.09,31.891,29.465,0.029458,-0.003781,-0.035739,17.006,23.597
20.945313,3,65,3894.65,14.9811,0.72080,293.97,49.547,10.272,508.95,31.893,29.466,-0.025025,-0.069414,0.037024,16.853,23.597
20.949219,3,65,3897.85,14.9661,0.72923,297.66,49.536,10.272,508.86,31.896,29.468,-0.015576,0.021635,-0.002909,17.008,23.597
20.953125,3,65,3911.72,15.0723,0.71790,294.08,49.553,10.373,514.03,31.898,29.469,0.047875,0.065312,0.034901,17.077,23.597
20.957031,3,65,3897.22,14.9390,0.71790,292.99,49.565,10.328,511.92,31.900,29.470,0.064579,0.011046,-0.013365,16.957,23.597
20.960938,3,65,3904.10,15.1276,0.73336,299.83,49.542,10.323,511.42,31.902,29.472,-0.047057,0.006307,-0.026275,16.899,23.597
20.964844,3,65,3898.25,15.0090,0.73128,298.53,49.560,10.370,513.93,31.904,29.473,0.068557,0.063252,0.033607,16.935,23.597
20.968750,3,65,3900.95,15.0347,0.72328,295.47,49.541,10.372,513.83,31.906,29.475,0.038779,-0.001636,-0.034798,16.908,23.597
20.972656,3,65,3891.66,14.9541,0.72312,294.69,49.539,10.436,516.97,31.909,29.476,0.038970,-0.003483,-0.033663,16.843,23.597
20.976563,3,65,3907.24,14.9961,0.73243,299.68,49.551,10.384,514.51,31.911,29.478,0.023990,0.051318,0.023832,17.041,23.597
20.980469,3,65,3899.00,15.0349,0.71973,293.87,49.555,10.213,506.13,31.913,29.479,0.008217,-0.004377,-0.028866,16.876,23.597
20.984375,3,65,3895.83,15.0514,0.73163,298.48,49.557,10.353,513.06,31.915,29.480,-0.021221,-0.061179,0.031104,16.907,23.597
20.988281,3,65,3903.36,15.1622,0.72023,294.40,49.567,10.283,509.72,31.917,29.482,-0.000614,-0.010581,-0.013171,17.016,23.597
20.992188,3,65,3891.51,14.9216,0.71342,290.73,49.539,10.300,510.26,31.919,29.483,-0.017305,-0.056409,0.025021,16.932,23.597
20.996094,3,65,3912.22,15.0565,0.72395,296.59,49.531,10.448,517.49,31.921,29.485,0.031778,0.056952,0.027848,17.120,23.597
21.000000,3,65,3893.37,14.9052,0.71554,291.73,49.547,10.250,507.87,31.923,29.486,-0.045081,-0.036493,0.009100,17.047,23.597
21.003906,3,65,3903.75,14.9853,0.72844,297.78,49.540,10.350,512.77,31.925,29.487,-0.020926,-0.067439,0.037372,16.927,23.597
21.007813,3,65,3897.87,14.9566,0.73883,301.58,49.599,10.298,510.76,31.928,29.489,-0.061102,-0.004139,-0.021976,16.971,23.597
21.011719,3,65,3909.34,14.9998,0.72393,296.36,49.549,10.496,520.07,31.930,29.490,0.033514,0.061189,0.030166,17.063,23.597
21.015625,3,65,3904.78,15.0351,0.72802,297.69,49.553,10.346,512.65,31.932,29.492,-0.045705,-0.030880,0.007985,17.008,23.597
21.019531,3,65,3898.07,15.0256,0.72356,295.36,49.546,10.363,513.43,31.934,29.493,-0.024347,-0.067723,0.035842,16.990,23.597
21.023438,3,65,3901.10,14.9226,0.72254,295.17,49.569,10.318,511.47,31.936,29.495,-0.043578,0.007204,-0.019480,16.975,23.597
21.027344,3,65,3901.15,14.9155,0.73668,300.95,49.539,10.289,509.68,31.938,29.496,0.078242,0.033351,0.012457,16.965,23.597
21.031250,3,65,3900.72,15.1579,0.71670,292.76,49.539,10.398,515.11,31.940,29.497,0.051431,-0.003824,-0.031876,16.878,23.597
21.035156,3,65,3897.55,15.0816,0.71658,292.47,49.562,10.395,515.18,31.943,29.499,-0.002250,-0.015287,-0.012431,16.895,23.597
21.039063,3,65,3894.70,15.0037,0.72348,295.07,49.557,10.367,513.76,31.945,29.500,-0.045766,-0.036256,0.011478,16.931,23.597
21.042969,3,65,3897.32,14.9449,0.72473,295.78,49.563,10.238,507.41,31.947,29.501,-0.062172,0.001857,-0.031757,16.844,23.597
21.046875,3,65,3900.65,15.0391,0.72033,294.24,49.528,10.363,513.27,31.949,29.503,0.049842,-0.000968,-0.030342,16.900,23.597
21.050781,3,65,3902.21,14.9822,0.72918,297.97,49.537,10.245,507.48,31.951,29.504,0.058551,0.068524,0.034772,16.919,23.597
21.054688,3,65,3906.02,15.0423,0.72372,296.03,49.560,10.466,518.67,31.953,29.506,-0.042328,-0.043282,0.018365,17.011,23.597
21.058594,3,65,3899.63,15.0149,0.72391,295.62,49.553,10.456,518.12,31.955,29.507,-0.044845,-0.038312,0.011017,16.866,23.597
21.062500,3,65,3908.29,15.0444,0.73237,299.74,49.542,10.340,512.29,31.957,29.509,-0.005148,0.031074,0.011627,17.026,23.597
21.066406,3,65,3905.11,15.0313,0.71969,294.31,49.539,10.427,516.54,31.960,29.510,0.071340,0.064271,0.034120,16.993,23.597
21.070313,3,65,3903.11,15.0159,0.71572,292.54,49.551,10.349,512.78,31.962,29.511,-0.036572,-0.047352,0.016947,16.981,23.597
21.074219,3,65,3896.77,14.9805,0.71936,293.55,49.559,10.240,507.47,31.964,29.513,-0.048119,-0.033908,0.005628,16.882,23.597
21.078125,3,65,3895.29,14.9553,0.72262,294.77,49.558,10.462,518.46,31.966,29.514,-0.004354,-0.014353,-0.014509,16.929,23.597
21.082031,3,65,3903.46,14.9948,0.74085,302.84,49.551,10.175,504.15,31.968,29.515,-0.022049,-0.062951,0.035825,16.852,23.597
21.085938,3,65,3901.56,15.0355,0.71688,292.90,49.556,10.244,507.64,31.970,29.517,0.077655,0.055915,0.026942,16.987,23.597
21.089844,3,65,3900.80,14.9817,0.72405,295.77,49.543,10.420,516.26,31.972,29.518,0.075787,0.060866,0.032116,16.964,23.597
21.093750,3,65,3912.10,14.9879,0.73582,301.45,49.523,10.376,513.87,31.974,29.520,0.020040,-0.004654,-0.034531,16.989,23.597
21.097656,3,65,3892.11,14.9648,0.72084,293.80,49.557,10.286,509.75,31.976,29.521,-0.023995,-0.069068,0.038099,16.913,23.597
21.101563,3,65,3902.46,15.0285,0.72863,297.76,49.540,10.360,513.22,31.979,29.522,-0.010511,-0.030948,0.005899,16.973,23.596
21.105469,3,65,3898.01,14.9547,0.72493,295.92,49.537,10.414,515.86,31.981,29.524,0.081473,0.048845,0.021804,16.897,23.596
21.109375,3,65,3908.71,15.2117,0.73204,299.64,49.561,10.299,510.44,31.983,29.525,0.075557,0.039397,0.010913,16.824,23.596
21.113281,3,65,3898.03,15.0020,0.72002,293.91,49.556,10.359,513.38,31.985,29.527,-0.044491,-0.042656,0.012691,16.957,23.596
21.117188,3,65,3889.78,15.0384,0.71966,293.14,49.567,10.316,511.34,31.987,29.528,0.026717,0.053304,0.025386,16.831,23.596
21.121094,3,65,3889.77,14.9545,0.72482,295.25,49.535,10.389,514.60,31.989,29.529,0.055280,0.001512,-0.025910,16.872,23.596
21.125000,3,65,3895.03,14.9805,0.72548,295.91,49.558,10.428,516.78,31.991,29.531,0.008365,-0.004108,-0.031721,16.891,23.596
21.128906,3,65,3895.85,15.1105,0.72291,294.93,49.532,10.435,516.85,31.993,29.532,-0.039610,0.010850,-0.017250,16.937,23.596
21.132813,3,65,3895.86,15.0567,0.73451,299.66,49.570,10.370,514.04,31.995,29.534,0.078529,0.037007,0.013351,16.897,23.596
21.136719,3,65,3896.01,15.0216,0.72031,293.88,49.554,10.235,507.20,31.998,29.535,-0.008937,-0.036204,0.012556,16.888,23.596
21.140625,3,65,3892.12,14.8509,0.73238,298.51,49.548,10.256,508.17,32.000,29.536,0.014942,-0.002540,-0.030603,17.046,23.596
21.144531,3,65,3898.19,14.9919,0.72696,296.76,49.555,10.342,512.47,32.002,29.538,-0.064292,-0.001131,-0.023540,16.924,23.596
21.148438,3,65,3902.35,15.0822,0.72308,295.49,49.563,10.327,511.85,32.004,29.539,-0.013929,-0.035144,0.010099,17.006,23.596
21.152344,3,65,3901.97,15.0979,0.73224,299.21,49.522,10.323,511.23,32.006,29.540,-0.028673,-0.069284,0.035017,16.904,23.596
21.156250,3,65,3903.15,15.0178,0.72628,296.86,49.558,10.357,513.27,32.008,29.542,0.053737,-0.002721,-0.030067,17.061,23.596
21.160156,3,65,3896.72,15.0320,0.73440,299.68,49.558,10.434,517.11,32.010,29.543,0.063641,0.006457,-0.023737,16.983,23.596
21.164063,3,65,3901.96,15.0065,0.73426,300.03,49.544,10.292,509.92,32.012,29.544,0.016803,-0.004629,-0.034913,17.036,23.596
21.167969,3,65,3912.87,15.0692,0.72769,298.17,49.539,10.500,520.17,32.014,29.546,-0.013920,-0.025585,0.004377,17.107,23.596
21.171875,3,65,3901.83,14.9963,0.72398,295.82,49.552,10.458,518.22,32.016,29.547,-0.065512,0.003702,-0.036222,17.075,23.596
21.175781,3,65,3900.58,15.0625,0.72203,294.93,49.534,10.468,518.50,32.019,29.549,-0.034370,-0.060876,0.026925,16.946,23.596
21.179688,3,65,3905.03,14.9984,0.71952,294.23,49.537,10.466,518.48,32.021,29.550,-0.012046,-0.027074,0.001289,16.909,23.596
21.183594,3,65,3894.70,14.9457,0.71592,291.99,49.572,10.136,502.46,32.023,29.551,0.052735,0.069815,0.035527,17.002,23.596
21.187500,3,65,3902.28,15.0500,0.72072,294.52,49.569,10.243,507.72,32.025,29.553,0.008391,0.039233,0.018728,16.969,23.596
21.191406,3,65,3893.72,14.9893,0.71649,292.15,49.573,10.349,513.02,32.027,29.554,0.070583,0.018664,-0.010387,16.943,23.596
21.195313,3,65,3905.25,15.1019,0.71963,294.30,49.569,10.289,510.03,32.029,29.555,-0.019255,-0.065103,0.037449,16.951,23.596
21.199219,3,65,3900.21,15.0529,0.71713,292.90,49.526,10.335,511.86,32.031,29.557,0.031241,0.059537,0.028192,16.944,23.596
21.203125,3,65,3896.15,14.9452,0.73151,298.46,49.566,10.263,508.68,32.033,29.558,-0.064140,0.002760,-0.035938,17.052,23.596
21.207031,3,65,3899.40,15.0716,0.73078,298.41,49.564,10.329,511.97,32.035,29.559,0.061485,0.008138,-0.017595,16.973,23.596
21.210938,3,65,3909.24,15.0793,0.73050,299.05,49.553,10.335,512.13,32.037,29.561,-0.001653,0.034870,0.009848,17.001,23.596
21.214844,3,65,3903.76,15.0205,0.73430,300.18,49.551,10.456,518.09,32.039,29.562,0.043293,0.000896,-0.034484,16.911,23.596
21.218750,3,65,3898.01,14.9792,0.73114,298.45,49.553,10.224,506.63,32.041,29.563,-0.014340,-0.052591,0.026198,16.943,23.596
21.222656,3,65,3898.50,14.9957,0.72236,294.90,49.559,10.404,515.60,32.043,29.565,-0.021317,0.018553,-0.002128,16.995,23.596
21.226563,3,65,3900.20,15.0264,0.73249,299.17,49.570,10.375,514.30,32.045,29.566,-0.065038,0.002958,-0.034556,16.894,23.596
21.230469,3,65,3900.79,15.0507,0.71842,293.47,49.549,10.335,512.11,32.048,29.568,0.056723,0.001655,-0.022679,16.957,23.596
21.234375,3,65,3899.32,14.9810,0.72569,296.33,49.557,10.141,502.58,32.049,29.569,0.011424,0.044645,0.019627,17.049,23.596
21.238281,3,65,3896.23,14.9454,0.72136,294.32,49.534,10.317,511.03,32.052,29.570,0.077973,0.049535,0.019084,16.960,23.596
21.242188,3,65,3885.27,14.9168,0.71140,289.45,49.579,10.250,508.17,32.054,29.571,-0.020587,-0.058485,0.028467,16.956,23.596
21.246094,3,65,3903.35,14.9222,0.73621,300.93,49.528,10.377,513.95,32.056,29.573,0.078825,0.033765,0.007230,16.937,23.596
21.250000,3,65,3912.12,15.1320,0.72624,297.52,49.542,10.412,515.82,32.058,29.574,-0.017797,-0.065367,0.032320,17.170,23.596
21.253906,3,65,3899.73,15.0253,0.73442,299.92,49.547,10.218,506.28,32.060,29.575,0.000207,-0.006863,-0.018672,16.876,23.596
21.257813,3,65,3901.59,15.1349,0.72615,296.69,49.530,10.375,513.88,32.062,29.577,0.029328,-0.002531,-0.035797,16.933,23.596
21.261719,3,65,3901.89,15.0504,0.71786,293.32,49.533,10.353,512.81,32.064,29.578,-0.043018,-0.033219,0.008964,16.909,23.596
21.265625,3,65,3899.79,15.0015,0.72095,294.42,49.546,10.266,508.64,32.066,29.579,0.078701,0.035463,0.007272,16.951,23.596
21.269531,3,65,3911.30,15.2262,0.71964,294.76,49.545,10.330,511.81,32.068,29.581,-0.017078,-0.053930,0.029867,17.114,23.596
21.273438,3,65,3893.29,14.9311,0.72381,295.10,49.563,10.212,506.14,32.070,29.582,0.002496,-0.006864,-0.026239,16.980,23.596
21.277344,3,65,3905.33,14.9422,0.72264,295.54,49.571,10.319,511.52,32.072,29.583,-0.037127,0.009704,-0.017426,16.880,23.596
21.281250,3,65,3916.62,15.1303,0.72726,298.29,49.542,10.433,516.88,32.074,29.585,0.079978,0.039551,0.011803,17.012,23.596
21.285156,3,65,3907.72,15.1032,0.71528,292.70,49.544,10.393,514.89,32.076,29.586,0.051193,0.001112,-0.024976,17.053,23.596
21.289063,3,65,3898.14,14.9325,0.72206,294.76,49.552,10.272,508.99,32.078,29.587,0.079151,0.060212,0.030068,16.880,23.596
21.292969,3,65,3901.68,15.0403,0.72065,294.44,49.564,10.241,507.58,32.080,29.589,-0.032858,-0.056935,0.028174,17.057,23.596
21.296875,3,65,3898.26,14.9182,0.72025,294.02,49.555,10.257,508.29,32.082,29.590,-0.043486,-0.037744,0.010391,16.942,23.596
21.300781,3,65,3898.26,15.0437,0.72645,296.56,49.542,10.257,508.15,32.084,29.591,-0.026948,0.019296,-0.004675,16.899,23.596
21.304688,3,65,3891.58,14.8847,0.72571,295.74,49.534,10.333,511.83,32.086,29.593,-0.063651,0.004363,-0.035128,16.939,23.596
21.308594,3,65,3911.42,15.0240,0.71969,294.79,49.575,10.304,510.84,32.088,29.594,0.071140,0.064205,0.034053,16.859,23.596
21.312500,3,65,3899.13,15.0610,0.72683,296.77,49.541,10.378,514.13,32.090,29.595,0.017264,0.050117,0.021971,16.978,23.596
21.316406,3,65,3894.84,14.9396,0.71488,291.57,49.550,10.310,510.88,32.092,29.597,-0.055433,-0.010821,-0.015420,16.963,23.596
21.320313,3,65,3897.07,14.9594,0.72450,295.67,49.555,10.301,510.46,32.094,29.598,-0.067424,-0.000209,-0.028154,17.054,23.596
21.324219,3,65,3895.49,15.0407,0.71960,293.55,49.538,10.315,510.99,32.096,29.599,-0.012783,-0.031625,0.008153,16.958,23.596
21.328125,3,65,3903.07,14.9982,0.73419,300.08,49.545,10.299,510.27,32.098,29.600,-0.000198,-0.009961,-0.013985,16.973,23.596
21.332031,3,65,3897.97,14.9739,0.72993,297.95,49.569,10.364,513.72,32.100,29.602,-0.059626,-0.000051,-0.034726,16.964,23.596
21.335938,3,65,3899.22,15.0087,0.72916,297.73,49.544,10.375,514.00,32.102,29.603,-0.019729,-0.065035,0.037116,17.023,23.596
21.339844,3,65,3898.98,14.9162,0.73652,300.72,49.556,10.405,515.63,32.105,29.605,-0.055532,-0.017234,-0.010075,16.843,23.596
21.343750,3,65,3901.65,14.9601,0.72454,296.03,49.564,10.384,514.69,32.107,29.606,-0.032355,0.015513,-0.010687,17.024,23.596
21.347656,3,65,3903.80,15.0396,0.74529,304.68,49.554,10.326,511.71,32.109,29.607,-0.017351,0.016866,-0.003113,17.108,23.596
21.351563,3,65,3900.74,14.9516,0.72076,294.42,49.542,10.467,518.57,32.111,29.609,0.073499,0.066671,0.033157,17.066,23.596
21.355469,3,65,3903.29,15.0335,0.73193,299.18,49.576,10.270,509.14,32.113,29.610,0.048412,-0.001877,-0.029582,17.056,23.596
21.359375,3,65,3893.51,14.9406,0.72658,296.25,49.537,10.283,509.39,32.115,29.611,0.045260,0.065888,0.034658,17.095,23.596
21.363281,3,65,3905.64,15.0764,0.72636,297.08,49.591,10.309,511.25,32.117,29.612,-0.031906,-0.064280,0.031387,17.050,23.596
21.367188,3,65,3894.62,14.9107,0.71952,293.45,49.537,10.385,514.45,32.119,29.614,-0.018439,0.023391,-0.002169,16.828,23.596
21.371094,3,65,3896.47,14.9358,0.71389,291.29,49.579,10.248,508.08,32.121,29.615,-0.059353,0.003845,-0.033935,16.884,23.596
21.375000,3,65,3902.82,15.0560,0.72926,298.05,49.556,10.227,506.83,32.123,29.616,0.010538,-0.004680,-0.030157,17.038,23.596
21.378906,3,65,3898.95,14.8854,0.72229,294.91,49.554,10.323,511.53,32.125,29.618,0.056393,0.007086,-0.020277,16.919,23.596
21.382813,3,65,3912.70,15.0946,0.73670,301.86,49.570,10.354,513.25,32.127,29.619,0.001095,-0.012703,-0.016825,17.072,23.596
21.386719,3,65,3901.04,15.1009,0.71638,292.65,49.560,10.360,513.45,32.129,29.620,-0.016985,-0.048026,0.023922,16.880,23.596
21.390625,3,65,3891.52,14.9002,0.71311,290.61,49.524,10.310,510.61,32.131,29.622,0.013549,-0.000289,-0.033270,17.006,23.596
21.394531,3,65,3896.21,15.1089,0.72433,295.53,49.535,10.306,510.50,32.133,29.623,0.041402,-0.004071,-0.032781,16.968,23.596
21.398438,3,65,3895.28,14.8926,0.73440,299.57,49.573,10.270,509.13,32.135,29.624,0.073536,0.018218,-0.007565,16.944,23.596
21.402344,3,65,3895.91,14.9793,0.72481,295.71,49.547,10.284,509.54,32.137,29.625,-0.049167,-0.030013,0.005547,16.941,23.595
21.406250,3,65,3899.98,14.9756,0.72273,295.17,49.576,10.287,509.99,32.139,29.627,0.001764,-0.008661,-0.024402,16.958,23.595
21.410156,3,65,3888.63,14.9031,0.73098,297.67,49.545,10.316,511.11,32.141,29.628,-0.030410,-0.066443,0.037249,16.971,23.595
21.414063,3,65,3902.42,15.0455,0.73008,298.35,49.562,10.319,511.43,32.143,29.629,-0.066122,-0.000076,-0.029838,16.976,23.595
21.417969,3,65,3901.10,14.9456,0.73683,301.01,49.534,10.422,516.24,32.145,29.631,-0.021056,-0.066664,0.035918,16.991,23.595
21.421875,3,65,3901.33,15.0194,0.71580,292.44,49.544,10.262,508.42,32.147,29.632,-0.045496,0.005504,-0.025047,16.847,23.595
21.425781,3,65,3903.71,15.0930,0.74218,303.40,49.532,10.401,515.20,32.149,29.633,0.017839,0.046206,0.020496,17.006,23.595
21.429688,3,65,3903.97,15.0727,0.71991,294.31,49.575,10.286,509.93,32.151,29.634,0.018734,0.000256,-0.037635,16.849,23.595
21.433594,3,65,3904.71,15.1192,0.72577,296.77,49.548,10.318,511.26,32.153,29.636,-0.057124,0.004214,-0.034943,17.043,23.595
21.437500,3,65,3898.49,15.0759,0.72124,294.45,49.550,10.260,508.36,32.155,29.637,-0.042134,0.009927,-0.022510,16.917,23.595
21.441406,3,65,3889.51,14.9535,0.72302,294.49,49.553,10.267,508.75,32.157,29.638,-0.018308,0.017753,-0.001633,16.899,23.595
21.445313,3,65,3899.19,14.9220,0.71231,290.85,49.565,10.246,507.85,32.159,29.639,-0.039687,-0.048088,0.020602,17.115,23.595
21.449219,3,65,3903.07,14.9829,0.73538,300.57,49.538,10.414,515.90,32.161,29.641,0.039576,-0.000155,-0.034767,17.031,23.595
21.453125,3,65,3898.24,14.9739,0.73000,298.00,49.557,10.188,504.90,32.163,29.642,-0.064021,0.004791,-0.037158,17.001,23.595
21.457031,3,65,3887.11,14.8545,0.71748,292.05,49.534,10.316,511.02,32.165,29.643,0.068612,0.069435,0.034952,16.868,23.595
21.460938,3,65,3898.51,15.0674,0.72584,296.32,49.538,10.387,514.55,32.167,29.645,-0.006605,-0.013624,-0.012181,17.078,23.595
21.464844,3,65,3898.26,15.0042,0.73032,298.14,49.553,10.324,511.59,32.169,29.646,-0.027012,-0.066266,0.036344,16.925,23.595
21.468750,3,65,3901.39,15.0361,0.71455,291.93,49.543,10.308,510.71,32.171,29.647,-0.007926,0.029507,0.005418,16.961,23.595
21.472656,3,65,3903.13,15.1182,0.71942,294.05,49.566,10.325,511.77,32.173,29.648,-0.061602,0.000260,-0.036259,16.891,23.595
21.476563,3,65,3903.87,14.9619,0.72889,297.98,49.546,10.368,513.67,32.175,29.650,0.015178,-0.001877,-0.033181,17.032,23.595
21.480469,3,65,3901.67,14.9810,0.72539,296.38,49.548,10.313,510.96,32.177,29.651,-0.064598,0.003293,-0.036954,16.927,23.595
21.484375,3,65,3904.60,14.8662,0.73130,299.02,49.537,10.338,512.11,32.179,29.652,0.078410,0.062059,0.028058,17.039,23.595
21.488281,3,65,3896.49,15.0523,0.72701,296.65,49.559,10.477,519.23,32.181,29.654,-0.011329,-0.034389,0.014989,16.831,23.595
21.492188,3,65,3906.22,14.9729,0.72982,298.54,49.550,10.334,512.02,32.183,29.655,0.072288,0.017949,-0.009539,16.963,23.595
21.496094,3,65,3897.30,15.0556,0.72626,296.40,49.574,10.163,503.80,32.185,29.656,0.047641,0.000145,-0.030301,16.868,23.595
21.500000,3,65,3906.75,15.0395,0.73798,301.92,49.532,10.365,513.42,32.187,29.657,-0.034636,0.011634,-0.015350,16.993,23.595
21.503906,3,65,3901.16,14.9534,0.73185,298.98,49.544,10.318,511.20,32.189,29.659,0.080563,0.040975,0.014755,16.830,23.595
21.507813,3,65,3895.70,14.9744,0.72127,294.25,49.546,10.304,510.52,32.191,29.660,-0.009798,-0.027618,0.006365,16.999,23.595
21.511719,3,65,3895.80,14.9339,0.71475,291.59,49.563,10.260,508.54,32.192,29.661,-0.062061,-0.007542,-0.022126,16.793,23.595
21.515625,3,65,3905.20,15.0350,0.72596,296.88,49.554,10.378,514.27,32.194,29.663,0.009336,-0.002615,-0.026832,17.055,23.595
21.519531,3,65,3904.09,14.9958,0.73017,298.52,49.535,10.422,516.23,32.197,29.664,0.066641,0.010365,-0.013106,16.864,23.595
21.523438,3,65,3914.35,15.0602,0.72941,298.99,49.551,10.347,512.70,32.199,29.665,0.079355,0.038844,0.015312,17.067,23.595
21.527344,3,65,3895.08,14.9836,0.72142,294.26,49.560,10.315,511.21,32.201,29.666,-0.018035,-0.051528,0.024733,16.923,23.595
21.531250,3,65,3910.77,15.0633,0.74735,306.07,49.561,10.412,516.01,32.203,29.668,0.001067,-0.004346,-0.024052,17.032,23.595
21.535156,3,65,3902.88,15.0613,0.71893,293.83,49.562,10.315,511.25,32.205,29.669,-0.066578,0.004121,-0.035699,16.948,23.595
21.539063,3,65,3894.99,15.0319,0.71839,293.02,49.556,10.257,508.31,32.206,29.670,0.063830,0.010615,-0.017075,17.049,23.595
21.542969,3,65,3905.85,15.0135,0.73203,299.41,49.546,10.430,516.78,32.208,29.672,0.003737,-0.007748,-0.024175,17.021,23.595
21.546875,3,65,3890.44,14.8138,0.72774,296.48,49.580,10.212,506.30,32.210,29.673,0.076254,0.067691,0.031905,16.813,23.595
21.550781,3,65,3902.34,15.0562,0.72694,297.06,49.528,10.418,516.00,32.212,29.674,-0.033660,-0.055073,0.027759,16.924,23.595
21.554688,3,65,3902.23,15.0486,0.72370,295.73,49.552,10.282,509.49,32.214,29.675,-0.060703,0.002947,-0.034077,16.998,23.595
21.558594,3,65,3900.49,15.0420,0.71921,293.77,49.579,10.377,514.50,32.216,29.677,-0.012488,-0.041024,0.016153,17.039,23.595
21.562500,3,65,3912.35,14.9527,0.72716,297.92,49.539,10.314,510.94,32.218,29.678,0.016183,0.044100,0.022116,17.021,23.595
21.566406,3,65,3900.93,15.0138,0.73071,298.50,49.538,10.429,516.62,32.220,29.679,0.080584,0.055705,0.023287,16.961,23.595
21.570313,3,65,3891.20,15.0100,0.72889,297.01,49.566,10.355,513.26,32.222,29.680,-0.040310,0.007005,-0.021793,16.794,23.595
21.574219,3,65,3897.98,15.0388,0.72682,296.68,49.539,10.358,513.12,32.224,29.682,-0.027466,-0.068465,0.034572,16.941,23.595
21.578125,3,65,3897.93,14.9075,0.72764,297.01,49.531,10.326,511.46,32.226,29.683,-0.067091,0.003795,-0.034846,17.017,23.595
21.582031,3,65,3900.76,14.9929,0.73199,299.01,49.574,10.308,511.00,32.228,29.684,0.067702,0.070315,0.033358,17.022,23.595
21.585938,3,65,3893.01,14.9921,0.72203,294.36,49.579,10.194,505.42,32.230,29.685,-0.022266,-0.067909,0.034580,16.982,23.595
21.589844,3,65,3904.56,14.9317,0.73419,300.20,49.550,10.225,506.65,32.232,29.687,0.002898,0.035294,0.014087,16.985,23.595
21.593750,3,65,3898.67,15.0302,0.71787,293.08,49.542,10.261,508.34,32.234,29.688,0.073053,0.066363,0.029717,16.864,23.595
21.597656,3,65,3897.41,14.9495,0.73140,298.51,49.544,10.334,512.01,32.236,29.689,-0.038023,0.009735,-0.016841,16.935,23.595
21.601563,3,65,3905.56,15.0624,0.74170,303.35,49.559,10.461,518.42,32.238,29.690,0.069767,0.064303,0.033196,17.033,23.595
21.605469,3,65,3905.66,15.0080,0.72180,295.22,49.543,10.303,510.43,32.240,29.692,0.004429,-0.003433,-0.024610,17.024,23.595
21.609375,3,65,3904.45,15.0235,0.74660,305.26,49.581,10.328,512.09,32.242,29.693,0.073805,0.019005,-0.006465,16.971,23.595
21.613281,3,65,3900.53,15.0310,0.71895,293.67,49.561,10.334,512.15,32.244,29.694,0.048031,0.065168,0.035064,16.925,23.595
21.617188,3,65,3901.94,14.9573,0.72755,297.28,49.559,10.343,512.57,32.246,29.695,-0.063926,0.002870,-0.035727,16.952,23.595
21.621094,3,65,3894.82,14.9114,0.72625,296.21,49.567,10.307,510.88,32.248,29.697,-0.015875,-0.048816,0.023533,16.926,23.595
21.625000,3,65,3909.61,15.0875,0.72886,298.40,49.547,10.356,513.10,32.250,29.698,0.065265,0.066478,0.037760,17.103,23.595
21.628906,3,65,3897.14,14.9472,0.71921,293.52,49.577,10.271,509.19,32.252,29.699,-0.064178,0.005382,-0.035753,17.040,23.595
21.632813,3,65,3893.14,14.8549,0.73780,300.79,49.556,10.427,516.74,32.254,29.700,-0.039239,-0.047344,0.020564,17.024,23.595
21.636719,3,65,3904.68,14.9923,0.72374,295.94,49.552,10.443,517.47,32.256,29.702,0.057381,0.065945,0.036298,16.988,23.595
21.640625,3,65,3900.69,14.9789,0.72492,296.12,49.545,10.279,509.26,32.258,29.703,-0.049966,0.007793,-0.022749,16.886,23.595
21.644531,3,65,3898.32,15.0260,0.71331,291.20,49.596,10.276,509.66,32.259,29.704,0.046016,-0.003848,-0.031803,16.911,23.595
21.648438,3,65,3900.83,14.9129,0.73460,300.08,49.578,10.234,507.37,32.261,29.705,-0.008302,-0.023455,-0.001419,17.096,23.595
21.652344,3,65,3899.26,15.0485,0.71258,290.97,49.561,10.384,514.64,32.263,29.707,0.076561,0.054928,0.023605,17.027,23.595
21.656250,3,65,3900.99,14.9647,0.72228,295.06,49.524,10.376,513.88,32.265,29.708,0.023992,0.051831,0.025245,17.017,23.595
21.660156,3,65,3900.12,15.0091,0.72238,295.03,49.563,10.267,508.88,32.267,29.709,-0.014932,0.024532,0.001290,17.029,23.595
21.664063,3,65,3914.00,15.0926,0.72934,298.94,49.570,10.520,521.49,32.269,29.710,0.072062,0.019799,-0.008535,17.085,23.595
21.667969,3,65,3898.26,15.0119,0.71809,293.14,49.541,10.403,515.36,32.271,29.712,-0.064073,-0.000420,-0.034634,16.917,23.595
21.671875,3,65,3903.13,15.0455,0.73285,299.54,49.558,10.407,515.74,32.273,29.713,-0.064515,0.000866,-0.032958,16.903,23.594
21.675781,3,65,3899.89,14.9386,0.71777,293.14,49.577,10.277,509.51,32.275,29.714,-0.050251,0.003655,-0.025278,16.980,23.594
21.679688,3,65,3903.46,15.0398,0.72768,297.45,49.564,10.362,513.57,32.277,29.715,-0.004788,-0.013479,-0.012230,17.049,23.594
21.683594,3,65,3901.64,15.0112,0.71312,291.37,49.564,10.357,513.32,32.279,29.717,0.031308,0.060584,0.029006,16.864,23.594
21.687500,3,65,3912.65,15.0902,0.73669,301.85,49.556,10.452,517.98,32.281,29.718,0.058546,0.001258,-0.023936,17.096,23.594
21.691406,3,65,3899.02,14.8620,0.72380,295.53,49.549,10.182,504.49,32.283,29.719,-0.028317,-0.068616,0.036864,16.948,23.594
21.695313,3,65,3891.98,15.0174,0.71710,292.27,49.582,10.225,506.97,32.285,29.720,0.043116,0.001531,-0.032907,16.929,23.594
21.699219,3,65,3898.88,14.9751,0.72266,295.05,49.554,10.289,509.85,32.287,29.722,0.042879,0.064152,0.033479,16.899,23.594
21.703125,3,65,3895.56,15.0487,0.73753,300.87,49.560,10.315,511.20,32.289,29.723,0.072918,0.067271,0.037246,16.946,23.594
21.707031,3,65,3898.79,14.9676,0.73515,300.15,49.557,10.353,513.05,32.291,29.724,-0.021488,-0.052956,0.024135,16.943,23.594
21.710938,3,65,3889.42,14.8970,0.70003,285.12,49.586,10.280,509.76,32.293,29.725,0.005290,-0.004838,-0.027375,16.949,23.594
21.714844,3,65,3904.14,15.0627,0.72728,297.34,49.552,10.350,512.87,32.294,29.726,-0.006419,0.028591,0.005425,17.047,23.594
21.718750,3,65,3907.50,15.2001,0.73397,300.33,49.567,10.463,518.64,32.296,29.728,-0.006881,-0.014904,-0.007981,16.999,23.594
21.722656,3,65,3904.64,14.9915,0.72928,298.20,49.550,10.323,511.52,32.298,29.729,-0.037141,-0.049906,0.020951,17.076,23.594
21.726563,3,65,3888.18,14.9444,0.71762,292.19,49.552,10.372,513.97,32.300,29.730,-0.016585,0.021134,0.000283,16.909,23.594
21.730469,3,65,3909.26,15.1255,0.72016,294.82,49.556,10.389,514.81,32.302,29.732,-0.061678,0.003953,-0.035049,17.012,23.594
21.734375,3,65,3898.25,14.9293,0.73128,298.52,49.559,10.260,508.48,32.304,29.733,0.066928,0.068754,0.036804,17.071,23.594
21.738281,3,65,3911.07,15.0298,0.71947,294.67,49.557,10.229,506.90,32.306,29.734,0.015487,0.045918,0.018657,16.872,23.594
21.742188,3,65,3902.27,14.9864,0.73174,299.02,49.556,10.299,510.40,32.308,29.735,0.054188,0.066511,0.035472,17.009,23.594
21.746094,3,65,3904.91,15.0342,0.72272,295.54,49.567,10.274,509.25,32.310,29.736,0.051422,-0.000487,-0.029831,16.987,23.594
21.750000,3,65,3901.43,15.0149,0.72282,295.31,49.562,10.347,512.81,32.312,29.738,0.055846,0.002410,-0.028887,16.948,23.594
21.753906,3,65,3898.22,14.9517,0.70698,288.60,49.569,10.269,509.04,32.314,29.739,0.018489,-0.002421,-0.035453,16.989,23.594
21.757813,3,65,3902.07,14.9833,0.72461,296.09,49.518,10.373,513.65,32.316,29.740,0.019288,0.049695,0.024522,16.923,23.594
21.761719,3,65,3905.36,15.1136,0.72516,296.57,49.531,10.449,517.57,32.318,29.741,-0.007298,-0.022912,-0.000164,16.931,23.594
21.765625,3,65,3898.80,14.9080,0.71367,291.38,49.551,10.343,512.52,32.320,29.742,0.024807,-0.003471,-0.032685,16.869,23.594
21.769531,3,65,3904.07,15.0657,0.72758,297.46,49.543,10.343,512.40,32.321,29.744,-0.016894,-0.044612,0.020782,17.033,23.594
21.773438,3,65,3906.44,15.0673,0.72619,297.07,49.577,10.260,508.66,32.323,29.745,-0.026367,-0.065821,0.033801,17.107,23.594
21.777344,3,65,3900.58,14.9830,0.74126,302.78,49.566,10.271,509.11,32.325,29.746,-0.055652,-0.010222,-0.014238,17.024,23.594
21.781250,3,65,3904.04,15.0408,0.72534,296.54,49.542,10.405,515.48,32.327,29.747,0.057315,0.006253,-0.020084,17.052,23.594
21.785156,3,65,3901.30,15.0692,0.73515,300.34,49.543,10.314,511.00,32.329,29.749,-0.013271,-0.048304,0.020984,17.069,23.594
21.789063,3,65,3893.45,14.8715,0.72181,294.30,49.551,10.417,516.17,32.331,29.750,-0.037636,0.007464,-0.016381,17.052,23.594
21.792969,3,65,3897.13,14.9891,0.72110,294.29,49.547,10.334,512.00,32.333,29.751,-0.016767,-0.046298,0.020221,16.833,23.594
21.796875,3,65,3892.43,14.9793,0.71292,290.59,49.540,10.304,510.45,32.335,29.752,0.043644,0.064901,0.032174,16.827,23.594
21.800781,3,65,3904.98,15.1355,0.72797,297.69,49.549,10.307,510.69,32.337,29.753,-0.058853,0.000603,-0.030413,17.071,23.594
21.804688,3,65,3894.49,15.0264,0.72201,294.46,49.538,10.426,516.47,32.339,29.755,0.039836,-0.002781,-0.034500,16.934,23.594
21.808594,3,65,3908.07,15.0381,0.71927,294.36,49.523,10.420,516.01,32.341,29.756,-0.015490,-0.039682,0.018024,17.030,23.594
21.812500,3,65,3894.22,15.0660,0.72713,296.52,49.543,10.355,513.02,32.343,29.757,-0.051957,-0.020556,-0.004274,17.028,23.594
21.816406,3,65,3892.43,15.1031,0.71834,292.81,49.531,10.202,505.32,32.344,29.758,0.034102,-0.003112,-0.038388,16.881,23.594
21.820313,3,65,3891.92,15.0066,0.72136,294.00,49.550,10.378,514.21,32.346,29.759,0.008272,-0.003874,-0.030209,16.908,23.594
21.824219,3,65,3889.04,15.0158,0.72460,295.10,49.555,10.296,510.24,32.348,29.761,-0.026396,-0.071061,0.036330,16.824,23.594
21.828125,3,65,3890.14,15.0122,0.72881,296.90,49.566,10.316,511.35,32.350,29.762,0.061658,0.008545,-0.016343,16.923,23.594
21.832031,3,65,3898.29,14.9436,0.72094,294.31,49.544,10.301,510.34,32.352,29.763,-0.012936,-0.026915,0.002452,16.886,23.594
21.835938,3,65,3909.65,15.1154,0.73497,300.91,49.566,10.331,512.07,32.354,29.764,-0.062775,0.003307,-0.036917,17.035,23.594
21.839844,3,65,3909.25,15.1110,0.73214,299.72,49.529,10.277,508.99,32.356,29.765,-0.014784,0.024019,-0.000597,17.107,23.594
21.843750,3,65,3900.49,14.9249,0.74225,303.18,49.538,10.345,512.46,32.358,29.767,0.031356,0.054807,0.030769,16.964,23.594
21.847656,3,65,3903.29,15.0852,0.72493,296.31,49.560,10.210,505.99,32.360,29.768,0.044994,-0.003919,-0.035211,16.986,23.594
21.851563,3,65,3905.45,15.0639,0.73595,300.99,49.545,10.376,514.07,32.361,29.769,0.022304,0.000614,-0.035228,17.105,23.594
21.855469,3,65,3897.63,14.9003,0.71896,293.45,49.558,10.236,507.28,32.363,29.770,-0.060884,-0.010742,-0.015081,16.997,23.594
21.859375,3,65,3893.34,14.9893,0.72345,294.96,49.560,10.228,506.91,32.365,29.771,-0.007592,-0.015437,-0.007595,16.863,23.594
21.863281,3,65,3899.37,15.0906,0.73512,300.18,49.551,10.294,510.08,32.367,29.772,-0.052821,0.005750,-0.026290,17.110,23.594
21.867188,3,65,3892.93,14.9508,0.71555,291.71,49.561,10.240,507.50,32.369,29.774,-0.063590,0.000843,-0.034310,16.956,23.594
21.871094,3,65,3904.69,15.1599,0.72593,296.83,49.528,10.393,514.72,32.371,29.775,0.029840,-0.002732,-0.035374,17.039,23.594
21.875000,3,65,3892.59,15.0082,0.72438,295.28,49.549,10.347,512.71,32.373,29.776,0.079284,0.041147,0.013318,16.972,23.594
21.878906,3,65,3890.90,14.8167,0.72425,295.10,49.569,10.284,509.77,32.375,29.777,-0.067889,0.001008,-0.034864,16.851,23.594
21.882813,3,65,3907.26,15.0800,0.73956,302.60,49.522,10.365,513.30,32.376,29.778,0.034161,0.059254,0.030015,16.870,23.594
21.886719,3,65,3906.22,15.0551,0.73970,302.58,49.532,10.393,514.78,32.378,29.780,-0.039639,0.009918,-0.020830,17.040,23.594
21.890625,3,65,3905.39,15.0408,0.73074,298.85,49.546,10.241,507.39,32.380,29.781,-0.060386,0.003831,-0.031996,17.035,23.594
21.894531,3,65,3897.08,14.8647,0.72604,296.30,49.542,10.324,511.46,32.382,29.782,0.062062,0.070141,0.036145,17.053,23.594
21.898438,3,65,3900.32,15.0743,0.71732,292.98,49.567,10.392,515.08,32.384,29.783,-0.018320,-0.055877,0.026273,16.934,23.594
21.902344,3,65,3902.39,15.0018,0.72626,296.79,49.562,10.442,517.52,32.386,29.784,-0.016851,-0.054883,0.027103,17.058,23.594
21.906250,3,65,3897.49,14.9401,0.72375,295.39,49.537,10.386,514.47,32.388,29.786,0.009886,0.041468,0.015258,16.865,23.594
21.910156,3,65,3907.87,15.0481,0.70914,290.20,49.551,10.234,507.08,32.390,29.787,0.038286,0.059665,0.032750,17.025,23.594
21.914063,3,65,3895.65,14.8847,0.72344,295.13,49.562,10.361,513.51,32.392,29.788,-0.067500,0.003018,-0.034667,16.893,23.594
21.917969,3,65,3889.37,14.8936,0.72207,294.09,49.565,10.232,507.13,32.393,29.789,-0.065452,0.004312,-0.029707,16.991,23.593
21.921875,3,65,3892.74,14.9327,0.71746,292.47,49.537,10.254,507.94,32.395,29.790,0.055630,0.003458,-0.028204,16.889,23.593
21.925781,3,65,3901.30,14.8759,0.72999,298.23,49.540,10.285,509.50,32.397,29.791,-0.039664,-0.054588,0.024185,16.980,23.593
21.929688,3,65,3900.09,15.0474,0.73699,301.00,49.570,10.253,508.27,32.399,29.793,-0.012211,-0.026554,0.005813,16.953,23.593
21.933594,3,65,3897.57,14.9555,0.71891,293.43,49.552,10.237,507.27,32.401,29.794,-0.062376,0.001369,-0.033010,16.790,23.593
21.937500,3,65,3906.05,15.1037,0.73631,301.18,49.549,10.424,516.51,32.403,29.795,0.079432,0.051354,0.021761,16.963,23.593
21.941406,3,65,3895.44,14.8918,0.70793,288.79,49.581,10.280,509.69,32.405,29.796,-0.017029,-0.057585,0.029383,16.902,23.593
21.945313,3,65,3904.33,15.0647,0.71427,292.04,49.542,10.323,511.42,32.406,29.797,0.036635,0.055682,0.031261,17.074,23.593
21.949219,3,65,3901.77,14.9990,0.72807,297.49,49.576,10.379,514.54,32.408,29.798,0.021903,-0.002252,-0.036016,16.910,23.593
21.953125,3,65,3908.86,15.0660,0.71538,292.83,49.548,10.418,516.21,32.410,29.800,0.075978,0.029081,0.005924,17.093,23.593
21.957031,3,65,3899.13,15.0311,0.72975,297.97,49.574,10.282,509.71,32.412,29.801,-0.048996,0.003834,-0.025210,16.966,23.593
21.960938,3,65,3908.49,15.0474,0.73358,300.25,49.562,10.337,512.33,32.414,29.802,-0.020916,-0.069036,0.037959,16.918,23.593
21.964844,3,65,3907.20,15.0939,0.73737,301.70,49.515,10.434,516.65,32.416,29.803,0.017364,-0.002046,-0.034652,16.879,23.593
21.968750,3,65,3901.03,15.0438,0.72897,297.80,49.540,10.387,514.56,32.418,29.804,0.021497,-0.000323,-0.034771,16.969,23.593
21.972656,3,65,3910.21,14.9568,0.72682,297.62,49.532,10.482,519.21,32.420,29.806,-0.007106,0.028687,0.006642,16.974,23.593
21.976563,3,65,3911.09,15.0365,0.73772,302.15,49.554,10.297,510.25,32.422,29.807,-0.019474,-0.060099,0.030982,16.997,23.593
21.980469,3,65,3896.54,14.8257,0.72184,294.54,49.535,10.333,511.83,32.423,29.808,-0.009721,-0.030281,0.005309,17.014,23.593
21.984375,3,65,3888.88,14.9664,0.71605,291.61,49.583,10.369,514.11,32.425,29.809,-0.037434,0.010125,-0.017026,16.900,23.593
21.988281,3,65,3905.26,15.0073,0.73677,301.31,49.549,10.314,511.06,32.427,29.810,0.077213,0.044414,0.014097,17.090,23.593
21.992188,3,65,3898.44,15.0081,0.73071,298.31,49.556,10.313,511.06,32.429,29.812,-0.036823,0.013311,-0.013926,17.075,23.593
21.996094,3,65,3907.88,15.0925,0.72442,296.45,49.567,10.377,514.38,32.431,29.813,-0.033922,-0.055619,0.027095,17.128,23.593
22.000000,0,0,3881.39,14.8537,0.72798,295.89,49.547,10.209,505.85,32.433,29.814,0.080596,0.038608,0.013560,16.921,23.593
22.003906,0,0,3864.05,14.8032,0.71126,287.81,49.564,10.248,507.93,32.435,29.815,0.056502,0.066248,0.036839,16.704,23.593
22.007813,0,0,3828.71,14.5179,0.70903,284.28,49.565,10.075,499.37,32.436,29.816,0.018633,-0.004786,-0.032618,16.666,23.593
22.011719,0,0,3815.42,14.3615,0.70171,280.37,49.597,10.005,496.21,32.438,29.817,-0.057151,-0.012569,-0.012848,16.652,23.593
22.015625,0,0,3796.10,14.3554,0.68507,272.33,49.584,9.982,494.95,32.440,29.818,-0.044460,0.005275,-0.021758,16.455,23.593
22.019531,0,0,3773.34,13.9502,0.69106,273.07,49.604,9.743,483.29,32.441,29.819,-0.065064,0.002083,-0.033322,16.457,23.593
22.023438,0,0,3745.23,13.8460,0.67598,265.12,49.605,9.725,482.39,32.442,29.820,-0.050651,-0.018432,-0.004343,16.259,23.593
22.027344,0,0,3734.11,13.8366,0.65606,256.54,49.613,9.659,479.18,32.444,29.820,-0.055012,0.002230,-0.031035,16.276,23.593
22.031250,0,0,3716.01,13.6146,0.66881,260.26,49.618,9.697,481.13,32.445,29.821,-0.014271,-0.032534,0.011132,16.032,23.593
22.035156,0,0,3690.71,13.4248,0.64213,248.18,49.597,9.762,484.18,32.447,29.822,-0.003257,-0.012232,-0.014018,15.999,23.593
22.039063,0,0,3667.89,13.1382,0.63567,244.16,49.633,9.458,469.44,32.448,29.823,0.043261,-0.002855,-0.030162,16.001,23.593
22.042969,0,0,3650.71,13.1627,0.62955,240.68,49.624,9.506,471.74,32.449,29.823,0.072509,0.022692,-0.001755,15.921,23.593
22.046875,0,0,3620.61,12.8262,0.62817,238.17,49.634,9.478,470.43,32.451,29.824,0.004517,-0.001312,-0.025188,15.717,23.593
22.050781,0,0,3602.06,12.7289,0.62034,234.00,49.673,9.277,460.80,32.452,29.825,-0.061472,0.002123,-0.034842,15.695,23.593
22.054688,0,0,3581.28,12.6662,0.61342,230.05,49.669,9.161,455.04,32.453,29.825,0.001097,-0.005217,-0.021010,15.501,23.593
22.058594,0,0,3572.11,12.6516,0.59926,224.16,49.667,9.008,447.38,32.454,29.826,0.053178,0.005631,-0.023633,15.480,23.593
22.062500,0,0,3544.86,12.4435,0.59727,221.72,49.653,9.009,447.35,32.455,29.826,-0.011736,-0.031358,0.007836,15.543,23.593
22.066406,0,0,3527.75,12.2505,0.59106,218.35,49.646,8.978,445.72,32.456,29.827,0.003207,-0.008536,-0.017099,15.263,23.593
22.070313,0,0,3502.50,12.1318,0.58025,212.82,49.679,8.902,442.27,32.457,29.827,0.012730,-0.003103,-0.029617,15.200,23.593
22.074219,0,0,3485.20,11.9890,0.57931,211.43,49.685,8.765,435.46,32.458,29.827,0.064130,0.013368,-0.005148,15.032,23.593
22.078125,0,0,3472.97,11.8433,0.57634,209.61,49.666,8.846,439.33,32.459,29.828,-0.018098,0.018960,-0.003906,15.113,23.593
22.082031,0,0,3438.34,11.6282,0.55580,200.12,49.666,8.647,429.45,32.460,29.828,-0.001827,-0.013073,-0.011383,15.030,23.593
22.085938,0,0,3444.33,11.6845,0.56214,202.76,49.678,8.684,431.41,32.460,29.828,-0.052850,0.000282,-0.031346,15.064,23.593
22.089844,0,0,3419.74,11.5027,0.56189,201.22,49.683,8.663,430.43,32.461,29.828,0.028535,0.051761,0.026197,14.875,23.593
22.093750,0,0,3387.35,11.2655,0.55164,195.68,49.705,8.550,424.97,32.462,29.828,0.027181,-0.003926,-0.031630,14.676,23.593
22.097656,0,0,3375.88,11.2386,0.55517,196.26,49.687,8.584,426.52,32.463,29.829,0.027214,-0.002675,-0.031925,14.731,23.593
22.101563,0,0,3357.79,11.1794,0.53225,187.15,49.730,8.286,412.07,32.463,29.829,-0.049068,0.001933,-0.024143,14.493,23.593
22.105469,0,0,3341.36,11.0107,0.53188,186.11,49.702,8.449,419.94,32.464,29.829,0.032936,0.054830,0.030259,14.491,23.593
22.109375,0,0,3317.48,10.8094,0.53271,185.07,49.706,8.280,411.56,32.464,29.829,-0.008819,-0.021918,0.000082,14.360,23.593
22.113281,0,0,3297.56,10.7351,0.51568,178.07,49.708,8.224,408.81,32.465,29.829,0.021858,-0.004290,-0.029584,14.233,23.593
22.117188,0,0,3286.54,10.6494,0.52026,179.06,49.753,8.033,399.66,32.465,29.829,-0.012701,-0.033896,0.014334,14.353,23.593
22.121094,0,0,3264.73,10.5499,0.50819,173.74,49.752,8.187,407.32,32.466,29.829,-0.030241,-0.043747,0.013293,14.215,23.593
22.125000,0,0,3254.85,10.3814,0.50741,172.95,49.748,7.985,397.25,32.466,29.828,0.062165,0.013039,-0.008108,14.040,23.593
22.128906,0,0,3234.24,10.2500,0.49391,167.28,49.743,8.135,404.68,32.466,29.828,-0.053003,-0.000692,-0.031378,14.082,23.593
22.132813,0,0,3196.43,10.1185,0.48850,163.52,49.763,7.840,390.16,32.467,29.828,0.055703,0.055948,0.027175,13.866,23.593
22.136719,0,0,3187.46,10.0765,0.49050,163.72,49.744,7.860,390.99,32.467,29.828,0.014118,0.037120,0.018345,13.862,23.593
22.140625,0,0,3176.51,10.0729,0.47739,158.80,49.782,7.722,384.44,32.467,29.828,0.063440,0.037366,0.015437,13.741,23.593
22.144531,0,0,3147.12,9.8327,0.47799,157.53,49.751,7.775,386.80,32.467,29.827,-0.015155,-0.046871,0.024917,13.812,23.593
22.148438,0,0,3140.41,9.7100,0.47462,156.08,49.775,7.659,381.21,32.468,29.827,0.051756,0.002427,-0.018070,13.762,23.592
22.152344,0,0,3110.52,9.5183,0.45226,147.32,49.784,7.629,379.82,32.468,29.827,-0.001935,-0.011896,-0.010461,13.434,23.592
22.156250,0,0,3088.77,9.3841,0.45630,147.59,49.797,7.432,370.07,32.468,29.826,-0.023173,-0.053224,0.028567,13.320,23.592
22.160156,0,0,3079.95,9.3645,0.45711,147.43,49.777,7.467,371.70,32.468,29.826,-0.015917,-0.049195,0.025787,13.391,23.592
22.164063,0,0,3073.67,9.2870,0.45788,147.38,49.818,7.507,373.97,32.468,29.825,0.000499,-0.010110,-0.013081,13.477,23.592
22.167969,0,0,3056.87,9.1458,0.43828,140.30,49.805,7.344,365.76,32.468,29.825,-0.000439,-0.006943,-0.013541,13.393,23.592
22.171875,0,0,3025.25,8.8828,0.43124,136.62,49.803,7.405,368.81,32.468,29.825,-0.026079,0.011011,-0.010700,13.149,23.592
22.175781,0,0,3012.62,8.9051,0.43209,136.32,49.813,7.245,360.87,32.468,29.824,-0.007931,-0.016652,0.001604,13.110,23.592
22.179688,0,0,2996.98,8.8625,0.42315,132.80,49.804,7.273,362.23,32.467,29.823,-0.043758,0.005400,-0.025937,13.110,23.592
22.183594,0,0,2986.19,8.7348,0.43236,135.20,49.829,7.028,350.19,32.467,29.823,0.047926,0.051151,0.030506,13.064,23.592
22.187500,0,0,2955.43,8.5522,0.42773,132.38,49.801,7.095,353.33,32.467,29.822,-0.037933,0.006003,-0.019372,12.983,23.592
22.191406,0,0,2951.09,8.5656,0.41856,129.35,49.811,7.071,352.22,32.467,29.821,-0.007715,-0.031997,0.010183,12.769,23.592
22.195313,0,0,2943.02,8.5306,0.41695,128.50,49.810,7.082,352.76,32.467,29.821,-0.034348,-0.027060,0.008280,12.722,23.592
22.199219,0,0,2918.49,8.5501,0.40917,125.05,49.839,6.921,344.96,32.466,29.820,-0.052947,0.003066,-0.025739,12.724,23.592
22.203125,0,0,2904.03,8.3406,0.39875,121.26,49.819,6.936,345.53,32.466,29.819,-0.027971,-0.041122,0.019521,12.640,23.592
22.207031,0,0,2895.28,8.2514,0.39731,120.46,49.826,6.986,348.08,32.466,29.819,-0.021481,-0.053468,0.026702,12.562,23.592
22.210938,0,0,2872.33,8.1518,0.39173,117.83,49.845,6.796,338.73,32.465,29.818,0.038019,-0.002673,-0.026141,12.403,23.592
22.214844,0,0,2853.05,7.9941,0.38407,114.75,49.845,6.646,331.27,32.465,29.817,0.021641,-0.003345,-0.024619,12.447,23.592
22.218750,0,0,2829.41,7.9738,0.38162,113.07,49.845,6.587,328.33,32.464,29.816,-0.046498,0.000622,-0.022233,12.209,23.592
22.222656,0,0,2822.78,7.8230,0.38409,113.54,49.861,6.699,334.01,32.464,29.815,-0.011937,-0.030744,0.013584,12.392,23.592
22.226563,0,0,2803.44,7.7280,0.37419,109.85,49.834,6.593,328.57,32.463,29.814,-0.012825,-0.038639,0.020690,12.216,23.592
22.230469,0,0,2788.70,7.7443,0.37595,109.79,49.853,6.645,331.26,32.463,29.814,0.050814,0.004858,-0.010463,12.118,23.592
22.234375,0,0,2778.45,7.6565,0.36254,105.48,49.839,6.580,327.95,32.462,29.813,-0.020431,-0.046815,0.026919,12.052,23.592
22.238281,0,0,2754.27,7.4879,0.35684,102.92,49.873,6.369,317.66,32.461,29.812,-0.047572,0.004522,-0.027638,11.977,23.592
22.242188,0,0,2743.56,7.4221,0.36058,103.60,49.874,6.416,319.98,32.461,29.811,0.031755,0.047979,0.025813,11.842,23.592
22.246094,0,0,2727.89,7.3734,0.34782,99.36,49.864,6.486,323.43,32.460,29.810,-0.001458,-0.007019,-0.012311,11.800,23.592
22.250000,0,0,2722.76,7.2625,0.35595,101.49,49.886,6.375,318.00,32.460,29.809,-0.032263,-0.021000,0.003391,11.702,23.592
22.253906,0,0,2693.62,7.2249,0.34488,97.28,49.886,6.378,318.19,32.459,29.808,0.041535,0.048105,0.027155,11.688,23.592
22.257813,0,0,2680.35,7.1653,0.34084,95.67,49.895,6.260,312.34,32.458,29.806,0.022369,-0.003996,-0.025798,11.625,23.592
22.261719,0,0,2671.55,6.9006,0.35384,98.99,49.917,6.253,312.15,32.457,29.805,0.046742,0.013742,-0.008156,11.575,23.592
22.265625,0,0,2652.99,6.9419,0.34447,95.70,49.898,6.164,307.59,32.457,29.804,-0.012881,-0.035467,0.021022,11.616,23.592
22.269531,0,0,2634.65,6.9049,0.33764,93.15,49.899,6.144,306.59,32.456,29.803,-0.040327,0.000545,-0.020978,11.520,23.592
22.273438,0,0,2622.63,6.7976,0.31914,87.65,49.908,6.053,302.08,32.455,29.802,-0.019427,-0.046921,0.024798,11.434,23.592
22.277344,0,0,2603.68,6.7713,0.33394,91.05,49.924,6.023,300.68,32.454,29.801,-0.037083,-0.009301,-0.007671,11.219,23.592
22.281250,0,0,2586.94,6.6567,0.31533,85.42,49.920,6.008,299.90,32.453,29.800,-0.031353,-0.027381,0.007962,11.244,23.592
22.285156,0,0,2575.11,6.5890,0.30355,81.86,49.885,6.024,300.53,32.452,29.798,-0.003311,-0.011007,-0.000539,11.243,23.592
22.289063,0,0,2565.16,6.4710,0.31235,83.90,49.892,5.970,297.87,32.451,29.797,-0.025234,0.007788,-0.011760,11.171,23.592
22.292969,0,0,2550.57,6.4408,0.30729,82.08,49.937,5.931,296.19,32.450,29.796,-0.030655,-0.027142,0.011859,11.112,23.592
22.296875,0,0,2543.76,6.4992,0.30870,82.23,49.919,5.931,296.07,32.449,29.795,0.030047,-0.001099,-0.024811,10.962,23.592
22.300781,0,0,2517.87,6.3162,0.30390,80.13,49.905,5.904,294.63,32.448,29.793,-0.044616,0.003407,-0.022499,10.806,23.592
22.304688,0,0,2515.45,6.2452,0.29783,78.45,49.904,5.862,292.54,32.447,29.792,0.049129,0.043353,0.021370,10.893,23.592
22.308594,0,0,2494.13,6.1060,0.28911,75.51,49.906,5.847,291.78,32.446,29.791,0.015503,-0.003601,-0.025118,10.815,23.592
22.312500,0,0,2487.81,6.0396,0.30149,78.54,49.953,5.675,283.50,32.445,29.789,0.052471,0.029907,0.014315,10.779,23.592
22.316406,0,0,2474.95,6.0387,0.29350,76.07,49.950,5.742,286.82,32.444,29.788,-0.013037,-0.041078,0.019490,10.797,23.592
22.320313,0,0,2454.52,6.0375,0.28566,73.42,49.949,5.630,281.22,32.443,29.787,0.042826,0.042610,0.020565,10.790,23.592
22.324219,0,0,2437.92,5.8318,0.28173,71.92,49.950,5.704,284.94,32.442,29.785,0.040086,0.047219,0.023290,10.651,23.592
22.328125,0,0,2422.12,5.8312,0.28372,71.96,49.925,5.608,280.00,32.441,29.784,0.010653,-0.001316,-0.020203,10.575,23.592
22.332031,0,0,2410.36,5.6639,0.28302,71.44,49.963,5.390,269.32,32.440,29.782,0.049882,0.039215,0.019013,10.382,23.592
22.335938,0,0,2402.77,5.6877,0.27935,70.29,49.952,5.423,270.90,32.438,29.781,-0.006739,-0.020291,0.003456,10.460,23.592
22.339844,0,0,2384.82,5.5306,0.26020,64.98,49.943,5.492,274.27,32.437,29.779,-0.015146,0.009326,-0.002168,10.322,23.592
22.343750,0,0,2365.94,5.4600,0.26005,64.43,49.949,5.482,273.84,32.436,29.778,0.034902,0.041108,0.024301,10.253,23.592
22.347656,0,0,2350.26,5.4418,0.25747,63.37,49.964,5.312,265.39,32.435,29.776,0.005772,-0.001852,-0.018461,10.237,23.592
22.351563,0,0,2341.26,5.3751,0.26751,65.59,49.973,5.408,270.23,32.433,29.775,0.050226,0.021648,0.007347,10.099,23.592
22.355469,0,0,2336.39,5.3376,0.25249,61.78,49.977,5.240,261.89,32.432,29.773,-0.011648,-0.034662,0.017404,10.070,23.592
22.359375,0,0,2322.28,5.2816,0.25803,62.75,49.942,5.345,266.96,32.431,29.771,-0.000440,-0.006947,-0.012746,10.031,23.592
22.363281,0,0,2306.03,5.2006,0.24355,58.81,49.952,5.201,259.82,32.429,29.770,-0.007925,-0.030918,0.014762,10.059,23.591
22.367188,0,0,2299.22,5.2074,0.26158,62.98,50.003,5.243,262.17,32.428,29.768,0.045033,0.038431,0.017360,10.004,23.591
22.371094,0,0,2283.50,5.2216,0.24679,59.01,49.971,5.200,259.87,32.427,29.766,0.001723,-0.005418,-0.012997,9.958,23.591
22.375000,0,0,2275.79,5.1325,0.25159,59.96,49.983,5.092,254.53,32.425,29.765,-0.028931,-0.021450,0.004964,9.852,23.591
22.378906,0,0,2259.38,5.0160,0.24397,57.72,49.961,5.171,258.35,32.424,29.763,-0.031190,-0.012914,-0.000541,9.809,23.591
22.382813,0,0,2241.54,4.9378,0.24740,58.07,49.956,5.234,261.47,32.422,29.761,0.045736,0.019284,0.000725,9.777,23.591
22.386719,0,0,2226.94,4.9131,0.23820,55.55,49.997,4.977,248.86,32.421,29.760,-0.029940,0.002923,-0.013656,9.696,23.591
22.390625,0,0,2220.06,4.9655,0.22275,51.79,49.988,4.937,246.77,32.419,29.758,-0.008017,-0.024597,0.003120,9.702,23.591
22.394531,0,0,2206.89,4.8499,0.22751,52.58,49.996,4.974,248.69,32.418,29.756,-0.030807,-0.012907,-0.001771,9.538,23.591
22.398438,0,0,2200.90,4.8411,0.23100,53.24,50.032,4.943,247.29,32.416,29.754,-0.018087,-0.040064,0.021755,9.497,23.591
22.402344,0,0,2183.68,4.6667,0.21806,49.86,49.990,4.861,242.98,32.414,29.753,0.017201,-0.000549,-0.021812,9.475,23.591
22.406250,0,0,2170.22,4.6226,0.23167,52.65,49.978,4.858,242.77,32.413,29.751,-0.001364,-0.011063,-0.003362,9.369,23.591
22.410156,0,0,2160.69,4.5637,0.22830,51.66,50.015,4.733,236.73,32.411,29.749,0.014197,0.035238,0.014227,9.399,23.591
22.414063,0,0,2147.22,4.5833,0.21838,49.10,49.988,4.883,244.11,32.410,29.747,0.044700,0.036380,0.015383,9.352,23.591
22.417969,0,0,2126.06,4.5947,0.21045,46.86,49.998,4.761,238.02,32.408,29.745,0.006052,-0.003176,-0.017953,9.248,23.591
22.421875,0,0,2124.18,4.4843,0.22545,50.15,49.995,4.833,241.63,32.406,29.743,-0.036866,0.001152,-0.019190,9.125,23.591
22.425781,0,0,2108.28,4.2795,0.21755,48.03,50.001,4.714,235.71,32.405,29.741,0.008011,0.026428,0.012125,9.210,23.591
22.429688,0,0,2100.78,4.3647,0.20848,45.86,50.003,4.636,231.81,32.403,29.740,0.013713,-0.001692,-0.021405,9.088,23.591
22.433594,0,0,2089.66,4.3030,0.20491,44.84,50.003,4.768,238.40,32.401,29.738,0.020212,-0.002950,-0.019648,9.133,23.591
22.437500,0,0,2079.20,4.2674,0.19546,42.56,50.006,4.785,239.27,32.400,29.736,-0.010475,-0.033798,0.016102,8.972,23.591
22.441406,0,0,2066.65,4.2435,0.20278,43.89,50.015,4.742,237.18,32.398,29.734,-0.000799,0.019054,0.005419,9.008,23.591
22.445313,0,0,2051.06,4.1289,0.19306,41.47,50.016,4.689,234.52,32.396,29.732,0.025945,-0.000684,-0.018412,9.038,23.591
22.449219,0,0,2035.65,4.1264,0.19369,41.29,50.050,4.510,225.75,32.394,29.730,-0.022985,-0.029543,0.013951,8.772,23.591
22.453125,0,0,2024.93,4.1285,0.19790,41.97,50.017,4.592,229.66,32.393,29.728,-0.032428,0.002136,-0.014095,8.822,23.591
22.457031,0,0,2025.38,4.1032,0.18440,39.11,50.015,4.565,228.31,32.391,29.726,0.033098,0.037787,0.022068,8.814,23.591
22.460938,0,0,2006.48,3.9369,0.18934,39.78,50.011,4.510,225.53,32.389,29.724,0.039839,0.035179,0.016543,8.675,23.591
22.464844,0,0,1998.45,3.9360,0.18964,39.69,50.023,4.536,226.91,32.387,29.722,0.033343,0.003294,-0.009989,8.657,23.591
22.468750,0,0,1991.06,3.9034,0.19881,41.45,50.040,4.548,227.57,32.385,29.720,-0.016347,-0.036305,0.017561,8.669,23.591
22.472656,0,0,1970.04,3.8089,0.19329,39.88,50.049,4.402,220.31,32.384,29.718,-0.032128,0.000852,-0.017235,8.644,23.591
22.476563,0,0,1969.41,3.8324,0.18387,37.92,50.039,4.345,217.45,32.382,29.716,-0.030609,-0.006501,-0.010242,8.682,23.591
22.480469,0,0,1953.61,3.7197,0.17679,36.17,50.039,4.498,225.05,32.380,29.714,-0.003532,0.019975,0.002765,8.432,23.591
22.484375,0,0,1939.56,3.7663,0.17871,36.30,50.068,4.293,214.95,32.378,29.712,-0.033409,-0.001723,-0.018009,8.470,23.591
22.488281,0,0,1924.74,3.5865,0.16540,33.34,50.059,4.235,211.99,32.376,29.710,0.000317,-0.002497,-0.011662,8.382,23.591
22.492188,0,0,1917.99,3.7196,0.18528,37.21,50.050,4.262,213.32,32.374,29.708,0.006268,0.024428,0.009112,8.361,23.591
22.496094,0,0,1911.19,3.5961,0.17488,35.00,50.033,4.362,218.26,32.372,29.706,-0.013155,-0.037169,0.020923,8.464,23.591
22.500000,0,0,1901.79,3.5295,0.16932,33.72,50.078,4.213,210.96,32.370,29.704,0.043135,0.023530,0.006650,8.301,23.591
22.503906,0,0,1882.20,3.4102,0.17438,34.37,50.063,4.151,207.81,32.368,29.701,-0.009235,0.012923,-0.000744,8.201,23.591
22.507813,0,0,1882.30,3.5365,0.16331,32.19,50.053,4.180,209.23,32.366,29.699,0.037174,0.036113,0.018537,8.244,23.591
22.511719,0,0,1872.18,3.4665,0.16185,31.73,50.064,4.141,207.32,32.364,29.697,-0.001736,-0.011249,-0.004860,8.251,23.591
22.515625,0,0,1849.18,3.4173,0.16764,32.46,50.061,4.060,203.27,32.362,29.695,-0.015903,0.005943,-0.009140,8.190,23.591
22.519531,0,0,1842.71,3.3132,0.15814,30.52,50.042,4.070,203.65,32.360,29.693,-0.015809,-0.032669,0.016000,8.044,23.591
22.523438,0,0,1837.10,3.3159,0.16355,31.46,50.041,4.091,204.73,32.358,29.690,-0.018720,-0.030013,0.015918,7.883,23.591
22.527344,0,0,1831.05,3.2394,0.16056,30.79,50.070,4.096,205.08,32.356,29.688,-0.005333,-0.021418,0.005391,7.907,23.591
22.531250,0,0,1820.78,3.2351,0.16655,31.76,50.092,4.021,201.43,32.353,29.686,-0.029676,-0.008002,-0.009444,7.908,23.591
22.535156,0,0,1801.33,3.1496,0.15421,29.09,50.068,3.950,197.75,32.351,29.684,-0.010232,-0.034865,0.018533,7.831,23.591
22.539063,0,0,1794.29,3.1321,0.15897,29.87,50.089,4.008,200.73,32.349,29.681,0.014032,0.028203,0.011477,7.732,23.591
22.542969,0,0,1788.98,3.1819,0.15551,29.13,50.102,3.957,198.24,32.347,29.679,0.036274,0.027219,0.013006,7.698,23.591
22.546875,0,0,1779.58,3.1310,0.15119,28.17,50.083,3.916,196.14,32.345,29.677,-0.026248,-0.005509,-0.004979,7.846,23.591
22.550781,0,0,1771.49,3.0934,0.15151,28.11,50.058,3.976,199.05,32.343,29.675,-0.029044,-0.001596,-0.020490,7.694,23.591
22.554688,0,0,1755.04,2.9997,0.14603,26.84,50.087,3.983,199.52,32.341,29.672,-0.029985,-0.005688,-0.007009,7.628,23.591
22.558594,0,0,1741.27,2.9523,0.15108,27.55,50.057,3.757,188.04,32.338,29.670,-0.022967,-0.016235,0.009611,7.638,23.591
22.562500,0,0,1732.23,2.8482,0.14610,26.50,50.069,3.828,191.68,32.336,29.668,-0.000847,-0.002929,-0.012067,7.464,23.591
22.566406,0,0,1724.90,2.8944,0.13857,25.03,50.087,3.875,194.09,32.334,29.665,-0.032477,-0.001659,-0.009616,7.539,23.590
22.570313,0,0,1712.18,2.9152,0.12625,22.64,50.090,3.916,196.16,32.332,29.663,0.029316,0.033959,0.019589,7.349,23.590
22.574219,0,0,1702.43,2.9246,0.13482,24.04,50.079,3.812,190.92,32.330,29.661,-0.010103,-0.026307,0.015163,7.332,23.590
22.578125,0,0,1693.64,2.8551,0.12997,23.05,50.080,3.827,191.67,32.327,29.658,0.016287,-0.003434,-0.018744,7.267,23.590
22.582031,0,0,1689.37,2.8139,0.13216,23.38,50.076,3.868,193.70,32.325,29.656,-0.031026,0.001941,-0.019272,7.520,23.590
22.585938,0,0,1674.79,2.7302,0.13003,22.81,50.101,3.761,188.44,32.323,29.654,-0.003359,-0.006603,-0.003085,7.288,23.590
22.589844,0,0,1665.36,2.7113,0.13023,22.71,50.094,3.737,187.20,32.321,29.651,0.008971,0.019643,0.012152,7.283,23.590
22.593750,0,0,1665.62,2.7645,0.13088,22.83,50.120,3.780,189.43,32.318,29.649,0.035904,0.010200,-0.001123,7.327,23.590
22.597656,0,0,1657.44,2.6807,0.12545,21.77,50.103,3.798,190.30,32.316,29.647,0.031912,0.003693,-0.006466,7.121,23.590
22.601563,0,0,1644.03,2.6354,0.12434,21.41,50.103,3.624,181.58,32.314,29.644,0.020001,0.001807,-0.012437,7.143,23.590
22.605469,0,0,1634.72,2.6374,0.13415,22.97,50.074,3.688,184.65,32.312,29.642,-0.022196,0.001359,-0.010089,7.044,23.590
22.609375,0,0,1622.90,2.6565,0.13079,22.23,50.106,3.535,177.12,32.309,29.639,-0.008713,-0.031246,0.016330,7.060,23.590
22.613281,0,0,1612.72,2.6555,0.12892,21.77,50.083,3.637,182.16,32.307,29.637,-0.028047,0.003171,-0.017014,6.982,23.590
22.617188,0,0,1600.99,2.4057,0.12575,21.08,50.125,3.578,179.37,32.304,29.635,-0.008517,-0.021681,0.009369,6.821,23.590
22.621094,0,0,1597.66,2.6118,0.10976,18.36,50.108,3.525,176.63,32.302,29.632,0.010582,0.000081,-0.013656,6.864,23.590
22.625000,0,0,1585.16,2.4395,0.12046,20.00,50.116,3.526,176.72,32.300,29.630,-0.025101,-0.002806,-0.005894,6.979,23.590
22.628906,0,0,1585.09,2.5048,0.12399,20.58,50.103,3.613,181.02,32.297,29.627,-0.033171,-0.000136,-0.015303,7.027,23.590
22.632813,0,0,1567.21,2.4609,0.11200,18.38,50.098,3.528,176.75,32.295,29.625,0.034660,0.018607,0.006459,6.874,23.590
22.636719,0,0,1560.85,2.4586,0.11844,19.36,50.108,3.589,179.84,32.293,29.622,-0.024556,0.000282,-0.013055,6.759,23.590
22.640625,0,0,1549.35,2.4069,0.10869,17.63,50.112,3.437,172.22,32.290,29.620,-0.013298,-0.021313,0.012379,6.652,23.590
22.644531,0,0,1550.30,2.4200,0.11763,19.10,50.101,3.611,180.91,32.288,29.617,0.034011,0.032332,0.015411,6.783,23.590
22.648438,0,0,1534.62,2.3813,0.11125,17.88,50.138,3.286,164.73,32.285,29.615,0.023776,0.001633,-0.013134,6.666,23.590
22.652344,0,0,1525.95,2.3389,0.10876,17.38,50.131,3.463,173.62,32.283,29.612,0.031346,0.029671,0.014071,6.625,23.590
22.656250,0,0,1515.32,2.1726,0.10032,15.92,50.127,3.418,171.31,32.280,29.610,0.030428,0.013088,0.001397,6.585,23.590
22.660156,0,0,1505.14,2.1616,0.11266,17.76,50.140,3.280,164.43,32.278,29.607,-0.006579,-0.009785,-0.001134,6.536,23.590
22.664063,0,0,1496.83,2.1981,0.10681,16.74,50.114,3.414,171.10,32.275,29.605,-0.001098,-0.003235,-0.008307,6.471,23.590
22.667969,0,0,1498.90,2.2500,0.10403,16.33,50.124,3.333,167.07,32.273,29.602,0.021365,-0.000310,-0.012083,6.548,23.590
22.671875,0,0,1484.00,2.1299,0.10893,16.93,50.122,3.380,169.41,32.270,29.600,-0.025140,-0.005968,-0.009788,6.432,23.590
22.675781,0,0,1479.03,2.1332,0.11072,17.15,50.128,3.465,173.71,32.268,29.597,-0.003124,0.012997,0.004309,6.406,23.590
22.679688,0,0,1466.91,2.0783,0.10209,15.68,50.143,3.373,169.13,32.265,29.595,-0.007330,-0.017624,0.006021,6.312,23.590
22.683594,0,0,1458.95,2.1022,0.10060,15.37,50.117,3.310,165.91,32.263,29.592,-0.009913,-0.027760,0.014090,6.354,23.590
22.687500,0,0,1452.94,2.0474,0.10625,16.17,50.130,3.309,165.89,32.260,29.589,0.002649,-0.003173,-0.009589,6.364,23.590
22.691406,0,0,1444.46,2.0289,0.10093,15.27,50.119,3.328,166.81,32.258,29.587,0.018414,0.000665,-0.015765,6.243,23.590
22.695313,0,0,1428.03,2.0605,0.09690,14.49,50.124,3.283,164.57,32.255,29.584,0.031718,0.018038,0.008001,6.183,23.590
22.699219,0,0,1426.12,1.9312,0.09295,13.88,50.098,3.301,165.39,32.253,29.582,-0.006249,-0.023640,0.011821,6.215,23.590
22.703125,0,0,1414.73,1.9165,0.10114,14.98,50.156,3.140,157.49,32.250,29.579,0.015237,-0.003285,-0.016371,6.168,23.590
22.707031,0,0,1408.36,1.9426,0.10045,14.82,50.158,3.269,163.98,32.248,29.576,0.008352,0.017158,0.007890,6.115,23.590
22.710938,0,0,1409.14,1.9446,0.09570,14.12,50.173,3.157,158.38,32.245,29.574,0.004868,-0.003468,-0.012291,6.046,23.590
22.714844,0,0,1396.44,2.0210,0.10208,14.93,50.148,3.150,157.96,32.243,29.571,-0.017264,-0.014375,0.007603,6.082,23.590
22.718750,0,0,1392.67,1.8697,0.09670,14.10,50.121,3.243,162.55,32.240,29.569,0.011268,-0.001863,-0.017999,6.139,23.590
22.722656,0,0,1377.61,1.8737,0.09010,13.00,50.119,3.170,158.87,32.237,29.566,-0.020301,-0.008768,-0.000464,6.064,23.590
22.726563,0,0,1379.31,1.8603,0.08089,11.68,50.126,3.286,164.73,32.235,29.563,-0.003320,-0.009259,0.000484,6.068,23.590
22.730469,0,0,1363.69,1.9446,0.08305,11.86,50.164,3.222,161.63,32.232,29.561,-0.014962,-0.022143,0.012625,5.849,23.590
22.734375,0,0,1357.70,1.7535,0.08164,11.61,50.143,3.204,160.68,32.230,29.558,-0.002349,-0.007758,-0.001388,5.891,23.590
22.738281,0,0,1348.90,1.7420,0.09149,12.92,50.159,2.967,148.81,32.227,29.556,0.030711,0.008376,0.001874,5.871,23.590
22.742188,0,0,1338.56,1.7172,0.09643,13.52,50.145,3.139,157.38,32.224,29.553,0.007343,-0.000499,-0.013490,5.834,23.590
22.746094,0,0,1336.70,1.7500,0.09452,13.23,50.168,3.030,152.03,32.222,29.550,-0.022749,-0.005587,-0.006903,5.918,23.590
22.750000,0,0,1335.10,1.7632,0.08531,11.93,50.154,3.025,151.72,32.219,29.547,0.026121,0.006779,-0.004895,5.955,23.590
22.753906,0,0,1324.52,1.7868,0.08756,12.14,50.176,2.966,148.83,32.216,29.545,0.013685,0.000533,-0.014895,5.822,23.590
22.757813,0,0,1308.03,1.6349,0.07534,10.32,50.147,3.071,154.01,32.214,29.542,0.029073,0.019454,0.009541,5.764,23.589
22.761719,0,0,1298.68,1.5509,0.08288,11.27,50.163,2.875,144.23,32.211,29.539,-0.018698,-0.017836,0.004554,5.591,23.589
22.765625,0,0,1298.14,1.6021,0.07746,10.53,50.166,3.018,151.41,32.208,29.537,-0.006403,-0.027285,0.014534,5.499,23.589
22.769531,0,0,1296.09,1.6674,0.08113,11.01,50.173,2.981,149.56,32.206,29.534,-0.024760,0.003133,-0.014401,5.781,23.589
22.773438,0,0,1282.85,1.6385,0.07984,10.73,50.176,2.819,141.44,32.203,29.531,-0.014365,0.002770,-0.005957,5.539,23.589
22.777344,0,0,1280.56,1.6887,0.07371,9.89,50.179,2.939,147.49,32.200,29.528,0.029004,0.024366,0.014055,5.528,23.589
22.781250,0,0,1269.20,1.6539,0.08182,10.88,50.148,3.043,152.58,32.198,29.526,-0.017312,-0.000715,-0.010789,5.562,23.589
22.785156,0,0,1259.46,1.4698,0.06438,8.49,50.154,2.878,144.36,32.195,29.523,0.017000,0.001322,-0.013282,5.447,23.589
22.789063,0,0,1260.34,1.5922,0.08481,11.19,50.153,3.058,153.39,32.192,29.520,-0.017094,-0.009460,0.001019,5.565,23.589
22.792969,0,0,1247.73,1.4930,0.07465,9.75,50.177,2.911,146.07,32.189,29.518,0.001182,0.013322,0.003355,5.415,23.589
22.796875,0,0,1240.32,1.5128,0.07090,9.21,50.146,2.980,149.45,32.187,29.515,0.023519,0.004280,-0.007287,5.380,23.589
22.800781,0,0,1237.38,1.4822,0.07562,9.80,50.192,2.942,147.65,32.184,29.512,0.022591,0.006907,-0.002193,5.547,23.589
22.804688,0,0,1227.58,1.4790,0.06982,8.98,50.168,2.880,144.46,32.181,29.509,-0.008644,-0.027847,0.013217,5.420,23.589
22.808594,0,0,1223.11,1.5093,0.07075,9.06,50.184,2.879,144.46,32.179,29.507,-0.003513,0.012557,0.000062,5.316,23.589
22.812500,0,0,1215.85,1.4826,0.07174,9.13,50.151,2.843,142.57,32.176,29.504,0.015420,-0.001151,-0.012282,5.318,23.589
22.816406,0,0,1203.36,1.4504,0.07480,9.43,50.189,2.818,141.45,32.173,29.501,-0.010930,-0.024069,0.011110,5.316,23.589
22.820313,0,0,1201.41,1.4577,0.06796,8.55,50.161,2.753,138.07,32.170,29.498,-0.007502,0.002429,-0.001997,5.301,23.589
22.824219,0,0,1194.00,1.4328,0.06232,7.79,50.159,2.750,137.93,32.167,29.496,0.027327,0.008076,-0.002658,5.055,23.589
22.828125,0,0,1184.65,1.3612,0.05573,6.91,50.164,2.805,140.69,32.165,29.493,-0.022037,-0.005310,-0.002901,5.219,23.589
22.832031,0,0,1187.33,1.3565,0.06962,8.66,50.173,2.826,141.78,32.162,29.490,-0.024802,0.004061,-0.011605,5.225,23.589
22.835938,0,0,1173.78,1.2948,0.06286,7.73,50.170,2.742,137.58,32.159,29.487,-0.017358,-0.000772,-0.006838,5.146,23.589
22.839844,0,0,1170.96,1.3817,0.06817,8.36,50.152,2.844,142.64,32.156,29.484,-0.024924,-0.002481,-0.007233,5.003,23.589
22.843750,0,0,1162.78,1.3029,0.06774,8.25,50.161,2.738,137.32,32.153,29.482,-0.015422,-0.010405,0.000093,5.001,23.589
22.847656,0,0,1157.74,1.3490,0.06541,7.93,50.169,2.862,143.59,32.151,29.479,-0.019880,0.001132,-0.014692,5.143,23.589
22.851563,0,0,1159.62,1.3175,0.05834,7.08,50.176,2.761,138.55,32.148,29.476,-0.009973,-0.019150,0.003981,5.140,23.589
22.855469,0,0,1141.00,1.2302,0.05886,7.03,50.158,2.743,137.57,32.145,29.473,-0.010820,-0.018555,0.008903,4.978,23.589
22.859375,0,0,1140.86,1.3130,0.04958,5.92,50.161,2.795,140.21,32.142,29.471,-0.015467,-0.018026,0.007631,5.020,23.589
22.863281,0,0,1131.90,1.3488,0.06166,7.31,50.177,2.728,136.87,32.139,29.468,0.010421,0.000129,-0.012764,4.868,23.589
22.867188,0,0,1117.82,1.2521,0.05718,6.69,50.158,2.585,129.68,32.137,29.465,0.012113,0.018318,0.012762,4.844,23.589
22.871094,0,0,1117.65,1.1692,0.05903,6.91,50.185,2.648,132.90,32.134,29.462,0.010057,0.021087,0.011308,4.785,23.589
22.875000,0,0,1112.46,1.2077,0.06095,7.10,50.171,2.712,136.06,32.131,29.459,0.028135,0.017793,0.008744,4.859,23.589
22.878906,0,0,1098.21,1.2179,0.05636,6.48,50.155,2.675,134.17,32.128,29.456,-0.016376,-0.000191,-0.008281,4.745,23.589
22.882813,0,0,1091.30,1.2054,0.06200,7.09,50.170,2.570,128.94,32.125,29.454,0.022950,0.008879,0.002114,4.784,23.589
22.886719,0,0,1095.24,1.2285,0.06427,7.37,50.182,2.638,132.39,32.122,29.451,-0.020942,-0.000877,-0.010618,4.773,23.589
22.890625,0,0,1083.72,1.2423,0.05606,6.36,50.173,2.566,128.75,32.119,29.448,-0.002844,-0.006975,0.000444,4.825,23.589
22.894531,0,0,1085.85,1.1466,0.05882,6.69,50.213,2.569,129.01,32.116,29.445,0.006276,0.000916,-0.011897,4.838,23.589
22.898438,0,0,1072.28,1.1450,0.05868,6.59,50.189,2.535,127.24,32.113,29.442,0.022845,0.006007,-0.005787,4.599,23.589
22.902344,0,0,1069.53,1.1696,0.05498,6.16,50.164,2.541,127.46,32.111,29.439,0.020769,-0.000866,-0.007430,4.591,23.589
22.906250,0,0,1062.58,1.1602,0.05378,5.98,50.202,2.575,129.26,32.108,29.436,-0.014713,-0.014157,0.007489,4.675,23.589
22.910156,0,0,1061.49,1.0735,0.05134,5.71,50.182,2.677,134.33,32.105,29.434,0.012418,0.000705,-0.014573,4.638,23.589
22.914063,0,0,1049.86,1.1511,0.05434,5.97,50.186,2.549,127.92,32.102,29.431,-0.008436,0.006557,-0.000760,4.535,23.589
22.917969,0,0,1046.97,1.0353,0.06058,6.64,50.180,2.466,123.73,32.099,29.428,-0.013840,0.001628,-0.007972,4.658,23.589
22.921875,0,0,1038.65,0.9842,0.03872,4.21,50.162,2.637,132.26,32.096,29.425,-0.021271,-0.002024,-0.009580,4.515,23.589
22.925781,0,0,1036.76,1.0671,0.04916,5.34,50.215,2.508,125.96,32.093,29.422,0.025871,0.017439,0.005627,4.452,23.589
22.929688,0,0,1031.23,0.9955,0.05703,6.16,50.178,2.495,125.21,32.090,29.419,0.022187,0.020640,0.009768,4.456,23.589
22.933594,0,0,1019.25,1.0893,0.04532,4.84,50.213,2.440,122.52,32.087,29.416,-0.004412,-0.020370,0.009724,4.507,23.589
22.937500,0,0,1007.36,0.9878,0.04561,4.81,50.216,2.470,124.03,32.084,29.413,0.022464,0.023491,0.010392,4.424,23.589
22.941406,0,0,1015.38,1.0419,0.04700,5.00,50.206,2.435,122.23,32.081,29.410,0.017925,0.005651,-0.006836,4.402,23.588
22.945313,0,0,1005.92,1.0311,0.04924,5.19,50.197,2.477,124.36,32.078,29.408,-0.013789,-0.008794,0.002526,4.285,23.588
22.949219,0,0,997.29,0.9483,0.04377,4.57,50.185,2.494,125.17,32.075,29.405,-0.005490,-0.007285,-0.000273,4.439,23.588
22.953125,0,0,992.88,0.9964,0.05253,5.46,50.212,2.440,122.49,32.072,29.402,-0.019510,0.000720,-0.012733,4.282,23.588
22.957031,0,0,987.17,0.8952,0.04114,4.25,50.166,2.398,120.28,32.069,29.399,-0.017828,-0.006254,-0.000115,4.296,23.588
22.960938,0,0,985.27,0.9623,0.04673,4.82,50.201,2.495,125.27,32.067,29.396,0.014059,0.020397,0.009055,4.303,23.588
22.964844,0,0,976.33,0.8783,0.05163,5.28,50.215,2.475,124.29,32.064,29.393,-0.012277,-0.011476,-0.000188,4.093,23.588
22.968750,0,0,977.32,0.9532,0.04332,4.43,50.190,2.456,123.29,32.061,29.390,0.024429,0.016954,0.007932,4.226,23.588
22.972656,0,0,962.29,0.9690,0.04557,4.59,50.170,2.473,124.07,32.058,29.387,-0.002122,-0.007156,-0.003967,4.209,23.588
22.976563,0,0,961.66,0.8664,0.03868,3.90,50.198,2.412,121.06,32.055,29.384,0.014419,-0.001633,-0.009902,4.335,23.588
22.980469,0,0,955.02,0.8581,0.04264,4.26,50.211,2.352,118.10,32.052,29.381,-0.018142,0.002597,-0.005284,4.166,23.588
22.984375,0,0,947.53,0.8860,0.04748,4.71,50.181,2.454,123.16,32.049,29.379,-0.001345,0.010093,0.003512,4.004,23.588
22.988281,0,0,942.95,0.9138,0.04108,4.06,50.201,2.372,119.06,32.046,29.376,0.014349,0.000335,-0.007881,3.979,23.588
22.992188,0,0,943.18,0.7917,0.04462,4.41,50.211,2.434,122.20,32.043,29.373,-0.003628,-0.003596,-0.002848,4.041,23.588
22.996094,0,0,939.75,0.8512,0.04072,4.01,50.194,2.218,111.31,32.040,29.370,0.024520,0.011700,0.003449,4.037,23.588
23.000000,4,85,976.00,0.8803,0.04438,4.54,50.216,2.454,123.23,32.037,29.367,0.025213,0.018638,0.010437,4.324,23.588
23.003906,4,85,1004.03,0.9642,0.05162,5.43,50.191,2.508,125.89,32.034,29.364,-0.006971,0.005186,-0.003403,4.443,23.588
23.007813,4,85,1043.21,1.0354,0.05711,6.24,50.168,2.594,130.14,32.031,29.361,0.011301,0.019453,0.009517,4.424,23.588
23.011719,4,85,1086.07,1.1295,0.06169,7.02,50.165,2.640,132.45,32.028,29.358,-0.005805,-0.021273,0.009469,4.808,23.588
23.015625,4,85,1111.37,1.2279,0.05428,6.32,50.181,2.590,129.98,32.025,29.356,0.007401,-0.003494,-0.013965,4.885,23.588
23.019531,4,85,1152.42,1.3607,0.06032,7.28,50.202,2.633,132.19,32.023,29.353,0.023159,0.019081,0.007547,5.053,23.588
23.023438,4,85,1187.12,1.3407,0.06514,8.10,50.149,2.807,140.74,32.020,29.350,-0.005546,-0.019432,0.008953,5.279,23.588
23.027344,4,85,1222.55,1.5471,0.06981,8.94,50.129,2.941,147.41,32.017,29.348,0.028195,0.010049,0.000045,5.271,23.588
23.031250,4,85,1258.01,1.5463,0.08255,10.88,50.134,2.954,148.10,32.015,29.345,-0.016441,0.001619,-0.007686,5.514,23.588
23.035156,4,85,1289.01,1.6980,0.09186,12.40,50.172,2.904,145.72,32.012,29.342,-0.019217,0.001373,-0.012694,5.700,23.588
23.039063,4,85,1328.12,1.6255,0.08152,11.34,50.149,3.047,152.81,32.009,29.340,-0.001287,0.012716,0.006492,5.622,23.588
23.042969,4,85,1357.30,1.9256,0.08245,11.72,50.165,3.155,158.27,32.007,29.337,0.021299,-0.001997,-0.014005,5.824,23.588
23.046875,4,85,1396.69,1.8794,0.08750,12.80,50.136,3.201,160.47,32.004,29.335,-0.005839,-0.019461,0.008386,6.028,23.588
23.050781,4,85,1426.10,1.9569,0.10236,15.29,50.120,3.274,164.10,32.002,29.333,-0.025251,-0.000868,-0.011520,6.093,23.588
23.054688,4,85,1463.00,2.0771,0.10918,16.73,50.114,3.327,166.71,32.000,29.330,0.033411,0.019892,0.009216,6.255,23.588
23.058594,4,85,1490.71,2.3332,0.10084,15.74,50.133,3.441,172.48,31.997,29.328,-0.016558,0.002814,-0.009564,6.436,23.588
23.062500,4,85,1526.74,2.3268,0.10529,16.83,50.136,3.345,167.72,31.995,29.325,-0.027771,0.001086,-0.017221,6.549,23.588
23.066406,4,85,1554.76,2.3732,0.11188,18.21,50.121,3.493,175.05,31.993,29.323,-0.026648,-0.009633,-0.001308,6.707,23.588
23.070313,4,85,1579.00,2.4787,0.11764,19.45,50.117,3.670,183.91,31.991,29.321,0.038725,0.026310,0.011336,6.867,23.588
23.074219,4,85,1612.37,2.6431,0.11868,20.04,50.071,3.595,180.01,31.988,29.319,0.024800,0.033637,0.016051,6.997,23.588
23.078125,4,85,1649.36,2.5862,0.13581,23.46,50.104,3.674,184.06,31.986,29.317,0.001394,-0.002836,-0.012797,7.083,23.588
23.082031,4,85,1681.24,2.8696,0.13471,23.72,50.088,3.712,185.94,31.984,29.315,-0.033158,-0.000080,-0.014228,7.274,23.588
23.085938,4,85,1712.30,2.8845,0.14459,25.93,50.075,3.835,192.06,31.982,29.312,-0.028846,-0.000553,-0.021217,7.472,23.588
23.089844,4,85,1737.09,2.9729,0.14026,25.51,50.086,3.838,192.22,31.980,29.310,-0.006756,-0.019991,0.008149,7.547,23.588
23.093750,4,85,1765.70,3.0302,0.15003,27.74,50.098,3.939,197.36,31.978,29.308,-0.016788,-0.032371,0.014825,7.731,23.588
23.097656,4,85,1801.66,3.1552,0.16198,30.56,50.052,4.105,205.49,31.976,29.306,-0.010327,-0.033916,0.018628,7.909,23.588
23.101563,4,85,1832.17,3.3267,0.15841,30.39,50.047,4.217,211.04,31.975,29.305,-0.003754,-0.006238,-0.003492,8.019,23.588
23.105469,4,85,1858.25,3.3476,0.17013,33.11,50.064,4.072,203.85,31.973,29.303,-0.012637,-0.032107,0.017496,8.079,23.588
23.109375,4,85,1884.25,3.5024,0.16528,32.61,50.078,4.100,205.34,31.971,29.301,-0.031802,-0.005839,-0.006543,8.089,23.588
23.113281,4,85,1919.68,3.6151,0.17454,35.09,50.057,4.307,215.58,31.969,29.299,-0.006665,-0.025754,0.011550,8.433,23.588
23.117188,4,85,1944.15,3.7899,0.18367,37.39,50.046,4.207,210.53,31.967,29.297,0.025035,0.034133,0.021141,8.506,23.587
23.121094,4,85,1972.31,3.8482,0.19285,39.83,50.004,4.484,224.24,31.966,29.295,0.021976,0.035846,0.016723,8.527,23.587
23.125000,4,85,2004.16,3.9947,0.19452,40.82,50.043,4.597,230.04,31.964,29.294,-0.005709,-0.009746,-0.007481,8.728,23.587
23.128906,4,85,2030.07,4.0876,0.19430,41.31,50.013,4.618,230.96,31.963,29.292,-0.010747,-0.036719,0.017765,8.757,23.587
23.132813,4,85,2052.45,4.1280,0.19010,40.86,50.026,4.669,233.58,31.961,29.290,0.018548,-0.004982,-0.020497,8.906,23.587
23.136719,4,85,2080.07,4.2033,0.20791,45.29,50.009,4.684,234.26,31.960,29.289,0.038199,0.039065,0.019907,9.002,23.587
23.140625,4,85,2110.74,4.3327,0.21102,46.64,50.008,4.867,243.37,31.958,29.287,0.029335,0.036680,0.021341,9.212,23.587
23.144531,4,85,2140.12,4.4548,0.21473,48.12,50.023,4.806,240.41,31.957,29.286,-0.010793,-0.036320,0.016892,9.409,23.587
23.148438,4,85,2152.49,4.4838,0.21439,48.33,50.001,4.716,235.78,31.955,29.284,-0.004031,-0.010719,-0.002923,9.374,23.587
23.152344,4,85,2184.49,4.7489,0.23453,53.65,49.986,4.948,247.35,31.954,29.283,-0.015793,0.010054,-0.006209,9.442,23.587
23.156250,4,85,2215.77,4.9073,0.24021,55.74,49.974,5.031,251.45,31.953,29.281,0.048171,0.028147,0.013731,9.637,23.587
23.160156,4,85,2238.76,4.9525,0.24534,57.52,49.996,5.052,252.58,31.952,29.280,0.046996,0.025685,0.009441,9.786,23.587
23.164063,4,85,2256.25,4.9899,0.24550,58.01,49.986,5.191,259.50,31.950,29.279,0.034062,0.037939,0.022909,9.717,23.587
23.167969,4,85,2283.77,5.1663,0.25412,60.77,49.961,5.107,255.13,31.949,29.277,-0.039492,0.002811,-0.024205,10.032,23.587
23.171875,4,85,2315.47,5.4311,0.25035,60.70,49.949,5.290,264.22,31.948,29.276,0.043395,0.008625,-0.008451,10.171,23.587
23.175781,4,85,2333.71,5.3914,0.25690,62.78,49.945,5.416,270.50,31.947,29.275,0.000935,-0.005484,-0.005478,10.188,23.587
23.179688,4,85,2355.98,5.4002,0.26181,64.59,49.963,5.418,270.71,31.946,29.274,0.051798,0.022270,0.006163,10.201,23.587
23.183594,4,85,2393.93,5.6351,0.27345,68.55,49.944,5.425,270.97,31.945,29.273,0.011066,0.030489,0.012968,10.377,23.587
23.187500,4,85,2409.35,5.6886,0.27127,68.44,49.920,5.657,282.39,31.944,29.272,0.048824,0.039631,0.022733,10.407,23.587
23.191406,4,85,2433.80,5.8455,0.28040,71.46,49.942,5.541,276.73,31.943,29.271,-0.034719,-0.015761,-0.007685,10.512,23.587
23.195313,4,85,2452.43,5.9056,0.27980,71.86,49.957,5.569,278.23,31.942,29.269,0.041867,0.045790,0.024383,10.595,23.587
23.199219,4,85,2478.00,5.9955,0.29996,77.84,49.924,5.802,289.65,31.942,29.269,0.051498,0.040507,0.018803,10.668,23.587
23.203125,4,85,2501.73,6.1315,0.30016,78.64,49.952,5.621,280.76,31.941,29.267,-0.008424,-0.019795,0.002565,10.878,23.587
23.207031,4,85,2522.42,6.2724,0.30036,79.34,49.940,5.806,289.94,31.940,29.267,-0.021524,-0.040824,0.017694,11.067,23.587
23.210938,4,85,2545.94,6.3623,0.31637,84.35,49.907,5.859,292.39,31.939,29.266,-0.032632,0.004203,-0.017247,11.104,23.587
23.214844,4,85,2573.18,6.5494,0.30669,82.64,49.921,6.057,302.35,31.939,29.265,-0.018825,-0.046639,0.022720,11.184,23.587
23.218750,4,85,2601.00,6.7161,0.32062,87.33,49.884,6.070,302.79,31.938,29.264,-0.016497,-0.042602,0.023285,11.294,23.587
23.222656,4,85,2614.98,6.7678,0.32226,88.25,49.919,6.017,300.37,31.937,29.263,0.052290,0.046428,0.024505,11.339,23.587
23.226563,4,85,2631.13,6.6953,0.33110,91.23,49.902,6.154,307.12,31.937,29.262,-0.012582,-0.042516,0.021827,11.525,23.587
23.230469,4,85,2665.58,7.0009,0.34824,97.21,49.866,6.249,311.62,31.936,29.262,0.028503,0.045461,0.023296,11.619,23.587
23.234375,4,85,2680.45,7.0960,0.33639,94.42,49.885,6.233,310.91,31.936,29.261,-0.000508,0.023316,0.004787,11.757,23.587
23.238281,4,85,2698.15,7.1259,0.34613,97.80,49.862,6.362,317.24,31.936,29.260,0.013367,0.035573,0.015310,11.844,23.587
23.242188,4,85,2718.76,7.3489,0.36267,103.26,49.877,6.388,318.62,31.935,29.260,0.054690,0.030238,0.009401,11.897,23.587
23.246094,4,85,2743.71,7.5725,0.35019,100.62,49.869,6.406,319.48,31.935,29.259,0.014521,0.037148,0.016789,11.897,23.587
23.250000,4,85,2755.83,7.4923,0.35905,103.62,49.859,6.436,320.87,31.934,29.259,-0.038228,0.002625,-0.021929,11.986,23.587
23.253906,4,85,2779.46,7.7254,0.37953,110.47,49.869,6.532,325.77,31.934,29.258,0.049464,0.012740,-0.008975,12.160,23.587
23.257813,4,85,2805.43,7.6882,0.37511,110.20,49.838,6.696,333.71,31.934,29.258,-0.007741,-0.024697,0.003572,12.243,23.587
23.261719,4,85,2829.31,7.8884,0.37752,111.85,49.851,6.748,336.41,31.934,29.257,-0.029623,0.008106,-0.013080,12.389,23.587
23.265625,4,85,2835.61,7.9451,0.37902,112.55,49.851,6.805,339.25,31.934,29.257,-0.013455,-0.046296,0.021958,12.364,23.587
23.269531,4,85,2862.08,8.1437,0.39681,118.93,49.817,6.793,338.43,31.934,29.256,0.006230,0.029003,0.010316,12.359,23.587
23.273438,4,85,2879.60,8.1385,0.40368,121.73,49.859,6.884,343.21,31.934,29.256,-0.002972,0.023643,0.004445,12.500,23.587
23.277344,4,85,2902.66,8.2804,0.40013,121.63,49.845,6.931,345.49,31.933,29.256,0.052869,0.050735,0.023266,12.676,23.587
23.281250,4,85,2918.63,8.3719,0.40745,124.53,49.819,6.987,348.07,31.933,29.255,-0.013342,-0.031327,0.015370,12.746,23.587
23.285156,4,85,2942.32,8.5522,0.41881,129.04,49.835,6.999,348.79,31.933,29.255,-0.044503,0.000152,-0.026050,12.754,23.586
23.289063,4,85,2949.49,8.6292,0.41928,129.50,49.797,7.156,356.36,31.934,29.255,-0.047366,-0.000597,-0.028281,12.812,23.586
23.292969,4,85,2977.10,8.8535,0.41883,130.58,49.828,7.090,353.29,31.934,29.255,-0.048933,-0.002770,-0.019949,13.060,23.586
23.296875,4,85,3001.61,9.0152,0.43469,136.64,49.811,7.179,357.60,31.934,29.254,-0.006801,-0.027389,0.003851,13.167,23.586
23.300781,4,85,3011.03,8.8860,0.42180,133.00,49.812,7.224,359.86,31.934,29.254,0.026307,-0.001896,-0.029949,13.117,23.586
23.304688,4,85,3040.31,9.1391,0.44751,142.48,49.813,7.298,363.52,31.934,29.254,-0.039570,0.007605,-0.019757,13.175,23.586
23.308594,4,85,3048.57,9.1654,0.43691,139.48,49.808,7.370,367.07,31.934,29.254,0.033925,-0.001848,-0.027955,13.420,23.586
23.312500,4,85,3071.67,9.3393,0.45659,146.87,49.784,7.485,372.62,31.935,29.254,-0.008236,-0.025027,0.004854,13.301,23.586
23.316406,4,85,3097.99,9.5316,0.45689,148.22,49.802,7.599,378.46,31.935,29.254,-0.036193,0.004601,-0.019633,13.564,23.586
23.320313,4,85,3096.43,9.5472,0.44771,145.17,49.803,7.557,376.34,31.935,29.254,-0.011358,-0.038111,0.016665,13.473,23.586
23.324219,4,85,3128.93,9.5929,0.46749,153.18,49.787,7.785,387.60,31.936,29.254,0.020693,-0.000869,-0.027905,13.567,23.586
23.328125,4,85,3131.90,9.7513,0.46700,153.16,49.761,7.666,381.49,31.936,29.254,-0.038753,-0.028206,0.006525,13.743,23.586
23.332031,4,85,3155.05,9.9563,0.47106,155.64,49.776,7.688,382.66,31.937,29.255,-0.036434,0.007991,-0.017775,13.655,23.586
23.335938,4,85,3165.76,9.8858,0.46251,153.33,49.757,7.686,382.45,31.937,29.255,0.046651,0.000534,-0.021173,13.625,23.586
23.339844,4,85,3185.79,10.1008,0.48837,162.93,49.742,7.853,390.61,31.938,29.255,0.046429,0.000712,-0.021937,13.902,23.586
23.343750,4,85,3197.37,10.1210,0.48794,163.38,49.752,7.840,390.07,31.938,29.255,-0.000246,0.028266,0.011704,14.014,23.586
23.347656,4,85,3209.90,10.1562,0.48878,164.30,49.762,7.869,391.56,31.939,29.255,0.044442,0.057632,0.030652,13.983,23.586
23.351563,4,85,3236.36,10.3955,0.49697,168.43,49.747,7.959,395.96,31.939,29.255,-0.020258,-0.057616,0.030344,14.179,23.586
23.355469,4,85,3262.56,10.5092,0.49995,170.81,49.748,8.074,401.65,31.940,29.256,0.000766,0.028962,0.009524,14.220,23.586
23.359375,4,85,3273.24,10.4929,0.49948,171.21,49.735,8.238,409.72,31.941,29.256,0.015187,-0.001980,-0.029900,14.117,23.586
23.363281,4,85,3278.61,10.4775,0.51195,175.77,49.742,8.233,409.55,31.942,29.257,-0.031618,-0.042341,0.019967,14.333,23.586
23.367188,4,85,3306.62,10.8334,0.53622,185.68,49.707,8.257,410.41,31.942,29.257,-0.055011,-0.004790,-0.025553,14.311,23.586
23.371094,4,85,3323.11,10.8805,0.52731,183.50,49.723,8.288,412.10,31.943,29.257,0.000001,-0.010023,-0.015214,14.444,23.586
23.375000,4,85,3342.13,11.0559,0.53685,187.89,49.747,8.254,410.62,31.944,29.258,0.035239,0.051523,0.026569,14.557,23.586
23.378906,4,85,3351.42,11.0713,0.53345,187.22,49.684,8.400,417.36,31.945,29.258,-0.049527,0.002865,-0.026354,14.596,23.586
23.382813,4,85,3351.96,11.1607,0.53993,189.52,49.702,8.330,414.00,31.946,29.259,0.035846,-0.002799,-0.029852,14.448,23.586
23.386719,4,85,3374.82,11.2816,0.54106,191.22,49.714,8.350,415.11,31.947,29.259,-0.003071,-0.013200,-0.005947,14.778,23.586
23.390625,4,85,3389.91,11.2550,0.54443,193.27,49.678,8.640,429.23,31.948,29.260,-0.014949,-0.050990,0.026439,14.722,23.586
23.394531,4,85,3401.17,11.3375,0.54906,195.56,49.707,8.653,430.13,31.949,29.261,0.067940,0.046764,0.020146,14.718,23.586
23.398438,4,85,3420.60,11.5796,0.55937,200.37,49.711,8.617,428.34,31.950,29.261,-0.017995,0.021372,-0.002479,14.900,23.586
23.402344,4,85,3428.60,11.5164,0.55604,199.64,49.705,8.614,428.16,31.951,29.262,0.042892,-0.001736,-0.028099,14.990,23.586
23.406250,4,85,3454.41,11.8202,0.56855,205.67,49.702,8.795,437.13,31.952,29.262,-0.021041,-0.060764,0.031944,15.018,23.586
23.410156,4,85,3462.41,11.8574,0.57091,207.00,49.657,8.784,436.18,31.953,29.263,-0.031301,0.012332,-0.011460,15.102,23.586
23.414063,4,85,3477.16,12.0058,0.58863,214.34,49.687,8.784,436.44,31.954,29.264,-0.036431,0.007852,-0.017434,15.185,23.586
23.417969,4,85,3478.29,11.8770,0.59047,215.08,49.669,8.786,436.38,31.955,29.265,-0.020128,-0.063830,0.032789,15.277,23.586
23.421875,4,85,3495.96,12.0647,0.57467,210.38,49.689,8.829,438.68,31.956,29.265,-0.046671,-0.021784,0.001860,15.169,23.586
23.425781,4,85,3514.42,12.1243,0.59710,219.75,49.659,8.872,440.60,31.958,29.266,0.071280,0.051174,0.023264,15.310,23.586
23.429688,4,85,3532.89,12.2699,0.59102,218.65,49.675,8.875,440.87,31.959,29.267,-0.020719,-0.062762,0.033588,15.399,23.586
23.433594,4,85,3537.49,12.3267,0.60583,224.43,49.673,9.102,452.14,31.960,29.268,-0.023484,-0.063049,0.029617,15.483,23.586
23.437500,4,85,3560.65,12.6187,0.61082,227.76,49.629,9.022,447.78,31.961,29.269,-0.050697,0.003095,-0.026767,15.579,23.586
23.441406,4,85,3571.49,12.5626,0.60801,227.40,49.637,9.170,455.17,31.963,29.269,0.020186,-0.004084,-0.032437,15.571,23.586
23.445313,4,85,3589.95,12.7587,0.61215,230.13,49.650,9.253,459.43,31.964,29.270,-0.059887,0.000436,-0.031286,15.526,23.586
23.449219,4,85,3589.89,12.7643,0.61848,232.51,49.683,9.103,452.27,31.966,29.271,0.014461,0.042926,0.021513,15.694,23.585
23.453125,4,85,3609.41,12.8276,0.61417,232.14,49.636,9.186,455.96,31.967,29.272,-0.050649,0.001530,-0.029536,15.788,23.585
23.457031,4,85,3618.85,12.9812,0.61471,232.95,49.639,9.381,465.67,31.968,29.273,-0.060747,0.005163,-0.031232,15.690,23.585
23.460938,4,85,3631.70,13.0958,0.63451,241.31,49.626,9.404,466.69,31.970,29.274,0.045701,0.058360,0.032013,15.734,23.585
23.464844,4,85,3647.18,13.1064,0.65071,248.53,49.650,9.433,468.33,31.971,29.275,0.019666,-0.001816,-0.033584,15.829,23.585
23.468750,4,85,3656.81,13.2322,0.64452,246.81,49.598,9.461,469.23,31.973,29.276,0.017591,-0.003853,-0.035024,15.935,23.585
23.472656,4,85,3666.03,13.3135,0.63894,245.29,49.636,9.446,468.84,31.975,29.277,0.074358,0.028284,0.003304,15.765,23.585
23.476563,4,85,3681.39,13.3077,0.65542,252.67,49.625,9.587,475.73,31.976,29.279,-0.008419,-0.018454,-0.006606,16.114,23.585
23.480469,4,85,3684.44,13.3709,0.64620,249.32,49.598,9.653,478.78,31.978,29.280,-0.049719,0.001886,-0.029239,15.963,23.585
23.484375,4,85,3706.35,13.5332,0.64435,250.09,49.613,9.667,479.60,31.980,29.281,-0.045603,-0.028945,0.006411,16.081,23.585
23.488281,4,85,3713.28,13.6254,0.65948,256.44,49.601,9.692,480.74,31.981,29.282,-0.033723,-0.052946,0.023742,16.143,23.585
23.492188,4,85,3729.19,13.7351,0.65663,256.43,49.604,9.759,484.06,31.983,29.283,0.070900,0.063920,0.029155,16.182,23.585
23.496094,4,85,3737.49,13.8012,0.66380,259.81,49.586,9.725,482.23,31.985,29.285,-0.026000,-0.064999,0.030870,16.316,23.585
23.500000,4,85,3751.33,13.8451,0.66594,261.61,49.585,9.748,483.36,31.986,29.286,0.053233,0.001885,-0.024865,16.300,23.585
23.503906,4,85,3759.09,14.0926,0.68077,267.98,49.620,9.715,482.06,31.988,29.287,-0.019747,-0.063781,0.035113,16.347,23.585
23.507813,4,85,3775.39,14.0068,0.67009,264.92,49.611,9.942,493.26,31.990,29.288,0.072405,0.034415,0.008870,16.432,23.585
23.511719,4,85,3787.86,14.1920,0.69319,274.96,49.575,9.899,490.73,31.992,29.290,0.030586,-0.001621,-0.033661,16.465,23.585
23.515625,4,85,3798.28,14.2748,0.67623,268.98,49.581,10.052,498.37,31.994,29.291,-0.034900,-0.048044,0.021747,16.488,23.585
23.519531,4,85,3807.86,14.2532,0.69591,277.50,49.581,10.094,500.48,31.996,29.292,-0.036753,-0.048081,0.023809,16.565,23.585
23.523438,4,85,3815.53,14.3119,0.69326,277.00,49.569,10.018,496.57,31.997,29.294,-0.038968,0.007793,-0.019605,16.699,23.585
23.527344,4,85,3830.93,14.5110,0.70696,283.61,49.547,9.997,495.32,31.999,29.295,0.077471,0.027991,0.003230,16.758,23.585
23.531250,4,85,3828.76,14.4147,0.70142,281.23,49.603,10.072,499.60,32.001,29.296,-0.026457,-0.069623,0.033243,16.600,23.585
23.535156,4,85,3842.92,14.6545,0.71048,285.92,49.582,10.039,497.77,32.003,29.298,0.006282,-0.006684,-0.024078,16.666,23.585
23.539063,4,85,3871.49,14.7886,0.70673,286.52,49.546,10.202,505.47,32.005,29.299,-0.058423,0.001549,-0.031370,16.943,23.585
23.542969,4,85,3868.93,14.7435,0.72342,293.10,49.564,10.303,510.65,32.007,29.301,0.069648,0.062887,0.034388,16.903,23.585
23.546875,4,85,3873.09,14.7775,0.71584,290.34,49.551,10.188,504.85,32.009,29.302,0.004941,0.040935,0.015301,16.908,23.585
23.550781,4,85,3894.04,15.0417,0.72546,295.83,49.568,10.285,509.81,32.011,29.304,-0.009623,-0.025051,0.006389,16.900,23.585
23.554688,4,85,3898.55,15.0148,0.72251,294.97,49.554,10.418,516.25,32.013,29.305,-0.015826,-0.035766,0.014304,16.951,23.585
23.558594,4,85,3908.17,14.9535,0.72246,295.68,49.564,10.255,508.25,32.015,29.307,-0.013888,-0.053316,0.027555,16.911,23.585
23.562500,4,85,3921.75,15.1230,0.73755,302.90,49.545,10.395,515.01,32.018,29.308,0.070326,0.067807,0.034041,17.076,23.585
23.566406,4,85,3923.49,15.1380,0.72992,299.90,49.514,10.548,522.28,32.020,29.310,0.043887,0.063236,0.032915,17.133,23.585
23.570313,4,85,3935.85,15.1884,0.73524,303.04,49.564,10.462,518.52,32.022,29.312,0.081844,0.051432,0.020716,17.117,23.585
23.574219,4,85,3954.54,15.3758,0.75133,311.14,49.544,10.553,522.86,32.024,29.313,-0.062040,-0.008422,-0.021808,17.155,23.585
23.578125,4,85,3962.67,15.5386,0.74171,307.79,49.532,10.549,522.51,32.026,29.315,0.073922,0.026705,-0.001722,17.074,23.585
23.582031,4,85,3964.98,15.4683,0.73592,305.56,49.532,10.648,527.44,32.029,29.317,0.011211,-0.006275,-0.033590,17.140,23.585
23.585938,4,85,3972.92,15.6499,0.75871,315.66,49.506,10.675,528.46,32.031,29.318,-0.059818,-0.006522,-0.017594,17.225,23.585
23.589844,4,85,3992.16,15.7997,0.75274,314.69,49.512,10.632,526.44,32.033,29.320,-0.020635,-0.072768,0.037143,17.328,23.585
23.593750,4,85,4000.56,15.8670,0.76743,321.50,49.519,10.736,531.62,32.035,29.322,0.080534,0.057409,0.031056,17.268,23.585
23.597656,4,85,4012.12,15.8367,0.76011,319.36,49.520,10.674,528.59,32.038,29.323,-0.021831,0.020255,-0.003534,17.425,23.585
23.601563,4,85,4013.85,15.9290,0.76781,322.73,49.540,10.671,528.65,32.040,29.325,-0.049896,0.009030,-0.026724,17.524,23.585
23.605469,4,85,4026.99,15.9283,0.76601,323.03,49.518,10.835,536.54,32.042,29.327,0.035145,-0.001641,-0.034788,17.617,23.584
23.609375,4,85,4029.84,16.0923,0.77118,325.44,49.517,10.832,536.39,32.045,29.329,-0.051140,-0.027251,0.002174,17.584,23.584
23.613281,4,85,4048.40,16.2222,0.77174,327.18,49.533,10.713,530.67,32.047,29.331,0.055286,0.001459,-0.027198,17.674,23.584
23.617188,4,85,4043.23,16.1167,0.77926,329.94,49.519,10.885,539.00,32.050,29.332,-0.015020,-0.045205,0.019966,17.594,23.584
23.621094,4,85,4055.07,16.2078,0.79267,336.61,49.509,11.062,547.65,32.052,29.334,-0.004357,-0.010811,-0.016782,17.568,23.584
23.625000,4,85,4056.19,16.2492,0.78448,333.22,49.519,10.921,540.78,32.054,29.336,0.081254,0.060970,0.029384,17.628,23.584
23.628906,4,85,4062.79,16.3403,0.79914,340.00,49.486,11.087,548.63,32.057,29.338,0.006309,0.043161,0.017416,17.637,23.584
23.632813,4,85,4088.92,16.5807,0.79261,339.39,49.482,11.009,544.75,32.060,29.340,-0.019867,-0.067688,0.033366,17.854,23.584
23.636719,4,85,4095.66,16.5358,0.78464,336.53,49.491,11.190,553.83,32.062,29.342,-0.010394,-0.029884,0.009435,17.929,23.584
23.640625,4,85,4096.20,16.4875,0.78742,337.77,49.468,11.035,545.86,32.065,29.344,-0.023517,0.021006,-0.006229,17.860,23.584
23.644531,4,85,4109.43,16.6120,0.80273,345.45,49.507,11.130,550.99,32.067,29.346,-0.004319,-0.014914,-0.012100,17.719,23.584
23.648438,4,85,4110.81,16.8064,0.81302,349.99,49.491,11.158,552.23,32.070,29.348,0.069420,0.009465,-0.012862,17.929,23.584
23.652344,4,85,4114.07,16.7928,0.80791,348.07,49.468,11.106,549.38,32.072,29.350,-0.069792,0.001898,-0.033085,17.934,23.584
23.656250,4,85,4117.27,16.7376,0.80044,345.12,49.496,11.143,551.52,32.075,29.352,0.032367,-0.001009,-0.039352,17.851,23.584
23.660156,4,85,4143.89,17.0643,0.82400,357.57,49.488,11.313,559.88,32.078,29.354,0.066112,0.074087,0.038965,18.089,23.584
23.664063,4,85,4145.57,16.9603,0.82457,357.97,49.475,11.275,557.84,32.080,29.356,0.029386,0.059684,0.028494,18.096,23.584
23.667969,4,85,4145.49,17.0688,0.82614,358.64,49.444,11.321,559.75,32.083,29.358,0.061558,0.002536,-0.022317,18.183,23.584
23.671875,4,85,4164.55,17.1641,0.82457,359.61,49.449,11.307,559.13,32.085,29.360,0.045798,0.068258,0.035136,18.173,23.584
23.675781,4,85,4165.60,17.1403,0.83432,363.95,49.484,11.260,557.18,32.088,29.362,-0.060767,-0.012928,-0.015510,18.111,23.584
23.679688,4,85,4177.65,17.1598,0.83385,364.79,49.463,11.321,559.96,32.091,29.364,-0.065949,-0.003821,-0.021821,18.245,23.584
23.683594,4,85,4177.40,17.1771,0.83299,364.40,49.461,11.495,568.57,32.094,29.366,-0.031578,0.016886,-0.009298,18.150,23.584
23.687500,4,85,4181.08,17.3417,0.84543,370.16,49.458,11.462,566.88,32.096,29.368,-0.039654,-0.049935,0.021437,18.077,23.584
23.691406,4,85,4190.65,17.4447,0.83270,365.42,49.470,11.450,566.43,32.099,29.370,-0.050945,-0.022499,-0.003865,18.072,23.584
23.695313,4,85,4197.97,17.3891,0.84846,372.99,49.447,11.439,565.64,32.102,29.372,-0.057974,-0.001120,-0.035722,18.329,23.584
23.699219,4,85,4222.49,17.6468,0.85407,377.65,49.452,11.539,570.63,32.105,29.374,-0.068643,0.004961,-0.037135,18.320,23.584
23.703125,4,85,4217.02,17.5442,0.83648,369.40,49.422,11.698,578.17,32.107,29.377,-0.022822,0.020227,-0.004504,18.357,23.584
23.707031,4,85,4224.01,17.6235,0.83921,371.21,49.449,11.683,577.70,32.110,29.379,0.001018,0.037362,0.014524,18.363,23.584
23.710938,4,85,4227.06,17.6612,0.84068,372.13,49.449,11.552,571.24,32.113,29.381,-0.011979,-0.026850,0.004179,18.364,23.584
23.714844,4,85,4236.66,17.7113,0.86404,383.34,49.451,11.574,572.33,32.116,29.383,-0.022086,-0.062795,0.033503,18.331,23.584
23.718750,4,85,4248.77,17.8773,0.86661,385.58,49.448,11.715,579.30,32.119,29.385,-0.028831,-0.073178,0.038376,18.542,23.584
23.722656,4,85,4245.86,17.7935,0.86339,383.89,49.449,11.765,581.76,32.122,29.388,-0.059002,-0.020162,-0.007170,18.470,23.584
23.726563,4,85,4258.38,17.9451,0.86839,387.25,49.452,11.650,576.13,32.125,29.390,-0.021020,0.021519,-0.004995,18.468,23.584
23.730469,4,85,4265.36,17.9605,0.85973,384.01,49.420,11.752,580.81,32.128,29.392,0.006893,0.038771,0.013524,18.517,23.584
23.734375,4,85,4268.46,17.8648,0.86672,387.42,49.456,11.768,582.02,32.131,29.394,-0.016148,-0.045749,0.016777,18.549,23.584
23.738281,4,85,4280.86,17.9717,0.87196,390.89,49.458,11.884,587.74,32.134,29.397,-0.046894,-0.046831,0.016541,18.553,23.584
23.742188,4,85,4281.85,18.0074,0.86957,389.91,49.471,11.742,580.89,32.136,29.399,0.023073,-0.003493,-0.038853,18.605,23.584
23.746094,4,85,4294.10,18.1705,0.87884,395.19,49.415,11.941,590.04,32.140,29.401,-0.012896,-0.031681,0.009653,18.620,23.584
23.750000,4,85,4293.76,18.1282,0.87942,395.43,49.441,11.950,590.85,32.143,29.404,-0.033445,-0.068601,0.033515,18.703,23.584
23.753906,4,85,4291.94,18.1159,0.88730,398.80,49.453,11.752,581.16,32.145,29.406,0.087546,0.045631,0.016171,18.686,23.584
23.757813,4,85,4309.30,18.3065,0.86578,390.70,49.431,11.881,587.30,32.148,29.408,0.035843,-0.003081,-0.040070,18.734,23.584
23.761719,4,85,4312.02,18.3840,0.89576,404.48,49.409,12.075,596.63,32.152,29.411,-0.047736,-0.039246,0.006338,18.628,23.583
23.765625,4,85,4309.34,18.3268,0.87412,394.47,49.424,11.898,588.03,32.155,29.413,-0.048126,0.007994,-0.023018,18.795,23.583
23.769531,4,85,4327.43,18.3377,0.90747,411.23,49.407,12.131,599.35,32.158,29.415,0.021615,-0.004088,-0.039492,18.690,23.583
23.773438,4,85,4329.66,18.4209,0.88585,401.64,49.404,12.116,598.59,32.161,29.418,-0.018503,-0.057067,0.028656,18.861,23.583
23.777344,4,85,4343.16,18.6163,0.89978,409.23,49.432,11.948,590.61,32.164,29.420,0.088076,0.057163,0.026786,18.841,23.583
23.781250,4,85,4345.06,18.6305,0.88988,404.91,49.426,12.151,600.58,32.167,29.423,0.086659,0.035014,0.009474,18.883,23.583
23.785156,4,85,4352.03,18.7287,0.90785,413.74,49.391,12.128,599.01,32.170,29.425,0.072752,0.015263,-0.012486,18.888,23.583
23.789063,4,85,4356.53,18.7266,0.90017,410.67,49.405,12.168,601.14,32.173,29.427,0.047663,-0.001407,-0.037736,18.992,23.583
23.792969,4,85,4361.34,18.8536,0.90745,414.45,49.391,12.118,598.53,32.176,29.430,-0.017135,-0.044846,0.016144,19.079,23.583
23.796875,4,85,4367.43,18.7116,0.91453,418.27,49.370,12.101,597.41,32.180,29.432,0.085323,0.039205,0.007939,18.965,23.583
23.800781,4,85,4377.40,18.9797,0.92063,422.02,49.376,12.239,604.31,32.183,29.435,-0.004598,-0.015588,-0.016712,19.112,23.583
23.804688,4,85,4376.46,18.9026,0.90956,416.85,49.398,12.271,606.18,32.186,29.437,0.028639,-0.003407,-0.040325,19.157,23.583
23.808594,4,85,4374.74,18.8564,0.91695,420.07,49.380,12.279,606.34,32.189,29.440,-0.025625,0.019280,-0.005974,19.043,23.583
23.812500,4,85,4389.73,19.1229,0.91533,420.77,49.401,12.279,606.62,32.192,29.442,0.086243,0.042698,0.013222,19.091,23.583
23.816406,4,85,4387.19,19.0110,0.91800,421.75,49.378,12.215,603.17,32.196,29.445,-0.007339,-0.025772,-0.001664,19.121,23.583
23.820313,4,85,4393.14,19.0669,0.92395,425.06,49.403,12.436,614.36,32.199,29.447,0.075232,0.075111,0.035234,19.152,23.583
23.824219,4,85,4410.87,19.2404,0.92312,426.39,49.393,12.368,610.91,32.202,29.450,-0.003583,-0.014734,-0.015066,19.160,23.583
23.828125,4,85,4400.43,19.1285,0.92595,426.69,49.364,12.273,605.85,32.205,29.452,-0.025561,-0.075051,0.042319,19.167,23.583
23.832031,4,85,4416.58,19.1700,0.93875,434.17,49.378,12.322,608.42,32.209,29.455,0.063612,0.002517,-0.032443,19.249,23.583
23.835938,4,85,4416.53,19.1728,0.92395,427.32,49.411,12.311,608.30,32.212,29.458,-0.023754,-0.067886,0.033895,19.215,23.583
23.839844,4,85,4418.70,19.1953,0.93024,430.44,49.397,12.407,612.84,32.215,29.460,-0.050447,-0.037716,0.010783,19.195,23.583
23.843750,4,85,4439.82,19.3895,0.93990,436.99,49.378,12.491,616.78,32.219,29.463,0.017884,-0.000073,-0.034199,19.365,23.583
23.847656,4,85,4439.04,19.3356,0.93862,436.32,49.396,12.414,613.18,32.222,29.465,0.027235,-0.003983,-0.039901,19.249,23.583
23.851563,4,85,4439.55,19.3393,0.92925,432.02,49.386,12.491,616.88,32.225,29.468,-0.070677,0.005787,-0.038661,19.378,23.583
23.855469,4,85,4443.58,19.5069,0.93502,435.09,49.390,12.486,616.67,32.229,29.470,-0.063302,-0.017634,-0.012875,19.445,23.583
23.859375,4,85,4442.51,19.5781,0.94359,438.97,49.398,12.511,618.03,32.232,29.473,-0.032278,-0.078805,0.038505,19.320,23.583
23.863281,4,85,4443.22,19.4752,0.94643,440.37,49.396,12.335,609.30,32.235,29.476,0.088459,0.049531,0.016984,19.372,23.583
23.867188,4,85,4457.58,19.5909,0.95250,444.62,49.373,12.646,624.39,32.239,29.478,0.089794,0.048527,0.019675,19.330,23.583
23.871094,4,85,4467.25,19.7681,0.95260,445.64,49.365,12.521,618.10,32.242,29.481,0.048004,-0.005445,-0.037999,19.465,23.583
23.875000,4,85,4457.11,19.5948,0.95338,444.99,49.355,12.651,624.40,32.245,29.484,-0.023216,-0.076824,0.039422,19.355,23.583
23.878906,4,85,4479.68,19.7393,0.95521,448.10,49.387,12.630,623.77,32.249,29.486,-0.074121,0.005978,-0.042594,19.425,23.583
23.882813,4,85,4470.83,19.7788,0.95853,448.77,49.360,12.624,623.10,32.252,29.489,-0.033158,-0.074211,0.040461,19.499,23.583
23.886719,4,85,4489.19,19.9866,0.96730,454.73,49.335,12.597,621.50,32.256,29.492,0.084037,0.032166,-0.000219,19.508,23.583
23.890625,4,85,4483.63,19.8040,0.95105,446.54,49.346,12.666,625.00,32.259,29.494,0.058196,-0.004057,-0.034064,19.507,23.583
23.894531,4,85,4492.63,20.0073,0.95699,450.23,49.352,12.713,627.41,32.262,29.497,0.090550,0.055875,0.022963,19.572,23.583
23.898438,4,85,4484.78,19.8984,0.95177,446.99,49.370,12.540,619.10,32.266,29.500,0.035824,-0.002809,-0.040330,19.700,23.583
23.902344,4,85,4504.86,20.0713,0.96760,456.47,49.334,12.742,628.64,32.269,29.502,-0.034450,-0.076929,0.039055,19.477,23.583
23.906250,4,85,4494.05,19.9247,0.96056,452.05,49.338,12.713,627.23,32.273,29.505,-0.030616,-0.076132,0.038975,19.532,23.583
23.910156,4,85,4504.94,20.0677,0.97123,458.18,49.382,12.661,625.25,32.276,29.508,0.079755,0.014444,-0.013496,19.528,23.582
23.914063,4,85,4519.10,20.1452,0.97578,461.78,49.351,12.808,632.11,32.280,29.511,0.089347,0.049757,0.018382,19.755,23.582
23.917969,4,85,4527.10,20.1785,0.97337,461.45,49.348,12.817,632.49,32.283,29.513,-0.042748,-0.058720,0.024923,19.671,23.582
23.921875,4,85,4520.43,20.1008,0.98078,464.28,49.355,12.717,627.65,32.287,29.516,0.052493,-0.003470,-0.036882,19.782,23.582
23.925781,4,85,4519.40,20.1416,0.97650,462.15,49.355,12.768,630.17,32.290,29.519,0.092968,0.047322,0.014598,19.646,23.582
23.929688,4,85,4520.74,20.2580,0.98138,464.59,49.375,12.795,631.73,32.294,29.521,0.017208,0.050365,0.023001,19.562,23.582
23.933594,4,85,4530.49,20.2581,0.98651,468.03,49.350,12.899,636.55,32.297,29.524,0.091118,0.038455,0.011418,19.625,23.582
23.937500,4,85,4530.55,20.2710,0.97811,464.05,49.325,12.888,635.68,32.301,29.527,-0.018459,-0.053506,0.025740,19.779,23.582
23.941406,4,85,4540.43,20.3427,0.97212,462.22,49.354,12.793,631.39,32.304,29.530,-0.069901,-0.010096,-0.016926,19.676,23.582
23.945313,4,85,4552.58,20.4617,0.98876,471.39,49.315,12.961,639.17,32.308,29.533,-0.059055,0.003296,-0.034738,19.856,23.582
23.949219,4,85,4540.68,20.3905,0.99214,471.76,49.379,12.773,630.72,32.311,29.535,-0.005538,-0.016326,-0.010567,19.670,23.582
23.953125,4,85,4561.91,20.6559,0.99411,474.91,49.342,12.859,634.46,32.315,29.538,0.088990,0.030750,-0.000103,19.953,23.582
23.957031,4,85,4552.45,20.4678,0.98026,467.32,49.355,12.905,636.94,32.318,29.541,-0.065122,-0.019575,-0.007429,19.767,23.582
23.960938,4,85,4544.95,20.4033,0.98447,468.55,49.335,12.770,630.01,32.322,29.544,0.034499,0.065650,0.029590,19.700,23.582
23.964844,4,85,4569.13,20.5718,0.99073,474.04,49.305,13.101,645.97,32.326,29.546,0.000054,0.039691,0.011282,19.978,23.582
23.968750,4,85,4564.31,20.5855,0.99633,476.22,49.335,13.056,644.14,32.329,29.549,0.023566,-0.000729,-0.040131,20.006,23.582
23.972656,4,85,4575.81,20.5714,1.00300,480.62,49.321,13.200,651.04,32.333,29.552,0.077078,0.011072,-0.019770,19.828,23.582
23.976563,4,85,4574.31,20.6351,0.99691,477.54,49.322,13.062,644.24,32.337,29.555,-0.028243,0.018049,-0.007274,19.957,23.582
23.980469,4,85,4587.59,20.9249,1.00211,481.42,49.346,13.085,645.69,32.340,29.558,-0.022479,-0.076013,0.036410,19.975,23.582
23.984375,4,85,4574.34,20.6734,1.00127,479.63,49.322,13.146,648.37,32.344,29.561,-0.022693,-0.073931,0.038011,19.833,23.582
23.988281,4,85,4582.56,20.8275,0.99990,479.84,49.327,13.126,647.45,32.348,29.564,0.088874,0.072776,0.032991,19.975,23.582
23.992188,4,85,4588.17,20.7325,0.99007,475.70,49.333,13.244,653.38,32.351,29.567,-0.048897,-0.046957,0.017705,19.827,23.582
23.996094,4,85,4587.00,20.6554,1.01430,487.22,49.294,13.246,652.94,32.355,29.570,-0.018679,-0.053081,0.023901,19.938,23.582
24.000000,4,85,4599.98,20.9618,1.00926,486.17,49.332,13.123,647.36,32.359,29.573,0.011720,0.047325,0.020969,19.934,23.582
24.003906,4,85,4606.96,20.9697,1.02475,494.38,49.349,13.240,653.39,32.363,29.576,0.074150,0.080306,0.043717,20.194,23.582
24.007813,4,85,4595.99,20.8655,0.99757,480.12,49.328,13.247,653.43,32.366,29.579,0.011230,0.048009,0.020780,20.079,23.582
24.011719,4,85,4613.09,20.9593,1.01069,488.24,49.337,13.341,658.19,32.370,29.582,0.093034,0.067299,0.032301,20.053,23.582
24.015625,4,85,4621.71,21.0431,1.01308,490.31,49.311,13.300,655.85,32.374,29.584,-0.057327,0.004355,-0.033288,20.090,23.582
24.019531,4,85,4602.42,20.7720,1.01093,487.23,49.336,13.066,644.64,32.378,29.587,-0.014622,-0.032464,0.009606,19.991,23.582
24.023438,4,85,4607.80,21.0081,1.00723,486.02,49.361,13.027,643.00,32.381,29.590,-0.041366,0.010070,-0.016467,20.120,23.582
24.027344,4,85,4608.07,20.9579,1.00772,486.28,49.334,13.037,643.16,32.385,29.593,0.032836,-0.002177,-0.044141,20.089,23.582
24.031250,4,85,4625.23,21.1259,1.02113,494.59,49.318,13.277,654.82,32.388,29.596,-0.014170,-0.055195,0.022786,20.060,23.582
24.035156,4,85,4631.64,21.1283,1.02481,497.06,49.337,13.208,651.66,32.392,29.599,0.013886,-0.003281,-0.035661,20.021,23.582
24.039063,4,85,4636.03,21.2663,1.02498,497.61,49.309,13.268,654.21,32.396,29.602,-0.007407,-0.018317,-0.011365,20.122,23.582
24.042969,4,85,4630.32,21.0897,1.02277,495.93,49.301,13.313,656.33,32.400,29.605,-0.008063,-0.026625,-0.002016,20.218,23.582
24.046875,4,85,4639.23,21.2047,1.03029,500.54,49.300,13.328,657.07,32.403,29.608,0.037610,-0.001268,-0.043408,20.119,23.582
24.050781,4,85,4649.52,21.3297,1.01847,495.89,49.302,13.286,655.04,32.407,29.611,-0.072405,-0.012554,-0.020258,20.206,23.582
24.054688,4,85,4638.31,21.3157,1.01430,492.67,49.348,13.222,652.49,32.411,29.614,-0.026197,-0.074918,0.042546,20.236,23.581
24.058594,4,85,4649.80,21.3401,1.02562,499.40,49.319,13.219,651.96,32.415,29.617,-0.014336,-0.026587,0.007216,20.314,23.581
24.062500,4,85,4649.23,21.3146,1.03014,501.54,49.285,13.459,663.32,32.419,29.620,-0.021038,-0.072683,0.036396,20.181,23.581
24.066406,4,85,4652.75,21.3771,1.03150,502.58,49.316,13.299,655.85,32.422,29.623,0.070996,0.005427,-0.023685,20.217,23.581
24.070313,4,85,4661.53,21.4497,1.03261,504.07,49.298,13.468,663.93,32.426,29.626,0.070844,0.078341,0.044001,20.273,23.581
24.074219,4,85,4655.17,21.2549,1.04650,510.16,49.300,13.340,657.66,32.430,29.629,-0.076126,0.004546,-0.043928,20.159,23.581
24.078125,4,85,4662.29,21.5268,1.03949,507.52,49.324,13.271,654.59,32.434,29.631,0.005604,0.046257,0.017695,20.221,23.581
24.082031,4,85,4664.89,21.4168,1.03658,506.37,49.304,13.400,660.70,32.437,29.634,0.033852,-0.001442,-0.042432,20.365,23.581
24.085938,4,85,4669.42,21.5413,1.04308,510.05,49.297,13.345,657.86,32.441,29.637,-0.012185,-0.030874,0.001024,20.257,23.581
24.089844,4,85,4658.34,21.4559,1.03236,503.61,49.285,13.523,666.49,32.445,29.640,0.041688,-0.003339,-0.045456,20.201,23.581
24.093750,4,85,4663.04,21.4691,1.03886,507.29,49.301,13.508,665.95,32.449,29.644,-0.019672,-0.057116,0.027230,20.274,23.581
24.097656,4,85,4666.04,21.5394,1.04025,508.29,49.314,13.426,662.08,32.453,29.647,0.030876,0.059454,0.030880,20.339,23.581
24.101563,4,85,4687.75,21.7326,1.05822,519.48,49.311,13.524,666.89,32.457,29.650,0.046120,0.073186,0.038647,20.397,23.581
24.105469,4,85,4677.98,21.6271,1.04331,511.09,49.317,13.338,657.80,32.460,29.653,-0.002213,-0.012888,-0.022341,20.249,23.581
24.109375,4,85,4683.52,21.6846,1.04269,511.40,49.299,13.412,661.19,32.464,29.656,-0.024626,0.022580,-0.002246,20.388,23.581
24.113281,4,85,4690.85,21.8618,1.05347,517.49,49.307,13.436,662.48,32.468,29.659,0.088608,0.029699,0.005138,20.355,23.581
24.117188,4,85,4674.96,21.6619,1.04479,511.49,49.293,13.363,658.70,32.472,29.661,0.089003,0.077750,0.037186,20.329,23.581
24.121094,4,85,4684.24,21.6296,1.04312,511.69,49.314,13.520,666.70,32.476,29.665,0.094144,0.060214,0.027186,20.374,23.581
24.125000,4,85,4690.49,21.7058,1.05724,519.30,49.294,13.567,668.80,32.480,29.668,-0.010355,0.035264,0.007025,20.412,23.581
24.128906,4,85,4701.07,21.7704,1.05418,518.97,49.271,13.612,670.69,32.483,29.671,-0.021447,-0.069927,0.036571,20.508,23.581
24.132813,4,85,4695.59,21.7344,1.04773,515.19,49.264,13.549,667.50,32.487,29.674,-0.041523,-0.072898,0.034633,20.365,23.581
24.136719,4,85,4695.80,21.8639,1.05223,517.43,49.300,13.547,667.85,32.491,29.677,0.034715,0.061336,0.033183,20.403,23.581
24.140625,4,85,4698.15,21.8765,1.04871,515.95,49.278,13.628,671.58,32.495,29.680,0.062301,0.001469,-0.033858,20.477,23.581
24.144531,4,85,4702.33,21.8172,1.06700,525.42,49.298,13.705,675.63,32.499,29.683,0.070623,-0.000143,-0.029584,20.375,23.581
24.148438,4,85,4706.19,21.8622,1.06270,523.73,49.291,13.547,667.76,32.503,29.686,0.086294,0.075355,0.036146,20.440,23.581
24.152344,4,85,4703.45,21.8353,1.05861,521.41,49.290,13.542,667.51,32.507,29.689,0.035675,-0.005678,-0.042415,20.451,23.581
24.156250,4,85,4711.67,21.9146,1.06616,526.05,49.275,13.598,670.05,32.511,29.692,-0.027247,0.022383,-0.005389,20.570,23.581
24.160156,4,85,4715.49,22.0358,1.05894,522.91,49.265,13.633,671.64,32.515,29.695,-0.076608,0.000106,-0.037089,20.591,23.581
24.164063,4,85,4726.64,21.9860,1.07228,530.75,49.270,13.630,671.52,32.519,29.698,-0.029288,-0.083614,0.045511,20.541,23.581
24.167969,4,85,4711.45,21.8976,1.05655,521.28,49.275,13.615,670.85,32.522,29.701,-0.079114,-0.000058,-0.033894,20.572,23.581
24.171875,4,85,4717.54,21.9439,1.04813,517.80,49.294,13.709,675.76,32.526,29.704,-0.021162,-0.069213,0.033693,20.490,23.581
24.175781,4,85,4720.14,22.0843,1.06347,525.67,49.267,13.651,672.57,32.530,29.708,-0.057872,0.003567,-0.033346,20.601,23.581
24.179688,4,85,4724.86,22.1314,1.06352,526.22,49.277,13.517,666.05,32.534,29.711,0.078708,0.082324,0.043448,20.575,23.581
24.183594,4,85,4719.24,22.1141,1.07007,528.83,49.302,13.643,672.63,32.538,29.714,0.089942,0.066378,0.035038,20.549,23.581
24.187500,4,85,4717.94,22.0990,1.06192,524.65,49.307,13.548,668.03,32.542,29.717,-0.041807,0.014221,-0.014848,20.484,23.581
24.191406,4,85,4728.27,22.0931,1.05892,524.32,49.269,13.648,672.42,32.546,29.720,0.005587,-0.006671,-0.030163,20.691,23.581
24.195313,4,85,4727.08,22.0777,1.06389,526.65,49.273,13.788,679.37,32.550,29.723,0.084300,0.020194,-0.008147,20.594,23.580
24.199219,4,85,4729.48,21.9615,1.06036,525.17,49.278,13.800,680.06,32.554,29.726,-0.017022,-0.052016,0.024916,20.502,23.580
24.203125,4,85,4745.10,22.2998,1.07563,534.49,49.291,13.811,680.74,32.558,29.729,0.084514,0.080856,0.041785,20.704,23.580
24.207031,4,85,4734.80,22.1464,1.05687,524.02,49.288,13.777,679.06,32.562,29.732,0.069728,0.008297,-0.025581,20.542,23.580
24.210938,4,85,4738.63,22.1860,1.07023,531.08,49.285,13.724,676.38,32.566,29.735,0.090111,0.078227,0.039935,20.710,23.580
24.214844,4,85,4738.89,22.2258,1.07856,535.24,49.277,13.764,678.26,32.570,29.739,-0.020351,-0.068292,0.036029,20.502,23.580
24.218750,4,85,4751.99,22.2714,1.07762,536.25,49.268,13.744,677.12,32.574,29.742,0.091813,0.075418,0.038016,20.655,23.580
24.222656,4,85,4751.47,22.2940,1.08714,540.93,49.252,13.755,677.44,32.578,29.745,0.085534,0.018271,-0.009702,20.778,23.580
24.226563,4,85,4753.25,22.3292,1.07374,534.46,49.276,13.783,679.15,32.582,29.748,0.072584,0.007352,-0.022384,20.660,23.580
24.230469,4,85,4743.67,22.3058,1.06800,530.54,49.268,13.728,676.36,32.586,29.751,-0.055823,-0.039914,0.008940,20.711,23.580
24.234375,4,85,4760.63,22.4094,1.09299,544.89,49.226,13.979,688.11,32.590,29.754,-0.073196,0.001872,-0.042649,20.759,23.580
24.238281,4,85,4761.91,22.3746,1.08996,543.53,49.234,13.896,684.14,32.594,29.757,-0.052846,-0.049343,0.013117,20.566,23.580
24.242188,4,85,4753.09,22.2775,1.08631,540.70,49.226,13.894,683.92,32.598,29.761,-0.005501,-0.013312,-0.017553,20.706,23.580
24.246094,4,85,4766.11,22.4917,1.08840,543.22,49.275,13.843,682.13,32.602,29.764,0.011022,0.048028,0.022018,20.656,23.580
24.250000,4,85,4769.82,22.5192,1.09391,546.40,49.244,13.945,686.69,32.606,29.767,-0.079070,0.000284,-0.039667,20.766,23.580
24.253906,4,85,4758.19,22.4588,1.08266,539.46,49.279,13.758,677.99,32.610,29.770,-0.002227,-0.011146,-0.018201,20.788,23.580
24.257813,4,85,4767.87,22.4360,1.08722,542.84,49.233,13.854,682.10,32.614,29.773,-0.042042,-0.069107,0.034931,20.774,23.580
24.261719,4,85,4764.33,22.4758,1.07600,536.84,49.261,13.864,682.94,32.618,29.776,-0.021388,-0.062438,0.030597,20.721,23.580
24.265625,4,85,4768.75,22.4420,1.09350,546.07,49.256,13.835,681.44,32.622,29.779,-0.036478,-0.078135,0.037485,20.600,23.580
24.269531,4,85,4782.27,22.6374,1.08735,544.54,49.242,13.972,687.98,32.626,29.783,0.008158,-0.006587,-0.032916,20.745,23.580
24.273438,4,85,4773.34,22.4054,1.08640,543.05,49.262,13.755,677.60,32.630,29.786,0.079980,0.080311,0.041420,20.860,23.580
24.277344,4,85,4776.17,22.4656,1.08888,544.61,49.258,13.899,684.65,32.634,29.789,-0.021968,-0.078163,0.042193,20.870,23.580
24.281250,4,85,4777.73,22.5452,1.09343,547.07,49.245,13.812,680.19,32.638,29.792,-0.015700,-0.049248,0.020098,20.843,23.580
24.285156,4,85,4779.44,22.5597,1.08104,541.06,49.260,14.035,691.34,32.642,29.795,-0.020591,-0.049364,0.020232,20.952,23.580
24.289063,4,85,4787.62,22.7374,1.08910,546.03,49.271,13.913,685.53,32.646,29.798,0.087137,0.081742,0.039697,20.721,23.580
24.292969,4,85,4789.37,22.7313,1.09140,547.38,49.247,14.037,691.29,32.650,29.802,0.094050,0.072285,0.033960,20.838,23.580
24.296875,4,85,4770.27,22.4379,1.08278,540.90,49.247,13.993,689.11,32.654,29.805,-0.066092,-0.023282,-0.005619,20.697,23.580
24.300781,4,85,4780.43,22.5177,1.09176,546.54,49.242,13.902,684.56,32.658,29.808,0.095801,0.070416,0.031533,20.622,23.580
24.304688,4,85,4776.08,22.5212,1.08274,541.53,49.246,13.887,683.87,32.662,29.811,-0.056603,-0.039025,0.011950,20.845,23.580
24.308594,4,85,4788.05,22.6449,1.10990,556.51,49.251,14.009,689.99,32.666,29.814,-0.075676,0.003635,-0.044477,20.815,23.580
24.312500,4,85,4786.21,22.6782,1.09617,549.41,49.234,13.969,687.72,32.670,29.818,-0.002851,-0.010368,-0.020455,20.790,23.580
24.316406,4,85,4789.76,22.6613,1.07539,539.40,49.255,14.059,692.48,32.674,29.821,0.096163,0.053303,0.019952,20.870,23.580
24.320313,4,85,4787.43,22.5726,1.08545,544.18,49.256,14.006,689.87,32.678,29.824,-0.022980,-0.070488,0.035721,20.770,23.580
24.324219,4,85,4803.60,22.6942,1.10675,556.73,49.275,14.063,692.96,32.683,29.827,0.002971,-0.008789,-0.026698,20.933,23.580
24.328125,4,85,4790.00,22.5332,1.10260,553.07,49.253,13.890,684.13,32.686,29.830,0.093429,0.036634,0.005891,20.774,23.580
24.332031,4,85,4801.39,22.6437,1.10027,553.21,49.244,14.056,692.16,32.691,29.834,0.090085,0.073753,0.036823,20.861,23.579
24.335938,4,85,4791.18,22.6200,1.08550,544.63,49.265,13.955,687.47,32.695,29.837,0.047593,-0.004149,-0.038696,20.788,23.579
24.339844,4,85,4813.37,22.8832,1.10901,559.00,49.261,14.168,697.94,32.699,29.840,-0.033877,-0.079393,0.039925,20.882,23.579
24.343750,4,85,4806.34,22.6989,1.09441,550.84,49.236,14.072,692.86,32.703,29.843,0.071901,0.084226,0.045750,20.811,23.579
24.347656,4,85,4805.54,22.9112,1.10293,555.03,49.267,14.005,689.96,32.707,29.846,0.060874,0.082749,0.041832,20.883,23.579
24.351563,4,85,4806.37,22.8125,1.10113,554.22,49.233,14.106,694.49,32.711,29.850,-0.061019,-0.026289,-0.003543,20.951,23.579
24.355469,4,85,4808.61,22.8030,1.10394,555.90,49.279,14.109,695.28,32.715,29.853,-0.032978,0.020581,-0.008182,21.021,23.579
24.359375,4,85,4809.96,22.8807,1.11855,563.41,49.245,14.017,690.26,32.719,29.856,-0.080368,0.002301,-0.038826,20.939,23.579
24.363281,4,85,4810.88,22.8947,1.10773,558.07,49.260,14.036,691.41,32.723,29.859,-0.014152,-0.045777,0.014610,20.975,23.579
24.367188,4,85,4810.41,22.9262,1.09779,553.01,49.213,14.140,695.86,32.727,29.862,-0.034155,-0.079920,0.040848,21.089,23.579
24.371094,4,85,4814.68,22.7887,1.10362,556.44,49.217,14.108,694.36,32.732,29.866,-0.044708,-0.061677,0.028735,20.945,23.579
24.375000,4,85,4816.21,22.8647,1.11413,561.92,49.251,14.109,694.90,32.736,29.869,-0.028515,-0.082821,0.044214,20.861,23.579
24.378906,4,85,4818.50,22.9857,1.10348,556.81,49.243,14.091,693.89,32.740,29.872,-0.078964,0.002437,-0.043962,20.983,23.579
24.382813,4,85,4813.61,22.8132,1.11634,562.72,49.272,14.076,693.57,32.744,29.875,0.095864,0.059932,0.022369,20.852,23.579
24.386719,4,85,4814.83,22.8546,1.12264,566.04,49.258,13.996,689.42,32.748,29.879,-0.006697,0.035888,0.007871,20.999,23.579
24.390625,4,85,4827.06,22.8865,1.11856,565.42,49.246,14.131,695.91,32.752,29.882,0.075204,0.004199,-0.026618,21.004,23.579
24.394531,4,85,4818.49,22.8476,1.10216,556.14,49.248,14.130,695.86,32.756,29.885,0.074633,0.083953,0.046732,20.818,23.579
24.398438,4,85,4831.74,22.9996,1.11573,564.53,49.226,14.247,701.31,32.760,29.888,-0.081935,0.000176,-0.038279,21.000,23.579
24.402344,4,85,4819.40,22.8864,1.10653,558.45,49.268,14.030,691.23,32.764,29.891,0.074022,0.085498,0.043663,20.979,23.579
24.406250,4,85,4815.01,22.9152,1.11455,561.99,49.245,14.130,695.83,32.768,29.895,-0.034176,-0.082045,0.043190,20.993,23.579
24.410156,4,85,4828.82,23.0129,1.10782,560.19,49.256,14.171,698.02,32.772,29.898,-0.018415,-0.075523,0.037968,21.059,23.579
24.414063,4,85,4833.70,23.0692,1.11410,563.94,49.263,14.142,696.67,32.777,29.901,-0.077286,0.003941,-0.044653,20.938,23.579
24.417969,4,85,4836.75,22.9685,1.12591,570.27,49.246,14.233,700.91,32.781,29.904,0.006835,-0.007310,-0.028935,20.999,23.579
24.421875,4,85,4828.74,22.9974,1.11682,564.73,49.267,14.111,695.18,32.785,29.908,-0.012545,-0.026125,-0.002427,21.092,23.579
24.425781,4,85,4838.38,23.1345,1.11865,566.79,49.216,14.277,702.65,32.789,29.911,-0.056797,-0.042196,0.009128,21.167,23.579
24.429688,4,85,4835.26,23.0754,1.10241,558.20,49.257,14.060,692.56,32.793,29.914,-0.073092,-0.014180,-0.015412,20.952,23.579
24.433594,4,85,4833.67,22.9255,1.11405,563.91,49.273,14.093,694.41,32.797,29.917,0.004758,-0.006937,-0.028473,20.998,23.579
24.437500,4,85,4826.67,22.9537,1.11400,563.07,49.230,14.205,699.31,32.801,29.920,-0.067921,0.005251,-0.041167,20.996,23.579
24.441406,4,85,4832.41,23.0286,1.11209,562.77,49.253,14.133,696.11,32.805,29.924,-0.020019,-0.069045,0.029192,20.983,23.579
24.445313,4,85,4846.40,23.1870,1.13302,575.02,49.212,14.361,706.74,32.810,29.927,-0.023476,-0.071407,0.037017,21.124,23.579
24.449219,4,85,4846.79,23.2375,1.12280,569.88,49.253,14.185,698.64,32.814,29.930,0.019887,0.057072,0.028260,20.984,23.579
24.453125,4,85,4831.50,23.0431,1.11761,565.46,49.233,14.311,704.57,32.818,29.933,0.078110,0.084362,0.042691,21.122,23.579
24.457031,4,85,4826.01,23.0826,1.10060,556.22,49.228,14.094,693.84,32.822,29.937,0.100676,0.052574,0.018557,20.967,23.579
24.460938,4,85,4837.90,23.1026,1.11165,563.19,49.247,14.095,694.11,32.826,29.940,0.035747,-0.002215,-0.043814,20.957,23.579
24.464844,4,85,4841.71,23.1474,1.12112,568.43,49.243,14.215,699.99,32.830,29.943,0.095249,0.034752,0.002149,20.983,23.578
24.468750,4,85,4850.21,23.1402,1.12705,572.44,49.228,14.399,708.82,32.834,29.946,-0.000041,0.040306,0.011767,21.052,23.578
24.472656,4,85,4848.50,23.2240,1.11170,564.45,49.249,14.154,697.07,32.838,29.950,-0.030752,-0.084928,0.042424,20.964,23.578
24.476563,4,85,4839.55,23.0303,1.11012,562.61,49.276,14.171,698.29,32.842,29.953,0.069719,0.003228,-0.029667,21.063,23.578
24.480469,4,85,4839.73,23.1546,1.11997,567.62,49.231,14.295,703.77,32.847,29.956,-0.044975,-0.062976,0.029887,20.984,23.578
24.484375,4,85,4846.89,23.3409,1.12215,569.56,49.239,14.165,697.49,32.851,29.959,-0.060961,0.003672,-0.032314,21.149,23.578
24.488281,4,85,4848.04,23.2052,1.13481,576.13,49.235,14.140,696.20,32.855,29.962,-0.049554,-0.050543,0.014536,21.078,23.578
24.492188,4,85,4839.00,23.1612,1.12072,567.91,49.241,14.225,700.44,32.859,29.966,0.053710,-0.001014,-0.040968,21.016,23.578
24.496094,4,85,4851.06,23.2724,1.12582,571.92,49.218,14.262,701.94,32.863,29.969,-0.024766,-0.072640,0.040091,21.047,23.578
24.500000,4,85,4850.19,23.1958,1.12720,572.52,49.246,14.152,696.92,32.867,29.972,-0.020319,-0.050246,0.023332,20.958,23.578
24.503906,4,85,4848.81,23.0980,1.12541,571.45,49.219,14.341,705.86,32.871,29.975,0.075848,0.007955,-0.025947,21.211,23.578
24.507813,4,85,4846.86,23.2202,1.13198,574.55,49.243,14.213,699.87,32.875,29.978,-0.078911,-0.004779,-0.031709,21.057,23.578
24.511719,4,85,4859.18,23.3451,1.11514,567.44,49.213,14.171,697.37,32.879,29.982,0.087944,0.083752,0.039515,21.170,23.578
24.515625,4,85,4847.03,23.1799,1.12444,570.74,49.232,14.210,699.57,32.884,29.985,-0.015948,-0.032811,0.005717,21.047,23.578
24.519531,4,85,4859.31,23.3509,1.11203,565.87,49.222,14.220,699.93,32.888,29.988,-0.081614,0.002731,-0.039317,21.148,23.578
24.523438,4,85,4860.46,23.3561,1.11670,568.39,49.238,14.264,702.31,32.892,29.991,-0.029088,-0.088315,0.044172,21.178,23.578
24.527344,4,85,4861.09,23.2321,1.12284,571.59,49.247,14.268,702.66,32.896,29.994,0.099464,0.057571,0.020716,21.109,23.578
24.531250,4,85,4855.04,23.2346,1.12051,569.69,49.230,14.326,705.25,32.900,29.998,0.020518,0.062244,0.026538,21.106,23.578
24.535156,4,85,4856.46,23.2967,1.11586,567.49,49.198,14.348,705.89,32.904,30.001,-0.053889,0.007114,-0.024771,21.102,23.578
24.539063,4,85,4858.69,23.2010,1.12313,571.45,49.245,14.243,701.38,32.908,30.004,0.094930,0.072295,0.034257,21.133,23.578
24.542969,4,85,4868.26,23.3324,1.12638,574.23,49.248,14.301,704.27,32.912,30.007,0.017375,-0.003523,-0.041978,21.225,23.578
24.546875,4,85,4861.10,23.3661,1.11942,569.85,49.225,14.287,703.26,32.917,30.011,-0.075534,-0.006337,-0.022948,21.258,23.578
24.550781,4,85,4869.56,23.4247,1.13280,577.66,49.238,14.230,700.67,32.921,30.014,-0.022449,-0.069124,0.038101,21.184,23.578
24.554688,4,85,4868.74,23.2605,1.13777,580.10,49.230,14.245,701.29,32.925,30.017,-0.019133,-0.059681,0.028675,21.208,23.578
24.558594,4,85,4857.37,23.2979,1.12769,573.62,49.238,14.232,700.77,32.929,30.020,0.097815,0.050179,0.018781,21.237,23.578
24.562500,4,85,4871.80,23.5611,1.12803,575.49,49.231,14.276,702.80,32.933,30.023,0.005082,-0.005663,-0.032055,21.024,23.578
24.566406,4,85,4864.03,23.3308,1.12775,574.43,49.246,14.357,707.03,32.937,30.027,-0.024544,-0.074082,0.036451,21.217,23.578
24.570313,4,85,4876.32,23.4826,1.12930,576.67,49.230,14.363,707.08,32.941,30.030,-0.065672,0.003902,-0.035234,21.294,23.578
24.574219,4,85,4856.08,23.3497,1.13213,575.72,49.224,14.230,700.47,32.945,30.033,-0.050608,0.011952,-0.023816,21.179,23.578
24.578125,4,85,4889.82,23.7117,1.13978,583.64,49.185,14.436,710.02,32.949,30.036,0.050465,0.077721,0.037954,21.228,23.578
24.582031,4,85,4857.99,23.3315,1.13196,575.86,49.231,14.129,695.58,32.953,30.039,0.039247,-0.002794,-0.043258,21.041,23.578
24.585938,4,85,4881.51,23.6234,1.14144,583.49,49.194,14.501,713.36,32.958,30.043,0.064107,-0.002030,-0.035694,21.283,23.578
24.589844,4,85,4869.55,23.5061,1.12454,573.44,49.231,14.335,705.70,32.962,30.046,-0.058708,-0.035999,0.005481,21.238,23.578
24.593750,4,85,4872.14,23.2952,1.13823,580.74,49.238,14.381,708.09,32.966,30.049,0.069171,0.084526,0.043782,21.243,23.578
24.597656,4,85,4859.51,23.2611,1.12917,574.62,49.245,14.294,703.90,32.970,30.052,0.089466,0.025077,-0.002529,21.031,23.577
24.601563,4,85,4879.89,23.5240,1.14236,583.77,49.231,14.388,708.32,32.974,30.056,-0.062122,0.005144,-0.035796,21.334,23.577
24.605469,4,85,4883.14,23.6132,1.12540,575.49,49.232,14.319,704.97,32.978,30.059,-0.021767,-0.072507,0.036066,21.332,23.577
24.609375,4,85,4865.07,23.4253,1.12970,575.55,49.220,14.183,698.08,32.982,30.062,-0.006794,-0.022077,-0.008662,21.059,23.577
24.613281,4,85,4873.09,23.3644,1.13299,578.17,49.255,14.234,701.08,32.986,30.065,0.057518,0.077375,0.042412,21.178,23.577
24.617188,4,85,4887.34,23.7131,1.15100,589.08,49.207,14.317,704.49,32.991,30.068,0.090094,0.026609,-0.003776,21.297,23.577
24.621094,4,85,4878.98,23.5729,1.13258,578.66,49.233,14.369,707.44,32.995,30.072,0.083920,0.086347,0.043636,21.222,23.577
24.625000,4,85,4884.36,23.5333,1.13038,578.18,49.230,14.469,712.28,32.999,30.075,-0.039172,-0.076213,0.036231,21.233,23.577
24.628906,4,85,4886.41,23.6523,1.14173,584.23,49.239,14.399,709.01,33.003,30.078,-0.080528,0.001274,-0.035771,21.294,23.577
24.632813,4,85,4875.86,23.4066,1.14125,582.72,49.220,14.431,710.28,33.007,30.081,-0.077466,-0.000541,-0.032888,21.121,23.577
24.636719,4,85,4880.16,23.4469,1.14586,585.59,49.211,14.384,707.87,33.011,30.085,-0.076390,0.001490,-0.045983,21.266,23.577
24.640625,4,85,4872.65,23.4732,1.13403,578.65,49.216,14.341,705.83,33.015,30.088,0.079243,0.085063,0.042077,21.104,23.577
24.644531,4,85,4890.34,23.5668,1.14546,586.61,49.212,14.476,712.40,33.020,30.091,-0.051147,-0.049149,0.015450,21.423,23.577
24.648438,4,85,4889.59,23.6873,1.15501,591.41,49.198,14.396,708.25,33.024,30.094,-0.056457,-0.047810,0.011627,21.344,23.577
24.652344,4,85,4898.89,23.5682,1.14636,588.09,49.215,14.344,705.95,33.028,30.097,-0.082799,0.003889,-0.044942,21.339,23.577
24.656250,4,85,4886.90,23.6433,1.12875,577.64,49.242,14.372,707.70,33.032,30.101,0.092121,0.021095,-0.006373,21.221,23.577
24.660156,4,85,4898.71,23.6313,1.15679,593.43,49.203,14.534,715.10,33.036,30.104,0.008942,-0.006302,-0.033132,21.356,23.577
24.664063,4,85,4893.28,23.6932,1.13778,583.03,49.221,14.339,705.78,33.040,30.107,-0.016141,-0.034846,0.006817,21.368,23.577
24.667969,4,85,4891.87,23.6223,1.14530,586.71,49.192,14.541,715.32,33.045,30.110,0.091940,0.028735,-0.002189,21.341,23.577
24.671875,4,85,4879.61,23.4761,1.14106,583.07,49.219,14.323,704.98,33.049,30.114,-0.018331,-0.047778,0.016320,21.358,23.577
24.675781,4,85,4891.88,23.6607,1.15236,590.32,49.208,14.481,712.58,33.053,30.117,-0.074219,0.000518,-0.045085,21.355,23.577
24.679688,4,85,4889.73,23.5513,1.14059,584.04,49.209,14.318,704.59,33.057,30.120,0.061416,-0.000885,-0.037998,21.221,23.577
24.683594,4,85,4894.20,23.6781,1.13029,579.30,49.232,14.339,705.94,33.061,30.123,-0.011090,-0.024767,-0.006357,21.283,23.577
24.687500,4,85,4892.20,23.5797,1.14307,585.61,49.240,14.304,704.31,33.065,30.126,-0.028483,0.020929,-0.009774,21.345,23.577
24.691406,4,85,4892.45,23.5227,1.15617,592.35,49.219,14.374,707.45,33.069,30.130,0.020185,-0.005950,-0.041450,21.256,23.577
24.695313,4,85,4898.60,23.6802,1.13825,583.90,49.219,14.481,712.72,33.073,30.133,0.089297,0.027690,-0.003766,21.286,23.577
24.699219,4,85,4898.78,23.7311,1.15025,590.08,49.212,14.486,712.89,33.077,30.136,-0.035743,-0.083788,0.041803,21.364,23.577
24.703125,4,85,4890.29,23.5917,1.14275,585.22,49.211,14.278,702.65,33.081,30.139,-0.001907,-0.014156,-0.017875,21.297,23.577
24.707031,4,85,4894.82,23.6028,1.14339,586.08,49.216,14.268,702.24,33.085,30.142,-0.035125,-0.083674,0.042041,21.164,23.577
24.710938,4,85,4896.03,23.6380,1.15345,591.39,49.231,14.459,711.81,33.090,30.145,-0.001604,-0.017282,-0.014554,21.254,23.577
24.714844,4,85,4891.88,23.6570,1.14502,586.57,49.231,14.441,710.92,33.094,30.149,0.042757,0.073494,0.040023,21.423,23.577
24.718750,4,85,4894.08,23.5741,1.13452,581.45,49.210,14.483,712.71,33.098,30.152,0.069468,0.005085,-0.032732,21.283,23.577
24.722656,4,85,4899.24,23.7783,1.14699,588.46,49.233,14.379,707.91,33.102,30.155,-0.063004,-0.028732,-0.004311,21.261,23.577
24.726563,4,85,4901.67,23.7398,1.14624,588.37,49.199,14.431,709.99,33.106,30.158,0.040645,0.070751,0.035197,21.362,23.576
24.730469,4,85,4903.79,23.7498,1.14993,590.52,49.205,14.536,715.24,33.110,30.162,0.088964,0.018740,-0.007551,21.393,23.576
24.734375,4,85,4902.02,23.7966,1.14337,586.94,49.204,14.534,715.10,33.114,30.165,-0.080927,0.005445,-0.042493,21.310,23.576
24.738281,4,85,4898.95,23.7153,1.14335,586.56,49.223,14.434,710.46,33.119,30.168,-0.069831,0.002812,-0.038872,21.343,23.576
24.742188,4,85,4894.74,23.6875,1.14195,585.34,49.217,14.338,705.68,33.123,30.171,-0.011709,-0.024519,-0.006519,21.208,23.576
24.746094,4,85,4899.32,23.7249,1.13883,584.28,49.207,14.379,707.52,33.127,30.174,-0.043762,-0.062861,0.027953,21.326,23.576
24.750000,4,85,4902.94,23.6811,1.13681,583.68,49.232,14.301,704.08,33.131,30.177,-0.013695,-0.036751,0.005459,21.204,23.576
24.753906,4,85,4906.75,23.7748,1.14424,587.95,49.184,14.518,714.06,33.135,30.181,0.021863,-0.003206,-0.040514,21.366,23.576
24.757813,4,85,4910.21,23.7648,1.16300,598.01,49.216,14.624,719.75,33.139,30.184,0.085407,0.085882,0.043493,21.401,23.576
24.761719,4,85,4890.25,23.6700,1.14535,586.54,49.207,14.344,705.85,33.143,30.187,0.096812,0.042700,0.012792,21.112,23.576
24.765625,4,85,4909.48,23.8002,1.14293,587.60,49.204,14.579,717.35,33.147,30.190,-0.008485,-0.020350,-0.007979,21.310,23.576
24.769531,4,85,4895.30,23.7513,1.14074,584.78,49.188,14.459,711.20,33.151,30.193,-0.050687,0.006483,-0.024520,21.264,23.576
24.773438,4,85,4906.30,23.6573,1.15812,595.03,49.220,14.472,712.34,33.156,30.197,-0.078168,0.000401,-0.032012,21.494,23.576
24.777344,4,85,4899.11,23.7681,1.14001,584.87,49.229,14.372,707.51,33.160,30.200,0.090025,0.079102,0.039372,21.319,23.576
24.781250,4,85,4905.33,23.6923,1.15642,594.03,49.204,14.389,707.99,33.164,30.203,0.019756,0.058607,0.025633,21.254,23.576
24.785156,4,85,4915.29,23.7879,1.15834,596.23,49.207,14.464,711.71,33.168,30.206,-0.007471,-0.020782,-0.010407,21.496,23.576
24.789063,4,85,4915.16,23.8914,1.16039,597.27,49.192,14.631,719.73,33.172,30.209,-0.062356,-0.029680,0.000188,21.356,23.576
24.792969,4,85,4918.18,23.7772,1.14530,589.86,49.225,14.474,712.46,33.176,30.213,0.069037,-0.000305,-0.036490,21.286,23.576
24.796875,4,85,4909.81,23.7961,1.15096,591.77,49.224,14.507,714.09,33.180,30.216,0.095974,0.072989,0.035404,21.445,23.576
24.800781,4,85,4905.87,23.7927,1.15429,593.00,49.209,14.457,711.44,33.184,30.219,-0.079114,0.003655,-0.043975,21.269,23.576
24.804688,4,85,4911.63,23.7941,1.14323,588.01,49.229,14.384,708.11,33.188,30.222,-0.021714,-0.073487,0.037027,21.419,23.576
24.808594,4,85,4913.73,23.8482,1.14767,590.55,49.220,14.557,716.49,33.192,30.225,-0.062430,-0.025276,-0.006239,21.332,23.576
24.812500,4,85,4913.67,23.7018,1.16120,597.50,49.232,14.532,715.43,33.197,30.228,0.025723,0.062356,0.027865,21.336,23.576
24.816406,4,85,4911.38,23.7174,1.16270,598.00,49.204,14.510,713.95,33.201,30.232,0.007605,-0.002630,-0.034453,21.430,23.576
24.820313,4,85,4912.68,23.7315,1.15494,594.16,49.183,14.512,713.73,33.205,30.235,0.080770,0.010454,-0.018894,21.277,23.576
24.824219,4,85,4907.92,23.7459,1.14258,587.23,49.224,14.538,715.61,33.209,30.238,-0.030557,-0.084318,0.044144,21.393,23.576
24.828125,4,85,4917.25,23.8988,1.13965,586.84,49.186,14.532,714.77,33.213,30.241,-0.076562,-0.002852,-0.036504,21.388,23.576
24.832031,4,85,4911.69,23.7836,1.16244,597.90,49.200,14.541,715.42,33.217,30.244,-0.080622,0.001696,-0.041874,21.339,23.576
24.835938,4,85,4927.47,23.9546,1.14955,593.17,49.196,14.603,718.42,33.221,30.248,-0.043588,-0.071204,0.032938,21.457,23.576
24.839844,4,85,4922.81,23.9234,1.16264,599.36,49.226,14.582,717.82,33.226,30.251,0.039943,0.072342,0.037964,21.451,23.576
24.843750,4,85,4910.68,23.8630,1.14864,590.68,49.241,14.455,711.77,33.230,30.254,0.033258,-0.004501,-0.046226,21.406,23.576
24.847656,4,85,4916.99,23.8706,1.14992,592.10,49.208,14.589,717.90,33.234,30.257,0.071892,0.002178,-0.030736,21.518,23.576
24.851563,4,85,4905.71,23.6842,1.13916,585.21,49.193,14.527,714.61,33.238,30.260,-0.049617,0.012016,-0.022712,21.436,23.576
24.855469,4,85,4919.82,23.8553,1.16091,598.10,49.208,14.555,716.25,33.242,30.264,0.072644,0.084401,0.045722,21.495,23.575
24.859375,4,85,4915.28,23.9006,1.15101,592.46,49.206,14.473,712.15,33.246,30.267,-0.020797,-0.067118,0.033606,21.324,23.575
24.863281,4,85,4924.78,23.9552,1.15605,596.20,49.195,14.500,713.32,33.250,30.270,-0.079074,-0.000603,-0.034038,21.502,23.575
24.867188,4,85,4904.96,23.7900,1.14913,590.24,49.221,14.417,709.64,33.254,30.273,-0.063013,0.002415,-0.037361,21.273,23.575
24.871094,4,85,4918.71,23.8361,1.14770,591.16,49.222,14.551,716.22,33.258,30.276,-0.058299,0.009015,-0.030635,21.472,23.575
24.875000,4,85,4912.97,23.7979,1.14353,588.33,49.194,14.535,715.01,33.262,30.279,-0.077984,0.005041,-0.044709,21.465,23.575
24.878906,4,85,4919.65,23.9112,1.16869,602.09,49.211,14.407,708.96,33.266,30.282,-0.040233,0.016267,-0.015307,21.367,23.575
24.882813,4,85,4924.30,23.9944,1.16255,599.50,49.198,14.675,721.95,33.271,30.286,0.095771,0.051235,0.017393,21.510,23.575
24.886719,4,85,4924.48,23.8311,1.16554,601.06,49.233,14.391,708.52,33.275,30.289,-0.029095,-0.087455,0.043556,21.294,23.575
24.890625,4,85,4922.83,23.8050,1.16271,599.40,49.193,14.597,718.08,33.279,30.292,0.092446,0.023068,-0.004203,21.376,23.575
24.894531,4,85,4923.02,23.9001,1.15779,596.89,49.226,14.543,715.87,33.283,30.295,-0.034488,-0.082563,0.044368,21.513,23.575
24.898438,4,85,4920.58,23.8597,1.16946,602.60,49.222,14.528,715.08,33.287,30.298,-0.049240,0.007902,-0.021356,21.407,23.575
24.902344,4,85,4908.16,23.7958,1.15658,594.46,49.209,14.461,711.63,33.291,30.301,0.073251,0.086689,0.045699,21.367,23.575
24.906250,4,85,4933.21,23.9925,1.16056,599.55,49.221,14.590,718.12,33.295,30.305,-0.082754,0.003485,-0.041642,21.516,23.575
24.910156,4,85,4926.82,23.9544,1.16265,599.86,49.214,14.606,718.80,33.299,30.308,-0.016395,-0.037117,0.007501,21.457,23.575
24.914063,4,85,4920.60,23.9724,1.15577,595.55,49.200,14.509,713.82,33.303,30.311,0.096269,0.032586,0.001963,21.372,23.575
24.917969,4,85,4928.57,23.9755,1.16194,599.70,49.202,14.708,723.67,33.307,30.314,-0.078878,0.002580,-0.045232,21.389,23.575
24.921875,4,85,4931.78,24.0013,1.15521,596.61,49.193,14.741,725.17,33.312,30.317,-0.017372,-0.047837,0.019724,21.386,23.575
24.925781,4,85,4927.02,24.0151,1.15920,598.10,49.177,14.599,717.92,33.316,30.320,-0.084546,0.001014,-0.047009,21.418,23.575
24.929688,4,85,4930.21,24.0186,1.16297,600.43,49.189,14.705,723.32,33.320,30.324,-0.012183,-0.046004,0.017104,21.430,23.575
24.933594,4,85,4927.85,24.0160,1.16321,600.26,49.200,14.592,717.93,33.324,30.327,-0.083216,0.000844,-0.046000,21.411,23.575
24.937500,4,85,4928.94,24.0925,1.14485,590.92,49.184,14.682,722.13,33.328,30.330,-0.032759,-0.083689,0.046093,21.570,23.575
24.941406,4,85,4925.97,23.9641,1.15387,595.22,49.210,14.711,723.92,33.332,30.333,-0.055306,-0.048329,0.014339,21.544,23.575
24.945313,4,85,4930.30,24.0681,1.14637,591.87,49.208,14.644,720.59,33.336,30.337,-0.083169,0.002628,-0.045504,21.394,23.575
24.949219,4,85,4912.54,23.8383,1.15306,593.18,49.221,14.589,718.07,33.341,30.340,-0.074629,-0.011008,-0.016586,21.387,23.575
24.953125,4,85,4918.58,23.8588,1.13718,585.73,49.221,14.506,714.02,33.345,30.343,-0.027712,-0.084796,0.044217,21.433,23.575
24.957031,4,85,4922.43,23.9233,1.16088,598.40,49.189,14.589,717.61,33.349,30.346,-0.018567,-0.047418,0.019126,21.377,23.575
24.960938,4,85,4931.64,24.0327,1.15357,595.75,49.186,14.656,720.88,33.353,30.349,-0.042763,-0.070797,0.032621,21.578,23.575
24.964844,4,85,4921.18,24.0014,1.17013,603.02,49.241,14.463,712.18,33.357,30.352,-0.034374,-0.079464,0.043352,21.375,23.575
24.968750,4,85,4918.97,23.9522,1.15518,595.05,49.181,14.659,720.96,33.361,30.355,0.025408,0.060201,0.028420,21.339,23.575
24.972656,4,85,4926.06,23.9523,1.14954,593.00,49.205,14.618,719.27,33.365,30.359,0.063922,0.000580,-0.035230,21.401,23.575
24.976563,4,85,4926.38,23.8634,1.16006,598.46,49.211,14.582,717.59,33.369,30.362,-0.071744,-0.015778,-0.014727,21.424,23.574
24.980469,4,85,4933.03,24.0534,1.16427,601.44,49.207,14.646,720.68,33.373,30.365,-0.082357,0.002554,-0.043646,21.572,23.574
24.984375,4,85,4924.44,23.8142,1.14455,590.23,49.206,14.620,719.37,33.377,30.368,-0.026081,-0.088245,0.043775,21.337,23.574
24.988281,4,85,4924.23,23.9582,1.15154,593.81,49.189,14.483,712.39,33.381,30.371,-0.082615,0.003268,-0.042938,21.432,23.574
24.992188,4,85,4929.17,23.8570,1.15714,597.30,49.232,14.637,720.62,33.385,30.374,0.098254,0.045756,0.011409,21.438,23.574
24.996094,4,85,4922.45,23.9229,1.16468,600.36,49.209,14.490,713.04,33.389,30.377,-0.060830,-0.032686,0.004023,21.289,23.574
25.000000,4,85,4930.85,23.9856,1.15814,598.01,49.203,14.613,719.03,33.394,30.380,-0.021464,-0.071792,0.034127,21.362,23.574
25.003906,4,85,4928.11,24.0554,1.16415,600.78,49.187,14.653,720.76,33.398,30.384,-0.061144,-0.032791,0.000858,21.524,23.574
25.007813,4,85,4933.71,23.9241,1.14933,593.81,49.193,14.598,718.10,33.402,30.387,0.025284,-0.001658,-0.043039,21.530,23.574
25.011719,4,85,4924.08,23.8760,1.16400,600.22,49.207,14.490,712.99,33.406,30.390,-0.047685,-0.057862,0.022593,21.393,23.574
25.015625,4,85,4934.74,24.0208,1.16170,600.32,49.195,14.696,722.97,33.410,30.393,-0.007359,-0.012406,-0.012877,21.485,23.574
25.019531,4,85,4930.58,23.9985,1.15643,597.10,49.207,14.499,713.47,33.414,30.396,0.030357,0.066529,0.033904,21.381,23.574
25.023438,4,85,4926.41,23.9448,1.16948,603.33,49.191,14.601,718.24,33.418,30.399,-0.034261,-0.084369,0.041904,21.410,23.574
25.027344,4,85,4930.53,23.9510,1.14474,591.06,49.220,14.567,716.99,33.422,30.402,-0.043523,-0.073629,0.033198,21.465,23.574
25.031250,4,85,4928.84,24.1058,1.15367,595.46,49.202,14.515,714.17,33.426,30.405,0.075507,0.009703,-0.029386,21.526,23.574
25.035156,4,85,4925.87,24.0014,1.15817,597.43,49.234,14.460,711.91,33.430,30.408,0.032078,-0.001530,-0.047536,21.467,23.574
25.039063,4,85,4935.72,24.0016,1.15308,595.99,49.213,14.533,715.19,33.434,30.411,-0.077342,-0.000725,-0.030425,21.490,23.574
25.042969,4,85,4942.71,24.0930,1.17680,609.11,49.202,14.619,719.28,33.438,30.415,0.022448,0.059326,0.027487,21.560,23.574
25.046875,4,85,4937.20,24.0114,1.17073,605.29,49.215,14.589,718.00,33.442,30.418,0.040612,0.067658,0.035062,21.518,23.574
25.050781,4,85,4940.74,24.0638,1.16645,603.51,49.209,14.631,719.99,33.446,30.421,-0.083060,0.002450,-0.047098,21.524,23.574
25.054688,4,85,4928.40,24.0237,1.15526,596.23,49.174,14.692,722.48,33.450,30.424,0.011766,0.051844,0.021050,21.339,23.574
25.058594,4,85,4947.28,24.0821,1.15563,598.71,49.182,14.573,716.70,33.454,30.427,0.093025,0.030341,0.001231,21.597,23.574
25.062500,4,85,4939.98,24.1240,1.16083,600.51,49.225,14.697,723.45,33.458,30.430,-0.014839,-0.037891,0.007764,21.603,23.574
25.066406,4,85,4935.56,23.9929,1.15942,599.25,49.195,14.475,712.09,33.462,30.433,-0.025642,0.024814,-0.003504,21.488,23.574
25.070313,4,85,4938.54,24.0793,1.16693,603.49,49.198,14.660,721.23,33.466,30.436,-0.019127,-0.063714,0.030410,21.472,23.574
25.074219,4,85,4935.30,23.9831,1.16815,603.73,49.192,14.445,710.57,33.470,30.439,-0.015608,-0.046627,0.013301,21.537,23.574
25.078125,4,85,4941.04,23.9588,1.15714,598.73,49.194,14.577,717.08,33.474,30.442,0.095683,0.032811,0.003159,21.559,23.574
25.082031,4,85,4929.07,23.9569,1.15332,595.31,49.202,14.566,716.68,33.478,30.445,-0.020231,-0.064054,0.033591,21.425,23.574
25.085938,4,85,4932.14,23.8846,1.15773,597.96,49.198,14.588,717.67,33.482,30.448,0.096443,0.077484,0.039406,21.349,23.574
25.089844,4,85,4929.38,23.9916,1.16054,599.07,49.201,14.584,717.57,33.486,30.452,0.057214,-0.005531,-0.039248,21.435,23.574
25.093750,4,85,4931.94,23.9984,1.15801,598.08,49.195,14.647,720.57,33.490,30.455,-0.056729,-0.043734,0.011714,21.419,23.574
25.097656,4,85,4930.90,23.9603,1.16001,598.99,49.206,14.448,710.92,33.494,30.458,-0.024676,-0.086317,0.046452,21.378,23.573
25.101563,4,85,4945.78,24.1573,1.15710,599.29,49.198,14.664,721.45,33.498,30.461,0.093635,0.082245,0.042023,21.482,23.573
25.105469,4,85,4950.57,24.1922,1.16269,602.77,49.194,14.718,724.04,33.502,30.464,-0.009300,-0.024305,-0.005905,21.425,23.573
25.109375,4,85,4941.36,24.1335,1.16270,601.65,49.187,14.667,721.42,33.506,30.467,-0.048641,0.009750,-0.024301,21.507,23.573
25.113281,4,85,4944.41,24.1607,1.16860,605.07,49.224,14.654,721.34,33.511,30.470,-0.020448,-0.061176,0.030437,21.482,23.573
25.117188,4,85,4935.78,23.9793,1.15177,595.32,49.199,14.644,720.47,33.515,30.473,0.090050,0.023407,-0.006609,21.400,23.573
25.121094,4,85,4939.89,24.0181,1.14391,591.75,49.167,14.633,719.45,33.519,30.476,0.074674,0.005817,-0.025723,21.407,23.573
25.125000,4,85,4936.39,24.1112,1.14802,593.45,49.192,14.508,713.69,33.523,30.479,0.089633,0.079814,0.042500,21.467,23.573
25.128906,4,85,4949.34,24.0877,1.16057,601.52,49.196,14.648,720.59,33.527,30.482,-0.076697,0.004778,-0.042401,21.601,23.573
25.132813,4,85,4944.94,24.2292,1.17141,606.60,49.192,14.634,719.87,33.531,30.485,0.030964,-0.002722,-0.045247,21.571,23.573
25.136719,4,85,4937.31,24.1129,1.17723,608.67,49.213,14.514,714.26,33.535,30.488,-0.014253,-0.032447,0.006560,21.512,23.573
25.140625,4,85,4939.27,24.0241,1.15799,598.96,49.188,14.637,719.96,33.539,30.492,-0.033500,-0.084446,0.044120,21.508,23.573
25.144531,4,85,4937.22,24.0670,1.17734,608.71,49.186,14.666,721.38,33.543,30.495,0.070793,0.085177,0.046011,21.432,23.573
25.148438,4,85,4940.74,24.0692,1.16192,601.17,49.180,14.722,724.01,33.547,30.498,-0.070888,0.005031,-0.041767,21.570,23.573
25.152344,4,85,4943.06,24.1309,1.15630,598.54,49.179,14.693,722.57,33.551,30.501,0.101071,0.059951,0.026816,21.478,23.573
25.156250,4,85,4938.29,24.1273,1.16613,603.05,49.202,14.586,717.67,33.555,30.504,-0.014999,-0.048135,0.016800,21.453,23.573
25.160156,4,85,4954.59,24.2135,1.17208,608.13,49.187,14.645,720.36,33.559,30.507,-0.041763,-0.070840,0.031955,21.480,23.573
25.164063,4,85,4933.54,24.0196,1.15245,595.40,49.224,14.686,722.88,33.563,30.510,0.096448,0.072896,0.033539,21.332,23.573
25.167969,4,85,4942.68,24.1467,1.16413,602.55,49.202,14.779,727.14,33.567,30.513,0.056942,-0.002848,-0.041037,21.592,23.573
25.171875,4,85,4949.60,24.2106,1.17964,611.43,49.165,14.803,727.81,33.571,30.516,-0.022360,-0.065597,0.030686,21.495,23.573
25.175781,4,85,4936.51,24.1434,1.15756,598.40,49.183,14.487,712.50,33.575,30.519,0.030292,-0.003490,-0.045893,21.403,23.573
25.179688,4,85,4951.50,24.2209,1.16579,604.49,49.215,14.637,720.37,33.579,30.522,-0.020072,0.033264,0.000395,21.543,23.573
25.183594,4,85,4950.59,24.1544,1.18576,614.73,49.185,14.735,724.72,33.583,30.525,-0.058183,0.006348,-0.030232,21.534,23.573
25.187500,4,85,4930.15,23.9675,1.16746,602.74,49.177,14.658,720.83,33.587,30.528,-0.043174,-0.075081,0.035097,21.407,23.573
25.191406,4,85,4940.21,24.1143,1.15120,595.56,49.196,14.591,717.84,33.591,30.532,0.101797,0.046127,0.011666,21.434,23.573
25.195313,4,85,4940.76,24.0603,1.15936,599.85,49.235,14.663,721.92,33.595,30.535,-0.072709,-0.013648,-0.017126,21.343,23.573
25.199219,4,85,4947.80,24.1054,1.16420,603.21,49.167,14.677,721.64,33.599,30.538,0.028054,0.065720,0.032270,21.618,23.573
25.203125,4,85,4933.91,23.9531,1.15972,599.20,49.185,14.653,720.71,33.603,30.541,-0.018522,-0.059912,0.026734,21.503,23.573
25.207031,4,85,4944.67,24.2209,1.16573,603.62,49.209,14.631,719.98,33.607,30.544,0.027008,-0.004162,-0.042683,21.463,23.573
25.210938,4,85,4956.36,24.2147,1.16419,604.25,49.202,14.665,721.54,33.611,30.547,-0.030104,-0.089177,0.046612,21.506,23.573
25.214844,4,85,4936.36,24.0389,1.15014,594.55,49.193,14.548,715.65,33.615,30.550,-0.014782,-0.050014,0.021353,21.484,23.573
25.218750,4,85,4949.97,24.2932,1.17061,606.80,49.200,14.622,719.43,33.619,30.553,-0.021232,-0.075536,0.037029,21.389,23.572
25.222656,4,85,4943.78,24.0754,1.15899,600.02,49.207,14.598,718.32,33.623,30.556,0.073080,0.003458,-0.029837,21.348,23.572
25.226563,4,85,4947.18,24.2229,1.16991,606.09,49.192,14.799,727.98,33.627,30.559,0.025505,0.065432,0.028229,21.475,23.572
25.230469,4,85,4943.15,24.2275,1.16867,604.96,49.209,14.772,726.94,33.631,30.562,-0.043458,-0.074792,0.037064,21.593,23.572
25.234375,4,85,4938.00,24.0623,1.16932,604.67,49.191,14.648,720.55,33.635,30.565,-0.082312,-0.000612,-0.040508,21.500,23.572
25.238281,4,85,4956.44,24.2775,1.16164,602.93,49.197,14.625,719.51,33.639,30.568,-0.068017,0.006324,-0.041453,21.458,23.572
25.242188,4,85,4947.83,24.1807,1.17054,606.50,49.177,14.741,724.90,33.643,30.571,-0.028685,-0.083480,0.044150,21.692,23.572
25.246094,4,85,4952.53,24.2345,1.16717,605.33,49.222,14.607,718.98,33.647,30.574,-0.068708,0.006129,-0.040051,21.495,23.572
25.250000,4,85,4949.35,24.1989,1.16360,603.09,49.220,14.638,720.50,33.651,30.577,-0.075341,0.003657,-0.040726,21.622,23.572
25.253906,4,85,4938.77,24.0167,1.17958,610.06,49.201,14.615,719.09,33.655,30.580,-0.070474,-0.020689,-0.007834,21.501,23.572
25.257813,4,85,4940.53,24.0902,1.17723,609.06,49.212,14.527,714.91,33.659,30.583,-0.082188,0.001389,-0.035438,21.556,23.572
25.261719,4,85,4950.05,24.2049,1.17529,609.23,49.214,14.656,721.26,33.663,30.586,0.091029,0.079829,0.041126,21.360,23.572
25.265625,4,85,4946.58,24.1966,1.17027,606.20,49.189,14.701,723.11,33.667,30.589,-0.007081,0.043230,0.012033,21.416,23.572
25.269531,4,85,4948.97,24.0588,1.16912,605.90,49.207,14.718,724.25,33.671,30.592,0.045953,-0.001993,-0.043131,21.472,23.572
25.273438,4,85,4957.57,24.2511,1.17860,611.88,49.185,14.780,726.93,33.675,30.595,0.079654,0.004916,-0.026833,21.542,23.572
25.277344,4,85,4945.33,24.0246,1.17280,607.36,49.213,14.675,722.20,33.679,30.598,-0.000138,-0.010815,-0.018710,21.495,23.572
25.281250,4,85,4944.98,24.2072,1.16455,603.05,49.182,14.712,723.58,33.683,30.601,-0.033141,-0.082439,0.046828,21.497,23.572
25.285156,4,85,4937.72,24.0781,1.16243,601.07,49.198,14.647,720.59,33.687,30.604,-0.074062,0.005497,-0.042303,21.611,23.572
25.289063,4,85,4954.09,24.2574,1.17117,607.59,49.232,14.577,717.66,33.690,30.607,0.074577,0.086174,0.044638,21.474,23.572
25.292969,4,85,4950.89,24.2204,1.16821,605.67,49.185,14.576,716.91,33.694,30.610,0.057917,0.081011,0.042032,21.416,23.572
25.296875,4,85,4953.25,24.2740,1.17007,606.92,49.202,14.649,720.78,33.698,30.613,0.016687,-0.000756,-0.040589,21.508,23.572
25.300781,4,85,4950.06,24.2153,1.15216,597.24,49.206,14.532,715.08,33.702,30.616,0.029866,-0.003641,-0.044286,21.525,23.572
25.304688,4,85,4949.65,24.1490,1.18349,613.43,49.176,14.837,729.62,33.706,30.619,-0.016425,-0.047061,0.019909,21.436,23.572
25.308594,4,85,4938.02,24.0832,1.17338,606.76,49.223,14.605,718.88,33.710,30.622,-0.052441,0.005825,-0.025647,21.419,23.572
25.312500,4,85,4945.29,24.1535,1.17461,608.30,49.190,14.662,721.20,33.714,30.625,0.055302,0.001502,-0.044691,21.516,23.572
25.316406,4,85,4943.07,24.1082,1.16277,601.89,49.176,14.643,720.08,33.718,30.628,-0.055209,-0.042978,0.014760,21.471,23.572
25.320313,4,85,4943.25,24.1059,1.16008,600.52,49.202,14.613,719.00,33.722,30.631,0.074588,0.087351,0.044661,21.448,23.572
25.324219,4,85,4947.09,24.1776,1.16788,605.03,49.225,14.638,720.57,33.726,30.634,0.033555,0.068392,0.033420,21.602,23.572
25.328125,4,85,4948.51,24.2347,1.17130,606.98,49.195,14.564,716.46,33.730,30.637,-0.027407,0.024487,-0.007991,21.445,23.572
25.332031,4,85,4945.59,24.1393,1.15321,597.25,49.200,14.645,720.55,33.734,30.640,0.043711,0.073272,0.040380,21.552,23.572
25.335938,4,85,4944.37,24.1544,1.16233,601.82,49.189,14.620,719.17,33.738,30.643,-0.075976,0.003965,-0.043139,21.367,23.571
25.339844,4,85,4951.88,24.2397,1.17010,606.77,49.188,14.712,723.65,33.742,30.646,0.034192,0.000611,-0.047141,21.532,23.571
25.343750,4,85,4946.51,24.0935,1.16920,605.64,49.186,14.681,722.10,33.745,30.649,0.009890,-0.006555,-0.033985,21.523,23.571
25.347656,4,85,4954.88,24.2049,1.15894,601.35,49.189,14.706,723.36,33.749,30.652,0.079576,0.010711,-0.022185,21.504,23.571
25.351563,4,85,4958.59,24.2870,1.17758,611.47,49.181,14.770,726.38,33.753,30.655,0.098881,0.074239,0.035550,21.557,23.571
25.355469,4,85,4960.05,24.3584,1.17631,611.00,49.168,14.804,727.86,33.757,30.658,0.072834,0.081997,0.046070,21.491,23.571
25.359375,4,85,4954.10,24.2690,1.16304,603.38,49.234,14.664,721.96,33.761,30.661,-0.062730,0.008045,-0.033153,21.594,23.571
25.363281,4,85,4953.06,24.3099,1.16851,606.09,49.201,14.644,720.48,33.765,30.664,-0.076929,-0.003477,-0.031747,21.605,23.571
25.367188,4,85,4965.70,24.3781,1.17858,612.87,49.203,14.674,721.98,33.769,30.667,-0.007027,-0.016783,-0.012315,21.581,23.571
25.371094,4,85,4954.65,24.2554,1.17135,607.75,49.181,14.765,726.14,33.773,30.670,0.077200,0.083022,0.043860,21.642,23.571
25.375000,4,85,4953.09,24.1784,1.17006,606.89,49.185,14.598,717.99,33.777,30.673,-0.073568,-0.011591,-0.018978,21.514,23.571
25.378906,4,85,4941.73,24.1513,1.15778,599.15,49.184,14.714,723.70,33.781,30.676,0.072146,0.002842,-0.032635,21.446,23.571
25.382813,4,85,4964.51,24.2952,1.17721,612.01,49.203,14.693,722.95,33.785,30.679,0.087124,0.021410,-0.009733,21.556,23.571
25.386719,4,85,4945.35,24.2111,1.17870,610.42,49.187,14.642,720.21,33.789,30.682,-0.006890,-0.023868,-0.011356,21.422,23.571
25.390625,4,85,4953.06,24.2135,1.18143,612.79,49.189,14.749,725.49,33.793,30.685,0.035060,0.072237,0.033079,21.473,23.571
25.394531,4,85,4942.54,24.0415,1.15629,598.48,49.213,14.572,717.11,33.797,30.688,-0.059085,0.005209,-0.032239,21.540,23.571
25.398438,4,85,4951.04,24.1552,1.15690,599.82,49.167,14.721,723.77,33.801,30.691,-0.080037,0.004921,-0.044009,21.518,23.571
25.402344,4,85,4950.58,24.1611,1.16237,602.60,49.182,14.733,724.57,33.804,30.694,-0.029502,0.024201,-0.007122,21.592,23.571
25.406250,4,85,4945.68,24.1064,1.16316,602.41,49.203,14.665,721.56,33.808,30.697,0.095448,0.042315,0.009219,21.431,23.571
25.410156,4,85,4956.53,24.3557,1.16776,606.12,49.193,14.738,725.01,33.812,30.700,0.086710,0.083086,0.041539,21.485,23.571
25.414063,4,85,4959.09,24.2909,1.18551,615.65,49.193,14.775,726.84,33.816,30.703,-0.020157,-0.065538,0.028428,21.492,23.571
25.417969,4,85,4955.09,24.2423,1.16165,602.78,49.191,14.594,717.89,33.820,30.705,0.099040,0.066377,0.028707,21.528,23.571
25.421875,4,85,4955.40,24.3231,1.15353,598.60,49.201,14.663,721.44,33.824,30.708,-0.033767,-0.082454,0.045074,21.603,23.571
25.425781,4,85,4945.02,24.0897,1.15326,597.20,49.177,14.661,720.99,33.828,30.711,-0.022741,-0.069681,0.036336,21.556,23.571
25.429688,4,85,4949.87,24.1510,1.15440,598.38,49.208,14.597,718.29,33.832,30.714,-0.061294,0.006897,-0.029068,21.460,23.571
25.433594,4,85,4946.46,24.1781,1.18419,613.40,49.191,14.670,721.63,33.836,30.717,-0.080616,0.001132,-0.034325,21.445,23.571
25.437500,4,85,4956.03,24.1778,1.16485,604.55,49.172,14.763,725.91,33.840,30.720,0.101478,0.062640,0.027650,21.559,23.571
25.441406,4,85,4962.36,24.3661,1.16778,606.84,49.185,14.795,727.71,33.844,30.723,0.101648,0.058791,0.021381,21.538,23.571
25.445313,4,85,4954.46,24.1073,1.17767,611.01,49.172,14.742,724.91,33.847,30.726,0.095774,0.074315,0.035394,21.691,23.571
25.449219,4,85,4955.07,24.2663,1.16204,602.98,49.218,14.593,718.22,33.851,30.729,-0.064804,-0.025129,-0.005954,21.570,23.571
25.453125,4,85,4961.69,24.2294,1.16972,607.77,49.174,14.746,725.11,33.855,30.732,-0.076190,0.004999,-0.043995,21.385,23.570
25.457031,4,85,4961.36,24.3804,1.16593,605.76,49.198,14.646,720.54,33.859,30.735,0.040633,0.068771,0.035301,21.633,23.570
25.460938,4,85,4963.06,24.3117,1.18990,618.43,49.194,14.738,725.04,33.863,30.738,0.067710,0.088152,0.041630,21.559,23.570
25.464844,4,85,4955.31,24.2078,1.18665,615.77,49.201,14.717,724.09,33.867,30.741,0.088382,0.080870,0.042216,21.676,23.570
25.468750,4,85,4950.31,24.2494,1.17856,610.96,49.210,14.700,723.40,33.871,30.744,0.048896,-0.004012,-0.042926,21.413,23.570
25.472656,4,85,4949.42,24.0163,1.17394,608.46,49.188,14.675,721.82,33.875,30.747,0.075629,0.010783,-0.027158,21.570,23.570
25.476563,4,85,4946.07,24.1365,1.15539,598.43,49.200,14.743,725.37,33.879,30.749,0.101218,0.068248,0.031194,21.594,23.570
25.480469,4,85,4961.44,24.3021,1.18204,614.14,49.198,14.679,722.18,33.882,30.752,0.018506,0.054801,0.023848,21.631,23.570
25.484375,4,85,4951.67,24.1239,1.16432,603.74,49.197,14.651,720.80,33.886,30.755,0.100450,0.052287,0.016315,21.490,23.570
25.488281,4,85,4958.34,24.3063,1.16583,605.34,49.203,14.681,722.32,33.890,30.758,0.034426,-0.003102,-0.044543,21.501,23.570
25.492188,4,85,4957.81,24.2665,1.17319,609.10,49.208,14.623,719.59,33.894,30.761,-0.002136,-0.019357,-0.017309,21.578,23.570
25.496094,4,85,4944.96,24.0560,1.14740,594.17,49.154,14.815,728.20,33.898,30.764,0.059552,-0.000742,-0.037895,21.563,23.570
25.500000,4,85,4962.55,24.1603,1.17451,610.37,49.204,14.654,721.03,33.902,30.767,0.079740,0.085640,0.044455,21.557,23.570
25.503906,4,85,4957.33,24.2395,1.16787,606.27,49.180,14.656,720.78,33.906,30.770,0.097126,0.039856,0.007444,21.555,23.570
25.507813,4,85,4947.80,24.2296,1.17324,607.89,49.205,14.608,718.80,33.909,30.773,-0.012932,-0.033103,0.004956,21.475,23.570
25.511719,4,85,4953.80,24.2446,1.16654,605.16,49.182,14.702,723.08,33.913,30.776,0.036028,-0.002777,-0.045479,21.458,23.570
25.515625,4,85,4948.97,24.1259,1.17122,606.99,49.164,14.711,723.25,33.917,30.778,-0.034380,-0.082750,0.045818,21.643,23.570
25.519531,4,85,4944.18,24.0509,1.16822,604.85,49.223,14.589,718.13,33.921,30.781,-0.065280,0.006477,-0.034626,21.407,23.570
25.523438,4,85,4941.95,24.1162,1.16748,604.19,49.190,14.522,714.31,33.925,30.784,0.071408,0.003679,-0.029284,21.420,23.570
25.527344,4,85,4951.60,24.1649,1.18400,613.94,49.213,14.722,724.53,33.929,30.787,-0.058733,-0.040810,0.009747,21.560,23.570
25.531250,4,85,4953.42,24.1493,1.17141,607.63,49.190,14.757,725.90,33.932,30.790,-0.084101,0.000163,-0.039165,21.571,23.570
25.535156,4,85,4958.57,24.4304,1.18109,613.29,49.166,14.768,726.10,33.936,30.793,0.053213,-0.002840,-0.042609,21.523,23.570
25.539063,4,85,4954.34,24.1991,1.18276,613.64,49.239,14.611,719.42,33.940,30.796,-0.080813,0.003496,-0.042942,21.637,23.570
25.542969,4,85,4952.59,24.1868,1.16756,605.54,49.181,14.731,724.50,33.944,30.799,0.007178,-0.007399,-0.027451,21.581,23.570
25.546875,4,85,4949.82,24.2393,1.17568,609.41,49.203,14.739,725.22,33.948,30.802,-0.027825,-0.079166,0.041634,21.499,23.570
25.550781,4,85,4949.78,24.0725,1.16123,601.91,49.202,14.592,717.94,33.952,30.804,-0.075094,0.001874,-0.045544,21.459,23.570
25.554688,4,85,4952.77,24.2776,1.16245,602.91,49.175,14.742,724.92,33.956,30.807,-0.011393,-0.022835,-0.006288,21.627,23.570
25.558594,4,85,4952.78,24.2698,1.17623,610.06,49.212,14.698,723.31,33.959,30.810,-0.078471,-0.002079,-0.033294,21.593,23.570
25.562500,4,85,4953.89,24.2791,1.16589,604.83,49.193,14.716,723.93,33.963,30.813,-0.029428,-0.080826,0.044937,21.743,23.570
25.566406,4,85,4949.86,24.2196,1.15458,598.47,49.199,14.699,723.18,33.967,30.816,0.097162,0.053759,0.019975,21.406,23.569
25.570313,4,85,4946.50,24.1731,1.17285,607.53,49.184,14.631,719.63,33.971,30.819,0.065213,0.085544,0.042700,21.528,23.569
25.574219,4,85,4959.68,24.2978,1.17993,612.83,49.194,14.710,723.62,33.975,30.822,0.022534,0.056584,0.024309,21.540,23.569
25.578125,4,85,4943.87,24.1291,1.17041,605.95,49.201,14.626,719.63,33.978,30.824,-0.030167,-0.085228,0.048033,21.436,23.569
25.582031,4,85,4957.74,24.3614,1.17303,609.01,49.168,14.682,721.88,33.982,30.827,-0.082071,0.001981,-0.046807,21.548,23.569
25.585938,4,85,4960.36,24.2375,1.17475,610.22,49.215,14.675,722.23,33.986,30.830,0.074095,0.004756,-0.028295,21.629,23.569
25.589844,4,85,4958.33,24.2669,1.18475,615.16,49.188,14.584,717.34,33.990,30.833,-0.067851,-0.022439,-0.005969,21.548,23.569
25.593750,4,85,4957.47,24.2444,1.16087,602.66,49.192,14.756,725.88,33.994,30.836,-0.050884,-0.053741,0.020243,21.545,23.569
25.597656,4,85,4961.93,24.2543,1.17261,609.31,49.206,14.550,715.94,33.997,30.839,-0.057532,0.006904,-0.027251,21.567,23.569
25.601563,4,85,4948.36,24.1689,1.16672,604.58,49.205,14.654,721.07,34.001,30.841,-0.004165,-0.015170,-0.010901,21.492,23.569
25.605469,4,85,4959.20,24.3020,1.17664,611.06,49.195,14.665,721.46,34.005,30.844,0.009968,-0.001155,-0.035382,21.606,23.569
25.609375,4,85,4963.86,24.3481,1.17905,612.89,49.196,14.797,727.98,34.009,30.847,-0.058937,-0.039530,0.007599,21.569,23.569
25.613281,4,85,4953.81,24.1671,1.17729,610.74,49.212,14.652,721.02,34.013,30.850,-0.069412,-0.018774,-0.012440,21.622,23.569
25.617188,4,85,4963.44,24.3681,1.17782,612.20,49.211,14.710,723.91,34.017,30.853,0.097257,0.062586,0.027177,21.662,23.569
25.621094,4,85,4954.72,24.2119,1.17422,609.25,49.213,14.592,718.12,34.020,30.856,-0.076297,-0.005376,-0.025818,21.575,23.569
25.625000,4,85,4950.12,24.1918,1.15524,598.85,49.200,14.741,725.26,34.024,30.859,0.092612,0.083105,0.039339,21.466,23.569
25.628906,4,85,4960.64,24.2244,1.17627,611.05,49.174,14.742,724.94,34.028,30.861,-0.037311,0.017715,-0.015462,21.547,23.569
25.632813,4,85,4961.17,24.2075,1.17552,610.72,49.185,14.910,733.35,34.032,30.864,-0.016040,-0.044237,0.014859,21.591,23.569
25.636719,4,85,4956.14,24.1755,1.17840,611.60,49.205,14.764,726.47,34.036,30.867,-0.048576,-0.062765,0.026293,21.550,23.569
25.640625,4,85,4947.56,24.1353,1.15836,600.15,49.194,14.701,723.19,34.040,30.870,0.046980,-0.002371,-0.043715,21.431,23.569
25.644531,4,85,4958.08,24.3240,1.16898,606.94,49.175,14.798,727.68,34.043,30.873,0.094356,0.075799,0.035990,21.644,23.569
25.648438,4,85,4967.05,24.4931,1.18169,614.65,49.182,14.816,728.68,34.047,30.876,0.056947,-0.004774,-0.038956,21.596,23.569
25.652344,4,85,4958.03,24.2655,1.16679,605.80,49.183,14.690,722.51,34.051,30.879,-0.077124,-0.009306,-0.025909,21.644,23.569
25.656250,4,85,4968.93,24.4926,1.17961,613.81,49.193,14.801,728.11,34.055,30.882,-0.072070,-0.011140,-0.017533,21.626,23.569
25.660156,4,85,4959.77,24.3234,1.17251,608.99,49.234,14.566,717.14,34.059,30.884,0.100147,0.072827,0.031008,21.503,23.569
25.664063,4,85,4954.87,24.1691,1.17122,607.71,49.226,14.562,716.82,34.062,30.887,0.015636,-0.003676,-0.040634,21.516,23.569
25.667969,4,85,4958.93,24.3164,1.17392,609.62,49.167,14.869,731.07,34.066,30.890,-0.007552,-0.019524,-0.013986,21.477,23.569
25.671875,4,85,4960.56,24.3269,1.17237,609.01,49.166,14.800,727.65,34.070,30.893,-0.012293,-0.025234,-0.001660,21.457,23.569
25.675781,4,85,4964.03,24.3152,1.16452,605.36,49.191,14.825,729.26,34.074,30.896,0.073102,0.005020,-0.031384,21.501,23.569
25.679688,4,85,4944.65,24.2113,1.16949,605.56,49.172,14.792,727.35,34.078,30.899,0.058048,-0.001831,-0.041728,21.530,23.568
25.683594,4,85,4955.83,24.2017,1.17732,611.00,49.196,14.715,723.92,34.082,30.902,0.007351,-0.008864,-0.030304,21.594,23.568
25.687500,4,85,4957.85,24.3011,1.18129,613.31,49.232,14.725,724.96,34.085,30.904,-0.031602,-0.088412,0.046479,21.631,23.568
25.691406,4,85,4949.91,24.2526,1.16410,603.41,49.205,14.653,720.99,34.089,30.907,-0.017361,-0.057842,0.027738,21.546,23.568
25.695313,4,85,4957.59,24.2664,1.17709,611.09,49.220,14.718,724.41,34.093,30.910,0.092654,0.081093,0.041488,21.691,23.568
25.699219,4,85,4956.35,24.2578,1.17875,611.80,49.170,14.789,727.17,34.097,30.913,-0.053022,0.012887,-0.022375,21.592,23.568
25.703125,4,85,4964.99,24.3266,1.18243,614.78,49.195,14.631,719.76,34.100,30.916,-0.037680,0.018573,-0.014903,21.701,23.568
25.707031,4,85,4961.58,24.2262,1.17167,608.77,49.185,14.711,723.57,34.104,30.918,-0.084031,0.005702,-0.042433,21.496,23.568
25.710938,4,85,4958.02,24.3291,1.18613,615.84,49.201,14.618,719.23,34.108,30.921,-0.031466,-0.086255,0.043304,21.524,23.568
25.714844,4,85,4949.71,24.1565,1.16637,604.57,49.180,14.701,722.98,34.112,30.924,0.021603,-0.004732,-0.043370,21.537,23.568
25.718750,4,85,4957.20,24.3264,1.17341,609.14,49.219,14.650,721.05,34.115,30.927,-0.065941,0.005476,-0.033699,21.563,23.568
25.722656,4,85,4950.38,24.1985,1.17070,606.90,49.205,14.577,717.26,34.119,30.929,0.059242,0.001552,-0.037843,21.577,23.568
25.726563,4,85,4957.36,24.3332,1.16675,605.70,49.189,14.630,719.61,34.123,30.932,-0.035244,-0.085118,0.045434,21.651,23.568
25.730469,4,85,4952.51,24.1762,1.17271,608.20,49.184,14.624,719.27,34.126,30.935,-0.080663,0.003677,-0.047893,21.721,23.568
25.734375,4,85,4950.03,24.2320,1.17488,609.02,49.176,14.624,719.14,34.130,30.938,0.089433,0.085205,0.043903,21.520,23.568
25.738281,4,85,4949.21,24.2750,1.15925,600.82,49.173,14.782,726.89,34.134,30.941,0.070799,0.084391,0.047503,21.486,23.568
25.742188,4,85,4954.80,24.3040,1.17025,607.20,49.186,14.728,724.40,34.138,30.943,-0.079740,0.001308,-0.040344,21.641,23.568
25.746094,4,85,4959.77,24.2781,1.17317,609.33,49.188,14.713,723.69,34.142,30.946,0.076364,0.010008,-0.023734,21.517,23.568
25.750000,4,85,4964.64,24.3154,1.18075,613.87,49.225,14.675,722.38,34.145,30.949,-0.052379,-0.059177,0.022244,21.498,23.568
25.753906,4,85,4956.29,24.2299,1.15720,600.61,49.179,14.855,730.57,34.149,30.952,0.001702,-0.010282,-0.031108,21.700,23.568
25.757813,4,85,4973.74,24.3767,1.17498,611.99,49.208,14.862,731.34,34.153,30.955,0.090297,0.025926,-0.006015,21.482,23.568
25.761719,4,85,4960.98,24.2862,1.17168,608.70,49.175,14.799,727.74,34.157,30.957,0.060665,0.081505,0.044307,21.639,23.568
25.765625,4,85,4958.75,24.2174,1.17447,609.88,49.165,14.718,723.61,34.160,30.960,-0.004796,-0.011645,-0.018744,21.682,23.568
25.769531,4,85,4959.40,24.2769,1.17097,608.14,49.192,14.691,722.66,34.164,30.963,0.037892,0.075178,0.038138,21.588,23.568
25.773438,4,85,4963.58,24.3683,1.16862,607.43,49.199,14.623,719.43,34.168,30.966,0.101040,0.071947,0.031285,21.611,23.568
25.777344,4,85,4966.47,24.3622,1.18429,615.94,49.196,14.766,726.44,34.172,30.969,-0.061705,-0.026482,-0.006214,21.538,23.568
25.781250,4,85,4951.44,24.1962,1.16976,606.54,49.193,14.722,724.25,34.175,30.971,-0.029542,-0.083048,0.045561,21.467,23.568
25.785156,4,85,4965.08,24.2923,1.16998,608.32,49.178,14.749,725.34,34.179,30.974,-0.074939,-0.005265,-0.029407,21.705,23.568
25.789063,4,85,4958.99,24.4090,1.16268,603.78,49.198,14.742,725.28,34.183,30.977,-0.012813,-0.034502,0.007535,21.520,23.567
25.792969,4,85,4951.98,24.3001,1.16989,606.67,49.210,14.677,722.25,34.187,30.980,-0.078454,-0.001375,-0.037327,21.632,23.567
25.796875,4,85,4958.86,24.2972,1.18686,616.32,49.184,14.744,725.16,34.190,30.982,0.058385,0.083195,0.041907,21.507,23.567
25.800781,4,85,4956.63,24.2966,1.16389,604.12,49.204,14.694,723.01,34.194,30.985,-0.006428,-0.016395,-0.018331,21.673,23.567
25.804688,4,85,4963.12,24.3454,1.18983,618.40,49.175,14.698,722.76,34.198,30.988,-0.020999,-0.072668,0.036159,21.608,23.567
25.808594,4,85,4949.20,24.0086,1.16123,601.84,49.211,14.594,718.19,34.201,30.991,-0.067951,0.001678,-0.043356,21.643,23.567
25.812500,4,85,4964.02,24.3956,1.16935,607.86,49.190,14.764,726.23,34.205,30.993,-0.028994,-0.085281,0.044198,21.510,23.567
25.816406,4,85,4956.33,24.3063,1.16806,606.25,49.189,14.741,725.12,34.209,30.996,-0.029319,-0.082315,0.043757,21.447,23.567
25.820313,4,85,4964.21,24.3494,1.16763,606.99,49.213,14.748,725.79,34.213,30.999,0.054927,-0.001156,-0.040555,21.505,23.567
25.824219,4,85,4961.13,24.3094,1.18617,616.25,49.197,14.761,726.19,34.216,31.002,0.055672,-0.002728,-0.040166,21.524,23.567
25.828125,4,85,4949.99,24.2088,1.17847,610.87,49.184,14.725,724.24,34.220,31.005,-0.080520,0.006162,-0.043512,21.517,23.567
25.832031,4,85,4959.17,24.2418,1.17171,608.50,49.207,14.665,721.64,34.224,31.007,0.079954,0.085900,0.044982,21.671,23.567
25.835938,4,85,4956.23,24.2878,1.16922,606.84,49.180,14.665,721.24,34.228,31.010,0.101495,0.062867,0.030202,21.528,23.567
25.839844,4,85,4967.62,24.3318,1.18385,615.85,49.199,14.743,725.35,34.231,31.013,0.009879,-0.002734,-0.038175,21.604,23.567
25.843750,4,85,4958.77,24.2656,1.16987,607.49,49.190,14.768,726.46,34.235,31.015,-0.061894,0.007473,-0.033214,21.555,23.567
25.847656,4,85,4955.46,24.3225,1.18037,612.54,49.200,14.689,722.69,34.239,31.018,-0.078163,-0.000021,-0.039395,21.549,23.567
25.851563,4,85,4951.23,24.1919,1.17859,611.09,49.187,14.655,720.82,34.242,31.021,0.059863,-0.000389,-0.040356,21.637,23.567
25.855469,4,85,4960.76,24.2623,1.17917,612.57,49.204,14.825,729.46,34.246,31.024,-0.069524,-0.022281,-0.006104,21.641,23.567
25.859375,4,85,4964.36,24.3956,1.17160,609.08,49.196,14.822,729.18,34.250,31.027,-0.032516,-0.086705,0.045244,21.499,23.567
25.863281,4,85,4962.02,24.3778,1.18426,615.37,49.195,14.703,723.31,34.254,31.029,-0.052877,0.009004,-0.028625,21.642,23.567
25.867188,4,85,4949.85,24.2135,1.15459,598.48,49.204,14.822,729.28,34.257,31.032,0.001925,0.045511,0.015672,21.464,23.567
25.871094,4,85,4947.01,24.1410,1.16543,603.75,49.201,14.681,722.34,34.261,31.035,0.075252,0.086895,0.046022,21.554,23.567
25.875000,4,85,4968.12,24.2893,1.17491,611.26,49.199,14.740,725.21,34.265,31.037,-0.019967,-0.059634,0.027055,21.614,23.567
25.878906,4,85,4959.49,24.3589,1.17389,609.67,49.211,14.647,720.81,34.268,31.040,0.091328,0.086074,0.043074,21.624,23.567
25.882813,4,85,4946.55,24.2375,1.17947,610.97,49.223,14.701,723.60,34.272,31.043,-0.078940,0.004850,-0.042892,21.464,23.567
25.886719,4,85,4958.14,24.1808,1.17834,611.81,49.172,14.752,725.41,34.276,31.046,0.099599,0.054446,0.020343,21.600,23.567
25.890625,4,85,4960.41,24.3554,1.17167,608.63,49.197,14.664,721.45,34.279,31.048,-0.012812,-0.037224,0.009278,21.612,23.567
25.894531,4,85,4959.41,24.4436,1.16852,606.87,49.187,14.675,721.80,34.283,31.051,0.020665,-0.003288,-0.040889,21.728,23.567
25.898438,4,85,4957.71,24.1642,1.16386,604.24,49.195,14.639,720.17,34.287,31.054,-0.020965,0.029484,-0.003332,21.694,23.566
25.902344,4,85,4959.15,24.2387,1.19147,618.76,49.196,14.730,724.65,34.290,31.056,-0.059848,0.006792,-0.030974,21.569,23.566
25.906250,4,85,4969.93,24.3936,1.17362,610.81,49.182,14.739,724.87,34.294,31.059,-0.072905,-0.000126,-0.038875,21.549,23.566
25.910156,4,85,4949.52,24.1517,1.16028,601.39,49.201,14.705,723.49,34.298,31.062,0.009768,-0.006195,-0.033736,21.538,23.566
25.914063,4,85,4961.02,24.2656,1.17077,608.23,49.148,14.809,727.84,34.301,31.065,-0.050591,-0.053112,0.022352,21.624,23.566
25.917969,4,85,4965.50,24.4081,1.18259,614.93,49.191,14.803,728.17,34.305,31.067,-0.037493,0.017139,-0.015038,21.671,23.566
25.921875,4,85,4957.47,24.2922,1.17393,609.44,49.187,14.824,729.13,34.309,31.070,-0.080155,0.002038,-0.037917,21.616,23.566
25.925781,4,85,4963.18,24.2102,1.17189,609.08,49.189,14.863,731.08,34.313,31.073,-0.031820,-0.086449,0.045059,21.574,23.566
25.929688,4,85,4957.71,24.1911,1.16929,607.06,49.173,14.685,722.10,34.316,31.076,-0.020679,-0.072457,0.037354,21.569,23.566
25.933594,4,85,4960.80,24.3000,1.15415,599.57,49.208,14.712,723.94,34.320,31.078,0.095049,0.040139,0.005455,21.740,23.566
25.937500,4,85,4959.59,24.4157,1.17630,610.93,49.186,14.704,723.23,34.324,31.081,0.006395,0.051048,0.020496,21.577,23.566
25.941406,4,85,4955.81,24.2286,1.17425,609.40,49.194,14.598,718.14,34.327,31.084,-0.056463,-0.046196,0.013767,21.580,23.566
25.945313,4,85,4961.58,24.2809,1.18051,613.36,49.179,14.752,725.46,34.331,31.086,-0.017614,-0.054366,0.024985,21.506,23.566
25.949219,4,85,4958.75,24.3380,1.17222,608.71,49.200,14.705,723.47,34.335,31.089,-0.031469,-0.085039,0.043656,21.499,23.566
25.953125,4,85,4964.26,24.3963,1.16579,606.04,49.189,14.874,731.62,34.338,31.092,0.051395,-0.002805,-0.041708,21.708,23.566
25.957031,4,85,4960.72,24.2486,1.17514,610.47,49.201,14.637,720.14,34.342,31.094,0.085536,0.088333,0.044440,21.682,23.566
25.960938,4,85,4957.20,24.2761,1.18046,612.80,49.170,14.714,723.46,34.346,31.097,-0.058920,0.006029,-0.028993,21.522,23.566
25.964844,4,85,4960.16,24.3234,1.17677,611.25,49.207,14.774,726.97,34.349,31.100,-0.018344,-0.058219,0.026272,21.607,23.566
25.968750,4,85,4961.62,24.3451,1.16259,604.06,49.209,14.676,722.21,34.353,31.103,-0.011013,-0.030260,-0.002487,21.622,23.566
25.972656,4,85,4952.68,24.0321,1.16326,603.32,49.190,14.651,720.70,34.357,31.105,-0.053163,0.010647,-0.025441,21.577,23.566
25.976563,4,85,4958.03,24.3835,1.17256,608.80,49.213,14.681,722.50,34.360,31.108,-0.025093,-0.077742,0.039522,21.482,23.566
25.980469,4,85,4965.76,24.3629,1.17460,610.81,49.192,14.684,722.36,34.364,31.110,0.088173,0.022876,-0.008299,21.702,23.566
25.984375,4,85,4959.77,24.1549,1.16600,605.61,49.178,14.671,721.49,34.367,31.113,-0.028346,0.026150,-0.006658,21.381,23.566
25.988281,4,85,4954.76,24.2140,1.17552,609.93,49.183,14.726,724.27,34.371,31.116,0.086327,0.087131,0.042505,21.499,23.566
25.992188,4,85,4951.95,24.1379,1.17170,607.61,49.199,14.749,725.62,34.375,31.119,0.095003,0.032686,-0.002436,21.510,23.566
25.996094,4,85,4963.90,24.2782,1.18002,613.40,49.212,14.646,720.77,34.378,31.121,-0.063175,-0.032666,-0.001895,21.695,23.566
26.000000,4,85,4956.26,24.3045,1.17031,607.41,49.177,14.714,723.60,34.382,31.124,-0.064537,-0.022178,-0.004373,21.626,23.566
26.003906,4,85,4955.09,24.2222,1.17167,607.97,49.177,14.770,726.33,34.386,31.126,-0.023104,-0.073174,0.035579,21.495,23.565
26.007813,4,85,4962.20,24.1766,1.17276,609.41,49.215,14.826,729.66,34.389,31.129,-0.037559,0.020589,-0.008602,21.669,23.565
26.011719,4,85,4956.06,24.2360,1.18378,614.38,49.203,14.767,726.61,34.393,31.132,-0.032673,-0.087668,0.046625,21.539,23.565
26.015625,4,85,4949.95,24.0934,1.15132,596.79,49.180,14.723,724.07,34.397,31.135,0.067026,0.000426,-0.033787,21.392,23.565
26.019531,4,85,4947.92,24.2282,1.17048,606.48,49.206,14.708,723.70,34.400,31.137,-0.063700,-0.028309,-0.003051,21.438,23.565
26.023438,4,85,4963.19,24.3679,1.17692,611.70,49.190,14.706,723.40,34.404,31.140,-0.046153,-0.062135,0.025565,21.705,23.565
26.027344,4,85,4963.59,24.3052,1.17449,610.48,49.224,14.702,723.71,34.407,31.143,0.095702,0.060469,0.028673,21.690,23.565
26.031250,4,85,4965.94,24.4240,1.17758,612.38,49.184,14.640,720.04,34.411,31.145,-0.018583,-0.051428,0.022861,21.744,23.565
26.035156,4,85,4965.30,24.2620,1.18326,615.26,49.166,14.702,722.83,34.415,31.148,-0.025859,-0.080086,0.038453,21.587,23.565
26.039063,4,85,4959.17,24.3196,1.18181,613.74,49.188,14.697,722.94,34.418,31.150,0.095919,0.036242,0.002433,21.497,23.565
26.042969,4,85,4969.18,24.3634,1.18952,618.99,49.174,14.746,725.11,34.422,31.153,-0.070097,0.002018,-0.037465,21.563,23.565
26.046875,4,85,4954.67,24.1506,1.16549,604.71,49.214,14.697,723.30,34.425,31.156,-0.060965,0.005078,-0.030322,21.475,23.565
26.050781,4,85,4968.11,24.2812,1.16650,606.88,49.175,14.661,720.97,34.429,31.158,0.058315,0.081207,0.042690,21.629,23.565
26.054688,4,85,4970.18,24.3445,1.17817,613.21,49.193,14.702,723.22,34.433,31.161,0.065744,0.001486,-0.040407,21.636,23.565
26.058594,4,85,4957.53,24.2976,1.16833,606.54,49.194,14.708,723.53,34.436,31.164,0.087242,0.083583,0.042002,21.671,23.565
26.062500,4,85,4952.29,24.2443,1.15331,598.11,49.199,14.797,728.02,34.440,31.166,0.098767,0.062702,0.024563,21.605,23.565
26.066406,4,85,4961.13,24.2879,1.19081,618.66,49.218,14.629,720.00,34.443,31.169,0.041753,-0.004446,-0.046494,21.587,23.565
26.070313,4,85,4960.23,24.2295,1.17847,612.14,49.215,14.644,720.72,34.447,31.171,0.078695,0.008211,-0.022430,21.470,23.565
26.074219,4,85,4967.08,24.3454,1.17904,613.28,49.180,14.625,719.26,34.450,31.174,-0.025506,-0.077953,0.042264,21.599,23.565
26.078125,4,85,4972.87,24.4078,1.19307,621.30,49.195,14.785,727.34,34.454,31.177,0.009680,-0.006835,-0.037726,21.542,23.565
26.082031,4,85,4961.50,24.3183,1.17956,612.86,49.190,14.840,729.98,34.458,31.179,-0.080368,-0.000691,-0.031989,21.570,23.565
26.085938,4,85,4957.14,24.2417,1.17332,609.08,49.174,14.672,721.46,34.461,31.182,0.098661,0.038437,0.002327,21.567,23.565
26.089844,4,85,4956.98,24.1729,1.16773,606.16,49.205,14.808,728.64,34.465,31.185,-0.011056,-0.025517,-0.001953,21.515,23.565
26.093750,4,85,4959.76,24.3753,1.17109,608.24,49.160,14.786,726.87,34.469,31.187,0.004169,0.044650,0.013618,21.594,23.565
26.097656,4,85,4956.96,24.3506,1.17960,612.32,49.187,14.666,721.37,34.472,31.190,0.077236,0.089019,0.045268,21.588,23.565
26.101563,4,85,4970.64,24.4695,1.18543,617.05,49.192,14.814,728.71,34.476,31.193,0.016865,-0.002367,-0.043583,21.632,23.565
26.105469,4,85,4953.69,24.2186,1.16482,604.25,49.208,14.594,718.17,34.479,31.195,0.045682,-0.000534,-0.043403,21.630,23.565
26.109375,4,85,4965.95,24.4963,1.18421,615.83,49.187,14.742,725.13,34.483,31.198,-0.006254,0.038153,0.007799,21.605,23.565
26.113281,4,85,4968.51,24.3078,1.18485,616.48,49.215,14.693,723.10,34.486,31.200,0.001719,-0.010110,-0.025041,21.718,23.564
26.117188,4,85,4977.87,24.4557,1.17587,612.96,49.179,14.766,726.18,34.490,31.203,-0.082876,0.004869,-0.039718,21.573,23.564
26.121094,4,85,4954.90,24.2342,1.17055,607.37,49.205,14.666,721.66,34.494,31.206,0.095235,0.078350,0.037104,21.464,23.564
26.125000,4,85,4963.74,24.3241,1.17766,612.15,49.205,14.710,723.81,34.497,31.208,0.051777,-0.005598,-0.041710,21.676,23.564
26.128906,4,85,4963.72,24.3595,1.18580,616.38,49.194,14.706,723.44,34.501,31.211,-0.034898,-0.082698,0.040555,21.687,23.564
26.132813,4,85,4953.34,24.0646,1.17031,607.06,49.211,14.645,720.71,34.504,31.213,-0.001854,-0.011376,-0.021924,21.665,23.564
26.136719,4,85,4957.87,24.1841,1.16430,604.49,49.207,14.670,721.88,34.508,31.216,-0.064921,-0.026326,-0.003229,21.572,23.564
26.140625,4,85,4964.59,24.3290,1.17327,609.97,49.206,14.678,722.22,34.511,31.219,-0.011606,0.031704,0.004784,21.462,23.564
26.144531,4,85,4966.54,24.3217,1.18867,618.22,49.197,14.772,726.76,34.515,31.221,0.096578,0.074544,0.035167,21.602,23.564
26.148438,4,85,4957.08,24.3151,1.15896,601.62,49.224,14.695,723.36,34.518,31.224,0.032416,-0.004236,-0.043822,21.587,23.564
26.152344,4,85,4961.39,24.2179,1.17381,609.86,49.215,14.720,724.45,34.522,31.226,-0.025608,-0.075813,0.039213,21.462,23.564
26.156250,4,85,4955.26,24.2480,1.15779,600.79,49.224,14.678,722.52,34.526,31.229,0.097294,0.044905,0.008222,21.650,23.564
26.160156,4,85,4957.19,24.2260,1.16121,602.80,49.159,14.833,729.18,34.529,31.232,0.022996,-0.003254,-0.043473,21.534,23.564
26.164063,4,85,4962.58,24.2504,1.17762,611.99,49.156,14.850,729.98,34.533,31.234,0.034672,0.064750,0.034090,21.666,23.564
26.167969,4,85,4948.00,24.2009,1.16866,605.55,49.198,14.656,721.05,34.536,31.237,0.008091,0.047326,0.019546,21.492,23.564
26.171875,4,85,4958.37,24.1945,1.17001,607.51,49.186,14.743,725.13,34.540,31.239,-0.079446,0.005952,-0.046136,21.544,23.564
26.175781,4,85,4963.35,24.3923,1.18293,614.84,49.216,14.661,721.55,34.543,31.242,0.035748,-0.002513,-0.043140,21.662,23.564
26.179688,4,85,4958.82,24.2807,1.17218,608.70,49.184,14.707,723.37,34.547,31.245,-0.053902,-0.047989,0.014488,21.485,23.564
26.183594,4,85,4963.41,24.3473,1.17977,613.20,49.205,14.815,728.99,34.551,31.247,0.017673,0.055352,0.023448,21.593,23.564
26.187500,4,85,4959.84,24.2707,1.17758,611.63,49.187,14.720,724.01,34.554,31.250,-0.077965,-0.003167,-0.027092,21.560,23.564
26.191406,4,85,4953.99,24.2980,1.17376,608.93,49.179,14.807,728.18,34.558,31.252,-0.023626,-0.075160,0.037658,21.592,23.564
26.195313,4,85,4960.18,24.2633,1.16478,605.02,49.203,14.804,728.42,34.561,31.255,-0.029781,-0.083866,0.046512,21.483,23.564
26.199219,4,85,4963.00,24.4095,1.16677,606.40,49.203,14.731,724.81,34.565,31.258,0.089702,0.082935,0.042902,21.568,23.564
26.203125,4,85,4950.29,24.1770,1.16229,602.52,49.178,14.543,715.18,34.568,31.260,-0.063752,0.005041,-0.036546,21.484,23.564
26.207031,4,85,4954.56,24.1536,1.17868,611.55,49.215,14.638,720.43,34.572,31.263,0.073585,0.087565,0.046824,21.592,23.564
26.210938,4,85,4956.05,24.1899,1.17488,609.76,49.190,14.638,720.04,34.575,31.265,0.053761,0.078933,0.042505,21.557,23.564
26.214844,4,85,4962.34,24.3665,1.17937,612.87,49.175,14.748,725.20,34.579,31.268,0.091843,0.080242,0.039966,21.681,23.563
26.218750,4,85,4970.09,24.4467,1.17821,613.22,49.193,14.858,730.89,34.582,31.270,-0.079088,0.004856,-0.044535,21.630,23.563
26.222656,4,85,4951.19,24.2549,1.17043,606.85,49.200,14.751,725.74,34.586,31.273,-0.059792,0.007042,-0.030951,21.601,23.563
26.226563,4,85,4964.23,24.2933,1.17627,611.49,49.172,14.755,725.55,34.590,31.275,-0.044796,0.009967,-0.021757,21.586,23.563
26.230469,4,85,4962.30,24.2845,1.17555,610.87,49.213,14.686,722.76,34.593,31.278,0.008622,-0.006266,-0.033847,21.745,23.563
26.234375,4,85,4962.03,24.2475,1.18423,615.35,49.164,14.807,728.00,34.597,31.281,-0.032078,-0.087102,0.045352,21.619,23.563
26.238281,4,85,4965.60,24.4141,1.18308,615.20,49.194,14.724,724.32,34.600,31.283,-0.015504,-0.046170,0.016474,21.605,23.563
26.242188,4,85,4960.38,24.2016,1.17139,608.48,49.197,14.530,714.82,34.604,31.286,-0.023509,-0.072448,0.032263,21.568,23.563
26.246094,4,85,4966.35,24.4045,1.17050,608.75,49.207,14.734,725.01,34.607,31.288,-0.012953,-0.031428,0.000730,21.611,23.563
26.250000,4,85,4968.33,24.4063,1.18095,614.43,49.183,14.749,725.41,34.611,31.291,-0.043137,-0.070334,0.028762,21.698,23.563
26.253906,4,85,4976.46,24.3691,1.18320,616.61,49.192,14.687,722.49,34.614,31.293,-0.022656,-0.073346,0.035515,21.703,23.563
26.257813,4,85,4968.97,24.4003,1.19686,622.79,49.176,14.875,731.49,34.618,31.296,-0.027705,-0.085184,0.042508,21.539,23.563
26.261719,4,85,4961.47,24.2369,1.17303,609.47,49.185,14.800,727.93,34.621,31.299,-0.037606,-0.080064,0.043209,21.593,23.563
26.265625,4,85,4962.38,24.2656,1.16833,607.13,49.189,14.801,728.05,34.625,31.301,0.032806,-0.001482,-0.045256,21.617,23.563
26.269531,4,85,4972.97,24.3539,1.17634,612.60,49.168,14.836,729.46,34.628,31.304,0.056320,-0.002785,-0.042269,21.735,23.563
26.273438,4,85,4963.85,24.3490,1.17529,610.93,49.179,14.808,728.26,34.632,31.306,-0.042986,-0.078369,0.036011,21.527,23.563
26.277344,4,85,4958.11,24.3676,1.17820,611.73,49.164,14.634,719.47,34.635,31.309,-0.008052,-0.020727,-0.012961,21.613,23.563
26.281250,4,85,4947.77,24.1795,1.17584,609.24,49.223,14.587,718.03,34.639,31.311,0.084449,0.019920,-0.014148,21.528,23.563
26.285156,4,85,4967.75,24.3702,1.19061,619.38,49.200,14.754,725.89,34.642,31.314,0.051466,-0.002643,-0.040776,21.649,23.563
26.289063,4,85,4970.29,24.4713,1.17454,611.33,49.214,14.591,718.07,34.646,31.316,-0.075975,-0.013371,-0.018612,21.559,23.563
26.292969,4,85,4970.56,24.3260,1.17219,610.14,49.174,14.842,729.83,34.649,31.319,0.096975,0.046688,0.013713,21.592,23.563
26.296875,4,85,4951.57,24.2815,1.16468,603.92,49.199,14.677,722.10,34.653,31.321,0.099110,0.042546,0.011892,21.524,23.563
26.300781,4,85,4968.56,24.3135,1.18117,614.57,49.194,14.761,726.15,34.656,31.324,-0.018779,0.028323,-0.001865,21.578,23.563
26.304688,4,85,4967.83,24.3727,1.17361,610.55,49.185,14.814,728.65,34.660,31.327,-0.020591,0.028676,0.002169,21.596,23.563
26.308594,4,85,4953.69,24.1332,1.17587,609.98,49.168,14.752,725.33,34.663,31.329,0.076968,0.087710,0.044766,21.580,23.563
26.312500,4,85,4961.73,24.3223,1.18009,613.16,49.199,14.738,725.08,34.667,31.332,-0.042752,0.017807,-0.016086,21.579,23.563
26.316406,4,85,4958.32,24.3116,1.16492,604.87,49.235,14.709,724.20,34.670,31.334,-0.078629,-0.005142,-0.027797,21.459,23.563
26.320313,4,85,4963.89,24.2589,1.17194,609.19,49.207,14.780,727.29,34.674,31.337,-0.021364,-0.067694,0.035496,21.621,23.562
26.324219,4,85,4961.78,24.2838,1.16161,603.57,49.199,14.748,725.59,34.677,31.339,-0.042672,0.010941,-0.019836,21.591,23.562
26.328125,4,85,4963.19,24.3008,1.18026,613.43,49.209,14.771,726.86,34.681,31.342,-0.070253,0.002537,-0.042941,21.657,23.562
26.332031,4,85,4959.40,24.2159,1.18408,614.95,49.199,14.705,723.48,34.684,31.344,-0.022209,-0.068874,0.033155,21.659,23.562
26.335938,4,85,4963.51,24.2672,1.17597,611.24,49.184,14.671,721.55,34.688,31.347,-0.042909,-0.067432,0.029181,21.507,23.562
26.339844,4,85,4960.49,24.2527,1.16760,606.52,49.209,14.619,719.42,34.691,31.349,-0.046542,-0.069978,0.027020,21.603,23.562
26.343750,4,85,4953.57,24.2968,1.16259,603.08,49.219,14.551,716.18,34.695,31.352,-0.034926,0.017273,-0.013893,21.562,23.562
26.347656,4,85,4967.29,24.3614,1.18264,615.18,49.194,14.814,728.75,34.698,31.354,0.059072,0.001859,-0.038693,21.565,23.562
26.351563,4,85,4968.33,24.3340,1.18293,615.45,49.180,14.860,730.82,34.702,31.357,0.060520,0.080657,0.041381,21.631,23.562
26.355469,4,85,4970.32,24.3135,1.17268,610.37,49.186,14.763,726.14,34.705,31.359,0.072077,0.007146,-0.028959,21.536,23.562
26.359375,4,85,4966.47,24.3522,1.18014,613.77,49.186,14.709,723.50,34.709,31.362,-0.065727,0.007084,-0.034992,21.693,23.562
26.363281,4,85,4950.78,24.2430,1.16843,605.77,49.199,14.634,719.98,34.712,31.364,0.045799,-0.005276,-0.044301,21.485,23.562
26.367188,4,85,4959.41,24.3171,1.17597,610.74,49.186,14.801,728.02,34.716,31.367,-0.006330,-0.019672,-0.013943,21.588,23.562
26.371094,4,85,4968.07,24.3343,1.18343,615.69,49.204,14.739,725.24,34.719,31.369,-0.026715,-0.082205,0.043522,21.705,23.562
26.375000,4,85,4961.43,24.3488,1.17084,608.32,49.204,14.739,725.20,34.722,31.372,-0.010586,0.032123,0.004336,21.585,23.562
26.378906,4,85,4968.15,24.4538,1.17133,609.40,49.193,14.859,730.97,34.726,31.374,0.080877,0.009426,-0.022114,21.664,23.562
26.382813,4,85,4971.02,24.3501,1.16219,604.99,49.195,14.720,724.14,34.729,31.377,-0.081026,0.003724,-0.046800,21.675,23.562
26.386719,4,85,4954.14,24.2052,1.16765,605.77,49.199,14.713,723.89,34.733,31.379,-0.073434,-0.017083,-0.015963,21.615,23.562
26.390625,4,85,4971.99,24.3715,1.17168,610.05,49.175,14.758,725.74,34.736,31.382,-0.056668,0.007269,-0.031644,21.687,23.562
26.394531,4,85,4969.22,24.3536,1.17779,612.89,49.180,14.748,725.32,34.740,31.384,0.021761,0.058290,0.029439,21.548,23.562
26.398438,4,85,4968.71,24.3841,1.16840,607.94,49.190,14.647,720.51,34.743,31.387,0.088710,0.084681,0.042038,21.580,23.562
26.402344,4,85,4977.28,24.4648,1.18367,616.95,49.170,14.878,731.57,34.747,31.389,0.097777,0.034691,0.003393,21.750,23.562
26.406250,4,85,4956.50,24.2919,1.17955,612.23,49.196,14.780,727.13,34.750,31.392,0.012903,-0.003779,-0.037136,21.684,23.562
26.410156,4,85,4952.96,24.1862,1.17646,610.20,49.177,14.706,723.18,34.754,31.394,0.101187,0.070265,0.034785,21.568,23.562
26.414063,4,85,4965.19,24.2924,1.18295,615.08,49.177,14.699,722.85,34.757,31.397,-0.075324,0.002088,-0.044232,21.721,23.562
26.417969,4,85,4965.66,24.2864,1.17166,609.27,49.184,14.680,722.03,34.761,31.399,0.013618,-0.004680,-0.035406,21.578,23.562
26.421875,4,85,4958.84,24.2865,1.19107,618.51,49.202,14.804,728.39,34.764,31.402,-0.063612,-0.032624,0.003797,21.567,23.561
26.425781,4,85,4965.05,24.2870,1.17167,609.20,49.177,14.768,726.27,34.767,31.404,-0.075959,-0.008229,-0.023799,21.648,23.561
26.429688,4,85,4961.98,24.2655,1.17160,608.78,49.202,14.747,725.59,34.771,31.407,-0.071995,-0.013875,-0.012531,21.597,23.561
26.433594,4,85,4964.79,24.3429,1.18614,616.69,49.171,14.748,725.14,34.774,31.409,0.057186,0.000145,-0.042035,21.632,23.561
26.437500,4,85,4970.13,24.4406,1.17513,611.62,49.205,14.795,727.98,34.778,31.412,-0.013097,0.035922,0.008009,21.466,23.561
26.441406,4,85,4967.25,24.2518,1.17113,609.19,49.197,14.735,724.89,34.781,31.414,0.032323,0.069081,0.032798,21.564,23.561
26.445313,4,85,4970.92,24.3940,1.17970,614.10,49.152,14.892,731.96,34.785,31.417,-0.013841,0.036514,0.006474,21.532,23.561
26.449219,4,85,4965.42,24.3192,1.18080,613.99,49.185,14.739,724.94,34.788,31.419,-0.074329,0.003152,-0.042259,21.540,23.561
26.453125,4,85,4964.27,24.2359,1.16306,604.62,49.180,14.825,729.07,34.792,31.422,-0.054112,-0.051059,0.017481,21.549,23.561
26.457031,4,85,4963.95,24.2469,1.18712,617.09,49.187,14.662,721.17,34.795,31.424,-0.074813,0.004578,-0.041521,21.562,23.561
26.460938,4,85,4964.31,24.2865,1.16817,607.29,49.213,14.796,728.16,34.799,31.427,0.026928,0.001107,-0.046122,21.492,23.561
26.464844,4,85,4961.17,24.3221,1.17124,608.50,49.190,14.743,725.19,34.802,31.429,0.063792,-0.000006,-0.037374,21.565,23.561
26.468750,4,85,4954.79,24.2141,1.17353,608.90,49.176,14.645,720.18,34.805,31.432,-0.083831,0.003533,-0.036012,21.516,23.561
26.472656,4,85,4956.56,24.4006,1.16005,602.12,49.182,14.622,719.15,34.809,31.434,-0.062338,0.005075,-0.033944,21.556,23.561
26.476563,4,85,4963.70,24.2576,1.16734,606.78,49.216,14.709,723.91,34.812,31.436,0.019067,-0.005581,-0.042927,21.616,23.561
26.480469,4,85,4955.29,24.0852,1.16477,604.42,49.170,14.826,729.01,34.816,31.439,-0.000340,0.044240,0.012610,21.505,23.561
26.484375,4,85,4969.75,24.3322,1.17301,610.47,49.163,14.930,734.00,34.819,31.441,-0.054699,-0.048425,0.012090,21.566,23.561
26.488281,4,85,4961.88,24.3774,1.17622,611.17,49.193,14.797,727.92,34.823,31.444,-0.025461,-0.071167,0.037335,21.624,23.561
26.492188,4,85,4955.83,24.2969,1.16536,604.79,49.194,14.695,722.90,34.826,31.446,0.100376,0.042470,0.010160,21.574,23.561
26.496094,4,85,4960.79,24.2773,1.15861,601.89,49.182,14.825,729.13,34.829,31.449,-0.060829,-0.036723,0.002283,21.400,23.561
26.500000,4,85,4970.47,24.3414,1.17296,610.53,49.172,14.798,727.63,34.833,31.451,0.056112,-0.004218,-0.041149,21.566,23.561
26.503906,4,85,4977.63,24.4179,1.17292,611.39,49.174,14.875,731.46,34.836,31.454,-0.082448,0.001681,-0.037135,21.624,23.561
26.507813,4,85,4960.91,24.3004,1.18727,616.79,49.182,14.662,721.13,34.840,31.456,-0.069882,-0.021852,-0.007977,21.598,23.561
26.511719,4,85,4966.13,24.4052,1.17137,609.18,49.216,14.683,722.64,34.843,31.459,0.025823,-0.003830,-0.045496,21.679,23.561
26.515625,4,85,4962.63,24.4509,1.17758,611.97,49.202,14.744,725.41,34.847,31.461,0.092479,0.079640,0.040102,21.544,23.561
26.519531,4,85,4960.95,24.3336,1.17444,610.13,49.187,14.705,723.30,34.850,31.463,-0.063161,-0.029838,-0.000381,21.637,23.561
26.523438,4,85,4965.53,24.2800,1.17327,610.09,49.170,14.836,729.49,34.853,31.466,0.057631,0.081041,0.043001,21.542,23.560
26.527344,4,85,4962.54,24.3426,1.17498,610.61,49.221,14.744,725.74,34.857,31.468,0.055304,0.080575,0.044604,21.452,23.560
26.531250,4,85,4974.38,24.5030,1.18815,618.93,49.203,14.749,725.70,34.860,31.471,-0.035404,-0.084108,0.041927,21.731,23.560
26.535156,4,85,4962.34,24.3376,1.18698,616.82,49.200,14.762,726.30,34.864,31.473,-0.039688,-0.084967,0.042115,21.552,23.560
26.539063,4,85,4965.52,24.2901,1.18719,617.32,49.185,14.672,721.64,34.867,31.476,0.027059,-0.004976,-0.046509,21.645,23.560
26.542969,4,85,4953.72,24.1730,1.18502,614.73,49.203,14.726,724.55,34.870,31.478,-0.010839,-0.025662,-0.005453,21.549,23.560
26.546875,4,85,4955.86,24.2632,1.17257,608.53,49.177,14.617,718.83,34.874,31.480,-0.066691,-0.027745,-0.002981,21.612,23.560
26.550781,4,85,4955.56,24.2836,1.17180,608.10,49.189,14.700,723.09,34.877,31.483,-0.058201,0.007910,-0.025726,21.524,23.560
26.554688,4,85,4959.99,24.2535,1.18286,614.39,49.193,14.749,725.55,34.880,31.485,0.096852,0.048086,0.012088,21.546,23.560
26.558594,4,85,4966.52,24.4196,1.17474,610.98,49.185,14.740,724.98,34.884,31.488,0.003882,-0.003570,-0.030937,21.538,23.560
26.562500,4,85,4958.64,24.3103,1.18417,614.90,49.193,14.669,721.62,34.887,31.490,0.084715,0.013963,-0.017090,21.636,23.560
26.566406,4,85,4961.13,24.2932,1.17102,608.38,49.178,14.709,723.34,34.891,31.493,-0.048290,-0.062212,0.023112,21.707,23.560
26.570313,4,85,4957.52,24.2655,1.16703,605.86,49.182,14.755,725.67,34.894,31.495,0.011862,-0.002645,-0.037683,21.634,23.560
26.574219,4,85,4958.62,24.2270,1.17409,609.67,49.175,14.805,728.03,34.897,31.497,0.098857,0.040002,0.005943,21.473,23.560
26.578125,4,85,4966.99,24.3990,1.16685,606.93,49.183,14.887,732.17,34.901,31.500,0.088376,0.018948,-0.009736,21.642,23.560
26.582031,4,85,4964.90,24.3305,1.18473,615.97,49.180,14.819,728.81,34.904,31.502,-0.038341,-0.079642,0.041411,21.646,23.560
26.585938,4,85,4960.19,24.2304,1.16280,603.99,49.189,14.791,727.56,34.908,31.505,-0.074501,0.001433,-0.041938,21.688,23.560
26.589844,4,85,4960.92,24.2890,1.17672,611.31,49.185,14.715,723.75,34.911,31.507,-0.019509,-0.058108,0.026149,21.609,23.560
26.593750,4,85,4966.28,24.4052,1.17749,612.38,49.203,14.773,726.88,34.914,31.510,0.097452,0.035215,0.002794,21.604,23.560
26.597656,4,85,4965.78,24.4141,1.17237,609.65,49.224,14.665,721.89,34.918,31.512,0.048886,-0.003393,-0.041456,21.691,23.560
26.601563,4,85,4964.64,24.3725,1.16698,606.71,49.197,14.656,721.03,34.921,31.514,0.091212,0.078790,0.039829,21.572,23.560
26.605469,4,85,4966.50,24.3055,1.15567,601.05,49.190,14.788,727.41,34.924,31.517,0.067129,0.000356,-0.031362,21.689,23.560
26.609375,4,85,4978.07,24.5331,1.19084,620.79,49.217,14.819,729.33,34.928,31.519,-0.070347,-0.021560,-0.010280,21.622,23.560
26.613281,4,85,4966.97,24.4184,1.17306,610.16,49.218,14.602,718.70,34.931,31.522,0.097278,0.077239,0.038957,21.521,23.560
26.617188,4,85,4965.28,24.2645,1.18877,618.11,49.192,14.703,723.25,34.934,31.524,-0.062962,-0.033936,0.004963,21.714,23.560
26.621094,4,85,4973.06,24.3589,1.18029,614.67,49.184,14.842,729.97,34.938,31.526,-0.015061,-0.041006,0.013043,21.612,23.560
26.625000,4,85,4964.98,24.3824,1.17175,609.23,49.193,14.881,732.03,34.941,31.529,0.091064,0.027812,-0.005634,21.538,23.559
26.628906,4,85,4967.14,24.2622,1.18392,615.82,49.190,14.826,729.28,34.945,31.531,-0.018579,-0.052042,0.020072,21.613,23.559
26.632813,4,85,4968.43,24.4421,1.17691,612.34,49.192,14.753,725.72,34.948,31.534,0.009618,-0.008783,-0.033881,21.565,23.559
26.636719,4,85,4954.72,24.2783,1.17574,610.04,49.193,14.689,722.59,34.951,31.536,-0.039847,-0.076841,0.035488,21.616,23.559
26.640625,4,85,4948.53,24.0844,1.18012,611.55,49.223,14.615,719.41,34.955,31.538,0.093052,0.033681,0.000725,21.427,23.559
26.644531,4,85,4959.23,24.1806,1.16756,606.35,49.176,14.662,721.04,34.958,31.541,0.067067,-0.000600,-0.039053,21.636,23.559
26.648438,4,85,4966.86,24.2244,1.17858,613.01,49.190,14.714,723.79,34.961,31.543,0.001483,0.047868,0.016173,21.616,23.559
26.652344,4,85,4968.63,24.3116,1.19026,619.31,49.190,14.799,727.94,34.965,31.545,0.082271,0.085181,0.043675,21.633,23.559
26.656250,4,85,4975.30,24.3409,1.17175,610.49,49.192,14.740,725.08,34.968,31.548,0.008584,-0.005496,-0.035257,21.593,23.559
26.660156,4,85,4970.01,24.3898,1.17717,612.67,49.184,14.785,727.20,34.971,31.550,0.022689,-0.002730,-0.042461,21.678,23.559
26.664063,4,85,4963.44,24.3994,1.16769,606.93,49.199,14.866,731.38,34.975,31.553,-0.078305,-0.007481,-0.029322,21.690,23.559
26.667969,4,85,4961.94,24.1813,1.17449,610.28,49.210,14.742,725.47,34.978,31.555,-0.000157,-0.011639,-0.018516,21.520,23.559
26.671875,4,85,4958.04,24.3911,1.16141,603.01,49.164,14.850,730.07,34.982,31.557,0.025461,0.058877,0.029609,21.419,23.559
26.675781,4,85,4972.80,24.3310,1.18840,618.86,49.174,14.717,723.68,34.985,31.560,-0.060880,0.004307,-0.031645,21.550,23.559
26.679688,4,85,4962.08,24.3187,1.18305,614.75,49.172,14.793,727.39,34.988,31.562,-0.011511,-0.027635,-0.003644,21.559,23.559
26.683594,4,85,4964.89,24.3020,1.17848,612.72,49.210,14.766,726.65,34.992,31.565,0.035340,0.066851,0.037272,21.554,23.559
26.687500,4,85,4969.15,24.4311,1.17637,612.14,49.190,14.751,725.61,34.995,31.567,0.080591,0.016427,-0.018856,21.674,23.559
26.691406,4,85,4972.45,24.4335,1.17554,612.12,49.170,14.759,725.68,34.998,31.569,0.045476,0.073413,0.035145,21.517,23.559
26.695313,4,85,4968.62,24.4526,1.18275,615.40,49.192,14.837,729.84,35.002,31.572,-0.044854,-0.067286,0.030631,21.695,23.559
26.699219,4,85,4963.43,24.3357,1.16737,606.76,49.187,14.692,722.67,35.005,31.574,-0.049019,-0.057221,0.020822,21.513,23.559
26.703125,4,85,4957.31,24.1888,1.17586,610.42,49.186,14.643,720.22,35.008,31.576,0.071297,0.006629,-0.032744,21.555,23.559
26.707031,4,85,4965.17,24.2843,1.18028,613.69,49.197,14.827,729.44,35.012,31.579,0.078815,0.086385,0.044233,21.471,23.559
26.710938,4,85,4965.67,24.4090,1.17455,610.77,49.209,14.767,726.65,35.015,31.581,-0.040472,-0.076590,0.033872,21.484,23.559
26.714844,4,85,4967.77,24.3576,1.17301,610.23,49.193,14.779,727.01,35.018,31.584,-0.061418,0.006209,-0.034009,21.554,23.559
26.718750,4,85,4955.56,24.1526,1.18470,614.80,49.166,14.774,726.38,35.022,31.586,-0.084560,0.000495,-0.037611,21.603,23.559
26.722656,4,85,4975.52,24.4169,1.20207,626.32,49.200,14.712,723.85,35.025,31.588,0.007342,0.049716,0.019529,21.613,23.558
26.726563,4,85,4965.86,24.5337,1.17736,612.25,49.190,14.739,725.02,35.028,31.591,0.027077,0.062440,0.029488,21.546,23.558
26.730469,4,85,4969.12,24.4260,1.17704,612.49,49.185,14.790,727.42,35.031,31.593,-0.080912,0.002979,-0.039008,21.568,23.558
26.734375,4,85,4957.45,24.3463,1.16942,607.10,49.196,14.756,725.94,35.035,31.595,-0.049546,0.013541,-0.024606,21.525,23.558
26.738281,4,85,4964.27,24.3595,1.17012,608.29,49.184,14.678,721.94,35.038,31.598,0.065394,0.004668,-0.031811,21.467,23.558
26.742188,4,85,4970.32,24.4758,1.17545,611.81,49.178,14.763,726.00,35.041,31.600,0.059406,-0.000309,-0.037938,21.732,23.558
26.746094,4,85,4959.93,24.2742,1.18126,613.55,49.205,14.605,718.64,35.045,31.602,0.003757,0.042840,0.014098,21.535,23.558
26.750000,4,85,4971.91,24.3691,1.20083,625.22,49.192,14.643,720.33,35.048,31.605,-0.046321,-0.070750,0.033612,21.638,23.558
26.753906,4,85,4963.90,24.2381,1.18082,613.81,49.176,14.730,724.39,35.051,31.607,0.001390,-0.006773,-0.029271,21.641,23.558
26.757813,4,85,4952.91,24.3808,1.16099,602.17,49.184,14.645,720.28,35.054,31.609,-0.079892,0.003209,-0.045190,21.562,23.558
26.761719,4,85,4977.12,24.4282,1.17965,614.84,49.200,14.769,726.64,35.058,31.612,-0.033413,0.021507,-0.007009,21.633,23.558
26.765625,4,85,4973.66,24.4551,1.19243,621.07,49.184,14.780,726.96,35.061,31.614,-0.069932,-0.019791,-0.011732,21.719,23.558
26.769531,4,85,4964.70,24.3387,1.16725,606.86,49.180,14.783,727.01,35.064,31.616,0.056674,0.081265,0.043631,21.641,23.558
26.773438,4,85,4966.26,24.2006,1.17690,612.07,49.207,14.730,724.82,35.068,31.619,0.066469,0.087631,0.046978,21.540,23.558
26.777344,4,85,4956.71,24.1750,1.16931,606.95,49.216,14.577,717.42,35.071,31.621,0.096693,0.076144,0.035557,21.604,23.558
26.781250,4,85,4953.69,24.2497,1.18159,612.95,49.198,14.678,722.12,35.074,31.623,0.088307,0.083713,0.042124,21.583,23.558
26.785156,4,85,4964.99,24.2430,1.17186,609.29,49.212,14.690,722.91,35.077,31.625,-0.015271,-0.037321,0.008283,21.604,23.558
26.789063,4,85,4967.25,24.3139,1.17006,608.63,49.229,14.696,723.45,35.081,31.628,-0.078543,0.002478,-0.041057,21.674,23.558
26.792969,4,85,4954.85,24.2459,1.17027,607.22,49.177,14.767,726.22,35.084,31.630,-0.031167,-0.088058,0.044829,21.643,23.558
26.796875,4,85,4964.19,24.2840,1.17643,611.56,49.164,14.926,733.82,35.087,31.632,0.076023,0.088798,0.045702,21.579,23.558
26.800781,4,85,4965.63,24.2956,1.18015,613.68,49.198,14.738,725.06,35.091,31.635,0.052519,0.075651,0.042149,21.524,23.558
26.804688,4,85,4958.16,24.2858,1.16695,605.90,49.191,14.691,722.66,35.094,31.637,0.041886,0.074109,0.039321,21.528,23.558
26.808594,4,85,4963.27,24.1950,1.16929,607.74,49.212,14.692,723.00,35.097,31.639,-0.048084,-0.069102,0.033572,21.712,23.558
26.812500,4,85,4974.49,24.4013,1.18694,618.31,49.184,14.756,725.73,35.100,31.642,0.002130,0.042256,0.010624,21.616,23.558
26.816406,4,85,4965.95,24.3478,1.16537,606.03,49.221,14.630,720.11,35.103,31.644,-0.018008,-0.044823,0.016795,21.654,23.558
26.820313,4,85,4964.18,24.2907,1.17464,610.64,49.199,14.574,717.02,35.107,31.646,0.029980,0.063074,0.032728,21.649,23.557
26.824219,4,85,4959.77,24.3442,1.16928,607.31,49.200,14.698,723.16,35.110,31.648,0.014287,-0.005091,-0.037722,21.559,23.557
26.828125,4,85,4966.36,24.3511,1.18929,618.52,49.177,14.740,724.88,35.113,31.651,-0.042682,-0.071280,0.035604,21.667,23.557
26.832031,4,85,4973.42,24.3909,1.17665,612.82,49.197,14.669,721.67,35.116,31.653,0.091344,0.080147,0.037762,21.657,23.557
26.835938,4,85,4956.59,24.2761,1.18012,612.55,49.184,14.617,718.94,35.120,31.655,-0.048212,0.013806,-0.020083,21.514,23.557
26.839844,4,85,4965.46,24.2669,1.17002,608.39,49.217,14.733,725.10,35.123,31.658,0.095427,0.031867,-0.000017,21.583,23.557
26.843750,4,85,4969.65,24.4425,1.16896,608.35,49.183,14.841,729.90,35.126,31.660,0.004172,-0.008840,-0.029090,21.797,23.557
26.847656,4,85,4977.62,24.4740,1.18943,620.00,49.210,14.859,731.20,35.129,31.662,0.054089,0.000089,-0.042780,21.619,23.557
26.851563,4,85,4971.11,24.3588,1.19257,620.82,49.214,14.743,725.55,35.133,31.665,-0.065980,-0.028850,-0.001284,21.453,23.557
26.855469,4,85,4965.27,24.3734,1.17679,611.88,49.202,14.708,723.67,35.136,31.667,-0.000872,-0.009728,-0.020618,21.650,23.557
26.859375,4,85,4965.12,24.2569,1.18789,617.64,49.208,14.688,722.75,35.139,31.669,-0.054158,-0.055410,0.016824,21.705,23.557
26.863281,4,85,4971.94,24.3841,1.16675,607.48,49.184,14.795,727.69,35.142,31.671,0.054851,0.079722,0.042448,21.606,23.557
26.867188,4,85,4972.21,24.3655,1.18257,615.75,49.182,14.901,732.88,35.146,31.674,-0.019587,-0.047074,0.019263,21.735,23.557
26.871094,4,85,4963.57,24.3378,1.17291,609.66,49.158,14.772,726.15,35.149,31.676,-0.026003,0.026167,-0.006206,21.623,23.557
26.875000,4,85,4958.02,24.1415,1.17714,611.17,49.208,14.591,718.01,35.152,31.678,-0.082641,0.003535,-0.034997,21.627,23.557
26.878906,4,85,4974.19,24.4257,1.17752,613.37,49.187,14.680,722.07,35.155,31.681,0.026414,-0.001868,-0.043962,21.735,23.557
26.882813,4,85,4958.00,24.1964,1.17040,607.67,49.221,14.665,721.85,35.159,31.683,-0.000166,-0.010744,-0.021014,21.485,23.557
26.886719,4,85,4962.20,24.1732,1.16708,606.46,49.154,14.853,730.08,35.162,31.685,-0.039167,-0.078133,0.036640,21.622,23.557
26.890625,4,85,4957.06,24.3307,1.16641,605.49,49.197,14.642,720.34,35.165,31.687,-0.043931,-0.071541,0.033568,21.634,23.557
26.894531,4,85,4969.31,24.3136,1.16553,606.52,49.160,14.861,730.55,35.168,31.690,-0.011785,-0.029904,0.001683,21.609,23.557
26.898438,4,85,4966.34,24.2811,1.17948,613.42,49.194,14.699,723.08,35.172,31.692,-0.010379,-0.026590,-0.001960,21.520,23.557
26.902344,4,85,4954.96,24.2103,1.16629,605.17,49.208,14.630,719.94,35.175,31.694,-0.050027,-0.052176,0.018500,21.482,23.557
26.906250,4,85,4971.36,24.3420,1.17948,614.04,49.197,14.765,726.41,35.178,31.696,0.024971,-0.002167,-0.043686,21.704,23.557
26.910156,4,85,4958.06,24.2857,1.16371,604.21,49.189,14.829,729.42,35.181,31.699,-0.063980,-0.031591,-0.000176,21.566,23.557
26.914063,4,85,4967.77,24.4352,1.17906,613.37,49.168,14.734,724.42,35.185,31.701,0.010760,-0.001471,-0.034915,21.569,23.557
26.917969,4,85,4953.63,24.1732,1.18089,612.58,49.192,14.652,720.77,35.188,31.703,0.020820,-0.005575,-0.040622,21.459,23.556
26.921875,4,85,4951.74,24.2542,1.16557,604.40,49.180,14.776,726.66,35.191,31.706,-0.077164,0.007433,-0.046919,21.480,23.556
26.925781,4,85,4958.72,24.2607,1.16865,606.85,49.189,14.673,721.75,35.194,31.708,0.051645,-0.004104,-0.042010,21.642,23.556
26.929688,4,85,4954.00,24.2235,1.16635,605.08,49.230,14.588,718.16,35.197,31.710,-0.020762,-0.051041,0.021354,21.604,23.556
26.933594,4,85,4965.26,24.3976,1.18677,617.07,49.204,14.671,721.86,35.200,31.712,-0.066131,0.003866,-0.038643,21.574,23.556
26.937500,4,85,4971.22,24.4142,1.16699,607.52,49.183,14.769,726.40,35.204,31.715,-0.070788,0.003776,-0.035444,21.654,23.556
26.941406,4,85,4966.67,24.2671,1.18165,614.59,49.175,14.777,726.63,35.207,31.717,0.098634,0.064099,0.029043,21.561,23.556
26.945313,4,85,4962.96,24.2463,1.18261,614.63,49.206,14.764,726.49,35.210,31.719,-0.078050,0.001817,-0.047288,21.700,23.556
26.949219,4,85,4975.54,24.4163,1.17660,613.05,49.179,14.723,724.07,35.213,31.721,-0.081589,0.002549,-0.038393,21.637,23.556
26.953125,4,85,4962.46,24.2271,1.18708,616.89,49.167,14.749,725.17,35.217,31.724,0.086230,0.017952,-0.014440,21.544,23.556
26.957031,4,85,4948.56,24.0491,1.17258,607.64,49.201,14.707,723.63,35.220,31.726,0.048409,-0.004535,-0.043845,21.431,23.556
26.960938,4,85,4954.68,24.2482,1.16880,606.44,49.226,14.608,719.10,35.223,31.728,0.006365,-0.005492,-0.035442,21.525,23.556
26.964844,4,85,4962.43,24.3743,1.16739,606.65,49.185,14.732,724.62,35.226,31.730,0.096503,0.041826,0.009320,21.623,23.556
26.968750,4,85,4969.82,24.3952,1.18137,614.83,49.199,14.841,730.17,35.229,31.733,-0.079775,0.003532,-0.044971,21.672,23.556
26.972656,4,85,4956.88,24.1869,1.17805,611.51,49.179,14.632,719.56,35.233,31.735,0.029306,-0.004287,-0.044950,21.507,23.556
26.976563,4,85,4970.46,24.3280,1.16643,607.13,49.189,14.662,721.19,35.236,31.737,-0.080642,-0.001227,-0.032834,21.608,23.556
26.980469,4,85,4965.81,24.2828,1.17377,610.38,49.194,14.781,727.11,35.239,31.739,0.016164,0.055441,0.025711,21.623,23.556
26.984375,4,85,4968.49,24.3883,1.17264,610.12,49.160,14.848,729.94,35.242,31.741,-0.021310,-0.067392,0.035542,21.535,23.556
26.988281,4,85,4953.80,24.1312,1.16997,606.93,49.188,14.740,725.04,35.245,31.744,0.077563,0.008871,-0.023342,21.500,23.556
26.992188,4,85,4972.84,24.3317,1.17274,610.71,49.193,14.723,724.29,35.249,31.746,0.093491,0.074996,0.036844,21.615,23.556
26.996094,4,85,4957.48,24.3174,1.16733,606.02,49.204,14.640,720.38,35.252,31.748,-0.025315,-0.076765,0.039282,21.569,23.556
27.000000,4,85,4956.58,24.3361,1.18409,614.60,49.216,14.596,718.38,35.255,31.750,-0.017454,-0.036563,0.005596,21.504,23.556
27.003906,4,85,4960.79,24.3628,1.18161,613.84,49.176,14.716,723.68,35.258,31.753,-0.053776,-0.050031,0.011747,21.605,23.556
27.007813,4,85,4962.03,24.2467,1.18482,615.66,49.186,14.681,722.12,35.261,31.755,-0.027821,-0.083551,0.044592,21.611,23.556
27.011719,4,85,4965.33,24.2006,1.17881,612.94,49.213,14.773,727.03,35.264,31.757,0.017295,-0.004324,-0.038541,21.491,23.555
27.015625,4,85,4964.90,24.4404,1.16906,607.82,49.201,14.711,723.79,35.268,31.759,-0.017057,-0.057902,0.025622,21.628,23.555
27.019531,4,85,4959.34,24.2935,1.17566,610.57,49.186,14.629,719.56,35.271,31.761,0.042579,-0.001623,-0.044764,21.646,23.555
27.023438,4,85,4962.37,24.3072,1.17683,611.55,49.196,14.728,724.58,35.274,31.764,0.025100,0.060344,0.028605,21.546,23.555
27.027344,4,85,4957.89,24.2143,1.18694,616.24,49.201,14.687,722.60,35.277,31.766,0.046049,-0.002038,-0.045921,21.570,23.555
27.031250,4,85,4948.39,24.1210,1.15823,600.19,49.178,14.732,724.49,35.280,31.768,0.025459,-0.002668,-0.043213,21.422,23.555
27.035156,4,85,4967.71,24.3081,1.18156,614.67,49.206,14.702,723.42,35.283,31.770,0.009677,-0.004524,-0.036603,21.629,23.555
27.039063,4,85,4962.35,24.3222,1.18967,618.22,49.212,14.731,724.94,35.286,31.772,0.055904,-0.002345,-0.041197,21.582,23.555
27.042969,4,85,4962.75,24.3021,1.16922,607.64,49.210,14.650,720.94,35.290,31.775,-0.085434,0.003025,-0.039786,21.519,23.555
27.046875,4,85,4964.61,24.2932,1.18241,614.73,49.167,14.908,732.96,35.293,31.777,-0.019262,0.031140,0.003634,21.633,23.555
27.050781,4,85,4974.65,24.3699,1.17669,612.99,49.178,14.861,730.85,35.296,31.779,-0.082502,0.002387,-0.043613,21.609,23.555
27.054688,4,85,4971.70,24.4568,1.16526,606.67,49.213,14.691,723.01,35.299,31.781,-0.081699,0.002828,-0.042548,21.664,23.555
27.058594,4,85,4960.38,24.2999,1.17577,610.75,49.209,14.764,726.53,35.302,31.784,0.032954,0.067760,0.031509,21.462,23.555
27.062500,4,85,4966.85,24.2897,1.18393,615.80,49.206,14.774,726.97,35.306,31.786,0.074831,0.003885,-0.029038,21.652,23.555
27.066406,4,85,4948.50,24.2290,1.16979,606.19,49.187,14.752,725.59,35.309,31.788,0.048170,-0.006174,-0.043125,21.527,23.555
27.070313,4,85,4953.21,24.2827,1.17107,607.43,49.206,14.704,723.54,35.312,31.790,-0.078903,-0.006607,-0.023990,21.601,23.555
27.074219,4,85,4967.48,24.3842,1.17675,612.14,49.182,14.718,723.85,35.315,31.792,-0.020310,-0.063559,0.029940,21.509,23.555
27.078125,4,85,4965.68,24.2595,1.18012,613.67,49.193,14.684,722.34,35.318,31.795,0.035848,0.070606,0.037633,21.596,23.555
27.082031,4,85,4959.46,24.1673,1.17022,607.76,49.210,14.649,720.87,35.321,31.797,-0.022620,-0.076463,0.040692,21.532,23.555
27.085938,4,85,4973.33,24.3168,1.17661,612.79,49.178,14.789,727.31,35.324,31.799,0.094907,0.078473,0.039368,21.608,23.555
27.089844,4,85,4966.11,24.3532,1.17152,609.25,49.159,14.716,723.40,35.328,31.801,0.097177,0.038898,0.009525,21.585,23.555
27.093750,4,85,4967.68,24.3339,1.17177,609.57,49.204,14.757,726.10,35.331,31.803,0.089187,0.021855,-0.010478,21.441,23.555
27.097656,4,85,4955.88,24.2909,1.17282,608.67,49.189,14.692,722.70,35.334,31.806,0.088156,0.026966,-0.004631,21.418,23.555
27.101563,4,85,4975.00,24.3627,1.17577,612.56,49.167,14.847,729.97,35.337,31.808,0.098182,0.052096,0.015043,21.646,23.555
27.105469,4,85,4973.97,24.4132,1.17252,610.73,49.204,14.740,725.26,35.340,31.810,0.042328,0.071485,0.038280,21.714,23.555
27.109375,4,85,4971.20,24.3117,1.18698,617.92,49.184,14.666,721.32,35.343,31.812,0.090890,0.084325,0.042560,21.712,23.554
27.113281,4,85,4963.75,24.3051,1.18144,614.11,49.206,14.627,719.73,35.346,31.814,0.065575,0.085538,0.042748,21.561,23.554
27.117188,4,85,4967.78,24.3565,1.18714,617.58,49.185,14.784,727.14,35.350,31.816,0.096875,0.030557,-0.004506,21.645,23.554
27.121094,4,85,4958.96,24.2489,1.16587,605.44,49.202,14.671,721.83,35.353,31.819,-0.023562,-0.079740,0.039936,21.601,23.554
27.125000,4,85,4954.32,24.1657,1.17497,609.59,49.219,14.645,720.81,35.356,31.821,-0.079295,-0.001179,-0.034109,21.593,23.554
27.128906,4,85,4960.92,24.3457,1.16492,605.18,49.176,14.765,726.09,35.359,31.823,0.070983,0.086033,0.048087,21.617,23.554
27.132813,4,85,4969.91,24.2367,1.17913,613.68,49.186,14.772,726.55,35.362,31.825,-0.013487,-0.036017,0.006810,21.485,23.554
27.136719,4,85,4972.41,24.3243,1.18662,617.88,49.204,14.700,723.28,35.365,31.827,-0.046153,0.010127,-0.025524,21.735,23.554
27.140625,4,85,4968.08,24.3507,1.18054,614.19,49.179,14.701,722.96,35.368,31.829,0.057205,-0.001395,-0.041175,21.626,23.554
27.144531,4,85,4959.97,24.2799,1.16473,604.97,49.203,14.680,722.29,35.371,31.832,-0.035263,0.022453,-0.009652,21.567,23.554
27.148438,4,85,4955.86,24.2010,1.15952,601.76,49.218,14.785,727.67,35.375,31.834,0.004345,-0.010457,-0.030095,21.552,23.554
27.152344,4,85,4978.60,24.3466,1.17415,612.15,49.218,14.674,722.24,35.378,31.836,0.030439,0.067335,0.033285,21.621,23.554
27.156250,4,85,4953.66,24.1932,1.16753,605.65,49.176,14.764,726.04,35.381,31.838,0.055977,0.082052,0.043803,21.597,23.554
27.160156,4,85,4971.85,24.4138,1.17726,612.94,49.214,14.620,719.48,35.384,31.840,-0.032845,-0.084163,0.041434,21.806,23.554
27.164063,4,85,4967.93,24.3488,1.17772,612.70,49.150,14.806,727.73,35.387,31.842,0.097028,0.066251,0.028025,21.630,23.554
27.167969,4,85,4973.11,24.5031,1.18164,615.38,49.184,14.746,725.26,35.390,31.845,-0.083603,0.002639,-0.042595,21.699,23.554
27.171875,4,85,4953.33,24.2937,1.15848,600.92,49.187,14.642,720.21,35.393,31.847,0.096547,0.038230,0.007757,21.500,23.554
27.175781,4,85,4962.53,24.2658,1.18282,614.68,49.204,14.664,721.51,35.396,31.849,-0.056564,-0.049145,0.012949,21.444,23.554
27.179688,4,85,4959.88,24.3575,1.17688,611.27,49.188,14.733,724.68,35.399,31.851,-0.087470,0.005133,-0.044016,21.420,23.554
27.183594,4,85,4962.05,24.3388,1.17398,610.03,49.200,14.698,723.17,35.402,31.853,0.088230,0.080799,0.045191,21.528,23.554
27.187500,4,85,4968.49,24.3578,1.17327,610.45,49.199,14.670,721.78,35.406,31.855,0.028543,-0.002547,-0.043372,21.577,23.554
27.191406,4,85,4962.65,24.2742,1.17977,613.11,49.182,14.709,723.41,35.409,31.857,0.038181,0.071085,0.036326,21.611,23.554
27.195313,4,85,4959.94,24.2189,1.18090,613.37,49.205,14.604,718.60,35.412,31.859,0.091611,0.078691,0.039600,21.567,23.554
27.199219,4,85,4966.90,24.3500,1.17013,608.62,49.190,14.707,723.43,35.415,31.862,-0.033281,-0.086152,0.045952,21.564,23.554
27.203125,4,85,4964.66,24.4268,1.17862,612.76,49.172,14.697,722.69,35.418,31.864,-0.055026,0.006230,-0.029121,21.580,23.553
27.207031,4,85,4968.43,24.4142,1.17892,613.38,49.161,14.742,724.73,35.421,31.866,-0.031681,0.025155,-0.008277,21.672,23.553
27.210938,4,85,4974.62,24.3988,1.16306,605.89,49.199,14.808,728.54,35.424,31.868,0.067695,0.087027,0.046201,21.672,23.553
27.214844,4,85,4958.83,24.2658,1.15824,601.46,49.196,14.808,728.49,35.427,31.870,0.085352,0.016916,-0.014460,21.575,23.553
27.218750,4,85,4958.14,24.2289,1.17298,609.03,49.181,14.721,724.01,35.430,31.872,0.080059,0.009872,-0.020885,21.611,23.553
27.222656,4,85,4958.77,24.2192,1.17608,610.72,49.190,14.690,722.63,35.433,31.875,-0.077910,0.003297,-0.040774,21.538,23.553
27.226563,4,85,4968.44,24.3975,1.17849,613.16,49.175,14.777,726.65,35.436,31.877,-0.025490,-0.083367,0.045897,21.594,23.553
27.230469,4,85,4955.72,24.1651,1.17798,611.33,49.215,14.772,727.00,35.440,31.879,0.089539,0.084599,0.042101,21.612,23.553
27.234375,4,85,4965.89,24.1948,1.17429,610.66,49.197,14.761,726.17,35.443,31.881,0.057944,0.082960,0.040344,21.641,23.553
27.238281,4,85,4963.66,24.2482,1.17208,609.24,49.186,14.678,721.96,35.446,31.883,0.018767,-0.004017,-0.043798,21.655,23.553
27.242188,4,85,4966.99,24.3958,1.16434,605.62,49.192,14.666,721.47,35.449,31.885,0.096425,0.036769,0.004366,21.472,23.553
27.246094,4,85,4965.28,24.3488,1.17291,609.87,49.199,14.681,722.31,35.452,31.887,-0.074558,-0.013213,-0.021203,21.646,23.553
27.250000,4,85,4967.30,24.3939,1.19242,620.27,49.194,14.746,725.43,35.455,31.889,0.008287,0.048318,0.019855,21.682,23.553
27.253906,4,85,4964.79,24.3504,1.17598,611.40,49.166,14.747,725.06,35.458,31.892,0.101587,0.057596,0.020472,21.616,23.553
27.257813,4,85,4952.84,24.1157,1.16678,605.16,49.186,14.694,722.74,35.461,31.894,0.064033,0.086389,0.046810,21.563,23.553
27.261719,4,85,4970.62,24.4016,1.16696,607.43,49.193,14.784,727.28,35.464,31.896,-0.012623,-0.031226,0.006159,21.594,23.553
27.265625,4,85,4964.42,24.4632,1.18247,614.73,49.212,14.676,722.22,35.467,31.898,-0.009805,0.034159,0.007417,21.531,23.553
27.269531,4,85,4967.95,24.3492,1.15776,602.31,49.182,14.873,731.48,35.470,31.900,-0.062100,0.006769,-0.031595,21.443,23.553
27.273438,4,85,4963.19,24.2998,1.18487,615.83,49.207,14.620,719.41,35.473,31.902,0.061406,0.081987,0.043487,21.604,23.553
27.277344,4,85,4965.44,24.3817,1.16813,607.40,49.192,14.715,723.85,35.476,31.904,0.004114,-0.005324,-0.027779,21.618,23.553
27.281250,4,85,4975.29,24.3940,1.17825,613.88,49.204,14.624,719.57,35.479,31.906,0.093303,0.030058,-0.004516,21.552,23.553
27.285156,4,85,4965.04,24.2125,1.18290,615.03,49.215,14.657,721.35,35.483,31.908,-0.072131,0.005609,-0.040398,21.575,23.553
27.289063,4,85,4959.06,24.2608,1.17542,610.41,49.195,14.773,726.77,35.486,31.911,-0.015144,-0.040823,0.009903,21.482,23.553
27.292969,4,85,4972.88,24.3885,1.18102,615.03,49.172,14.783,726.93,35.489,31.913,0.076826,0.085178,0.043865,21.556,23.553
27.296875,4,85,4952.10,24.1625,1.17413,608.88,49.202,14.621,719.40,35.492,31.915,-0.024768,0.027567,-0.005260,21.501,23.552
27.300781,4,85,4969.15,24.3798,1.18406,616.15,49.202,14.756,726.03,35.495,31.917,0.041530,0.073269,0.036104,21.712,23.552
27.304688,4,85,4957.64,24.1706,1.17792,611.53,49.213,14.672,722.06,35.498,31.919,0.092043,0.081506,0.042242,21.483,23.552
27.308594,4,85,4971.61,24.3984,1.18136,615.05,49.181,14.645,720.26,35.501,31.921,-0.079467,0.002183,-0.043253,21.549,23.552
27.312500,4,85,4971.47,24.3824,1.17697,612.75,49.164,14.825,728.86,35.504,31.923,0.062202,0.082740,0.042523,21.619,23.552
27.316406,4,85,4961.28,24.3330,1.17742,611.72,49.188,14.716,723.87,35.507,31.925,-0.073126,-0.008446,-0.022259,21.590,23.552
27.320313,4,85,4961.58,24.3336,1.18781,617.16,49.197,14.756,725.94,35.510,31.927,0.094155,0.031013,-0.001257,21.536,23.552
27.324219,4,85,4960.60,24.2998,1.16931,607.43,49.202,14.757,726.09,35.513,31.930,0.077701,0.087660,0.045515,21.602,23.552
27.328125,4,85,4966.57,24.3727,1.18510,616.37,49.192,14.701,723.19,35.516,31.932,0.094644,0.080837,0.038545,21.498,23.552
27.332031,4,85,4967.61,24.3788,1.17436,610.91,49.195,14.765,726.35,35.519,31.934,-0.044444,0.011788,-0.021470,21.554,23.552
27.335938,4,85,4961.53,24.2243,1.16916,607.46,49.192,14.597,718.03,35.522,31.936,-0.013724,-0.036606,0.009839,21.513,23.552
27.339844,4,85,4962.19,24.2893,1.16676,606.29,49.203,14.646,720.62,35.525,31.938,0.080229,0.088818,0.046353,21.674,23.552
27.343750,4,85,4971.19,24.3922,1.19192,620.49,49.206,14.799,728.18,35.528,31.940,-0.021629,-0.066266,0.032284,21.460,23.552
27.347656,4,85,4956.87,24.2568,1.15732,600.74,49.186,14.603,718.27,35.531,31.942,0.044070,-0.000062,-0.043177,21.616,23.552
27.351563,4,85,4967.52,24.3888,1.18058,614.13,49.164,14.771,726.20,35.534,31.944,-0.020011,-0.054497,0.022580,21.492,23.552
27.355469,4,85,4962.07,24.3882,1.17364,609.85,49.198,14.772,726.76,35.537,31.946,0.036246,-0.003609,-0.045369,21.539,23.552
27.359375,4,85,4963.34,24.3141,1.16613,606.11,49.199,14.659,721.21,35.540,31.948,0.084760,0.013286,-0.013863,21.635,23.552
27.363281,4,85,4963.51,24.3076,1.17191,609.13,49.206,14.786,727.54,35.543,31.950,-0.043443,-0.077229,0.036499,21.529,23.552
27.367188,4,85,4977.36,24.4183,1.17601,612.97,49.191,14.755,725.79,35.546,31.953,0.061476,0.003189,-0.034658,21.645,23.552
27.371094,4,85,4953.89,24.2590,1.17887,611.56,49.185,14.723,724.13,35.549,31.955,-0.061552,0.005414,-0.029492,21.457,23.552
27.375000,4,85,4966.64,24.3534,1.17189,609.51,49.179,14.719,723.87,35.553,31.957,0.044891,0.073584,0.039146,21.753,23.552
27.378906,4,85,4953.92,24.2048,1.17377,608.92,49.178,14.756,725.66,35.556,31.959,-0.024979,-0.085220,0.042109,21.526,23.552
27.382813,4,85,4954.68,24.2207,1.17845,611.44,49.209,14.621,719.50,35.559,31.961,0.090081,0.021414,-0.007281,21.540,23.552
27.386719,4,85,4968.09,24.4596,1.18216,615.03,49.191,14.721,724.12,35.562,31.963,-0.052013,-0.056881,0.023714,21.604,23.551
27.390625,4,85,4973.30,24.4392,1.18484,617.07,49.197,14.737,724.99,35.565,31.965,0.016655,-0.002693,-0.040841,21.714,23.551
27.394531,4,85,4969.95,24.4158,1.18662,617.58,49.205,14.788,727.63,35.568,31.967,0.102505,0.058565,0.025340,21.675,23.551
27.398438,4,85,4957.92,24.2462,1.16692,605.86,49.186,14.778,726.86,35.571,31.969,0.012825,0.050934,0.019673,21.524,23.551
27.402344,4,85,4965.69,24.3502,1.17721,612.16,49.188,14.770,726.48,35.574,31.971,-0.071249,0.002428,-0.043521,21.527,23.551
27.406250,4,85,4961.18,24.1996,1.18347,614.85,49.203,14.739,725.19,35.577,31.973,0.096642,0.078286,0.041171,21.581,23.551
27.410156,4,85,4971.78,24.4340,1.16474,606.42,49.197,14.838,729.97,35.580,31.975,0.053402,-0.002819,-0.039476,21.621,23.551
27.414063,4,85,4958.91,24.2226,1.18597,615.87,49.196,14.721,724.22,35.583,31.978,-0.072905,-0.016615,-0.012526,21.527,23.551
27.417969,4,85,4962.58,24.2386,1.16658,606.25,49.198,14.742,725.26,35.586,31.980,-0.075155,-0.012992,-0.017684,21.673,23.551
27.421875,4,85,4965.17,24.3545,1.17308,609.94,49.183,14.772,726.53,35.589,31.982,0.081178,0.013142,-0.020754,21.500,23.551
27.425781,4,85,4964.63,24.3586,1.18120,614.10,49.190,14.848,730.39,35.592,31.984,0.044536,0.000836,-0.047338,21.566,23.551
27.429688,4,85,4974.05,24.4121,1.18760,618.60,49.182,14.793,727.56,35.595,31.986,-0.025128,0.027949,-0.004939,21.640,23.551
27.433594,4,85,4960.84,24.3097,1.17313,609.44,49.225,14.644,720.83,35.598,31.988,0.085655,0.015882,-0.014141,21.537,23.551
27.437500,4,85,4967.88,24.3559,1.16832,607.80,49.196,14.746,725.45,35.601,31.990,-0.084170,0.000543,-0.032661,21.703,23.551
27.441406,4,85,4963.13,24.3441,1.17815,612.33,49.197,14.823,729.26,35.604,31.992,-0.042919,0.012294,-0.019121,21.523,23.551
27.445313,4,85,4973.32,24.3043,1.16810,608.35,49.184,14.862,730.97,35.607,31.994,-0.055052,0.010050,-0.027275,21.718,23.551
27.449219,4,85,4957.10,24.2889,1.17247,608.64,49.185,14.770,726.44,35.610,31.996,-0.082330,0.003547,-0.046355,21.582,23.551
27.453125,4,85,4968.33,24.3603,1.19401,621.22,49.197,14.696,723.01,35.613,31.998,0.068181,-0.000333,-0.032051,21.538,23.551
27.457031,4,85,4967.22,24.3691,1.18486,616.32,49.188,14.790,727.50,35.616,32.000,0.081723,0.084478,0.044914,21.626,23.551
27.460938,4,85,4954.49,24.2403,1.17348,608.84,49.196,14.636,720.02,35.619,32.002,-0.030673,-0.089698,0.046757,21.567,23.551
27.464844,4,85,4961.00,24.2524,1.18725,616.79,49.152,14.787,726.82,35.622,32.005,-0.066118,0.005344,-0.032979,21.697,23.551
27.468750,4,85,4956.49,24.2990,1.17611,610.45,49.186,14.657,720.92,35.625,32.007,0.098055,0.069433,0.033372,21.519,23.551
27.472656,4,85,4957.45,24.2288,1.16738,606.04,49.174,14.740,724.82,35.628,32.009,-0.053224,0.011197,-0.025485,21.557,23.551
27.476563,4,85,4970.29,24.3399,1.16175,604.68,49.176,14.771,726.36,35.631,32.011,0.089839,0.086355,0.042770,21.660,23.551
27.480469,4,85,4969.32,24.4883,1.17512,611.52,49.182,14.759,725.86,35.634,32.013,0.011079,0.049894,0.021930,21.587,23.550
27.484375,4,85,4960.13,24.3102,1.16844,606.91,49.224,14.627,719.98,35.637,32.015,0.087101,0.083250,0.044626,21.497,23.550
27.488281,4,85,4970.86,24.4519,1.18448,616.58,49.210,14.726,724.67,35.640,32.017,0.031295,-0.006718,-0.044111,21.624,23.550
27.492188,4,85,4961.67,24.3104,1.17144,608.66,49.206,14.693,723.00,35.643,32.019,-0.012668,-0.028726,-0.001616,21.584,23.550
27.496094,4,85,4972.91,24.5543,1.17722,613.05,49.211,14.724,724.59,35.646,32.021,-0.043150,0.013347,-0.015557,21.485,23.550
27.500000,4,85,4956.46,24.1433,1.15132,597.58,49.219,14.621,719.62,35.649,32.023,-0.065344,-0.022689,-0.005795,21.673,23.550
27.503906,4,85,4959.03,24.2973,1.16119,603.01,49.208,14.639,720.37,35.652,32.025,0.090891,0.025393,-0.007799,21.549,23.550
27.507813,4,85,4972.98,24.4605,1.19387,621.73,49.176,14.818,728.68,35.655,32.027,-0.036180,0.019636,-0.012646,21.635,23.550
27.511719,4,85,4968.45,24.4322,1.17872,613.28,49.162,14.802,727.70,35.658,32.029,0.099934,0.050418,0.015452,21.666,23.550
27.515625,4,85,4956.72,24.1006,1.16344,603.90,49.174,14.739,724.77,35.661,32.031,0.093161,0.079329,0.038481,21.625,23.550
27.519531,4,85,4968.01,24.2454,1.16712,607.20,49.193,14.873,731.65,35.664,32.033,-0.038591,-0.079514,0.037156,21.730,23.550
27.523438,4,85,4960.27,24.2361,1.16407,604.66,49.202,14.646,720.61,35.667,32.035,0.001078,-0.004497,-0.030988,21.592,23.550
27.527344,4,85,4970.39,24.4440,1.17849,613.40,49.170,14.808,728.13,35.670,32.037,0.018067,-0.005931,-0.040148,21.694,23.550
27.531250,4,85,4967.85,24.2885,1.16911,608.21,49.192,14.739,725.05,35.673,32.039,-0.022065,-0.068036,0.033553,21.597,23.550
27.535156,4,85,4966.82,24.2371,1.16223,604.50,49.201,14.775,726.94,35.676,32.041,0.017455,-0.004899,-0.041462,21.602,23.550
27.539063,4,85,4971.58,24.3944,1.17630,612.41,49.182,14.726,724.27,35.679,32.043,-0.068424,0.002475,-0.035706,21.521,23.550
27.542969,4,85,4970.50,24.3353,1.18017,614.29,49.193,14.790,727.57,35.682,32.045,-0.065586,-0.028096,0.001169,21.561,23.550
27.546875,4,85,4957.17,24.1467,1.17308,608.96,49.187,14.607,718.49,35.685,32.047,-0.051340,0.007594,-0.025776,21.513,23.550
27.550781,4,85,4967.39,24.4467,1.17321,610.28,49.193,14.693,722.81,35.688,32.049,-0.041304,0.014151,-0.016028,21.613,23.550
27.554688,4,85,4960.41,24.2311,1.18150,613.73,49.181,14.782,726.99,35.691,32.051,0.049466,0.080792,0.040637,21.471,23.550
27.558594,4,85,4968.58,24.3793,1.17735,612.59,49.188,14.726,724.36,35.694,32.053,0.093849,0.081790,0.041786,21.468,23.550
27.562500,4,85,4960.16,24.4071,1.16992,607.69,49.172,14.846,730.03,35.697,32.055,-0.025731,-0.086389,0.044822,21.603,23.550
27.566406,4,85,4968.06,24.4563,1.19397,621.17,49.190,14.871,731.52,35.700,32.057,-0.020730,-0.071237,0.036457,21.707,23.550
27.570313,4,85,4964.12,24.3104,1.18616,616.61,49.188,14.696,722.86,35.703,32.059,0.048923,0.078850,0.040030,21.533,23.549
27.574219,4,85,4961.71,24.3257,1.18357,614.97,49.172,14.774,726.47,35.706,32.061,0.073531,0.004461,-0.030215,21.699,23.549
27.578125,4,85,4950.64,24.1462,1.15430,598.43,49.199,14.770,726.68,35.709,32.063,-0.020201,-0.049814,0.020262,21.518,23.549
27.582031,4,85,4968.07,24.4387,1.16803,607.68,49.193,14.737,724.97,35.711,32.065,-0.084848,0.003192,-0.046307,21.703,23.549
27.585938,4,85,4959.40,24.3489,1.16925,607.25,49.220,14.662,721.69,35.714,32.067,0.100430,0.058521,0.022944,21.491,23.549
27.589844,4,85,4969.75,24.3748,1.17364,610.80,49.181,14.828,729.24,35.717,32.070,0.080410,0.008739,-0.023077,21.535,23.549
27.593750,4,85,4974.08,24.4280,1.18248,615.94,49.191,14.637,720.02,35.720,32.071,-0.028333,-0.081263,0.044474,21.502,23.549
27.597656,4,85,4976.56,24.3240,1.17445,612.06,49.202,14.786,727.49,35.723,32.074,0.041220,0.072854,0.034084,21.548,23.549
27.601563,4,85,4972.65,24.3471,1.17339,611.02,49.213,14.697,723.28,35.726,32.075,-0.024721,-0.081713,0.044499,21.510,23.549
27.605469,4,85,4967.51,24.3006,1.18236,615.06,49.198,14.741,725.21,35.729,32.077,-0.020271,-0.059427,0.032328,21.597,23.549
27.609375,4,85,4964.06,24.2811,1.16907,607.72,49.219,14.672,722.13,35.732,32.079,0.076846,0.009944,-0.023273,21.614,23.549
27.613281,4,85,4952.55,24.2676,1.16006,601.64,49.207,14.633,720.05,35.735,32.081,0.066093,0.000998,-0.034049,21.662,23.549
27.617188,4,85,4967.42,24.4271,1.17598,611.73,49.180,14.668,721.39,35.738,32.083,-0.010147,-0.019602,-0.007843,21.777,23.549
27.621094,4,85,4951.57,24.1991,1.16866,605.98,49.222,14.586,717.94,35.741,32.085,-0.014206,-0.034348,0.005445,21.499,23.549
27.625000,4,85,4963.99,24.3051,1.17012,608.26,49.194,14.758,726.02,35.744,32.087,-0.021915,-0.062302,0.028305,21.626,23.549
27.628906,4,85,4961.47,24.3311,1.18219,614.23,49.177,14.717,723.73,35.746,32.089,-0.053787,-0.053024,0.018287,21.720,23.549
27.632813,4,85,4968.88,24.3062,1.17557,611.69,49.173,14.753,725.44,35.749,32.091,0.002260,-0.009002,-0.027649,21.719,23.549
27.636719,4,85,4956.87,24.1592,1.17787,611.41,49.197,14.746,725.47,35.752,32.093,0.094932,0.036705,0.002409,21.745,23.549
27.640625,4,85,4963.63,24.2427,1.18009,613.40,49.168,14.766,726.02,35.755,32.095,-0.045485,-0.072314,0.035338,21.503,23.549
27.644531,4,85,4972.91,24.4173,1.18094,614.99,49.182,14.805,728.15,35.758,32.097,0.085701,0.012942,-0.018807,21.621,23.549
27.648438,4,85,4963.63,24.2095,1.18590,616.42,49.209,14.736,725.16,35.761,32.099,0.062749,0.001299,-0.036899,21.576,23.549
27.652344,4,85,4961.69,24.2268,1.17909,612.64,49.185,14.739,724.92,35.764,32.101,-0.066507,-0.029087,-0.004644,21.610,23.549
27.656250,4,85,4965.41,24.3884,1.15961,602.97,49.216,14.664,721.70,35.767,32.103,-0.075362,-0.010285,-0.020062,21.685,23.549
27.660156,4,85,4965.78,24.3430,1.17858,612.88,49.190,14.700,723.07,35.770,32.105,0.081396,0.011423,-0.020271,21.483,23.548
27.664063,4,85,4963.57,24.2344,1.16511,605.61,49.185,14.747,725.35,35.773,32.107,-0.024864,-0.080535,0.041398,21.629,23.548
27.667969,4,85,4966.55,24.2987,1.17842,612.89,49.192,14.839,729.97,35.776,32.109,0.080510,0.008947,-0.022020,21.437,23.548
27.671875,4,85,4977.06,24.4306,1.17634,613.10,49.201,14.809,728.64,35.779,32.111,-0.002583,-0.011901,-0.022490,21.637,23.548
27.675781,4,85,4962.86,24.2550,1.16648,606.23,49.179,14.832,729.41,35.782,32.113,0.098173,0.043039,0.012227,21.695,23.548
27.679688,4,85,4964.08,24.4080,1.16582,606.04,49.194,14.750,725.59,35.785,32.115,0.069501,0.086906,0.044766,21.583,23.548
27.683594,4,85,4958.36,24.3217,1.17409,609.63,49.172,14.800,727.76,35.788,32.117,-0.078839,-0.004422,-0.028279,21.550,23.548
27.687500,4,85,4964.96,24.2728,1.18331,615.23,49.187,14.692,722.67,35.791,32.119,0.094240,0.079620,0.038736,21.530,23.548
27.691406,4,85,4978.61,24.3041,1.17143,610.74,49.190,14.823,729.15,35.793,32.121,-0.072847,-0.009361,-0.025254,21.782,23.548
27.695313,4,85,4963.81,24.3653,1.18971,618.42,49.185,14.860,730.87,35.796,32.123,0.083839,0.014334,-0.019737,21.607,23.548
27.699219,4,85,4960.88,24.2375,1.17316,609.46,49.214,14.631,720.06,35.799,32.125,0.094437,0.026263,-0.000643,21.657,23.548
27.703125,4,85,4979.13,24.4298,1.16824,609.13,49.194,14.817,728.92,35.802,32.127,-0.017729,0.030786,0.002724,21.721,23.548
27.707031,4,85,4964.57,24.3827,1.17076,608.67,49.216,14.752,726.05,35.805,32.129,-0.023624,-0.083777,0.046352,21.613,23.548
27.710938,4,85,4964.77,24.3048,1.18726,617.27,49.189,14.657,720.99,35.808,32.131,-0.003297,0.041314,0.010139,21.717,23.548
27.714844,4,85,4969.85,24.3798,1.18730,617.92,49.206,14.736,725.08,35.811,32.133,-0.044706,-0.071736,0.031435,21.585,23.548
27.718750,4,85,4974.47,24.5013,1.19081,620.32,49.199,14.787,727.51,35.814,32.135,0.089064,0.081657,0.044243,21.595,23.548
27.722656,4,85,4974.24,24.4406,1.19320,621.54,49.183,14.807,728.26,35.817,32.137,0.038916,-0.002142,-0.043614,21.672,23.548
27.726563,4,85,4964.20,24.3106,1.18618,616.64,49.200,14.818,729.04,35.820,32.139,0.024147,0.059293,0.029404,21.641,23.548
27.730469,4,85,4970.96,24.3681,1.17858,613.52,49.167,14.763,725.83,35.823,32.141,-0.012177,-0.027229,-0.002754,21.614,23.548
27.734375,4,85,4971.81,24.3561,1.18190,615.35,49.188,14.808,728.35,35.826,32.143,0.103532,0.053098,0.017210,21.641,23.548
27.738281,4,85,4966.54,24.2341,1.17584,611.55,49.180,14.782,726.98,35.829,32.145,0.064011,0.086589,0.046415,21.487,23.548
27.742188,4,85,4964.87,24.3082,1.17132,608.99,49.188,14.765,726.26,35.831,32.147,-0.036616,-0.083725,0.043097,21.546,23.548
27.746094,4,85,4965.76,24.2916,1.18565,616.55,49.180,14.792,727.47,35.834,32.149,0.029883,-0.002570,-0.045194,21.531,23.548
27.750000,4,85,4962.82,24.3036,1.16662,606.30,49.220,14.674,722.28,35.837,32.151,0.049616,-0.002807,-0.045413,21.658,23.547
27.753906,4,85,4975.29,24.3715,1.17414,611.74,49.160,14.842,729.63,35.840,32.153,0.005902,-0.007647,-0.029744,21.702,23.547
27.757813,4,85,4973.59,24.4381,1.16636,607.48,49.201,14.711,723.79,35.843,32.155,-0.033547,0.019613,-0.009270,21.727,23.547
27.761719,4,85,4959.74,24.2504,1.17365,609.57,49.226,14.646,720.96,35.846,32.157,-0.075512,0.002315,-0.045189,21.608,23.547
27.765625,4,85,4969.68,24.4003,1.17882,613.49,49.208,14.678,722.26,35.849,32.159,-0.079082,-0.002941,-0.034106,21.582,23.547
27.769531,4,85,4965.76,24.3401,1.18188,614.59,49.157,14.849,729.94,35.852,32.161,0.060461,-0.002590,-0.038430,21.553,23.547
27.773438,4,85,4960.53,24.3187,1.17212,608.88,49.194,14.680,722.15,35.854,32.162,0.096384,0.044829,0.012479,21.590,23.547
27.777344,4,85,4962.24,24.3889,1.18608,616.34,49.202,14.729,724.71,35.857,32.164,0.049815,-0.002302,-0.043587,21.460,23.547
27.781250,4,85,4963.06,24.4198,1.19345,620.27,49.171,14.700,722.81,35.860,32.166,0.020640,0.055715,0.024395,21.627,23.547
27.785156,4,85,4960.75,24.2250,1.18285,614.48,49.192,14.662,721.27,35.863,32.168,0.077217,0.003324,-0.027605,21.524,23.547
27.789063,4,85,4956.38,24.4013,1.17115,607.86,49.217,14.629,720.02,35.866,32.170,-0.026489,-0.079352,0.043550,21.548,23.547
27.792969,4,85,4968.81,24.4293,1.18536,616.78,49.182,14.751,725.49,35.869,32.172,-0.039517,-0.072320,0.035367,21.772,23.547
27.796875,4,85,4966.91,24.3448,1.17653,611.95,49.208,14.754,726.00,35.872,32.174,0.075285,0.087598,0.045718,21.560,23.547
27.800781,4,85,4960.55,24.3236,1.16549,605.44,49.196,14.715,723.93,35.874,32.176,-0.012236,-0.031707,-0.002114,21.503,23.547
27.804688,4,85,4961.12,24.2984,1.16975,607.72,49.179,14.794,727.57,35.877,32.178,0.051179,0.079696,0.041699,21.701,23.547
27.808594,4,85,4961.93,24.2958,1.16201,603.80,49.212,14.777,727.19,35.880,32.180,-0.074817,-0.012889,-0.022504,21.585,23.547
27.812500,4,85,4962.97,24.3016,1.18514,615.94,49.183,14.826,729.19,35.883,32.182,-0.021898,-0.076930,0.042149,21.609,23.547
27.816406,4,85,4965.39,24.3498,1.18809,617.78,49.203,14.749,725.69,35.886,32.184,0.008397,0.049280,0.020455,21.553,23.547
27.820313,4,85,4966.62,24.3857,1.17676,612.04,49.187,14.705,723.29,35.889,32.186,-0.064696,0.005595,-0.034922,21.539,23.547
27.824219,4,85,4964.48,24.4137,1.16575,606.05,49.211,14.713,724.04,35.892,32.188,0.093061,0.027359,-0.004657,21.643,23.547
27.828125,4,85,4961.24,24.3082,1.16788,606.76,49.195,14.710,723.65,35.895,32.189,0.045724,0.075779,0.038432,21.550,23.547
27.832031,4,85,4960.19,24.2509,1.17847,612.14,49.177,14.726,724.20,35.897,32.191,-0.068564,0.003864,-0.038172,21.575,23.547
27.835938,4,85,4955.12,24.2364,1.16547,604.76,49.188,14.775,726.75,35.900,32.193,-0.077086,0.000822,-0.044603,21.545,23.546
27.839844,4,85,4960.19,24.2266,1.17550,610.59,49.222,14.685,722.82,35.903,32.195,-0.022629,-0.069249,0.033767,21.538,23.546
27.843750,4,85,4954.37,24.2902,1.17244,608.29,49.185,14.819,728.87,35.906,32.197,0.096999,0.067676,0.031944,21.619,23.546
27.847656,4,85,4971.74,24.4603,1.17604,612.29,49.176,14.725,724.09,35.909,32.199,-0.022706,-0.070624,0.035826,21.609,23.546
27.851563,4,85,4959.55,24.3160,1.17082,608.08,49.206,14.632,720.00,35.912,32.201,0.098346,0.039428,0.009621,21.567,23.546
27.855469,4,85,4969.97,24.2902,1.16945,608.64,49.195,14.792,727.69,35.915,32.203,0.024343,-0.004753,-0.044049,21.623,23.546
27.859375,4,85,4965.18,24.2676,1.18008,613.59,49.222,14.672,722.19,35.917,32.205,-0.010539,-0.025883,-0.002351,21.639,23.546
27.863281,4,85,4964.07,24.3441,1.17312,609.83,49.212,14.717,724.26,35.920,32.207,0.076631,0.006031,-0.025895,21.550,23.546
27.867188,4,85,4956.27,24.0666,1.18168,613.31,49.200,14.623,719.44,35.923,32.208,-0.018705,0.034547,0.000388,21.502,23.546
27.871094,4,85,4969.52,24.2808,1.18069,614.44,49.177,14.737,724.74,35.926,32.210,-0.006114,-0.015544,-0.011997,21.570,23.546
27.875000,4,85,4961.38,24.2221,1.18647,616.44,49.218,14.570,717.12,35.928,32.212,0.000132,0.041601,0.010771,21.697,23.546
27.878906,4,85,4975.53,24.4810,1.18259,616.17,49.188,14.745,725.27,35.931,32.214,-0.068797,0.006130,-0.037015,21.645,23.546
27.882813,4,85,4972.23,24.3536,1.17079,609.62,49.167,14.766,726.02,35.934,32.216,-0.052201,-0.057718,0.024925,21.674,23.546
27.886719,4,85,4963.18,24.4034,1.17027,608.24,49.186,14.679,721.99,35.937,32.218,-0.083780,0.001408,-0.039428,21.625,23.546
27.890625,4,85,4962.97,24.3706,1.17080,608.49,49.192,14.723,724.26,35.940,32.220,0.021984,0.060048,0.025213,21.655,23.546
27.894531,4,85,4959.72,24.3251,1.18074,613.25,49.194,14.729,724.60,35.943,32.222,-0.082146,0.004358,-0.045541,21.619,23.546
27.898438,4,85,4967.79,24.4514,1.16432,605.71,49.199,14.718,724.12,35.945,32.224,-0.060036,0.008796,-0.030801,21.571,23.546
27.902344,4,85,4967.98,24.3400,1.17640,612.02,49.189,14.712,723.70,35.948,32.225,0.044674,-0.004667,-0.046408,21.588,23.546
27.906250,4,85,4960.05,24.3106,1.17349,609.53,49.208,14.625,719.68,35.951,32.227,-0.029271,0.025316,-0.007399,21.539,23.546
27.910156,4,85,4967.82,24.3882,1.17784,612.75,49.196,14.687,722.53,35.954,32.229,-0.066284,0.004948,-0.034498,21.587,23.546
27.914063,4,85,4965.17,24.1895,1.18186,614.51,49.168,14.841,729.71,35.957,32.231,-0.003429,0.039324,0.009286,21.638,23.546
27.917969,4,85,4955.10,24.1967,1.16574,604.90,49.207,14.639,720.35,35.959,32.233,-0.036496,-0.083715,0.042938,21.558,23.546
27.921875,4,85,4965.83,24.3561,1.16676,606.74,49.180,14.780,726.87,35.962,32.235,-0.039333,0.016173,-0.017415,21.541,23.546
27.925781,4,85,4952.58,24.1441,1.16078,602.02,49.207,14.595,718.18,35.965,32.237,0.072150,0.084503,0.043966,21.503,23.545
27.929688,4,85,4963.12,24.3759,1.16870,607.42,49.185,14.671,721.59,35.968,32.239,0.047588,-0.003520,-0.042378,21.606,23.545
27.933594,4,85,4965.04,24.2580,1.18089,613.99,49.183,14.686,722.31,35.971,32.240,-0.023792,-0.068241,0.033820,21.747,23.545
27.937500,4,85,4973.87,24.4999,1.18372,616.56,49.210,14.748,725.73,35.973,32.242,-0.015991,0.035012,-0.000080,21.734,23.545
27.941406,4,85,4968.33,24.4185,1.18919,618.71,49.179,14.848,730.22,35.976,32.244,-0.062226,-0.035432,0.000459,21.664,23.545
27.945313,4,85,4959.50,24.2682,1.17267,609.04,49.194,14.659,721.13,35.979,32.246,-0.048368,0.009003,-0.020642,21.621,23.545
27.949219,4,85,4960.06,24.2708,1.18264,614.28,49.209,14.738,725.25,35.982,32.248,-0.019166,-0.057364,0.023030,21.585,23.545
27.953125,4,85,4968.66,24.3884,1.16582,606.60,49.203,14.784,727.40,35.985,32.250,-0.080327,0.004486,-0.044636,21.672,23.545
27.957031,4,85,4953.53,24.2803,1.17630,610.18,49.201,14.678,722.18,35.988,32.252,0.085098,0.085027,0.042864,21.433,23.545
27.960938,4,85,4970.05,24.4344,1.16459,606.12,49.197,14.686,722.49,35.990,32.254,0.091720,0.075595,0.036920,21.676,23.545
27.964844,4,85,4969.88,24.3327,1.18480,616.62,49.203,14.697,723.14,35.993,32.255,0.015746,-0.001988,-0.041736,21.706,23.545
27.968750,4,85,4952.37,24.2611,1.16558,604.48,49.209,14.633,720.06,35.996,32.257,-0.019860,-0.071075,0.036216,21.581,23.545
27.972656,4,85,4954.86,24.2529,1.18183,613.22,49.194,14.709,723.61,35.999,32.259,0.027754,0.063228,0.030054,21.546,23.545
27.976563,4,85,4951.72,24.1976,1.17454,609.05,49.212,14.638,720.36,36.001,32.261,-0.068869,0.002846,-0.039549,21.514,23.545
27.980469,4,85,4971.81,24.3338,1.16913,608.70,49.217,14.645,720.78,36.004,32.263,-0.025335,-0.084782,0.045263,21.697,23.545
27.984375,4,85,4966.17,24.4551,1.17654,611.87,49.203,14.689,722.71,36.007,32.265,0.076608,0.006022,-0.027647,21.626,23.545
27.988281,4,85,4957.71,24.2488,1.17292,608.95,49.165,14.799,727.61,36.010,32.266,-0.038205,-0.076482,0.035250,21.547,23.545
27.992188,4,85,4966.42,24.2470,1.17453,610.85,49.173,14.830,729.23,36.013,32.268,0.035526,0.067774,0.034488,21.669,23.545
27.996094,4,85,4969.25,24.3986,1.18560,616.96,49.183,14.714,723.66,36.015,32.270,-0.052599,-0.059122,0.022382,21.548,23.545
28.000000,4,85,4976.01,24.4050,1.16769,608.47,49.187,14.817,728.80,36.018,32.272,0.100499,0.072843,0.032732,21.684,23.545
28.003906,4,85,4970.91,24.3307,1.17123,609.68,49.197,14.772,726.73,36.021,32.274,0.076709,0.086140,0.042650,21.703,23.545
28.007813,4,85,4954.52,24.2297,1.17339,608.80,49.205,14.804,728.42,36.024,32.276,-0.076113,-0.005307,-0.028055,21.642,23.545
28.011719,4,85,4958.99,24.1873,1.17030,607.74,49.176,14.684,722.09,36.027,32.278,0.098153,0.058312,0.023546,21.454,23.544
28.015625,4,85,4972.27,24.4307,1.16335,605.75,49.174,14.776,726.61,36.029,32.280,-0.054142,-0.040499,0.006071,21.587,23.544
28.019531,4,85,4963.58,24.2766,1.17381,610.13,49.178,14.692,722.55,36.032,32.281,-0.014808,0.028021,-0.000820,21.570,23.544
28.023438,4,85,4960.06,24.2808,1.17603,610.85,49.190,14.680,722.12,36.035,32.283,-0.042277,-0.075162,0.034782,21.506,23.544
28.027344,4,85,4967.00,24.3335,1.18282,615.23,49.182,14.759,725.90,36.038,32.285,0.093745,0.035317,0.004570,21.700,23.544
28.031250,4,85,4957.66,24.1626,1.17009,607.47,49.179,14.710,723.42,36.040,32.287,0.102091,0.062070,0.023988,21.659,23.544
28.035156,4,85,4966.13,24.3683,1.18020,613.77,49.211,14.652,721.06,36.043,32.289,-0.012071,-0.020534,-0.008719,21.646,23.544
28.039063,4,85,4962.15,24.4351,1.17204,609.03,49.163,14.777,726.49,36.046,32.291,-0.056321,0.008999,-0.028815,21.597,23.544
28.042969,4,85,4979.71,24.3958,1.16597,608.02,49.180,14.813,728.48,36.049,32.293,-0.010282,-0.016767,-0.007884,21.752,23.544
28.046875,4,85,4966.71,24.3918,1.17061,608.85,49.195,14.731,724.69,36.052,32.294,-0.053317,-0.045974,0.014523,21.609,23.544
28.050781,4,85,4950.58,24.1782,1.16307,602.96,49.202,14.651,720.83,36.054,32.296,-0.010044,-0.029214,0.003515,21.602,23.544
28.054688,4,85,4954.55,24.1770,1.17614,610.23,49.197,14.688,722.63,36.057,32.298,-0.043859,-0.070660,0.031289,21.625,23.544
28.058594,4,85,4968.79,24.4748,1.18244,615.26,49.164,14.711,723.27,36.060,32.300,-0.040297,-0.074859,0.038337,21.518,23.544
28.062500,4,85,4969.41,24.4014,1.18441,616.36,49.170,14.723,723.95,36.063,32.302,0.083205,0.015181,-0.017888,21.581,23.544
28.066406,4,85,4967.94,24.3196,1.17085,609.13,49.163,14.831,729.13,36.065,32.304,-0.069720,0.002669,-0.036174,21.680,23.544
28.070313,4,85,4975.04,24.4965,1.17533,612.33,49.191,14.769,726.52,36.068,32.305,-0.023018,-0.068167,0.033948,21.616,23.544
28.074219,4,85,4958.93,24.2800,1.17133,608.27,49.196,14.702,723.29,36.071,32.307,0.053293,-0.001517,-0.042087,21.646,23.544
28.078125,4,85,4965.70,24.3326,1.17599,611.52,49.176,14.682,722.02,36.074,32.309,-0.083625,0.002499,-0.039034,21.676,23.544
28.082031,4,85,4967.78,24.2768,1.16794,607.59,49.187,14.634,719.81,36.076,32.311,0.082890,0.086454,0.044919,21.578,23.544
28.085938,4,85,4967.69,24.3871,1.18604,617.00,49.183,14.721,724.00,36.079,32.313,0.017232,-0.004737,-0.041779,21.672,23.544
28.089844,4,85,4967.04,24.4592,1.18262,615.14,49.190,14.704,723.28,36.082,32.314,0.007614,-0.005635,-0.034819,21.545,23.544
28.093750,4,85,4958.34,24.3750,1.18080,613.11,49.163,14.802,727.72,36.085,32.316,-0.044126,-0.073139,0.034108,21.592,23.544
28.097656,4,85,4971.48,24.3906,1.16928,608.74,49.169,14.835,729.43,36.087,32.318,0.092816,0.081045,0.040944,21.648,23.543
28.101563,4,85,4976.03,24.3854,1.18066,615.23,49.201,14.831,729.71,36.090,32.320,-0.030121,-0.084512,0.043552,21.548,23.543
28.105469,4,85,4957.79,24.2974,1.18177,613.55,49.179,14.626,719.30,36.093,32.322,0.024233,-0.002199,-0.043262,21.647,23.543
28.109375,4,85,4961.36,24.2926,1.18362,614.95,49.173,14.619,718.86,36.096,32.324,0.028554,-0.002499,-0.047063,21.546,23.543
28.113281,4,85,4970.22,24.3072,1.17793,613.09,49.176,14.686,722.20,36.098,32.325,-0.081877,0.001577,-0.044829,21.688,23.543
28.117188,4,85,4957.53,24.1629,1.17930,612.24,49.161,14.679,721.63,36.101,32.327,0.095294,0.035939,0.002900,21.568,23.543
28.121094,4,85,4972.75,24.4266,1.17585,612.32,49.156,14.810,728.01,36.104,32.329,-0.050498,-0.062050,0.029233,21.740,23.543
28.125000,4,85,4969.51,24.3173,1.17420,611.06,49.203,14.622,719.45,36.107,32.331,-0.011849,-0.031578,-0.000009,21.672,23.543
28.128906,4,85,4959.52,24.2862,1.17701,611.29,49.191,14.734,724.79,36.109,32.333,0.084287,0.089503,0.045659,21.542,23.543
28.132813,4,85,4970.37,24.3568,1.18581,617.21,49.219,14.762,726.57,36.112,32.334,-0.020813,-0.062712,0.028173,21.515,23.543
28.136719,4,85,4966.68,24.3308,1.16978,608.41,49.189,14.752,725.63,36.115,32.336,0.086975,0.083604,0.043348,21.545,23.543
28.140625,4,85,4961.00,24.3021,1.18881,617.60,49.216,14.835,730.11,36.118,32.338,-0.077704,-0.005064,-0.031178,21.504,23.543
28.144531,4,85,4960.51,24.3367,1.16631,605.86,49.172,14.819,728.67,36.120,32.340,-0.074559,0.004303,-0.043035,21.566,23.543
28.148438,4,85,4966.49,24.4187,1.18596,616.80,49.179,14.854,730.51,36.123,32.342,0.007145,0.042824,0.016052,21.546,23.543
28.152344,4,85,4959.36,24.3070,1.15791,601.35,49.171,14.677,721.69,36.126,32.344,-0.014220,0.033004,0.006351,21.546,23.543
28.156250,4,85,4965.51,24.3177,1.17797,612.53,49.201,14.765,726.47,36.129,32.346,0.098448,0.052717,0.016823,21.458,23.543
28.160156,4,85,4967.93,24.2344,1.17780,612.74,49.183,14.610,718.59,36.131,32.347,-0.036157,-0.077982,0.038562,21.656,23.543
28.164063,4,85,4962.38,24.2365,1.16807,607.00,49.188,14.669,721.52,36.134,32.349,0.027718,-0.001297,-0.043312,21.632,23.543
28.167969,4,85,4954.68,24.2571,1.17795,611.18,49.196,14.790,727.58,36.137,32.351,0.063517,0.083814,0.044715,21.634,23.543
28.171875,4,85,4963.15,24.3237,1.16951,607.84,49.204,14.771,726.78,36.139,32.353,0.021247,-0.004528,-0.041755,21.742,23.543
28.175781,4,85,4969.96,24.4613,1.17637,612.25,49.173,14.719,723.76,36.142,32.354,-0.067565,0.004276,-0.036566,21.504,23.543
28.179688,4,85,4964.72,24.3409,1.19268,620.08,49.173,14.826,729.05,36.145,32.356,-0.072501,-0.016613,-0.017809,21.465,23.543
28.183594,4,85,4974.55,24.3744,1.18207,615.78,49.172,14.829,729.17,36.148,32.358,-0.053743,-0.048773,0.013649,21.691,23.542
28.187500,4,85,4970.24,24.3975,1.16455,606.13,49.185,14.830,729.41,36.151,32.360,0.002129,0.043783,0.015830,21.507,23.542
28.191406,4,85,4963.35,24.3396,1.17753,612.04,49.192,14.906,733.26,36.153,32.362,0.071904,0.083704,0.044901,21.679,23.542
28.195313,4,85,4974.42,24.4595,1.18744,618.56,49.218,14.646,720.85,36.156,32.364,-0.030925,-0.087647,0.045572,21.669,23.542
28.199219,4,85,4963.75,24.2058,1.16997,608.15,49.183,14.702,723.08,36.159,32.365,-0.055382,0.006694,-0.029129,21.599,23.542
28.203125,4,85,4971.18,24.4254,1.18942,619.19,49.206,14.850,730.69,36.162,32.367,-0.064506,-0.029086,-0.003722,21.654,23.542
28.207031,4,85,4971.03,24.4992,1.17119,609.68,49.160,14.786,726.88,36.164,32.369,-0.009701,0.034055,0.006500,21.690,23.542
28.210938,4,85,4966.70,24.3685,1.17513,611.20,49.193,14.712,723.73,36.167,32.371,0.075895,0.004762,-0.026609,21.503,23.542
28.214844,4,85,4969.35,24.4976,1.18509,616.71,49.197,14.804,728.29,36.170,32.373,-0.082772,0.002445,-0.043692,21.674,23.542
28.218750,4,85,4965.56,24.3752,1.16286,604.68,49.194,14.872,731.61,36.173,32.375,0.017847,-0.003454,-0.040406,21.535,23.542
28.222656,4,85,4968.06,24.3528,1.17175,609.61,49.201,14.700,723.27,36.175,32.376,-0.073025,0.001682,-0.040581,21.659,23.542
28.226563,4,85,4954.32,24.1681,1.17361,608.89,49.202,14.654,721.03,36.178,32.378,-0.071607,-0.018659,-0.011537,21.567,23.542
28.230469,4,85,4964.86,24.3908,1.16613,606.29,49.196,14.747,725.51,36.181,32.380,0.022738,0.059846,0.027225,21.663,23.542
28.234375,4,85,4967.89,24.4687,1.18099,614.39,49.189,14.710,723.58,36.183,32.382,-0.074312,-0.004035,-0.025150,21.651,23.542
28.238281,4,85,4958.62,24.3084,1.17197,608.57,49.219,14.676,722.34,36.186,32.383,-0.071029,-0.021376,-0.006369,21.669,23.542
28.242188,4,85,4956.29,24.2114,1.16050,602.32,49.189,14.687,722.44,36.189,32.385,-0.027984,0.024316,-0.006612,21.652,23.542
28.246094,4,85,4962.96,24.2655,1.17776,612.11,49.196,14.698,723.06,36.191,32.387,0.004137,-0.010181,-0.026445,21.542,23.542
28.250000,4,85,4965.89,24.3809,1.16835,607.58,49.186,14.800,727.94,36.194,32.389,0.088368,0.082993,0.044534,21.714,23.542
28.253906,4,85,4962.09,24.2517,1.17280,609.42,49.215,14.678,722.38,36.197,32.391,-0.041721,-0.070918,0.032928,21.624,23.542
28.257813,4,85,4951.94,24.1610,1.16684,605.09,49.216,14.678,722.39,36.199,32.392,0.096987,0.045642,0.012411,21.662,23.542
28.261719,4,85,4964.57,24.2856,1.16287,604.56,49.184,14.733,724.62,36.202,32.394,-0.010636,-0.030583,0.001480,21.563,23.542
28.265625,4,85,4957.17,24.3530,1.17361,609.24,49.209,14.721,724.43,36.205,32.396,0.053706,-0.001860,-0.040426,21.553,23.542
28.269531,4,85,4956.95,24.2290,1.15963,601.95,49.144,14.862,730.36,36.208,32.398,-0.019188,-0.067876,0.028828,21.545,23.541
28.273438,4,85,4967.51,24.2010,1.17851,613.06,49.181,14.780,726.88,36.210,32.399,-0.083189,0.004511,-0.044462,21.581,23.541
28.277344,4,85,4971.12,24.2462,1.17997,614.26,49.195,14.651,720.74,36.213,32.401,-0.081328,0.004483,-0.044015,21.578,23.541
28.281250,4,85,4968.05,24.3842,1.18519,616.60,49.163,14.762,725.74,36.216,32.403,-0.064587,-0.027488,-0.006557,21.673,23.541
28.285156,4,85,4974.60,24.3593,1.18975,619.79,49.158,14.858,730.39,36.218,32.405,0.095834,0.082422,0.041998,21.700,23.541
28.289063,4,85,4965.04,24.3963,1.17751,612.23,49.187,14.723,724.19,36.221,32.407,-0.028079,0.022772,-0.006424,21.634,23.541
28.292969,4,85,4973.56,24.4363,1.17475,611.85,49.180,14.657,720.84,36.224,32.408,0.061834,-0.001477,-0.036799,21.661,23.541
28.296875,4,85,4961.57,24.3460,1.18807,617.29,49.177,14.602,718.10,36.226,32.410,-0.025218,0.025310,-0.002075,21.622,23.541
28.300781,4,85,4963.02,24.2527,1.17833,612.41,49.186,14.746,725.28,36.229,32.412,-0.017386,0.031234,0.001054,21.565,23.541
28.304688,4,85,4963.71,24.3174,1.17593,611.25,49.182,14.799,727.88,36.232,32.414,-0.035549,-0.081635,0.040737,21.760,23.541
28.308594,4,85,4969.19,24.4262,1.16663,607.08,49.216,14.788,727.79,36.234,32.415,-0.023090,-0.063117,0.029058,21.545,23.541
28.312500,4,85,4974.35,24.4723,1.18087,615.13,49.190,14.817,728.87,36.237,32.417,0.064389,-0.001882,-0.032388,21.708,23.541
28.316406,4,85,4957.46,24.2549,1.16071,602.58,49.197,14.548,715.70,36.240,32.419,-0.038445,-0.073723,0.035242,21.502,23.541
28.320313,4,85,4960.70,24.2181,1.18259,614.33,49.168,14.743,724.87,36.242,32.421,-0.018100,-0.042697,0.014762,21.630,23.541
28.324219,4,85,4963.95,24.3272,1.18466,615.81,49.182,14.677,721.87,36.245,32.422,0.031387,-0.001963,-0.043612,21.684,23.541
28.328125,4,85,4944.69,24.1125,1.17497,608.41,49.187,14.742,725.12,36.248,32.424,-0.028063,-0.086943,0.043330,21.572,23.541
28.332031,4,85,4956.37,24.2171,1.18150,613.23,49.200,14.647,720.65,36.250,32.426,0.001322,-0.009420,-0.026617,21.495,23.541
28.335938,4,85,4963.51,24.3123,1.16787,607.03,49.179,14.764,726.08,36.253,32.427,0.080999,0.084180,0.045743,21.582,23.541
28.339844,4,85,4967.85,24.3900,1.16680,607.00,49.198,14.722,724.28,36.256,32.429,-0.014872,-0.038370,0.009158,21.554,23.541
28.343750,4,85,4962.00,24.2778,1.16765,606.73,49.165,14.697,722.57,36.258,32.431,0.042331,0.074822,0.037103,21.550,23.541
28.347656,4,85,4963.47,24.3297,1.17484,610.65,49.199,14.833,729.79,36.261,32.433,0.056771,0.083018,0.042325,21.581,23.541
28.351563,4,85,4973.53,24.2288,1.18018,614.67,49.195,14.743,725.26,36.264,32.435,0.093696,0.075814,0.039124,21.588,23.541
28.355469,4,85,4980.05,24.5076,1.17339,611.93,49.195,14.817,728.94,36.266,32.436,-0.023006,-0.075251,0.038588,21.639,23.540
28.359375,4,85,4963.75,24.3494,1.18123,614.01,49.193,14.708,723.53,36.269,32.438,0.100147,0.064705,0.027083,21.623,23.540
28.363281,4,85,4953.49,24.2440,1.18012,612.16,49.188,14.573,716.83,36.272,32.440,-0.037395,-0.078554,0.041492,21.590,23.540
28.367188,4,85,4966.95,24.3763,1.18743,617.63,49.216,14.643,720.67,36.274,32.441,0.045234,-0.006134,-0.044425,21.508,23.540
28.371094,4,85,4948.16,24.1324,1.17687,609.82,49.209,14.708,723.75,36.277,32.443,-0.074044,-0.010374,-0.023697,21.494,23.540
28.375000,4,85,4959.91,24.3152,1.16280,603.96,49.205,14.736,725.10,36.279,32.445,-0.041388,-0.078268,0.036992,21.659,23.540
28.378906,4,85,4971.82,24.5034,1.17149,609.93,49.163,14.802,727.70,36.282,32.447,-0.032905,-0.086851,0.044579,21.804,23.540
28.382813,4,85,4960.26,24.2776,1.17287,609.23,49.219,14.613,719.25,36.285,32.448,-0.010066,-0.018601,-0.012435,21.669,23.540
28.386719,4,85,4961.40,24.3734,1.17385,609.88,49.177,14.706,723.18,36.287,32.450,0.054066,-0.002715,-0.041576,21.581,23.540
28.390625,4,85,4957.09,24.1295,1.17176,608.27,49.224,14.725,724.84,36.290,32.452,-0.032992,-0.086821,0.048030,21.670,23.540
28.394531,4,85,4967.66,24.3269,1.18099,614.37,49.204,14.713,723.93,36.293,32.453,-0.050739,0.009900,-0.024790,21.574,23.540
28.398438,4,85,4960.29,24.2638,1.18177,613.86,49.200,14.613,718.94,36.295,32.455,-0.076594,-0.010048,-0.022516,21.496,23.540
28.402344,4,85,4967.83,24.3285,1.17477,611.15,49.180,14.841,729.89,36.298,32.457,-0.040234,-0.072523,0.034969,21.594,23.540
28.406250,4,85,4963.85,24.3805,1.17728,611.96,49.178,14.682,722.04,36.301,32.459,0.069696,0.086519,0.042675,21.680,23.540
28.410156,4,85,4971.03,24.3755,1.17718,612.80,49.180,14.761,725.94,36.303,32.460,-0.082386,0.005261,-0.042467,21.495,23.540
28.414063,4,85,4962.85,24.3153,1.17840,612.42,49.188,14.550,715.70,36.306,32.462,0.079324,0.010271,-0.021915,21.503,23.540
28.417969,4,85,4959.81,24.2408,1.18021,612.99,49.181,14.813,728.53,36.308,32.464,0.095280,0.073812,0.032599,21.543,23.540
28.421875,4,85,4962.68,24.3569,1.16441,605.13,49.190,14.634,719.82,36.311,32.465,-0.083061,0.005586,-0.044366,21.582,23.540
28.425781,4,85,4961.98,24.3511,1.17548,610.80,49.194,14.680,722.17,36.314,32.467,-0.081424,0.002492,-0.045683,21.642,23.540
28.429688,4,85,4965.30,24.2627,1.17524,611.08,49.188,14.750,725.55,36.316,32.469,-0.063257,-0.035815,0.003338,21.614,23.540
28.433594,4,85,4961.81,24.2395,1.17176,608.85,49.210,14.711,723.91,36.319,32.471,0.016161,-0.001585,-0.039902,21.657,23.540
28.437500,4,85,4971.54,24.3243,1.18302,615.90,49.175,14.773,726.48,36.322,32.472,0.051469,-0.001325,-0.043689,21.593,23.539
28.441406,4,85,4970.48,24.2504,1.17628,612.26,49.176,14.681,721.97,36.324,32.474,0.094985,0.076404,0.038227,21.597,23.539
28.445313,4,85,4956.99,24.3229,1.17284,608.81,49.210,14.694,723.08,36.327,32.476,0.057469,0.082708,0.042888,21.705,23.539
28.449219,4,85,4950.49,24.2430,1.17765,610.51,49.165,14.779,726.60,36.329,32.477,0.054180,-0.005241,-0.043581,21.558,23.539
28.453125,4,85,4967.24,24.4097,1.16974,608.46,49.177,14.865,731.01,36.332,32.479,-0.027817,-0.084820,0.045459,21.602,23.539
28.457031,4,85,4961.44,24.2892,1.16341,604.46,49.189,14.762,726.15,36.335,32.481,0.095175,0.076344,0.035131,21.524,23.539
28.460938,4,85,4978.93,24.5399,1.17597,613.14,49.196,14.780,727.13,36.337,32.483,-0.078496,-0.004968,-0.028098,21.673,23.539
28.464844,4,85,4966.69,24.3701,1.16828,607.63,49.196,14.705,723.41,36.340,32.484,0.068915,0.000820,-0.031543,21.618,23.539
28.468750,4,85,4960.58,24.2365,1.17904,612.48,49.189,14.815,728.73,36.343,32.486,-0.059083,-0.038899,0.007003,21.508,23.539
28.472656,4,85,4958.24,24.2988,1.17778,611.53,49.182,14.634,719.71,36.345,32.488,-0.052862,0.007026,-0.025431,21.623,23.539
28.476563,4,85,4962.77,24.3988,1.17978,613.13,49.198,14.766,726.47,36.348,32.489,0.012162,-0.004217,-0.038711,21.618,23.539
28.480469,4,85,4962.05,24.2195,1.17535,610.74,49.172,14.914,733.37,36.351,32.491,0.020751,-0.000320,-0.040193,21.562,23.539
28.484375,4,85,4960.50,24.3211,1.17488,610.30,49.204,14.710,723.78,36.353,32.493,-0.023526,0.028800,-0.001699,21.631,23.539
28.488281,4,85,4970.45,24.2975,1.18056,614.49,49.217,14.676,722.30,36.356,32.495,0.015812,0.055934,0.024423,21.629,23.539
28.492188,4,85,4966.27,24.2851,1.17915,613.23,49.208,14.823,729.39,36.358,32.496,0.035424,-0.004238,-0.044305,21.498,23.539
28.496094,4,85,4966.97,24.2930,1.18460,616.16,49.199,14.693,722.89,36.361,32.498,0.012848,0.050192,0.020145,21.628,23.539
28.500000,4,85,4961.58,24.2872,1.17082,608.33,49.181,14.705,723.23,36.364,32.500,-0.079960,-0.005564,-0.024566,21.584,23.539
28.503906,4,85,4967.97,24.3279,1.18843,618.27,49.171,14.746,725.10,36.366,32.501,0.091618,0.081024,0.040225,21.651,23.539
28.507813,4,85,4963.20,24.3263,1.17605,611.25,49.192,14.845,730.23,36.369,32.503,0.098794,0.053045,0.019576,21.641,23.539
28.511719,4,85,4968.10,24.3186,1.17518,611.40,49.151,14.804,727.65,36.372,32.505,-0.079234,0.000509,-0.046809,21.580,23.539
28.515625,4,85,4953.68,24.1447,1.16592,604.82,49.208,14.640,720.39,36.374,32.507,0.056317,0.001202,-0.042244,21.634,23.539
28.519531,4,85,4969.32,24.2854,1.18437,616.33,49.209,14.857,731.13,36.377,32.508,0.054856,0.078741,0.039643,21.627,23.539
28.523438,4,85,4965.55,24.4199,1.17139,609.11,49.192,14.683,722.30,36.379,32.510,-0.028407,-0.083868,0.046268,21.574,23.538
28.527344,4,85,4961.65,24.3090,1.17486,610.44,49.183,14.763,726.11,36.382,32.512,0.055295,0.078751,0.040763,21.533,23.538
28.531250,4,85,4967.22,24.2829,1.17525,611.32,49.209,14.731,724.91,36.385,32.513,0.035035,0.068052,0.030947,21.605,23.538
28.535156,4,85,4967.50,24.4734,1.17341,610.40,49.158,14.877,731.35,36.387,32.515,-0.014740,-0.040129,0.010482,21.602,23.538
28.539063,4,85,4967.26,24.4026,1.18381,615.78,49.224,14.640,720.66,36.390,32.517,-0.054944,-0.047529,0.013099,21.539,23.538
28.542969,4,85,4959.13,24.1684,1.16975,607.48,49.192,14.590,717.69,36.392,32.518,0.099421,0.067326,0.035899,21.604,23.538
28.546875,4,85,4966.81,24.2650,1.18776,617.78,49.199,14.720,724.23,36.395,32.520,0.093185,0.079633,0.039805,21.659,23.538
28.550781,4,85,4957.92,24.2486,1.17072,607.83,49.187,14.785,727.20,36.398,32.522,0.093120,0.026862,-0.003591,21.685,23.538
28.554688,4,85,4973.44,24.4940,1.18652,617.96,49.209,14.702,723.46,36.400,32.524,-0.044373,0.011567,-0.018315,21.666,23.538
28.558594,4,85,4960.79,24.3299,1.17346,609.60,49.210,14.638,720.32,36.403,32.525,0.087601,0.020920,-0.008715,21.504,23.538
28.562500,4,85,4966.98,24.3342,1.18742,617.62,49.201,14.779,727.13,36.405,32.527,-0.016215,-0.048548,0.018804,21.519,23.538
28.566406,4,85,4962.73,24.2231,1.17726,611.82,49.222,14.699,723.50,36.408,32.529,-0.083369,-0.001334,-0.042029,21.617,23.538
28.570313,4,85,4970.91,24.3645,1.18630,617.53,49.193,14.766,726.40,36.410,32.530,0.025285,0.059048,0.028776,21.700,23.538
28.574219,4,85,4962.80,24.2681,1.17728,611.84,49.208,14.653,721.06,36.413,32.532,-0.014616,-0.040106,0.011900,21.538,23.538
28.578125,4,85,4960.44,24.2690,1.16243,603.83,49.177,14.738,724.77,36.416,32.534,-0.050712,-0.054227,0.018454,21.619,23.538
28.582031,4,85,4975.37,24.5025,1.16964,609.40,49.187,14.793,727.61,36.418,32.535,0.090532,0.083533,0.041433,21.621,23.538
28.585938,4,85,4966.82,24.5124,1.18742,617.61,49.197,14.666,721.49,36.421,32.537,0.024763,-0.000702,-0.043282,21.558,23.538
28.589844,4,85,4963.53,24.2825,1.18022,613.46,49.157,14.787,726.88,36.423,32.539,0.088616,0.082730,0.041949,21.607,23.538
28.593750,4,85,4954.29,24.1426,1.17054,607.29,49.205,14.574,717.10,36.426,32.540,0.043741,0.076460,0.038766,21.663,23.538
28.597656,4,85,4974.64,24.5241,1.18692,618.32,49.186,14.774,726.67,36.428,32.542,0.056064,0.081335,0.042511,21.603,23.538
28.601563,4,85,4964.32,24.4132,1.17658,611.66,49.198,14.735,724.93,36.431,32.544,-0.012724,-0.030084,0.002559,21.623,23.538
28.605469,4,85,4971.96,24.4096,1.17573,612.16,49.222,14.714,724.22,36.434,32.545,-0.001790,-0.017964,-0.017902,21.770,23.537
28.609375,4,85,4964.92,24.2817,1.17619,611.53,49.210,14.673,722.07,36.436,32.547,0.006954,-0.003937,-0.032748,21.551,23.537
28.613281,4,85,4960.27,24.2337,1.16631,605.82,49.204,14.682,722.43,36.439,32.548,-0.018077,-0.054778,0.024982,21.462,23.537
28.617188,4,85,4971.95,24.4891,1.18736,618.21,49.197,14.783,727.30,36.441,32.550,0.008950,-0.006375,-0.032647,21.581,23.537
28.621094,4,85,4959.10,24.2095,1.16060,602.72,49.205,14.713,723.93,36.444,32.552,-0.029811,-0.084540,0.045140,21.639,23.537
28.625000,4,85,4966.79,24.4300,1.17880,613.12,49.228,14.778,727.51,36.446,32.553,-0.028567,-0.084415,0.044089,21.586,23.537
28.628906,4,85,4972.54,24.4012,1.19044,619.89,49.179,14.775,726.64,36.449,32.555,-0.040489,-0.071543,0.033672,21.614,23.537
28.632813,4,85,4961.39,24.3611,1.16667,606.15,49.178,14.689,722.38,36.451,32.557,-0.046689,-0.069544,0.030953,21.623,23.537
28.636719,4,85,4957.18,24.2723,1.17237,608.60,49.196,14.668,721.61,36.454,32.558,-0.014956,0.031132,0.002982,21.490,23.537
28.640625,4,85,4974.08,24.3508,1.17501,612.05,49.187,14.748,725.41,36.457,32.560,0.025374,-0.006367,-0.044200,21.507,23.537
28.644531,4,85,4967.47,24.3322,1.18311,615.44,49.196,14.687,722.52,36.459,32.562,-0.019798,-0.068065,0.032919,21.648,23.537
28.648438,4,85,4955.45,24.1325,1.17932,611.99,49.182,14.656,720.80,36.462,32.563,0.086227,0.086537,0.040660,21.630,23.537
28.652344,4,85,4961.77,24.3005,1.17253,609.24,49.193,14.768,726.47,36.464,32.565,-0.007516,-0.024369,-0.006859,21.622,23.537
28.656250,4,85,4971.26,24.3865,1.18372,616.23,49.199,14.767,726.53,36.467,32.567,0.051518,-0.001266,-0.042908,21.670,23.537
28.660156,4,85,4963.49,24.3708,1.17123,608.78,49.173,14.639,719.87,36.469,32.568,-0.050800,0.006941,-0.024813,21.521,23.537
28.664063,4,85,4967.15,24.4005,1.17975,613.66,49.154,14.900,732.39,36.472,32.570,0.004623,0.043554,0.012502,21.667,23.537
28.667969,4,85,4966.36,24.2407,1.18001,613.70,49.175,14.878,731.61,36.475,32.572,-0.042046,0.015954,-0.015602,21.554,23.537
28.671875,4,85,4966.70,24.2655,1.19052,619.20,49.183,14.627,719.42,36.477,32.573,0.000861,-0.011033,-0.023427,21.468,23.537
28.675781,4,85,4969.35,24.4505,1.18683,617.62,49.218,14.765,726.73,36.480,32.575,0.016524,0.056416,0.026092,21.600,23.537
28.679688,4,85,4973.42,24.3795,1.18655,617.97,49.187,14.825,729.20,36.482,32.577,0.068749,0.001961,-0.032860,21.644,23.537
28.683594,4,85,4954.38,24.3173,1.16637,605.14,49.193,14.697,722.97,36.485,32.578,-0.020811,-0.051056,0.018553,21.442,23.537
28.687500,4,85,4974.67,24.4943,1.17129,610.18,49.171,14.756,725.55,36.487,32.580,-0.020740,-0.063647,0.032880,21.611,23.536
28.691406,4,85,4960.14,24.3523,1.17583,610.76,49.205,14.676,722.14,36.490,32.582,-0.062784,0.007879,-0.029463,21.653,23.536
28.695313,4,85,4959.84,24.2039,1.16809,606.70,49.185,14.684,722.23,36.492,32.583,0.069239,0.084959,0.047515,21.521,23.536
28.699219,4,85,4968.36,24.2464,1.18936,618.81,49.201,14.710,723.76,36.495,32.585,-0.014635,-0.035842,0.006715,21.680,23.536
28.703125,4,85,4950.14,24.1008,1.16462,603.71,49.189,14.719,724.02,36.497,32.586,0.078335,0.087295,0.047443,21.497,23.536
28.707031,4,85,4966.99,24.3012,1.16892,608.00,49.178,14.812,728.44,36.500,32.588,-0.014990,-0.031195,0.003649,21.637,23.536
28.710938,4,85,4957.65,24.3093,1.17525,610.15,49.173,14.564,716.14,36.502,32.590,0.044116,-0.004062,-0.045079,21.539,23.536
28.714844,4,85,4969.46,24.3475,1.18290,615.58,49.184,14.684,722.21,36.505,32.591,0.056223,-0.000643,-0.040779,21.512,23.536
28.718750,4,85,4954.42,24.3936,1.17396,609.08,49.225,14.654,721.32,36.507,32.593,-0.000769,-0.014591,-0.025432,21.682,23.536
28.722656,4,85,4970.27,24.3840,1.18176,615.09,49.172,14.820,728.71,36.510,32.595,0.040107,-0.003458,-0.046546,21.593,23.536
28.726563,4,85,4960.36,24.3757,1.17584,610.79,49.168,14.763,725.87,36.513,32.596,-0.053783,0.007659,-0.026186,21.695,23.536
28.730469,4,85,4966.49,24.4229,1.19479,621.40,49.195,14.765,726.38,36.515,32.598,0.101244,0.057147,0.022830,21.641,23.536
28.734375,4,85,4961.03,24.2362,1.18337,614.78,49.169,14.834,729.37,36.518,32.599,-0.068525,0.005385,-0.039714,21.633,23.536
28.738281,4,85,4961.70,24.1943,1.17713,611.62,49.187,14.825,729.18,36.520,32.601,-0.021820,-0.063927,0.034213,21.599,23.536
28.742188,4,85,4957.44,24.1520,1.16439,604.49,49.198,14.770,726.65,36.523,32.603,-0.082706,0.002855,-0.043125,21.548,23.536
28.746094,4,85,4961.95,24.2599,1.17220,609.09,49.174,14.823,728.92,36.525,32.604,0.059032,0.002233,-0.037360,21.587,23.536
28.750000,4,85,4964.37,24.4112,1.16258,604.39,49.189,14.752,725.64,36.528,32.606,-0.079061,-0.004427,-0.033918,21.576,23.536
28.753906,4,85,4953.73,24.2244,1.16487,604.28,49.181,14.745,725.15,36.531,32.608,0.006915,0.046400,0.018255,21.485,23.536
28.757813,4,85,4952.10,24.1874,1.15752,600.27,49.221,14.483,712.89,36.533,32.609,-0.019585,-0.071307,0.036202,21.622,23.536
28.761719,4,85,4963.31,24.2361,1.18088,613.77,49.192,14.663,721.31,36.535,32.611,0.087842,0.021710,-0.013280,21.494,23.536
28.765625,4,85,4964.49,24.2482,1.17544,611.09,49.192,14.702,723.22,36.538,32.612,0.091042,0.082812,0.043106,21.619,23.536
28.769531,4,85,4961.33,24.2649,1.16442,604.97,49.172,14.706,723.11,36.540,32.614,-0.037537,0.014822,-0.016997,21.725,23.535
28.773438,4,85,4964.99,24.3099,1.19148,619.49,49.221,14.742,725.63,36.543,32.616,0.019005,0.056901,0.024486,21.622,23.535
28.777344,4,85,4978.63,24.4702,1.17767,613.99,49.208,14.772,726.89,36.545,32.617,-0.071653,0.000561,-0.042182,21.589,23.535
28.781250,4,85,4961.19,24.3159,1.16362,604.54,49.210,14.615,719.20,36.548,32.619,-0.082647,0.000878,-0.043941,21.548,23.535
28.785156,4,85,4963.31,24.1596,1.18076,613.71,49.185,14.803,728.08,36.550,32.620,0.101344,0.060556,0.024831,21.575,23.535
28.789063,4,85,4960.86,24.3197,1.17806,612.00,49.214,14.637,720.33,36.553,32.622,0.043341,-0.003144,-0.045157,21.571,23.535
28.792969,4,85,4967.92,24.3421,1.17960,613.67,49.193,14.684,722.37,36.555,32.624,0.036968,0.069172,0.034731,21.649,23.535
28.796875,4,85,4968.97,24.4259,1.18075,614.40,49.185,14.839,729.85,36.558,32.625,-0.078953,0.004886,-0.044757,21.617,23.535
28.800781,4,85,4959.79,24.3510,1.17620,610.90,49.211,14.649,720.89,36.560,32.627,-0.077848,-0.003067,-0.032069,21.639,23.535
28.804688,4,85,4973.34,24.4784,1.17143,610.09,49.166,14.910,733.04,36.563,32.629,-0.030919,-0.082979,0.044226,21.583,23.535
28.808594,4,85,4956.63,24.1895,1.16378,604.07,49.178,14.795,727.57,36.566,32.630,-0.061227,0.003087,-0.030963,21.476,23.535
28.812500,4,85,4959.86,24.1451,1.17645,611.04,49.197,14.723,724.34,36.568,32.632,-0.080340,-0.002693,-0.034937,21.570,23.535
28.816406,4,85,4955.62,24.2460,1.16334,603.72,49.197,14.702,723.30,36.571,32.633,0.061081,0.082465,0.042028,21.597,23.535
28.820313,4,85,4969.21,24.4545,1.18484,616.56,49.192,14.668,721.57,36.573,32.635,-0.052560,0.008687,-0.025672,21.630,23.535
28.824219,4,85,4961.77,24.3629,1.17090,608.40,49.223,14.652,721.23,36.575,32.637,-0.048477,-0.059068,0.025942,21.537,23.535
28.828125,4,85,4965.98,24.2938,1.18639,616.97,49.205,14.753,725.91,36.578,32.638,0.018266,0.060266,0.025364,21.549,23.535
28.832031,4,85,4963.29,24.3573,1.17633,611.40,49.197,14.648,720.66,36.580,32.640,0.043425,0.069946,0.037895,21.592,23.535
28.835938,4,85,4968.15,24.2893,1.16914,608.26,49.190,14.645,720.40,36.583,32.641,-0.058038,-0.041626,0.007215,21.474,23.535
28.839844,4,85,4952.43,24.3309,1.17589,609.84,49.173,14.826,729.05,36.585,32.643,-0.009907,-0.031527,0.003387,21.556,23.535
28.843750,4,85,4961.51,24.2529,1.18150,613.87,49.205,14.710,723.80,36.588,32.644,0.102077,0.071462,0.031199,21.540,23.535
28.847656,4,85,4958.17,24.2398,1.17090,607.95,49.206,14.728,724.69,36.590,32.646,-0.076503,0.004830,-0.040425,21.528,23.535
28.851563,4,85,4975.57,24.4333,1.17726,613.40,49.194,14.710,723.66,36.593,32.648,-0.026576,-0.083121,0.044011,21.591,23.534
28.855469,4,85,4954.25,24.1896,1.17712,610.70,49.199,14.661,721.29,36.595,32.649,-0.036593,-0.078297,0.039521,21.559,23.534
28.859375,4,85,4971.65,24.4103,1.17630,612.42,49.184,14.762,726.04,36.598,32.651,0.041242,-0.003824,-0.046461,21.617,23.534
28.863281,4,85,4966.19,24.2588,1.18360,615.54,49.184,14.684,722.21,36.600,32.652,0.026635,0.064271,0.031601,21.673,23.534
28.867188,4,85,4965.77,24.3611,1.18320,615.28,49.192,14.765,726.33,36.603,32.654,0.097001,0.073913,0.035778,21.615,23.534
28.871094,4,85,4974.82,24.5378,1.18139,615.46,49.184,14.735,724.73,36.605,32.656,-0.079984,0.005409,-0.044910,21.680,23.534
28.875000,4,85,4961.52,24.2965,1.17084,608.33,49.210,14.657,721.26,36.608,32.657,-0.069114,-0.012262,-0.019117,21.576,23.534
28.878906,4,85,4961.33,24.3147,1.17823,612.15,49.209,14.752,725.95,36.610,32.659,-0.009667,0.031823,0.007000,21.493,23.534
28.882813,4,85,4975.28,24.4099,1.17987,614.72,49.190,14.885,732.21,36.613,32.660,0.019661,0.058941,0.025324,21.493,23.534
28.886719,4,85,4967.53,24.4861,1.16965,608.45,49.181,14.879,731.76,36.615,32.662,-0.032282,-0.084388,0.046393,21.466,23.534
28.890625,4,85,4959.56,24.3463,1.16666,605.92,49.183,14.723,724.14,36.618,32.664,0.077660,0.087004,0.049635,21.686,23.534
28.894531,4,85,4974.76,24.3673,1.17664,612.98,49.202,14.736,725.03,36.620,32.665,-0.071407,-0.020255,-0.013616,21.516,23.534
28.898438,4,85,4957.82,24.2683,1.17601,610.57,49.200,14.775,726.92,36.623,32.667,-0.061670,0.007213,-0.030926,21.585,23.534
28.902344,4,85,4958.84,24.3512,1.18523,615.47,49.192,14.679,722.08,36.625,32.668,-0.063694,-0.030235,0.002613,21.572,23.534
28.906250,4,85,4969.54,24.4161,1.17022,608.99,49.163,14.848,729.97,36.628,32.670,0.099148,0.045868,0.013557,21.634,23.534
28.910156,4,85,4968.59,24.4570,1.18210,615.06,49.154,14.777,726.34,36.630,32.672,0.055285,0.081042,0.044321,21.748,23.534
28.914063,4,85,4966.71,24.4168,1.17062,608.85,49.204,14.668,721.74,36.633,32.673,-0.015145,-0.038568,0.008777,21.632,23.534
28.917969,4,85,4958.32,24.2593,1.16859,606.77,49.190,14.758,725.93,36.635,32.675,-0.077630,-0.006448,-0.022897,21.553,23.534
28.921875,4,85,4966.59,24.3485,1.17883,613.11,49.200,14.755,725.94,36.638,32.676,0.057533,0.081152,0.041035,21.719,23.534
28.925781,4,85,4958.94,24.1237,1.17207,608.66,49.220,14.592,718.20,36.640,32.678,-0.062318,-0.043570,0.009257,21.577,23.534
28.929688,4,85,4962.10,24.2425,1.16113,603.36,49.162,14.720,723.65,36.642,32.679,-0.022619,-0.075186,0.035807,21.639,23.533
28.933594,4,85,4969.36,24.3668,1.17335,610.60,49.196,14.737,725.02,36.645,32.681,0.020501,-0.002624,-0.042880,21.634,23.533
28.937500,4,85,4969.59,24.2458,1.17583,611.92,49.207,14.853,730.85,36.647,32.683,-0.079666,0.002777,-0.038633,21.632,23.533
28.941406,4,85,4963.07,24.4686,1.18668,616.76,49.193,14.712,723.74,36.650,32.684,-0.001813,0.038448,0.013060,21.576,23.533
28.945313,4,85,4956.98,24.3959,1.17158,608.16,49.194,14.729,724.57,36.652,32.686,0.023506,-0.006015,-0.041306,21.562,23.533
28.949219,4,85,4967.46,24.2828,1.17256,609.95,49.185,14.788,727.33,36.655,32.687,-0.071269,-0.015766,-0.017278,21.593,23.533
28.953125,4,85,4960.05,24.3805,1.17707,611.39,49.211,14.694,723.09,36.657,32.689,-0.016300,-0.046980,0.015190,21.572,23.533
28.957031,4,85,4962.65,24.2876,1.17945,612.95,49.184,14.778,726.85,36.660,32.690,0.062737,0.083910,0.044300,21.584,23.533
28.960938,4,85,4965.46,24.3968,1.17338,610.14,49.201,14.796,728.00,36.662,32.692,-0.075843,-0.009765,-0.020589,21.539,23.533
28.964844,4,85,4949.00,24.1440,1.17674,609.86,49.195,14.656,721.01,36.665,32.694,0.094708,0.082357,0.037371,21.523,23.533
28.968750,4,85,4956.38,24.2100,1.16302,603.64,49.187,14.721,724.11,36.667,32.695,0.021946,0.058567,0.027996,21.594,23.533
28.972656,4,85,4968.24,24.3447,1.17858,613.18,49.203,14.655,721.05,36.670,32.697,0.057816,0.078624,0.041632,21.606,23.533
28.976563,4,85,4955.26,24.2760,1.16099,602.46,49.177,14.649,720.38,36.672,32.698,0.087409,0.083246,0.041170,21.638,23.533
28.980469,4,85,4965.53,24.3289,1.17728,612.17,49.188,14.807,728.31,36.674,32.700,0.009373,-0.006891,-0.030997,21.671,23.533
28.984375,4,85,4959.74,24.1535,1.17547,610.52,49.214,14.605,718.77,36.677,32.701,-0.043004,0.013148,-0.020341,21.510,23.533
28.988281,4,85,4964.56,24.3612,1.17878,612.83,49.197,14.822,729.19,36.679,32.703,-0.026447,-0.082700,0.044284,21.620,23.533
28.992188,4,85,4967.57,24.4041,1.18318,615.49,49.209,14.618,719.34,36.682,32.704,0.028910,-0.006150,-0.044026,21.587,23.533
28.996094,4,85,4962.66,24.3578,1.17370,609.96,49.190,14.769,726.50,36.684,32.706,0.053218,-0.000145,-0.041855,21.688,23.533
29.000000,0,0,4942.71,24.0702,1.16214,601.52,49.200,14.639,720.22,36.686,32.707,-0.001449,0.042029,0.013288,21.447,23.533
29.003906,0,0,4908.67,23.7166,1.13748,584.71,49.200,14.528,714.75,36.689,32.709,-0.077847,0.003134,-0.042649,21.346,23.533
29.007813,0,0,4879.28,23.4771,1.13456,579.71,49.226,14.275,702.70,36.691,32.710,-0.016383,0.032132,0.001252,21.171,23.533
29.011719,0,0,4856.63,23.1779,1.12041,569.83,49.222,14.206,699.24,36.693,32.711,0.040530,-0.002630,-0.043234,21.114,23.532
29.015625,0,0,4838.98,23.0988,1.11227,563.63,49.247,14.042,691.51,36.695,32.713,0.085723,0.080557,0.044523,21.063,23.532
29.019531,0,0,4792.51,22.6271,1.08737,545.72,49.257,14.033,691.24,36.697,32.714,-0.025398,0.020509,-0.005529,20.866,23.532
29.023438,0,0,4770.22,22.4267,1.08330,541.15,49.258,13.837,681.58,36.699,32.715,-0.018374,-0.037348,0.008569,20.937,23.532
29.027344,0,0,4744.73,22.2100,1.07288,533.08,49.263,13.718,675.79,36.701,32.716,-0.013279,-0.026863,-0.004716,20.642,23.532
29.031250,0,0,4730.92,22.1359,1.06633,528.28,49.268,13.807,680.25,36.703,32.717,0.070405,0.082926,0.045215,20.665,23.532
29.035156,0,0,4706.98,21.8896,1.05138,518.24,49.274,13.557,668.00,36.704,32.718,-0.073825,0.004916,-0.039594,20.526,23.532
29.039063,0,0,4658.66,21.4758,1.02973,502.36,49.292,13.322,656.66,36.706,32.718,-0.063696,-0.021305,-0.009404,20.263,23.532
29.042969,0,0,4645.25,21.2121,1.02535,498.78,49.281,13.321,656.49,36.707,32.719,-0.023033,-0.072529,0.036281,20.336,23.532
29.046875,0,0,4611.60,20.8732,1.02533,495.16,49.323,13.055,643.90,36.709,32.720,-0.022042,-0.073865,0.040915,20.047,23.532
29.050781,0,0,4593.08,20.7883,1.00897,485.30,49.316,13.119,647.00,36.710,32.720,-0.060916,0.003672,-0.032254,19.980,23.532
29.054688,0,0,4548.49,20.3299,0.97629,465.02,49.337,12.902,636.57,36.711,32.721,-0.031537,-0.079004,0.042861,19.708,23.532
29.058594,0,0,4547.82,20.4951,0.98498,469.09,49.345,12.863,634.73,36.713,32.721,-0.028775,-0.075183,0.038037,19.784,23.532
29.062500,0,0,4512.74,20.1304,0.96882,457.84,49.345,12.701,626.72,36.714,32.722,-0.066772,0.002431,-0.037563,19.617,23.532
29.066406,0,0,4495.41,19.8011,0.97034,456.79,49.366,12.782,630.97,36.715,32.722,-0.074042,-0.005149,-0.025509,19.604,23.532
29.070313,0,0,4459.58,19.6688,0.93303,435.73,49.359,12.529,618.43,36.716,32.723,-0.054588,-0.035777,0.005504,19.473,23.532
29.074219,0,0,4442.10,19.4410,0.93492,434.90,49.377,12.438,614.17,36.717,32.723,-0.018322,-0.059795,0.026650,19.159,23.532
29.078125,0,0,4417.01,19.1998,0.94405,436.67,49.381,12.449,614.76,36.718,32.723,-0.038137,-0.063000,0.029082,19.215,23.532
29.082031,0,0,4393.48,18.9420,0.92570,425.90,49.391,12.278,606.42,36.719,32.723,-0.018730,-0.066121,0.031751,18.980,23.532
29.085938,0,0,4365.20,18.8297,0.90846,415.28,49.403,12.188,602.11,36.720,32.724,0.079086,0.074949,0.038841,19.065,23.532
29.089844,0,0,4335.80,18.5074,0.90557,411.17,49.419,11.945,590.29,36.720,32.724,0.086859,0.064261,0.030139,18.897,23.531
29.093750,0,0,4306.68,18.2840,0.87037,392.53,49.450,11.879,587.40,36.721,32.723,0.049980,-0.002231,-0.034432,18.799,23.531
29.097656,0,0,4286.30,18.2066,0.87062,390.79,49.430,11.844,585.45,36.721,32.723,-0.048763,-0.036410,0.007987,18.562,23.531
29.101563,0,0,4265.06,17.8339,0.85213,380.59,49.438,11.712,579.01,36.722,32.723,-0.044900,-0.046613,0.016686,18.660,23.531
29.105469,0,0,4247.92,17.8432,0.85648,381.00,49.471,11.724,580.02,36.722,32.723,-0.035877,-0.065552,0.028283,18.373,23.531
29.109375,0,0,4219.68,17.5577,0.85411,377.42,49.439,11.509,569.00,36.723,32.723,0.080818,0.026058,-0.000353,18.250,23.531
29.113281,0,0,4198.51,17.4155,0.84466,371.37,49.453,11.469,567.17,36.723,32.723,0.079711,0.024970,-0.001673,18.325,23.531
29.117188,0,0,4176.71,17.2405,0.82514,360.90,49.482,11.470,567.55,36.723,32.722,-0.049486,0.009660,-0.021959,17.978,23.531
29.121094,0,0,4153.21,16.9705,0.82372,358.25,49.468,11.349,561.39,36.724,32.722,-0.069696,-0.002744,-0.028420,18.009,23.531
29.125000,0,0,4127.17,16.7828,0.81699,353.10,49.507,11.093,549.18,36.724,32.722,0.002615,-0.007260,-0.024043,18.027,23.531
29.128906,0,0,4112.92,16.6612,0.81263,350.00,49.539,11.062,548.00,36.724,32.721,-0.063578,-0.006795,-0.021226,17.887,23.531
29.132813,0,0,4079.09,16.3842,0.80407,343.47,49.488,11.073,548.01,36.724,32.721,-0.028271,-0.071984,0.040502,17.682,23.531
29.136719,0,0,4064.64,16.2787,0.79137,336.85,49.492,10.884,538.68,36.724,32.720,-0.064927,0.002334,-0.038292,17.754,23.531
29.140625,0,0,4036.56,16.0587,0.77527,327.71,49.517,10.849,537.20,36.724,32.719,-0.010727,-0.032162,0.005463,17.598,23.531
29.144531,0,0,4022.06,15.9904,0.77518,326.50,49.528,10.707,530.29,36.724,32.719,-0.045014,-0.032308,0.010389,17.582,23.531
29.148438,0,0,3996.57,15.7674,0.76938,322.00,49.500,10.713,530.28,36.724,32.718,-0.023921,-0.070308,0.036737,17.467,23.531
29.152344,0,0,3970.13,15.5401,0.74997,311.80,49.534,10.746,532.30,36.724,32.717,-0.000171,0.034035,0.012045,17.285,23.531
29.156250,0,0,3952.00,15.4784,0.74641,308.90,49.525,10.568,523.38,36.723,32.717,0.001025,-0.014230,-0.014757,17.277,23.531
29.160156,0,0,3930.89,15.1799,0.72708,299.30,49.552,10.466,518.64,36.723,32.716,0.000424,-0.009745,-0.013834,17.050,23.531
29.164063,0,0,3909.31,15.1902,0.73025,298.95,49.548,10.257,508.21,36.723,32.715,0.078397,0.035065,0.008046,17.017,23.531
29.167969,0,0,3877.41,14.8214,0.71059,288.53,49.573,10.219,506.58,36.722,32.714,-0.025277,0.016622,-0.009147,16.893,23.531
29.171875,0,0,3858.93,14.6323,0.70462,284.74,49.536,10.220,506.24,36.722,32.713,0.073815,0.023232,-0.002301,16.757,23.530
29.175781,0,0,3846.75,14.6054,0.69992,281.95,49.604,10.086,500.32,36.721,32.712,-0.018388,-0.059691,0.028726,16.694,23.530
29.179688,0,0,3824.19,14.3946,0.69304,277.54,49.583,10.155,503.52,36.721,32.711,-0.065994,0.000269,-0.035261,16.769,23.530
29.183594,0,0,3799.69,14.2026,0.68976,274.46,49.599,9.927,492.38,36.720,32.710,0.073647,0.053135,0.024003,16.491,23.530
29.187500,0,0,3773.30,14.0365,0.67505,266.74,49.581,10.031,497.37,36.720,32.709,-0.022167,-0.065070,0.032230,16.485,23.530
29.191406,0,0,3745.30,13.7391,0.66760,261.84,49.595,9.753,483.72,36.719,32.708,0.076023,0.033912,0.013104,16.205,23.530
29.195313,0,0,3734.69,13.8079,0.66057,258.35,49.620,9.676,480.11,36.718,32.706,0.054669,0.002748,-0.024895,16.202,23.530
29.199219,0,0,3708.76,13.5502,0.65399,254.00,49.615,9.629,477.72,36.717,32.705,-0.047126,0.003717,-0.027749,16.078,23.530
29.203125,0,0,3688.19,13.4911,0.65091,251.40,49.619,9.558,474.28,36.716,32.704,0.069091,0.060687,0.028588,16.039,23.530
29.207031,0,0,3667.08,13.2582,0.63390,243.43,49.640,9.380,465.62,36.715,32.702,0.059349,0.064574,0.034999,15.882,23.530
29.210938,0,0,3654.28,13.1773,0.65048,248.92,49.640,9.388,466.01,36.714,32.701,0.060477,0.065442,0.031555,15.780,23.530
29.214844,0,0,3626.71,12.9746,0.62385,236.93,49.604,9.323,462.46,36.713,32.699,-0.043922,0.002734,-0.023603,15.838,23.530
29.218750,0,0,3620.97,12.9954,0.62194,235.83,49.636,9.435,468.30,36.712,32.698,0.021718,-0.001250,-0.034647,15.694,23.530
29.222656,0,0,3594.95,12.7623,0.60409,227.42,49.645,9.247,459.05,36.711,32.697,-0.038163,0.009229,-0.019449,15.598,23.530
29.226563,0,0,3574.85,12.6431,0.61315,229.54,49.642,9.105,451.99,36.710,32.695,0.017124,-0.003441,-0.033753,15.474,23.530
29.230469,0,0,3549.18,12.4019,0.60230,223.86,49.653,9.076,450.66,36.709,32.693,0.053783,0.063592,0.032580,15.404,23.530
29.234375,0,0,3533.93,12.2268,0.59604,220.58,49.673,8.964,445.29,36.708,32.692,-0.051133,0.004851,-0.028129,15.229,23.530
29.238281,0,0,3515.19,12.2535,0.58976,217.10,49.683,8.923,443.33,36.707,32.690,-0.001861,0.029462,0.004162,15.345,23.530
29.242188,0,0,3494.91,12.1504,0.58783,215.14,49.670,8.972,445.63,36.705,32.689,0.029301,-0.004317,-0.033981,15.212,23.530
29.246094,0,0,3471.04,11.9144,0.57498,209.00,49.669,8.737,433.96,36.704,32.687,-0.035870,0.005481,-0.018642,15.095,23.530
29.250000,0,0,3463.50,11.8733,0.57347,208.00,49.691,8.861,440.30,36.703,32.685,-0.011784,-0.021327,0.002559,15.059,23.529
29.253906,0,0,3435.48,11.7403,0.55136,198.36,49.709,8.497,422.36,36.701,32.683,0.024582,0.048172,0.026886,15.045,23.529
29.257813,0,0,3415.86,11.5485,0.56312,201.43,49.672,8.676,430.95,36.700,32.681,-0.036891,-0.033085,0.010653,14.818,23.529
29.261719,0,0,3394.37,11.3569,0.55445,197.08,49.708,8.562,425.59,36.698,32.680,-0.001630,-0.012145,-0.013770,14.871,23.529
29.265625,0,0,3381.86,11.3845,0.55402,196.20,49.708,8.550,425.01,36.697,32.678,-0.015593,-0.052240,0.029403,14.856,23.529
29.269531,0,0,3358.92,11.0735,0.52972,186.33,49.706,8.461,420.58,36.695,32.676,-0.019361,-0.060313,0.032875,14.583,23.529
29.273438,0,0,3345.77,10.8819,0.52772,184.90,49.722,8.318,413.61,36.694,32.674,0.012536,-0.003665,-0.027148,14.598,23.529
29.277344,0,0,3314.67,10.8019,0.52993,183.95,49.738,8.153,405.49,36.692,32.672,-0.000603,-0.010489,-0.014114,14.391,23.529
29.281250,0,0,3296.33,10.7596,0.51441,177.57,49.728,8.182,406.88,36.690,32.670,-0.037637,-0.033089,0.007195,14.414,23.529
29.285156,0,0,3291.79,10.7665,0.52738,181.80,49.722,8.177,406.58,36.688,32.668,-0.041520,-0.034461,0.011227,14.272,23.529
29.289063,0,0,3265.07,10.5877,0.49961,170.83,49.723,8.138,404.64,36.687,32.666,-0.051892,0.005180,-0.030572,14.303,23.529
29.292969,0,0,3250.16,10.3602,0.51013,173.62,49.746,7.892,392.60,36.685,32.663,-0.055827,-0.002320,-0.023201,14.186,23.529
29.296875,0,0,3234.05,10.3284,0.50257,170.20,49.764,7.969,396.57,36.683,32.661,0.064959,0.052446,0.024604,14.161,23.529
29.300781,0,0,3208.66,10.0853,0.49116,165.04,49.744,7.984,397.15,36.681,32.659,-0.019327,0.012805,-0.004378,13.987,23.529
29.304688,0,0,3189.28,10.1215,0.48648,162.47,49.742,7.881,392.01,36.679,32.657,-0.035204,-0.028993,0.008522,13.903,23.529
29.308594,0,0,3183.50,10.0396,0.49386,164.64,49.747,7.846,390.31,36.677,32.655,0.046359,0.054232,0.028197,13.849,23.529
29.312500,0,0,3167.17,9.9759,0.47337,157.00,49.775,7.839,390.21,36.675,32.652,0.032857,-0.002005,-0.027012,13.889,23.529
29.316406,0,0,3139.68,9.6700,0.46574,153.13,49.735,7.841,389.96,36.673,32.650,0.044175,0.055461,0.026716,13.568,23.529
29.320313,0,0,3119.09,9.5434,0.47790,156.10,49.775,7.668,381.67,36.671,32.648,0.058023,0.015575,-0.002359,13.599,23.529
29.324219,0,0,3103.32,9.5560,0.46849,152.25,49.769,7.617,379.08,36.669,32.646,-0.041379,-0.012918,-0.003335,13.556,23.529
29.328125,0,0,3088.43,9.4656,0.44811,144.93,49.811,7.507,373.94,36.667,32.643,-0.026137,-0.051023,0.024381,13.429,23.528
29.332031,0,0,3070.64,9.3126,0.45079,144.96,49.788,7.323,364.62,36.665,32.641,0.066835,0.045380,0.022180,13.434,23.528
29.335938,0,0,3060.95,9.1993,0.43931,140.82,49.810,7.419,369.52,36.663,32.638,-0.020514,-0.057219,0.030479,13.294,23.528
29.339844,0,0,3038.78,9.1604,0.44920,142.95,49.795,7.301,363.55,36.660,32.636,-0.009396,0.019380,0.003368,13.282,23.528
29.343750,0,0,3018.86,8.9150,0.43792,138.44,49.797,7.226,359.83,36.658,32.633,-0.004540,-0.007461,-0.016342,13.125,23.528
29.347656,0,0,3009.84,8.8663,0.43143,135.98,49.798,7.297,363.39,36.656,32.631,0.061313,0.022753,0.003531,13.118,23.528
29.351563,0,0,2987.52,8.9037,0.42092,131.69,49.789,7.326,364.76,36.654,32.628,-0.009043,-0.027774,0.006184,12.956,23.528
29.355469,0,0,2968.06,8.5996,0.42475,132.02,49.796,7.277,362.37,36.651,32.626,0.058213,0.038246,0.015963,12.875,23.528
29.359375,0,0,2951.49,8.5839,0.41633,128.68,49.794,7.223,359.66,36.649,32.623,0.049751,0.009669,-0.008880,12.929,23.528
29.363281,0,0,2938.86,8.4773,0.40658,125.13,49.798,7.144,355.77,36.647,32.620,0.048675,0.005486,-0.012474,12.812,23.528
29.367188,0,0,2926.29,8.5272,0.40315,123.54,49.817,7.039,350.66,36.644,32.618,0.035677,0.001647,-0.024438,12.685,23.528
29.371094,0,0,2907.59,8.4038,0.40646,123.76,49.800,7.102,353.70,36.642,32.615,0.025390,0.000610,-0.025619,12.598,23.528
29.375000,0,0,2887.07,8.2172,0.39142,118.34,49.804,6.887,343.00,36.639,32.612,-0.006688,-0.022827,0.001860,12.629,23.528
29.378906,0,0,2876.09,8.1208,0.41266,124.29,49.844,6.804,339.13,36.637,32.610,0.038311,-0.004385,-0.021722,12.379,23.528
29.382813,0,0,2865.56,8.0687,0.39226,117.71,49.841,6.911,344.46,36.634,32.607,0.027471,-0.002166,-0.026343,12.449,23.528
29.386719,0,0,2844.72,7.8900,0.38715,115.33,49.846,6.837,340.81,36.632,32.604,0.038413,-0.001426,-0.021824,12.410,23.528
29.390625,0,0,2823.57,7.8773,0.37471,110.80,49.840,6.763,337.07,36.629,32.601,0.053939,0.049796,0.026486,12.309,23.528
29.394531,0,0,2807.63,7.6503,0.37733,110.94,49.853,6.689,333.44,36.626,32.599,-0.009509,-0.030409,0.009978,12.125,23.528
29.398438,0,0,2796.24,7.8365,0.38197,111.85,49.867,6.649,331.57,36.624,32.596,0.047552,0.051340,0.027374,12.128,23.528
29.402344,0,0,2786.94,7.6961,0.37179,108.51,49.860,6.603,329.21,36.621,32.593,-0.034987,-0.017893,-0.000147,12.143,23.528
29.406250,0,0,2757.82,7.5003,0.36252,104.70,49.852,6.493,323.68,36.618,32.590,-0.022437,-0.047079,0.022651,11.985,23.527
29.410156,0,0,2743.46,7.4682,0.36460,104.75,49.820,6.638,330.69,36.616,32.587,-0.044403,-0.000642,-0.018616,11.957,23.527
29.414063,0,0,2733.22,7.3799,0.35655,102.05,49.870,6.272,312.76,36.613,32.584,-0.027173,0.005557,-0.007596,11.884,23.527
29.417969,0,0,2717.46,7.3848,0.35352,100.60,49.835,6.455,321.67,36.610,32.581,0.009999,-0.002552,-0.022466,11.903,23.527
29.421875,0,0,2695.70,7.2119,0.35079,99.03,49.886,6.210,309.80,36.607,32.578,-0.040725,-0.001867,-0.019822,11.786,23.527
29.425781,0,0,2685.78,7.0838,0.34064,95.81,49.905,6.235,311.14,36.604,32.575,0.054987,0.024122,0.004558,11.632,23.527
29.429688,0,0,2668.28,7.0014,0.33692,94.14,49.888,6.168,307.73,36.601,32.572,-0.045849,-0.000061,-0.019951,11.482,23.527
29.433594,0,0,2647.96,6.9435,0.33192,92.04,49.921,6.045,301.76,36.598,32.569,0.000942,0.026846,0.009494,11.471,23.527
29.437500,0,0,2646.31,6.9144,0.33353,92.43,49.913,6.227,310.81,36.595,32.566,0.016091,-0.001245,-0.025818,11.637,23.527
29.441406,0,0,2633.82,6.7838,0.32834,90.56,49.898,6.172,307.95,36.592,32.563,0.004497,-0.004024,-0.016699,11.284,23.527
29.445313,0,0,2617.08,6.7193,0.32832,89.98,49.894,6.094,304.07,36.589,32.559,0.013183,0.000013,-0.025587,11.386,23.527
29.449219,0,0,2606.52,6.6721,0.31425,85.77,49.931,6.078,303.47,36.586,32.556,0.017863,-0.004066,-0.024928,11.230,23.527
29.453125,0,0,2580.01,6.5979,0.31607,85.40,49.895,5.879,293.32,36.583,32.553,-0.008759,-0.029637,0.010161,11.238,23.527
29.457031,0,0,2577.82,6.5534,0.31820,85.90,49.871,6.190,308.69,36.580,32.550,-0.015369,-0.045863,0.025516,11.295,23.527
29.460938,0,0,2558.38,6.5014,0.30893,82.77,49.907,6.004,299.63,36.577,32.547,0.050327,0.017013,-0.000783,11.065,23.527
29.464844,0,0,2537.06,6.3146,0.30149,80.10,49.885,5.903,294.49,36.574,32.544,-0.030566,0.004386,-0.015078,11.128,23.527
29.468750,0,0,2536.38,6.3524,0.30454,80.89,49.926,5.780,288.59,36.571,32.540,-0.036089,-0.006144,-0.009437,11.037,23.527
29.472656,0,0,2515.71,6.1226,0.30424,80.15,49.934,5.851,292.14,36.568,32.537,-0.039627,-0.005767,-0.011855,10.872,23.527
29.476563,0,0,2492.48,6.1181,0.29244,76.33,49.911,5.796,289.31,36.565,32.534,-0.013038,-0.027450,0.013940,10.855,23.527
29.480469,0,0,2491.95,6.1402,0.29821,77.82,49.948,5.668,283.09,36.561,32.530,0.003397,-0.002429,-0.016393,10.779,23.527
29.484375,0,0,2474.28,6.0220,0.29407,76.20,49.933,5.738,286.52,36.558,32.527,-0.036075,0.003320,-0.019257,10.826,23.526
29.488281,0,0,2455.39,5.8910,0.29026,74.63,49.946,5.672,283.29,36.555,32.524,-0.041869,0.001521,-0.016817,10.819,23.526
29.492188,0,0,2449.66,5.8856,0.28975,74.33,49.949,5.643,281.87,36.552,32.520,0.046317,0.044236,0.021836,10.696,23.526
29.496094,0,0,2434.95,5.8754,0.27397,69.86,49.982,5.577,278.77,36.548,32.517,0.021683,0.037721,0.018950,10.561,23.526
29.500000,0,0,2411.54,5.7681,0.28312,71.50,49.924,5.558,277.47,36.545,32.514,-0.029256,-0.028407,0.006925,10.471,23.526
29.503906,0,0,2396.04,5.7023,0.26928,67.57,49.967,5.400,269.84,36.541,32.510,0.049109,0.015914,-0.001873,10.513,23.526
29.507813,0,0,2397.49,5.6747,0.27194,68.27,49.911,5.514,275.21,36.538,32.507,0.041959,0.044518,0.023175,10.445,23.526
29.511719,0,0,2382.87,5.6588,0.26251,65.51,49.955,5.490,274.26,36.535,32.503,0.026455,0.039422,0.024331,10.277,23.526
29.515625,0,0,2361.02,5.5224,0.26049,64.40,49.961,5.388,269.19,36.531,32.500,-0.008992,-0.011260,-0.002728,10.181,23.526
29.519531,0,0,2345.59,5.5601,0.26611,65.37,49.960,5.426,271.08,36.528,32.496,0.018982,0.033511,0.015141,10.237,23.526
29.523438,0,0,2339.84,5.4971,0.26500,64.93,49.968,5.317,265.70,36.525,32.493,0.015253,-0.001254,-0.026067,10.152,23.526
29.527344,0,0,2326.24,5.3823,0.26389,64.28,49.962,5.295,264.54,36.521,32.489,-0.038824,-0.001295,-0.024058,10.165,23.526
29.531250,0,0,2308.46,5.1812,0.25165,60.83,49.988,5.204,260.13,36.518,32.486,0.044369,0.017225,0.003837,10.037,23.526
29.535156,0,0,2309.04,5.1770,0.26100,63.11,49.970,5.199,259.78,36.514,32.482,-0.020397,-0.035323,0.015859,9.971,23.526
29.539063,0,0,2289.39,5.0884,0.24248,58.13,49.954,5.297,264.59,36.511,32.479,0.046439,0.040963,0.022489,9.987,23.526
29.542969,0,0,2267.03,5.0792,0.24518,58.21,49.981,5.209,260.33,36.507,32.475,0.039040,0.002323,-0.009807,9.890,23.526
29.546875,0,0,2261.43,5.0603,0.23326,55.24,49.994,5.122,256.08,36.503,32.471,-0.019896,-0.035015,0.017405,9.903,23.526
29.550781,0,0,2238.18,4.8346,0.23541,55.18,49.971,5.147,257.20,36.500,32.468,0.013474,-0.000440,-0.020503,9.783,23.526
29.554688,0,0,2227.49,4.9816,0.23330,54.42,49.982,5.121,255.96,36.496,32.464,0.044761,0.013265,-0.002870,9.727,23.526
29.558594,0,0,2232.25,4.8706,0.24217,56.61,50.004,5.000,250.03,36.493,32.461,-0.031696,-0.017382,0.002256,9.645,23.526
29.562500,0,0,2212.38,4.7977,0.22783,52.78,49.962,4.899,244.74,36.489,32.457,0.031150,0.036681,0.021769,9.504,23.525
29.566406,0,0,2200.04,4.7558,0.22934,52.84,50.000,4.994,249.69,36.485,32.453,0.044664,0.036681,0.018043,9.598,23.525
29.570313,0,0,2193.90,4.7078,0.22355,51.36,50.001,4.895,244.73,36.482,32.450,0.038460,0.007863,-0.012265,9.613,23.525
29.574219,0,0,2175.58,4.5984,0.21662,49.35,49.987,4.957,247.77,36.478,32.446,0.012930,0.002066,-0.019226,9.525,23.525
29.578125,0,0,2166.89,4.5733,0.23043,52.29,50.006,4.951,247.60,36.474,32.442,0.042836,0.014783,-0.000258,9.384,23.525
29.582031,0,0,2156.65,4.6492,0.21505,48.57,49.989,4.820,240.96,36.471,32.438,0.024561,-0.001735,-0.020632,9.369,23.525
29.585938,0,0,2136.30,4.4130,0.21708,48.56,50.016,4.862,243.16,36.467,32.435,0.001276,-0.004365,-0.012550,9.405,23.525
29.589844,0,0,2125.23,4.4390,0.21899,48.74,50.020,4.691,234.67,36.463,32.431,0.038907,0.040502,0.019554,9.330,23.525
29.593750,0,0,2113.39,4.3227,0.22481,49.75,50.010,4.892,244.67,36.459,32.427,0.003885,-0.001074,-0.012799,9.081,23.525
29.597656,0,0,2098.44,4.2303,0.20583,45.23,50.016,4.633,231.72,36.455,32.423,0.043884,0.033186,0.013218,9.026,23.525
29.601563,0,0,2084.22,4.3495,0.20051,43.76,50.015,4.800,240.07,36.452,32.420,0.031464,-0.001137,-0.014322,9.007,23.525
29.605469,0,0,2070.63,4.2591,0.21382,46.36,50.022,4.653,232.74,36.448,32.416,-0.028371,-0.014471,0.001472,8.995,23.525
29.609375,0,0,2070.47,4.1990,0.20646,44.76,50.030,4.593,229.79,36.444,32.412,-0.033628,-0.001190,-0.013479,9.110,23.525
29.613281,0,0,2060.37,4.1315,0.19757,42.63,50.060,4.631,231.81,36.440,32.408,-0.024969,0.004346,-0.009651,8.914,23.525
29.617188,0,0,2054.44,4.1339,0.19434,41.81,50.037,4.607,230.50,36.436,32.404,0.041701,0.038997,0.017448,8.820,23.525
29.621094,0,0,2028.54,3.9797,0.19769,41.99,50.043,4.506,225.48,36.432,32.400,-0.006371,-0.015814,0.000770,8.726,23.525
29.625000,0,0,2018.42,4.0249,0.18321,38.72,50.045,4.588,229.59,36.428,32.396,-0.014276,-0.035837,0.017035,8.814,23.525
29.628906,0,0,1997.69,3.9952,0.18864,39.46,50.047,4.542,227.31,36.425,32.393,-0.007232,-0.021276,0.010817,8.675,23.525
29.632813,0,0,1995.88,3.8994,0.19930,41.65,50.020,4.509,225.53,36.421,32.389,-0.031922,-0.009239,-0.005292,8.764,23.525
29.636719,0,0,1986.05,3.9154,0.18759,39.02,50.078,4.432,221.93,36.417,32.385,0.008019,0.026249,0.009746,8.583,23.524
29.640625,0,0,1973.63,3.7350,0.17687,36.56,50.045,4.490,224.70,36.413,32.381,0.005621,0.025264,0.011150,8.673,23.524
29.644531,0,0,1965.00,3.7596,0.18831,38.75,50.052,4.373,218.89,36.409,32.377,-0.031388,0.002368,-0.018714,8.615,23.524
29.648438,0,0,1953.71,3.8003,0.18615,38.08,50.051,4.428,221.61,36.405,32.373,-0.002211,-0.006156,-0.010344,8.467,23.524
29.652344,0,0,1938.45,3.8081,0.17933,36.40,50.047,4.396,219.99,36.401,32.369,0.007556,0.022984,0.006923,8.375,23.524
29.656250,0,0,1936.01,3.6095,0.18183,36.86,50.036,4.332,216.74,36.397,32.365,-0.020155,0.001624,-0.009931,8.446,23.524
29.660156,0,0,1920.39,3.6390,0.16974,34.13,50.045,4.327,216.55,36.393,32.361,0.017231,-0.000065,-0.022114,8.348,23.524
29.664063,0,0,1916.42,3.6797,0.17322,34.76,50.033,4.409,220.60,36.389,32.357,-0.007434,-0.020223,0.006751,8.243,23.524
29.667969,0,0,1901.08,3.4887,0.16782,33.41,50.054,4.171,208.76,36.385,32.353,0.016131,0.027965,0.012296,8.368,23.524
29.671875,0,0,1895.53,3.5647,0.17677,35.09,50.033,4.225,211.38,36.381,32.349,0.000894,-0.002649,-0.014534,8.145,23.524
29.675781,0,0,1878.43,3.4606,0.17537,34.50,50.070,4.156,208.10,36.377,32.345,0.025069,0.034141,0.018631,8.194,23.524
29.679688,0,0,1867.09,3.4829,0.16361,31.99,50.060,4.257,213.12,36.372,32.341,-0.012839,-0.037984,0.018598,8.116,23.524
29.683594,0,0,1863.71,3.4471,0.17065,33.31,50.074,4.218,211.20,36.368,32.337,0.015181,0.031273,0.017816,8.204,23.524
29.687500,0,0,1850.12,3.3316,0.16310,31.60,50.077,4.209,210.78,36.364,32.333,-0.003599,-0.010827,-0.005779,7.987,23.524
29.691406,0,0,1840.27,3.4372,0.16774,32.33,50.053,4.196,210.01,36.360,32.329,-0.024203,-0.023969,0.007934,8.033,23.524
29.695313,0,0,1825.76,3.2411,0.15278,29.21,50.068,4.130,206.76,36.356,32.325,-0.016324,-0.037382,0.016475,8.002,23.524
29.699219,0,0,1822.11,3.4178,0.16078,30.68,50.090,4.020,201.38,36.352,32.321,-0.017980,0.006125,-0.008775,7.793,23.524
29.703125,0,0,1804.73,3.2222,0.15039,28.42,50.030,4.048,202.50,36.348,32.317,-0.000528,-0.007645,-0.005313,7.814,23.524
29.707031,0,0,1800.74,3.1074,0.15863,29.91,50.077,3.969,198.76,36.344,32.313,-0.015650,-0.037700,0.017095,7.745,23.524
29.710938,0,0,1783.36,3.1833,0.15325,28.62,50.084,3.931,196.89,36.339,32.309,0.035078,0.037120,0.020093,7.793,23.524
29.714844,0,0,1782.68,3.1856,0.14696,27.43,50.073,3.987,199.62,36.335,32.304,-0.030155,0.003480,-0.014322,7.835,23.523
29.718750,0,0,1762.48,3.1283,0.15254,28.15,50.082,3.839,192.27,36.331,32.300,-0.001752,0.019757,0.005178,7.795,23.523
29.722656,0,0,1753.97,3.0932,0.15688,28.81,50.058,3.880,194.23,36.327,32.296,-0.027451,0.002701,-0.017107,7.676,23.523
29.726563,0,0,1744.74,3.0175,0.14356,26.23,50.084,3.885,194.56,36.322,32.292,-0.000960,-0.004855,-0.007393,7.647,23.523
29.730469,0,0,1743.87,2.9495,0.15254,27.86,50.089,3.805,190.59,36.318,32.288,0.034564,0.035295,0.017958,7.619,23.523
29.734375,0,0,1724.38,2.9317,0.14482,26.15,50.084,3.831,191.89,36.314,32.283,-0.011467,-0.034337,0.018938,7.499,23.523
29.738281,0,0,1716.95,2.8876,0.13184,23.70,50.096,3.842,192.48,36.309,32.279,0.001865,0.018740,0.008004,7.588,23.523
29.742188,0,0,1715.13,2.9732,0.14582,26.19,50.064,3.934,196.95,36.305,32.275,0.038197,0.014443,0.000113,7.400,23.523
29.746094,0,0,1701.23,2.8166,0.13760,24.51,50.078,3.830,191.81,36.301,32.271,-0.000829,-0.005627,-0.008132,7.311,23.523
29.750000,0,0,1697.61,2.8538,0.13628,24.23,50.091,3.763,188.50,36.297,32.267,-0.026566,-0.004779,-0.007253,7.404,23.523
29.753906,0,0,1680.75,2.7909,0.13091,23.04,50.108,3.764,188.59,36.292,32.263,-0.006360,-0.017778,0.005236,7.434,23.523
29.757813,0,0,1673.03,2.8174,0.13928,24.40,50.048,3.780,189.19,36.288,32.258,-0.026791,-0.000356,-0.011380,7.329,23.523
29.761719,0,0,1668.75,2.7306,0.13295,23.23,50.121,3.856,193.28,36.284,32.254,-0.027658,-0.006741,-0.010886,7.234,23.523
29.765625,0,0,1652.97,2.6705,0.13345,23.10,50.102,3.741,187.45,36.279,32.250,0.013609,0.026259,0.014776,7.184,23.523
29.769531,0,0,1641.27,2.6090,0.12976,22.30,50.105,3.582,179.46,36.275,32.246,0.014867,-0.003089,-0.016785,7.212,23.523
29.773438,0,0,1642.66,2.6778,0.13966,24.02,50.106,3.722,186.52,36.271,32.241,0.032879,0.027526,0.010628,7.158,23.523
29.777344,0,0,1632.23,2.6391,0.12609,21.55,50.114,3.713,186.05,36.266,32.237,0.024617,0.029334,0.015627,7.086,23.523
29.781250,0,0,1612.77,2.5553,0.12712,21.47,50.116,3.595,180.15,36.262,32.233,-0.008797,-0.020150,0.009825,6.983,23.523
29.785156,0,0,1611.67,2.5184,0.12060,20.35,50.096,3.614,181.06,36.257,32.229,0.026131,0.031256,0.017556,6.888,23.523
29.789063,0,0,1603.27,2.5557,0.12658,21.25,50.079,3.627,181.62,36.253,32.224,0.005695,0.023159,0.012312,7.004,23.522
29.792969,0,0,1591.84,2.5118,0.12406,20.68,50.108,3.536,177.16,36.249,32.220,-0.002508,-0.008889,-0.004324,7.000,23.522
29.796875,0,0,1578.93,2.5031,0.11595,19.17,50.123,3.526,176.72,36.244,32.216,0.033936,0.028444,0.015486,6.952,23.522
29.800781,0,0,1569.71,2.4549,0.12272,20.17,50.081,3.458,173.18,36.240,32.211,-0.014486,-0.024725,0.011330,6.922,23.522
29.804688,0,0,1559.63,2.4150,0.11376,18.58,50.125,3.457,173.30,36.235,32.207,-0.028327,-0.004805,-0.008395,6.704,23.522
29.808594,0,0,1561.44,2.4030,0.12345,20.19,50.123,3.397,170.27,36.231,32.203,-0.025710,-0.003772,-0.007228,6.662,23.522
29.812500,0,0,1541.20,2.3585,0.11333,18.29,50.107,3.548,177.76,36.226,32.198,-0.025577,0.000617,-0.013901,6.615,23.522
29.816406,0,0,1529.26,2.1602,0.10766,17.24,50.101,3.321,166.41,36.222,32.194,-0.007196,0.009267,0.000700,6.689,23.522
29.820313,0,0,1526.88,2.2155,0.11569,18.50,50.108,3.484,174.59,36.217,32.190,-0.026892,0.003853,-0.014470,6.580,23.522
29.824219,0,0,1524.14,2.2678,0.10636,16.98,50.143,3.407,170.84,36.213,32.185,-0.010879,-0.030155,0.016675,6.526,23.522
29.828125,0,0,1515.45,2.2399,0.09933,15.76,50.130,3.439,172.39,36.208,32.181,0.001486,-0.004114,-0.012650,6.667,23.522
29.832031,0,0,1499.87,2.2804,0.09624,15.12,50.124,3.320,166.41,36.204,32.177,-0.025095,-0.004887,-0.007575,6.478,23.522
29.835938,0,0,1495.95,2.2084,0.10593,16.60,50.107,3.309,165.79,36.199,32.172,-0.023405,0.000316,-0.012940,6.385,23.522
29.839844,0,0,1479.49,2.1656,0.10593,16.41,50.149,3.317,166.34,36.194,32.168,-0.026922,-0.002377,-0.012179,6.522,23.522
29.843750,0,0,1477.71,2.1611,0.10719,16.59,50.127,3.391,170.00,36.190,32.164,0.005549,0.021037,0.007800,6.517,23.522
29.847656,0,0,1468.23,2.0942,0.09846,15.14,50.118,3.366,168.72,36.185,32.159,0.001392,-0.001586,-0.010508,6.379,23.522
29.851563,0,0,1462.87,2.1237,0.10003,15.32,50.156,3.241,162.55,36.181,32.155,-0.027835,-0.000398,-0.012507,6.428,23.522
29.855469,0,0,1458.10,2.1441,0.11185,17.08,50.106,3.390,169.87,36.176,32.150,-0.011644,-0.027009,0.014451,6.417,23.522
29.859375,0,0,1456.86,2.1185,0.10416,15.89,50.159,3.376,169.32,36.172,32.146,0.013690,0.024922,0.011428,6.364,23.522
29.863281,0,0,1436.06,1.9731,0.10074,15.15,50.124,3.261,163.44,36.167,32.142,-0.025560,-0.002054,-0.008921,6.338,23.522
29.867188,0,0,1430.38,1.9430,0.10278,15.39,50.144,3.208,160.85,36.163,32.137,0.014809,0.026353,0.010256,6.149,23.521
29.871094,0,0,1418.23,2.0011,0.09039,13.43,50.121,3.158,158.30,36.158,32.133,0.021955,0.025017,0.013341,6.135,23.521
29.875000,0,0,1414.12,1.9417,0.08881,13.15,50.143,3.349,167.95,36.153,32.128,0.030223,0.029587,0.012930,6.101,23.521
29.878906,0,0,1411.40,2.0769,0.09589,14.17,50.134,3.280,164.42,36.149,32.124,-0.027235,0.000558,-0.014226,6.173,23.521
29.882813,0,0,1394.99,1.8675,0.09875,14.43,50.133,3.188,159.83,36.144,32.120,-0.027368,-0.003498,-0.009167,6.126,23.521
29.886719,0,0,1396.57,1.8785,0.09276,13.57,50.142,3.211,161.02,36.140,32.115,-0.017024,-0.019366,0.010001,6.064,23.521
29.890625,0,0,1380.73,1.8408,0.09402,13.59,50.115,3.151,157.93,36.135,32.111,-0.025845,0.001365,-0.015406,5.970,23.521
29.894531,0,0,1378.84,1.7824,0.09795,14.14,50.123,3.149,157.84,36.130,32.106,0.005003,0.019284,0.009314,5.965,23.521
29.898438,0,0,1362.60,1.8080,0.09862,14.07,50.135,3.062,153.51,36.126,32.102,0.005335,0.018545,0.006242,6.003,23.521
29.902344,0,0,1354.34,1.7694,0.08402,11.92,50.131,3.041,152.43,36.121,32.097,-0.006538,0.009822,-0.000276,5.932,23.521
29.906250,0,0,1352.37,1.8004,0.09218,13.05,50.143,3.105,155.68,36.116,32.093,0.022006,0.027670,0.015643,5.965,23.521
29.910156,0,0,1351.99,1.7285,0.09394,13.30,50.142,3.095,155.17,36.112,32.088,-0.001975,0.011873,0.003062,6.042,23.521
29.914063,0,0,1341.14,1.8033,0.08306,11.67,50.154,3.200,160.50,36.107,32.084,-0.016226,-0.020125,0.009632,5.814,23.521
29.917969,0,0,1329.33,1.6796,0.08176,11.38,50.136,3.113,156.06,36.103,32.080,-0.021891,-0.001313,-0.012300,5.827,23.521
29.921875,0,0,1316.32,1.7809,0.08344,11.50,50.162,2.915,146.21,36.098,32.075,-0.001086,-0.008220,-0.002148,5.848,23.521
29.925781,0,0,1320.46,1.6716,0.08121,11.23,50.142,3.099,155.41,36.093,32.071,-0.009238,-0.028182,0.011903,5.859,23.521
29.929688,0,0,1306.03,1.6757,0.08508,11.64,50.161,2.949,147.92,36.088,32.066,-0.006320,-0.013007,0.005362,5.677,23.521
29.933594,0,0,1305.22,1.5866,0.07895,10.79,50.138,2.999,150.35,36.084,32.062,0.033326,0.015718,0.005373,5.699,23.521
29.937500,0,0,1297.86,1.6446,0.08659,11.77,50.153,3.111,156.01,36.079,32.057,-0.013840,-0.025629,0.015472,5.517,23.521
29.941406,0,0,1285.44,1.6439,0.06947,9.35,50.168,2.935,147.26,36.074,32.053,-0.004192,-0.008439,0.002197,5.561,23.520
29.945313,0,0,1281.64,1.5936,0.06773,9.09,50.165,2.797,140.30,36.070,32.048,-0.017497,-0.018985,0.005908,5.490,23.520
29.949219,0,0,1273.88,1.5758,0.08311,11.09,50.145,3.134,157.18,36.065,32.044,-0.023814,-0.001938,-0.011811,5.569,23.520
29.953125,0,0,1270.89,1.4824,0.08316,11.07,50.138,2.934,147.11,36.060,32.039,-0.003616,-0.012040,-0.001982,5.617,23.520
29.957031,0,0,1252.87,1.5049,0.07870,10.33,50.196,2.844,142.76,36.055,32.035,-0.007122,-0.021299,0.011562,5.459,23.520
29.960938,0,0,1247.21,1.5431,0.07113,9.29,50.146,2.980,149.45,36.051,32.030,-0.023898,0.000139,-0.011145,5.432,23.520
29.964844,0,0,1241.49,1.5362,0.07099,9.23,50.155,2.862,143.56,36.046,32.026,0.011998,0.021164,0.010047,5.455,23.520
29.968750,0,0,1235.87,1.5043,0.06786,8.78,50.184,2.827,141.88,36.041,32.021,0.015691,-0.003195,-0.015177,5.306,23.520
29.972656,0,0,1229.18,1.6088,0.07005,9.02,50.155,2.966,148.74,36.036,32.017,0.013381,0.025082,0.010201,5.398,23.520
29.976563,0,0,1231.13,1.4620,0.06967,8.98,50.166,2.849,142.91,36.032,32.012,0.022501,0.024211,0.012492,5.224,23.520
29.980469,0,0,1220.78,1.4230,0.07052,9.01,50.143,2.855,143.18,36.027,32.007,0.006536,0.019193,0.006795,5.315,23.520
29.984375,0,0,1209.17,1.3996,0.06924,8.77,50.168,2.884,144.70,36.022,32.003,0.018589,-0.000421,-0.009788,5.272,23.520
29.988281,0,0,1201.08,1.3475,0.06000,7.55,50.180,2.947,147.88,36.017,31.998,0.012710,0.001379,-0.011468,5.150,23.520
29.992188,0,0,1198.95,1.4035,0.07002,8.79,50.169,2.862,143.57,36.013,31.994,0.010566,-0.001597,-0.013174,5.318,23.520
29.996094,0,0,1189.56,1.4235,0.07079,8.82,50.145,2.919,146.36,36.008,31.989,-0.018102,-0.008821,-0.000828,5.143,23.520
30.000000,0,0,1182.09,1.4749,0.06549,8.11,50.152,2.780,139.43,36.003,31.985,0.017285,0.026481,0.010655,5.169,23.520
30.003906,0,0,1174.71,1.4101,0.06787,8.35,50.168,2.742,137.54,35.998,31.980,0.002085,-0.005959,-0.003776,5.208,23.520
30.007813,0,0,1173.90,1.3713,0.05434,6.68,50.172,2.764,138.69,35.994,31.976,0.023674,0.025058,0.011091,5.051,23.520
30.011719,0,0,1159.23,1.3296,0.06306,7.66,50.169,2.731,137.00,35.989,31.971,-0.022421,0.000264,-0.014000,5.070,23.520
30.015625,0,0,1155.14,1.3130,0.07026,8.50,50.179,2.638,132.38,35.984,31.967,-0.020534,0.000728,-0.008395,4.895,23.519
30.019531,0,0,1154.91,1.2645,0.05086,6.15,50.169,2.819,141.43,35.979,31.962,-0.021825,0.005665,-0.012271,4.965,23.519
30.023438,0,0,1144.32,1.2801,0.07225,8.66,50.173,2.709,135.93,35.974,31.957,-0.007306,-0.023298,0.013039,5.037,23.519
30.027344,0,0,1144.57,1.3739,0.06239,7.48,50.202,2.633,132.18,35.969,31.953,-0.024731,-0.002174,-0.012548,4.945,23.519
30.031250,0,0,1132.11,1.2605,0.06780,8.04,50.173,2.706,135.77,35.965,31.948,-0.014952,-0.019642,0.007246,5.050,23.519
30.035156,0,0,1124.22,1.2492,0.05558,6.54,50.160,2.818,141.37,35.960,31.944,-0.024249,-0.003062,-0.010424,4.897,23.519
30.039063,0,0,1114.81,1.1363,0.05782,6.75,50.189,2.573,129.12,35.955,31.939,0.026849,0.022592,0.008845,4.773,23.519
30.042969,0,0,1114.95,1.1991,0.06757,7.89,50.184,2.661,133.53,35.950,31.935,0.021326,0.000226,-0.007968,4.861,23.519
30.046875,0,0,1106.73,1.2234,0.05505,6.38,50.200,2.704,135.74,35.945,31.930,0.023443,0.003155,-0.004669,4.824,23.519
30.050781,0,0,1096.76,1.2039,0.05529,6.35,50.200,2.533,127.14,35.940,31.925,0.009038,-0.003143,-0.009829,4.880,23.519
30.054688,0,0,1093.71,1.1432,0.06857,7.85,50.187,2.570,128.98,35.935,31.921,-0.021694,-0.000559,-0.008787,4.777,23.519
30.058594,0,0,1088.43,1.1474,0.06008,6.85,50.193,2.509,125.95,35.930,31.916,0.018319,-0.001749,-0.011705,4.683,23.519
30.062500,0,0,1078.11,1.1920,0.05343,6.03,50.171,2.599,130.39,35.926,31.911,0.025394,0.009160,0.001799,4.758,23.519
30.066406,0,0,1080.96,1.1407,0.05301,6.00,50.180,2.564,128.68,35.921,31.907,-0.015587,-0.015368,0.003827,4.727,23.519
30.070313,0,0,1067.89,1.2271,0.05982,6.69,50.180,2.557,128.32,35.916,31.902,0.024964,0.010914,0.000806,4.738,23.519
30.074219,0,0,1066.97,1.1037,0.05052,5.64,50.190,2.578,129.41,35.911,31.898,-0.024135,0.004263,-0.012280,4.474,23.519
30.078125,0,0,1060.71,1.1119,0.05874,6.52,50.206,2.508,125.90,35.906,31.893,-0.020834,-0.003910,-0.003153,4.532,23.519
30.082031,0,0,1053.77,1.0555,0.04650,5.13,50.181,2.585,129.73,35.901,31.888,0.009920,-0.003842,-0.011089,4.664,23.519
30.085938,0,0,1049.30,1.0354,0.04782,5.25,50.219,2.563,128.69,35.896,31.884,0.022379,0.017981,0.009432,4.606,23.519
30.089844,0,0,1033.76,1.0620,0.05584,6.04,50.179,2.613,131.13,35.891,31.879,-0.002883,-0.005906,-0.004766,4.460,23.518
30.093750,0,0,1034.85,1.0843,0.04574,4.96,50.182,2.552,128.06,35.887,31.875,0.016389,0.017512,0.010969,4.634,23.518
30.097656,0,0,1029.19,0.9860,0.04200,4.53,50.188,2.410,120.97,35.882,31.870,0.014483,0.001051,-0.004533,4.529,23.518
30.101563,0,0,1022.87,1.0008,0.05055,5.41,50.191,2.504,125.66,35.877,31.865,0.026547,0.013145,0.001771,4.455,23.518
30.105469,0,0,1018.53,1.0201,0.04596,4.90,50.185,2.500,125.45,35.872,31.861,0.016059,0.023088,0.014433,4.525,23.518
30.109375,0,0,1009.55,0.9836,0.05044,5.33,50.175,2.526,126.75,35.867,31.856,-0.010852,-0.022940,0.009918,4.337,23.518
30.113281,0,0,1008.59,1.0373,0.04806,5.08,50.173,2.541,127.49,35.862,31.851,0.025850,0.007650,-0.000605,4.438,23.518
30.117188,0,0,999.51,1.0408,0.04325,4.53,50.161,2.559,128.37,35.857,31.847,-0.017386,-0.008163,-0.000881,4.270,23.518
30.121094,0,0,1000.96,0.9737,0.05147,5.40,50.218,2.428,121.91,35.852,31.842,-0.005925,-0.010537,0.006106,4.467,23.518
30.125000,0,0,992.30,0.9158,0.04540,4.72,50.198,2.505,125.77,35.847,31.838,0.023389,0.004383,-0.001503,4.342,23.518
30.128906,0,0,989.28,1.0110,0.05391,5.59,50.229,2.442,122.68,35.842,31.833,-0.020567,0.000051,-0.008097,4.322,23.518
30.132813,0,0,981.79,0.9257,0.03882,3.99,50.173,2.496,125.24,35.837,31.828,0.019282,0.023074,0.012221,4.306,23.518
30.136719,0,0,966.90,0.8872,0.04538,4.60,50.232,2.395,120.33,35.833,31.824,-0.010172,-0.015008,0.007239,4.147,23.518
30.140625,0,0,968.49,0.9232,0.04526,4.59,50.190,2.362,118.57,35.828,31.819,-0.005796,-0.014434,0.006002,4.247,23.518
30.144531,0,0,965.63,0.9352,0.04928,4.98,50.216,2.308,115.90,35.823,31.814,0.025175,0.018062,0.011235,4.110,23.518
30.148438,0,0,954.43,0.8983,0.03916,3.91,50.209,2.330,116.99,35.818,31.810,-0.009154,-0.017805,0.010537,4.095,23.518
30.152344,0,0,958.81,0.9049,0.03345,3.36,50.219,2.382,119.61,35.813,31.805,-0.022045,0.001626,-0.011826,4.168,23.518
30.156250,0,0,940.76,0.9622,0.04492,4.43,50.214,2.319,116.45,35.808,31.800,-0.019033,-0.000232,-0.011003,3.950,23.518
30.160156,0,0,939.27,0.8761,0.04612,4.54,50.207,2.474,124.22,35.803,31.796,0.024272,0.018920,0.006572,4.172,23.518
30.164063,0,0,930.24,0.8654,0.04707,4.59,50.202,2.316,116.24,35.798,31.791,-0.009245,-0.013234,0.006327,3.946,23.517
30.167969,0,0,934.81,0.9017,0.04583,4.49,50.203,2.268,113.87,35.793,31.786,0.008294,0.017195,0.008159,4.041,23.517
30.171875,0,0,927.87,0.7622,0.03919,3.81,50.222,2.247,112.83,35.788,31.782,-0.011596,-0.021518,0.014066,3.931,23.517
30.175781,0,0,925.65,0.7875,0.03754,3.64,50.225,2.396,120.35,35.783,31.777,-0.006778,-0.021402,0.010417,4.048,23.517
30.179688,0,0,912.52,0.8344,0.04205,4.02,50.208,2.325,116.75,35.778,31.772,0.002305,0.012536,0.005195,3.923,23.517
30.183594,0,0,905.57,0.8021,0.04336,4.11,50.216,2.185,109.71,35.773,31.768,-0.002795,-0.015166,0.011048,3.947,23.517
30.187500,0,0,901.41,0.8551,0.04324,4.08,50.213,2.456,123.33,35.768,31.763,-0.007291,-0.018488,0.007923,3.865,23.517
30.191406,0,0,904.96,0.8713,0.04491,4.26,50.225,2.311,116.06,35.763,31.758,0.004908,0.000877,-0.009502,3.976,23.517
30.195313,0,0,894.45,0.7963,0.03617,3.39,50.217,2.234,112.19,35.758,31.754,0.024898,0.017181,0.009528,3.810,23.517
30.199219,0,0,891.26,0.7792,0.04625,4.32,50.215,2.208,110.89,35.753,31.749,-0.004537,-0.021252,0.008213,3.859,23.517
30.203125,0,0,885.28,0.8173,0.03647,3.38,50.235,2.277,114.39,35.748,31.744,-0.007762,-0.012995,0.006823,3.958,23.517
30.207031,0,0,874.72,0.8240,0.03878,3.55,50.210,2.144,107.64,35.743,31.740,0.002907,-0.000821,-0.006537,3.723,23.517
30.210938,0,0,870.20,0.7453,0.03964,3.61,50.231,2.358,118.46,35.738,31.735,0.023148,0.009766,0.004906,3.763,23.517
30.214844,0,0,873.53,0.8122,0.03434,3.14,50.223,2.164,108.66,35.733,31.730,-0.015229,-0.000194,-0.006589,3.858,23.517
30.218750,0,0,868.57,0.7938,0.02707,2.46,50.221,2.326,116.79,35.728,31.726,-0.003629,-0.006480,-0.000985,3.721,23.517
30.222656,0,0,853.11,0.7037,0.03528,3.15,50.228,2.182,109.62,35.723,31.721,-0.013228,-0.004492,-0.002891,3.793,23.517
30.226563,0,0,854.04,0.7159,0.03146,2.81,50.219,2.114,106.18,35.718,31.716,0.015241,0.002061,-0.005423,3.594,23.517
30.230469,0,0,856.10,0.6525,0.03485,3.12,50.256,2.210,111.06,35.713,31.711,0.007854,-0.002261,-0.010882,3.755,23.517
30.234375,0,0,846.22,0.7042,0.03344,2.96,50.219,2.336,117.31,35.708,31.707,0.003974,-0.003863,-0.004911,3.667,23.517
30.238281,0,0,843.74,0.7776,0.03890,3.44,50.228,2.281,114.57,35.703,31.702,0.016417,0.003281,-0.001323,3.568,23.516
30.242188,0,0,840.23,0.7290,0.02717,2.39,50.210,2.211,111.01,35.698,31.698,-0.003326,-0.014590,0.007967,3.678,23.516
30.246094,0,0,828.14,0.6155,0.02982,2.59,50.225,2.275,114.24,35.693,31.693,-0.002811,-0.005723,0.001583,3.552,23.516
30.250000,0,0,828.67,0.7009,0.02987,2.59,50.240,2.086,104.80,35.688,31.688,-0.017242,0.000036,-0.009517,3.558,23.516
30.253906,0,0,825.30,0.7334,0.03486,3.01,50.210,2.131,107.02,35.683,31.683,0.019511,0.014786,0.006759,3.502,23.516
30.257813,0,0,815.95,0.6271,0.03378,2.89,50.220,2.162,108.58,35.678,31.679,-0.000232,-0.010394,0.002652,3.531,23.516
30.261719,0,0,813.18,0.6189,0.03667,3.12,50.196,2.194,110.11,35.673,31.674,0.021680,0.015140,0.008165,3.545,23.516
30.265625,0,0,809.84,0.7003,0.02437,2.07,50.221,2.082,104.57,35.668,31.669,-0.003089,-0.015580,0.007219,3.524,23.516
30.269531,0,0,805.23,0.5304,0.01874,1.58,50.247,2.095,105.26,35.663,31.665,0.020824,0.005147,-0.003065,3.564,23.516
30.273438,0,0,806.55,0.7030,0.03030,2.56,50.224,2.156,108.29,35.658,31.660,-0.004710,0.004882,-0.001424,3.534,23.516
30.277344,0,0,792.32,0.6255,0.03781,3.14,50.184,2.233,112.08,35.653,31.655,-0.016433,-0.001793,-0.009077,3.465,23.516
30.281250,0,0,789.77,0.6023,0.02821,2.33,50.217,2.184,109.67,35.648,31.651,-0.007314,-0.016390,0.011967,3.399,23.516
30.285156,0,0,785.39,0.6198,0.03241,2.67,50.220,2.092,105.06,35.643,31.646,0.000205,-0.004211,-0.002619,3.409,23.516
30.289063,0,0,780.09,0.5599,0.02645,2.16,50.227,2.106,105.79,35.638,31.641,-0.017004,0.002356,-0.009465,3.486,23.516
30.292969,0,0,780.15,0.5361,0.03438,2.81,50.222,2.220,111.51,35.633,31.637,-0.011073,0.001322,-0.007960,3.433,23.516
30.296875,0,0,775.29,0.6176,0.02825,2.29,50.236,2.201,110.55,35.628,31.632,0.000831,-0.011007,0.001383,3.410,23.516
30.300781,0,0,772.50,0.6061,0.02645,2.14,50.214,2.082,104.56,35.623,31.627,0.018633,0.015851,0.006187,3.421,23.516
30.304688,0,0,761.14,0.5338,0.02394,1.91,50.217,2.164,108.69,35.618,31.623,-0.000996,-0.007155,-0.000254,3.324,23.516
30.308594,0,0,766.43,0.5885,0.03210,2.58,50.220,2.075,104.22,35.613,31.618,0.025196,0.012917,0.005573,3.444,23.516
30.312500,0,0,759.54,0.6286,0.02548,2.03,50.229,2.040,102.47,35.607,31.613,-0.015085,-0.006080,-0.002561,3.345,23.515
30.316406,0,0,758.16,0.4603,0.02806,2.23,50.228,1.993,100.10,35.602,31.609,0.015217,0.016105,0.007709,3.370,23.515
30.320313,0,0,744.09,0.6512,0.02119,1.65,50.243,2.068,103.90,35.597,31.604,0.006878,0.010518,0.006973,3.291,23.515
30.324219,0,0,746.98,0.4238,0.02830,2.21,50.226,2.147,107.85,35.592,31.599,-0.005213,-0.013792,0.006914,3.247,23.515
30.328125,0,0,745.55,0.5778,0.02415,1.89,50.232,2.041,102.51,35.587,31.595,-0.012873,0.002012,-0.007752,3.265,23.515
30.332031,0,0,736.95,0.4945,0.03008,2.32,50.229,2.035,102.24,35.582,31.590,-0.002958,-0.017921,0.008709,3.194,23.515
30.335938,0,0,735.61,0.5470,0.03096,2.39,50.219,2.074,104.14,35.577,31.585,-0.005923,0.001600,-0.003919,3.211,23.515
30.339844,0,0,728.50,0.4701,0.01982,1.51,50.228,2.138,107.36,35.572,31.581,0.004369,-0.004055,-0.005151,3.077,23.515
30.343750,0,0,723.51,0.4722,0.02914,2.21,50.217,2.021,101.47,35.567,31.576,-0.010101,-0.001553,-0.003864,3.013,23.515
30.347656,0,0,718.71,0.5733,0.02679,2.02,50.242,1.972,99.10,35.562,31.571,-0.005401,-0.014147,0.007956,3.125,23.515
30.351563,0,0,713.42,0.5351,0.02441,1.82,50.242,1.947,97.81,35.557,31.567,-0.009536,0.001811,-0.008021,2.983,23.515
30.355469,0,0,709.01,0.4668,0.02134,1.58,50.226,2.036,102.25,35.552,31.562,-0.015166,-0.005258,0.000438,3.145,23.515
30.359375,0,0,706.24,0.5223,0.02933,2.17,50.249,1.978,99.41,35.547,31.557,0.006141,0.001362,-0.011284,3.067,23.515
30.363281,0,0,704.80,0.4642,0.02672,1.97,50.263,1.921,96.57,35.542,31.552,-0.011214,-0.009351,0.005717,3.107,23.515
30.367188,0,0,704.77,0.4454,0.01435,1.06,50.258,1.959,98.44,35.537,31.548,-0.010970,-0.007982,0.003114,2.993,23.515
30.371094,0,0,696.91,0.4173,0.02295,1.68,50.245,2.064,103.69,35.532,31.543,-0.014350,-0.000020,-0.007668,3.108,23.515
30.375000,0,0,692.49,0.4207,0.02553,1.85,50.224,1.965,98.71,35.527,31.538,-0.004638,-0.014696,0.011377,2.949,23.515
30.378906,0,0,687.52,0.4241,0.01918,1.38,50.235,1.898,95.35,35.522,31.534,0.018503,0.015458,0.010580,3.073,23.515
30.382813,0,0,685.21,0.4064,0.02790,2.00,50.244,1.991,100.03,35.517,31.529,0.000224,0.006209,0.004170,2.999,23.515
30.386719,0,0,671.73,0.4373,0.02171,1.53,50.242,1.961,98.51,35.511,31.524,0.019007,0.009342,0.001208,2.926,23.514
30.390625,0,0,676.23,0.5563,0.01579,1.12,50.245,1.903,95.60,35.506,31.520,-0.002324,-0.013635,0.005592,2.879,23.514
30.394531,0,0,676.61,0.5111,0.01953,1.38,50.267,1.920,96.51,35.501,31.515,-0.017866,0.001630,-0.005504,2.905,23.514
30.398438,0,0,671.56,0.5202,0.01541,1.08,50.252,1.852,93.08,35.496,31.510,0.014680,0.003332,-0.006471,3.011,23.514
30.402344,0,0,667.37,0.4078,0.02535,1.77,50.234,2.023,101.63,35.491,31.506,0.019900,0.010873,0.003337,2.964,23.514
30.406250,0,0,662.83,0.4284,0.01665,1.16,50.215,1.863,93.56,35.486,31.501,-0.007876,0.004251,-0.004484,2.936,23.514
30.410156,0,0,660.77,0.4381,0.02528,1.75,50.237,1.982,99.57,35.481,31.496,-0.009850,0.001660,-0.007762,2.864,23.514
30.414063,0,0,660.38,0.4917,0.02070,1.43,50.231,1.860,93.44,35.476,31.491,-0.015239,-0.003474,-0.005074,3.052,23.514
30.417969,0,0,654.72,0.4091,0.02869,1.97,50.244,1.841,92.50,35.471,31.487,-0.007728,0.001755,-0.001582,2.773,23.514
30.421875,0,0,645.71,0.4317,0.01058,0.72,50.271,1.823,91.66,35.466,31.482,0.002574,0.000712,-0.006228,2.813,23.514
30.425781,0,0,642.64,0.4112,0.01245,0.84,50.251,2.004,100.72,35.461,31.477,-0.013049,0.002551,-0.005055,2.675,23.514
30.429688,0,0,642.08,0.3895,0.01409,0.95,50.257,1.981,99.55,35.456,31.473,-0.006334,-0.009575,0.006349,2.802,23.514
30.433594,0,0,634.13,0.3014,0.01755,1.17,50.247,1.971,99.03,35.451,31.468,-0.007764,-0.010593,0.001795,2.766,23.514
30.437500,0,0,630.90,0.4583,0.02319,1.53,50.252,1.846,92.76,35.445,31.463,0.009839,0.014191,0.006585,2.807,23.514
30.441406,0,0,628.46,0.3363,0.01361,0.90,50.251,1.828,91.84,35.440,31.459,-0.013929,0.001984,-0.006524,2.713,23.514
30.445313,0,0,620.84,0.3644,0.00950,0.62,50.241,1.897,95.30,35.435,31.454,0.006089,0.017079,0.007936,2.736,23.514
30.449219,0,0,624.93,0.3535,0.01702,1.11,50.243,1.919,96.42,35.430,31.449,0.014780,0.009845,0.003252,2.803,23.514
30.453125,0,0,619.46,0.3580,0.02195,1.42,50.263,1.866,93.78,35.425,31.445,-0.002766,-0.002964,-0.004647,2.618,23.514
30.457031,0,0,622.66,0.4353,0.02170,1.41,50.237,1.977,99.33,35.420,31.440,0.013967,0.016154,0.007468,2.636,23.514
30.460938,0,0,613.77,0.4096,0.01970,1.27,50.255,1.939,97.44,35.415,31.435,-0.008529,-0.015227,0.007569,2.631,23.513
30.464844,0,0,609.79,0.3592,0.01918,1.22,50.245,1.875,94.20,35.410,31.431,-0.008405,-0.012855,0.005536,2.596,23.513
30.468750,0,0,605.01,0.4024,0.01323,0.84,50.235,1.839,92.41,35.405,31.426,0.016006,0.003377,-0.001797,2.525,23.513
30.472656,0,0,603.41,0.3927,0.02266,1.43,50.224,1.900,95.44,35.400,31.421,-0.003271,-0.002837,-0.000282,2.670,23.513
30.476563,0,0,601.04,0.3672,0.01456,0.92,50.247,1.882,94.56,35.395,31.417,0.010084,-0.001879,-0.009959,2.661,23.513
30.480469,0,0,596.32,0.3784,0.02008,1.25,50.270,1.856,93.28,35.390,31.412,-0.003524,0.002403,-0.004223,2.656,23.513
30.484375,0,0,593.10,0.2958,0.01818,1.13,50.277,1.842,92.61,35.385,31.407,0.005675,0.000140,-0.005318,2.496,23.513
30.488281,0,0,582.45,0.2731,0.01540,0.94,50.274,1.804,90.68,35.380,31.403,0.001913,0.008745,-0.000128,2.523,23.513
30.492188,0,0,584.49,0.3439,0.01823,1.12,50.224,1.865,93.68,35.375,31.398,0.008862,0.015189,0.007215,2.491,23.513
30.496094,0,0,582.87,0.3013,0.01613,0.98,50.234,1.911,95.99,35.370,31.393,0.009640,0.003272,-0.003957,2.464,23.513
30.500000,0,0,579.73,0.3586,0.02196,1.33,50.253,1.847,92.82,35.365,31.389,-0.013254,-0.003789,-0.000930,2.428,23.513
30.503906,0,0,577.66,0.3470,0.01217,0.74,50.268,1.865,93.76,35.359,31.384,-0.010359,-0.010688,0.000869,2.398,23.513
30.507813,0,0,575.22,0.3581,0.02187,1.32,50.238,1.894,95.14,35.354,31.380,-0.001230,-0.006665,0.001523,2.517,23.513
30.511719,0,0,576.02,0.2374,0.01282,0.77,50.257,1.707,85.79,35.349,31.375,-0.009032,0.002459,-0.001896,2.647,23.513
30.515625,0,0,567.90,0.2231,0.00907,0.54,50.249,1.793,90.09,35.344,31.370,-0.013888,-0.001216,-0.009298,2.519,23.513
30.519531,0,0,565.51,0.3903,0.01547,0.92,50.266,1.907,95.85,35.339,31.366,-0.010327,-0.011549,0.003366,2.466,23.513
30.523438,0,0,561.68,0.3994,0.02214,1.30,50.270,1.707,85.82,35.334,31.361,-0.014537,-0.004283,-0.003145,2.546,23.513
30.527344,0,0,555.70,0.3689,0.00915,0.53,50.222,1.833,92.05,35.329,31.356,-0.010532,-0.002346,-0.003551,2.432,23.513
30.531250,0,0,553.77,0.2486,0.01988,1.15,50.251,1.899,95.44,35.324,31.352,-0.013316,0.001247,-0.007821,2.529,23.512
30.535156,0,0,552.77,0.2448,0.01298,0.75,50.266,1.744,87.65,35.319,31.347,0.008439,-0.002898,-0.006939,2.374,23.512
30.539063,0,0,549.61,0.3724,0.01106,0.64,50.283,1.743,87.62,35.314,31.342,-0.011135,0.000983,-0.001217,2.399,23.512
30.542969,0,0,541.33,0.3098,0.02145,1.22,50.281,1.757,88.36,35.309,31.338,-0.003272,-0.016160,0.008904,2.345,23.512
30.546875,0,0,542.55,0.2480,0.02222,1.26,50.252,1.809,90.92,35.304,31.333,0.015444,0.004308,-0.001041,2.343,23.512
30.550781,0,0,540.03,0.2272,0.01367,0.77,50.253,1.723,86.57,35.299,31.328,-0.001287,0.002975,0.003582,2.376,23.512
30.554688,0,0,536.48,0.3225,0.01287,0.72,50.262,1.673,84.07,35.293,31.324,0.016071,0.003647,-0.000838,2.376,23.512
30.558594,0,0,536.69,0.3395,0.00997,0.56,50.255,1.833,92.13,35.288,31.319,0.005935,0.000831,-0.007071,2.347,23.512
30.562500,0,0,531.54,0.2471,0.01376,0.77,50.256,1.813,91.11,35.283,31.314,-0.011757,-0.000772,-0.004694,2.258,23.512
30.566406,0,0,531.10,0.2808,0.02204,1.23,50.249,1.637,82.26,35.278,31.310,-0.006482,-0.014170,0.004307,2.308,23.512
30.570313,0,0,522.90,0.2984,0.01679,0.92,50.246,1.771,88.97,35.273,31.305,0.002287,-0.004064,-0.000545,2.301,23.512
30.574219,0,0,518.27,0.2481,0.01144,0.62,50.262,1.817,91.31,35.268,31.300,0.013294,0.013472,0.004828,2.225,23.512
30.578125,0,0,519.60,0.3605,0.01226,0.67,50.252,1.691,84.95,35.263,31.296,-0.014409,0.000129,-0.006308,2.315,23.512
30.582031,0,0,510.02,0.2249,0.02001,1.07,50.264,1.761,88.53,35.258,31.291,-0.002721,0.004910,0.000422,2.185,23.512
30.585938,0,0,517.83,0.2530,0.01941,1.05,50.253,1.806,90.78,35.253,31.286,-0.000738,0.007124,0.001535,2.221,23.512
30.589844,0,0,512.07,0.3021,0.01305,0.70,50.249,1.807,90.79,35.248,31.282,0.011603,0.012232,0.006932,2.311,23.512
30.593750,0,0,506.47,0.2553,0.00936,0.50,50.260,1.702,85.53,35.243,31.277,0.016869,0.001943,-0.003428,2.054,23.512
30.597656,0,0,507.39,0.2332,0.01034,0.55,50.246,1.682,84.53,35.238,31.273,-0.009009,0.001624,-0.005056,2.283,23.512
30.601563,0,0,504.78,0.3065,0.01096,0.58,50.261,1.808,90.89,35.233,31.268,0.000078,-0.002833,0.000887,2.104,23.512
30.605469,0,0,498.21,0.2768,0.01670,0.87,50.261,1.702,85.53,35.228,31.263,0.015966,0.009850,0.006390,2.190,23.511
30.609375,0,0,491.25,0.2819,0.02360,1.21,50.243,1.701,85.47,35.223,31.259,-0.003249,-0.012931,0.007598,2.205,23.511
30.613281,0,0,497.43,0.2156,0.00781,0.41,50.274,1.659,83.39,35.217,31.254,-0.014187,0.000879,-0.006365,2.249,23.511
30.617188,0,0,494.44,0.2556,0.01137,0.59,50.265,1.692,85.07,35.212,31.249,0.008252,-0.001683,-0.007817,2.117,23.511
30.621094,0,0,491.33,0.2334,0.00530,0.27,50.285,1.647,82.81,35.207,31.245,-0.012295,-0.002111,-0.004562,2.022,23.511
30.625000,0,0,487.03,0.1181,0.01036,0.53,50.276,1.636,82.26,35.202,31.240,-0.007683,-0.016436,0.005830,2.101,23.511
30.628906,0,0,481.96,0.2950,0.00488,0.25,50.249,1.643,82.56,35.197,31.235,0.005413,0.010432,0.005951,2.071,23.511
30.632813,0,0,477.58,0.2410,0.00597,0.30,50.259,1.713,86.07,35.192,31.231,-0.014091,0.001820,-0.006702,2.032,23.511
30.636719,0,0,476.44,0.2322,0.01129,0.56,50.262,1.712,86.06,35.187,31.226,0.009145,-0.001046,-0.004886,2.107,23.511
30.640625,0,0,478.29,0.2185,0.00901,0.45,50.256,1.661,83.47,35.182,31.222,0.014631,0.003841,-0.003824,2.042,23.511
30.644531,0,0,475.99,0.1534,0.00994,0.50,50.256,1.736,87.27,35.177,31.217,0.011668,0.013336,0.004320,2.119,23.511
30.648438,0,0,470.65,0.3140,0.01408,0.69,50.265,1.551,77.98,35.172,31.212,0.000975,-0.003132,-0.002245,2.178,23.511
30.652344,0,0,464.46,0.2661,0.00370,0.18,50.244,1.715,86.18,35.167,31.208,0.008929,0.002097,-0.003570,1.962,23.511
30.656250,0,0,469.36,0.2454,0.00651,0.32,50.239,1.650,82.91,35.162,31.203,-0.014520,-0.002008,-0.005452,2.075,23.511
30.660156,0,0,462.82,0.2350,0.00656,0.32,50.240,1.748,87.80,35.157,31.198,-0.005390,-0.009551,0.005091,2.081,23.511
30.664063,0,0,459.23,0.2219,0.00919,0.44,50.265,1.640,82.45,35.152,31.194,-0.010229,-0.007108,-0.000561,2.100,23.511
30.667969,0,0,463.16,0.1598,0.00860,0.42,50.255,1.623,81.54,35.146,31.189,-0.013136,-0.004840,-0.004211,1.997,23.511
30.671875,0,0,449.63,0.1863,0.01278,0.60,50.290,1.686,84.80,35.141,31.185,-0.009564,-0.001256,-0.006306,1.819,23.511
30.675781,0,0,454.70,0.2356,0.01039,0.49,50.285,1.574,79.17,35.136,31.180,-0.002357,-0.005134,0.001772,2.050,23.510
30.679688,0,0,446.20,0.2705,0.00293,0.14,50.280,1.669,83.94,35.131,31.175,0.013886,0.008151,0.004616,1.891,23.510
30.683594,0,0,439.47,0.1729,0.01328,0.61,50.245,1.676,84.21,35.126,31.171,-0.012453,-0.000062,-0.005669,1.995,23.510
30.687500,0,0,442.22,0.1695,0.01346,0.62,50.255,1.681,84.46,35.121,31.166,0.015553,0.007982,-0.001335,2.008,23.510
30.691406,0,0,436.61,0.2274,0.01903,0.87,50.271,1.568,78.80,35.116,31.162,0.002317,-0.002227,-0.008210,1.806,23.510
30.695313,0,0,434.80,0.0995,0.00000,0.00,50.273,1.589,79.88,35.111,31.157,-0.000309,-0.003920,-0.002091,1.934,23.510
30.699219,0,0,439.58,0.2518,0.00811,0.37,50.299,1.584,79.68,35.106,31.152,-0.004257,0.002401,-0.002193,1.936,23.510
30.703125,0,0,437.85,0.2571,0.02168,0.99,50.263,1.628,81.85,35.101,31.148,0.010362,0.015828,0.006280,1.926,23.510
30.707031,0,0,429.89,0.2528,0.00817,0.37,50.275,1.589,79.87,35.096,31.143,0.003283,0.006737,0.004927,1.843,23.510
30.710938,0,0,431.66,0.2221,0.01770,0.80,50.294,1.526,76.75,35.091,31.138,-0.003525,0.005235,-0.001188,1.922,23.510
30.714844,0,0,428.87,0.2414,0.01145,0.51,50.280,1.769,88.94,35.086,31.134,-0.003163,-0.013480,0.005685,1.892,23.510
30.718750,0,0,424.80,0.1329,0.00248,0.11,50.271,1.542,77.53,35.081,31.129,0.002250,-0.006608,0.003834,1.801,23.510
30.722656,0,0,415.12,0.0861,0.00200,0.09,50.280,1.578,79.33,35.075,31.125,-0.004108,-0.010208,0.005488,1.797,23.510
30.726563,0,0,418.41,0.1290,0.00558,0.24,50.297,1.541,77.53,35.070,31.120,0.010032,0.001217,-0.005857,1.907,23.510
30.730469,0,0,423.24,0.1403,0.00902,0.40,50.255,1.703,85.59,35.065,31.115,-0.014146,0.001972,-0.004694,1.793,23.510
30.734375,0,0,415.36,0.1631,0.01101,0.48,50.270,1.590,79.93,35.060,31.111,-0.011267,0.000578,-0.006827,1.753,23.510
30.738281,0,0,412.48,0.2077,0.01173,0.51,50.257,1.618,81.34,35.055,31.106,0.004492,-0.002150,-0.007043,1.755,23.510
30.742188,0,0,410.91,0.1541,0.00021,0.01,50.252,1.623,81.56,35.050,31.102,-0.002540,-0.010818,0.005086,1.673,23.510
30.746094,0,0,412.50,0.2112,0.01528,0.66,50.292,1.546,77.77,35.045,31.097,0.000757,-0.000865,-0.004209,1.748,23.510
30.750000,0,0,399.82,0.1175,0.01099,0.46,50.251,1.584,79.60,35.040,31.093,-0.005223,0.000175,-0.004296,1.726,23.509
30.753906,0,0,407.90,0.1676,0.00365,0.16,50.282,1.643,82.64,35.035,31.088,0.012175,0.013607,0.005012,1.798,23.509
30.757813,0,0,405.06,0.1925,0.01145,0.49,50.253,1.583,79.53,35.030,31.083,-0.003949,-0.009452,0.003299,1.704,23.509
30.761719,0,0,398.51,0.0627,0.00465,0.19,50.273,1.659,83.41,35.025,31.079,0.004715,-0.000786,-0.005002,1.792,23.509
30.765625,0,0,397.56,0.1326,0.01301,0.54,50.278,1.557,78.27,35.020,31.074,-0.014110,0.001393,-0.005591,1.727,23.509
30.769531,0,0,400.05,0.1450,0.00000,0.00,50.298,1.565,78.72,35.015,31.070,0.012488,0.006404,0.003111,1.755,23.509
30.773438,0,0,391.94,0.2658,0.00000,0.00,50.265,1.578,79.33,35.010,31.065,0.004182,0.009240,0.006790,1.682,23.509
30.777344,0,0,389.90,0.0532,0.00409,0.17,50.248,1.576,79.19,35.005,31.061,0.003035,0.006639,0.002339,1.719,23.509
30.781250,0,0,390.93,0.1183,0.00482,0.20,50.273,1.677,84.28,35.000,31.056,-0.003119,-0.011272,0.007929,1.658,23.509
30.785156,0,0,380.44,0.1838,0.00631,0.25,50.280,1.616,81.25,34.995,31.051,0.012254,0.005517,-0.001430,1.740,23.509
30.789063,0,0,383.77,0.1702,0.00000,0.00,50.298,1.541,77.50,34.990,31.047,-0.006205,-0.000489,-0.001436,1.692,23.509
30.792969,0,0,387.70,0.2085,0.00161,0.07,50.253,1.659,83.37,34.985,31.042,0.001060,0.006939,0.000442,1.638,23.509
30.796875,0,0,382.69,0.1632,0.00546,0.22,50.261,1.446,72.69,34.980,31.038,0.001581,-0.004197,0.000663,1.766,23.509
30.800781,0,0,376.64,0.1554,0.00958,0.38,50.253,1.518,76.30,34.975,31.033,0.003252,-0.000656,-0.005071,1.694,23.509
30.804688,0,0,375.12,0.0577,0.00071,0.03,50.290,1.522,76.55,34.969,31.029,-0.004157,-0.011867,0.005793,1.578,23.509
30.808594,0,0,368.14,0.0973,0.01157,0.45,50.271,1.524,76.60,34.964,31.024,0.006739,0.012819,0.006504,1.654,23.509
30.812500,0,0,372.18,0.1504,0.01052,0.41,50.293,1.526,76.74,34.959,31.019,0.009435,0.007218,0.005301,1.669,23.509
30.816406,0,0,368.30,0.1376,0.00636,0.25,50.273,1.633,82.07,34.954,31.015,0.014926,0.006973,0.001874,1.673,23.509
30.820313,0,0,364.15,0.1123,0.00735,0.28,50.271,1.639,82.38,34.949,31.010,0.009075,0.012246,0.007004,1.580,23.508
30.824219,0,0,368.21,0.0356,0.00556,0.21,50.295,1.495,75.21,34.944,31.006,0.012152,0.007172,0.002554,1.464,23.508
30.828125,0,0,359.97,0.1040,0.00585,0.22,50.284,1.463,73.56,34.939,31.001,-0.001397,0.003950,-0.001704,1.483,23.508
30.832031,0,0,354.58,0.0973,0.00252,0.09,50.279,1.513,76.09,34.934,30.997,0.007789,0.001627,0.000077,1.606,23.508
30.835938,0,0,358.82,0.1371,0.00839,0.32,50.274,1.525,76.67,34.929,30.992,0.002982,-0.002897,-0.002140,1.548,23.508
30.839844,0,0,358.03,0.1401,0.00371,0.14,50.270,1.653,83.09,34.924,30.988,0.008075,0.008997,0.004873,1.575,23.508
30.843750,0,0,351.52,0.2200,0.00220,0.08,50.284,1.419,71.37,34.919,30.983,-0.007606,-0.001382,-0.001210,1.579,23.508
30.847656,0,0,352.54,0.0496,0.01416,0.52,50.301,1.449,72.90,34.914,30.979,0.010022,0.003179,-0.002877,1.603,23.508
30.851563,0,0,350.47,0.1140,0.00738,0.27,50.304,1.506,75.76,34.909,30.974,0.009539,0.005584,-0.000824,1.460,23.508
30.855469,0,0,349.93,0.1857,0.00151,0.06,50.293,1.462,73.54,34.904,30.969,-0.003555,0.003211,-0.000389,1.604,23.508
30.859375,0,0,340.64,0.1591,0.01780,0.64,50.271,1.429,71.81,34.899,30.965,0.010380,0.003845,0.000148,1.446,23.508
30.863281,0,0,343.46,0.0347,0.00000,0.00,50.275,1.455,73.13,34.894,30.960,-0.007571,-0.005672,0.003846,1.581,23.508
30.867188,0,0,342.93,0.0596,0.00941,0.34,50.266,1.453,73.04,34.889,30.956,0.000754,-0.000890,-0.002009,1.494,23.508
30.871094,0,0,342.48,0.1558,0.00968,0.35,50.295,1.446,72.71,34.884,30.951,0.010250,0.003322,-0.001878,1.635,23.508
30.875000,0,0,342.47,0.1679,0.00430,0.15,50.261,1.394,70.04,34.879,30.947,0.012276,0.000028,-0.002658,1.518,23.508
30.878906,0,0,341.02,0.0293,0.00884,0.32,50.299,1.437,72.27,34.874,30.942,-0.001946,-0.009212,0.004427,1.611,23.508
30.882813,0,0,336.49,0.1121,0.01031,0.36,50.287,1.506,75.71,34.869,30.937,0.012567,0.003418,-0.001987,1.384,23.508
30.886719,0,0,333.22,0.0730,0.00425,0.15,50.303,1.491,75.02,34.863,30.933,-0.006318,-0.010920,0.005701,1.490,23.508
30.890625,0,0,329.30,0.1365,0.00254,0.09,50.277,1.464,73.60,34.858,30.928,-0.004718,-0.009760,0.005474,1.437,23.507
30.894531,0,0,327.21,0.0860,0.00521,0.18,50.288,1.536,77.24,34.853,30.924,-0.004861,-0.007799,0.002650,1.324,23.507
30.898438,0,0,325.21,0.0784,0.00096,0.03,50.258,1.464,73.59,34.848,30.919,-0.003282,-0.005218,0.001345,1.337,23.507
30.902344,0,0,332.42,0.1908,0.00873,0.30,50.259,1.527,76.76,34.843,30.915,0.013853,0.003697,0.000023,1.351,23.507
30.906250,0,0,327.52,0.1366,0.00900,0.31,50.282,1.652,83.07,34.839,30.910,-0.010151,-0.004219,-0.001887,1.335,23.507
30.910156,0,0,325.18,0.0765,0.00889,0.30,50.295,1.479,74.40,34.834,30.906,-0.002455,-0.005989,0.004608,1.399,23.507
30.914063,0,0,318.98,0.0430,0.00364,0.12,50.278,1.507,75.76,34.829,30.901,-0.000796,-0.002768,-0.006854,1.508,23.507
30.917969,0,0,318.79,0.0884,0.00719,0.24,50.304,1.404,70.62,34.823,30.897,0.008026,-0.001197,-0.005002,1.397,23.507
30.921875,0,0,319.09,0.1008,0.00000,0.00,50.288,1.438,72.32,34.818,30.892,-0.001588,-0.004725,0.003562,1.521,23.507
30.925781,0,0,316.46,0.0972,0.00000,0.00,50.279,1.478,74.29,34.813,30.888,0.011862,0.009469,0.005052,1.475,23.507
30.929688,0,0,317.36,0.1439,0.00852,0.28,50.304,1.377,69.27,34.808,30.883,-0.001547,-0.009423,0.008416,1.381,23.507
30.933594,0,0,309.01,0.0523,0.00937,0.30,50.295,1.414,71.13,34.803,30.879,0.004260,-0.000412,-0.004583,1.275,23.507
30.937500,0,0,310.97,0.0708,0.00650,0.21,50.292,1.375,69.13,34.798,30.874,0.002360,-0.000387,-0.005125,1.313,23.507
30.941406,0,0,308.35,0.1074,0.01100,0.36,50.297,1.448,72.81,34.793,30.870,0.003410,0.005112,0.003532,1.308,23.507
30.945313,0,0,310.15,0.0977,0.00000,0.00,50.253,1.652,83.03,34.788,30.865,-0.005777,0.001845,0.003142,1.363,23.507
30.949219,0,0,300.70,0.1476,0.00737,0.23,50.275,1.458,73.28,34.783,30.861,0.012958,0.012376,0.006418,1.304,23.507
30.953125,0,0,301.70,0.0665,0.00141,0.04,50.299,1.435,72.18,34.778,30.856,-0.007267,-0.009644,0.002397,1.420,23.507
30.957031,0,0,302.34,0.1006,0.00000,0.00,50.288,1.527,76.78,34.773,30.852,-0.000187,0.007147,0.002822,1.348,23.507
30.960938,0,0,298.64,0.0994,0.00319,0.10,50.267,1.452,72.98,34.768,30.847,0.011791,0.011289,0.004162,1.249,23.506
30.964844,0,0,298.61,0.1303,0.00082,0.03,50.290,1.407,70.77,34.763,30.843,0.013651,0.008883,0.004124,1.328,23.506
30.968750,0,0,294.14,0.0927,0.00363,0.11,50.257,1.570,78.93,34.758,30.838,-0.008854,0.002208,-0.003983,1.151,23.506
30.972656,0,0,299.38,0.0283,0.01172,0.37,50.275,1.456,73.18,34.753,30.834,-0.004640,-0.006211,0.005457,1.350,23.506
30.976563,0,0,292.96,0.0817,0.00770,0.24,50.265,1.496,75.19,34.748,30.830,0.009804,0.000616,-0.003449,1.356,23.506
30.980469,0,0,287.77,0.0720,0.00000,0.00,50.286,1.395,70.14,34.743,30.825,-0.005275,-0.012775,0.006710,1.316,23.506
30.984375,0,0,293.70,0.1482,0.00338,0.10,50.287,1.604,80.64,34.739,30.821,-0.009226,-0.004987,0.003424,1.374,23.506
30.988281,0,0,284.00,0.0807,0.00005,0.00,50.302,1.396,70.20,34.734,30.816,-0.007022,-0.005276,0.001868,1.224,23.506
30.992188,0,0,283.90,0.0000,0.00431,0.13,50.255,1.524,76.59,34.729,30.812,-0.002964,-0.005301,0.002129,1.076,23.506
30.996094,0,0,284.94,0.1094,0.00000,0.00,50.259,1.552,77.99,34.724,30.807,0.009978,0.006115,-0.001334,1.241,23.506
31.000000,0,0,279.49,0.0475,0.00788,0.23,50.285,1.321,66.40,34.719,30.803,-0.000608,0.000833,-0.000134,1.180,23.506
31.003906,0,0,282.88,0.0771,0.00282,0.08,50.265,1.501,75.44,34.714,30.798,0.011058,0.007009,0.002197,1.248,23.506
31.007813,0,0,277.39,0.0825,0.01491,0.43,50.259,1.311,65.90,34.709,30.794,0.004398,-0.002535,-0.006685,1.187,23.506
31.011719,0,0,280.03,0.1358,0.00551,0.16,50.255,1.466,73.69,34.704,30.789,-0.012554,-0.001432,-0.002608,1.140,23.506
31.015625,0,0,282.24,0.0448,0.00000,0.00,50.287,1.457,73.27,34.699,30.785,-0.002677,0.000568,-0.000667,1.238,23.506
31.019531,0,0,269.61,0.0582,0.00565,0.16,50.306,1.369,68.85,34.694,30.781,0.001591,-0.000246,-0.004043,1.169,23.506
31.023438,0,0,276.40,0.0752,0.00728,0.21,50.271,1.497,75.27,34.689,30.776,-0.005833,0.002534,-0.002688,1.195,23.506
31.027344,0,0,268.38,0.0827,0.00000,0.00,50.283,1.423,71.54,34.684,30.772,-0.007954,0.000531,-0.001879,1.106,23.506
31.031250,0,0,270.23,0.0763,0.00166,0.05,50.270,1.436,72.19,34.679,30.767,-0.006926,0.002102,0.000277,1.104,23.506
31.035156,0,0,271.67,0.1895,0.00946,0.27,50.303,1.404,70.63,34.674,30.763,-0.001787,-0.010564,0.006515,1.104,23.505
31.039063,0,0,266.79,0.1183,0.01071,0.30,50.259,1.483,74.52,34.669,30.758,0.006027,0.008474,0.003042,1.159,23.505
31.042969,0,0,268.79,0.1120,0.01247,0.35,50.280,1.437,72.26,34.664,30.754,0.008517,0.008711,0.004768,1.252,23.505
31.046875,0,0,262.89,0.0522,0.00501,0.14,50.277,1.445,72.64,34.659,30.750,0.007022,0.010216,0.004051,1.167,23.505
31.050781,0,0,260.28,0.0825,0.00310,0.08,50.279,1.448,72.79,34.654,30.745,-0.007255,-0.004588,0.000238,1.083,23.505
31.054688,0,0,260.05,0.0000,0.00547,0.15,50.271,1.445,72.64,34.649,30.741,-0.001739,-0.008248,0.006593,1.119,23.505
31.058594,0,0,264.19,0.0835,0.00520,0.14,50.292,1.493,75.10,34.644,30.736,-0.008988,-0.000182,-0.005909,0.973,23.505
31.062500,0,0,261.74,0.0636,0.00428,0.12,50.271,1.558,78.30,34.639,30.732,-0.002751,-0.004317,0.003668,1.247,23.505
31.066406,0,0,261.16,0.0528,0.00984,0.27,50.304,1.318,66.30,34.634,30.727,0.011155,0.000790,-0.004774,1.086,23.505
31.070313,0,0,255.77,0.0000,0.00000,0.00,50.278,1.443,72.53,34.629,30.723,0.000576,-0.004318,-0.000418,1.193,23.505
31.074219,0,0,254.25,0.1060,0.00837,0.22,50.296,1.375,69.15,34.624,30.719,-0.007080,-0.004663,-0.000044,1.054,23.505
31.078125,0,0,258.98,0.0409,0.01073,0.29,50.282,1.391,69.95,34.619,30.714,0.010431,0.005177,0.002984,1.054,23.505
31.082031,0,0,249.29,0.0683,0.00431,0.11,50.279,1.462,73.50,34.615,30.710,0.012987,0.007172,0.004592,1.130,23.505
31.085938,0,0,252.32,0.0043,0.00199,0.05,50.263,1.302,65.45,34.610,30.705,-0.007755,-0.000081,0.002611,1.010,23.505
31.089844,0,0,247.11,0.0468,0.00373,0.10,50.269,1.462,73.50,34.605,30.701,0.003602,0.009030,0.003843,1.198,23.505
31.093750,0,0,249.64,0.0012,0.00498,0.13,50.289,1.498,75.31,34.600,30.697,0.000685,-0.000788,-0.003911,1.046,23.505
31.097656,0,0,250.15,0.0855,0.00679,0.18,50.267,1.384,69.55,34.595,30.692,-0.004945,-0.008783,0.003844,0.997,23.505
31.101563,0,0,246.55,0.0347,0.01150,0.30,50.291,1.459,73.39,34.590,30.688,-0.010736,-0.000361,-0.003049,1.169,23.505
31.105469,0,0,248.73,0.0426,0.00000,0.00,50.323,1.303,65.58,34.585,30.683,-0.006101,0.002562,0.000181,0.996,23.504
31.109375,0,0,241.16,0.1080,0.00128,0.03,50.253,1.494,75.10,34.580,30.679,0.005019,0.005805,0.005203,1.004,23.504
31.113281,0,0,242.95,0.1405,0.00731,0.19,50.269,1.447,72.76,34.575,30.675,0.000264,0.006942,0.003354,0.999,23.504
31.117188,0,0,241.68,0.0026,0.00958,0.24,50.300,1.295,65.16,34.570,30.670,0.004906,-0.000376,-0.003727,1.019,23.504
31.121094,0,0,239.43,0.0103,0.00295,0.07,50.286,1.359,68.36,34.565,30.666,0.011403,0.003562,0.000860,1.015,23.504
31.125000,0,0,236.25,0.0000,0.01112,0.28,50.301,1.373,69.07,34.560,30.661,-0.000312,-0.009494,0.002468,1.046,23.504
31.128906,0,0,232.47,0.0430,0.00325,0.08,50.287,1.476,74.20,34.555,30.657,-0.004396,-0.010260,0.006285,0.933,23.504
31.132813,0,0,233.01,0.1278,0.00000,0.00,50.304,1.257,63.21,34.550,30.653,-0.006828,0.001696,-0.000014,1.007,23.504
31.136719,0,0,238.34,0.0192,0.00483,0.12,50.299,1.471,74.00,34.545,30.648,-0.007513,-0.005320,0.000362,1.094,23.504
31.140625,0,0,237.48,0.1052,0.00000,0.00,50.293,1.415,71.16,34.541,30.644,0.009896,0.001480,-0.002020,0.998,23.504
31.144531,0,0,231.94,0.0380,0.00000,0.00,50.273,1.439,72.36,34.536,30.640,0.000683,0.000026,-0.002475,1.031,23.504
31.148438,0,0,229.69,0.0930,0.00405,0.10,50.275,1.284,64.58,34.531,30.635,0.008992,0.000559,-0.001222,1.109,23.504
31.152344,0,0,232.38,0.0908,0.00000,0.00,50.278,1.481,74.48,34.526,30.631,-0.006095,-0.002829,0.004461,1.118,23.504
31.156250,0,0,224.13,0.1489,0.00000,0.00,50.289,1.328,66.76,34.521,30.626,-0.000408,-0.001694,-0.003405,0.964,23.504
31.160156,0,0,226.06,0.0557,0.00000,0.00,50.283,1.284,64.57,34.516,30.622,-0.000789,-0.000396,-0.001130,1.156,23.504
31.164063,0,0,227.74,0.0271,0.00692,0.17,50.299,1.352,68.02,34.511,30.618,0.004577,-0.000255,-0.004834,0.974,23.504
31.167969,0,0,228.00,0.0199,0.00000,0.00,50.276,1.382,69.50,34.506,30.613,-0.001153,-0.000302,-0.002069,1.139,23.504
31.171875,0,0,222.65,0.0313,0.00150,0.03,50.280,1.263,63.52,34.501,30.609,-0.005350,-0.003946,0.003363,1.154,23.504
31.175781,0,0,214.03,0.0219,0.00000,0.00,50.294,1.340,67.37,34.496,30.604,0.010563,0.004983,-0.000783,0.875,23.503
31.179688,0,0,219.95,0.0626,0.00000,0.00,50.284,1.397,70.23,34.491,30.600,0.002651,0.002244,-0.007517,0.889,23.503
31.183594,0,0,219.85,0.0170,0.00041,0.01,50.277,1.250,62.85,34.486,30.596,0.006462,0.001053,-0.001233,0.917,23.503
31.187500,0,0,217.01,0.1569,0.00435,0.10,50.267,1.471,73.93,34.481,30.591,-0.008860,-0.001664,-0.002277,0.984,23.503
31.191406,0,0,214.91,0.0425,0.00070,0.02,50.316,1.352,68.03,34.477,30.587,-0.006235,-0.000167,-0.000564,0.962,23.503
31.195313,0,0,218.03,0.0175,0.00816,0.19,50.322,1.363,68.60,34.472,30.583,0.004821,-0.000352,-0.002053,0.956,23.503
31.199219,0,0,209.17,0.0208,0.00829,0.18,50.258,1.397,70.23,34.467,30.578,-0.009509,-0.003016,-0.002073,0.937,23.503
31.203125,0,0,213.19,0.0254,0.00000,0.00,50.284,1.483,74.58,34.462,30.574,-0.003206,0.002798,-0.001075,0.842,23.503
31.207031,0,0,216.10,0.0682,0.00048,0.01,50.275,1.466,73.69,34.457,30.570,0.002231,0.002390,-0.002992,0.892,23.503
31.210938,0,0,207.58,0.0857,0.00104,0.02,50.270,1.475,74.13,34.452,30.566,0.000016,0.001468,0.001501,0.961,23.503
31.214844,0,0,216.06,0.0000,0.00000,0.00,50.293,1.390,69.91,34.447,30.561,0.001766,-0.001752,-0.003033,0.873,23.503
31.218750,0,0,209.91,0.0290,0.01171,0.26,50.323,1.232,61.98,34.442,30.557,0.008313,0.002822,-0.000135,0.876,23.503
31.222656,0,0,204.43,0.1243,0.00216,0.05,50.293,1.355,68.16,34.438,30.553,-0.000205,0.000176,-0.003829,0.914,23.503
31.226563,0,0,199.88,0.0922,0.00139,0.03,50.276,1.409,70.84,34.433,30.548,0.004575,0.004525,0.001662,0.863,23.503
31.230469,0,0,203.83,0.1031,0.00000,0.00,50.274,1.292,64.98,34.428,30.544,0.013417,0.008605,0.006356,0.931,23.503
31.234375,0,0,195.85,0.0237,0.00077,0.02,50.304,1.346,67.72,34.423,30.540,-0.001759,0.002660,-0.000620,0.857,23.503
31.238281,0,0,203.84,0.0000,0.01005,0.21,50.272,1.436,72.20,34.418,30.535,0.008000,0.005318,0.003404,0.740,23.503
31.242188,0,0,200.37,0.0420,0.00211,0.04,50.258,1.436,72.19,34.413,30.531,0.003752,0.000899,-0.007342,0.767,23.502
31.246094,0,0,201.72,0.0000,0.00383,0.08,50.299,1.415,71.17,34.408,30.527,0.006195,0.009164,0.003511,0.793,23.502
31.250000,0,0,193.22,0.0486,0.00731,0.15,50.304,1.440,72.46,34.404,30.522,-0.006391,-0.009336,0.005598,0.792,23.502
31.253906,0,0,197.62,0.1305,0.00000,0.00,50.275,1.277,64.22,34.399,30.518,-0.002573,0.001882,0.000670,0.798,23.502
31.257813,0,0,196.20,0.0000,0.00000,0.00,50.303,1.261,63.41,34.394,30.514,0.006664,0.003782,0.000952,0.786,23.502
31.261719,0,0,198.61,0.0000,0.00274,0.06,50.279,1.350,67.87,34.389,30.509,-0.002353,-0.007485,0.004009,0.809,23.502
31.265625,0,0,197.24,0.1459,0.00932,0.19,50.287,1.287,64.72,34.384,30.505,-0.007805,-0.000514,-0.005023,0.862,23.502
31.269531,0,0,200.10,0.0548,0.00191,0.04,50.295,1.274,64.05,34.379,30.501,0.007493,0.002265,-0.006179,0.874,23.502
31.273438,0,0,189.19,0.0461,0.00000,0.00,50.317,1.357,68.29,34.374,30.496,-0.001155,-0.009409,0.003512,0.793,23.502
31.277344,0,0,192.08,0.0034,0.01015,0.20,50.272,1.544,77.60,34.370,30.492,0.011348,0.005677,0.002567,0.701,23.502
31.281250,0,0,187.90,0.0000,0.00328,0.06,50.294,1.376,69.21,34.365,30.488,-0.000897,0.002357,0.000598,0.674,23.502
31.285156,0,0,184.16,0.0000,0.00250,0.05,50.300,1.354,68.10,34.360,30.484,0.003348,0.004101,0.004887,0.718,23.502
31.289063,0,0,191.01,0.0465,0.00176,0.04,50.318,1.335,67.19,34.355,30.479,-0.005763,-0.010171,0.008010,0.795,23.502
31.292969,0,0,186.06,0.0659,0.01178,0.23,50.266,1.437,72.24,34.350,30.475,0.004975,0.005154,0.002979,0.741,23.502
31.296875,0,0,182.30,0.0000,0.00441,0.08,50.296,1.325,66.63,34.345,30.471,0.009006,0.008323,0.005758,0.778,23.502
31.300781,0,0,179.38,0.0000,0.00000,0.00,50.287,1.334,67.10,34.340,30.467,-0.001066,-0.008674,0.006116,0.715,23.502
31.304688,0,0,175.89,0.0000,0.00000,0.00,50.299,1.214,61.06,34.336,30.462,-0.008776,0.000752,-0.005525,0.579,23.502
31.308594,0,0,184.38,0.0339,0.00000,0.00,50.297,1.235,62.12,34.331,30.458,0.011806,0.002903,0.001170,0.834,23.502
31.312500,0,0,185.13,0.0139,0.00170,0.03,50.301,1.340,67.40,34.326,30.454,-0.005842,-0.004667,0.001476,0.836,23.501
31.316406,0,0,184.06,0.1298,0.00000,0.00,50.302,1.259,63.33,34.321,30.449,0.008634,0.010683,0.003521,0.785,23.501
31.320313,0,0,183.19,0.0444,0.00283,0.05,50.297,1.327,66.76,34.316,30.445,-0.002449,-0.007281,0.004729,0.787,23.501
31.324219,0,0,182.58,0.0000,0.00157,0.03,50.260,1.457,73.20,34.311,30.441,0.003673,0.000890,-0.006142,0.724,23.501
31.328125,0,0,176.91,0.1433,0.01219,0.23,50.272,1.336,67.18,34.306,30.437,0.001230,-0.000629,-0.003893,0.789,23.501
31.332031,0,0,178.75,0.0043,0.00000,0.00,50.306,1.237,62.21,34.302,30.432,-0.000401,-0.000283,-0.004418,0.903,23.501
31.335938,0,0,177.97,0.1226,0.00036,0.01,50.289,1.293,65.02,34.297,30.428,-0.003264,0.004844,-0.001624,0.805,23.501
31.339844,0,0,176.81,0.0547,0.00064,0.01,50.295,1.303,65.52,34.292,30.424,-0.000035,-0.002232,-0.005677,0.654,23.501
31.343750,0,0,171.42,0.0249,0.00663,0.12,50.306,1.302,65.50,34.287,30.420,-0.004018,-0.007833,0.004593,0.759,23.501
31.347656,0,0,172.21,0.0000,0.00000,0.00,50.322,1.206,60.70,34.282,30.415,-0.002134,0.003085,0.001301,0.791,23.501
31.351563,0,0,167.86,0.0085,0.00000,0.00,50.295,1.296,65.20,34.277,30.411,-0.007130,-0.003203,-0.002654,0.891,23.501
31.355469,0,0,169.77,0.0000,0.00879,0.16,50.283,1.261,63.39,34.272,30.407,-0.008690,-0.001106,-0.000035,0.670,23.501
31.359375,0,0,166.04,0.0548,0.00741,0.13,50.304,1.442,72.51,34.268,30.403,-0.008799,0.000545,-0.003827,0.705,23.501
31.363281,0,0,170.18,0.0494,0.00000,0.00,50.286,1.300,65.39,34.263,30.398,-0.001740,0.003270,-0.000188,0.762,23.501
31.367188,0,0,170.79,0.0766,0.00000,0.00,50.291,1.278,64.27,34.258,30.394,0.006093,-0.000123,-0.003585,0.753,23.501
31.371094,0,0,169.70,0.0298,0.00000,0.00,50.310,1.255,63.13,34.253,30.390,-0.007443,-0.003921,0.000733,0.764,23.501
31.375000,0,0,161.98,0.0090,0.00000,0.00,50.312,1.327,66.77,34.248,30.386,-0.005602,-0.003123,-0.001676,0.648,23.501
31.378906,0,0,164.74,0.0953,0.00000,0.00,50.265,1.353,67.99,34.244,30.381,0.009660,0.006310,0.003321,0.760,23.501
31.382813,0,0,166.82,0.0393,0.00000,0.00,50.272,1.457,73.26,34.239,30.377,0.008208,0.000466,-0.000764,0.698,23.500
31.386719,0,0,165.79,0.0000,0.00525,0.09,50.260,1.297,65.17,34.234,30.373,-0.005215,-0.000666,-0.000784,0.682,23.500
31.390625,0,0,165.00,0.0270,0.00122,0.02,50.284,1.248,62.73,34.229,30.369,0.000448,-0.001203,-0.008302,0.677,23.500
31.394531,0,0,162.46,0.0537,0.00000,0.00,50.315,1.262,63.52,34.224,30.364,0.004745,0.005885,0.003232,0.698,23.500
31.398438,0,0,158.33,0.0783,0.00385,0.06,50.305,1.259,63.32,34.219,30.360,-0.005352,0.002149,-0.002488,0.596,23.500
31.402344,0,0,154.80,0.0900,0.00000,0.00,50.292,1.468,73.84,34.215,30.356,0.001934,0.007770,0.003902,0.751,23.500
31.406250,0,0,155.10,0.0032,0.00687,0.11,50.278,1.362,68.47,34.210,30.352,0.006318,0.006356,-0.000402,0.725,23.500
31.410156,0,0,163.58,0.0080,0.00218,0.04,50.299,1.273,64.05,34.205,30.348,-0.001334,-0.006296,0.001794,0.658,23.500
31.414063,0,0,157.02,0.0054,0.00081,0.01,50.272,1.332,66.97,34.200,30.343,0.011286,0.001633,0.001459,0.778,23.500
31.417969,0,0,154.94,0.0470,0.00314,0.05,50.290,1.304,65.59,34.196,30.339,0.009069,0.005092,0.003742,0.694,23.500
31.421875,0,0,151.86,0.0691,0.00482,0.08,50.313,1.309,65.84,34.191,30.335,-0.004961,-0.006677,0.002844,0.561,23.500
31.425781,0,0,152.14,0.0344,0.00000,0.00,50.277,1.317,66.20,34.186,30.331,-0.002456,-0.003712,0.002354,0.599,23.500
31.429688,0,0,154.46,0.0000,0.01246,0.20,50.303,1.312,66.02,34.181,30.327,-0.004624,0.000981,-0.002485,0.653,23.500
31.433594,0,0,147.13,0.0000,0.00446,0.07,50.299,1.305,65.63,34.176,30.322,0.009812,0.011298,0.002291,0.644,23.500
31.437500,0,0,157.98,0.0000,0.00719,0.12,50.296,1.295,65.11,34.172,30.318,-0.009223,-0.001181,-0.005230,0.752,23.500
31.441406,0,0,150.51,0.0735,0.00000,0.00,50.319,1.190,59.87,34.167,30.314,-0.006574,-0.000856,-0.002591,0.637,23.500
31.445313,0,0,150.53,0.0000,0.00471,0.07,50.290,1.287,64.75,34.162,30.310,-0.007070,0.001877,-0.004102,0.565,23.500
31.449219,0,0,148.37,0.0409,0.00564,0.09,50.314,1.415,71.19,34.157,30.306,-0.009188,-0.003470,-0.002684,0.630,23.500
31.453125,0,0,140.41,0.1031,0.00252,0.04,50.290,1.295,65.13,34.153,30.301,-0.004725,-0.009646,0.005653,0.525,23.499
31.457031,0,0,151.25,0.0857,0.00080,0.01,50.284,1.335,67.11,34.148,30.297,0.004197,-0.000365,-0.003557,0.662,23.499
31.460938,0,0,145.63,0.0000,0.00148,0.02,50.294,1.406,70.71,34.143,30.293,0.004213,-0.001738,-0.001848,0.506,23.499
31.464844,0,0,146.99,0.0665,0.00000,0.00,50.302,1.136,57.16,34.138,30.289,0.008561,0.008280,0.003867,0.636,23.499
31.468750,0,0,145.78,0.1143,0.00667,0.10,50.308,1.206,60.68,34.133,30.285,-0.000935,-0.003133,0.001951,0.663,23.499
31.472656,0,0,141.82,0.0000,0.00000,0.00,50.318,1.261,63.47,34.129,30.281,0.001281,-0.001613,-0.004438,0.566,23.499
31.476563,0,0,142.14,0.0613,0.00397,0.06,50.272,1.381,69.41,34.124,30.276,-0.004199,-0.005349,0.003439,0.552,23.499
31.480469,0,0,143.66,0.0000,0.00000,0.00,50.309,1.445,72.68,34.119,30.272,-0.002861,0.000160,-0.002370,0.714,23.499
31.484375,0,0,142.50,0.0000,0.00000,0.00,50.292,1.325,66.63,34.115,30.268,-0.008699,-0.001844,-0.004446,0.636,23.499
31.488281,0,0,137.52,0.0437,0.00000,0.00,50.289,1.263,63.51,34.110,30.264,0.008239,0.003326,0.002847,0.713,23.499
31.492188,0,0,141.71,0.0686,0.00000,0.00,50.296,1.350,67.92,34.105,30.260,0.001085,0.000990,-0.004812,0.681,23.499
31.496094,0,0,137.34,0.0000,0.00000,0.00,50.309,1.337,67.26,34.100,30.256,0.008916,0.009044,0.005026,0.691,23.499
31.500000,0,0,138.15,0.1173,0.00000,0.00,50.305,1.334,67.09,34.096,30.252,-0.000473,-0.004661,0.003260,0.533,23.499
31.503906,0,0,136.10,0.0615,0.00000,0.00,50.286,1.293,65.03,34.091,30.247,-0.000689,-0.003058,-0.001192,0.562,23.499
31.507813,0,0,137.61,0.0501,0.00012,0.00,50.289,1.274,64.07,34.086,30.243,0.006927,0.000740,-0.004441,0.543,23.499
31.511719,0,0,138.48,0.0291,0.00692,0.10,50.306,1.409,70.89,34.081,30.239,-0.005005,0.001394,0.000502,0.570,23.499
31.515625,0,0,136.54,0.0369,0.00234,0.03,50.291,1.319,66.32,34.077,30.235,-0.005443,-0.003535,0.000079,0.570,23.499
31.519531,0,0,136.58,0.0600,0.00533,0.08,50.298,1.312,65.98,34.072,30.231,-0.004901,0.000375,-0.001586,0.736,23.499
31.523438,0,0,133.75,0.0000,0.00000,0.00,50.287,1.232,61.96,34.067,30.227,0.007396,0.002327,-0.004476,0.667,23.498
31.527344,0,0,133.58,0.0919,0.00317,0.04,50.293,1.275,64.12,34.062,30.223,0.003922,0.001486,0.000266,0.628,23.498
31.531250,0,0,134.88,0.0042,0.00470,0.07,50.306,1.205,60.61,34.058,30.218,-0.004107,-0.001102,-0.004441,0.590,23.498
31.535156,0,0,129.87,0.0241,0.00658,0.09,50.309,1.303,65.56,34.053,30.214,0.007361,-0.000091,-0.002010,0.504,23.498
31.539063,0,0,130.49,0.0687,0.00000,0.00,50.283,1.402,70.52,34.048,30.210,-0.004644,-0.007190,0.002565,0.497,23.498
31.542969,0,0,132.68,0.0321,0.00649,0.09,50.313,1.269,63.86,34.044,30.206,-0.006754,0.000633,-0.000090,0.512,23.498
31.546875,0,0,132.43,0.0910,0.00000,0.00,50.285,1.258,63.28,34.039,30.202,-0.000339,-0.009412,0.001110,0.526,23.498
31.550781,0,0,125.99,0.0000,0.00000,0.00,50.308,1.207,60.73,34.034,30.198,0.007204,0.001674,-0.001952,0.589,23.498
31.554688,0,0,128.25,0.0063,0.00000,0.00,50.279,1.292,64.98,34.029,30.194,0.002864,-0.001103,-0.000956,0.492,23.498
31.558594,0,0,128.49,0.0000,0.00000,0.00,50.283,1.274,64.08,34.025,30.190,-0.002506,-0.009542,0.003929,0.571,23.498
31.562500,0,0,125.02,0.0000,0.00182,0.02,50.298,1.392,70.01,34.020,30.186,-0.008109,-0.003840,-0.000656,0.604,23.498
31.566406,0,0,122.99,0.0000,0.00000,0.00,50.291,1.160,58.33,34.015,30.181,-0.007509,-0.005145,0.002265,0.630,23.498
31.570313,0,0,130.75,0.0376,0.00806,0.11,50.284,1.363,68.54,34.010,30.177,-0.004155,-0.001625,-0.003962,0.477,23.498
31.574219,0,0,126.67,0.0452,0.00000,0.00,50.295,1.229,61.83,34.006,30.173,-0.005488,-0.002068,0.004381,0.701,23.498
31.578125,0,0,120.68,0.0000,0.00000,0.00,50.251,1.343,67.47,34.001,30.169,-0.003639,-0.007929,0.002257,0.549,23.498
31.582031,0,0,123.61,0.1220,0.00204,0.03,50.306,1.182,59.47,33.996,30.165,0.004776,0.008197,0.001739,0.453,23.498
31.585938,0,0,122.14,0.0358,0.00544,0.07,50.262,1.212,60.93,33.992,30.161,0.004149,-0.001688,-0.003601,0.658,23.498
31.589844,0,0,125.82,0.0231,0.00354,0.05,50.295,1.331,66.93,33.987,30.157,0.009284,0.000897,-0.000367,0.541,23.497
31.593750,0,0,118.16,0.0000,0.00012,0.00,50.292,1.421,71.49,33.982,30.153,0.008457,0.004570,-0.000529,0.413,23.497
31.597656,0,0,120.41,0.0114,0.00000,0.00,50.294,1.200,60.35,33.978,30.149,0.000411,-0.001656,-0.004093,0.545,23.497
31.601563,0,0,124.48,0.0178,0.00317,0.04,50.283,1.300,65.36,33.973,30.145,-0.003979,-0.008329,0.002651,0.671,23.497
31.605469,0,0,120.97,0.0000,0.00178,0.02,50.271,1.345,67.59,33.968,30.141,-0.006579,-0.002713,-0.000725,0.558,23.497
31.609375,0,0,120.06,0.0000,0.00282,0.04,50.286,1.228,61.74,33.963,30.136,0.006312,0.000937,-0.002672,0.503,23.497
31.613281,0,0,118.34,0.0368,0.00000,0.00,50.298,1.179,59.29,33.959,30.132,0.003874,0.000636,-0.003348,0.583,23.497
31.617188,0,0,116.78,0.0533,0.00000,0.00,50.277,1.229,61.77,33.954,30.128,-0.000769,-0.008307,0.003938,0.502,23.497
31.621094,0,0,117.77,0.0000,0.00425,0.05,50.283,1.242,62.47,33.949,30.124,0.007024,0.007772,0.000038,0.513,23.497
31.625000,0,0,116.67,0.0000,0.00000,0.00,50.297,1.291,64.91,33.945,30.120,-0.004778,-0.005837,0.001441,0.568,23.497
31.628906,0,0,115.13,0.0763,0.01010,0.12,50.293,1.428,71.83,33.940,30.116,-0.006140,-0.004553,0.001648,0.567,23.497
31.632813,0,0,116.39,0.0000,0.00000,0.00,50.280,1.355,68.13,33.935,30.112,0.002468,0.001909,-0.003805,0.538,23.497
31.636719,0,0,113.48,0.0080,0.00000,0.00,50.275,1.384,69.57,33.931,30.108,-0.006318,-0.000189,-0.005160,0.515,23.497
31.640625,0,0,112.04,0.0000,0.00493,0.06,50.316,1.225,61.62,33.926,30.104,0.006357,0.010917,0.000698,0.447,23.497
31.644531,0,0,113.50,0.0225,0.00673,0.08,50.301,1.297,65.23,33.921,30.100,-0.003564,-0.000094,-0.004121,0.565,23.497
31.648438,0,0,112.37,0.0000,0.00000,0.00,50.280,1.413,71.05,33.917,30.096,0.006286,-0.002547,-0.001340,0.422,23.497
31.652344,0,0,117.16,0.0000,0.00000,0.00,50.293,1.317,66.24,33.912,30.092,-0.004015,0.000829,-0.001463,0.469,23.497
31.656250,0,0,112.47,0.0814,0.00009,0.00,50.283,1.247,62.71,33.908,30.088,0.006423,-0.000682,-0.006210,0.564,23.497
31.660156,0,0,110.42,0.0315,0.00000,0.00,50.264,1.260,63.32,33.903,30.084,0.005241,0.000390,-0.003232,0.603,23.496
31.664063,0,0,114.14,0.0161,0.00000,0.00,50.291,1.190,59.85,33.898,30.080,0.006029,0.000846,-0.001704,0.447,23.496
31.667969,0,0,110.08,0.0205,0.00000,0.00,50.279,1.219,61.30,33.893,30.076,0.010593,0.007226,0.002780,0.316,23.496
31.671875,0,0,114.47,0.0172,0.00000,0.00,50.274,1.235,62.06,33.889,30.072,0.000613,-0.000124,-0.000302,0.570,23.496
31.675781,0,0,109.43,0.0068,0.00000,0.00,50.300,1.387,69.75,33.884,30.068,-0.004405,0.003229,-0.003819,0.321,23.496
31.679688,0,0,107.66,0.0609,0.00204,0.02,50.308,1.394,70.11,33.880,30.064,-0.005385,0.000687,-0.005221,0.408,23.496
31.683594,0,0,105.31,0.0689,0.00468,0.05,50.310,1.299,65.36,33.875,30.060,-0.002508,-0.006021,0.002933,0.516,23.496
31.687500,0,0,105.76,0.0000,0.00931,0.10,50.288,1.194,60.02,33.870,30.056,-0.005483,-0.002707,-0.001911,0.452,23.496
31.691406,0,0,110.33,0.0291,0.00000,0.00,50.292,1.299,65.31,33.866,30.052,0.007696,-0.002147,-0.004270,0.366,23.496
31.695313,0,0,106.00,0.0854,0.00000,0.00,50.313,1.192,59.97,33.861,30.048,-0.000049,0.003112,0.002797,0.424,23.496
31.699219,0,0,103.30,0.0523,0.00000,0.00,50.279,1.290,64.84,33.856,30.044,-0.001458,-0.005495,0.005486,0.581,23.496
31.703125,0,0,104.31,0.0293,0.01081,0.12,50.295,1.177,59.20,33.852,30.039,0.008284,0.009495,0.003975,0.378,23.496
31.707031,0,0,102.29,0.0000,0.00000,0.00,50.305,1.304,65.58,33.847,30.036,0.005019,0.005158,0.005470,0.466,23.496
31.710938,0,0,96.44,0.0000,0.00361,0.04,50.348,1.095,55.14,33.842,30.031,-0.002157,0.000699,0.001327,0.392,23.496
31.714844,0,0,98.55,0.0920,0.00000,0.00,50.321,1.117,56.22,33.838,30.027,0.006773,0.006919,0.006367,0.408,23.496
31.718750,0,0,102.36,0.0453,0.00306,0.03,50.306,1.125,56.58,33.833,30.023,0.008579,0.005648,0.002320,0.508,23.496
31.722656,0,0,102.49,0.0558,0.00000,0.00,50.299,1.318,66.30,33.828,30.019,0.005851,0.004206,0.001822,0.570,23.496
31.726563,0,0,101.70,0.0000,0.00545,0.06,50.292,1.272,63.99,33.824,30.015,-0.004174,-0.000630,-0.004227,0.508,23.495
31.730469,0,0,101.88,0.0000,0.00000,0.00,50.302,1.235,62.13,33.819,30.011,-0.003551,0.002775,-0.000005,0.387,23.495
31.734375,0,0,96.25,0.0000,0.00261,0.03,50.309,1.113,56.01,33.814,30.007,-0.003963,0.001015,0.000020,0.340,23.495
31.738281,0,0,98.87,0.0443,0.00000,0.00,50.309,1.308,65.81,33.810,30.003,0.004461,0.001541,-0.001186,0.458,23.495
31.742188,0,0,99.20,0.0226,0.00000,0.00,50.296,1.206,60.66,33.805,29.999,-0.005137,-0.007218,0.002186,0.361,23.495
31.746094,0,0,92.95,0.0000,0.00000,0.00,50.300,1.099,55.27,33.800,29.995,0.008304,0.004126,-0.000677,0.439,23.495
31.750000,0,0,98.92,0.0050,0.00067,0.01,50.291,1.215,61.11,33.796,29.991,0.001939,-0.000210,-0.004747,0.397,23.495
31.753906,0,0,91.50,0.0521,0.00000,0.00,50.307,1.182,59.44,33.791,29.987,0.000632,-0.002693,-0.000201,0.354,23.495
31.757813,0,0,95.39,0.0975,0.00245,0.02,50.293,1.199,60.28,33.786,29.983,0.000617,-0.003804,0.002112,0.384,23.495
31.761719,0,0,98.59,0.0510,0.00000,0.00,50.281,1.330,66.87,33.782,29.979,0.009349,0.003864,0.001857,0.409,23.495
31.765625,0,0,92.16,0.0382,0.00011,0.00,50.312,1.108,55.74,33.777,29.975,-0.003803,-0.000169,-0.002164,0.436,23.495
31.769531,0,0,91.92,0.0371,0.00638,0.06,50.286,1.217,61.21,33.772,29.971,-0.002491,-0.001148,0.001404,0.401,23.495
31.773438,0,0,93.55,0.0254,0.00000,0.00,50.302,1.151,57.91,33.768,29.967,-0.001835,-0.004110,0.003312,0.376,23.495
31.777344,0,0,95.78,0.0171,0.00000,0.00,50.289,1.257,63.21,33.763,29.963,-0.004604,-0.001211,-0.003832,0.306,23.495
31.781250,0,0,84.80,0.0498,0.00638,0.06,50.283,1.268,63.75,33.759,29.959,-0.002255,0.002218,-0.001185,0.266,23.495
31.785156,0,0,95.93,0.0355,0.00408,0.04,50.301,1.253,63.01,33.754,29.955,-0.007059,-0.000826,-0.002945,0.454,23.495
31.789063,0,0,94.87,0.0541,0.00429,0.04,50.285,1.279,64.31,33.749,29.951,0.007102,-0.001352,-0.001093,0.404,23.495
31.792969,0,0,92.14,0.0516,0.00268,0.03,50.290,1.235,62.12,33.745,29.947,-0.003659,0.000068,-0.005517,0.392,23.495
31.796875,0,0,90.18,0.0000,0.00000,0.00,50.293,1.314,66.10,33.740,29.943,-0.007414,0.001285,-0.004620,0.475,23.494
31.800781,0,0,95.94,0.0672,0.00418,0.04,50.291,1.218,61.25,33.736,29.939,-0.005943,-0.000280,-0.005796,0.350,23.494
31.804688,0,0,85.41,0.0046,0.00000,0.00,50.289,1.365,68.64,33.731,29.935,0.006337,0.003165,-0.001844,0.336,23.494
31.808594,0,0,83.02,0.0101,0.00000,0.00,50.297,1.280,64.36,33.727,29.932,0.000756,0.006605,0.002483,0.555,23.494
31.812500,0,0,88.49,0.0626,0.00000,0.00,50.293,1.312,65.96,33.722,29.928,-0.005813,-0.001850,-0.001258,0.452,23.494
31.816406,0,0,90.01,0.0522,0.00255,0.02,50.279,1.271,63.89,33.717,29.924,-0.005355,0.000712,0.000046,0.397,23.494
31.820313,0,0,93.08,0.0106,0.00557,0.05,50.316,1.146,57.67,33.713,29.920,0.002154,0.000310,-0.002966,0.458,23.494
31.824219,0,0,84.88,0.0000,0.00633,0.06,50.307,1.163,58.52,33.708,29.916,0.001743,0.004942,0.001547,0.416,23.494
31.828125,0,0,90.21,0.0000,0.00268,0.03,50.299,1.280,64.39,33.704,29.912,-0.007747,0.001901,-0.005753,0.362,23.494
31.832031,0,0,86.93,0.0127,0.00333,0.03,50.292,1.400,70.41,33.699,29.908,0.007662,0.008609,0.004014,0.368,23.494
31.835938,0,0,90.53,0.0208,0.00563,0.05,50.309,1.153,58.03,33.695,29.904,0.004087,0.008416,0.002523,0.447,23.494
31.839844,0,0,81.14,0.0000,0.00322,0.03,50.297,1.224,61.58,33.690,29.900,0.005503,0.003725,0.003277,0.223,23.494
31.843750,0,0,82.07,0.0692,0.00000,0.00,50.309,1.172,58.97,33.685,29.896,-0.004760,-0.006895,0.004026,0.372,23.494
31.847656,0,0,86.21,0.0593,0.00000,0.00,50.315,1.282,64.48,33.681,29.892,-0.004713,-0.000239,-0.003045,0.296,23.494
31.851563,0,0,86.43,0.0023,0.00000,0.00,50.303,1.132,56.96,33.676,29.888,-0.002417,0.002953,-0.000371,0.323,23.494
31.855469,0,0,85.59,0.0000,0.00401,0.04,50.330,1.213,61.07,33.672,29.884,0.002406,-0.004015,-0.002927,0.373,23.494
31.859375,0,0,88.29,0.0000,0.00445,0.04,50.301,1.248,62.79,33.667,29.880,-0.004037,-0.001647,-0.000409,0.411,23.494
31.863281,0,0,82.61,0.0534,0.00000,0.00,50.286,1.284,64.58,33.662,29.876,-0.005493,0.000627,-0.002154,0.299,23.493
31.867188,0,0,81.86,0.0000,0.01022,0.09,50.304,1.160,58.35,33.658,29.872,0.000349,-0.003137,0.000056,0.427,23.493
31.871094,0,0,84.35,0.1126,0.00000,0.00,50.288,1.229,61.80,33.653,29.869,-0.006517,-0.003427,-0.004122,0.309,23.493
31.875000,0,0,81.99,0.0365,0.00000,0.00,50.294,1.263,63.50,33.649,29.865,-0.004527,-0.008512,0.004097,0.437,23.493
31.878906,0,0,87.07,0.0000,0.00000,0.00,50.285,1.303,65.52,33.644,29.861,0.008698,0.001137,-0.001894,0.377,23.493
31.882813,0,0,80.48,0.0121,0.00000,0.00,50.314,1.290,64.89,33.640,29.857,-0.004389,-0.002885,0.000954,0.420,23.493
31.886719,0,0,79.02,0.0029,0.00866,0.07,50.313,1.279,64.35,33.635,29.853,0.002275,0.005130,-0.000776,0.338,23.493
31.890625,0,0,81.44,0.0000,0.00045,0.00,50.304,1.218,61.29,33.631,29.849,0.005933,0.002949,-0.002784,0.324,23.493
31.894531,0,0,78.86,0.0017,0.00000,0.00,50.288,1.239,62.30,33.626,29.845,-0.003025,0.000118,-0.003182,0.307,23.493
31.898438,0,0,78.18,0.0000,0.00169,0.01,50.313,1.124,56.55,33.622,29.841,-0.000891,-0.005925,0.003984,0.246,23.493
31.902344,0,0,79.62,0.0777,0.00000,0.00,50.269,1.241,62.39,33.617,29.837,0.004233,0.002144,-0.003239,0.319,23.493
31.906250,0,0,75.34,0.0226,0.00000,0.00,50.285,1.116,56.12,33.612,29.833,0.004506,0.008210,0.001862,0.182,23.493
31.910156,0,0,80.97,0.0000,0.00127,0.01,50.314,1.186,59.69,33.608,29.830,0.005694,0.007477,0.002759,0.346,23.493
31.914063,0,0,76.29,0.0004,0.00206,0.02,50.294,1.306,65.69,33.603,29.826,-0.005253,-0.007173,0.006459,0.158,23.493
31.917969,0,0,74.82,0.0066,0.00163,0.01,50.282,1.337,67.22,33.599,29.822,-0.002936,-0.001381,-0.005474,0.339,23.493
31.921875,0,0,76.75,0.0135,0.00097,0.01,50.304,1.218,61.28,33.594,29.818,-0.003439,0.000544,-0.002133,0.466,23.493
31.925781,0,0,75.75,0.0323,0.00113,0.01,50.285,1.241,62.41,33.590,29.814,0.005344,-0.002133,-0.004454,0.320,23.493
31.929688,0,0,75.98,0.0356,0.00057,0.00,50.285,1.263,63.50,33.585,29.810,0.000226,0.000506,-0.001674,0.328,23.492
31.933594,0,0,77.03,0.0000,0.00000,0.00,50.317,1.188,59.78,33.581,29.806,0.001984,0.005594,0.004474,0.336,23.492
31.937500,0,0,74.06,0.0000,0.00000,0.00,50.308,1.276,64.21,33.576,29.803,0.001460,0.001707,-0.003801,0.450,23.492
31.941406,0,0,75.94,0.0499,0.00282,0.02,50.319,1.195,60.13,33.572,29.799,-0.000346,0.000427,-0.000516,0.240,23.492
31.945313,0,0,68.24,0.0000,0.00000,0.00,50.288,1.175,59.10,33.567,29.795,0.002874,-0.003372,-0.003414,0.278,23.492
31.949219,0,0,75.64,0.0642,0.00000,0.00,50.296,1.149,57.81,33.563,29.791,0.003469,0.000886,-0.001310,0.390,23.492
31.953125,0,0,76.32,0.0181,0.00000,0.00,50.282,1.191,59.90,33.558,29.787,-0.002787,-0.007181,0.003069,0.471,23.492
31.957031,0,0,71.07,0.0000,0.00000,0.00,50.347,1.060,53.35,33.553,29.783,-0.006772,-0.001702,-0.000927,0.182,23.492
31.960938,0,0,68.66,0.0000,0.00721,0.05,50.302,1.289,64.81,33.549,29.779,-0.002872,-0.007361,0.004881,0.281,23.492
31.964844,0,0,68.91,0.0000,0.00034,0.00,50.323,1.118,56.24,33.544,29.775,-0.001826,-0.002086,0.001351,0.332,23.492
31.968750,0,0,70.95,0.0000,0.00000,0.00,50.308,1.208,60.79,33.540,29.771,-0.005054,0.001258,-0.005856,0.319,23.492
31.972656,0,0,68.08,0.0000,0.00026,0.00,50.314,1.186,59.66,33.535,29.768,0.007291,-0.001444,-0.006078,0.297,23.492
31.976563,0,0,71.84,0.0000,0.00000,0.00,50.330,1.088,54.75,33.531,29.764,0.005449,-0.001564,-0.003149,0.346,23.492
31.980469,0,0,71.60,0.0158,0.00818,0.06,50.312,1.109,55.79,33.526,29.760,0.009409,0.005768,0.001101,0.359,23.492
31.984375,0,0,69.13,0.0000,0.00000,0.00,50.293,1.245,62.60,33.522,29.756,-0.008891,-0.003008,-0.000526,0.288,23.492
31.988281,0,0,74.89,0.0000,0.00000,0.00,50.316,1.215,61.11,33.517,29.752,-0.002451,0.002236,0.001287,0.310,23.492
31.992188,0,0,69.99,0.0000,0.00944,0.07,50.280,1.326,66.66,33.513,29.748,0.003292,0.000194,-0.006255,0.377,23.492
31.996094,0,0,75.15,0.0218,0.00029,0.00,50.327,1.209,60.84,33.508,29.744,0.003231,0.004299,0.001592,0.361,23.492
