TIME;Battery_Volt_L;Battery_Current_L;RPM_L;Motor_Temp_L;ESC_Temp_Main_L;LHM_Fx;LHM_Mz;LHM_VIBO1x;LHM_VIBO1y;Test_ID;Note_Text
12:34,5;49,9971;1,1308;3;31,002;30,002;0,04032;0,004733;0,002672;0,000788;0;idle
12:34,5;50,0010;1,1413;4;31,004;30,004;0,00000;0,000900;0,000963;-0,001049;0;idle
12:34,5;50,0240;1,1503;0;31,006;30,005;0,00000;0,000000;0,000397;0,000022;0;idle
12:34,5;50,0009;1,1693;2;31,009;30,007;0,08797;0,000883;-0,002247;-0,001544;0;idle
12:34,5;50,0169;1,0021;2;31,010;30,009;0,04814;0,004198;0,003313;0,002595;0;idle
12:34,6;50,0216;1,1109;1;31,012;30,011;0,00000;0,000000;0,002067;0,001360;0;idle
12:34,6;50,0175;1,0494;0;31,014;30,012;0,01376;0,001597;0,001284;-0,001462;0;idle
12:34,6;50,0258;1,0751;0;31,016;30,014;0,00000;0,006325;-0,000138;0,001378;0;idle
12:34,6;50,0139;1,2236;2;31,019;30,016;0,00000;0,000000;0,000187;0,000138;0;idle
12:34,6;50,0486;0,9362;0;31,020;30,017;0,05102;0,001920;0,000181;-0,001111;0;idle
12:34,6;50,0089;1,0883;2;31,022;30,019;0,02863;0,000930;0,001884;0,002602;0;idle
12:34,6;50,0310;1,0833;0;31,024;30,021;0,03658;0,000000;0,001144;0,000590;0;idle
12:34,6;50,0167;1,0118;1;31,026;30,022;0,04532;0,000000;0,000014;-0,000025;0;idle
12:34,6;50,0008;1,2077;2;31,028;30,024;0,02127;0,005283;0,000729;0,000375;0;idle
12:34,6;50,0126;1,0504;5;31,030;30,026;0,02782;0,003757;0,001916;0,001996;0;idle
12:34,7;50,0362;1,0350;1;31,032;30,027;0,00000;0,002295;-0,001189;-0,000951;0;idle
12:34,7;50,0085;1,1143;0;31,034;30,029;0,07358;0,001651;0,000625;0,000765;0;idle
12:34,7;50,0269;1,0665;1;31,036;30,031;0,00000;0,001069;0,002515;0,002562;0;idle
12:34,7;50,0064;1,1242;1;31,038;30,032;0,02367;0,000000;0,001354;0,003046;0;idle
12:34,7;50,0213;1,1499;3;31,040;30,034;0,00000;0,000000;-0,000112;-0,001361;0;idle
12:34,7;50,0404;1,1057;0;31,042;30,036;0,11861;0,011037;-0,002052;-0,002196;0;idle
12:34,7;50,0270;1,1005;0;31,044;30,037;0,00000;0,000000;-0,001414;-0,001481;0;idle
12:34,7;50,0389;1,0625;2;31,046;30,039;0,04521;0,005058;0,000606;0,002071;0;idle
12:34,7;50,0108;1,1690;1;31,048;30,041;0,00000;0,007026;-0,000717;0,000697;0;idle
12:34,7;50,0178;1,0448;0;31,050;30,042;0,00000;0,007442;0,000696;-0,000450;0;idle
12:34,8;49,9970;1,0795;2;31,052;30,044;0,00000;0,000000;-0,001601;-0,003118;0;idle
12:34,8;50,0276;1,0858;0;31,054;30,046;0,00000;0,008604;0,002503;0,000854;0;idle
12:34,8;50,0029;1,0748;0;31,056;30,047;0,00000;0,003785;0,000485;0,000958;0;idle
12:34,8;50,0060;1,1941;4;31,058;30,049;0,00000;0,001689;-0,000698;0,000343;0;idle
12:34,8;50,0043;1,1864;4;31,060;30,051;0,00000;0,006127;0,000783;-0,000200;0;idle
12:34,8;50,0282;1,0264;0;31,062;30,052;0,02415;0,002722;0,001332;-0,001220;0;idle
12:34,8;50,0363;0,9930;0;31,064;30,054;0,00000;0,002649;-0,000065;0,000387;0;idle
12:34,8;50,0158;1,1199;2;31,066;30,055;0,00000;0,000000;0,001055;0,000180;0;idle
12:34,8;50,0079;1,1315;0;31,068;30,057;0,00000;0,001073;-0,000156;-0,000675;0;idle
12:34,8;50,0303;1,2116;4;31,070;30,059;0,01348;0,006735;-0,001278;-0,002454;0;idle
12:34,9;50,0099;1,1154;3;31,072;30,060;0,04631;0,005727;0,003158;0,003973;0;idle
12:34,9;50,0271;0,9846;0;31,074;30,062;0,00000;0,003728;-0,000096;0,001458;0;idle
12:34,9;50,0146;1,1625;0;31,076;30,064;0,00783;0,000354;0,001375;0,000856;0;idle
12:34,9;50,0330;1,0248;0;31,077;30,065;0,03047;0,000000;-0,000184;0,001889;0;idle
12:34,9;50,0097;1,1093;0;31,079;30,067;0,04279;0,005642;-0,000024;0,000126;0;idle
12:34,9;50,0120;1,1066;1;31,081;30,068;0,00000;0,010057;0,002404;0,001560;0;idle
12:34,9;50,0198;1,1674;0;31,083;30,070;0,02422;0,000000;-0,001433;-0,000553;0;idle
12:34,9;50,0300;1,0385;0;31,085;30,071;0,02999;0,000786;0,001113;0,001798;0;idle
12:34,9;50,0197;1,1451;0;31,087;30,073;0,00000;0,006721;0,000883;-0,000073;0;idle
12:34,9;50,0057;1,1808;0;31,089;30,075;0,00000;0,000000;0,001107;-0,000160;0;idle
12:35,0;49,9989;1,1601;2;31,091;30,076;0,00000;0,000000;0,000604;0,001785;0;idle
12:35,0;50,0282;1,1635;0;31,093;30,078;0,00349;0,000000;0,000523;0,001167;0;idle
12:35,0;50,0302;1,1459;0;31,095;30,080;0,02609;0,000000;0,001254;0,002678;0;idle
12:35,0;49,9912;1,1148;1;31,097;30,081;0,00000;0,000000;0,000660;0,000120;0;idle
12:35,0;50,0203;1,0528;0;31,099;30,083;0,04343;0,000000;0,001931;0,000143;0;idle
12:35,0;50,0116;1,0520;0;31,101;30,084;0,00000;0,000000;0,000576;-0,000100;0;idle
12:35,0;50,0238;1,1592;0;31,103;30,086;0,00000;0,001242;-0,000499;-0,001981;0;idle
12:35,0;50,0073;1,1505;0;31,105;30,088;0,02690;0,000000;-0,002554;-0,001170;0;idle
12:35,0;50,0103;1,0900;0;31,107;30,089;0,01593;0,004696;-0,002078;-0,002417;0;idle
12:35,0;50,0286;1,1119;3;31,109;30,091;0,02110;0,002453;0,000386;0,000076;0;idle
12:35,1;49,9903;1,1948;3;31,111;30,092;0,00000;0,000963;0,003451;0,002512;0;idle
12:35,1;50,0168;1,0480;0;31,112;30,094;0,00000;0,000000;-0,001544;-0,002377;0;idle
12:35,1;50,0318;1,1591;0;31,114;30,096;0,00000;0,000000;0,000397;0,000393;0;idle
12:35,1;50,0249;1,0497;1;31,116;30,097;0,00000;0,005209;0,000086;0,002958;0;idle
12:35,1;50,0088;1,0604;2;31,118;30,098;0,00000;0,000000;0,001901;0,003035;0;idle
12:35,1;50,0102;1,0777;0;31,120;30,100;0,00000;0,000000;0,002690;0,002723;0;idle
12:35,1;49,9961;1,1535;1;31,122;30,102;0,00000;0,001543;0,001122;0,001501;0;idle
12:35,1;50,0285;1,0357;0;31,123;30,103;0,03273;0,000000;-0,001094;-0,000946;0;idle
12:35,1;49,9948;1,1050;2;31,125;30,104;0,10574;0,000000;0,001065;0,001487;0;idle
12:35,1;50,0039;1,1744;2;31,127;30,106;0,04981;0,000000;0,001015;-0,001168;0;idle
12:35,2;50,0319;1,1181;0;31,129;30,108;0,00000;0,000000;-0,000385;0,000080;0;idle
12:35,2;50,0183;1,2229;1;31,131;30,109;0,06488;0,007035;0,001888;-0,000839;0;idle
12:35,2;50,0086;1,1049;1;31,133;30,111;0,00127;0,002549;0,001355;0,003164;0;idle
12:35,2;50,0030;1,1494;0;31,135;30,112;0,08469;0,000000;0,003515;0,003038;0;idle
12:35,2;50,0196;1,0466;0;31,137;30,114;0,03273;0,000000;-0,001182;-0,000674;0;idle
12:35,2;50,0032;1,1576;1;31,139;30,115;0,00000;0,000000;-0,001853;-0,001408;0;idle
12:35,2;50,0347;1,0919;0;31,140;30,117;0,00000;0,000000;-0,001753;-0,001180;0;idle
12:35,2;50,0066;1,0842;4;31,142;30,118;0,00690;0,000000;0,000093;-0,000217;0;idle
12:35,2;50,0303;1,0482;4;31,144;30,120;0,00000;0,004022;0,002316;0,001484;0;idle
12:35,2;50,0177;1,1112;0;31,146;30,121;0,01563;0,000000;-0,001756;-0,000951;0;idle
12:35,3;50,0287;1,1309;0;31,148;30,123;0,00000;0,005567;0,000486;0,000417;0;idle
12:35,3;50,0209;1,1432;3;31,150;30,124;0,01004;0,005954;-0,000348;0,000672;0;idle
12:35,3;49,9960;1,1629;1;31,151;30,126;0,00000;0,004042;0,000434;-0,002030;0;idle
12:35,3;50,0269;1,0664;3;31,153;30,127;0,01836;0,000000;0,002135;0,001234;0;idle
12:35,3;50,0102;1,1019;1;31,155;30,129;0,00000;0,000000;0,000752;0,000582;0;idle
12:35,3;50,0217;1,1039;1;31,157;30,130;0,02708;0,001963;0,000666;0,000561;0;idle
12:35,3;50,0229;1,0120;0;31,158;30,132;0,02450;0,002077;-0,000125;0,001051;0;idle
12:35,3;50,0320;1,0668;2;31,160;30,133;0,03154;0,000000;0,001461;0,001283;0;idle
12:35,3;50,0122;1,1361;1;31,162;30,134;0,02046;0,003426;0,004135;0,003165;0;idle
12:35,3;50,0284;1,1280;0;31,164;30,136;0,00000;0,000000;-0,002008;-0,001215;0;idle
12:35,4;50,0132;1,0588;0;31,166;30,137;0,00000;0,000811;-0,001004;-0,001800;0;idle
12:35,4;50,0166;1,0345;4;31,167;30,139;0,00000;0,000000;0,002374;0,003650;0;idle
12:35,4;50,0305;1,1120;0;31,169;30,140;0,10341;0,000000;0,000380;0,000636;0;idle
12:35,4;50,0352;1,0215;4;31,171;30,141;0,00600;0,000000;0,000805;0,001745;0;idle
12:35,4;50,0340;1,0267;0;31,172;30,143;0,00000;0,004950;0,002121;0,002307;0;idle
12:35,4;50,0219;1,0770;5;31,174;30,144;0,00000;0,003387;0,001835;0,000442;0;idle
12:35,4;50,0308;1,1304;2;31,176;30,146;0,05339;0,000000;0,000600;-0,000444;0;idle
12:35,4;50,0253;1,1525;3;31,178;30,147;0,08441;0,000000;0,002465;0,001671;0;idle
12:35,4;50,0341;1,1062;1;31,179;30,149;0,00000;0,005253;0,000961;0,000970;0;idle
12:35,4;50,0225;1,1005;0;31,181;30,150;0,00000;0,001068;0,001957;-0,000493;0;idle
12:35,5;50,0184;1,1314;4;31,183;30,151;0,02530;0,002715;0,000716;0,001094;0;idle
12:35,5;50,0340;1,1798;1;31,185;30,153;0,00000;0,004269;-0,002023;-0,001211;0;idle
12:35,5;49,9905;1,0878;0;31,187;30,154;0,04601;0,001273;-0,002124;-0,000810;0;idle
12:35,5;50,0250;1,0878;0;31,188;30,156;0,00000;0,000000;0,000377;0,000184;0;idle
12:35,5;50,0140;1,0729;0;31,190;30,157;0,00000;0,010467;0,000971;0,000195;0;idle
12:35,5;50,0321;1,1730;0;31,192;30,159;0,03660;0,000000;-0,000897;-0,002531;0;idle
12:35,5;50,0202;1,0989;0;31,194;30,160;0,00972;0,010589;0,000619;0,000092;0;idle
12:35,5;50,0166;1,1766;1;31,195;30,161;0,00000;0,006157;-0,001101;-0,002761;0;idle
12:35,5;49,9879;1,0371;0;31,197;30,163;0,00708;0,000000;-0,000228;0,000004;0;idle
12:35,5;50,0106;1,1580;3;31,199;30,164;0,01526;0,000000;-0,000906;-0,001644;0;idle
12:35,6;50,0351;1,1317;0;31,201;30,166;0,07330;0,002083;0,000743;0,001305;0;idle
12:35,6;50,0502;0,9602;0;31,202;30,167;0,05433;0,000000;-0,000876;-0,001700;0;idle
12:35,6;50,0274;1,1933;2;31,204;30,168;0,00623;0,003138;0,002639;0,001445;0;idle
12:35,6;50,0177;1,1136;4;31,206;30,170;0,01320;0,001965;0,001782;0,000329;0;idle
12:35,6;50,0072;1,0839;0;31,207;30,171;0,00000;0,004683;0,002816;0,002969;0;idle
12:35,6;50,0351;1,1251;0;31,209;30,173;0,01075;0,003975;0,001461;-0,000084;0;idle
12:35,6;50,0083;1,1516;3;31,211;30,174;0,01138;0,000000;0,001798;0,002429;0;idle
12:35,6;50,0272;0,9812;1;31,212;30,175;0,00000;0,000000;0,002327;0,001638;0;idle
12:35,6;50,0298;1,1626;0;31,214;30,177;0,00000;0,000000;0,000995;0,000432;0;idle
12:35,6;50,0380;0,9909;0;31,216;30,178;0,00478;0,000000;-0,000272;-0,001438;0;idle
12:35,7;50,0102;1,1738;3;31,218;30,179;0,08635;0,000000;0,001691;0,001956;0;idle
12:35,7;50,0053;1,0987;0;31,219;30,181;0,08167;0,004692;0,000747;0,001312;0;idle
12:35,7;50,0108;1,0652;0;31,221;30,182;0,00000;0,000000;0,000656;-0,000876;0;idle
12:35,7;49,9985;1,1455;1;31,223;30,183;0,03463;0,002698;-0,001107;0,000276;0;idle
12:35,7;50,0186;1,1349;0;31,224;30,185;0,01991;0,000000;-0,000207;0,000259;0;idle
12:35,7;50,0199;1,1642;0;31,226;30,186;0,00000;0,000183;0,003150;0,004135;0;idle
12:35,7;50,0171;1,0614;0;31,228;30,187;0,02930;0,000000;0,001103;0,001897;0;idle
12:35,7;50,0041;1,0711;0;31,229;30,189;0,00000;0,000000;-0,000868;-0,001611;0;idle
12:35,7;50,0133;1,1105;2;31,231;30,190;0,00000;0,000000;-0,000795;0,000178;0;idle
12:35,7;50,0059;1,0836;0;31,233;30,191;0,00000;0,006810;0,000327;-0,000065;0;idle
12:35,8;50,0036;1,1765;3;31,234;30,193;0,00348;0,000000;0,000765;-0,001064;0;idle
12:35,8;50,0254;1,1728;1;31,236;30,194;0,00000;0,000000;0,000287;0,000784;0;idle
12:35,8;49,9958;1,1573;4;31,238;30,196;0,00000;0,000000;-0,000342;-0,000198;0;idle
12:35,8;50,0038;1,1298;1;31,240;30,197;0,00000;0,000000;0,001784;0,003748;0;idle
12:35,8;50,0131;1,0644;0;31,241;30,198;0,00000;0,000932;-0,002596;-0,002330;0;idle
12:35,8;50,0137;1,1903;2;31,243;30,200;0,04992;0,000000;0,001234;0,001334;0;idle
12:35,8;50,0040;1,0552;1;31,245;30,201;0,00150;0,007954;0,002420;0,001296;0;idle
12:35,8;50,0119;1,1012;2;31,246;30,202;0,01385;0,000000;0,001347;0,001171;0;idle
12:35,8;50,0075;1,1418;4;31,248;30,204;0,00000;0,000000;0,001500;0,000110;0;idle
12:35,8;50,0128;1,1617;3;31,250;30,205;0,01053;0,004887;0,001447;0,001075;0;idle
12:35,9;50,0186;1,1717;0;31,252;30,206;0,00848;0,000000;-0,001244;-0,000503;0;idle
12:35,9;50,0321;1,1388;0;31,253;30,208;0,00000;0,002435;-0,001131;-0,000630;0;idle
12:35,9;50,0178;1,0779;0;31,255;30,209;0,00000;0,008185;0,001768;0,001641;0;idle
12:35,9;50,0165;1,0517;4;31,256;30,210;0,00000;0,002720;-0,000487;-0,000509;0;idle
12:35,9;50,0065;1,1021;0;31,258;30,211;0,00953;0,004917;0,002190;0,002515;0;idle
12:35,9;50,0210;1,0249;0;31,260;30,213;0,01481;0,001480;0,001389;0,000818;0;idle
12:35,9;50,0193;1,1678;2;31,261;30,214;0,00000;0,000000;0,002484;0,001456;0;idle
12:35,9;50,0023;1,1574;1;31,263;30,215;0,00042;0,001802;0,001545;0,002719;0;idle
12:35,9;50,0288;1,1124;5;31,265;30,217;0,00000;0,006161;0,001637;0,000579;0;idle
12:35,9;50,0322;1,0483;0;31,266;30,218;0,00000;0,000612;0,001143;-0,000098;0;idle
12:36,0;50,0380;1,0894;3;31,268;30,219;0,05639;0,000000;0,001726;0,000809;0;idle
12:36,0;50,0169;1,1079;0;31,269;30,220;0,00000;0,005599;0,001222;0,001431;0;idle
12:36,0;49,9951;1,1408;1;31,271;30,222;0,05511;0,000000;0,001009;0,003191;0;idle
12:36,0;50,0318;1,1584;0;31,273;30,223;0,02112;0,000933;-0,002160;-0,004002;0;idle
12:36,0;50,0205;1,2196;0;31,275;30,224;0,00000;0,000000;0,001156;0,000777;0;idle
12:36,0;50,0106;1,0952;1;31,276;30,226;0,02988;0,005942;0,000936;-0,002532;0;idle
12:36,0;50,0224;1,1344;0;31,278;30,227;0,00000;0,007530;0,000499;0,002633;0;idle
12:36,0;50,0218;1,0806;0;31,279;30,228;0,00000;0,000000;0,001054;0,000773;0;idle
12:36,0;50,0273;1,1870;0;31,281;30,230;0,00000;0,000000;0,000265;-0,000774;0;idle
12:36,0;50,0133;1,0771;0;31,283;30,231;0,00000;0,006963;-0,000102;-0,001164;0;idle
12:36,1;50,0311;1,1159;0;31,284;30,232;0,03183;0,000000;-0,000866;-0,000470;0;idle
12:36,1;50,0305;1,0533;0;31,286;30,233;0,00000;0,003525;-0,000289;0,000990;0;idle
12:36,1;50,0041;1,0947;0;31,287;30,234;0,00000;0,000000;0,001752;0,000592;0;idle
12:36,1;50,0094;1,0780;0;31,289;30,236;0,01211;0,001225;0,000548;0,001352;0;idle
12:36,1;50,0155;0,9547;0;31,290;30,237;0,01263;0,003116;-0,000614;0,000200;0;idle
12:36,1;50,0211;1,0734;0;31,292;30,238;0,00019;0,000812;-0,000824;-0,003095;0;idle
12:36,1;50,0394;1,1678;1;31,293;30,239;0,00000;0,000470;-0,000126;0,000334;0;idle
12:36,1;50,0034;1,0227;0;31,295;30,240;0,00000;0,005202;0,000800;0,000599;0;idle
12:36,1;50,0087;1,1068;5;31,296;30,241;0,02578;0,000000;0,002854;0,000768;0;idle
12:36,1;50,0117;1,0938;0;31,298;30,243;0,00000;0,000000;0,000499;0,000297;0;idle
12:36,2;50,0206;1,0735;0;31,299;30,244;0,00128;0,000000;0,000734;0,001551;0;idle
12:36,2;50,0228;1,0393;3;31,301;30,245;0,07783;0,000000;0,002100;0,001424;0;idle
12:36,2;50,0094;1,1556;0;31,302;30,246;0,00000;0,000000;0,003598;0,003376;0;idle
12:36,2;50,0200;1,0815;1;31,304;30,247;0,02939;0,004839;0,001967;0,001342;0;idle
12:36,2;50,0008;1,1859;0;31,306;30,249;0,00495;0,000489;0,001495;0,003151;0;idle
12:36,2;50,0270;1,0475;3;31,307;30,250;0,00000;0,000482;0,006177;0,005792;0;idle
12:36,2;50,0037;1,0757;0;31,309;30,251;0,00000;0,000000;0,000239;-0,000542;0;idle
12:36,2;50,0077;1,1832;0;31,310;30,252;0,05718;0,006659;-0,001946;-0,000455;0;idle
12:36,2;50,0209;1,0687;2;31,312;30,253;0,03701;0,004230;0,002693;0,000719;0;idle
12:36,2;50,0247;1,1071;2;31,313;30,255;0,00000;0,000000;0,000221;-0,002171;0;idle
12:36,3;50,0075;1,0374;0;31,315;30,256;0,04703;0,000000;0,000485;0,000361;0;idle
12:36,3;50,0144;1,0280;2;31,316;30,257;0,01158;0,000000;-0,000008;0,000417;0;idle
12:36,3;50,0228;1,1412;0;31,318;30,258;0,00637;0,006561;-0,002637;-0,004227;0;idle
12:36,3;50,0246;1,0747;1;31,319;30,259;0,05616;0,000000;0,002893;0,003158;0;idle
12:36,3;50,0192;1,1314;2;31,321;30,260;0,00000;0,000000;0,001329;0,000353;0;idle
12:36,3;49,9955;1,1075;2;31,322;30,262;0,04622;0,000000;0,001990;0,002445;0;idle
12:36,3;50,0265;1,0883;3;31,324;30,263;0,00000;0,000000;0,001249;0,002363;0;idle
12:36,3;50,0017;1,1944;0;31,325;30,264;0,01427;0,003885;0,002209;0,000517;0;idle
12:36,3;50,0390;1,0444;3;31,327;30,265;0,03334;0,000000;0,002612;0,002772;0;idle
12:36,3;50,0294;1,0210;1;31,328;30,266;0,00000;0,000000;0,003740;0,000836;0;idle
12:36,4;50,0276;1,0125;1;31,329;30,267;0,00000;0,000000;0,001791;0,003016;0;idle
12:36,4;50,0193;1,1249;0;31,331;30,268;0,00000;0,007785;-0,000785;0,000507;0;idle
12:36,4;50,0046;1,0786;0;31,332;30,269;0,04872;0,006746;0,000435;0,000148;0;idle
12:36,4;50,0181;1,0716;3;31,334;30,271;0,00000;0,000000;-0,000486;0,000519;0;idle
12:36,4;50,0139;1,0794;0;31,335;30,272;0,00000;0,000000;-0,002074;-0,001039;0;idle
12:36,4;50,0061;1,0615;0;31,337;30,273;0,01542;0,000000;-0,002550;-0,002722;0;idle
12:36,4;50,0180;1,1489;0;31,338;30,274;0,02439;0,001783;-0,002513;-0,003854;0;idle
12:36,4;50,0261;1,1103;0;31,340;30,275;0,00000;0,000000;0,000830;0,001223;0;idle
12:36,4;49,9908;1,1663;2;31,341;30,276;0,01689;0,006876;0,001677;0,000208;0;idle
12:36,4;50,0322;1,1733;3;31,343;30,278;0,00000;0,000000;0,001670;-0,000215;0;idle
12:36,5;50,0077;1,1554;3;31,345;30,279;0,00000;0,005427;0,002322;0,002508;0;idle
12:36,5;49,9923;1,1805;0;31,346;30,280;0,00000;0,000000;0,001608;0,003599;0;idle
12:36,5;50,0374;1,0163;0;31,348;30,281;0,04307;0,004210;-0,001998;-0,002079;0;idle
12:36,5;50,0366;1,0454;0;31,349;30,282;0,00000;0,002476;-0,000640;-0,000215;0;idle
12:36,5;49,9932;1,1313;1;31,350;30,283;0,07548;0,004688;0,002038;0,000546;0;idle
12:36,5;50,0293;1,0777;43;31,352;30,284;0,00000;0,002246;0,000521;0,001646;1;run_1
12:36,5;50,0367;1,1196;90;31,353;30,286;0,00000;0,007432;0,000341;-0,000219;1;run_1
12:36,5;50,0224;1,2502;131;31,355;30,287;0,02726;0,005768;0,001173;-0,000443;1;run_1
12:36,5;49,9821;1,3890;171;31,357;30,288;0,09867;0,003191;-0,007309;-0,006763;1;run_1
12:36,5;50,0152;1,3512;212;31,359;30,290;0,00000;0,001008;0,008933;0,007679;1;run_1
12:36,6;50,0060;1,4073;256;31,361;30,292;0,02147;0,010129;-0,006720;-0,007298;1;run_1
12:36,6;50,0062;1,3909;293;31,363;30,293;0,11678;0,002776;0,001893;0,003145;1;run_1
12:36,6;49,9911;1,4909;327;31,365;30,295;0,08794;0,006689;0,010714;0,007980;1;run_1
12:36,6;49,9784;1,5830;363;31,368;30,297;0,09466;0,000000;-0,005512;-0,006424;1;run_1
12:36,6;50,0159;1,5615;396;31,370;30,299;0,18670;0,005274;-0,006326;-0,004957;1;run_1
12:36,6;49,9867;1,5842;436;31,372;30,300;0,18745;0,016519;0,010426;0,008056;1;run_1
12:36,6;49,9720;1,6422;468;31,375;30,302;0,16333;0,010679;0,004480;0,006111;1;run_1
12:36,6;49,9860;1,7562;495;31,377;30,304;0,26930;0,015593;-0,000907;-0,000262;1;run_1
12:36,6;49,9720;1,7248;534;31,380;30,306;0,28732;0,007790;-0,000525;-0,000074;1;run_1
12:36,6;49,9809;1,8293;563;31,383;30,309;0,29345;0,014291;0,004561;0,002746;1;run_1
12:36,7;49,9556;1,8601;595;31,385;30,311;0,39500;0,019956;0,007801;0,004566;1;run_1
12:36,7;49,9494;1,9398;623;31,388;30,313;0,36934;0,017075;0,004626;0,004941;1;run_1
12:36,7;49,9498;1,8833;652;31,391;30,316;0,43024;0,019672;-0,002076;-0,001401;1;run_1
12:36,7;49,9522;2,0360;679;31,394;30,318;0,50562;0,013019;-0,010686;-0,009125;1;run_1
12:36,7;49,9253;2,1303;706;31,398;30,321;0,51151;0,017841;-0,008666;-0,006819;1;run_1
12:36,7;49,9420;2,1055;739;31,401;30,323;0,48093;0,018842;0,007063;0,005986;1;run_1
12:36,7;49,9319;2,2118;759;31,404;30,326;0,60594;0,021013;-0,001246;-0,000479;1;run_1
12:36,7;49,9512;2,1715;786;31,408;30,329;0,59866;0,035134;0,005053;0,002805;1;run_1
12:36,7;49,9656;2,2454;810;31,411;30,332;0,76871;0,030773;0,009395;0,006951;1;run_1
12:36,7;49,9472;2,2592;836;31,415;30,335;0,73997;0,028456;0,013265;0,012756;1;run_1
12:36,8;49,9089;2,2548;861;31,418;30,338;0,80870;0,036709;0,015110;0,013896;1;run_1
12:36,8;49,9183;2,2900;882;31,422;30,340;0,69974;0,037936;0,010369;0,009523;1;run_1
12:36,8;49,9273;2,4199;908;31,426;30,343;0,87514;0,033042;0,009394;0,007681;1;run_1
12:36,8;49,9319;2,3708;929;31,429;30,346;0,86521;0,042171;0,013816;0,011003;1;run_1
12:36,8;49,8998;2,4162;951;31,433;30,350;0,87962;0,038232;0,014971;0,010778;1;run_1
12:36,8;49,9171;2,4710;971;31,437;30,353;0,89595;0,032289;0,013409;0,009888;1;run_1
12:36,8;49,9094;2,5029;992;31,441;30,356;0,95203;0,046766;0,014045;0,009532;1;run_1
12:36,8;49,9054;2,5637;1012;31,445;30,359;1,04457;0,048303;0,011153;0,008411;1;run_1
12:36,8;49,9129;2,6064;1030;31,449;30,363;1,02692;0,040745;0,000027;-0,000231;1;run_1
12:36,8;49,9074;2,7544;1051;31,454;30,366;1,06034;0,042673;-0,001103;-0,001938;1;run_1
12:36,9;49,8997;2,7463;1070;31,458;30,370;1,23809;0,055510;-0,008228;-0,007178;1;run_1
12:36,9;49,8965;2,7906;1088;31,462;30,373;1,20145;0,056301;-0,012839;-0,010354;1;run_1
12:36,9;49,8726;2,7842;1100;31,467;30,377;1,25327;0,053374;0,003908;0,002353;1;run_1
12:36,9;49,9013;2,7112;1119;31,471;30,380;1,18481;0,060392;0,010629;0,009455;1;run_1
12:36,9;49,8790;2,8711;1136;31,476;30,384;1,31355;0,065373;0,014466;0,011300;1;run_1
12:36,9;49,8909;2,8730;1153;31,480;30,388;1,39157;0,068095;0,011924;0,010044;1;run_1
12:36,9;49,8906;2,7986;1166;31,485;30,391;1,34860;0,058777;-0,013120;-0,009375;1;run_1
12:36,9;49,8876;2,7820;1185;31,489;30,395;1,42835;0,066963;-0,016436;-0,014910;1;run_1
12:36,9;49,8670;2,8904;1201;31,494;30,399;1,45890;0,061302;-0,012430;-0,009845;1;run_1
12:36,9;49,8961;2,9559;1214;31,498;30,402;1,51609;0,060411;0,012115;0,010143;1;run_1
12:37,0;49,8705;2,9476;1229;31,503;30,406;1,49354;0,064536;0,014986;0,012986;1;run_1
12:37,0;49,8760;3,0015;1242;31,508;30,410;1,51348;0,063530;-0,005568;-0,004673;1;run_1
12:37,0;49,8942;3,0947;1259;31,513;30,414;1,59891;0,074828;-0,016646;-0,013760;1;run_1
12:37,0;49,8804;3,0617;1266;31,517;30,418;1,56154;0,069682;0,017871;0,015240;1;run_1
12:37,0;49,8661;3,0319;1283;31,522;30,422;1,72869;0,076159;0,016463;0,014298;1;run_1
12:37,0;49,8852;3,1339;1297;31,527;30,426;1,79471;0,076686;0,006259;0,003838;1;run_1
12:37,0;49,8347;3,1982;1310;31,532;30,430;1,68663;0,080416;-0,017467;-0,013802;1;run_1
12:37,0;49,8669;3,1918;1320;31,537;30,434;1,76152;0,074056;0,007490;0,007422;1;run_1
12:37,0;49,8593;3,0740;1334;31,542;30,438;1,82010;0,078688;0,016678;0,013082;1;run_1
12:37,0;49,8500;3,2049;1344;31,547;30,442;1,79344;0,077683;-0,011611;-0,010718;1;run_1
12:37,1;49,8561;3,2411;1356;31,552;30,446;1,92007;0,090633;-0,012152;-0,008509;1;run_1
12:37,1;49,8649;3,1832;1367;31,557;30,450;1,95046;0,077718;0,014561;0,010915;1;run_1
12:37,1;49,8797;3,1615;1375;31,562;30,454;1,90389;0,078480;-0,008901;-0,008409;1;run_1
12:37,1;49,8632;3,3134;1389;31,568;30,459;1,99865;0,085735;-0,018320;-0,014614;1;run_1
12:37,1;49,8502;3,4039;1399;31,573;30,463;1,98143;0,088754;0,011404;0,010535;1;run_1
12:37,1;49,8585;3,3348;1407;31,578;30,467;2,03006;0,091961;-0,004147;-0,003512;1;run_1
12:37,1;49,8721;3,2651;1417;31,583;30,471;2,04783;0,081495;-0,016966;-0,014367;1;run_1
12:37,1;49,8674;3,3446;1427;31,589;30,476;2,08743;0,084098;0,017625;0,013286;1;run_1
12:37,1;49,8303;3,3461;1435;31,594;30,480;2,12633;0,091704;-0,009832;-0,006550;1;run_1
12:37,1;49,8353;3,5289;1443;31,600;30,484;2,15618;0,090440;-0,001669;-0,002072;1;run_1
12:37,2;49,8292;3,3954;1458;31,605;30,489;2,15838;0,095035;0,009079;0,008106;1;run_1
12:37,2;49,8385;3,4639;1461;31,610;30,493;2,19009;0,090073;-0,018718;-0,014785;1;run_1
12:37,2;49,8546;3,3288;1467;31,615;30,497;2,20763;0,091646;0,019263;0,016194;1;run_1
12:37,2;49,8224;3,5638;1483;31,621;30,502;2,15776;0,101218;0,020533;0,016861;1;run_1
12:37,2;49,8247;3,4016;1483;31,626;30,506;2,18128;0,099035;0,001669;0,001956;1;run_1
12:37,2;49,8161;3,4971;1496;31,632;30,511;2,25819;0,100324;0,018468;0,015381;1;run_1
12:37,2;49,8472;3,5005;1503;31,637;30,515;2,35323;0,109279;-0,009639;-0,008227;1;run_1
12:37,2;49,8501;3,6234;1508;31,643;30,520;2,31291;0,104001;0,015966;0,012721;1;run_1
12:37,2;49,8383;3,6153;1518;31,649;30,524;2,34471;0,104902;0,004802;0,004307;1;run_1
12:37,2;49,8376;3,6387;1523;31,654;30,529;2,37757;0,109166;-0,007888;-0,005562;1;run_1
12:37,3;49,8152;3,6456;1530;31,660;30,533;2,36421;0,102727;0,017151;0,014988;1;run_1
12:37,3;49,8173;3,5632;1537;31,666;30,538;2,43649;0,106895;-0,018219;-0,015480;1;run_1
12:37,3;49,8292;3,7192;1545;31,671;30,543;2,45111;0,106484;0,021109;0,015918;1;run_1
12:37,3;49,8259;3,6313;1549;31,677;30,547;2,41086;0,102384;-0,019182;-0,015797;1;run_1
12:37,3;49,8122;3,6193;1558;31,683;30,552;2,48957;0,105671;0,003658;0,005244;1;run_1
12:37,3;49,8417;3,5848;1563;31,688;30,556;2,53237;0,111492;-0,007135;-0,004524;1;run_1
12:37,3;49,8104;3,7115;1571;31,694;30,561;2,49172;0,105018;-0,005765;-0,005206;1;run_1
12:37,3;49,8244;3,7123;1570;31,700;30,565;2,50134;0,108075;-0,017938;-0,013614;1;run_1
12:37,3;49,8168;3,7322;1581;31,706;30,570;2,57626;0,105401;-0,008402;-0,005947;1;run_1
12:37,3;49,8250;3,7100;1588;31,711;30,575;2,63490;0,111920;0,016377;0,013697;1;run_1
12:37,4;49,8200;3,7335;1594;31,717;30,579;2,62524;0,111258;-0,019617;-0,015358;1;run_1
12:37,4;49,7980;3,7491;1594;31,723;30,584;2,59545;0,113211;-0,004212;-0,004133;1;run_1
12:37,4;49,8021;3,6461;1597;31,729;30,589;2,65514;0,116255;0,011114;0,010621;1;run_1
12:37,4;49,8000;3,8410;1607;31,734;30,593;2,70876;0,113015;0,015269;0,012274;1;run_1
12:37,4;49,8263;3,7734;1611;31,740;30,598;2,58586;0,109943;-0,011845;-0,010087;1;run_1
12:37,4;49,8079;3,7062;1615;31,746;30,603;2,73978;0,113499;0,007267;0,007845;1;run_1
12:37,4;49,8277;3,7449;1618;31,752;30,607;2,67950;0,117944;0,000611;0,000586;1;run_1
12:37,4;49,8113;3,8605;1627;31,758;30,612;2,60179;0,117528;0,015974;0,013605;1;run_1
12:37,4;49,8049;3,8521;1625;31,764;30,617;2,73025;0,120435;0,016304;0,013416;1;run_1
12:37,4;49,8004;3,8576;1634;31,769;30,621;2,69178;0,118762;0,009725;0,006411;1;run_1
12:37,5;49,7931;3,8385;1639;31,775;30,626;2,76289;0,119237;-0,011314;-0,010530;1;run_1
12:37,5;49,8029;3,8384;1645;31,781;30,631;2,71705;0,116713;0,013467;0,013167;1;run_1
12:37,5;49,7921;3,8915;1645;31,787;30,636;2,73842;0,118102;0,011745;0,009398;1;run_1
12:37,5;49,8096;3,9368;1651;31,793;30,641;2,80626;0,116142;-0,000285;0,001488;1;run_1
12:37,5;49,8050;3,9519;1652;31,799;30,645;2,72542;0,113310;0,016270;0,013413;1;run_1
12:37,5;49,7994;3,7897;1657;31,805;30,650;2,82532;0,121179;-0,018861;-0,015270;1;run_1
12:37,5;49,8162;3,8703;1659;31,811;30,655;2,80728;0,116838;0,019949;0,016427;1;run_1
12:37,5;49,8056;3,9587;1663;31,817;30,659;2,82313;0,118831;-0,021226;-0,017182;1;run_1
12:37,5;49,8076;3,8914;1667;31,823;30,664;2,85177;0,123180;0,017725;0,012792;1;run_1
12:37,5;49,8036;3,9960;1670;31,829;30,669;2,86720;0,125004;-0,011207;-0,010019;1;run_1
12:37,6;49,8108;3,9222;1673;31,835;30,674;2,94126;0,129859;0,007670;0,009041;1;run_1
12:37,6;49,8230;3,8938;1678;31,841;30,678;2,87680;0,125439;-0,013168;-0,010219;1;run_1
12:37,6;49,8041;3,9112;1675;31,846;30,683;2,78123;0,124605;-0,021477;-0,019607;1;run_1
12:37,6;49,7942;3,8416;1679;31,852;30,688;2,86250;0,127963;0,020967;0,017899;1;run_1
12:37,6;49,7821;3,9706;1687;31,858;30,693;2,79105;0,130645;-0,015990;-0,013068;1;run_1
12:37,6;49,7965;3,8938;1685;31,864;30,697;2,89391;0,127046;0,009675;0,008332;1;run_1
12:37,6;49,8070;3,9810;1690;31,870;30,702;2,88054;0,125518;-0,013308;-0,008979;1;run_1
12:37,6;49,8191;4,0505;1689;31,876;30,707;2,94057;0,122543;-0,019483;-0,016051;1;run_1
12:37,6;49,8078;3,9117;1695;31,882;30,711;2,87487;0,126649;0,007886;0,008169;1;run_1
12:37,6;49,7787;4,0263;1697;31,888;30,716;2,99277;0,134908;-0,019412;-0,017290;1;run_1
12:37,7;49,8230;3,9703;1698;31,894;30,721;3,00505;0,131347;0,016103;0,011692;1;run_1
12:37,7;49,7935;4,0082;1708;31,900;30,726;2,96673;0,125913;-0,003009;-0,000819;1;run_1
12:37,7;49,8135;3,9009;1705;31,906;30,730;3,02905;0,126809;0,010979;0,009502;1;run_1
12:37,7;49,8071;4,0141;1708;31,912;30,735;3,00658;0,122053;-0,005468;-0,005282;1;run_1
12:37,7;49,8249;3,8810;1711;31,917;30,740;3,02118;0,125056;-0,006253;-0,005787;1;run_1
12:37,7;49,7918;4,0532;1712;31,923;30,744;2,90493;0,125288;0,021000;0,019017;1;run_1
12:37,7;49,7984;4,0717;1714;31,929;30,749;3,04059;0,136681;-0,021004;-0,018922;1;run_1
12:37,7;49,8083;3,9582;1717;31,935;30,754;3,02901;0,130297;0,021536;0,016826;1;run_1
12:37,7;49,7999;3,9686;1723;31,941;30,758;3,03422;0,127271;-0,023010;-0,020924;1;run_1
12:37,7;49,7990;4,0617;1720;31,947;30,763;3,09466;0,133668;-0,017050;-0,012343;1;run_1
12:37,8;49,7967;4,1514;1721;31,953;30,768;2,92019;0,124434;0,021716;0,018719;1;run_1
12:37,8;49,7864;4,1286;1728;31,959;30,773;3,05488;0,132470;-0,012398;-0,009470;1;run_1
12:37,8;49,7964;3,9451;1730;31,965;30,778;3,09626;0,129817;0,022602;0,017679;1;run_1
12:37,8;49,7989;4,0439;1728;31,971;30,782;3,05307;0,131980;0,007143;0,004514;1;run_1
12:37,8;49,8162;4,0907;1732;31,977;30,787;2,99705;0,122026;-0,003235;-0,004251;1;run_1
12:37,8;49,7875;3,9400;1730;31,983;30,792;3,13601;0,134087;0,018575;0,014832;1;run_1
12:37,8;49,7820;4,1577;1737;31,989;30,796;3,01910;0,130252;-0,019222;-0,015860;1;run_1
12:37,8;49,7943;4,1344;1732;31,995;30,801;3,08882;0,129389;-0,019228;-0,016191;1;run_1
12:37,8;49,7999;4,0950;1740;32,001;30,806;3,08563;0,132916;-0,010793;-0,008446;1;run_1
12:37,8;49,7716;4,1056;1736;32,007;30,811;3,10144;0,137308;-0,013841;-0,012338;1;run_1
12:37,9;49,8090;4,1258;1740;32,013;30,815;3,12156;0,131014;0,014872;0,010788;1;run_1
12:37,9;49,7821;4,1251;1739;32,019;30,820;3,10416;0,140134;0,011608;0,009063;1;run_1
12:37,9;49,7928;4,0552;1740;32,025;30,825;3,01548;0,141175;-0,020705;-0,017396;1;run_1
12:37,9;49,7978;4,0502;1744;32,030;30,829;3,17227;0,134020;0,019867;0,015565;1;run_1
12:37,9;49,7713;4,0738;1743;32,036;30,834;3,18369;0,135454;0,002726;0,001741;1;run_1
12:37,9;49,7802;4,2071;1746;32,042;30,839;3,08146;0,129238;-0,008681;-0,006793;1;run_1
12:37,9;49,7833;4,0805;1751;32,048;30,843;3,11362;0,138034;-0,003646;-0,000896;1;run_1
12:37,9;49,8035;4,0441;1747;32,054;30,848;3,09471;0,134790;-0,010336;-0,010464;1;run_1
12:37,9;49,7906;4,1121;1751;32,060;30,853;3,14115;0,135689;0,013620;0,010748;1;run_1
12:37,9;49,7998;4,0655;1750;32,066;30,857;3,14394;0,144278;0,019144;0,015560;1;run_1
12:38,0;49,7797;4,1387;1752;32,072;30,862;3,04430;0,128252;-0,022496;-0,019909;1;run_1
12:38,0;49,7906;4,1281;1754;32,078;30,866;3,10051;0,136608;0,020470;0,019595;1;run_1
12:38,0;49,7968;4,0986;1754;32,083;30,871;3,13665;0,139659;0,006109;0,004560;1;run_1
12:38,0;49,7938;4,1352;1761;32,089;30,876;3,16604;0,142876;0,015269;0,012187;1;run_1
12:38,0;49,7993;4,0329;1760;32,095;30,880;3,09376;0,133061;0,015544;0,012410;1;run_1
12:38,0;49,7874;4,1653;1762;32,101;30,885;3,14016;0,132917;-0,019459;-0,017779;1;run_1
12:38,0;49,7972;4,1731;1759;32,107;30,889;3,16518;0,128229;-0,014062;-0,011212;1;run_1
12:38,0;49,8008;4,1732;1761;32,113;30,894;3,19413;0,142706;0,021329;0,016095;1;run_1
12:38,0;49,7679;4,1882;1764;32,119;30,899;3,15870;0,134623;-0,018173;-0,014258;1;run_1
12:38,0;49,7851;4,1259;1764;32,124;30,903;3,09861;0,138596;0,006828;0,004248;1;run_1
12:38,1;49,7908;4,0863;1766;32,130;30,908;3,14751;0,139708;-0,000689;0,000121;1;run_1
12:38,1;49,8012;4,2583;1764;32,136;30,913;3,18358;0,131622;-0,017944;-0,016563;1;run_1
12:38,1;49,8030;4,1222;1767;32,142;30,917;3,19472;0,135148;0,016707;0,015679;1;run_1
12:38,1;49,7936;4,1369;1770;32,148;30,922;3,26034;0,140160;-0,012316;-0,009455;1;run_1
12:38,1;49,7682;4,1744;1762;32,154;30,926;3,18229;0,130420;0,007112;0,005533;1;run_1
12:38,1;49,7968;4,1250;1765;32,159;30,931;3,22529;0,141141;-0,012450;-0,008993;1;run_1
12:38,1;49,7926;4,1475;1769;32,165;30,935;3,11189;0,140154;0,007310;0,006808;1;run_1
12:38,1;49,7846;4,1608;1770;32,171;30,940;3,16257;0,141622;-0,018463;-0,014393;1;run_1
12:38,1;49,7696;4,1692;1767;32,177;30,944;3,10779;0,130715;-0,012334;-0,010216;1;run_1
12:38,1;49,7726;4,1749;1768;32,183;30,949;3,14096;0,143676;0,022571;0,019189;1;run_1
12:38,2;49,7898;4,1599;1771;32,188;30,953;3,17436;0,133967;-0,022130;-0,019157;1;run_1
12:38,2;49,8002;4,0518;1771;32,194;30,958;3,21122;0,131732;0,006088;0,005634;1;run_1
12:38,2;49,7937;4,1125;1771;32,200;30,962;3,12787;0,137778;0,016652;0,015322;1;run_1
12:38,2;49,7809;4,1230;1773;32,205;30,966;3,13306;0,136233;-0,021823;-0,018046;1;run_1
12:38,2;49,8028;4,0507;1771;32,211;30,971;3,26456;0,133776;-0,009012;-0,005627;1;run_1
12:38,2;49,7740;4,2089;1774;32,217;30,975;3,24189;0,146169;0,016868;0,015989;1;run_1
12:38,2;49,7904;4,1617;1779;32,222;30,980;3,26701;0,133611;-0,003424;-0,002779;1;run_1
12:38,2;49,8019;4,2134;1781;32,228;30,984;3,30489;0,145438;0,005456;0,006456;1;run_1
12:38,2;49,7788;4,1565;1777;32,234;30,989;3,13983;0,132593;0,000860;-0,000428;1;run_1
12:38,2;49,7754;4,1867;1776;32,240;30,993;3,25247;0,143497;-0,022169;-0,018394;1;run_1
12:38,3;49,7971;4,0938;1779;32,245;30,997;3,18117;0,141473;0,020282;0,016708;1;run_1
12:38,3;49,7820;4,2129;1776;32,251;31,002;3,28573;0,146506;0,022141;0,016955;1;run_1
12:38,3;49,7854;4,2217;1779;32,257;31,006;3,22524;0,140169;-0,023802;-0,022542;1;run_1
12:38,3;49,7898;4,1742;1779;32,262;31,011;3,15243;0,142930;0,008580;0,006237;1;run_1
12:38,3;49,7931;4,1114;1779;32,268;31,015;3,17684;0,139379;0,012856;0,012848;1;run_1
12:38,3;49,7672;4,2959;1781;32,274;31,020;3,27506;0,135063;-0,021572;-0,017462;1;run_1
12:38,3;49,7866;4,2110;1778;32,279;31,024;3,21600;0,136481;-0,013787;-0,011138;1;run_1
12:38,3;49,7936;4,1421;1782;32,285;31,028;3,15169;0,147198;0,009135;0,007624;1;run_1
12:38,3;49,7833;4,2080;1783;32,291;31,033;3,22876;0,138070;-0,017575;-0,015116;1;run_1
12:38,3;49,7830;4,2032;1778;32,296;31,037;3,25834;0,140446;-0,021200;-0,017423;1;run_1
12:38,4;49,7789;4,0916;1780;32,302;31,041;3,27737;0,142764;0,021546;0,015227;1;run_1
12:38,4;49,7971;4,2263;1783;32,307;31,046;3,28741;0,142845;-0,018878;-0,015549;1;run_1
12:38,4;49,7775;4,1169;1783;32,313;31,050;3,27801;0,143568;0,005063;0,002816;1;run_1
12:38,4;49,7867;4,2817;1784;32,319;31,054;3,27741;0,144617;0,015255;0,013049;1;run_1
12:38,4;49,7738;4,1399;1782;32,324;31,059;3,16850;0,144897;-0,004047;-0,002985;1;run_1
12:38,4;49,7832;4,2914;1787;32,330;31,063;3,27322;0,136491;0,015342;0,012896;1;run_1
12:38,4;49,7774;4,2298;1785;32,336;31,068;3,26475;0,140776;0,019465;0,016483;1;run_1
12:38,4;49,7763;4,2741;1789;32,341;31,072;3,30795;0,140894;-0,015836;-0,012994;1;run_1
12:38,4;49,7905;4,1979;1780;32,347;31,076;3,18813;0,141497;-0,013050;-0,010806;1;run_1
12:38,4;49,7670;4,2620;1785;32,353;31,081;3,20706;0,133640;0,020890;0,014603;1;run_1
12:38,5;49,7802;4,2213;1790;32,358;31,085;3,33786;0,144897;-0,018718;-0,015029;1;run_1
12:38,5;49,7916;4,1443;1788;32,364;31,089;3,30338;0,132418;0,002630;0,002475;1;run_1
12:38,5;49,7893;4,1763;1787;32,369;31,093;3,23081;0,141670;0,022853;0,018353;1;run_1
12:38,5;49,7945;4,1288;1791;32,375;31,097;3,23505;0,134815;-0,017993;-0,015367;1;run_1
12:38,5;49,7579;4,1591;1786;32,380;31,102;3,28807;0,138209;-0,019652;-0,014541;1;run_1
12:38,5;49,7936;4,1681;1788;32,385;31,106;3,23864;0,137477;0,021914;0,019005;1;run_1
12:38,5;49,7909;4,2097;1789;32,391;31,110;3,29841;0,132083;-0,004895;-0,003715;1;run_1
12:38,5;49,7696;4,2414;1788;32,397;31,114;3,17966;0,138360;-0,022750;-0,019904;1;run_1
12:38,5;49,8058;4,0631;1789;32,402;31,118;3,22340;0,151174;0,015851;0,015268;1;run_1
12:38,5;49,7575;4,2005;1793;32,407;31,123;3,28911;0,138629;-0,023591;-0,019328;1;run_1
12:38,6;49,7862;4,1806;1790;32,413;31,127;3,23610;0,143073;-0,017441;-0,012596;1;run_1
12:38,6;49,7823;4,1978;1789;32,418;31,131;3,24010;0,129247;0,003745;0,003222;1;run_1
12:38,6;49,8042;4,1836;1785;32,423;31,135;3,27986;0,133457;0,009157;0,007721;1;run_1
12:38,6;49,7728;4,2657;1790;32,429;31,139;3,21085;0,140053;-0,022143;-0,018516;1;run_1
12:38,6;49,7854;4,1581;1791;32,434;31,143;3,26419;0,140209;0,009352;0,007255;1;run_1
12:38,6;49,7799;4,3397;1795;32,440;31,148;3,26177;0,146308;-0,015509;-0,010935;1;run_1
12:38,6;49,8011;4,1796;1792;32,445;31,152;3,33470;0,146876;-0,022242;-0,018330;1;run_1
12:38,6;49,7739;4,2014;1792;32,451;31,156;3,21500;0,133749;0,010429;0,007124;1;run_1
12:38,6;49,8018;4,1549;1793;32,456;31,160;3,31885;0,145841;0,006747;0,005418;1;run_1
12:38,6;49,7751;4,1479;1793;32,461;31,164;3,26918;0,138906;-0,021408;-0,019148;1;run_1
12:38,7;49,7652;4,3373;1795;32,467;31,168;3,27282;0,141025;0,021466;0,017208;1;run_1
12:38,7;49,7634;4,2987;1789;32,473;31,173;3,28285;0,138711;0,009790;0,008018;1;run_1
12:38,7;49,7740;4,2333;1795;32,478;31,177;3,36129;0,141951;-0,022648;-0,019461;1;run_1
12:38,7;49,8114;4,1533;1792;32,483;31,181;3,18563;0,138137;-0,017076;-0,015921;1;run_1
12:38,7;49,7874;4,2711;1790;32,489;31,185;3,32475;0,145969;-0,004393;-0,002473;1;run_1
12:38,7;49,7935;4,2242;1793;32,494;31,189;3,21550;0,141386;-0,002046;-0,001746;1;run_1
12:38,7;49,7802;4,1889;1793;32,499;31,193;3,33575;0,145724;-0,020912;-0,018449;1;run_1
12:38,7;49,7659;4,1588;1789;32,505;31,197;3,26564;0,145407;-0,024021;-0,018811;1;run_1
12:38,7;49,8003;4,2104;1791;32,510;31,201;3,30126;0,139295;0,022529;0,019657;1;run_1
12:38,7;49,7747;4,2525;1795;32,515;31,205;3,29007;0,148020;-0,022658;-0,017998;1;run_1
12:38,8;49,7881;4,2163;1798;32,521;31,209;3,23583;0,139945;0,018877;0,015399;1;run_1
12:38,8;49,8144;4,1248;1796;32,526;31,213;3,31207;0,138894;0,000553;-0,001668;1;run_1
12:38,8;49,7707;4,1531;1794;32,531;31,217;3,32877;0,135934;-0,020589;-0,015144;1;run_1
12:38,8;49,7829;4,2206;1791;32,536;31,221;3,21287;0,144348;-0,021028;-0,016206;1;run_1
12:38,8;49,8130;4,0730;1792;32,541;31,225;3,30745;0,147755;0,013734;0,012078;1;run_1
12:38,8;49,7818;4,2380;1795;32,547;31,229;3,14540;0,141174;-0,015258;-0,010995;1;run_1
12:38,8;49,8000;4,2101;1793;32,552;31,233;3,18712;0,137322;-0,022790;-0,017473;1;run_1
12:38,8;49,7973;4,2463;1790;32,557;31,237;3,25639;0,135427;-0,007583;-0,006922;1;run_1
12:38,8;49,7950;4,1556;1796;32,562;31,240;3,32076;0,149300;-0,015503;-0,012780;1;run_1
12:38,8;49,7989;4,2319;1792;32,567;31,244;3,23571;0,135168;-0,015705;-0,013180;1;run_1
12:38,9;49,7806;4,2279;1796;32,573;31,248;3,26754;0,140208;0,021730;0,017573;1;run_1
12:38,9;49,7850;4,2226;1793;32,578;31,252;3,30982;0,147057;0,019168;0,015810;1;run_1
12:38,9;49,7590;4,2939;1792;32,583;31,256;3,31988;0,137234;0,001037;0,001276;1;run_1
12:38,9;49,8010;4,1304;1798;32,588;31,260;3,26131;0,140140;0,022005;0,017503;1;run_1
12:38,9;49,7756;4,1615;1792;32,593;31,264;3,29710;0,137068;0,013224;0,011087;1;run_1
12:38,9;49,8017;4,0770;1796;32,598;31,268;3,17888;0,138232;-0,024626;-0,019002;1;run_1
12:38,9;49,7751;4,1721;1796;32,603;31,271;3,34608;0,139489;-0,001676;-0,000883;1;run_1
12:38,9;49,7882;4,2124;1798;32,609;31,275;3,26303;0,144621;0,006305;0,003254;1;run_1
12:38,9;49,7803;4,1863;1796;32,614;31,279;3,37251;0,142060;-0,014342;-0,012319;1;run_1
12:38,9;49,7706;4,2666;1794;32,619;31,283;3,29190;0,140159;-0,018225;-0,013469;1;run_1
12:39,0;49,7896;4,1400;1800;32,624;31,287;3,32618;0,138013;0,000464;-0,000303;1;run_1
12:39,0;49,7908;4,2106;1795;32,629;31,291;3,23175;0,139916;0,008666;0,005654;1;run_1
12:39,0;49,7831;4,2083;1796;32,634;31,295;3,28018;0,149731;-0,019637;-0,016064;1;run_1
12:39,0;49,8032;4,1696;1796;32,639;31,298;3,22778;0,134989;0,014147;0,010948;1;run_1
12:39,0;49,7969;4,2444;1795;32,644;31,302;3,32500;0,137597;0,020713;0,018096;1;run_1
12:39,0;49,7976;4,1667;1795;32,649;31,306;3,28478;0,142506;-0,015509;-0,013761;1;run_1
12:39,0;49,7943;4,2081;1793;32,654;31,310;3,34794;0,147781;-0,022060;-0,018866;1;run_1
12:39,0;49,7646;4,2947;1798;32,660;31,314;3,21518;0,145453;0,012608;0,012553;1;run_1
12:39,0;49,8044;4,1949;1797;32,665;31,317;3,23967;0,148131;-0,020885;-0,016200;1;run_1
12:39,0;49,7867;4,2120;1800;32,670;31,321;3,27011;0,140506;0,021370;0,019528;1;run_1
12:39,1;49,7939;4,2039;1798;32,675;31,325;3,27880;0,140483;0,015874;0,010348;1;run_1
12:39,1;49,7763;4,1089;1794;32,679;31,328;3,19469;0,143479;0,021111;0,016889;1;run_1
12:39,1;49,8077;4,1650;1797;32,684;31,332;3,35195;0,146824;-0,014398;-0,011849;1;run_1
12:39,1;49,7919;4,1183;1800;32,689;31,336;3,34482;0,140452;0,012155;0,010694;1;run_1
12:39,1;49,8124;4,1473;1801;32,694;31,339;3,35713;0,139078;-0,020524;-0,018320;1;run_1
12:39,1;49,7869;4,2491;1796;32,699;31,343;3,25003;0,144666;-0,020206;-0,016324;1;run_1
12:39,1;49,8015;4,1343;1797;32,704;31,347;3,25569;0,145849;0,010462;0,010256;1;run_1
12:39,1;49,8024;4,1620;1795;32,709;31,350;3,35259;0,136360;0,023461;0,017469;1;run_1
12:39,1;49,7655;4,3284;1795;32,714;31,354;3,26064;0,153757;0,002234;0,001247;1;run_1
12:39,1;49,7804;4,1946;1799;32,719;31,358;3,31929;0,147744;0,015619;0,014528;1;run_1
12:39,2;49,7728;4,3543;1795;32,724;31,362;3,24426;0,136518;0,012423;0,011517;1;run_1
12:39,2;49,7741;4,1215;1800;32,729;31,365;3,28808;0,137973;-0,021867;-0,018757;1;run_1
12:39,2;49,7947;4,1275;1799;32,734;31,369;3,31322;0,143217;0,004564;0,005067;1;run_1
12:39,2;49,7995;4,3013;1800;32,739;31,373;3,27958;0,141751;0,014311;0,013836;1;run_1
12:39,2;49,7874;4,1438;1796;32,744;31,376;3,24280;0,136507;0,011925;0,008483;1;run_1
12:39,2;49,7906;4,1743;1799;32,749;31,380;3,34022;0,143242;-0,005967;-0,004858;1;run_1
12:39,2;49,7643;4,2048;1803;32,753;31,383;3,34284;0,146479;-0,002206;0,000430;1;run_1
12:39,2;49,7660;4,2404;1799;32,758;31,387;3,36150;0,148946;-0,001589;-0,001797;1;run_1
12:39,2;49,7968;4,1456;1798;32,763;31,391;3,25703;0,142465;-0,020819;-0,018304;1;run_1
12:39,2;49,7818;4,1151;1799;32,768;31,394;3,25269;0,152134;0,011542;0,011774;1;run_1
12:39,3;49,7846;4,2315;1797;32,773;31,398;3,37426;0,148407;0,022495;0,017702;1;run_1
12:39,3;49,7930;4,1724;1802;32,778;31,401;3,26525;0,143062;0,000055;-0,000203;1;run_1
12:39,3;49,7853;4,1545;1804;32,782;31,405;3,30582;0,151320;0,007544;0,005353;1;run_1
12:39,3;49,7706;4,2915;1797;32,787;31,408;3,35560;0,146098;0,017680;0,014807;1;run_1
12:39,3;49,7992;4,2494;1796;32,792;31,412;3,41644;0,144017;0,018115;0,014996;1;run_1
12:39,3;49,7670;4,2284;1799;32,797;31,416;3,29248;0,143048;-0,010121;-0,007366;1;run_1
12:39,3;49,7756;4,2444;1796;32,802;31,419;3,38818;0,145114;0,002371;0,002676;1;run_1
12:39,3;49,7727;4,1908;1798;32,807;31,423;3,29377;0,139418;0,002499;0,000045;1;run_1
12:39,3;49,7946;4,2165;1800;32,811;31,426;3,30595;0,143773;-0,008724;-0,007863;1;run_1
12:39,3;49,7629;4,2346;1803;32,816;31,430;3,28746;0,142001;0,005874;0,006892;1;run_1
12:39,4;49,7857;4,2232;1798;32,821;31,433;3,33632;0,145967;0,019413;0,016052;1;run_1
12:39,4;49,8126;4,1162;1800;32,826;31,437;3,30149;0,144011;-0,020331;-0,016769;1;run_1
12:39,4;49,7921;4,1312;1799;32,830;31,440;3,24710;0,142251;0,002366;0,002053;1;run_1
12:39,4;49,7668;4,3065;1801;32,835;31,444;3,27003;0,146674;0,002365;0,001796;1;run_1
12:39,4;49,8073;4,1599;1798;32,840;31,447;3,26017;0,142203;-0,001296;-0,000503;1;run_1
12:39,4;49,7782;4,2930;1799;32,845;31,451;3,28710;0,146953;-0,012078;-0,007845;1;run_1
12:39,4;49,7982;4,2116;1796;32,850;31,454;3,27093;0,135664;-0,003991;-0,002113;1;run_1
12:39,4;49,7600;4,2812;1798;32,854;31,458;3,19254;0,134795;0,006050;0,007777;1;run_1
12:39,4;49,7849;4,2132;1798;32,859;31,461;3,24299;0,133133;-0,021282;-0,018837;1;run_1
12:39,4;49,7924;4,2203;1798;32,864;31,465;3,28574;0,141098;0,002189;0,002455;1;run_1
12:39,5;49,7874;4,1311;1796;32,868;31,468;3,30549;0,142445;0,019653;0,016312;1;run_1
12:39,5;49,7780;4,2014;1801;32,873;31,472;3,28088;0,153904;-0,019799;-0,015700;1;run_1
12:39,5;49,7745;4,1802;1796;32,878;31,475;3,33622;0,139800;-0,020439;-0,015821;1;run_1
12:39,5;49,7651;4,2591;1799;32,883;31,479;3,19679;0,135879;0,019768;0,016663;1;run_1
12:39,5;49,7857;4,2868;1800;32,887;31,482;3,33407;0,141421;-0,021118;-0,018213;1;run_1
12:39,5;49,7584;4,3294;1800;32,892;31,486;3,22493;0,146967;0,003858;0,002998;1;run_1
12:39,5;49,7739;4,2323;1800;32,897;31,489;3,31239;0,145672;0,020670;0,018283;1;run_1
12:39,5;49,7799;4,1501;1803;32,902;31,492;3,33313;0,142691;-0,017943;-0,014534;1;run_1
12:39,5;49,7934;4,1534;1802;32,906;31,496;3,29709;0,137230;0,009921;0,009938;1;run_1
12:39,5;49,7736;4,1637;1798;32,911;31,499;3,40642;0,140061;0,000045;-0,000323;1;run_1
12:39,6;49,8131;4,1578;1797;32,915;31,502;3,26879;0,139189;0,020552;0,016607;1;run_1
12:39,6;49,7789;4,2561;1797;32,920;31,506;3,27693;0,143125;-0,006923;-0,006694;1;run_1
12:39,6;49,8002;4,1999;1798;32,924;31,509;3,19834;0,139889;-0,010586;-0,009356;1;run_1
12:39,6;49,7841;4,1321;1803;32,929;31,512;3,23097;0,142848;-0,021465;-0,017486;1;run_1
12:39,6;49,7828;4,2928;1801;32,934;31,516;3,33957;0,141441;-0,019776;-0,017138;1;run_1
12:39,6;49,7617;4,2709;1798;32,938;31,519;3,28566;0,136151;-0,019555;-0,017912;1;run_1
12:39,6;49,7850;4,1746;1799;32,943;31,522;3,29411;0,137294;0,024273;0,020881;1;run_1
12:39,6;49,7814;4,3139;1800;32,948;31,526;3,35614;0,146473;-0,009323;-0,008225;1;run_1
12:39,6;49,7924;4,1360;1800;32,952;31,529;3,27235;0,139629;-0,010483;-0,010485;1;run_1
12:39,6;49,7782;4,1987;1796;32,957;31,532;3,31346;0,144999;-0,022114;-0,018194;1;run_1
12:39,7;49,7954;4,1857;1799;32,961;31,536;3,30686;0,149224;0,016480;0,013286;1;run_1
12:39,7;49,7952;4,1734;1801;32,966;31,539;3,28944;0,141149;-0,010663;-0,008298;1;run_1
12:39,7;49,7650;4,2632;1800;32,970;31,542;3,23125;0,143055;0,016348;0,013476;1;run_1
12:39,7;49,7932;4,1795;1805;32,975;31,546;3,28323;0,145235;-0,016852;-0,014320;1;run_1
12:39,7;49,7846;4,2022;1798;32,979;31,549;3,35124;0,141214;-0,008401;-0,007530;1;run_1
12:39,7;49,7776;4,1818;1802;32,984;31,552;3,29536;0,147315;0,016036;0,012681;1;run_1
12:39,7;49,7871;4,1133;1799;32,988;31,555;3,25555;0,142846;0,023137;0,018252;1;run_1
12:39,7;49,7761;4,2695;1799;32,992;31,558;3,29341;0,146492;-0,002568;-0,001552;1;run_1
12:39,7;49,7888;4,1993;1796;32,997;31,562;3,29027;0,139018;-0,011508;-0,009578;1;run_1
12:39,7;49,7760;4,2161;1798;33,001;31,565;3,32965;0,141523;0,010311;0,009163;1;run_1
12:39,8;49,7642;4,1669;1802;33,006;31,568;3,29509;0,136057;-0,022053;-0,019589;1;run_1
12:39,8;49,7811;4,2438;1796;33,010;31,571;3,28457;0,136546;0,002127;0,003014;1;run_1
12:39,8;49,8088;4,0992;1798;33,015;31,574;3,38072;0,148190;-0,014382;-0,010957;1;run_1
12:39,8;49,7839;4,2007;1802;33,019;31,578;3,32506;0,138862;-0,018199;-0,016405;1;run_1
12:39,8;49,7991;4,1632;1800;33,023;31,581;3,36053;0,136310;-0,021857;-0,019759;1;run_1
12:39,8;49,7869;4,1253;1796;33,028;31,584;3,39747;0,141453;-0,022374;-0,018309;1;run_1
12:39,8;49,7832;4,2081;1800;33,032;31,587;3,34834;0,137096;0,016445;0,013270;1;run_1
12:39,8;49,7641;4,2216;1799;33,037;31,590;3,37906;0,135999;0,000588;-0,001576;1;run_1
12:39,8;49,8047;4,0891;1800;33,041;31,593;3,34769;0,150581;-0,017256;-0,013979;1;run_1
12:39,8;49,7836;4,2556;1795;33,045;31,596;3,35224;0,141742;-0,020589;-0,016486;1;run_1
12:39,9;49,7969;4,1287;1798;33,049;31,599;3,32852;0,142258;0,022105;0,018529;1;run_1
12:39,9;49,7626;4,1840;1800;33,054;31,602;3,37112;0,146842;-0,022188;-0,018589;1;run_1
12:39,9;49,7589;4,2941;1801;33,058;31,606;3,34203;0,138644;0,021008;0,018202;1;run_1
12:39,9;49,7595;4,3100;1801;33,063;31,609;3,27688;0,146957;0,004450;0,002033;1;run_1
12:39,9;49,7969;4,1266;1800;33,067;31,612;3,30284;0,147288;-0,018269;-0,016229;1;run_1
12:39,9;49,7695;4,2291;1798;33,071;31,615;3,25546;0,138348;-0,016635;-0,013149;1;run_1
12:39,9;49,7939;4,1899;1802;33,076;31,618;3,32442;0,139733;0,005006;0,004313;1;run_1
12:39,9;49,7856;4,2172;1803;33,080;31,621;3,32525;0,149499;-0,014185;-0,012506;1;run_1
12:39,9;49,7791;4,1538;1799;33,084;31,624;3,23239;0,151375;-0,020917;-0,017550;1;run_1
12:39,9;49,7950;4,1396;1797;33,089;31,627;3,31730;0,140672;-0,013353;-0,012353;1;run_1
12:40,0;49,7947;4,2545;1795;33,093;31,631;3,28885;0,139652;0,008343;0,006292;1;run_1
12:40,0;49,7745;4,3537;1801;33,098;31,634;3,37336;0,142147;-0,015673;-0,013146;1;run_1
12:40,0;49,7976;4,1345;1798;33,102;31,637;3,29517;0,144822;-0,014187;-0,012046;1;run_1
12:40,0;49,7808;4,1117;1797;33,106;31,640;3,37820;0,136717;0,018534;0,016246;1;run_1
12:40,0;49,7867;4,1947;1804;33,110;31,643;3,33409;0,145812;0,004275;0,002581;1;run_1
12:40,0;49,8145;4,2727;1801;33,115;31,646;3,23984;0,144742;0,008303;0,009227;1;run_1
12:40,0;49,7708;4,3091;1804;33,119;31,649;3,34989;0,143369;-0,020344;-0,017775;1;run_1
12:40,0;49,7774;4,1471;1801;33,123;31,652;3,33065;0,143166;-0,019272;-0,014795;1;run_1
12:40,0;49,7861;4,1345;1799;33,127;31,655;3,35065;0,142020;-0,019008;-0,017492;1;run_1
12:40,0;49,7763;4,1945;1800;33,131;31,658;3,33638;0,150186;0,020238;0,013933;1;run_1
12:40,1;49,8006;4,1368;1800;33,136;31,661;3,18566;0,148156;-0,004064;-0,003711;1;run_1
12:40,1;49,7847;4,2281;1801;33,140;31,664;3,29275;0,140566;-0,009887;-0,009876;1;run_1
12:40,1;49,7882;4,2278;1795;33,144;31,667;3,31247;0,133240;-0,018660;-0,014877;1;run_1
12:40,1;49,7774;4,2510;1802;33,148;31,670;3,27059;0,143265;-0,008028;-0,006334;1;run_1
12:40,1;49,8006;4,1948;1800;33,153;31,673;3,30565;0,139991;-0,018530;-0,015123;1;run_1
12:40,1;49,7833;4,2642;1804;33,157;31,676;3,28611;0,137742;0,018078;0,016900;1;run_1
12:40,1;49,7813;4,2335;1797;33,161;31,679;3,23970;0,142610;0,003360;0,003057;1;run_1
12:40,1;49,7835;4,1655;1794;33,165;31,682;3,30740;0,144021;0,006200;0,005303;1;run_1
12:40,1;49,7892;4,2363;1802;33,170;31,685;3,38693;0,140325;0,013793;0,011418;1;run_1
12:40,1;49,7948;4,1876;1795;33,174;31,688;3,22921;0,139240;-0,019805;-0,018040;1;run_1
12:40,2;49,7834;4,3416;1799;33,178;31,691;3,22517;0,140745;0,005889;0,005668;1;run_1
12:40,2;49,7957;4,0997;1800;33,182;31,694;3,19000;0,145669;-0,018844;-0,014450;1;run_1
12:40,2;49,7931;4,1281;1803;33,186;31,697;3,29626;0,149729;0,012377;0,008433;1;run_1
12:40,2;49,7664;4,1673;1799;33,190;31,700;3,31652;0,142988;0,020430;0,018627;1;run_1
12:40,2;49,7809;4,1365;1800;33,194;31,702;3,36397;0,145151;-0,022886;-0,020038;1;run_1
12:40,2;49,7872;4,1547;1798;33,198;31,705;3,27359;0,148441;-0,021997;-0,017913;1;run_1
12:40,2;49,7747;4,2595;1800;33,202;31,708;3,32390;0,142796;0,020856;0,018841;1;run_1
12:40,2;49,7819;4,2751;1799;33,207;31,711;3,24073;0,145260;-0,002674;-0,003062;1;run_1
12:40,2;49,7660;4,2962;1800;33,211;31,714;3,37557;0,146497;-0,016287;-0,012010;1;run_1
12:40,2;49,7716;4,2746;1801;33,215;31,717;3,35566;0,143269;0,023571;0,020776;1;run_1
12:40,3;49,7878;4,1242;1794;33,219;31,720;3,28712;0,139602;-0,007901;-0,008664;1;run_1
12:40,3;49,7771;4,2331;1797;33,223;31,723;3,25426;0,140951;0,003577;0,002556;1;run_1
12:40,3;49,7822;4,2268;1802;33,227;31,726;3,38667;0,145735;0,023029;0,017137;1;run_1
12:40,3;49,7834;4,2693;1801;33,232;31,729;3,33653;0,146383;0,003761;0,005349;1;run_1
12:40,3;49,7721;4,1790;1800;33,236;31,732;3,34713;0,144367;-0,022019;-0,017155;1;run_1
12:40,3;49,7919;4,2379;1796;33,240;31,735;3,25962;0,144569;-0,013713;-0,012377;1;run_1
12:40,3;49,7862;4,1095;1797;33,244;31,737;3,28143;0,140224;0,008495;0,006521;1;run_1
12:40,3;49,7923;4,1427;1805;33,248;31,740;3,29513;0,138684;0,004066;0,004531;1;run_1
12:40,3;49,8064;4,1236;1802;33,251;31,743;3,38246;0,135177;0,005933;0,004495;1;run_1
12:40,3;49,7817;4,1695;1796;33,255;31,745;3,39796;0,137603;-0,020610;-0,015631;1;run_1
12:40,4;49,7853;4,1296;1802;33,259;31,748;3,30415;0,132103;-0,021779;-0,020898;1;run_1
12:40,4;49,7872;4,0940;1802;33,263;31,751;3,26861;0,143711;-0,006152;-0,005726;1;run_1
12:40,4;49,7881;4,1193;1798;33,267;31,753;3,28595;0,148691;-0,010769;-0,009251;1;run_1
12:40,4;49,7825;4,2274;1800;33,271;31,756;3,22845;0,139812;0,014827;0,011572;1;run_1
12:40,4;49,7806;4,2306;1799;33,275;31,759;3,29380;0,138013;-0,012981;-0,011655;1;run_1
12:40,4;49,7878;4,1464;1804;33,279;31,762;3,32671;0,138667;0,013260;0,012545;1;run_1
12:40,4;49,7604;4,2620;1801;33,283;31,765;3,27304;0,140475;0,009067;0,007654;1;run_1
12:40,4;49,7802;4,2004;1801;33,287;31,767;3,33428;0,148488;-0,023116;-0,021615;1;run_1
12:40,4;49,8043;4,1972;1802;33,291;31,770;3,33672;0,145411;0,008874;0,008630;1;run_1
12:40,4;49,8035;4,2056;1802;33,295;31,773;3,38635;0,144131;0,012536;0,011379;1;run_1
12:40,5;49,7711;4,2308;1800;33,299;31,776;3,29075;0,138752;0,005214;0,005862;1;run_1
12:40,5;49,7861;4,2447;1800;33,303;31,779;3,22860;0,139240;-0,020484;-0,014792;1;run_1
12:40,5;49,7868;4,1929;1799;33,307;31,781;3,31292;0,142689;0,006432;0,005811;1;run_1
12:40,5;49,7697;4,3169;1798;33,311;31,784;3,35502;0,147160;0,015908;0,013047;1;run_1
12:40,5;49,7543;4,3301;1798;33,315;31,787;3,32988;0,134491;-0,005531;-0,003671;1;run_1
12:40,5;49,8101;4,0073;1751;33,319;31,790;3,12185;0,139745;0,012942;0,010040;0;idle
12:40,5;49,7793;4,0572;1714;33,322;31,792;3,09863;0,125372;-0,022660;-0,019310;0;idle
12:40,5;49,8070;3,8101;1667;33,326;31,794;2,80712;0,118149;0,021159;0,018320;0;idle
12:40,5;49,8175;3,8009;1627;33,329;31,796;2,71958;0,118871;-0,005537;-0,003383;0;idle
12:40,5;49,8184;3,7482;1585;33,332;31,798;2,56365;0,116948;-0,002952;-0,002140;0;idle
12:40,6;49,8173;3,6014;1549;33,335;31,800;2,44519;0,104510;0,020416;0,017605;0;idle
12:40,6;49,8348;3,4743;1511;33,337;31,802;2,34388;0,102745;-0,010379;-0,008377;0;idle
12:40,6;49,8448;3,4063;1474;33,340;31,803;2,18982;0,099485;0,012820;0,013649;0;idle
12:40,6;49,8377;3,4424;1435;33,342;31,804;2,02477;0,094430;0,007921;0,006877;0;idle
12:40,6;49,8424;3,3684;1403;33,344;31,806;2,05368;0,080120;0,016088;0,014079;0;idle
12:40,6;49,8420;3,2551;1367;33,346;31,807;1,87105;0,083511;-0,002357;-0,003764;0;idle
12:40,6;49,8621;3,0752;1333;33,348;31,808;1,85221;0,086566;-0,013879;-0,013196;0;idle
12:40,6;49,8717;3,0487;1300;33,350;31,809;1,65699;0,079425;-0,011428;-0,011207;0;idle
12:40,6;49,8704;3,1194;1269;33,352;31,810;1,63772;0,063970;-0,018473;-0,016718;0;idle
12:40,6;49,8875;2,9809;1239;33,353;31,810;1,64836;0,064260;-0,016910;-0,012674;0;idle
12:40,7;49,8926;2,9645;1212;33,355;31,811;1,51329;0,058027;0,015021;0,013689;0;idle
12:40,7;49,8708;2,8701;1179;33,356;31,812;1,38028;0,058305;0,007500;0,005349;0;idle
12:40,7;49,8839;2,7670;1150;33,357;31,812;1,33768;0,057823;0,014885;0,012636;0;idle
12:40,7;49,8959;2,7409;1118;33,359;31,812;1,31802;0,058046;0,012847;0,010683;0;idle
12:40,7;49,8768;2,6884;1094;33,360;31,813;1,24231;0,054879;-0,011530;-0,008947;0;idle
12:40,7;49,8855;2,6791;1065;33,361;31,813;1,14946;0,051193;0,005683;0,003889;0;idle
12:40,7;49,9052;2,5463;1039;33,361;31,813;1,13499;0,048124;-0,007335;-0,005226;0;idle
12:40,7;49,8863;2,5448;1012;33,362;31,813;0,99027;0,048107;-0,009129;-0,007806;0;idle
12:40,7;49,9131;2,5783;986;33,363;31,813;0,96519;0,043014;0,011350;0,007327;0;idle
12:40,7;49,9144;2,5592;963;33,364;31,813;1,01178;0,036305;0,011817;0,010085;0;idle
12:40,8;49,9069;2,4873;936;33,364;31,813;0,89628;0,039282;0,001792;0,000802;0;idle
12:40,8;49,9289;2,4575;914;33,365;31,813;0,90660;0,025531;0,013299;0,012061;0;idle
12:40,8;49,9060;2,4751;895;33,365;31,813;0,77467;0,035340;0,001498;0,000270;0;idle
12:40,8;49,9253;2,2516;871;33,366;31,813;0,83393;0,025446;0,007691;0,006582;0;idle
12:40,8;49,9325;2,2671;850;33,366;31,812;0,75009;0,038297;0,009715;0,007735;0;idle
12:40,8;49,9242;2,3274;828;33,366;31,812;0,71238;0,036318;-0,005158;-0,005701;0;idle
12:40,8;49,9267;2,1612;811;33,366;31,811;0,57414;0,027413;0,010737;0,009762;0;idle
12:40,8;49,9279;2,3387;792;33,367;31,811;0,53211;0,038736;0,003616;0,000677;0;idle
12:40,8;49,9383;2,1528;771;33,367;31,810;0,60655;0,025559;0,010514;0,008069;0;idle
12:40,8;49,9544;2,1192;745;33,366;31,810;0,49558;0,020438;-0,010985;-0,009598;0;idle
12:40,9;49,9408;2,0664;730;33,366;31,809;0,51905;0,030065;0,011750;0,007510;0;idle
12:40,9;49,9279;2,0895;711;33,366;31,808;0,54279;0,013589;0,009458;0,008422;0;idle
12:40,9;49,9635;1,9997;694;33,366;31,808;0,53130;0,020093;-0,007634;-0,005955;0;idle
12:40,9;49,9561;2,0447;685;33,366;31,807;0,45982;0,019098;-0,011407;-0,008516;0;idle
12:40,9;49,9719;1,9920;664;33,365;31,806;0,37694;0,019166;-0,011701;-0,008559;0;idle
12:40,9;49,9779;1,8813;645;33,365;31,805;0,39556;0,017134;-0,008798;-0,009166;0;idle
12:40,9;49,9330;1,9679;630;33,365;31,804;0,39163;0,020158;0,011426;0,008098;0;idle
12:40,9;49,9832;1,8303;610;33,364;31,803;0,38077;0,016692;0,010675;0,010038;0;idle
12:40,9;49,9651;1,7659;601;33,363;31,802;0,35968;0,015463;0,006950;0,007760;0;idle
12:40,9;49,9833;1,8818;586;33,363;31,801;0,26867;0,018393;-0,001482;0,000851;0;idle
12:41,0;49,9549;1,8818;570;33,362;31,800;0,43756;0,017608;0,007450;0,006911;0;idle
12:41,0;49,9570;1,8909;556;33,362;31,799;0,34185;0,008506;-0,008172;-0,004456;0;idle
12:41,0;49,9810;1,7433;545;33,361;31,798;0,34997;0,002052;-0,012665;-0,011287;0;idle
12:41,0;49,9798;1,7549;526;33,360;31,797;0,24100;0,007056;-0,009224;-0,008002;0;idle
12:41,0;49,9770;1,6906;513;33,359;31,795;0,26831;0,012739;0,001794;0,001220;0;idle
12:41,0;49,9702;1,6613;502;33,359;31,794;0,25649;0,013563;0,004312;0,001504;0;idle
12:41,0;49,9653;1,5894;488;33,358;31,793;0,20823;0,009760;-0,006459;-0,006970;0;idle
12:41,0;49,9735;1,7589;479;33,357;31,792;0,19441;0,008245;0,002064;0,001279;0;idle
12:41,0;50,0023;1,6630;464;33,356;31,790;0,20401;0,007446;0,001583;0,000867;0;idle
12:41,0;49,9790;1,6828;453;33,355;31,789;0,22565;0,004881;0,007460;0,007929;0;idle
12:41,1;49,9757;1,5901;444;33,354;31,788;0,22079;0,018241;0,004417;0,003958;0;idle
12:41,1;49,9572;1,7032;430;33,353;31,786;0,17953;0,007787;0,000837;-0,001378;0;idle
12:41,1;49,9607;1,7614;422;33,352;31,785;0,23279;0,006758;0,008184;0,007419;0;idle
12:41,1;49,9897;1,6647;412;33,352;31,784;0,14768;0,008631;0,008087;0,007303;0;idle
12:41,1;49,9672;1,6185;405;33,351;31,783;0,16663;0,000042;-0,000626;-0,000565;0;idle
12:41,1;49,9814;1,6063;396;33,350;31,781;0,20018;0,008844;-0,003490;-0,001614;0;idle
12:41,1;49,9795;1,5940;387;33,349;31,780;0,19742;0,005889;-0,004608;-0,004293;0;idle
12:41,1;49,9705;1,5309;368;33,347;31,778;0,16494;0,000448;-0,006213;-0,004745;0;idle
12:41,1;49,9816;1,5898;362;33,346;31,777;0,14745;0,000000;0,000799;0,003054;0;idle
12:41,1;49,9974;1,5995;358;33,345;31,775;0,19166;0,007681;-0,006909;-0,003413;0;idle
12:41,2;49,9538;1,5464;348;33,344;31,774;0,04906;0,008015;0,000352;0,001612;0;idle
12:41,2;49,9889;1,5985;340;33,343;31,773;0,15381;0,000000;-0,006382;-0,004712;0;idle
12:41,2;50,0093;1,5679;325;33,342;31,771;0,10633;0,004543;0,006960;0,007276;0;idle
12:41,2;49,9920;1,5649;322;33,341;31,770;0,05980;0,010244;-0,003938;-0,003239;0;idle
12:41,2;49,9920;1,4729;311;33,340;31,768;0,13659;0,003826;-0,005773;-0,005164;0;idle
12:41,2;50,0117;1,5198;304;33,339;31,767;0,07845;0,007108;-0,001883;-0,002326;0;idle
12:41,2;49,9936;1,4498;298;33,338;31,765;0,06499;0,010772;0,004304;0,002901;0;idle
12:41,2;49,9904;1,5034;289;33,336;31,764;0,15898;0,001503;0,004634;0,004096;0;idle
12:41,2;49,9916;1,5179;284;33,335;31,762;0,06686;0,000000;-0,004326;-0,004661;0;idle
12:41,2;50,0088;1,4507;277;33,334;31,761;0,04438;0,002394;0,008234;0,006310;0;idle
12:41,3;49,9994;1,4119;269;33,333;31,759;0,14507;0,010082;0,007045;0,007693;0;idle
12:41,3;50,0006;1,5048;265;33,332;31,758;0,06479;0,000000;-0,004574;-0,004927;0;idle
12:41,3;50,0033;1,3943;257;33,330;31,756;0,04105;0,002218;-0,002531;-0,004301;0;idle
12:41,3;49,9795;1,4210;251;33,329;31,754;0,06952;0,003242;0,003591;0,003200;0;idle
12:41,3;49,9877;1,4193;248;33,328;31,753;0,00354;0,003462;0,001858;0,002232;0;idle
12:41,3;49,9936;1,4366;233;33,326;31,751;0,00000;0,006439;0,003609;0,001104;0;idle
12:41,3;50,0106;1,3874;233;33,325;31,749;0,04941;0,002694;0,001216;-0,000132;0;idle
12:41,3;49,9909;1,4597;228;33,324;31,748;0,04875;0,000000;-0,003207;-0,000837;0;idle
12:41,3;49,9912;1,2448;222;33,322;31,746;0,01661;0,001709;0,003721;0,004605;0;idle
12:41,3;49,9797;1,3936;213;33,321;31,744;0,00000;0,005514;0,004934;0,004643;0;idle
12:41,4;50,0141;1,3107;211;33,319;31,743;0,05635;0,009069;0,003472;0,001512;0;idle
12:41,4;49,9827;1,3747;204;33,318;31,741;0,10167;0,000000;0,002859;0,003234;0;idle
12:41,4;50,0054;1,2436;200;33,316;31,739;0,00000;0,004358;-0,002861;-0,003331;0;idle
12:41,4;49,9732;1,3655;193;33,315;31,737;0,04353;0,005147;0,003952;0,002476;0;idle
12:41,4;50,0178;1,2613;188;33,313;31,736;0,06224;0,005173;-0,005664;-0,004326;0;idle
12:41,4;50,0063;1,3848;184;33,312;31,734;0,02936;0,001025;0,005662;0,006513;0;idle
12:41,4;49,9947;1,2421;180;33,310;31,732;0,05017;0,000000;-0,005433;-0,006181;0;idle
12:41,4;50,0144;1,3078;178;33,309;31,730;0,00000;0,000000;-0,002090;-0,001705;0;idle
12:41,4;50,0008;1,3507;174;33,308;31,729;0,04607;0,001833;0,002503;0,003204;0;idle
12:41,4;50,0162;1,2804;164;33,306;31,727;0,02840;0,003414;-0,004534;-0,003070;0;idle
12:41,5;49,9911;1,2667;163;33,304;31,725;0,04028;0,003074;-0,004336;-0,003361;0;idle
12:41,5;49,9908;1,2184;157;33,303;31,723;0,05088;0,010340;0,005501;0,005495;0;idle
12:41,5;50,0065;1,3239;155;33,301;31,722;0,00000;0,000194;-0,000381;0,000361;0;idle
12:41,5;50,0058;1,2783;154;33,300;31,720;0,04200;0,007079;-0,002634;-0,003296;0;idle
12:41,5;49,9912;1,2756;146;33,298;31,718;0,07347;0,001004;-0,000167;-0,001434;0;idle
12:41,5;50,0128;1,3855;224;33,297;31,716;0,08649;0,004875;0,004925;0,004690;2;run_2
12:41,5;49,9723;1,4681;297;33,296;31,715;0,19409;0,000000;-0,005239;-0,004142;2;run_2
12:41,5;49,9842;1,5718;367;33,295;31,714;0,18987;0,006084;-0,005466;-0,004646;2;run_2
12:41,5;49,9885;1,6476;435;33,294;31,713;0,24092;0,007044;0,001381;0,001194;2;run_2
12:41,5;49,9853;1,7351;509;33,293;31,712;0,28527;0,014736;-0,009977;-0,010027;2;run_2
12:41,6;49,9717;1,7740;572;33,293;31,711;0,20335;0,011633;0,010058;0,007584;2;run_2
12:41,6;49,9542;1,8986;634;33,293;31,710;0,37095;0,019932;-0,004288;-0,005024;2;run_2
12:41,6;49,9450;2,0181;698;33,292;31,709;0,50580;0,022356;0,010196;0,008800;2;run_2
12:41,6;49,9441;2,1626;761;33,293;31,709;0,61787;0,024677;-0,007556;-0,004362;2;run_2
12:41,6;49,9106;2,2443;823;33,293;31,709;0,72049;0,022487;0,012883;0,013064;2;run_2
12:41,6;49,9144;2,2676;883;33,293;31,709;0,76583;0,032375;-0,001487;-0,000624;2;run_2
12:41,6;49,9079;2,3792;938;33,294;31,709;0,78858;0,029956;0,005404;0,005013;2;run_2
12:41,6;49,9104;2,5859;992;33,295;31,709;1,06067;0,047932;-0,014718;-0,013811;2;run_2
12:41,6;49,8944;2,6619;1049;33,296;31,709;1,11814;0,052703;-0,012371;-0,010872;2;run_2
12:41,6;49,8812;2,7153;1102;33,297;31,710;1,29521;0,053683;0,012205;0,008914;2;run_2
12:41,7;49,8855;2,8529;1154;33,298;31,711;1,38117;0,057078;-0,003971;-0,004009;2;run_2
12:41,7;49,8908;2,8516;1208;33,300;31,711;1,53522;0,071579;0,009540;0,007549;2;run_2
12:41,7;49,8910;2,9474;1250;33,301;31,712;1,54760;0,074053;0,014473;0,012415;2;run_2
12:41,7;49,8615;3,1556;1306;33,303;31,714;1,79163;0,077773;0,016106;0,013816;2;run_2
12:41,7;49,8653;3,2261;1344;33,305;31,715;1,80093;0,083211;0,002997;0,002216;2;run_2
12:41,7;49,8552;3,2529;1392;33,308;31,716;2,03935;0,078701;0,005347;0,004453;2;run_2
12:41,7;49,8416;3,4148;1440;33,310;31,718;2,08166;0,087206;0,001238;0,001908;2;run_2
12:41,7;49,8332;3,5122;1484;33,313;31,720;2,32328;0,092846;-0,002417;-0,000970;2;run_2
12:41,7;49,8564;3,5749;1526;33,315;31,722;2,41260;0,105451;-0,014093;-0,012753;2;run_2
12:41,7;49,8342;3,6821;1565;33,318;31,724;2,49147;0,104231;-0,013379;-0,013065;2;run_2
12:41,8;49,8343;3,8259;1607;33,322;31,726;2,59640;0,110861;0,013751;0,011056;2;run_2
12:41,8;49,8016;3,9637;1644;33,325;31,728;2,78178;0,120934;-0,008393;-0,008888;2;run_2
12:41,8;49,7841;3,9544;1683;33,329;31,731;2,94455;0,127158;-0,009784;-0,008381;2;run_2
12:41,8;49,8153;4,0087;1722;33,332;31,733;3,03845;0,133030;-0,009581;-0,009121;2;run_2
12:41,8;49,8023;4,1116;1758;33,336;31,736;3,21113;0,137595;-0,004970;-0,003935;2;run_2
12:41,8;49,7997;4,1188;1791;33,340;31,739;3,20042;0,138452;-0,015823;-0,013955;2;run_2
12:41,8;49,7824;4,2843;1828;33,344;31,742;3,49806;0,143521;-0,022957;-0,020351;2;run_2
12:41,8;49,7836;4,2971;1861;33,348;31,745;3,50035;0,155234;0,006491;0,005415;2;run_2
12:41,8;49,7963;4,3965;1897;33,352;31,748;3,64452;0,159995;-0,025427;-0,020806;2;run_2
12:41,8;49,7582;4,4317;1925;33,356;31,751;3,87930;0,161778;-0,004843;-0,005407;2;run_2
12:41,9;49,7581;4,7171;1961;33,361;31,755;3,88332;0,171969;0,025775;0,020910;2;run_2
12:41,9;49,7400;4,7335;1988;33,366;31,758;3,96837;0,173417;-0,020214;-0,018199;2;run_2
12:41,9;49,7473;4,7015;2021;33,371;31,762;4,20909;0,175215;0,024451;0,020529;2;run_2
12:41,9;49,7206;4,8406;2048;33,376;31,766;4,28278;0,182125;-0,017803;-0,018425;2;run_2
12:41,9;49,7185;4,9538;2081;33,381;31,770;4,46913;0,189699;0,019738;0,015380;2;run_2
12:41,9;49,7219;5,0601;2103;33,386;31,774;4,52048;0,190101;0,019215;0,016649;2;run_2
12:41,9;49,7265;5,0009;2130;33,392;31,778;4,65128;0,197877;0,008913;0,006972;2;run_2
12:41,9;49,7190;5,0790;2157;33,397;31,782;4,77127;0,204573;-0,024720;-0,021299;2;run_2
12:41,9;49,6885;5,2123;2186;33,403;31,786;4,89383;0,209698;-0,022833;-0,021136;2;run_2
12:41,9;49,6944;5,2312;2211;33,408;31,791;4,94304;0,217522;0,016921;0,016544;2;run_2
12:42,0;49,7025;5,2159;2229;33,414;31,795;5,05632;0,219956;-0,026758;-0,020804;2;run_2
12:42,0;49,7209;5,4438;2254;33,420;31,800;5,07336;0,224635;0,024151;0,022536;2;run_2
12:42,0;49,6889;5,4871;2279;33,426;31,804;5,30229;0,225698;-0,028674;-0,023767;2;run_2
12:42,0;49,6858;5,5321;2302;33,432;31,809;5,49173;0,238494;-0,003598;-0,005158;2;run_2
12:42,0;49,6798;5,5379;2324;33,439;31,814;5,54216;0,225242;0,027176;0,022250;2;run_2
12:42,0;49,6638;5,6605;2348;33,445;31,819;5,63973;0,247937;0,006984;0,006200;2;run_2
12:42,0;49,6680;5,7125;2366;33,452;31,824;5,76492;0,239031;0,020135;0,015707;2;run_2
12:42,0;49,6906;5,6098;2386;33,458;31,829;5,76727;0,255854;0,011518;0,010310;2;run_2
12:42,0;49,6592;5,7591;2407;33,465;31,834;5,94636;0,258091;0,015233;0,013003;2;run_2
12:42,0;49,6654;5,8484;2429;33,471;31,839;6,01464;0,262277;0,024938;0,022873;2;run_2
12:42,1;49,6528;5,8311;2445;33,478;31,844;6,06234;0,267979;-0,022124;-0,018331;2;run_2
12:42,1;49,6374;5,9791;2463;33,485;31,850;6,23429;0,273122;0,020493;0,018983;2;run_2
12:42,1;49,6421;5,9618;2480;33,492;31,855;6,30708;0,273778;-0,014463;-0,011342;2;run_2
12:42,1;49,6342;6,1358;2503;33,499;31,861;6,33800;0,282402;0,028006;0,026023;2;run_2
12:42,1;49,6507;6,0820;2518;33,506;31,866;6,43300;0,277835;-0,003825;-0,004885;2;run_2
12:42,1;49,6627;6,0598;2536;33,513;31,872;6,56833;0,278514;0,032616;0,025791;2;run_2
12:42,1;49,6478;6,1719;2551;33,521;31,877;6,64663;0,282450;-0,002597;-0,002243;2;run_2
12:42,1;49,6163;6,1843;2572;33,528;31,883;6,74392;0,292538;-0,022876;-0,019592;2;run_2
12:42,1;49,6517;6,2665;2587;33,535;31,889;6,79805;0,293598;0,002061;0,000910;2;run_2
12:42,1;49,6306;6,2857;2595;33,543;31,895;6,87196;0,293815;0,006210;0,003942;2;run_2
12:42,2;49,6258;6,4143;2619;33,550;31,901;6,96862;0,297140;-0,022944;-0,018850;2;run_2
12:42,2;49,6312;6,4875;2632;33,558;31,907;7,05525;0,295893;0,001368;0,000754;2;run_2
12:42,2;49,6252;6,4782;2640;33,566;31,913;7,11131;0,310443;-0,006703;-0,007232;2;run_2
12:42,2;49,6249;6,5218;2653;33,574;31,919;7,13488;0,302791;-0,020172;-0,017399;2;run_2
12:42,2;49,6081;6,5399;2669;33,582;31,925;7,19908;0,318386;0,007731;0,007350;2;run_2
12:42,2;49,5961;6,5746;2685;33,590;31,931;7,36439;0,315562;-0,020984;-0,018699;2;run_2
12:42,2;49,6114;6,5297;2700;33,597;31,937;7,44909;0,311148;-0,006793;-0,006087;2;run_2
12:42,2;49,6155;6,6147;2707;33,605;31,944;7,52477;0,320043;0,031925;0,026205;2;run_2
12:42,2;49,5988;6,6111;2719;33,613;31,950;7,52701;0,325627;0,027507;0,023752;2;run_2
12:42,2;49,6039;6,7692;2732;33,621;31,956;7,61102;0,335994;0,007087;0,004624;2;run_2
12:42,3;49,6059;6,6876;2745;33,630;31,962;7,67032;0,331508;-0,013316;-0,011910;2;run_2
12:42,3;49,5846;6,8080;2754;33,638;31,969;7,67500;0,329877;0,030132;0,025708;2;run_2
12:42,3;49,6217;6,7120;2763;33,646;31,975;7,68812;0,335810;-0,027383;-0,024160;2;run_2
12:42,3;49,5522;6,9709;2773;33,654;31,982;7,87196;0,341546;-0,019335;-0,016396;2;run_2
12:42,3;49,5933;6,8025;2784;33,663;31,988;7,93375;0,336432;0,011789;0,010288;2;run_2
12:42,3;49,5858;6,9363;2802;33,671;31,995;7,93494;0,353156;0,029054;0,023989;2;run_2
12:42,3;49,6121;6,8806;2808;33,679;32,001;8,06162;0,344537;-0,008375;-0,005437;2;run_2
12:42,3;49,5722;7,0547;2818;33,688;32,008;8,09546;0,347927;0,027063;0,022782;2;run_2
12:42,3;49,5772;6,9290;2824;33,696;32,015;8,20466;0,354058;-0,000291;-0,001448;2;run_2
12:42,3;49,5728;7,0913;2834;33,705;32,022;8,20962;0,350955;0,024069;0,020938;2;run_2
12:42,4;49,5782;7,1555;2844;33,714;32,029;8,25213;0,360369;0,003085;0,002215;2;run_2
12:42,4;49,5673;7,1116;2851;33,723;32,035;8,32841;0,354223;-0,003559;-0,003730;2;run_2
12:42,4;49,5577;7,1412;2859;33,731;32,042;8,30110;0,356450;0,003120;0,002046;2;run_2
12:42,4;49,5562;7,2402;2873;33,740;32,049;8,41321;0,366310;0,033451;0,028420;2;run_2
12:42,4;49,5512;7,1707;2878;33,749;32,056;8,45107;0,365248;0,004260;0,005103;2;run_2
12:42,4;49,5574;7,2908;2888;33,758;32,063;8,50862;0,358050;0,032730;0,028263;2;run_2
12:42,4;49,5524;7,1709;2899;33,767;32,070;8,52177;0,360859;0,025712;0,018980;2;run_2
12:42,4;49,5684;7,3216;2903;33,776;32,077;8,63365;0,370120;0,033314;0,026662;2;run_2
12:42,4;49,5740;7,2856;2912;33,784;32,084;8,71387;0,366497;-0,028957;-0,025074;2;run_2
12:42,4;49,5450;7,3433;2920;33,793;32,091;8,81054;0,381245;0,015419;0,014006;2;run_2
12:42,5;49,5598;7,3945;2924;33,803;32,098;8,64270;0,381238;0,022008;0,016725;2;run_2
12:42,5;49,5521;7,4255;2930;33,812;32,105;8,78575;0,377239;-0,028064;-0,021296;2;run_2
12:42,5;49,5578;7,2904;2940;33,821;32,112;8,85513;0,384655;-0,013522;-0,012367;2;run_2
12:42,5;49,5572;7,3662;2945;33,830;32,119;8,90800;0,391112;-0,022423;-0,018979;2;run_2
12:42,5;49,5551;7,4411;2950;33,839;32,126;8,96610;0,382082;-0,021932;-0,019200;2;run_2
12:42,5;49,5616;7,4151;2953;33,848;32,133;8,90443;0,379641;-0,032421;-0,027505;2;run_2
12:42,5;49,5513;7,3665;2962;33,857;32,140;8,94462;0,388113;0,021608;0,018510;2;run_2
12:42,5;49,5564;7,4287;2970;33,866;32,147;8,96851;0,395141;-0,010877;-0,007691;2;run_2
12:42,5;49,5428;7,4328;2970;33,875;32,154;8,95089;0,384149;-0,010658;-0,008999;2;run_2
12:42,5;49,5306;7,5165;2977;33,884;32,162;9,09612;0,389939;-0,028543;-0,024229;2;run_2
12:42,6;49,5284;7,5496;2982;33,893;32,169;9,03198;0,394651;0,024537;0,021913;2;run_2
12:42,6;49,5396;7,4538;2989;33,902;32,176;9,08585;0,403602;0,003240;0,003431;2;run_2
12:42,6;49,5238;7,5132;2990;33,911;32,183;9,04498;0,385369;0,032949;0,027034;2;run_2
12:42,6;49,5235;7,5512;2995;33,920;32,190;9,20425;0,394269;0,027206;0,023324;2;run_2
12:42,6;49,5469;7,5198;3007;33,929;32,197;9,26479;0,398225;0,006919;0,006695;2;run_2
12:42,6;49,5404;7,5543;3010;33,939;32,204;9,22914;0,405354;0,032763;0,027536;2;run_2
12:42,6;49,5158;7,5993;3013;33,948;32,211;9,26022;0,396984;0,033336;0,028939;2;run_2
12:42,6;49,5041;7,7420;3020;33,957;32,219;9,33018;0,406203;-0,034519;-0,029386;2;run_2
12:42,6;49,5294;7,6752;3023;33,967;32,226;9,42250;0,400070;-0,019564;-0,018485;2;run_2
12:42,6;49,5084;7,6177;3026;33,976;32,233;9,21696;0,401791;0,000595;0,000917;2;run_2
12:42,7;49,5104;7,6798;3031;33,985;32,241;9,38952;0,400302;-0,033818;-0,027222;2;run_2
12:42,7;49,5424;7,5690;3033;33,994;32,248;9,43444;0,411509;-0,002002;-0,002269;2;run_2
12:42,7;49,5195;7,6490;3039;34,003;32,255;9,43174;0,413281;-0,027184;-0,020725;2;run_2
12:42,7;49,5321;7,6431;3047;34,013;32,262;9,39871;0,405660;0,022305;0,019863;2;run_2
12:42,7;49,5296;7,6913;3051;34,022;32,269;9,51301;0,407291;-0,003717;-0,002568;2;run_2
12:42,7;49,5274;7,6234;3049;34,031;32,276;9,55403;0,410816;-0,028392;-0,025264;2;run_2
12:42,7;49,5028;7,7668;3056;34,040;32,284;9,52670;0,409569;0,027306;0,022388;2;run_2
12:42,7;49,5173;7,7773;3060;34,050;32,291;9,62104;0,407025;0,036627;0,030370;2;run_2
12:42,7;49,5058;7,6920;3062;34,059;32,298;9,63302;0,413534;0,002500;0,002123;2;run_2
12:42,7;49,5027;7,8512;3065;34,068;32,305;9,48168;0,424676;-0,013874;-0,009541;2;run_2
12:42,8;49,5098;7,7904;3068;34,078;32,313;9,59101;0,413344;-0,029635;-0,024504;2;run_2
12:42,8;49,5310;7,7947;3071;34,087;32,320;9,57119;0,417854;-0,032651;-0,028601;2;run_2
12:42,8;49,5112;7,8285;3077;34,096;32,327;9,60185;0,418313;0,030394;0,023953;2;run_2
12:42,8;49,5374;7,7797;3079;34,106;32,334;9,63204;0,420325;-0,025623;-0,020754;2;run_2
12:42,8;49,5247;7,7658;3085;34,115;32,342;9,79726;0,422801;0,033710;0,028167;2;run_2
12:42,8;49,5184;7,8329;3083;34,124;32,349;9,78378;0,418291;0,005554;0,004607;2;run_2
12:42,8;49,5071;7,8770;3086;34,134;32,356;9,74814;0,412699;0,020683;0,016857;2;run_2
12:42,8;49,5241;7,8078;3090;34,143;32,363;9,68132;0,423500;0,011257;0,010275;2;run_2
12:42,8;49,5394;7,8715;3090;34,152;32,371;9,70037;0,423213;-0,007898;-0,005958;2;run_2
12:42,8;49,4991;7,9211;3096;34,162;32,378;9,70670;0,425463;0,028946;0,023839;2;run_2
12:42,9;49,5046;7,8244;3099;34,171;32,385;9,76760;0,419973;0,035331;0,029622;2;run_2
12:42,9;49,5182;7,8794;3096;34,180;32,392;9,76246;0,419940;0,021322;0,017141;2;run_2
12:42,9;49,5134;7,9276;3103;34,190;32,400;9,76757;0,423492;-0,027169;-0,022978;2;run_2
12:42,9;49,4971;7,8409;3103;34,199;32,407;9,85673;0,419380;0,025400;0,021505;2;run_2
12:42,9;49,5075;7,8806;3110;34,208;32,414;9,82230;0,430877;-0,032674;-0,027130;2;run_2
12:42,9;49,4940;7,9520;3112;34,218;32,421;9,84155;0,433804;-0,032312;-0,028074;2;run_2
12:42,9;49,4974;7,9560;3117;34,227;32,428;9,84070;0,421829;-0,028437;-0,022885;2;run_2
12:42,9;49,5050;7,9086;3119;34,237;32,436;9,91466;0,429924;-0,023146;-0,018853;2;run_2
12:42,9;49,4919;7,8576;3115;34,246;32,443;9,87438;0,424890;-0,036985;-0,029813;2;run_2
12:42,9;49,5028;7,9845;3120;34,255;32,450;9,98647;0,429477;-0,021864;-0,018014;2;run_2
12:43,0;49,5189;8,0303;3122;34,265;32,457;9,95850;0,432657;-0,029422;-0,025153;2;run_2
12:43,0;49,5142;7,8843;3123;34,274;32,464;9,94155;0,425769;0,035632;0,030961;2;run_2
12:43,0;49,5070;8,0390;3121;34,283;32,472;9,99401;0,428455;-0,023403;-0,019534;2;run_2
12:43,0;49,4925;7,9954;3127;34,293;32,479;9,98907;0,423176;-0,026522;-0,020954;2;run_2
12:43,0;49,5212;8,0122;3130;34,302;32,486;9,94905;0,431880;-0,014766;-0,013053;2;run_2
12:43,0;49,4929;7,9091;3127;34,311;32,493;9,94242;0,439737;0,008320;0,007099;2;run_2
12:43,0;49,5138;7,9802;3135;34,321;32,500;10,10678;0,438341;-0,026143;-0,021947;2;run_2
12:43,0;49,5100;8,0116;3138;34,330;32,508;9,97151;0,437333;-0,023915;-0,020502;2;run_2
12:43,0;49,4895;7,9195;3130;34,339;32,515;10,01013;0,433263;-0,011826;-0,011996;2;run_2
12:43,0;49,5149;8,0451;3137;34,348;32,522;10,05929;0,431955;0,013438;0,010518;2;run_2
12:43,1;49,5168;7,9244;3136;34,358;32,529;10,06903;0,433377;-0,024812;-0,020774;2;run_2
12:43,1;49,4937;8,0338;3142;34,367;32,536;10,03759;0,432824;0,034986;0,028819;2;run_2
12:43,1;49,5013;8,0622;3141;34,376;32,543;10,10380;0,435822;-0,029003;-0,024633;2;run_2
12:43,1;49,5005;7,9623;3140;34,385;32,550;10,06929;0,442677;0,013201;0,011538;2;run_2
12:43,1;49,4808;8,0865;3147;34,395;32,557;10,11675;0,434437;-0,021296;-0,019698;2;run_2
12:43,1;49,4959;7,9314;3144;34,404;32,564;10,11524;0,434385;-0,031779;-0,026948;2;run_2
12:43,1;49,5116;8,0611;3145;34,413;32,571;10,02861;0,429597;0,029869;0,023984;2;run_2
12:43,1;49,5019;8,0545;3146;34,422;32,579;10,08175;0,431512;-0,004776;-0,003866;2;run_2
12:43,1;49,4853;7,9697;3147;34,431;32,586;10,07708;0,437963;-0,033166;-0,026979;2;run_2
12:43,1;49,4873;7,9748;3150;34,440;32,592;10,09270;0,438925;-0,028685;-0,025258;2;run_2
12:43,2;49,5194;8,0845;3156;34,450;32,600;10,14141;0,434107;-0,011771;-0,009097;2;run_2
12:43,2;49,4871;8,0085;3153;34,459;32,607;10,20491;0,438571;0,019299;0,014943;2;run_2
12:43,2;49,5065;8,1411;3152;34,468;32,614;10,03354;0,443759;-0,006013;-0,006091;2;run_2
12:43,2;49,5119;8,0325;3157;34,477;32,621;10,11519;0,441621;-0,035946;-0,028732;2;run_2
12:43,2;49,5076;8,0319;3152;34,486;32,628;10,13776;0,442200;0,000893;-0,000127;2;run_2
12:43,2;49,5019;7,9994;3159;34,495;32,635;10,20129;0,434149;0,013017;0,010478;2;run_2
12:43,2;49,4940;7,9655;3157;34,504;32,641;10,15760;0,432817;0,033131;0,026569;2;run_2
12:43,2;49,4982;8,0038;3158;34,513;32,648;10,15665;0,430369;-0,000575;-0,001684;2;run_2
12:43,2;49,4995;7,9842;3160;34,522;32,655;10,10797;0,441572;-0,036673;-0,030686;2;run_2
12:43,2;49,4956;8,1249;3165;34,532;32,662;10,12936;0,443780;-0,008001;-0,006785;2;run_2
12:43,3;49,5041;8,0806;3162;34,541;32,669;10,22024;0,434756;0,022202;0,017161;2;run_2
12:43,3;49,5126;8,0548;3168;34,550;32,676;10,17325;0,437531;-0,007902;-0,006397;2;run_2
12:43,3;49,5027;8,0862;3162;34,559;32,683;10,15091;0,443147;0,033578;0,030135;2;run_2
12:43,3;49,5053;8,1373;3163;34,568;32,690;10,16530;0,443077;-0,030834;-0,025986;2;run_2
12:43,3;49,4812;8,1974;3165;34,577;32,697;10,22198;0,440319;-0,033194;-0,028560;2;run_2
12:43,3;49,5155;8,0059;3167;34,586;32,704;10,26518;0,441139;-0,012606;-0,011223;2;run_2
12:43,3;49,5097;7,9807;3167;34,595;32,710;10,27913;0,442787;0,006745;0,004813;2;run_2
12:43,3;49,4916;8,1260;3171;34,604;32,717;10,33379;0,443201;0,031462;0,027327;2;run_2
12:43,3;49,5017;8,0861;3169;34,613;32,724;10,21315;0,441167;0,014515;0,011593;2;run_2
12:43,3;49,4927;8,1899;3172;34,622;32,731;10,23724;0,441139;0,030943;0,025335;2;run_2
12:43,4;49,4772;8,1365;3170;34,631;32,738;10,21805;0,440119;-0,002941;0,000768;2;run_2
12:43,4;49,4855;8,0703;3174;34,640;32,745;10,19947;0,446143;-0,030518;-0,024986;2;run_2
12:43,4;49,4861;8,1087;3173;34,649;32,751;10,27420;0,444326;0,023759;0,022447;2;run_2
12:43,4;49,4843;8,1970;3173;34,658;32,758;10,24853;0,448129;-0,016770;-0,015694;2;run_2
12:43,4;49,4849;8,1736;3172;34,667;32,765;10,24708;0,438401;-0,014471;-0,014267;2;run_2
12:43,4;49,5039;8,0447;3175;34,676;32,772;10,25617;0,441158;-0,022753;-0,020329;2;run_2
12:43,4;49,4987;8,1239;3171;34,685;32,779;10,30442;0,443350;-0,026746;-0,023030;2;run_2
12:43,4;49,4717;8,2020;3175;34,694;32,786;10,23723;0,443132;0,002916;0,002326;2;run_2
12:43,4;49,4899;8,1694;3176;34,703;32,792;10,28953;0,455484;-0,035701;-0,030565;2;run_2
12:43,4;49,4983;8,2082;3176;34,712;32,799;10,26062;0,442156;0,035121;0,028927;2;run_2
12:43,5;49,5181;8,0991;3175;34,721;32,806;10,31020;0,448057;-0,026278;-0,022078;2;run_2
12:43,5;49,5013;8,1286;3177;34,730;32,813;10,32170;0,442384;0,011400;0,009536;2;run_2
12:43,5;49,4850;8,0706;3179;34,739;32,819;10,29848;0,444873;0,034359;0,030370;2;run_2
12:43,5;49,5154;8,1425;3179;34,748;32,826;10,29606;0,448142;-0,035176;-0,027197;2;run_2
12:43,5;49,5127;8,1395;3178;34,756;32,833;10,32542;0,447293;0,031740;0,027964;2;run_2
12:43,5;49,4851;8,0078;3177;34,765;32,839;10,34397;0,442487;-0,021027;-0,020108;2;run_2
12:43,5;49,4904;8,1469;3180;34,774;32,846;10,22467;0,445433;-0,015903;-0,014443;2;run_2
12:43,5;49,4766;8,1711;3180;34,783;32,852;10,27729;0,439127;0,020453;0,017370;2;run_2
12:43,5;49,4603;8,2548;3186;34,792;32,859;10,26125;0,456089;0,019508;0,016721;2;run_2
12:43,5;49,4715;8,1673;3179;34,801;32,866;10,29770;0,445410;-0,000542;-0,002337;2;run_2
12:43,6;49,5145;8,1425;3183;34,809;32,872;10,39814;0,443347;0,010645;0,008969;2;run_2
12:43,6;49,4894;8,0930;3180;34,818;32,879;10,34109;0,444469;0,022806;0,016509;2;run_2
12:43,6;49,4863;8,1027;3178;34,827;32,885;10,26603;0,446079;0,021103;0,017504;2;run_2
12:43,6;49,4827;8,2215;3185;34,835;32,892;10,26532;0,445397;-0,011710;-0,008454;2;run_2
12:43,6;49,4929;8,1877;3180;34,844;32,899;10,30722;0,445307;-0,035852;-0,031901;2;run_2
12:43,6;49,4832;8,1138;3183;34,853;32,905;10,38520;0,442656;-0,034290;-0,028008;2;run_2
12:43,6;49,4995;8,1798;3184;34,862;32,912;10,29574;0,443918;0,017878;0,012875;2;run_2
12:43,6;49,4827;8,1405;3182;34,870;32,918;10,29188;0,452455;-0,030468;-0,025638;2;run_2
12:43,6;49,4861;8,1357;3186;34,879;32,925;10,42128;0,452200;-0,036660;-0,030859;2;run_2
12:43,6;49,4791;8,2075;3187;34,888;32,931;10,35862;0,444054;0,002840;0,002405;2;run_2
12:43,7;49,5022;8,1292;3186;34,896;32,938;10,35305;0,453764;-0,020988;-0,017013;2;run_2
12:43,7;49,4925;8,0800;3184;34,905;32,944;10,41237;0,437580;0,015264;0,014154;2;run_2
12:43,7;49,4738;8,1374;3185;34,913;32,950;10,28566;0,445357;-0,034156;-0,029673;2;run_2
12:43,7;49,4764;8,0598;3187;34,922;32,957;10,38627;0,439200;-0,019046;-0,015316;2;run_2
12:43,7;49,4979;8,1514;3189;34,930;32,963;10,35746;0,441541;0,006722;0,008110;2;run_2
12:43,7;49,4699;8,1024;3187;34,939;32,969;10,33712;0,452093;-0,034776;-0,030662;2;run_2
12:43,7;49,4856;8,1372;3191;34,947;32,976;10,37790;0,445194;-0,025139;-0,020428;2;run_2
12:43,7;49,4899;8,2196;3188;34,956;32,982;10,36822;0,452841;-0,018729;-0,016128;2;run_2
12:43,7;49,4874;8,1427;3191;34,965;32,989;10,35079;0,447747;-0,030029;-0,023899;2;run_2
12:43,7;49,5113;8,1728;3190;34,973;32,995;10,40686;0,447829;0,031909;0,025362;2;run_2
12:43,8;49,4925;8,1727;3186;34,982;33,001;10,34940;0,446375;0,027472;0,020443;2;run_2
12:43,8;49,5083;8,0990;3188;34,990;33,008;10,26355;0,452760;-0,000761;0,000056;2;run_2
12:43,8;49,4667;8,2582;3189;34,999;33,014;10,33176;0,442342;-0,034006;-0,026471;2;run_2
12:43,8;49,5023;8,1656;3189;35,007;33,020;10,40139;0,448371;0,030997;0,026908;2;run_2
12:43,8;49,5004;8,1907;3190;35,016;33,027;10,43302;0,451563;-0,002925;-0,003366;2;run_2
12:43,8;49,4976;8,2432;3192;35,024;33,033;10,48523;0,446616;-0,034612;-0,027169;2;run_2
12:43,8;49,4850;8,1460;3189;35,033;33,039;10,31848;0,455670;-0,031219;-0,026425;2;run_2
12:43,8;49,4944;8,1580;3189;35,041;33,046;10,39556;0,447874;0,031715;0,027850;2;run_2
12:43,8;49,4646;8,1702;3193;35,049;33,052;10,38635;0,450942;-0,013854;-0,011111;2;run_2
12:43,8;49,4827;8,1135;3190;35,058;33,058;10,41541;0,447342;-0,030779;-0,024010;2;run_2
12:43,9;49,4980;8,1255;3197;35,066;33,064;10,49475;0,453613;0,034172;0,028368;2;run_2
12:43,9;49,4717;8,1748;3192;35,074;33,070;10,45755;0,444521;-0,006110;-0,004927;2;run_2
12:43,9;49,4799;8,2407;3187;35,083;33,077;10,40109;0,452772;-0,029471;-0,025339;2;run_2
12:43,9;49,4658;8,2756;3193;35,091;33,083;10,45307;0,446758;0,034886;0,029392;2;run_2
12:43,9;49,5119;8,1012;3196;35,100;33,089;10,46511;0,450556;0,032624;0,027721;2;run_2
12:43,9;49,4917;8,1013;3192;35,108;33,095;10,39989;0,451572;0,025845;0,022295;2;run_2
12:43,9;49,4695;8,1196;3194;35,116;33,101;10,43617;0,443402;-0,011895;-0,008424;2;run_2
12:43,9;49,4841;8,2520;3193;35,124;33,107;10,44824;0,445176;0,029219;0,022829;2;run_2
12:43,9;49,4874;8,1932;3191;35,133;33,113;10,38039;0,454677;-0,004109;-0,003946;2;run_2
12:43,9;49,5002;8,2646;3194;35,141;33,120;10,40432;0,449984;-0,016515;-0,013415;2;run_2
12:44,0;49,4948;8,2200;3197;35,149;33,126;10,47007;0,452207;0,004901;0,005220;2;run_2
12:44,0;49,4822;8,2806;3193;35,158;33,132;10,40565;0,446858;0,008873;0,006099;2;run_2
12:44,0;49,4588;8,2487;3198;35,166;33,138;10,37028;0,449514;-0,036448;-0,028163;2;run_2
12:44,0;49,4684;8,2723;3196;35,175;33,144;10,43432;0,452395;0,000220;-0,001958;2;run_2
12:44,0;49,4589;8,3059;3194;35,183;33,151;10,38335;0,452321;0,030924;0,023477;2;run_2
12:44,0;49,5050;8,1503;3191;35,191;33,157;10,47315;0,454961;0,034287;0,028796;2;run_2
12:44,0;49,4908;8,1152;3195;35,199;33,163;10,44761;0,440858;0,018045;0,015272;2;run_2
12:44,0;49,5055;8,1851;3199;35,207;33,169;10,50927;0,450460;-0,005282;-0,005151;2;run_2
12:44,0;49,4954;8,2411;3199;35,216;33,175;10,45250;0,449167;0,027280;0,021104;2;run_2
12:44,0;49,4745;8,1872;3190;35,224;33,181;10,42053;0,441043;0,036577;0,028810;2;run_2
12:44,1;49,5054;8,1732;3193;35,232;33,187;10,41661;0,444696;0,027498;0,022434;2;run_2
12:44,1;49,5020;8,1477;3191;35,240;33,192;10,38529;0,444028;0,015057;0,014481;2;run_2
12:44,1;49,4818;8,1293;3195;35,248;33,198;10,43406;0,451225;-0,031316;-0,026263;2;run_2
12:44,1;49,4795;8,1956;3194;35,256;33,204;10,31387;0,450417;-0,006663;-0,005843;2;run_2
12:44,1;49,5082;8,0927;3194;35,264;33,210;10,45302;0,451445;0,003848;0,004423;2;run_2
12:44,1;49,5022;8,1618;3196;35,272;33,216;10,39134;0,454006;0,026695;0,021173;2;run_2
12:44,1;49,4805;8,1968;3197;35,280;33,222;10,41256;0,441429;0,013129;0,009610;2;run_2
12:44,1;49,4860;8,1900;3193;35,288;33,228;10,34490;0,450525;-0,009204;-0,009175;2;run_2
12:44,1;49,4740;8,2860;3196;35,296;33,234;10,47931;0,452928;-0,015727;-0,011716;2;run_2
12:44,1;49,4901;8,1871;3200;35,304;33,240;10,45980;0,451292;0,028868;0,024314;2;run_2
12:44,2;49,4687;8,3609;3198;35,313;33,246;10,34136;0,442571;0,017591;0,013777;2;run_2
12:44,2;49,5051;8,0390;3197;35,320;33,251;10,41779;0,446185;-0,033732;-0,028404;2;run_2
12:44,2;49,4996;8,1635;3197;35,328;33,257;10,43806;0,445432;0,033340;0,025659;2;run_2
12:44,2;49,4707;8,2237;3192;35,336;33,263;10,39995;0,445172;0,005067;0,006712;2;run_2
12:44,2;49,5017;8,1675;3193;35,344;33,269;10,32522;0,444663;-0,028248;-0,025320;2;run_2
12:44,2;49,4820;8,1089;3199;35,352;33,274;10,38353;0,445856;0,030965;0,026007;2;run_2
12:44,2;49,4888;8,1239;3195;35,360;33,280;10,40297;0,440352;0,002906;0,001514;2;run_2
12:44,2;49,4845;8,2336;3201;35,368;33,286;10,36812;0,448200;-0,025997;-0,021792;2;run_2
12:44,2;49,4905;8,1543;3194;35,376;33,292;10,41194;0,452453;-0,018611;-0,014402;2;run_2
12:44,2;49,4780;8,1618;3195;35,383;33,297;10,29821;0,450613;-0,033838;-0,026452;2;run_2
12:44,3;49,4932;8,2069;3195;35,391;33,303;10,38092;0,451469;0,035457;0,030610;2;run_2
12:44,3;49,4843;8,1106;3194;35,399;33,309;10,41469;0,444474;-0,012743;-0,012979;2;run_2
12:44,3;49,4895;8,2329;3199;35,407;33,314;10,43281;0,457177;-0,004124;-0,003873;2;run_2
12:44,3;49,4702;8,1415;3199;35,415;33,320;10,38209;0,443961;0,025134;0,019878;2;run_2
12:44,3;49,4860;8,1903;3199;35,422;33,326;10,50300;0,456138;-0,010161;-0,008451;2;run_2
12:44,3;49,4757;8,1860;3199;35,430;33,331;10,48869;0,447222;-0,015915;-0,013406;2;run_2
12:44,3;49,4669;8,2024;3195;35,438;33,337;10,30591;0,457132;0,021404;0,016087;2;run_2
12:44,3;49,4987;8,2440;3202;35,446;33,343;10,50054;0,453332;0,013574;0,011062;2;run_2
12:44,3;49,4918;8,1378;3194;35,454;33,348;10,32892;0,448600;0,027264;0,022361;2;run_2
12:44,3;49,4967;8,1082;3195;35,461;33,354;10,43673;0,450131;0,006180;0,005613;2;run_2
12:44,4;49,4793;8,1761;3203;35,469;33,359;10,38194;0,449886;-0,033430;-0,028386;2;run_2
12:44,4;49,4726;8,1055;3197;35,476;33,365;10,39999;0,447897;0,021706;0,017457;2;run_2
12:44,4;49,5034;8,1481;3195;35,484;33,370;10,49068;0,441138;-0,022855;-0,015935;2;run_2
12:44,4;49,4821;8,2308;3202;35,492;33,376;10,42051;0,448571;0,038031;0,032890;2;run_2
12:44,4;49,4883;8,1803;3198;35,499;33,381;10,43654;0,452958;0,027066;0,020244;2;run_2
12:44,4;49,4820;8,2290;3198;35,507;33,387;10,38094;0,450938;-0,032560;-0,026437;2;run_2
12:44,4;49,5030;8,1932;3197;35,515;33,392;10,36389;0,449260;0,006459;0,006131;2;run_2
12:44,4;49,4995;8,1724;3194;35,522;33,398;10,42566;0,452075;0,009562;0,009819;2;run_2
12:44,4;49,4676;8,2656;3202;35,530;33,404;10,46810;0,448372;-0,025930;-0,022454;2;run_2
12:44,4;49,4679;8,2390;3201;35,538;33,409;10,41181;0,450685;0,022714;0,018010;2;run_2
12:44,5;49,4896;8,1969;3199;35,546;33,415;10,48594;0,446103;0,005232;0,003442;2;run_2
12:44,5;49,4508;8,3213;3197;35,553;33,420;10,51165;0,454209;-0,034348;-0,030924;2;run_2
12:44,5;49,4721;8,1885;3198;35,561;33,426;10,43745;0,458381;0,030623;0,027249;2;run_2
12:44,5;49,4884;8,1177;3199;35,568;33,431;10,40744;0,451061;0,033347;0,027172;2;run_2
12:44,5;49,4706;8,1551;3203;35,576;33,436;10,45961;0,456502;0,027952;0,022781;2;run_2
12:44,5;49,4828;8,1419;3194;35,583;33,442;10,42068;0,452224;0,034564;0,028303;2;run_2
12:44,5;49,4736;8,2574;3202;35,591;33,447;10,40326;0,454563;0,036296;0,031391;2;run_2
12:44,5;49,4823;8,1701;3202;35,598;33,453;10,52406;0,455542;-0,036117;-0,030062;2;run_2
12:44,5;49,5123;8,1814;3197;35,606;33,458;10,47786;0,446842;0,025559;0,023724;2;run_2
12:44,5;49,4833;8,2166;3201;35,613;33,463;10,46207;0,447020;-0,015487;-0,011373;2;run_2
12:44,6;49,4957;8,2259;3202;35,621;33,469;10,43829;0,449713;0,035200;0,030087;2;run_2
12:44,6;49,4727;8,1915;3198;35,628;33,474;10,50359;0,440916;0,026624;0,023309;2;run_2
12:44,6;49,4724;8,1398;3200;35,636;33,479;10,46471;0,451823;0,005887;0,003806;2;run_2
12:44,6;49,4844;8,1933;3195;35,643;33,485;10,42971;0,456865;-0,034457;-0,028524;2;run_2
12:44,6;49,4827;8,1752;3197;35,651;33,490;10,44265;0,448497;-0,016132;-0,014815;2;run_2
12:44,6;49,5039;8,1687;3197;35,658;33,495;10,41414;0,449944;0,033726;0,029347;2;run_2
12:44,6;49,4636;8,2394;3196;35,665;33,501;10,43808;0,450344;0,003609;0,003028;2;run_2
12:44,6;49,4754;8,1666;3199;35,673;33,506;10,46388;0,449070;-0,020538;-0,017499;2;run_2
12:44,6;49,4853;8,1388;3200;35,680;33,511;10,46373;0,450746;0,030691;0,025007;2;run_2
12:44,6;49,4720;8,2500;3199;35,688;33,516;10,48411;0,452843;-0,024140;-0,019835;2;run_2
12:44,7;49,4760;8,2629;3203;35,695;33,522;10,42332;0,450481;-0,026064;-0,020975;2;run_2
12:44,7;49,4948;8,1265;3197;35,702;33,527;10,43115;0,446794;0,013868;0,011816;2;run_2
12:44,7;49,4747;8,1679;3198;35,710;33,532;10,34935;0,447647;0,020552;0,017077;2;run_2
12:44,7;49,4758;8,2564;3197;35,717;33,537;10,46014;0,456103;0,013220;0,010530;2;run_2
12:44,7;49,4885;8,2432;3197;35,724;33,543;10,47346;0,444693;-0,022072;-0,019141;2;run_2
12:44,7;49,4974;8,2454;3201;35,732;33,548;10,45070;0,451337;0,036273;0,031168;2;run_2
12:44,7;49,4963;8,1267;3200;35,739;33,553;10,39620;0,451420;-0,005658;-0,003206;2;run_2
12:44,7;49,4889;8,1664;3196;35,746;33,558;10,43589;0,444426;0,013037;0,009846;2;run_2
12:44,7;49,4751;8,1628;3200;35,753;33,563;10,37054;0,453016;-0,006558;-0,005700;2;run_2
12:44,7;49,4906;8,1559;3203;35,761;33,568;10,48410;0,443914;-0,024731;-0,018812;2;run_2
12:44,8;49,4818;8,1350;3195;35,768;33,573;10,40733;0,449624;-0,026057;-0,021221;2;run_2
12:44,8;49,5036;8,1193;3198;35,775;33,578;10,33640;0,446601;-0,014111;-0,012352;2;run_2
12:44,8;49,4967;8,1587;3201;35,782;33,583;10,41864;0,446157;-0,033577;-0,025728;2;run_2
12:44,8;49,4737;8,2746;3200;35,789;33,589;10,48016;0,449588;0,035202;0,028412;2;run_2
12:44,8;49,4824;8,2644;3202;35,797;33,594;10,47609;0,448120;0,029172;0,021502;2;run_2
12:44,8;49,4776;8,2943;3196;35,804;33,599;10,38085;0,454690;-0,034931;-0,030440;2;run_2
12:44,8;49,4949;8,1931;3201;35,811;33,604;10,46355;0,456587;0,020316;0,016416;2;run_2
12:44,8;49,4858;8,2723;3204;35,818;33,609;10,50744;0,456247;0,014176;0,013316;2;run_2
12:44,8;49,4672;8,2524;3197;35,826;33,614;10,41432;0,455396;0,018909;0,015023;2;run_2
12:44,8;49,4896;8,1488;3201;35,833;33,619;10,37269;0,447950;-0,033610;-0,026989;2;run_2
12:44,9;49,4640;8,2483;3198;35,840;33,624;10,45231;0,451987;-0,033274;-0,026983;2;run_2
12:44,9;49,4993;8,1865;3198;35,847;33,629;10,47616;0,446853;0,036244;0,030232;2;run_2
12:44,9;49,4747;8,3100;3199;35,854;33,635;10,36032;0,449638;-0,030667;-0,024481;2;run_2
12:44,9;49,4690;8,2401;3201;35,861;33,640;10,46837;0,453590;-0,031781;-0,026929;2;run_2
12:44,9;49,4855;8,2419;3197;35,868;33,645;10,54297;0,457355;-0,033682;-0,029343;2;run_2
12:44,9;49,4742;8,2545;3200;35,876;33,650;10,47102;0,450606;-0,037476;-0,032114;2;run_2
12:44,9;49,4989;8,2331;3199;35,883;33,655;10,45322;0,443973;-0,007314;-0,005975;2;run_2
12:44,9;49,4744;8,1237;3198;35,890;33,660;10,48673;0,447462;0,010703;0,011844;2;run_2
12:44,9;49,4904;8,2570;3202;35,897;33,665;10,44748;0,458819;-0,027316;-0,022459;2;run_2
12:44,9;49,4811;8,1599;3195;35,904;33,669;10,47090;0,451461;-0,010333;-0,009319;2;run_2
12:45,0;49,4817;8,0944;3198;35,910;33,674;10,34282;0,453169;-0,022855;-0,018679;2;run_2
12:45,0;49,4978;8,1706;3202;35,917;33,679;10,54927;0,445443;0,036400;0,030206;2;run_2
12:45,0;49,4924;8,2323;3201;35,924;33,684;10,43591;0,454589;-0,003469;-0,004076;2;run_2
12:45,0;49,5000;8,1894;3202;35,931;33,689;10,45430;0,458991;0,035742;0,029769;2;run_2
12:45,0;49,4615;8,3007;3201;35,939;33,694;10,50500;0,452590;-0,016424;-0,016213;2;run_2
12:45,0;49,4772;8,2213;3200;35,946;33,699;10,50038;0,451669;-0,016788;-0,014304;2;run_2
12:45,0;49,5080;8,2005;3197;35,952;33,704;10,38035;0,451675;0,011417;0,009019;2;run_2
12:45,0;49,4874;8,2689;3202;35,959;33,709;10,51444;0,455413;0,017223;0,013096;2;run_2
12:45,0;49,4833;8,2254;3201;35,966;33,713;10,41814;0,457509;-0,030533;-0,025013;2;run_2
12:45,0;49,4871;8,2563;3199;35,973;33,718;10,36980;0,440418;-0,026100;-0,023632;2;run_2
12:45,1;49,4664;8,2552;3203;35,980;33,723;10,38604;0,456235;0,032370;0,027053;2;run_2
12:45,1;49,4806;8,1161;3195;35,987;33,728;10,47252;0,448828;0,032759;0,025677;2;run_2
12:45,1;49,4689;8,1729;3201;35,994;33,733;10,39748;0,446002;-0,025452;-0,021133;2;run_2
12:45,1;49,4751;8,2835;3197;36,001;33,738;10,46115;0,452018;-0,032239;-0,028001;2;run_2
12:45,1;49,4776;8,1392;3200;36,008;33,742;10,42707;0,451713;-0,034564;-0,027050;2;run_2
12:45,1;49,4645;8,2425;3200;36,015;33,747;10,39711;0,457556;0,035258;0,029362;2;run_2
12:45,1;49,5020;8,1678;3201;36,021;33,752;10,47715;0,452524;-0,005613;-0,001351;2;run_2
12:45,1;49,4873;8,2903;3195;36,028;33,757;10,41948;0,442903;-0,000171;-0,000946;2;run_2
12:45,1;49,4765;8,1879;3203;36,035;33,761;10,53481;0,449955;0,010211;0,005953;2;run_2
12:45,1;49,4637;8,2408;3200;36,042;33,766;10,48765;0,449536;0,017985;0,012360;2;run_2
12:45,2;49,5055;8,1808;3200;36,049;33,771;10,43337;0,458920;-0,002642;-0,004180;2;run_2
12:45,2;49,4769;8,2303;3201;36,055;33,776;10,52181;0,450564;-0,035625;-0,029908;2;run_2
12:45,2;49,4674;8,2716;3198;36,062;33,780;10,52688;0,444876;-0,032368;-0,027111;2;run_2
12:45,2;49,4900;8,2203;3200;36,069;33,785;10,48069;0,449176;-0,033647;-0,027251;2;run_2
12:45,2;49,4853;8,2454;3201;36,076;33,790;10,51233;0,450209;0,023897;0,017718;2;run_2
12:45,2;49,4935;8,2474;3199;36,083;33,795;10,36132;0,457685;0,012563;0,010632;2;run_2
12:45,2;49,4922;8,1637;3200;36,089;33,799;10,45521;0,455017;0,026122;0,021438;2;run_2
12:45,2;49,4788;8,1618;3196;36,096;33,804;10,40384;0,449561;0,018828;0,015994;2;run_2
12:45,2;49,4669;8,1757;3202;36,103;33,808;10,43323;0,462935;-0,014837;-0,012222;2;run_2
12:45,2;49,4867;8,2389;3198;36,109;33,813;10,51098;0,452444;-0,005840;-0,006633;2;run_2
12:45,3;49,5022;8,1751;3201;36,116;33,817;10,49825;0,460030;-0,014344;-0,010956;2;run_2
12:45,3;49,4809;8,2245;3200;36,123;33,822;10,41909;0,445543;-0,033944;-0,027783;2;run_2
12:45,3;49,4938;8,1868;3199;36,129;33,827;10,47338;0,450744;0,028290;0,023338;2;run_2
12:45,3;49,4838;8,1742;3203;36,136;33,831;10,38036;0,450879;0,005301;0,005684;2;run_2
12:45,3;49,4819;8,1474;3199;36,142;33,836;10,51775;0,455343;0,030623;0,022591;2;run_2
12:45,3;49,4861;8,0988;3198;36,149;33,840;10,56281;0,450937;-0,021966;-0,018771;2;run_2
12:45,3;49,4854;8,1959;3202;36,155;33,845;10,43821;0,454445;-0,026043;-0,020032;2;run_2
12:45,3;49,4650;8,2301;3204;36,162;33,849;10,48846;0,444785;-0,034140;-0,030689;2;run_2
12:45,3;49,4854;8,2734;3198;36,169;33,854;10,42022;0,448912;0,035813;0,028403;2;run_2
12:45,3;49,4930;8,1784;3198;36,175;33,858;10,43449;0,449870;-0,036577;-0,029239;2;run_2
12:45,4;49,4727;8,3031;3200;36,182;33,863;10,40695;0,456172;-0,031500;-0,025447;2;run_2
12:45,4;49,4973;8,1199;3196;36,188;33,867;10,44628;0,451814;-0,003779;-0,002736;2;run_2
12:45,4;49,4937;8,1444;3199;36,195;33,872;10,37048;0,449748;0,000153;0,001882;2;run_2
12:45,4;49,5143;8,1890;3199;36,201;33,876;10,45374;0,448685;0,025335;0,021233;2;run_2
12:45,4;49,4557;8,2575;3201;36,208;33,881;10,47327;0,443478;-0,014354;-0,011607;2;run_2
12:45,4;49,4793;8,2591;3197;36,214;33,885;10,43290;0,453039;-0,031495;-0,027000;2;run_2
12:45,4;49,4794;8,2882;3199;36,221;33,890;10,45465;0,447417;-0,036196;-0,030527;2;run_2
12:45,4;49,4534;8,2134;3200;36,227;33,894;10,47289;0,453194;0,004114;0,004829;2;run_2
12:45,4;49,4798;8,2043;3200;36,234;33,899;10,48760;0,448371;-0,004647;-0,004209;2;run_2
12:45,4;49,4891;8,1513;3199;36,240;33,903;10,40151;0,442717;0,035191;0,029299;2;run_2
12:45,5;49,4825;8,1191;3197;36,246;33,907;10,37739;0,446921;-0,005629;-0,005519;2;run_2
12:45,5;49,4663;8,1958;3200;36,253;33,912;10,44412;0,448422;0,010858;0,008326;2;run_2
12:45,5;49,4820;8,1754;3203;36,259;33,916;10,44428;0,449896;-0,029351;-0,024012;2;run_2
12:45,5;49,4741;8,1873;3202;36,266;33,920;10,42215;0,447973;-0,024194;-0,019546;2;run_2
12:45,5;49,4677;8,2785;3199;36,272;33,925;10,43617;0,448085;0,006746;0,007649;2;run_2
12:45,5;49,5010;7,9818;3120;36,278;33,929;9,91442;0,425430;-0,007971;-0,006446;0;idle
12:45,5;49,4994;7,7956;3043;36,284;33,933;9,37762;0,413552;0,011451;0,008957;0;idle
12:45,5;49,5586;7,3958;2972;36,288;33,936;9,06630;0,389452;-0,031014;-0,026212;0;idle
12:45,5;49,5486;7,2416;2899;36,293;33,938;8,54380;0,363386;-0,023534;-0,019206;0;idle
12:45,5;49,5964;6,8754;2825;36,297;33,941;8,17938;0,356341;-0,020491;-0,017190;0;idle
12:45,6;49,5922;6,7910;2752;36,301;33,943;7,74718;0,331949;-0,030732;-0,027052;0;idle
12:45,6;49,6017;6,5292;2684;36,304;33,944;7,33197;0,315403;-0,028542;-0,023629;0;idle
12:45,6;49,6003;6,3748;2622;36,307;33,946;7,03089;0,304040;-0,030833;-0,026252;0;idle
12:45,6;49,6261;6,2196;2556;36,309;33,947;6,73569;0,278971;0,008238;0,008325;0;idle
12:45,6;49,6533;5,9760;2491;36,311;33,948;6,28453;0,276551;0,008116;0,007896;0;idle
12:45,6;49,6944;5,7780;2435;36,313;33,948;5,98633;0,265746;0,016190;0,012929;0;idle
12:45,6;49,6590;5,6998;2369;36,315;33,949;5,70113;0,251596;-0,022263;-0,018920;0;idle
12:45,6;49,6691;5,4655;2312;36,316;33,949;5,43540;0,233913;-0,009952;-0,007500;0;idle
12:45,6;49,6900;5,4783;2257;36,317;33,949;5,15648;0,221111;-0,025299;-0,021085;0;idle
12:45,6;49,7015;5,2352;2201;36,318;33,948;4,96172;0,209535;-0,021857;-0,017380;0;idle
12:45,7;49,7059;5,0178;2151;36,318;33,947;4,70692;0,208670;-0,024776;-0,020010;0;idle
12:45,7;49,7447;4,8905;2090;36,318;33,947;4,40618;0,185832;-0,025060;-0,020358;0;idle
12:45,7;49,7272;4,7817;2041;36,318;33,945;4,24793;0,187608;0,005382;0,006072;0;idle
12:45,7;49,7721;4,6482;1987;36,318;33,944;3,95966;0,169726;0,021905;0,018028;0;idle
12:45,7;49,7626;4,5677;1942;36,317;33,943;3,89884;0,164846;0,025265;0,019879;0;idle
12:45,7;49,7578;4,4739;1892;36,317;33,941;3,58924;0,156901;0,019852;0,016167;0;idle
12:45,7;49,7756;4,2137;1845;36,316;33,939;3,41243;0,147228;-0,013862;-0,012144;0;idle
12:45,7;49,7864;4,2499;1806;36,315;33,937;3,32981;0,142593;-0,020837;-0,018133;0;idle
12:45,7;49,7831;4,1217;1755;36,313;33,935;3,10509;0,128398;0,010087;0,009025;0;idle
12:45,7;49,8101;3,9566;1710;36,312;33,933;2,96819;0,125667;0,012480;0,010486;0;idle
12:45,8;49,7965;3,8904;1668;36,310;33,930;2,79079;0,120057;-0,016650;-0,012238;0;idle
12:45,8;49,8097;3,8194;1627;36,308;33,928;2,69313;0,121250;0,017440;0,016773;0;idle
12:45,8;49,8100;3,7634;1592;36,306;33,925;2,55911;0,113269;0,000098;-0,000210;0;idle
12:45,8;49,8340;3,6130;1551;36,304;33,922;2,47917;0,107373;-0,016224;-0,015373;0;idle
12:45,8;49,8391;3,5372;1511;36,301;33,919;2,39001;0,091567;0,020234;0,017276;0;idle
12:45,8;49,8458;3,4470;1473;36,299;33,916;2,21961;0,099733;0,007611;0,006917;0;idle
12:45,8;49,8442;3,3457;1436;36,296;33,912;2,21066;0,098084;-0,016027;-0,014380;0;idle
12:45,8;49,8444;3,3455;1403;36,293;33,909;1,98623;0,087739;-0,018390;-0,018377;0;idle
12:45,8;49,8466;3,1836;1368;36,290;33,906;1,82397;0,073783;0,011737;0,010745;0;idle
12:45,8;49,8483;3,2462;1340;36,287;33,902;1,91679;0,081142;0,015384;0,010946;0;idle
12:45,9;49,8699;3,1003;1300;36,284;33,898;1,71370;0,070944;-0,009788;-0,009308;0;idle
12:45,9;49,8923;2,9895;1269;36,281;33,895;1,61053;0,071634;0,017000;0,010712;0;idle
12:45,9;49,8778;3,0278;1237;36,277;33,891;1,59728;0,061652;-0,001210;-0,000213;0;idle
12:45,9;49,8934;2,8812;1207;36,274;33,887;1,54335;0,060924;0,000471;0,002231;0;idle
12:45,9;49,8910;2,8420;1175;36,270;33,883;1,41021;0,065545;0,008782;0,006394;0;idle
12:45,9;49,8808;2,9080;1148;36,267;33,879;1,36026;0,062880;0,011284;0,011043;0;idle
12:45,9;49,9100;2,7015;1124;36,263;33,875;1,22934;0,054163;-0,014323;-0,011783;0;idle
12:45,9;49,9047;2,7741;1090;36,259;33,870;1,20412;0,044270;0,005908;0,004406;0;idle
12:45,9;49,9211;2,5211;1065;36,255;33,866;1,16357;0,051653;-0,010694;-0,008341;0;idle
12:45,9;49,9134;2,5755;1039;36,251;33,862;1,17586;0,045600;0,012706;0,009763;0;idle
12:46,0;49,9268;2,5809;1013;36,247;33,857;1,02747;0,054168;0,009891;0,007891;0;idle
12:46,0;49,8787;2,5736;986;36,242;33,853;1,01202;0,042072;0,010152;0,008158;0;idle
12:46,0;49,9222;2,4315;965;36,238;33,848;1,01770;0,039746;-0,000288;-0,001934;0;idle
12:46,0;49,9367;2,4434;938;36,234;33,844;0,80122;0,038205;0,005578;0,006287;0;idle
12:46,0;49,9261;2,4854;918;36,229;33,839;0,81975;0,032544;-0,014328;-0,012883;0;idle
12:46,0;49,9141;2,3327;895;36,225;33,834;0,82490;0,029570;-0,011567;-0,009960;0;idle
12:46,0;49,9160;2,3770;875;36,221;33,830;0,82641;0,040705;-0,009878;-0,006993;0;idle
12:46,0;49,9314;2,2723;850;36,216;33,825;0,82608;0,030786;0,012246;0,009001;0;idle
12:46,0;49,9439;2,1927;828;36,211;33,820;0,69816;0,032395;0,006854;0,005116;0;idle
12:46,0;49,9431;2,1224;809;36,206;33,815;0,66588;0,026522;-0,001731;-0,002872;0;idle
12:46,1;49,9370;2,1429;789;36,201;33,810;0,65513;0,029566;-0,009017;-0,006527;0;idle
12:46,1;49,9237;2,2641;768;36,197;33,805;0,55359;0,022042;-0,006402;-0,007080;0;idle
12:46,1;49,9307;2,1797;751;36,192;33,800;0,61213;0,028787;-0,010590;-0,009289;0;idle
12:46,1;49,9241;2,2326;733;36,187;33,795;0,46476;0,023461;0,005073;0,004380;0;idle
12:46,1;49,9489;2,0181;713;36,182;33,790;0,40768;0,030021;-0,009041;-0,010467;0;idle
12:46,1;49,9604;1,9553;698;36,177;33,785;0,45188;0,021328;-0,003402;-0,000794;0;idle
12:46,1;49,9408;1,9480;676;36,172;33,780;0,54433;0,020965;-0,010480;-0,007491;0;idle
12:46,1;49,9632;1,9626;664;36,167;33,774;0,50252;0,018259;-0,003591;-0,004019;0;idle
12:46,1;49,9607;1,9083;642;36,162;33,769;0,42061;0,020345;0,004951;0,004055;0;idle
12:46,1;49,9393;1,9902;628;36,157;33,764;0,43095;0,016420;-0,009019;-0,007569;0;idle
12:46,2;49,9495;1,9308;614;36,151;33,759;0,38039;0,020679;0,010460;0,009026;0;idle
12:46,2;49,9616;1,8664;601;36,146;33,753;0,30480;0,015084;-0,009390;-0,007863;0;idle
12:46,2;49,9605;1,9492;586;36,141;33,748;0,34372;0,020035;-0,002532;-0,002294;0;idle
12:46,2;49,9664;1,8985;574;36,136;33,743;0,34772;0,013316;-0,007728;-0,007371;0;idle
12:46,2;49,9535;1,8620;552;36,131;33,738;0,22979;0,016192;-0,005272;-0,004623;0;idle
12:46,2;49,9511;1,8665;543;36,125;33,732;0,36648;0,014935;-0,008501;-0,007783;0;idle
12:46,2;49,9699;1,7303;523;36,120;33,727;0,31711;0,012613;0,008763;0,009093;0;idle
12:46,2;49,9817;1,7888;512;36,115;33,722;0,21543;0,010690;0,006346;0,007120;0;idle
12:46,2;49,9769;1,7034;504;36,109;33,716;0,27500;0,015699;-0,003322;-0,004852;0;idle
12:46,2;49,9801;1,7515;491;36,104;33,711;0,18944;0,015636;0,006877;0,005934;0;idle
12:46,3;49,9558;1,7206;479;36,098;33,705;0,27905;0,000000;-0,008622;-0,007198;0;idle
12:46,3;49,9578;1,7541;469;36,093;33,700;0,20252;0,004681;-0,002769;-0,004341;0;idle
12:46,3;49,9729;1,6241;455;36,087;33,694;0,24568;0,002095;0,008106;0,005990;0;idle
12:46,3;49,9605;1,6557;446;36,082;33,689;0,20920;0,011942;0,002245;0,001174;0;idle
12:46,3;49,9740;1,6547;435;36,076;33,683;0,16385;0,013184;0,001200;0,002433;0;idle
12:46,3;49,9822;1,6248;420;36,071;33,678;0,17679;0,002626;-0,007472;-0,006032;0;idle
12:46,3;49,9856;1,6763;408;36,065;33,672;0,18104;0,008631;0,005116;0,005219;0;idle
12:46,3;49,9648;1,6180;399;36,059;33,667;0,18034;0,013263;-0,001728;-0,001429;0;idle
12:46,3;49,9748;1,5891;392;36,054;33,661;0,15116;0,007800;0,006200;0,004804;0;idle
12:46,3;49,9769;1,5378;382;36,048;33,656;0,14683;0,008481;0,001151;0,001289;0;idle
12:46,4;49,9941;1,5882;372;36,042;33,650;0,14861;0,007734;0,003082;0,003650;0;idle
12:46,4;49,9722;1,6391;364;36,037;33,645;0,09082;0,003697;-0,005029;-0,004791;0;idle
12:46,4;49,9834;1,5622;357;36,031;33,639;0,14520;0,007959;-0,002638;-0,002219;0;idle
12:46,4;49,9852;1,5502;349;36,026;33,634;0,12131;0,010927;0,001569;-0,000095;0;idle
12:46,4;49,9806;1,4890;340;36,020;33,628;0,11319;0,007466;0,009112;0,008261;0;idle
12:46,4;49,9999;1,5013;331;36,014;33,622;0,04629;0,004486;-0,004358;-0,003329;0;idle
12:46,4;49,9989;1,5603;317;36,009;33,617;0,14793;0,004471;-0,003405;-0,001509;0;idle
12:46,4;49,9865;1,4523;313;36,003;33,611;0,08252;0,011349;0,005420;0,003571;0;idle
12:46,4;50,0010;1,4029;306;35,997;33,606;0,14036;0,000000;-0,007073;-0,005023;0;idle
12:46,4;50,0070;1,4307;302;35,991;33,600;0,04737;0,008693;0,006643;0,005293;0;idle
12:46,5;49,9962;1,3946;287;35,985;33,594;0,15013;0,000000;0,009135;0,007774;0;idle
12:46,5;49,9946;1,4371;283;35,979;33,589;0,16704;0,003155;0,004931;0,005709;0;idle
12:46,5;50,0058;1,4119;279;35,974;33,583;0,04157;0,006200;-0,005542;-0,004499;0;idle
12:46,5;49,9849;1,4594;272;35,968;33,577;0,10670;0,009686;0,006543;0,005703;0;idle
12:46,5;50,0094;1,3495;261;35,962;33,572;0,08813;0,000685;0,004936;0,005736;0;idle
12:46,5;49,9798;1,6055;370;35,957;33,566;0,18214;0,000000;-0,002415;-0,000982;3;run_3
12:46,5;50,0079;1,5503;475;35,951;33,561;0,26129;0,006018;0,001626;0,000989;3;run_3
12:46,5;49,9726;1,8601;579;35,946;33,556;0,32680;0,018088;0,001491;0,001192;3;run_3
12:46,5;49,9447;1,9602;679;35,941;33,551;0,49908;0,023914;0,009476;0,008692;3;run_3
12:46,5;49,9323;2,0663;772;35,937;33,547;0,59871;0,024633;-0,010320;-0,007940;3;run_3
12:46,6;49,9155;2,3555;865;35,933;33,543;0,71175;0,037873;-0,007733;-0,008724;3;run_3
12:46,6;49,9252;2,5297;956;35,929;33,539;0,92487;0,038088;0,012064;0,010748;3;run_3
12:46,6;49,9090;2,5697;1047;35,926;33,535;1,12373;0,051122;-0,010664;-0,009441;3;run_3
12:46,6;49,8865;2,7613;1134;35,922;33,532;1,35724;0,058750;0,013878;0,011712;3;run_3
12:46,6;49,8609;3,0523;1224;35,920;33,529;1,56675;0,067801;-0,003150;-0,000226;3;run_3
12:46,6;49,8309;3,2025;1305;35,917;33,526;1,67397;0,073561;0,017276;0,014573;3;run_3
12:46,6;49,8582;3,2907;1385;35,915;33,524;1,98196;0,081306;-0,008870;-0,006611;3;run_3
12:46,6;49,8415;3,4674;1466;35,913;33,521;2,17712;0,096239;0,013028;0,010383;3;run_3
12:46,6;49,8296;3,6538;1544;35,912;33,519;2,55018;0,110108;0,013304;0,011983;3;run_3
12:46,6;49,8000;3,8298;1617;35,911;33,518;2,65107;0,116759;0,017681;0,013079;3;run_3
12:46,7;49,8088;4,0209;1694;35,910;33,516;2,93468;0,124437;0,013623;0,010240;3;run_3
12:46,7;49,7889;4,0751;1763;35,909;33,515;3,21812;0,134676;0,021459;0,018521;3;run_3
12:46,7;49,7832;4,2466;1833;35,909;33,514;3,45626;0,152428;-0,023484;-0,020062;3;run_3
12:46,7;49,7420;4,5292;1904;35,909;33,513;3,67439;0,161428;0,010236;0,008375;3;run_3
12:46,7;49,7604;4,5542;1965;35,909;33,513;3,88475;0,166515;0,024006;0,020874;3;run_3
12:46,7;49,7360;4,7976;2033;35,909;33,513;4,24693;0,190822;0,023878;0,018776;3;run_3
12:46,7;49,7245;4,9680;2094;35,910;33,513;4,39482;0,189562;0,021376;0,017979;3;run_3
12:46,7;49,7150;5,1933;2161;35,912;33,513;4,71771;0,211277;0,022274;0,018864;3;run_3
12:46,7;49,7075;5,3368;2221;35,913;33,514;5,08388;0,221945;-0,021815;-0,018720;3;run_3
12:46,7;49,6850;5,3551;2278;35,915;33,515;5,24226;0,221814;-0,030125;-0,023695;3;run_3
12:46,8;49,6874;5,5335;2335;35,917;33,516;5,53617;0,235677;-0,029878;-0,025154;3;run_3
12:46,8;49,6747;5,7045;2393;35,919;33,517;5,86893;0,256866;0,005916;0,005116;3;run_3
12:46,8;49,6521;5,8520;2449;35,922;33,519;6,05188;0,256762;-0,024183;-0,022346;3;run_3
12:46,8;49,6491;6,0908;2502;35,925;33,521;6,42403;0,281102;0,003641;0,001668;3;run_3
12:46,8;49,6261;6,1914;2554;35,928;33,523;6,69282;0,288137;0,026304;0,022458;3;run_3
12:46,8;49,6287;6,3151;2602;35,932;33,525;6,92970;0,304855;0,019505;0,016409;3;run_3
12:46,8;49,5912;6,5637;2650;35,936;33,528;7,13334;0,298206;-0,028856;-0,024199;3;run_3
12:46,8;49,6043;6,5961;2701;35,939;33,530;7,47767;0,320539;-0,031493;-0,028452;3;run_3
12:46,8;49,5867;6,7956;2748;35,944;33,533;7,60297;0,334155;-0,030993;-0,026587;3;run_3
12:46,8;49,5650;6,8525;2792;35,948;33,536;7,94523;0,341154;0,029997;0,025100;3;run_3
12:46,9;49,5784;7,0088;2834;35,953;33,540;8,11882;0,353427;0,033296;0,028307;3;run_3
12:46,9;49,5471;7,2460;2876;35,958;33,543;8,44572;0,361628;-0,012041;-0,009548;3;run_3
12:46,9;49,5373;7,3501;2922;35,963;33,547;8,76447;0,381406;0,006028;0,004362;3;run_3
12:46,9;49,5380;7,2899;2960;35,969;33,551;8,91792;0,392727;-0,034778;-0,028510;3;run_3
12:46,9;49,5365;7,5457;3006;35,974;33,555;9,16355;0,390668;-0,026788;-0,024101;3;run_3
12:46,9;49,5359;7,6016;3045;35,980;33,559;9,42803;0,410867;0,029478;0,026882;3;run_3
12:46,9;49,5173;7,8061;3079;35,986;33,564;9,69173;0,417198;-0,022910;-0,018339;3;run_3
12:46,9;49,4983;7,9211;3122;35,992;33,569;9,89687;0,420065;0,032972;0,026180;3;run_3
12:46,9;49,5083;7,9757;3157;35,999;33,573;10,10707;0,434324;0,005445;0,004576;3;run_3
12:46,9;49,4606;8,2561;3190;36,006;33,579;10,45595;0,451239;0,025930;0,020519;3;run_3
12:47,0;49,4899;8,2468;3227;36,013;33,584;10,55191;0,456988;-0,029286;-0,023416;3;run_3
12:47,0;49,4610;8,4255;3260;36,020;33,589;10,84429;0,473186;-0,002986;-0,002899;3;run_3
12:47,0;49,4620;8,5087;3293;36,027;33,595;11,07722;0,478999;0,027642;0,023341;3;run_3
12:47,0;49,4505;8,6495;3326;36,035;33,601;11,32233;0,492492;-0,037355;-0,030246;3;run_3
12:47,0;49,4422;8,8387;3358;36,043;33,607;11,51411;0,489116;-0,013518;-0,010927;3;run_3
12:47,0;49,4173;8,8544;3391;36,051;33,613;11,74073;0,505366;0,005621;0,004648;3;run_3
12:47,0;49,4257;8,9909;3420;36,059;33,619;11,86564;0,509046;0,016400;0,011533;3;run_3
12:47,0;49,4249;9,0894;3450;36,067;33,626;12,10786;0,517674;-0,026309;-0,020189;3;run_3
12:47,0;49,4148;9,1750;3477;36,076;33,632;12,35959;0,526175;0,009071;0,007190;3;run_3
12:47,0;49,3879;9,2616;3507;36,085;33,639;12,47390;0,545265;0,004355;0,003478;3;run_3
12:47,1;49,3980;9,3417;3530;36,094;33,646;12,75950;0,549062;0,024487;0,018173;3;run_3
12:47,1;49,3921;9,4747;3559;36,103;33,653;12,98128;0,550246;-0,015846;-0,012825;3;run_3
12:47,1;49,3797;9,5814;3584;36,112;33,660;13,06260;0,558690;-0,033786;-0,026049;3;run_3
12:47,1;49,3790;9,5732;3605;36,121;33,667;13,24937;0,561705;-0,039678;-0,029929;3;run_3
12:47,1;49,3366;9,8251;3632;36,131;33,674;13,53376;0,574165;0,016410;0,012788;3;run_3
12:47,1;49,3493;9,8354;3656;36,140;33,682;13,56838;0,593885;-0,039232;-0,030682;3;run_3
12:47,1;49,3572;9,8834;3682;36,150;33,689;13,80053;0,600576;-0,040675;-0,033016;3;run_3
12:47,1;49,3630;9,9775;3700;36,160;33,697;13,93466;0,606887;0,042464;0,035543;3;run_3
12:47,1;49,3428;10,0793;3722;36,170;33,705;14,17174;0,609890;-0,018139;-0,015116;3;run_3
12:47,1;49,3374;10,0827;3747;36,180;33,713;14,27368;0,618309;0,036446;0,028128;3;run_3
12:47,2;49,3284;10,2365;3767;36,191;33,721;14,38431;0,623353;0,035897;0,029621;3;run_3
12:47,2;49,3316;10,2716;3783;36,201;33,729;14,59087;0,631939;0,038884;0,032396;3;run_3
12:47,2;49,3136;10,4213;3807;36,212;33,737;14,79716;0,638269;-0,004385;-0,003938;3;run_3
12:47,2;49,3184;10,4600;3826;36,222;33,745;14,90568;0,643452;-0,022386;-0,019875;3;run_3
12:47,2;49,3100;10,5249;3848;36,233;33,754;15,06635;0,647908;-0,035523;-0,030254;3;run_3
12:47,2;49,3023;10,5702;3865;36,244;33,762;15,29085;0,653517;0,006141;0,006471;3;run_3
12:47,2;49,2933;10,7339;3884;36,255;33,771;15,38345;0,656426;-0,038708;-0,029968;3;run_3
12:47,2;49,3113;10,6205;3899;36,266;33,780;15,51218;0,674167;-0,027863;-0,024055;3;run_3
12:47,2;49,2899;10,9401;3917;36,278;33,789;15,57735;0,668305;0,004685;0,004102;3;run_3
12:47,2;49,2826;10,9236;3934;36,289;33,798;15,82840;0,692108;0,035415;0,029345;3;run_3
12:47,3;49,2871;10,8832;3947;36,300;33,807;15,91911;0,685398;-0,042281;-0,035153;3;run_3
12:47,3;49,2814;11,0035;3968;36,312;33,816;16,06977;0,696666;-0,036974;-0,031785;3;run_3
12:47,3;49,2603;11,0673;3983;36,324;33,825;16,19851;0,694207;-0,043539;-0,036524;3;run_3
12:47,3;49,2647;11,0319;3998;36,335;33,834;16,31019;0,698551;-0,010521;-0,008162;3;run_3
12:47,3;49,2436;11,1862;4012;36,347;33,843;16,40093;0,707164;0,042393;0,036398;3;run_3
12:47,3;49,2489;11,1776;4027;36,359;33,852;16,56752;0,712707;0,014059;0,012287;3;run_3
12:47,3;49,2626;11,2403;4040;36,371;33,862;16,62520;0,723816;-0,034331;-0,030518;3;run_3
12:47,3;49,2713;11,3422;4052;36,383;33,871;16,71039;0,716045;-0,044451;-0,037358;3;run_3
12:47,3;49,2500;11,3601;4070;36,395;33,881;16,83658;0,725934;0,045334;0,035880;3;run_3
12:47,3;49,2495;11,3590;4085;36,407;33,890;17,05919;0,731012;0,034785;0,029521;3;run_3
12:47,4;49,2504;11,4618;4095;36,419;33,900;17,13423;0,738170;0,015054;0,013357;3;run_3
12:47,4;49,2419;11,4143;4105;36,431;33,909;17,18184;0,738955;-0,044046;-0,035981;3;run_3
12:47,4;49,2467;11,6192;4122;36,444;33,919;17,41109;0,749153;0,025142;0,020833;3;run_3
12:47,4;49,2333;11,5673;4131;36,456;33,929;17,40287;0,752112;-0,031221;-0,026100;3;run_3
12:47,4;49,2155;11,6967;4142;36,469;33,939;17,57854;0,755771;-0,042743;-0,033603;3;run_3
12:47,4;49,2374;11,6808;4154;36,481;33,948;17,56011;0,769508;0,033992;0,027484;3;run_3
12:47,4;49,2041;11,7016;4170;36,494;33,958;17,70198;0,762062;0,039782;0,032389;3;run_3
12:47,4;49,2057;11,8522;4181;36,507;33,968;17,89683;0,777304;0,043916;0,035258;3;run_3
12:47,4;49,1988;11,8779;4184;36,520;33,978;17,80531;0,771334;-0,046660;-0,040594;3;run_3
12:47,4;49,2091;11,9149;4192;36,532;33,988;17,89978;0,772559;0,035775;0,029972;3;run_3
12:47,5;49,1783;11,9620;4207;36,545;33,999;17,98432;0,784105;-0,015988;-0,013760;3;run_3
12:47,5;49,2183;11,8616;4213;36,558;34,009;18,08096;0,778595;0,027544;0,022347;3;run_3
12:47,5;49,2014;11,9914;4223;36,571;34,019;18,18057;0,782537;-0,035352;-0,028021;3;run_3
12:47,5;49,1954;12,1300;4234;36,584;34,029;18,26472;0,787864;0,012240;0,009265;3;run_3
12:47,5;49,1837;12,1366;4244;36,598;34,040;18,48058;0,787274;-0,041860;-0,037186;3;run_3
12:47,5;49,1967;12,1633;4257;36,611;34,050;18,52039;0,795942;0,024986;0,020053;3;run_3
12:47,5;49,1668;12,1684;4259;36,624;34,060;18,49157;0,794720;0,018247;0,018291;3;run_3
12:47,5;49,1841;12,1426;4272;36,637;34,071;18,64862;0,802041;0,002815;0,003162;3;run_3
12:47,5;49,1727;12,2428;4278;36,650;34,081;18,64861;0,802539;0,031965;0,025271;3;run_3
12:47,5;49,1934;12,3251;4284;36,664;34,092;18,77638;0,817099;0,003963;0,002352;3;run_3
12:47,6;49,1921;12,2055;4293;36,677;34,102;18,79541;0,811510;-0,045327;-0,036311;3;run_3
12:47,6;49,1910;12,2808;4301;36,690;34,112;18,85407;0,818102;0,048990;0,043290;3;run_3
12:47,6;49,1918;12,2569;4308;36,704;34,123;18,95972;0,827878;0,025389;0,019593;3;run_3
12:47,6;49,1654;12,3950;4313;36,717;34,133;18,99144;0,826695;0,043194;0,035016;3;run_3
12:47,6;49,1609;12,3971;4323;36,731;34,144;19,05147;0,828720;0,020606;0,015222;3;run_3
12:47,6;49,1582;12,3249;4332;36,744;34,154;19,12835;0,822728;-0,036684;-0,030310;3;run_3
12:47,6;49,1759;12,4549;4334;36,757;34,165;19,19536;0,836960;0,023301;0,018743;3;run_3
12:47,6;49,1608;12,5136;4341;36,771;34,175;19,17064;0,828853;0,048533;0,041624;3;run_3
12:47,6;49,1616;12,5429;4351;36,785;34,186;19,34295;0,828521;0,048873;0,041878;3;run_3
12:47,6;49,1424;12,4117;4356;36,798;34,197;19,37882;0,842754;-0,020282;-0,016989;3;run_3
12:47,7;49,1550;12,5283;4363;36,812;34,207;19,36381;0,832438;0,045270;0,038238;3;run_3
12:47,7;49,1467;12,5383;4363;36,825;34,218;19,41946;0,841561;-0,012586;-0,009935;3;run_3
12:47,7;49,1667;12,5677;4371;36,839;34,228;19,44447;0,843076;0,044774;0,037800;3;run_3
12:47,7;49,1644;12,5516;4378;36,852;34,239;19,58063;0,847478;-0,047369;-0,039837;3;run_3
12:47,7;49,1487;12,6070;4385;36,866;34,250;19,53401;0,848765;-0,016618;-0,016030;3;run_3
12:47,7;49,1305;12,6490;4389;36,880;34,260;19,67560;0,847780;-0,045308;-0,039737;3;run_3
12:47,7;49,1484;12,7451;4399;36,894;34,271;19,72456;0,855904;0,009164;0,008987;3;run_3
12:47,7;49,1440;12,7934;4401;36,907;34,282;19,63573;0,853227;-0,047418;-0,040632;3;run_3
12:47,7;49,1424;12,7644;4402;36,921;34,293;19,68126;0,860782;-0,045948;-0,039065;3;run_3
12:47,7;49,1475;12,6470;4410;36,935;34,303;19,80013;0,846098;0,046497;0,040196;3;run_3
12:47,8;49,1619;12,7584;4414;36,949;34,314;19,82530;0,859102;-0,036190;-0,030315;3;run_3
12:47,8;49,1315;12,8062;4419;36,962;34,325;19,93530;0,856862;-0,023502;-0,020910;3;run_3
12:47,8;49,1393;12,8507;4425;36,976;34,336;19,94684;0,855917;-0,036560;-0,027850;3;run_3
12:47,8;49,1395;12,9005;4426;36,990;34,347;20,01638;0,862956;-0,048173;-0,038342;3;run_3
12:47,8;49,1413;12,8735;4430;37,004;34,358;19,94298;0,858181;0,047120;0,039118;3;run_3
12:47,8;49,1290;12,7883;4436;37,018;34,368;20,03366;0,868722;0,047871;0,040629;3;run_3
12:47,8;49,1395;12,9217;4441;37,032;34,379;20,11036;0,872331;0,047494;0,038867;3;run_3
12:47,8;49,1416;12,8846;4448;37,046;34,390;20,20041;0,875330;0,006116;0,006506;3;run_3
12:47,8;49,1034;12,9735;4450;37,060;34,401;20,18316;0,864438;-0,012735;-0,009801;3;run_3
12:47,8;49,1238;12,8332;4450;37,073;34,411;20,17338;0,867878;0,011123;0,010814;3;run_3
12:47,9;49,1459;12,9753;4459;37,087;34,422;20,32919;0,875074;0,010188;0,008110;3;run_3
12:47,9;49,1249;12,9924;4459;37,101;34,433;20,25767;0,865752;-0,044524;-0,037334;3;run_3
12:47,9;49,1208;12,9799;4463;37,115;34,444;20,34135;0,871736;-0,030464;-0,025159;3;run_3
12:47,9;49,1267;12,9848;4466;37,129;34,455;20,32421;0,876280;-0,037578;-0,030072;3;run_3
12:47,9;49,0975;13,0298;4471;37,143;34,466;20,42515;0,878637;-0,032019;-0,029160;3;run_3
12:47,9;49,1097;12,9773;4469;37,157;34,476;20,43956;0,877674;0,039948;0,031345;3;run_3
12:47,9;49,1232;13,0091;4471;37,171;34,487;20,45228;0,884219;0,035707;0,031242;3;run_3
12:47,9;49,1118;12,9935;4480;37,184;34,498;20,53038;0,889700;0,001474;0,001926;3;run_3
12:47,9;49,1408;12,9845;4480;37,198;34,508;20,46255;0,884645;-0,044103;-0,035832;3;run_3
12:47,9;49,1294;13,1545;4482;37,212;34,519;20,43782;0,886331;-0,032913;-0,028919;3;run_3
12:48,0;49,1147;13,0941;4483;37,226;34,530;20,53978;0,892396;-0,043168;-0,037146;3;run_3
12:48,0;49,1072;13,1421;4488;37,240;34,541;20,56549;0,882774;-0,046355;-0,039582;3;run_3
12:48,0;49,1179;13,0451;4488;37,254;34,552;20,58675;0,877593;-0,002461;-0,004472;3;run_3
12:48,0;49,1078;13,0371;4497;37,268;34,562;20,71920;0,885207;0,032551;0,026537;3;run_3
12:48,0;49,1169;13,0940;4499;37,282;34,573;20,64103;0,889108;-0,019825;-0,017228;3;run_3
12:48,0;49,1154;13,2105;4500;37,296;34,584;20,71952;0,893642;0,013511;0,012039;3;run_3
12:48,0;49,1012;13,2316;4505;37,310;34,595;20,73540;0,893031;0,044366;0,036785;3;run_3
12:48,0;49,1247;13,2600;4503;37,324;34,606;20,59887;0,900806;-0,050484;-0,042010;3;run_3
12:48,0;49,1078;13,2780;4507;37,338;34,617;20,68874;0,898250;0,047442;0,037379;3;run_3
12:48,0;49,1264;13,1938;4511;37,352;34,627;20,78221;0,900172;-0,012788;-0,012244;3;run_3
12:48,1;49,1022;13,3450;4512;37,366;34,638;20,81247;0,904703;0,001030;0,000921;3;run_3
12:48,1;49,1266;13,1258;4515;37,380;34,649;20,88620;0,891442;0,027527;0,023892;3;run_3
12:48,1;49,1257;13,1564;4515;37,393;34,659;20,82664;0,897782;0,028261;0,022379;3;run_3
12:48,1;49,1150;13,1215;4520;37,407;34,670;20,84122;0,897987;0,026465;0,021765;3;run_3
12:48,1;49,0926;13,1908;4520;37,421;34,681;20,74294;0,896975;-0,046898;-0,039375;3;run_3
12:48,1;49,0997;13,1343;4521;37,434;34,691;20,84995;0,887430;-0,039880;-0,033111;3;run_3
12:48,1;49,1150;13,2450;4523;37,448;34,702;20,84645;0,905266;0,011318;0,009040;3;run_3
12:48,1;49,0996;13,2840;4527;37,462;34,712;20,95093;0,908029;-0,048541;-0,038827;3;run_3
12:48,1;49,0913;13,1290;4533;37,476;34,723;20,99339;0,909406;-0,047309;-0,038947;3;run_3
12:48,1;49,1029;13,2038;4530;37,489;34,733;20,89786;0,911946;-0,048206;-0,038751;3;run_3
12:48,2;49,1151;13,1884;4534;37,503;34,744;21,00576;0,906584;-0,020492;-0,016855;3;run_3
12:48,2;49,1044;13,2689;4532;37,517;34,754;20,90494;0,903744;-0,051640;-0,043878;3;run_3
12:48,2;49,1301;13,2722;4536;37,531;34,765;21,02264;0,900553;0,001530;0,002610;3;run_3
12:48,2;49,1012;13,3024;4535;37,544;34,776;20,89969;0,901080;-0,000115;-0,000034;3;run_3
12:48,2;49,0949;13,2453;4540;37,558;34,786;21,03914;0,913486;-0,012698;-0,011048;3;run_3
12:48,2;49,0921;13,3925;4536;37,572;34,797;20,90282;0,902321;-0,037516;-0,028847;3;run_3
12:48,2;49,1064;13,3723;4541;37,586;34,807;20,97911;0,906367;-0,042195;-0,034725;3;run_3
12:48,2;49,0980;13,2038;4545;37,599;34,818;21,05205;0,912102;0,049918;0,042138;3;run_3
12:48,2;49,0745;13,4109;4541;37,613;34,828;20,99418;0,906836;0,029222;0,022022;3;run_3
12:48,2;49,0743;13,2900;4546;37,627;34,839;21,06600;0,915232;0,016549;0,012160;3;run_3
12:48,3;49,1020;13,4032;4546;37,640;34,849;21,02056;0,906937;-0,035760;-0,030167;3;run_3
12:48,3;49,0960;13,4112;4547;37,654;34,860;21,09887;0,910535;-0,035022;-0,029054;3;run_3
12:48,3;49,1057;13,2925;4552;37,668;34,870;21,13211;0,911576;-0,041499;-0,032074;3;run_3
12:48,3;49,1103;13,4156;4549;37,682;34,881;21,15265;0,916178;-0,040101;-0,034125;3;run_3
12:48,3;49,0790;13,4377;4550;37,695;34,891;21,18185;0,909674;-0,048489;-0,041274;3;run_3
12:48,3;49,1149;13,4273;4555;37,709;34,902;21,15894;0,915087;-0,036693;-0,031593;3;run_3
12:48,3;49,1020;13,3032;4551;37,722;34,912;21,11944;0,901852;0,012168;0,009612;3;run_3
12:48,3;49,1140;13,2415;4553;37,736;34,922;21,22181;0,916201;-0,034610;-0,029178;3;run_3
12:48,3;49,0909;13,4368;4558;37,749;34,933;21,13699;0,918259;-0,037668;-0,031034;3;run_3
12:48,3;49,1078;13,3473;4556;37,763;34,943;21,18432;0,909376;-0,017158;-0,015290;3;run_3
12:48,4;49,0912;13,4685;4554;37,777;34,954;21,16320;0,913164;0,033215;0,026480;3;run_3
12:48,4;49,1139;13,3576;4564;37,790;34,964;21,24911;0,921709;0,049407;0,042229;3;run_3
12:48,4;49,1121;13,2937;4561;37,803;34,974;21,21310;0,919977;0,037781;0,030350;3;run_3
12:48,4;49,1027;13,3641;4558;37,817;34,984;21,30658;0,906860;-0,002184;-0,002523;3;run_3
12:48,4;49,0794;13,4139;4561;37,830;34,994;21,15829;0,913102;-0,037061;-0,030682;3;run_3
12:48,4;49,0636;13,5412;4562;37,844;35,005;21,25150;0,914091;-0,047881;-0,039059;3;run_3
12:48,4;49,0981;13,3979;4563;37,857;35,015;21,26029;0,917143;-0,020726;-0,017819;3;run_3
12:48,4;49,0834;13,3621;4566;37,871;35,025;21,29940;0,920308;0,049139;0,038098;3;run_3
12:48,4;49,0895;13,4365;4563;37,884;35,036;21,19661;0,917590;0,046105;0,039846;3;run_3
12:48,4;49,0857;13,4435;4566;37,898;35,046;21,30947;0,910430;-0,033231;-0,029778;3;run_3
12:48,5;49,1131;13,2971;4566;37,911;35,056;21,23901;0,914282;-0,029236;-0,023640;3;run_3
12:48,5;49,0959;13,4245;4566;37,924;35,066;21,33890;0,914676;0,049933;0,040142;3;run_3
12:48,5;49,1092;13,4492;4571;37,938;35,076;21,24162;0,915080;0,047479;0,039819;3;run_3
12:48,5;49,0861;13,4058;4572;37,951;35,086;21,28535;0,922555;0,039185;0,031269;3;run_3
12:48,5;49,0858;13,3299;4568;37,964;35,096;21,24703;0,913576;0,013513;0,011044;3;run_3
12:48,5;49,0826;13,5161;4569;37,977;35,106;21,37487;0,918876;0,045707;0,036506;3;run_3
12:48,5;49,0679;13,4021;4573;37,991;35,116;21,31357;0,913496;-0,036751;-0,031465;3;run_3
12:48,5;49,0987;13,4227;4571;38,004;35,126;21,30308;0,916671;0,043413;0,037217;3;run_3
12:48,5;49,0676;13,4987;4572;38,017;35,136;21,29054;0,919246;0,035911;0,030192;3;run_3
12:48,5;49,0846;13,5249;4576;38,031;35,146;21,35179;0,928458;-0,049518;-0,041187;3;run_3
12:48,6;49,0860;13,4730;4574;38,044;35,156;21,37141;0,927150;0,046545;0,038313;3;run_3
12:48,6;49,0811;13,4801;4576;38,057;35,166;21,37342;0,922650;0,048817;0,041149;3;run_3
12:48,6;49,0885;13,4113;4576;38,070;35,176;21,38003;0,919306;0,044026;0,034616;3;run_3
12:48,6;49,0940;13,5098;4575;38,083;35,186;21,31329;0,918818;-0,029109;-0,024844;3;run_3
12:48,6;49,0862;13,5217;4579;38,097;35,196;21,36879;0,923001;0,049587;0,041342;3;run_3
12:48,6;49,1047;13,3915;4579;38,110;35,206;21,47605;0,920475;0,029200;0,025463;3;run_3
12:48,6;49,1020;13,3909;4575;38,122;35,216;21,33215;0,923640;-0,040964;-0,033154;3;run_3
12:48,6;49,0994;13,4599;4582;38,136;35,226;21,40560;0,922540;0,028592;0,023211;3;run_3
12:48,6;49,0764;13,5778;4582;38,149;35,236;21,37188;0,919373;-0,010196;-0,007562;3;run_3
12:48,6;49,0735;13,5867;4582;38,162;35,246;21,37189;0,920867;-0,048464;-0,041319;3;run_3
12:48,7;49,0804;13,5855;4581;38,175;35,256;21,46390;0,925216;0,045004;0,037376;3;run_3
12:48,7;49,0993;13,4923;4580;38,188;35,266;21,35261;0,927810;-0,041563;-0,033161;3;run_3
12:48,7;49,0811;13,5082;4577;38,201;35,275;21,45986;0,920557;-0,047462;-0,041584;3;run_3
12:48,7;49,0922;13,4510;4578;38,214;35,285;21,36539;0,928259;0,006593;0,005752;3;run_3
12:48,7;49,1055;13,5433;4582;38,227;35,295;21,46504;0,915090;-0,049025;-0,038992;3;run_3
12:48,7;49,0907;13,4302;4584;38,240;35,304;21,49490;0,926387;-0,029485;-0,024812;3;run_3
12:48,7;49,0823;13,5690;4580;38,253;35,314;21,41442;0,913309;-0,049173;-0,038885;3;run_3
12:48,7;49,1159;13,3854;4581;38,266;35,324;21,46173;0,919399;-0,040478;-0,034318;3;run_3
12:48,7;49,0889;13,4913;4583;38,279;35,333;21,46405;0,928367;0,006214;0,003840;3;run_3
12:48,7;49,0870;13,5470;4582;38,292;35,343;21,35475;0,919294;0,030662;0,027865;3;run_3
12:48,8;49,0870;13,4319;4585;38,304;35,353;21,32594;0,923039;-0,043269;-0,036303;3;run_3
12:48,8;49,0748;13,4455;4581;38,317;35,362;21,34767;0,921693;-0,046320;-0,038730;3;run_3
12:48,8;49,0895;13,4278;4587;38,330;35,372;21,46512;0,914983;-0,015064;-0,012612;3;run_3
12:48,8;49,0720;13,5358;4585;38,343;35,381;21,51475;0,922407;0,039174;0,033767;3;run_3
12:48,8;49,0866;13,4322;4586;38,355;35,391;21,41491;0,930570;0,047729;0,038476;3;run_3
12:48,8;49,0828;13,4094;4587;38,368;35,400;21,51185;0,928676;0,046033;0,039373;3;run_3
12:48,8;49,0777;13,5923;4586;38,381;35,410;21,42136;0,923377;-0,051682;-0,042006;3;run_3
12:48,8;49,1075;13,4520;4593;38,393;35,419;21,45494;0,922832;0,040025;0,033487;3;run_3
12:48,8;49,0973;13,3726;4587;38,406;35,428;21,47239;0,926132;0,004832;0,004661;3;run_3
12:48,8;49,0905;13,5339;4587;38,419;35,438;21,51092;0,928773;0,046428;0,040128;3;run_3
12:48,9;49,0800;13,5995;4591;38,431;35,448;21,44290;0,930168;-0,020743;-0,016730;3;run_3
12:48,9;49,0903;13,6165;4587;38,444;35,457;21,52116;0,928367;-0,023933;-0,018262;3;run_3
12:48,9;49,0906;13,6168;4590;38,457;35,467;21,45686;0,928985;0,039229;0,031779;3;run_3
12:48,9;49,0925;13,5288;4593;38,470;35,476;21,48856;0,929454;-0,050009;-0,040428;3;run_3
12:48,9;49,0947;13,5042;4590;38,482;35,485;21,53945;0,935606;-0,051372;-0,043400;3;run_3
12:48,9;49,0850;13,5403;4589;38,495;35,495;21,48981;0,932101;0,031865;0,028665;3;run_3
12:48,9;49,0974;13,4598;4590;38,507;35,504;21,46496;0,928361;0,050482;0,040101;3;run_3
12:48,9;49,0920;13,4747;4590;38,520;35,513;21,43669;0,930879;0,024417;0,019926;3;run_3
12:48,9;49,0991;13,5165;4589;38,532;35,523;21,44404;0,926838;-0,044555;-0,036476;3;run_3
12:48,9;49,0841;13,5689;4591;38,545;35,532;21,54767;0,920751;-0,049924;-0,042029;3;run_3
12:49,0;49,1156;13,4789;4588;38,557;35,541;21,50216;0,918326;0,004565;0,003768;3;run_3
12:49,0;49,0828;13,4675;4591;38,569;35,550;21,50700;0,936733;0,012406;0,009839;3;run_3
12:49,0;49,1005;13,4733;4591;38,582;35,559;21,50412;0,925710;0,046716;0,038147;3;run_3
12:49,0;49,0768;13,5740;4590;38,594;35,569;21,41505;0,933165;-0,050582;-0,042998;3;run_3
12:49,0;49,0878;13,4439;4594;38,607;35,578;21,52852;0,926663;0,003361;0,002130;3;run_3
12:49,0;49,0789;13,5271;4592;38,619;35,587;21,50987;0,929647;-0,035688;-0,026638;3;run_3
12:49,0;49,0686;13,5551;4594;38,631;35,596;21,47976;0,932048;-0,034592;-0,026381;3;run_3
12:49,0;49,0862;13,4834;4587;38,644;35,605;21,49499;0,927594;-0,007086;-0,005870;3;run_3
12:49,0;49,0736;13,6033;4593;38,656;35,614;21,53344;0,922595;0,047352;0,038761;3;run_3
12:49,0;49,0697;13,5418;4591;38,668;35,623;21,38830;0,927507;-0,026304;-0,021696;3;run_3
12:49,1;49,0791;13,5523;4595;38,681;35,632;21,55314;0,934430;0,049526;0,039547;3;run_3
12:49,1;49,0925;13,5612;4594;38,693;35,642;21,48110;0,927581;-0,022627;-0,017502;3;run_3
12:49,1;49,0714;13,5523;4596;38,705;35,651;21,57325;0,926196;0,024173;0,019196;3;run_3
12:49,1;49,0959;13,4894;4595;38,717;35,660;21,57026;0,925123;-0,024772;-0,020484;3;run_3
12:49,1;49,0804;13,5561;4593;38,730;35,669;21,47145;0,930784;-0,049822;-0,042089;3;run_3
12:49,1;49,0682;13,5613;4594;38,742;35,678;21,50254;0,935440;-0,011618;-0,011111;3;run_3
12:49,1;49,0618;13,5086;4590;38,754;35,686;21,50112;0,923627;-0,048884;-0,041116;3;run_3
12:49,1;49,0911;13,5470;4591;38,766;35,695;21,49211;0,929336;-0,049105;-0,040790;3;run_3
12:49,1;49,0761;13,5630;4597;38,778;35,704;21,54263;0,931561;-0,046325;-0,038583;3;run_3
12:49,1;49,0860;13,5638;4595;38,790;35,713;21,54923;0,927321;0,047966;0,039694;3;run_3
12:49,2;49,0756;13,6157;4594;38,802;35,722;21,53358;0,920287;-0,050226;-0,041668;3;run_3
12:49,2;49,1031;13,5379;4595;38,815;35,731;21,56530;0,930295;-0,046654;-0,037917;3;run_3
12:49,2;49,1015;13,4973;4595;38,827;35,740;21,61451;0,937464;-0,025620;-0,023882;3;run_3
12:49,2;49,0935;13,5770;4596;38,839;35,749;21,56924;0,937355;0,001706;-0,000838;3;run_3
12:49,2;49,0734;13,6632;4592;38,851;35,758;21,46955;0,926178;0,043868;0,037192;3;run_3
12:49,2;49,1022;13,4840;4595;38,863;35,767;21,53924;0,930469;-0,038435;-0,032391;3;run_3
12:49,2;49,0905;13,5529;4594;38,875;35,775;21,50790;0,924258;0,025863;0,019584;3;run_3
12:49,2;49,0957;13,5730;4597;38,887;35,784;21,57794;0,934582;-0,049885;-0,041666;3;run_3
12:49,2;49,0737;13,6264;4595;38,899;35,793;21,52056;0,927500;0,036467;0,030235;3;run_3
12:49,2;49,0790;13,5697;4598;38,911;35,802;21,63702;0,926395;-0,028051;-0,025117;3;run_3
12:49,3;49,0967;13,4893;4597;38,922;35,810;21,58628;0,932178;0,007295;0,006580;3;run_3
12:49,3;49,0811;13,5336;4599;38,934;35,819;21,60306;0,928186;0,043827;0,036455;3;run_3
12:49,3;49,0629;13,5109;4592;38,946;35,828;21,51189;0,922756;0,040189;0,033398;3;run_3
12:49,3;49,0733;13,6422;4596;38,958;35,836;21,49938;0,935324;0,051107;0,043470;3;run_3
12:49,3;49,0801;13,5100;4592;38,970;35,845;21,41774;0,920334;-0,031752;-0,024410;3;run_3
12:49,3;49,0809;13,5740;4593;38,982;35,854;21,48934;0,936496;-0,024422;-0,020045;3;run_3
12:49,3;49,0870;13,4644;4598;38,993;35,862;21,51821;0,936266;-0,035656;-0,030172;3;run_3
12:49,3;49,0760;13,5159;4596;39,005;35,871;21,54734;0,927912;0,038742;0,030476;3;run_3
12:49,3;49,0868;13,4855;4597;39,017;35,879;21,54317;0,930380;0,045934;0,036898;3;run_3
12:49,3;49,0932;13,5674;4594;39,028;35,888;21,44549;0,936919;0,043250;0,033833;3;run_3
12:49,4;49,0827;13,5616;4597;39,040;35,896;21,60404;0,921804;-0,049678;-0,042491;3;run_3
12:49,4;49,0858;13,5018;4600;39,052;35,904;21,55508;0,933895;0,048201;0,041516;3;run_3
12:49,4;49,0889;13,5220;4594;39,063;35,913;21,53292;0,930752;-0,014473;-0,011083;3;run_3
12:49,4;49,0857;13,5423;4593;39,075;35,921;21,59281;0,928040;-0,003639;-0,003265;3;run_3
12:49,4;49,0612;13,5804;4597;39,086;35,930;21,58855;0,930835;-0,050046;-0,040631;3;run_3
12:49,4;49,0846;13,5703;4597;39,098;35,938;21,57213;0,922881;-0,046581;-0,038220;3;run_3
12:49,4;49,0707;13,6514;4599;39,110;35,947;21,62628;0,928529;-0,050128;-0,040204;3;run_3
12:49,4;49,0918;13,6039;4595;39,122;35,955;21,57257;0,922452;-0,019553;-0,016313;3;run_3
12:49,4;49,0816;13,4197;4599;39,133;35,963;21,57263;0,935326;0,004697;0,002627;3;run_3
12:49,4;49,0699;13,6072;4600;39,144;35,972;21,66832;0,935208;0,040498;0,033513;3;run_3
12:49,5;49,0830;13,6084;4599;39,156;35,980;21,59108;0,938179;-0,030088;-0,027544;3;run_3
12:49,5;49,1031;13,5376;4597;39,167;35,989;21,54336;0,931112;0,050859;0,044196;3;run_3
12:49,5;49,0740;13,5269;4600;39,179;35,997;21,59869;0,926081;-0,047835;-0,038404;3;run_3
12:49,5;49,0715;13,5618;4593;39,190;36,005;21,52464;0,932732;-0,048280;-0,039512;3;run_3
12:49,5;49,0804;13,5083;4596;39,202;36,013;21,52916;0,922073;0,038426;0,033460;3;run_3
12:49,5;49,0682;13,5461;4599;39,213;36,022;21,57575;0,930698;-0,040525;-0,033238;3;run_3
12:49,5;49,0680;13,5410;4596;39,224;36,030;21,56890;0,920314;-0,042960;-0,036228;3;run_3
12:49,5;49,0959;13,5642;4601;39,236;36,038;21,61938;0,936612;-0,044502;-0,037623;3;run_3
12:49,5;49,0814;13,4853;4595;39,247;36,046;21,46554;0,932501;0,034234;0,029131;3;run_3
12:49,5;49,0996;13,4448;4599;39,258;36,054;21,64098;0,925441;-0,037407;-0,029923;3;run_3
12:49,6;49,0899;13,4686;4601;39,269;36,062;21,66567;0,926684;-0,007807;-0,007017;3;run_3
12:49,6;49,0862;13,6247;4594;39,281;36,070;21,46531;0,926719;0,040796;0,033859;3;run_3
12:49,6;49,0767;13,6274;4598;39,292;36,079;21,54553;0,934757;-0,045291;-0,038995;3;run_3
12:49,6;49,0884;13,5765;4595;39,303;36,087;21,52665;0,926269;-0,030894;-0,025908;3;run_3
12:49,6;49,0852;13,5160;4598;39,315;36,095;21,52568;0,925367;0,004494;0,002611;3;run_3
12:49,6;49,0838;13,6302;4598;39,326;36,103;21,54467;0,928804;0,041512;0,034420;3;run_3
12:49,6;49,0880;13,5182;4599;39,337;36,111;21,52557;0,931262;0,050372;0,040463;3;run_3
12:49,6;49,0755;13,6879;4603;39,348;36,119;21,52665;0,931481;-0,038845;-0,033554;3;run_3
12:49,6;49,0899;13,5480;4599;39,360;36,127;21,57715;0,933491;-0,043640;-0,035986;3;run_3
12:49,6;49,0778;13,6032;4596;39,371;36,135;21,56062;0,930763;-0,049089;-0,041257;3;run_3
12:49,7;49,0825;13,6247;4597;39,382;36,143;21,57788;0,925611;-0,042495;-0,034119;3;run_3
12:49,7;49,0959;13,6665;4605;39,393;36,151;21,55248;0,928371;0,016327;0,011852;3;run_3
12:49,7;49,1065;13,5258;4598;39,404;36,159;21,58460;0,930705;0,029585;0,022090;3;run_3
12:49,7;49,0752;13,5221;4601;39,415;36,167;21,70542;0,930316;0,035307;0,028914;3;run_3
12:49,7;49,0955;13,5268;4600;39,426;36,175;21,58203;0,934381;0,014866;0,012995;3;run_3
12:49,7;49,0950;13,4788;4600;39,437;36,183;21,58859;0,924921;0,051350;0,043393;3;run_3
12:49,7;49,0669;13,5716;4598;39,448;36,191;21,57829;0,920448;-0,018826;-0,015494;3;run_3
12:49,7;49,1054;13,5840;4602;39,459;36,199;21,55605;0,929146;0,024679;0,021098;3;run_3
12:49,7;49,0971;13,5839;4598;39,470;36,206;21,48773;0,926440;0,050232;0,039776;3;run_3
12:49,7;49,0962;13,4903;4599;39,481;36,214;21,55187;0,939848;0,041254;0,035008;3;run_3
12:49,8;49,0654;13,6106;4599;39,492;36,222;21,57022;0,931552;-0,034607;-0,028767;3;run_3
12:49,8;49,0867;13,4900;4597;39,503;36,230;21,58583;0,923877;0,041974;0,034851;3;run_3
12:49,8;49,0796;13,5133;4598;39,514;36,237;21,54425;0,921915;0,021551;0,017501;3;run_3
12:49,8;49,0834;13,5930;4602;39,525;36,245;21,61065;0,929212;0,016223;0,013866;3;run_3
12:49,8;49,0877;13,6060;4595;39,536;36,253;21,59492;0,933062;-0,010017;-0,009523;3;run_3
12:49,8;49,1035;13,5855;4599;39,547;36,261;21,57733;0,931403;-0,039545;-0,034779;3;run_3
12:49,8;49,0867;13,4596;4598;39,557;36,268;21,59099;0,929468;0,049641;0,041726;3;run_3
12:49,8;49,0951;13,5894;4597;39,568;36,276;21,64423;0,931709;-0,044370;-0,036249;3;run_3
12:49,8;49,0858;13,5693;4600;39,579;36,284;21,58328;0,930814;0,033891;0,026673;3;run_3
12:49,8;49,0776;13,5913;4597;39,590;36,291;21,63716;0,933880;0,048489;0,040209;3;run_3
12:49,9;49,0852;13,5306;4599;39,600;36,299;21,63146;0,931323;-0,045996;-0,038559;3;run_3
12:49,9;49,0866;13,5335;4597;39,611;36,307;21,54655;0,925997;-0,035603;-0,028746;3;run_3
12:49,9;49,0809;13,5544;4599;39,622;36,314;21,54204;0,936794;0,026480;0,022224;3;run_3
12:49,9;49,0665;13,6358;4600;39,633;36,322;21,60554;0,921740;0,035541;0,029236;3;run_3
12:49,9;49,0647;13,6110;4598;39,643;36,330;21,64105;0,925504;0,013703;0,013349;3;run_3
12:49,9;49,0811;13,5710;4596;39,654;36,337;21,62791;0,930844;-0,044421;-0,036692;3;run_3
12:49,9;49,0838;13,5885;4602;39,665;36,345;21,58336;0,933863;-0,042544;-0,036297;3;run_3
12:49,9;49,0792;13,4871;4604;39,675;36,352;21,57848;0,932248;0,043979;0,036719;3;run_3
12:49,9;49,0855;13,5838;4602;39,686;36,360;21,58184;0,942167;-0,000108;0,000031;3;run_3
12:49,9;49,0802;13,6277;4598;39,697;36,367;21,61608;0,928758;0,041961;0,034493;3;run_3
12:50,0;49,0933;13,4534;4599;39,707;36,375;21,61417;0,928311;0,042764;0,034595;3;run_3
12:50,0;49,0759;13,5894;4601;39,718;36,382;21,61241;0,926581;-0,012511;-0,011493;3;run_3
12:50,0;49,0918;13,5459;4598;39,728;36,389;21,64575;0,929520;0,008520;0,008301;3;run_3
12:50,0;49,0779;13,6093;4602;39,739;36,397;21,64605;0,930856;0,050569;0,040785;3;run_3
12:50,0;49,1026;13,5762;4600;39,749;36,404;21,61277;0,935087;-0,029182;-0,021877;3;run_3
12:50,0;49,0794;13,6014;4602;39,760;36,412;21,64112;0,929051;-0,049228;-0,039686;3;run_3
12:50,0;49,0938;13,6011;4603;39,770;36,419;21,57134;0,934927;-0,024609;-0,020019;3;run_3
12:50,0;49,0818;13,5037;4599;39,781;36,427;21,48544;0,935212;-0,016742;-0,011129;3;run_3
12:50,0;49,0820;13,6418;4599;39,791;36,434;21,56900;0,936724;0,031589;0,026107;3;run_3
12:50,0;49,0557;13,6028;4600;39,802;36,441;21,57665;0,932116;0,037918;0,031779;3;run_3
12:50,1;49,0883;13,4964;4602;39,812;36,449;21,53349;0,935095;-0,048086;-0,039887;3;run_3
12:50,1;49,0745;13,6035;4602;39,823;36,456;21,58017;0,934000;-0,001853;-0,002049;3;run_3
12:50,1;49,0554;13,6224;4597;39,833;36,463;21,48317;0,931991;-0,037081;-0,031357;3;run_3
12:50,1;49,0643;13,6034;4602;39,844;36,471;21,51368;0,936398;-0,038790;-0,032257;3;run_3
12:50,1;49,0846;13,6335;4598;39,854;36,478;21,63453;0,929382;-0,044513;-0,037271;3;run_3
12:50,1;49,0982;13,5411;4599;39,864;36,485;21,61507;0,924681;-0,047387;-0,041160;3;run_3
12:50,1;49,0653;13,5942;4603;39,875;36,493;21,62973;0,928553;0,006278;0,004369;3;run_3
12:50,1;49,0859;13,5087;4601;39,885;36,500;21,65496;0,925758;-0,037908;-0,032944;3;run_3
12:50,1;49,0830;13,5400;4600;39,895;36,507;21,60716;0,938290;0,038788;0,031276;3;run_3
12:50,1;49,0885;13,5628;4599;39,905;36,514;21,57603;0,923357;-0,050065;-0,042518;3;run_3
12:50,2;49,0978;13,4703;4601;39,915;36,521;21,61642;0,933501;0,024724;0,020211;3;run_3
12:50,2;49,1005;13,5485;4601;39,925;36,528;21,52486;0,933606;-0,038981;-0,033677;3;run_3
12:50,2;49,0818;13,5907;4602;39,936;36,535;21,58932;0,929586;-0,009906;-0,008478;3;run_3
12:50,2;49,0851;13,5272;4595;39,946;36,542;21,55534;0,929984;-0,049252;-0,041698;3;run_3
12:50,2;49,0727;13,5795;4601;39,956;36,549;21,56907;0,921617;0,015969;0,013255;3;run_3
12:50,2;49,0900;13,5384;4602;39,966;36,556;21,55993;0,933425;0,031587;0,026354;3;run_3
12:50,2;49,1054;13,4894;4603;39,976;36,563;21,55679;0,937289;0,028789;0,023333;3;run_3
12:50,2;49,0686;13,5737;4598;39,986;36,570;21,51138;0,928748;-0,033047;-0,028937;3;run_3
12:50,2;49,0670;13,5745;4599;39,996;36,578;21,53897;0,932777;-0,028704;-0,022447;3;run_3
12:50,2;49,0821;13,5271;4601;40,006;36,584;21,59196;0,928947;-0,004674;-0,002801;3;run_3
12:50,3;49,0776;13,6587;4599;40,017;36,592;21,51731;0,928414;0,052787;0,044340;3;run_3
12:50,3;49,0730;13,5651;4601;40,027;36,599;21,57296;0,934565;-0,030862;-0,026463;3;run_3
12:50,3;49,0832;13,5736;4604;40,037;36,606;21,54071;0,932110;-0,006582;-0,006680;3;run_3
12:50,3;49,0885;13,5560;4601;40,047;36,613;21,59831;0,931693;0,039979;0,033795;3;run_3
12:50,3;49,0823;13,6327;4602;40,057;36,620;21,63248;0,932904;-0,002390;-0,002819;3;run_3
12:50,3;49,0883;13,5683;4596;40,067;36,627;21,46073;0,926490;0,031805;0,026723;3;run_3
12:50,3;49,0893;13,4299;4600;40,076;36,633;21,55717;0,925394;0,018003;0,016355;3;run_3
12:50,3;49,0923;13,6213;4601;40,086;36,640;21,62968;0,927904;0,040953;0,033065;3;run_3
12:50,3;49,0866;13,6013;4601;40,096;36,647;21,59441;0,930143;-0,005460;-0,004967;3;run_3
12:50,3;49,0762;13,6666;4596;40,107;36,654;21,47768;0,920183;0,049309;0,039185;3;run_3
12:50,4;49,0639;13,6103;4598;40,116;36,661;21,54130;0,923576;-0,009941;-0,008543;3;run_3
12:50,4;49,0715;13,4924;4600;40,126;36,668;21,60423;0,933942;-0,019306;-0,015872;3;run_3
12:50,4;49,0855;13,6349;4598;40,136;36,675;21,58577;0,933998;0,051982;0,041488;3;run_3
12:50,4;49,1008;13,5504;4599;40,146;36,681;21,67406;0,927715;0,044340;0,037986;3;run_3
12:50,4;49,0923;13,5497;4600;40,156;36,688;21,54855;0,928055;0,033836;0,026724;3;run_3
12:50,4;49,0780;13,6119;4597;40,166;36,695;21,47556;0,931582;0,029064;0,024571;3;run_3
12:50,4;49,0878;13,4996;4601;40,175;36,702;21,51909;0,926405;0,044637;0,036493;3;run_3
12:50,4;49,0590;13,6316;4599;40,185;36,709;21,67080;0,929967;0,044585;0,037038;3;run_3
12:50,4;49,0795;13,6072;4603;40,195;36,715;21,58871;0,925927;-0,007097;-0,005170;3;run_3
12:50,4;49,0754;13,5611;4597;40,205;36,722;21,49067;0,930142;0,039509;0,031568;3;run_3
12:50,5;49,0780;13,6074;4599;40,215;36,729;21,62174;0,922129;0,008598;0,007402;3;run_3
12:50,5;49,0945;13,6055;4602;40,224;36,736;21,52093;0,934658;0,003496;0,003035;3;run_3
12:50,5;49,0856;13,5378;4600;40,234;36,742;21,58271;0,933555;0,035646;0,029093;3;run_3
12:50,5;49,0842;13,5516;4598;40,244;36,749;21,58277;0,927659;0,000167;-0,000935;3;run_3
12:50,5;49,0803;13,5838;4599;40,253;36,756;21,66147;0,922724;-0,040787;-0,033368;3;run_3
