time_s,Test_ID,command_pct,rpm,thrust_n,torque_nm,shaft_power_w,voltage_v,current_a,electrical_power_w,motor_temp_c,esc_temp_c,vibration_x_g,vibration_y_g,vibration_z_g,airflow_mps,ambient_temp_c,operator_note
0.000000,0,0,0.88,0.0000,0.00737,0.00,50.288,1.089,54.79,22.001,22.001,0.003495,0.001867,0.000020,0.042,22.000,idle_or_transition
0.005000,0,0,0.00,0.0377,0.00000,0.00,50.308,1.053,52.96,22.002,22.002,0.003253,0.002420,0.001021,0.129,22.000,idle_or_transition
0.010000,0,0,1.76,0.0000,0.00528,0.00,50.278,1.191,59.88,22.003,22.002,0.001150,0.006237,-0.000606,0.051,22.000,idle_or_transition
0.015000,0,0,0.00,0.0621,0.00097,0.00,50.347,0.997,50.20,22.004,22.003,0.001607,0.000995,0.003753,0.000,22.000,idle_or_transition
0.020000,0,0,1.85,0.0000,0.00351,0.00,50.307,1.093,55.00,22.004,22.004,0.002007,0.004438,0.002183,0.000,22.000,idle_or_transition
0.025000,0,0,0.00,0.0239,0.00000,0.00,50.314,1.149,57.82,22.005,22.005,0.004611,0.000580,0.001162,0.064,22.000,idle_or_transition
0.030000,0,0,0.00,0.0905,0.00000,0.00,50.315,1.145,57.60,22.006,22.005,0.001949,0.000908,0.000226,0.032,22.000,idle_or_transition
0.035000,0,0,0.00,0.0400,0.00000,0.00,50.298,1.179,59.30,22.007,22.006,0.001112,0.005236,0.003253,0.100,22.001,idle_or_transition
0.040000,0,0,1.30,0.0000,0.00724,0.00,50.309,1.154,58.05,22.008,22.007,-0.000423,0.003025,0.003527,0.065,22.001,idle_or_transition
0.045000,0,0,2.76,0.0427,0.00000,0.00,50.304,1.180,59.37,22.009,22.008,0.003684,0.003162,-0.001035,0.000,22.001,idle_or_transition
0.050000,0,0,1.82,0.0683,0.00000,0.00,50.309,1.012,50.91,22.010,22.009,-0.001462,-0.000006,0.002456,0.011,22.001,idle_or_transition
0.055000,0,0,3.08,0.0467,0.00393,0.00,50.317,1.087,54.68,22.011,22.009,0.003326,0.005611,0.003858,0.000,22.001,idle_or_transition
0.060000,0,0,2.87,0.0000,0.00511,0.00,50.293,1.117,56.20,22.012,22.010,0.001937,0.002583,0.000089,0.026,22.001,idle_or_transition
0.065000,0,0,0.00,0.0064,0.00000,0.00,50.310,1.142,57.47,22.013,22.011,0.000296,0.006157,0.003423,0.000,22.001,idle_or_transition
0.070000,0,0,0.00,0.0000,0.00000,0.00,50.315,1.033,51.99,22.013,22.012,-0.000023,0.003129,0.003292,0.060,22.001,idle_or_transition
0.075000,0,0,1.42,0.0000,0.00294,0.00,50.291,1.127,56.70,22.014,22.012,-0.001056,0.003169,0.000217,0.000,22.001,idle_or_transition
0.080000,0,0,0.00,0.0000,0.00000,0.00,50.315,1.149,57.83,22.015,22.013,0.004058,0.003853,0.000174,0.000,22.001,idle_or_transition
0.085000,0,0,0.00,0.0543,0.00000,0.00,50.323,1.188,59.78,22.016,22.014,0.001115,0.004806,0.001760,0.030,22.001,idle_or_transition
0.090000,0,0,0.00,0.0000,0.00457,0.00,50.319,1.150,57.89,22.017,22.015,0.001940,0.001752,0.000637,0.116,22.001,idle_or_transition
0.095000,0,0,0.00,0.0000,0.00000,0.00,50.292,1.172,58.95,22.018,22.016,0.000299,0.002750,0.000993,0.000,22.002,idle_or_transition
0.100000,0,0,0.00,0.0000,0.00000,0.00,50.315,1.206,60.68,22.019,22.017,0.000650,0.002291,0.002264,0.000,22.002,idle_or_transition
0.105000,0,0,2.78,0.0107,0.00000,0.00,50.301,1.153,57.98,22.020,22.017,0.001639,0.004278,0.003126,0.000,22.002,idle_or_transition
0.110000,0,0,1.00,0.0244,0.00202,0.00,50.323,1.039,52.28,22.021,22.018,-0.000958,0.002386,0.002300,0.018,22.002,idle_or_transition
0.115000,0,0,0.46,0.0995,0.00428,0.00,50.321,1.123,56.49,22.022,22.019,0.001816,0.002713,0.002650,0.024,22.002,idle_or_transition
0.120000,0,0,0.00,0.1093,0.00483,0.00,50.327,1.123,56.50,22.023,22.020,0.001464,0.003624,0.002492,0.000,22.002,idle_or_transition
0.125000,0,0,7.76,0.0000,0.00000,0.00,50.301,1.084,54.52,22.023,22.020,0.003600,0.004454,0.002100,0.077,22.002,idle_or_transition
0.130000,0,0,0.19,0.0958,0.00428,0.00,50.272,1.315,66.10,22.025,22.021,-0.000688,0.002570,0.001380,0.000,22.002,idle_or_transition
0.135000,0,0,0.58,0.0000,0.00000,0.00,50.306,1.018,51.21,22.025,22.022,-0.000352,0.001702,0.002189,0.023,22.002,idle_or_transition
0.140000,0,0,0.17,0.0000,0.00000,0.00,50.286,1.144,57.52,22.026,22.023,0.002496,0.001633,0.002969,0.000,22.002,idle_or_transition
0.145000,0,0,0.00,0.0840,0.00000,0.00,50.317,1.101,55.38,22.027,22.024,0.001316,0.003113,0.001857,0.000,22.002,idle_or_transition
0.150000,0,0,0.00,0.0000,0.00000,0.00,50.292,1.134,57.01,22.028,22.024,-0.000290,0.005704,0.001087,0.000,22.002,idle_or_transition
0.155000,0,0,5.17,0.0000,0.00267,0.00,50.304,1.170,58.85,22.029,22.025,-0.000872,0.005316,0.001284,0.000,22.003,idle_or_transition
0.160000,0,0,8.40,0.0000,0.00272,0.00,50.309,1.113,55.99,22.030,22.026,0.004223,0.003568,0.000064,0.108,22.003,idle_or_transition
0.165000,0,0,0.51,0.0280,0.00079,0.00,50.293,1.108,55.74,22.031,22.027,-0.001755,0.007462,0.001522,0.000,22.003,idle_or_transition
0.170000,0,0,0.00,0.0000,0.00497,0.00,50.333,1.132,56.99,22.032,22.027,0.001080,0.001195,0.000263,0.057,22.003,idle_or_transition
0.175000,0,0,0.00,0.0053,0.00832,0.00,50.328,1.122,56.48,22.033,22.028,0.001323,0.002648,-0.000101,0.027,22.003,idle_or_transition
0.180000,0,0,0.00,0.0000,0.00278,0.00,50.328,1.246,62.73,22.034,22.029,0.001289,0.005607,0.002943,0.074,22.003,idle_or_transition
0.185000,0,0,0.00,0.0000,0.00525,0.00,50.283,1.165,58.59,22.034,22.030,0.003521,0.001316,0.001020,0.061,22.003,idle_or_transition
0.190000,0,0,0.18,0.0000,0.00366,0.00,50.309,1.180,59.36,22.035,22.031,0.003078,0.003601,0.001240,0.000,22.003,idle_or_transition
0.195000,0,0,0.00,0.0463,0.00000,0.00,50.285,1.187,59.69,22.036,22.032,0.001773,0.004217,0.003668,0.075,22.003,idle_or_transition
0.200000,0,0,0.00,0.1008,0.00292,0.00,50.324,1.136,57.17,22.037,22.032,-0.001255,0.004305,0.002022,0.091,22.003,idle_or_transition
0.205000,0,0,1.34,0.0111,0.00137,0.00,50.302,1.195,60.13,22.038,22.033,0.002929,0.003349,0.001262,0.071,22.003,idle_or_transition
0.210000,0,0,0.00,0.0000,0.00301,0.00,50.317,1.261,63.47,22.039,22.034,0.001023,0.006251,-0.000145,0.040,22.003,idle_or_transition
0.215000,0,0,0.00,0.0424,0.00000,0.00,50.307,1.179,59.32,22.040,22.035,0.002680,0.005557,0.000726,0.005,22.004,idle_or_transition
0.220000,0,0,3.17,0.0000,0.00168,0.00,50.310,1.134,57.04,22.041,22.036,0.000557,0.002066,0.002744,0.000,22.004,idle_or_transition
0.225000,0,0,7.18,0.0433,0.00000,0.00,50.309,1.196,60.18,22.042,22.036,0.005611,0.006533,0.002298,0.066,22.004,idle_or_transition
0.230000,0,0,3.45,0.0344,0.00093,0.00,50.300,1.102,55.43,22.043,22.037,-0.000972,0.004926,0.003804,0.086,22.004,idle_or_transition
0.235000,0,0,0.00,0.0519,0.00209,0.00,50.314,1.143,57.49,22.044,22.038,-0.001253,0.000800,-0.001016,0.000,22.004,idle_or_transition
0.240000,0,0,3.77,0.0047,0.00640,0.00,50.313,1.058,53.24,22.045,22.039,0.002460,0.003203,0.002543,0.000,22.004,idle_or_transition
0.245000,0,0,5.82,0.0819,0.00000,0.00,50.312,1.118,56.23,22.045,22.039,0.002922,0.005330,0.002861,0.047,22.004,idle_or_transition
0.250000,0,0,0.72,0.0224,0.00330,0.00,50.281,1.185,59.60,22.046,22.040,0.002742,0.001443,-0.000225,0.061,22.004,idle_or_transition
0.255000,0,0,0.00,0.0000,0.00793,0.00,50.319,1.055,53.07,22.047,22.041,0.004913,0.006171,0.001281,0.000,22.004,idle_or_transition
0.260000,0,0,0.25,0.0000,0.00000,0.00,50.321,1.220,61.39,22.048,22.042,0.001552,0.003948,0.001393,0.003,22.004,idle_or_transition
0.265000,0,0,0.00,0.0477,0.00518,0.00,50.311,1.135,57.09,22.049,22.042,0.002443,0.002943,0.003045,0.120,22.004,idle_or_transition
0.270000,0,0,0.52,0.0000,0.00000,0.00,50.306,1.255,63.14,22.050,22.043,0.003051,0.003606,0.002567,0.000,22.004,idle_or_transition
0.275000,0,0,0.16,0.0000,0.00000,0.00,50.305,1.133,56.98,22.051,22.044,0.000166,0.002844,0.003011,0.027,22.005,idle_or_transition
0.280000,0,0,6.12,0.0981,0.00000,0.00,50.307,1.170,58.84,22.052,22.045,0.002257,0.006426,0.005023,0.000,22.005,idle_or_transition
0.285000,0,0,0.05,0.0009,0.00000,0.00,50.299,1.129,56.80,22.053,22.046,-0.001009,0.003358,0.001050,0.000,22.005,idle_or_transition
0.290000,0,0,0.00,0.0000,0.00000,0.00,50.308,1.109,55.78,22.054,22.046,0.002828,0.000801,0.002307,0.143,22.005,idle_or_transition
0.295000,0,0,2.91,0.0522,0.00608,0.00,50.311,1.163,58.50,22.055,22.047,0.001712,0.007059,0.003808,0.076,22.005,idle_or_transition
0.300000,0,0,3.80,0.0000,0.00000,0.00,50.286,1.127,56.69,22.055,22.048,0.003283,0.005929,0.001648,0.017,22.005,idle_or_transition
0.305000,0,0,0.00,0.0045,0.00512,0.00,50.299,1.058,53.21,22.056,22.049,-0.000753,0.004276,0.000346,0.000,22.005,idle_or_transition
0.310000,0,0,6.07,0.0059,0.00000,0.00,50.292,1.209,60.80,22.057,22.049,0.002627,0.007646,0.001912,0.039,22.005,idle_or_transition
0.315000,0,0,0.00,0.0000,0.00296,0.00,50.308,1.109,55.79,22.058,22.050,0.000300,0.002982,0.001958,0.174,22.005,idle_or_transition
0.320000,0,0,1.61,0.0222,0.00000,0.00,50.310,1.141,57.40,22.059,22.051,-0.000110,0.003300,0.003137,0.122,22.005,idle_or_transition
0.325000,0,0,0.00,0.0074,0.00000,0.00,50.292,1.246,62.65,22.060,22.052,0.002157,0.002510,0.002493,0.000,22.005,idle_or_transition
0.330000,0,0,0.73,0.0000,0.00000,0.00,50.304,1.094,55.02,22.061,22.053,0.001351,0.006662,0.001687,0.028,22.005,idle_or_transition
0.335000,0,0,0.00,0.0000,0.00000,0.00,50.343,1.130,56.89,22.062,22.053,0.001797,0.003249,0.002470,0.000,22.006,idle_or_transition
0.340000,0,0,0.00,0.0000,0.00000,0.00,50.327,1.252,62.99,22.063,22.054,-0.000450,0.002935,0.003738,0.000,22.006,idle_or_transition
0.345000,0,0,3.70,0.0000,0.00000,0.00,50.335,0.992,49.94,22.063,22.055,0.004348,0.000668,0.001034,0.000,22.006,idle_or_transition
0.350000,0,0,0.00,0.0000,0.00000,0.00,50.283,1.174,59.02,22.064,22.056,0.000442,0.003034,0.003080,0.108,22.006,idle_or_transition
0.355000,0,0,0.00,0.0000,0.00000,0.00,50.299,1.118,56.25,22.065,22.056,0.000787,0.002350,0.001435,0.051,22.006,idle_or_transition
0.360000,0,0,0.00,0.0000,0.00000,0.00,50.294,1.190,59.83,22.066,22.057,0.002615,0.003868,0.000407,0.026,22.006,idle_or_transition
0.365000,0,0,0.28,0.0000,0.00819,0.00,50.303,1.161,58.40,22.067,22.058,0.001957,0.005762,0.002232,0.008,22.006,idle_or_transition
0.370000,0,0,0.00,0.0735,0.00000,0.00,50.313,1.179,59.31,22.068,22.059,0.003091,0.002460,0.002234,0.000,22.006,idle_or_transition
0.375000,0,0,2.05,0.0168,0.00083,0.00,50.293,1.183,59.49,22.069,22.059,-0.000627,0.005688,0.000681,0.000,22.006,idle_or_transition
0.380000,0,0,0.54,0.0000,0.00000,0.00,50.308,1.200,60.36,22.070,22.060,0.001462,0.001043,0.003682,0.147,22.006,idle_or_transition
0.385000,0,0,1.55,0.0000,0.00000,0.00,50.284,1.128,56.75,22.071,22.061,0.001976,0.002854,0.002855,0.000,22.006,idle_or_transition
0.390000,0,0,0.00,0.0000,0.00409,0.00,50.314,1.130,56.88,22.071,22.062,0.001605,0.001537,0.003615,0.000,22.006,idle_or_transition
0.395000,0,0,0.00,0.0314,0.00000,0.00,50.317,1.212,60.99,22.072,22.063,0.003816,0.004373,0.001387,0.000,22.007,idle_or_transition
0.400000,0,0,1.73,0.0000,0.00245,0.00,50.331,1.211,60.94,22.073,22.063,0.002157,0.000277,0.001400,0.000,22.007,idle_or_transition
0.405000,0,0,0.00,0.0330,0.00000,0.00,50.312,1.073,53.98,22.074,22.064,0.002430,0.005921,0.001544,0.000,22.007,idle_or_transition
0.410000,0,0,1.98,0.0364,0.00821,0.00,50.303,1.149,57.79,22.075,22.065,0.005081,0.004312,0.001682,0.117,22.007,idle_or_transition
0.415000,0,0,3.20,0.0456,0.00201,0.00,50.307,1.120,56.33,22.076,22.066,0.001051,0.001658,0.001537,0.046,22.007,idle_or_transition
0.420000,0,0,0.00,0.0401,0.00000,0.00,50.285,1.247,62.69,22.077,22.066,0.000661,0.003328,0.003876,0.012,22.007,idle_or_transition
0.425000,0,0,2.00,0.0619,0.00000,0.00,50.316,1.037,52.16,22.078,22.067,0.002941,0.002588,0.002594,0.002,22.007,idle_or_transition
0.430000,0,0,0.00,0.0814,0.00714,0.00,50.285,1.195,60.10,22.079,22.068,-0.001005,0.006708,0.000793,0.000,22.007,idle_or_transition
0.435000,0,0,2.35,0.0000,0.00000,0.00,50.310,1.164,58.54,22.079,22.069,0.000672,-0.000276,0.005350,0.000,22.007,idle_or_transition
0.440000,0,0,0.00,0.0139,0.00000,0.00,50.307,1.288,64.79,22.080,22.069,0.001956,0.002195,0.004983,0.000,22.007,idle_or_transition
0.445000,0,0,0.17,0.0000,0.00306,0.00,50.285,1.134,57.04,22.081,22.070,0.000994,0.005849,0.001161,0.000,22.007,idle_or_transition
0.450000,0,0,1.27,0.0000,0.00000,0.00,50.282,1.141,57.37,22.082,22.071,0.003506,0.003306,0.003051,0.040,22.007,idle_or_transition
0.455000,0,0,2.07,0.0000,0.00000,0.00,50.321,1.050,52.83,22.083,22.072,0.002290,0.007323,0.000837,0.158,22.008,idle_or_transition
0.460000,0,0,0.00,0.0152,0.00000,0.00,50.313,1.109,55.79,22.084,22.072,0.000453,0.006390,0.002970,0.056,22.008,idle_or_transition
0.465000,0,0,2.83,0.0302,0.00525,0.00,50.294,1.114,56.04,22.085,22.073,0.001551,0.004599,0.001338,0.032,22.008,idle_or_transition
0.470000,0,0,0.00,0.0601,0.00395,0.00,50.325,1.187,59.75,22.086,22.074,0.002029,0.002801,0.001084,0.050,22.008,idle_or_transition
0.475000,0,0,0.00,0.0000,0.00000,0.00,50.320,1.171,58.93,22.086,22.075,0.002376,0.005381,0.004104,0.058,22.008,idle_or_transition
0.480000,0,0,0.00,0.0000,0.00000,0.00,50.303,1.209,60.79,22.087,22.075,0.002822,0.004440,0.000205,0.036,22.008,idle_or_transition
0.485000,0,0,1.36,0.0000,0.00000,0.00,50.298,1.213,60.99,22.088,22.076,0.001646,0.001417,0.004077,0.050,22.008,idle_or_transition
0.490000,0,0,2.64,0.0614,0.00047,0.00,50.292,1.252,62.96,22.089,22.077,0.002534,0.004207,0.002231,0.000,22.008,idle_or_transition
0.495000,0,0,0.00,0.0069,0.00435,0.00,50.315,1.227,61.71,22.090,22.078,0.001202,0.005286,0.003715,0.010,22.008,idle_or_transition
0.500000,0,0,3.17,0.0027,0.00000,0.00,50.303,1.169,58.81,22.091,22.079,0.002963,0.003268,0.002425,0.000,22.008,idle_or_transition
0.505000,0,0,0.30,0.0000,0.00000,0.00,50.302,1.094,55.01,22.092,22.079,0.001255,0.003001,0.000348,0.000,22.008,idle_or_transition
0.510000,0,0,0.00,0.0627,0.00061,0.00,50.287,1.272,63.96,22.093,22.080,0.004211,0.003935,0.002424,0.000,22.008,idle_or_transition
0.515000,0,0,0.00,0.0000,0.00000,0.00,50.319,1.234,62.10,22.094,22.081,0.001233,0.006010,0.002462,0.000,22.009,idle_or_transition
0.520000,0,0,0.00,0.0000,0.00000,0.00,50.292,1.221,61.41,22.095,22.082,0.004094,0.004678,0.004456,0.030,22.009,idle_or_transition
0.525000,0,0,0.00,0.0581,0.00000,0.00,50.303,1.189,59.83,22.096,22.082,0.002198,0.005006,-0.000110,0.000,22.009,idle_or_transition
0.530000,0,0,1.05,0.0141,0.00000,0.00,50.273,1.145,57.58,22.097,22.083,0.001359,0.003988,0.000052,0.000,22.009,idle_or_transition
0.535000,0,0,1.96,0.0482,0.00405,0.00,50.306,1.206,60.67,22.097,22.084,0.005516,0.002734,0.002408,0.000,22.009,idle_or_transition
0.540000,0,0,0.00,0.0000,0.00000,0.00,50.297,1.131,56.88,22.098,22.085,-0.001603,0.001689,0.001946,0.026,22.009,idle_or_transition
0.545000,0,0,0.00,0.0304,0.00000,0.00,50.275,1.244,62.53,22.099,22.085,0.005171,0.005378,0.003548,0.000,22.009,idle_or_transition
0.550000,0,0,3.64,0.0078,0.00563,0.00,50.322,1.188,59.78,22.100,22.086,0.004406,0.006827,0.003634,0.000,22.009,idle_or_transition
0.555000,0,0,1.98,0.0702,0.00000,0.00,50.285,1.197,60.18,22.101,22.087,0.001543,0.001379,0.002354,0.068,22.009,idle_or_transition
0.560000,0,0,0.00,0.0000,0.00103,0.00,50.341,1.104,55.56,22.102,22.088,0.002615,0.001808,0.000425,0.041,22.009,idle_or_transition
0.565000,0,0,3.89,0.0000,0.00000,0.00,50.296,1.123,56.48,22.103,22.088,0.002792,0.007150,0.001786,0.029,22.009,idle_or_transition
0.570000,0,0,0.00,0.0008,0.00537,0.00,50.332,1.094,55.04,22.104,22.089,0.003790,0.004443,0.004411,0.000,22.009,idle_or_transition
0.575000,0,0,0.00,0.0297,0.00293,0.00,50.318,1.106,55.63,22.104,22.090,0.000896,0.003851,0.001520,0.000,22.010,idle_or_transition
0.580000,0,0,1.84,0.0182,0.00106,0.00,50.304,1.108,55.74,22.105,22.091,0.005406,0.002928,0.001176,0.000,22.010,idle_or_transition
0.585000,0,0,5.04,0.0369,0.00038,0.00,50.328,1.114,56.05,22.106,22.091,0.003307,0.006558,0.000968,0.062,22.010,idle_or_transition
0.590000,0,0,0.00,0.0000,0.00000,0.00,50.312,1.068,53.75,22.107,22.092,-0.001025,0.005417,-0.000343,0.062,22.010,idle_or_transition
0.595000,0,0,0.00,0.0291,0.00592,0.00,50.322,1.146,57.65,22.108,22.093,0.003533,0.003211,0.002631,0.000,22.010,idle_or_transition
0.600000,0,0,0.86,0.0748,0.00506,0.00,50.313,1.054,53.01,22.109,22.093,0.001846,0.002731,-0.000297,0.034,22.010,idle_or_transition
0.605000,0,0,3.30,0.0000,0.00694,0.00,50.299,1.197,60.22,22.109,22.094,0.004349,0.004737,0.001644,0.000,22.010,idle_or_transition
0.610000,0,0,0.00,0.0000,0.00498,0.00,50.306,1.193,60.04,22.110,22.095,-0.000755,0.006763,-0.000463,0.020,22.010,idle_or_transition
0.615000,0,0,0.00,0.0000,0.00000,0.00,50.305,1.163,58.52,22.111,22.096,0.001634,0.004609,0.000070,0.009,22.010,idle_or_transition
0.620000,0,0,2.22,0.0243,0.00000,0.00,50.303,1.182,59.44,22.112,22.096,0.003893,0.004670,0.000857,0.040,22.010,idle_or_transition
0.625000,0,0,4.82,0.0000,0.00822,0.00,50.294,1.188,59.77,22.113,22.097,0.005278,0.004981,0.003305,0.000,22.010,idle_or_transition
0.630000,0,0,1.67,0.0000,0.00000,0.00,50.301,1.232,61.98,22.114,22.098,0.000705,0.004103,-0.000211,0.092,22.010,idle_or_transition
0.635000,0,0,0.00,0.0000,0.00254,0.00,50.310,1.270,63.91,22.115,22.099,0.003488,0.003153,-0.000656,0.039,22.011,idle_or_transition
0.640000,0,0,2.18,0.0186,0.00000,0.00,50.314,1.119,56.30,22.116,22.099,-0.000066,0.006127,0.000532,0.000,22.011,idle_or_transition
0.645000,0,0,0.00,0.0000,0.00000,0.00,50.298,1.148,57.75,22.117,22.100,0.000347,0.002113,0.003624,0.000,22.011,idle_or_transition
0.650000,0,0,1.23,0.0000,0.00000,0.00,50.308,1.186,59.67,22.117,22.101,0.003002,0.003272,0.003240,0.032,22.011,idle_or_transition
0.655000,0,0,0.00,0.0000,0.00000,0.00,50.291,1.263,63.53,22.118,22.102,0.001165,0.001648,0.003544,0.024,22.011,idle_or_transition
0.660000,0,0,0.00,0.0000,0.00153,0.00,50.312,1.252,63.01,22.119,22.102,0.002512,0.001648,0.000842,0.026,22.011,idle_or_transition
0.665000,0,0,4.54,0.0000,0.00000,0.00,50.313,1.145,57.61,22.120,22.103,0.004053,0.005068,0.003036,0.000,22.011,idle_or_transition
0.670000,0,0,0.00,0.0000,0.00445,0.00,50.294,1.254,63.08,22.121,22.104,-0.000107,-0.000890,0.000687,0.011,22.011,idle_or_transition
0.675000,0,0,4.37,0.0243,0.00000,0.00,50.280,1.110,55.84,22.122,22.105,0.003310,0.003377,0.003059,0.012,22.011,idle_or_transition
0.680000,0,0,0.93,0.0287,0.00417,0.00,50.317,1.090,54.87,22.123,22.105,0.002053,0.005150,0.002443,0.018,22.011,idle_or_transition
0.685000,0,0,5.56,0.0495,0.00000,0.00,50.303,1.135,57.09,22.124,22.106,0.004619,0.000934,0.001919,0.078,22.011,idle_or_transition
0.690000,0,0,3.17,0.0000,0.00000,0.00,50.324,1.109,55.83,22.124,22.107,0.005010,0.006255,0.002515,0.089,22.011,idle_or_transition
0.695000,0,0,1.96,0.0396,0.00101,0.00,50.304,1.167,58.71,22.125,22.107,0.003293,0.001718,0.004442,0.051,22.012,idle_or_transition
0.700000,0,0,3.24,0.0380,0.00013,0.00,50.346,0.972,48.92,22.126,22.108,0.000786,0.007954,0.001361,0.000,22.012,idle_or_transition
0.705000,0,0,0.00,0.0894,0.00000,0.00,50.338,1.090,54.87,22.127,22.109,-0.000709,0.003189,-0.000196,0.000,22.012,idle_or_transition
0.710000,0,0,0.20,0.0000,0.00000,0.00,50.284,1.150,57.81,22.128,22.109,-0.001207,0.001727,-0.001089,0.033,22.012,idle_or_transition
0.715000,0,0,0.71,0.0074,0.00490,0.00,50.313,1.132,56.94,22.128,22.110,-0.000255,0.003178,0.000201,0.071,22.012,idle_or_transition
0.720000,0,0,0.05,0.0000,0.00000,0.00,50.304,1.135,57.10,22.129,22.111,-0.000782,0.005292,0.002246,0.000,22.012,idle_or_transition
0.725000,0,0,0.00,0.0128,0.00997,0.00,50.306,1.169,58.80,22.130,22.112,0.005106,0.001928,0.004178,0.010,22.012,idle_or_transition
0.730000,0,0,2.07,0.0092,0.00000,0.00,50.312,1.093,55.00,22.131,22.112,0.001700,0.003991,0.001771,0.017,22.012,idle_or_transition
0.735000,0,0,3.61,0.0000,0.00134,0.00,50.283,1.101,55.38,22.132,22.113,0.004191,0.006668,0.005706,0.071,22.012,idle_or_transition
0.740000,0,0,0.00,0.0000,0.00000,0.00,50.299,1.161,58.41,22.133,22.114,0.001309,0.006075,0.001816,0.000,22.012,idle_or_transition
0.745000,0,0,8.24,0.0081,0.00000,0.00,50.279,1.124,56.53,22.133,22.114,0.004825,0.008160,0.002934,0.139,22.012,idle_or_transition
0.750000,0,0,2.05,0.0000,0.00000,0.00,50.330,1.065,53.58,22.134,22.115,0.003822,0.003585,0.003447,0.064,22.012,idle_or_transition
0.755000,0,0,0.00,0.0155,0.00000,0.00,50.347,1.117,56.25,22.135,22.116,0.002680,0.005976,-0.000390,0.000,22.013,idle_or_transition
0.760000,0,0,1.68,0.0475,0.00000,0.00,50.328,1.076,54.16,22.136,22.116,0.001918,0.006065,0.003383,0.145,22.013,idle_or_transition
0.765000,0,0,0.61,0.0000,0.00000,0.00,50.304,1.149,57.81,22.137,22.117,0.004661,0.003033,0.005056,0.123,22.013,idle_or_transition
0.770000,0,0,0.00,0.0000,0.00584,0.00,50.291,1.253,63.00,22.138,22.118,-0.000197,0.000857,0.003301,0.000,22.013,idle_or_transition
0.775000,0,0,5.29,0.0184,0.00609,0.00,50.292,1.139,57.28,22.138,22.119,0.005719,0.006303,0.003181,0.000,22.013,idle_or_transition
0.780000,0,0,0.00,0.0168,0.00000,0.00,50.293,1.095,55.05,22.139,22.119,0.001789,0.003415,0.003996,0.000,22.013,idle_or_transition
0.785000,0,0,1.97,0.0311,0.00000,0.00,50.321,1.045,52.59,22.140,22.120,0.004486,0.004307,0.001402,0.085,22.013,idle_or_transition
0.790000,0,0,2.53,0.0383,0.00669,0.00,50.299,1.149,57.78,22.141,22.121,0.002985,0.005054,0.001667,0.000,22.013,idle_or_transition
0.795000,0,0,3.63,0.0019,0.00363,0.00,50.313,1.228,61.79,22.142,22.121,0.000749,0.005058,0.003076,0.025,22.013,idle_or_transition
0.800000,0,0,1.07,0.0084,0.00000,0.00,50.312,1.116,56.13,22.143,22.122,0.002107,0.003930,0.002333,0.104,22.013,idle_or_transition
0.805000,0,0,1.30,0.0223,0.00000,0.00,50.299,1.075,54.08,22.143,22.123,0.001171,0.006169,0.002236,0.081,22.013,idle_or_transition
0.810000,0,0,0.00,0.1144,0.00000,0.00,50.327,1.180,59.37,22.144,22.123,0.000968,0.004806,-0.000681,0.067,22.013,idle_or_transition
0.815000,0,0,3.95,0.0359,0.00228,0.00,50.304,1.161,58.40,22.145,22.124,0.001835,0.003709,0.001778,0.014,22.014,idle_or_transition
0.820000,0,0,0.00,0.0000,0.00000,0.00,50.306,1.151,57.89,22.146,22.125,0.000559,0.000756,-0.000252,0.033,22.014,idle_or_transition
0.825000,0,0,1.31,0.0531,0.00000,0.00,50.315,1.137,57.18,22.147,22.125,-0.000997,0.005452,0.000536,0.028,22.014,idle_or_transition
0.830000,0,0,0.00,0.0349,0.00000,0.00,50.349,1.005,50.58,22.147,22.126,0.002717,0.004498,0.002512,0.004,22.014,idle_or_transition
0.835000,0,0,0.48,0.0000,0.00000,0.00,50.298,1.165,58.60,22.148,22.127,0.002270,0.007036,0.003643,0.000,22.014,idle_or_transition
0.840000,0,0,2.98,0.0000,0.00349,0.00,50.322,1.071,53.88,22.149,22.127,0.003194,0.008473,0.002052,0.000,22.014,idle_or_transition
0.845000,0,0,0.00,0.0066,0.00300,0.00,50.321,1.226,61.70,22.150,22.128,0.003072,0.002197,-0.000741,0.024,22.014,idle_or_transition
0.850000,0,0,0.18,0.0000,0.00000,0.00,50.302,1.129,56.77,22.151,22.129,-0.001376,0.002291,0.001021,0.000,22.014,idle_or_transition
0.855000,0,0,0.00,0.0000,0.00780,0.00,50.323,1.030,51.81,22.152,22.129,-0.002461,0.003241,0.003112,0.019,22.014,idle_or_transition
0.860000,0,0,0.00,0.0657,0.00000,0.00,50.337,1.087,54.74,22.152,22.130,0.005482,-0.001764,0.004063,0.000,22.014,idle_or_transition
0.865000,0,0,0.00,0.0000,0.00000,0.00,50.327,1.026,51.62,22.153,22.131,0.000770,0.001677,0.002046,0.000,22.014,idle_or_transition
0.870000,0,0,0.00,0.0050,0.00170,0.00,50.310,1.084,54.52,22.154,22.131,0.005177,0.001576,-0.000182,0.019,22.014,idle_or_transition
0.875000,0,0,0.00,0.0776,0.00138,0.00,50.307,1.126,56.67,22.155,22.132,0.000158,0.002564,-0.001245,0.000,22.015,idle_or_transition
0.880000,0,0,2.24,0.0000,0.00000,0.00,50.312,1.172,58.98,22.155,22.133,0.001155,0.006433,0.004168,0.000,22.015,idle_or_transition
0.885000,0,0,0.00,0.0763,0.00000,0.00,50.301,1.170,58.88,22.156,22.133,0.002193,0.002261,0.002321,0.092,22.015,idle_or_transition
0.890000,0,0,0.00,0.0178,0.00000,0.00,50.292,1.159,58.30,22.157,22.134,0.000995,0.004365,0.002538,0.000,22.015,idle_or_transition
0.895000,0,0,0.00,0.0000,0.00045,0.00,50.292,1.125,56.56,22.158,22.135,-0.002026,0.000889,0.001874,0.000,22.015,idle_or_transition
0.900000,0,0,5.00,0.0049,0.00314,0.00,50.321,1.067,53.69,22.159,22.135,0.004726,0.004511,0.003721,0.000,22.015,idle_or_transition
0.905000,0,0,2.08,0.0330,0.00236,0.00,50.325,1.136,57.15,22.160,22.136,0.004003,0.004798,0.003089,0.010,22.015,idle_or_transition
0.910000,0,0,5.24,0.0377,0.00656,0.00,50.292,1.149,57.80,22.160,22.137,0.003940,0.004757,0.000738,0.000,22.015,idle_or_transition
0.915000,0,0,0.00,0.0000,0.00087,0.00,50.306,1.160,58.35,22.161,22.138,-0.000230,0.001291,0.000379,0.032,22.015,idle_or_transition
0.920000,0,0,0.91,0.0000,0.00000,0.00,50.324,1.146,57.68,22.162,22.138,0.003536,0.006658,0.003044,0.000,22.015,idle_or_transition
0.925000,0,0,0.92,0.0000,0.00000,0.00,50.282,1.258,63.26,22.163,22.139,-0.000867,0.004064,0.002091,0.000,22.015,idle_or_transition
0.930000,0,0,1.89,0.0586,0.00000,0.00,50.306,1.083,54.51,22.164,22.140,0.002475,0.004410,0.005881,0.000,22.015,idle_or_transition
0.935000,0,0,2.00,0.0023,0.00000,0.00,50.280,1.163,58.47,22.165,22.140,0.003320,0.002344,0.001744,0.080,22.016,idle_or_transition
0.940000,0,0,0.00,0.0805,0.00109,0.00,50.281,1.260,63.35,22.165,22.141,0.003357,0.005819,0.003620,0.042,22.016,idle_or_transition
0.945000,0,0,1.62,0.1099,0.00000,0.00,50.300,1.205,60.60,22.166,22.142,0.001111,0.004562,0.002770,0.080,22.016,idle_or_transition
0.950000,0,0,1.16,0.0000,0.00350,0.00,50.304,1.289,64.84,22.167,22.143,0.001678,0.003592,0.001968,0.045,22.016,idle_or_transition
0.955000,0,0,0.00,0.0000,0.00347,0.00,50.309,1.159,58.31,22.168,22.143,0.000587,0.001084,0.001712,0.017,22.016,idle_or_transition
0.960000,0,0,4.38,0.0000,0.00475,0.00,50.322,1.171,58.90,22.169,22.144,0.002946,0.009720,0.001368,0.067,22.016,idle_or_transition
0.965000,0,0,3.57,0.0210,0.00335,0.00,50.310,1.039,52.27,22.170,22.145,0.004711,0.003531,0.001487,0.038,22.016,idle_or_transition
0.970000,0,0,0.00,0.0457,0.00000,0.00,50.317,1.235,62.14,22.171,22.145,0.001333,0.002404,0.002490,0.000,22.016,idle_or_transition
0.975000,0,0,0.45,0.0000,0.00000,0.00,50.296,1.122,56.44,22.171,22.146,0.001329,0.003742,0.000386,0.000,22.016,idle_or_transition
0.980000,0,0,2.14,0.0000,0.00000,0.00,50.298,1.150,57.86,22.172,22.147,0.004676,0.005429,0.004089,0.043,22.016,idle_or_transition
0.985000,0,0,4.56,0.0000,0.00164,0.00,50.310,1.239,62.32,22.173,22.147,0.003081,0.002351,0.005346,0.000,22.016,idle_or_transition
0.990000,0,0,0.00,0.0000,0.00482,0.00,50.268,1.154,58.00,22.174,22.148,0.003201,0.005012,0.001331,0.000,22.016,idle_or_transition
0.995000,0,0,0.00,0.0000,0.00000,0.00,50.310,1.219,61.35,22.175,22.149,0.004184,0.005093,0.001803,0.030,22.017,idle_or_transition
1.000000,0,0,0.00,0.0117,0.00000,0.00,50.296,1.114,56.04,22.176,22.149,0.002800,0.002607,0.000020,0.171,22.017,idle_or_transition
1.005000,0,0,1.03,0.0033,0.00342,0.00,50.313,1.136,57.18,22.176,22.150,0.002755,0.004452,0.003929,0.000,22.017,idle_or_transition
1.010000,0,0,0.00,0.1055,0.00000,0.00,50.308,1.107,55.69,22.177,22.151,0.002291,0.005353,0.000862,0.000,22.017,idle_or_transition
1.015000,0,0,3.72,0.0253,0.00456,0.00,50.292,1.178,59.26,22.178,22.152,0.000788,0.007149,0.003433,0.000,22.017,idle_or_transition
1.020000,0,0,3.61,0.0000,0.00069,0.00,50.283,1.260,63.34,22.179,22.152,0.006524,0.003705,0.003260,0.000,22.017,idle_or_transition
1.025000,0,0,1.89,0.0000,0.00000,0.00,50.296,1.139,57.28,22.180,22.153,0.001991,0.004044,0.002419,0.084,22.017,idle_or_transition
1.030000,0,0,1.72,0.0000,0.00104,0.00,50.308,1.262,63.49,22.181,22.154,0.001907,0.002891,0.003174,0.000,22.017,idle_or_transition
1.035000,0,0,0.00,0.0040,0.00000,0.00,50.320,1.028,51.72,22.181,22.154,0.000518,0.005335,0.001007,0.026,22.017,idle_or_transition
1.040000,0,0,1.84,0.0550,0.00000,0.00,50.306,1.119,56.30,22.182,22.155,-0.000418,0.005006,0.004486,0.000,22.017,idle_or_transition
1.045000,0,0,1.06,0.0111,0.00000,0.00,50.303,1.060,53.30,22.183,22.156,0.004219,0.004934,0.000764,0.018,22.017,idle_or_transition
1.050000,0,0,0.00,0.0233,0.00000,0.00,50.302,1.087,54.68,22.184,22.156,0.004025,0.005620,-0.000421,0.000,22.017,idle_or_transition
1.055000,0,0,0.00,0.0173,0.00000,0.00,50.311,1.084,54.56,22.184,22.157,-0.000159,0.004967,0.001121,0.000,22.018,idle_or_transition
1.060000,0,0,4.66,0.0000,0.00108,0.00,50.315,1.169,58.81,22.185,22.157,0.006991,0.007072,0.005374,0.057,22.018,idle_or_transition
1.065000,0,0,3.52,0.0000,0.00000,0.00,50.285,1.265,63.61,22.186,22.158,0.004881,0.004945,0.002689,0.064,22.018,idle_or_transition
1.070000,0,0,3.90,0.0706,0.00000,0.00,50.309,1.100,55.36,22.187,22.159,0.006130,0.006147,0.000605,0.000,22.018,idle_or_transition
1.075000,0,0,0.00,0.0000,0.00000,0.00,50.314,1.098,55.23,22.188,22.160,0.002807,0.006316,0.004422,0.000,22.018,idle_or_transition
1.080000,0,0,2.14,0.0000,0.00457,0.00,50.304,1.240,62.38,22.189,22.160,0.007701,0.003706,0.001841,0.055,22.018,idle_or_transition
1.085000,0,0,2.23,0.0000,0.00000,0.00,50.303,1.157,58.22,22.189,22.161,0.000651,0.001570,0.003508,0.000,22.018,idle_or_transition
1.090000,0,0,0.00,0.0778,0.00000,0.00,50.314,1.170,58.88,22.190,22.162,0.001716,0.003147,-0.000430,0.055,22.018,idle_or_transition
1.095000,0,0,4.31,0.0000,0.00000,0.00,50.310,1.282,64.49,22.191,22.162,0.007857,0.007407,0.000814,0.000,22.018,idle_or_transition
1.100000,0,0,1.04,0.0346,0.00000,0.00,50.291,1.197,60.21,22.192,22.163,0.003374,0.003129,0.000985,0.135,22.018,idle_or_transition
1.105000,0,0,0.00,0.0000,0.00000,0.00,50.285,1.281,64.42,22.193,22.164,0.002505,0.003320,0.002254,0.002,22.018,idle_or_transition
1.110000,0,0,0.83,0.0428,0.00540,0.00,50.293,1.250,62.84,22.194,22.165,0.003217,0.004240,0.003478,0.000,22.018,idle_or_transition
1.115000,0,0,0.00,0.0502,0.00262,0.00,50.273,1.089,54.73,22.195,22.165,0.000890,0.002520,0.000777,0.000,22.019,idle_or_transition
1.120000,0,0,0.92,0.0000,0.00385,0.00,50.308,1.286,64.72,22.195,22.166,0.001893,0.003264,0.001508,0.000,22.019,idle_or_transition
1.125000,0,0,6.80,0.0000,0.00544,0.00,50.286,1.195,60.09,22.196,22.167,0.005641,0.003495,0.005046,0.000,22.019,idle_or_transition
1.130000,0,0,0.00,0.0000,0.00313,0.00,50.310,1.202,60.49,22.197,22.167,0.002175,0.002307,0.003752,0.000,22.019,idle_or_transition
1.135000,0,0,0.00,0.0000,0.00000,0.00,50.301,1.150,57.84,22.198,22.168,0.001416,0.003093,0.002211,0.000,22.019,idle_or_transition
1.140000,0,0,0.00,0.0311,0.00240,0.00,50.320,1.128,56.78,22.199,22.169,-0.000893,0.003958,0.003286,0.052,22.019,idle_or_transition
1.145000,0,0,0.00,0.0000,0.00736,0.00,50.332,1.143,57.55,22.199,22.169,-0.001184,0.005196,0.001315,0.000,22.019,idle_or_transition
1.150000,0,0,0.00,0.0275,0.00007,0.00,50.312,1.153,58.00,22.200,22.170,0.002235,0.005777,0.002114,0.000,22.019,idle_or_transition
1.155000,0,0,1.27,0.0019,0.00000,0.00,50.296,1.165,58.58,22.201,22.171,0.001788,0.006376,0.000728,0.041,22.019,idle_or_transition
1.160000,0,0,1.26,0.0000,0.00000,0.00,50.314,1.208,60.78,22.202,22.171,0.002879,0.003059,0.001790,0.000,22.019,idle_or_transition
1.165000,0,0,1.52,0.0035,0.00000,0.00,50.306,1.171,58.93,22.203,22.172,-0.000990,0.005273,0.003531,0.000,22.019,idle_or_transition
1.170000,0,0,4.50,0.0160,0.00000,0.00,50.303,1.202,60.48,22.204,22.173,0.003971,0.004622,0.003974,0.000,22.019,idle_or_transition
1.175000,0,0,0.00,0.0000,0.00296,0.00,50.298,1.230,61.87,22.204,22.173,0.000771,0.006031,-0.000480,0.000,22.020,idle_or_transition
1.180000,0,0,0.00,0.0037,0.00377,0.00,50.301,1.136,57.12,22.205,22.174,0.001070,0.001818,0.001315,0.013,22.020,idle_or_transition
1.185000,0,0,0.00,0.0358,0.00314,0.00,50.312,1.266,63.70,22.206,22.175,0.003019,0.002496,-0.001759,0.000,22.020,idle_or_transition
1.190000,0,0,0.00,0.0000,0.00236,0.00,50.306,1.218,61.28,22.207,22.176,-0.002150,0.004623,0.002671,0.081,22.020,idle_or_transition
1.195000,0,0,4.42,0.0493,0.00558,0.00,50.279,1.134,57.02,22.208,22.176,0.003227,0.005196,0.005060,0.042,22.020,idle_or_transition
1.200000,0,0,0.00,0.0127,0.00000,0.00,50.293,1.128,56.74,22.209,22.177,0.003292,0.001555,-0.000163,0.048,22.020,idle_or_transition
1.205000,0,0,0.00,0.0000,0.00014,0.00,50.280,1.252,62.95,22.209,22.178,0.002924,0.004713,0.001341,0.017,22.020,idle_or_transition
1.210000,0,0,0.15,0.0723,0.00293,0.00,50.255,1.225,61.56,22.210,22.178,0.002837,0.002716,-0.000787,0.007,22.020,idle_or_transition
1.215000,0,0,0.37,0.0721,0.00321,0.00,50.311,1.224,61.56,22.211,22.179,0.000545,0.004522,0.003856,0.000,22.020,idle_or_transition
1.220000,0,0,0.43,0.0000,0.00000,0.00,50.306,1.118,56.24,22.212,22.180,0.002478,0.004313,0.003838,0.000,22.020,idle_or_transition
1.225000,0,0,0.76,0.0000,0.00246,0.00,50.287,1.196,60.12,22.213,22.180,0.001719,0.001444,0.000773,0.000,22.020,idle_or_transition
1.230000,0,0,0.00,0.0000,0.00984,0.00,50.300,1.068,53.72,22.213,22.181,0.000959,0.003833,0.001429,0.058,22.020,idle_or_transition
1.235000,0,0,0.00,0.0043,0.00208,0.00,50.291,1.228,61.75,22.214,22.182,-0.000333,0.004579,0.002634,0.000,22.021,idle_or_transition
1.240000,0,0,0.00,0.0000,0.00347,0.00,50.296,1.218,61.24,22.215,22.182,0.001184,0.004148,0.002152,0.029,22.021,idle_or_transition
1.245000,0,0,0.00,0.0159,0.00000,0.00,50.300,1.139,57.29,22.216,22.183,-0.001546,0.001793,0.002110,0.000,22.021,idle_or_transition
1.250000,0,0,2.44,0.0106,0.00000,0.00,50.323,1.138,57.25,22.217,22.184,0.003437,0.005545,0.002453,0.013,22.021,idle_or_transition
1.255000,0,0,0.69,0.0000,0.00000,0.00,50.302,1.153,57.98,22.218,22.184,0.002920,0.001679,0.002432,0.000,22.021,idle_or_transition
1.260000,0,0,2.65,0.0283,0.00495,0.00,50.324,1.118,56.25,22.218,22.185,0.002771,0.006712,0.001194,0.000,22.021,idle_or_transition
1.265000,0,0,0.00,0.0113,0.00236,0.00,50.323,1.050,52.86,22.219,22.185,-0.000163,0.002644,0.002866,0.039,22.021,idle_or_transition
1.270000,0,0,1.19,0.0163,0.00000,0.00,50.281,1.112,55.91,22.220,22.186,0.001435,0.003500,0.004472,0.000,22.021,idle_or_transition
1.275000,0,0,2.51,0.0190,0.00022,0.00,50.328,1.050,52.82,22.220,22.187,0.003612,0.006568,0.001142,0.000,22.021,idle_or_transition
1.280000,0,0,0.00,0.0000,0.00000,0.00,50.323,1.098,55.26,22.221,22.187,0.002054,0.002699,-0.000361,0.000,22.021,idle_or_transition
1.285000,0,0,0.00,0.0245,0.00130,0.00,50.300,1.111,55.87,22.222,22.188,0.003615,0.000682,0.004673,0.028,22.021,idle_or_transition
1.290000,0,0,5.21,0.0000,0.00054,0.00,50.311,1.052,52.95,22.223,22.188,0.008305,0.008029,-0.000703,0.000,22.021,idle_or_transition
1.295000,0,0,0.00,0.0769,0.00523,0.00,50.326,1.033,52.00,22.223,22.189,-0.000614,-0.000744,0.005155,0.000,22.022,idle_or_transition
1.300000,0,0,0.00,0.0000,0.00504,0.00,50.333,1.137,57.21,22.224,22.190,0.000409,0.003193,0.002469,0.006,22.022,idle_or_transition
1.305000,0,0,0.00,0.0004,0.00439,0.00,50.291,1.295,65.12,22.225,22.190,-0.000580,0.002115,0.001696,0.000,22.022,idle_or_transition
1.310000,0,0,0.00,0.0632,0.00000,0.00,50.286,1.255,63.09,22.226,22.191,-0.000378,0.006084,0.001281,0.008,22.022,idle_or_transition
1.315000,0,0,0.00,0.0000,0.00000,0.00,50.310,1.094,55.04,22.227,22.192,0.003265,0.003259,0.001848,0.000,22.022,idle_or_transition
1.320000,0,0,3.16,0.0000,0.00000,0.00,50.323,1.121,56.42,22.227,22.192,0.009301,0.003713,0.005000,0.111,22.022,idle_or_transition
1.325000,0,0,3.69,0.0000,0.00000,0.00,50.297,1.216,61.14,22.228,22.193,0.003077,0.007651,0.002582,0.115,22.022,idle_or_transition
1.330000,0,0,0.00,0.0000,0.00000,0.00,50.307,1.119,56.29,22.229,22.194,0.003613,0.001760,0.001626,0.000,22.022,idle_or_transition
1.335000,0,0,4.90,0.0000,0.00000,0.00,50.315,1.121,56.39,22.230,22.194,0.005737,0.005497,0.002107,0.082,22.022,idle_or_transition
1.340000,0,0,0.69,0.0000,0.00068,0.00,50.310,1.087,54.69,22.231,22.195,0.003193,0.003214,0.002185,0.081,22.022,idle_or_transition
1.345000,0,0,1.05,0.0000,0.00410,0.00,50.290,1.167,58.69,22.231,22.195,0.003282,0.004512,0.001251,0.070,22.022,idle_or_transition
1.350000,0,0,0.00,0.0582,0.00353,0.00,50.321,1.147,57.74,22.232,22.196,0.000922,0.005741,-0.000580,0.005,22.022,idle_or_transition
1.355000,0,0,0.08,0.0440,0.00000,0.00,50.301,1.190,59.86,22.233,22.197,0.002027,0.005162,0.002308,0.000,22.023,idle_or_transition
1.360000,0,0,1.52,0.0000,0.00051,0.00,50.309,1.239,62.34,22.234,22.197,0.005317,0.004087,0.000034,0.158,22.023,idle_or_transition
1.365000,0,0,4.76,0.0000,0.00302,0.00,50.305,1.030,51.79,22.234,22.198,0.006876,0.005216,0.001968,0.000,22.023,idle_or_transition
1.370000,0,0,1.78,0.0000,0.00000,0.00,50.293,1.106,55.61,22.235,22.199,0.005400,0.002998,0.003902,0.097,22.023,idle_or_transition
1.375000,0,0,0.00,0.0000,0.00638,0.00,50.308,1.078,54.25,22.236,22.199,0.002395,0.006585,0.002553,0.099,22.023,idle_or_transition
1.380000,0,0,0.08,0.0670,0.00618,0.00,50.342,1.088,54.78,22.237,22.200,0.002995,0.005698,0.001081,0.000,22.023,idle_or_transition
1.385000,0,0,0.00,0.0310,0.00364,0.00,50.315,1.065,53.60,22.237,22.200,0.003813,0.004205,0.001775,0.000,22.023,idle_or_transition
1.390000,0,0,0.00,0.0000,0.00000,0.00,50.324,1.058,53.23,22.238,22.201,0.002264,0.001910,-0.000221,0.000,22.023,idle_or_transition
1.395000,0,0,0.00,0.0000,0.00438,0.00,50.290,1.052,52.92,22.239,22.201,0.000528,0.003976,0.001243,0.000,22.023,idle_or_transition
1.400000,0,0,0.00,0.0000,0.00000,0.00,50.296,1.158,58.24,22.240,22.202,0.000095,0.002499,0.002324,0.005,22.023,idle_or_transition
1.405000,0,0,5.21,0.0000,0.00000,0.00,50.308,1.128,56.76,22.240,22.203,0.005878,0.007223,0.002984,0.056,22.023,idle_or_transition
1.410000,0,0,7.37,0.0474,0.00000,0.00,50.268,1.268,63.75,22.241,22.203,0.005343,0.002888,0.000047,0.016,22.023,idle_or_transition
1.415000,0,0,0.00,0.0431,0.00813,0.00,50.297,1.085,54.59,22.242,22.204,-0.000277,0.004120,0.000268,0.021,22.024,idle_or_transition
1.420000,0,0,1.11,0.0000,0.00000,0.00,50.304,1.207,60.71,22.243,22.205,0.003379,0.005161,0.002846,0.000,22.024,idle_or_transition
1.425000,0,0,0.00,0.0000,0.00434,0.00,50.298,1.119,56.30,22.243,22.205,0.003771,0.007409,0.001230,0.113,22.024,idle_or_transition
1.430000,0,0,1.97,0.0014,0.00000,0.00,50.331,1.117,56.24,22.244,22.206,0.004384,0.001112,0.000272,0.000,22.024,idle_or_transition
1.435000,0,0,0.00,0.0000,0.00199,0.00,50.300,1.158,58.24,22.245,22.207,0.002670,0.001116,0.002041,0.000,22.024,idle_or_transition
1.440000,0,0,3.70,0.0136,0.00000,0.00,50.303,1.095,55.08,22.246,22.207,0.003312,0.007792,-0.000793,0.000,22.024,idle_or_transition
1.445000,0,0,0.09,0.0378,0.00467,0.00,50.302,1.102,55.42,22.246,22.208,-0.000399,0.003748,0.001753,0.040,22.024,idle_or_transition
1.450000,0,0,0.14,0.0000,0.00233,0.00,50.328,1.101,55.44,22.247,22.208,-0.000235,0.005696,0.003067,0.002,22.024,idle_or_transition
1.455000,0,0,4.26,0.0265,0.00000,0.00,50.296,1.280,64.37,22.248,22.209,0.004431,0.005718,0.001291,0.002,22.024,idle_or_transition
1.460000,0,0,0.00,0.0810,0.00181,0.00,50.317,1.146,57.65,22.249,22.210,0.000887,0.003570,0.001429,0.000,22.024,idle_or_transition
1.465000,0,0,0.97,0.0000,0.00575,0.00,50.300,1.157,58.20,22.250,22.210,0.003423,0.005394,0.002735,0.000,22.024,idle_or_transition
1.470000,0,0,0.00,0.0000,0.00000,0.00,50.310,1.173,58.99,22.250,22.211,0.002372,0.005976,0.000589,0.000,22.024,idle_or_transition
1.475000,0,0,0.00,0.0623,0.00158,0.00,50.318,1.251,62.95,22.251,22.212,-0.000060,0.004266,0.000483,0.000,22.025,idle_or_transition
1.480000,0,0,0.00,0.0519,0.00037,0.00,50.321,0.991,49.86,22.252,22.212,0.001449,0.004616,0.002198,0.037,22.025,idle_or_transition
1.485000,0,0,0.00,0.0000,0.00120,0.00,50.307,1.203,60.54,22.253,22.213,0.001641,0.001254,0.001053,0.030,22.025,idle_or_transition
1.490000,0,0,1.44,0.0313,0.00000,0.00,50.282,1.236,62.16,22.254,22.213,0.002212,0.004649,0.003372,0.000,22.025,idle_or_transition
1.495000,0,0,0.00,0.0000,0.00000,0.00,50.290,1.130,56.83,22.254,22.214,0.005050,0.002785,0.002649,0.044,22.025,idle_or_transition
1.500000,1,30,23.83,0.0075,0.00000,0.00,50.299,1.136,57.16,22.255,22.215,-0.001338,-0.001492,0.005232,0.008,22.025,steady_run_1
1.505000,1,30,51.55,0.0271,0.00000,0.00,50.305,1.176,59.15,22.256,22.215,0.006258,0.003213,-0.001600,0.312,22.025,steady_run_1
1.510000,1,30,68.55,0.0000,0.00075,0.01,50.309,1.260,63.38,22.257,22.216,-0.003426,-0.000974,-0.000730,0.358,22.025,steady_run_1
1.515000,1,30,92.76,0.0255,0.00000,0.00,50.310,1.253,63.03,22.257,22.217,0.003923,-0.000091,-0.003931,0.386,22.025,steady_run_1
1.520000,1,30,115.66,0.0274,0.00000,0.00,50.321,1.236,62.21,22.258,22.217,-0.005929,0.000824,-0.001091,0.452,22.025,steady_run_1
1.525000,1,30,141.84,0.0494,0.00000,0.00,50.286,1.388,69.78,22.259,22.218,-0.004093,-0.007675,0.003658,0.574,22.025,steady_run_1
1.530000,1,30,165.06,0.0525,0.00324,0.06,50.316,1.177,59.20,22.260,22.219,0.006308,0.004271,0.000090,0.708,22.025,steady_run_1
1.535000,1,30,189.44,0.0000,0.01011,0.20,50.310,1.491,75.00,22.261,22.220,-0.007263,0.001974,-0.003637,0.810,22.026,steady_run_1
1.540000,1,30,211.96,0.0657,0.00654,0.15,50.305,1.341,67.48,22.262,22.220,-0.000456,-0.004443,-0.000689,0.961,22.026,steady_run_1
1.545000,1,30,233.37,0.0362,0.00000,0.00,50.261,1.478,74.31,22.263,22.221,0.002339,0.006811,0.003713,1.032,22.026,steady_run_1
1.550000,1,30,250.92,0.0002,0.00215,0.06,50.291,1.348,67.80,22.264,22.222,-0.003506,-0.005959,0.001475,1.002,22.026,steady_run_1
1.555000,1,30,277.99,0.0412,0.00193,0.06,50.273,1.393,70.02,22.265,22.223,0.012602,0.001634,-0.000244,1.137,22.026,steady_run_1
1.560000,1,30,296.26,0.0656,0.00628,0.19,50.272,1.415,71.15,22.266,22.224,-0.008180,-0.002209,-0.001684,1.302,22.026,steady_run_1
1.565000,1,30,323.26,0.0649,0.00215,0.07,50.270,1.524,76.63,22.267,22.224,-0.001538,-0.003897,-0.002121,1.272,22.026,steady_run_1
1.570000,1,30,341.47,0.0966,0.00407,0.15,50.241,1.516,76.15,22.268,22.225,-0.004772,0.003543,-0.002557,1.476,22.026,steady_run_1
1.575000,1,30,358.44,0.1516,0.00064,0.02,50.272,1.482,74.51,22.269,22.226,0.001477,-0.001389,-0.002891,1.470,22.026,steady_run_1
1.580000,1,30,379.79,0.1182,0.00717,0.29,50.267,1.535,77.17,22.270,22.227,0.001535,0.005695,0.005395,1.622,22.026,steady_run_1
1.585000,1,30,395.35,0.1967,0.00956,0.40,50.273,1.647,82.81,22.271,22.228,-0.000106,-0.001967,-0.000551,1.754,22.026,steady_run_1
1.590000,1,30,417.56,0.2418,0.00411,0.18,50.242,1.506,75.66,22.272,22.229,0.007437,0.011503,0.005670,1.715,22.026,steady_run_1
1.595000,1,30,446.90,0.1848,0.01059,0.50,50.226,1.799,90.36,22.274,22.230,-0.008226,0.002240,-0.003800,1.832,22.027,steady_run_1
1.600000,1,30,453.22,0.1820,0.00700,0.33,50.262,1.750,87.97,22.275,22.231,0.008986,0.009563,0.004638,2.044,22.027,steady_run_1
1.605000,1,30,478.11,0.2831,0.00987,0.49,50.256,1.703,85.58,22.276,22.232,-0.008638,0.002065,-0.007242,2.184,22.027,steady_run_1
1.610000,1,30,491.07,0.1872,0.00607,0.31,50.230,1.839,92.40,22.277,22.233,0.008993,0.008798,0.004614,2.232,22.027,steady_run_1
1.615000,1,30,515.70,0.2765,0.01104,0.60,50.237,1.653,83.04,22.279,22.234,-0.009257,0.000872,-0.004400,2.163,22.027,steady_run_1
1.620000,1,30,533.93,0.3657,0.00949,0.53,50.251,1.816,91.24,22.280,22.235,-0.001666,0.000156,-0.001765,2.341,22.027,steady_run_1
1.625000,1,30,544.67,0.2483,0.02101,1.20,50.233,1.769,88.85,22.281,22.236,-0.010553,0.001018,-0.006183,2.483,22.027,steady_run_1
1.630000,1,30,563.55,0.2457,0.02466,1.46,50.254,1.745,87.71,22.282,22.237,0.008425,0.001508,-0.005818,2.621,22.027,steady_run_1
1.635000,1,30,587.18,0.3634,0.01276,0.78,50.240,1.924,96.65,22.284,22.238,0.002993,0.006899,0.003543,2.516,22.027,steady_run_1
1.640000,1,30,599.23,0.4085,0.01682,1.06,50.256,1.796,90.24,22.285,22.239,0.001489,-0.001067,-0.004065,2.672,22.027,steady_run_1
1.645000,1,30,616.88,0.3313,0.01099,0.71,50.248,1.835,92.21,22.286,22.240,-0.006923,0.000559,-0.004093,2.767,22.027,steady_run_1
1.650000,1,30,642.28,0.4068,0.01332,0.90,50.221,1.880,94.43,22.288,22.242,-0.008018,-0.007707,0.005327,2.831,22.027,steady_run_1
1.655000,1,30,650.54,0.4248,0.01469,1.00,50.246,1.917,96.30,22.289,22.243,-0.006607,0.000060,-0.000530,2.752,22.027,steady_run_1
1.660000,1,30,673.16,0.5052,0.01457,1.03,50.268,1.958,98.44,22.290,22.244,-0.005408,-0.012593,0.006885,3.023,22.028,steady_run_1
1.665000,1,30,684.21,0.5224,0.02838,2.03,50.240,1.923,96.59,22.292,22.245,0.000872,0.007192,0.004419,2.939,22.028,steady_run_1
1.670000,1,30,703.31,0.5247,0.02720,2.00,50.252,2.045,102.78,22.293,22.246,-0.005272,-0.011270,0.006718,3.002,22.028,steady_run_1
1.675000,1,30,725.29,0.6441,0.03110,2.36,50.234,2.058,103.38,22.295,22.247,0.012702,0.004330,-0.003962,3.025,22.028,steady_run_1
1.680000,1,30,741.08,0.5635,0.02615,2.03,50.254,1.995,100.27,22.296,22.249,-0.009650,-0.001443,-0.005778,3.253,22.028,steady_run_1
1.685000,1,30,750.90,0.6328,0.02907,2.29,50.233,2.016,101.25,22.298,22.250,0.011052,0.014159,0.009090,3.193,22.028,steady_run_1
1.690000,1,30,772.26,0.6229,0.02488,2.01,50.224,2.111,106.05,22.299,22.251,-0.014472,-0.003522,-0.005120,3.333,22.028,steady_run_1
1.695000,1,30,780.32,0.5219,0.02176,1.78,50.228,2.077,104.35,22.301,22.252,0.008303,0.014992,0.006394,3.508,22.028,steady_run_1
1.700000,1,30,800.89,0.5990,0.02704,2.27,50.226,2.163,108.63,22.302,22.254,-0.011601,-0.006563,-0.001191,3.511,22.028,steady_run_1
1.705000,1,30,819.76,0.7346,0.04032,3.46,50.216,2.119,106.41,22.304,22.255,0.007745,-0.000428,-0.010346,3.715,22.028,steady_run_1
1.710000,1,30,833.89,0.7903,0.03288,2.87,50.179,2.158,108.27,22.305,22.256,-0.013109,-0.000924,-0.007180,3.763,22.028,steady_run_1
1.715000,1,30,841.42,0.6592,0.03480,3.07,50.186,2.351,117.99,22.307,22.258,0.009908,0.013691,0.006906,3.649,22.028,steady_run_1
1.720000,1,30,856.24,0.7107,0.02714,2.43,50.203,2.161,108.51,22.308,22.259,-0.002949,-0.014312,0.006450,3.664,22.029,steady_run_1
1.725000,1,30,871.88,0.7909,0.03846,3.51,50.218,2.306,115.78,22.310,22.260,0.014724,0.017562,0.009425,3.798,22.029,steady_run_1
1.730000,1,30,889.84,0.8539,0.03488,3.25,50.212,2.176,109.24,22.312,22.262,-0.011738,-0.008915,0.003950,3.771,22.029,steady_run_1
1.735000,1,30,901.30,0.8332,0.04082,3.85,50.209,2.324,116.69,22.313,22.263,0.011171,0.015979,0.010149,3.937,22.029,steady_run_1
1.740000,1,30,907.64,0.8359,0.03306,3.14,50.187,2.369,118.88,22.315,22.265,0.005664,-0.003300,-0.007806,3.940,22.029,steady_run_1
1.745000,1,30,931.70,0.9449,0.04390,4.28,50.197,2.306,115.74,22.317,22.266,0.015489,0.015925,0.010679,3.902,22.029,steady_run_1
1.750000,1,30,949.28,1.0359,0.03743,3.72,50.186,2.380,119.45,22.318,22.267,-0.011262,-0.010438,0.000869,4.109,22.029,steady_run_1
1.755000,1,30,959.12,0.9728,0.04515,4.54,50.196,2.381,119.52,22.320,22.269,0.012220,0.017839,0.011458,4.297,22.029,steady_run_1
1.760000,1,30,963.55,0.9883,0.04118,4.16,50.189,2.302,115.55,22.322,22.270,0.013985,-0.001145,-0.004942,4.222,22.029,steady_run_1
1.765000,1,30,987.10,1.0265,0.04818,4.98,50.202,2.349,117.94,22.324,22.272,0.008766,0.014318,0.005504,4.204,22.029,steady_run_1
1.770000,1,30,995.66,1.1604,0.04879,5.09,50.173,2.578,129.37,22.325,22.273,0.000826,-0.000865,-0.007718,4.346,22.029,steady_run_1
1.775000,1,30,1007.29,1.1181,0.04159,4.39,50.208,2.405,120.74,22.327,22.275,-0.015601,0.001123,-0.007321,4.298,22.029,steady_run_1
1.780000,1,30,1017.82,1.1688,0.04517,4.81,50.191,2.313,116.07,22.329,22.276,0.019140,0.006244,0.001788,4.532,22.030,steady_run_1
1.785000,1,30,1040.73,1.2177,0.04563,4.97,50.197,2.464,123.67,22.331,22.278,-0.003750,0.006990,0.003045,4.720,22.030,steady_run_1
1.790000,1,30,1040.69,1.1484,0.04828,5.26,50.192,2.622,131.63,22.332,22.279,0.012504,0.018150,0.008223,4.527,22.030,steady_run_1
1.795000,1,30,1058.44,1.2505,0.05066,5.62,50.193,2.496,125.27,22.334,22.281,-0.012157,-0.012176,0.003587,4.698,22.030,steady_run_1
1.800000,1,30,1067.42,1.2245,0.04540,5.07,50.201,2.454,123.20,22.336,22.282,0.005442,0.017235,0.010542,4.668,22.030,steady_run_1
1.805000,1,30,1078.35,1.2554,0.05325,6.01,50.171,2.565,128.69,22.338,22.284,-0.003115,-0.004357,-0.003304,4.632,22.030,steady_run_1
1.810000,1,30,1095.61,1.3055,0.04634,5.32,50.178,2.712,136.11,22.340,22.285,0.010569,0.018334,0.010541,4.734,22.030,steady_run_1
1.815000,1,30,1097.02,1.3306,0.05862,6.73,50.188,2.659,133.47,22.342,22.287,0.023681,0.008011,-0.001216,4.791,22.030,steady_run_1
1.820000,1,30,1121.04,1.3478,0.06637,7.79,50.173,2.590,129.97,22.344,22.289,0.006818,0.013197,0.006418,4.719,22.030,steady_run_1
1.825000,1,30,1131.72,1.3605,0.05653,6.70,50.174,2.719,136.40,22.346,22.290,-0.000255,-0.005253,-0.004708,5.009,22.030,steady_run_1
1.830000,1,30,1139.85,1.3622,0.06016,7.18,50.167,2.610,130.93,22.348,22.292,-0.018148,-0.001748,-0.007479,4.918,22.030,steady_run_1
1.835000,1,30,1146.97,1.3520,0.05404,6.49,50.174,2.634,132.15,22.350,22.293,0.021652,0.019275,0.010820,5.057,22.030,steady_run_1
1.840000,1,30,1160.25,1.4708,0.05335,6.48,50.181,2.684,134.69,22.351,22.295,-0.008615,-0.020323,0.012365,5.090,22.031,steady_run_1
1.845000,1,30,1163.90,1.4646,0.05829,7.10,50.173,2.722,136.59,22.353,22.297,-0.020866,-0.002441,-0.005766,5.139,22.031,steady_run_1
1.850000,1,30,1179.97,1.4969,0.05290,6.54,50.164,2.666,133.76,22.355,22.298,0.003449,0.001376,-0.007639,5.118,22.031,steady_run_1
1.855000,1,30,1186.47,1.4011,0.06864,8.53,50.190,2.804,140.72,22.357,22.300,-0.014035,-0.010413,0.001479,5.112,22.031,steady_run_1
1.860000,1,30,1201.67,1.5404,0.07476,9.41,50.181,2.732,137.11,22.359,22.302,0.015974,0.002438,-0.006838,5.428,22.031,steady_run_1
1.865000,1,30,1213.99,1.6277,0.05595,7.11,50.174,2.777,139.33,22.361,22.303,-0.016652,-0.005912,-0.004614,5.314,22.031,steady_run_1
1.870000,1,30,1226.98,1.6178,0.06787,8.72,50.179,2.884,144.71,22.364,22.305,0.019970,0.002314,-0.003423,5.285,22.031,steady_run_1
1.875000,1,30,1236.53,1.6357,0.07519,9.74,50.163,2.771,139.00,22.366,22.307,-0.007849,-0.017639,0.007537,5.342,22.031,steady_run_1
1.880000,1,30,1240.97,1.5874,0.06342,8.24,50.143,2.866,143.69,22.368,22.309,-0.016228,0.001346,-0.008294,5.477,22.031,steady_run_1
1.885000,1,30,1250.93,1.6551,0.07411,9.71,50.167,2.927,146.86,22.370,22.310,0.009788,-0.002691,-0.009720,5.520,22.031,steady_run_1
1.890000,1,30,1258.01,1.6168,0.06757,8.90,50.151,2.939,147.42,22.372,22.312,-0.008010,-0.017200,0.009005,5.519,22.031,steady_run_1
1.895000,1,30,1272.73,1.6940,0.07594,10.12,50.157,2.855,143.19,22.374,22.314,0.023699,0.008779,-0.000232,5.543,22.031,steady_run_1
1.900000,1,30,1278.57,1.7506,0.06857,9.18,50.149,2.929,146.90,22.376,22.316,-0.006690,-0.011500,0.003812,5.683,22.032,steady_run_1
1.905000,1,30,1282.65,1.7485,0.07976,10.71,50.170,2.904,145.68,22.378,22.318,-0.014679,-0.003690,-0.001776,5.559,22.032,steady_run_1
1.910000,1,30,1296.06,1.7890,0.07455,10.12,50.159,2.955,148.21,22.380,22.319,0.016285,0.004035,-0.006088,5.634,22.032,steady_run_1
1.915000,1,30,1305.04,1.7598,0.07105,9.71,50.146,3.012,151.06,22.383,22.321,-0.007425,-0.017910,0.007188,5.814,22.032,steady_run_1
1.920000,1,30,1316.49,1.9329,0.08614,11.87,50.151,3.073,154.10,22.385,22.323,0.022964,0.020816,0.010473,5.632,22.032,steady_run_1
1.925000,1,30,1325.38,1.7916,0.07228,10.03,50.151,3.108,155.85,22.387,22.325,-0.009186,-0.018816,0.009680,5.798,22.032,steady_run_1
1.930000,1,30,1338.01,1.8540,0.07658,10.73,50.165,2.950,147.98,22.389,22.327,0.011940,0.015831,0.012750,5.808,22.032,steady_run_1
1.935000,1,30,1340.17,1.8954,0.07109,9.98,50.165,3.063,153.64,22.391,22.329,0.023758,0.002766,-0.003617,5.856,22.032,steady_run_1
1.940000,1,30,1355.28,1.9676,0.07742,10.99,50.142,3.048,152.85,22.394,22.331,-0.018153,0.003164,-0.011828,5.853,22.032,steady_run_1
1.945000,1,30,1354.70,1.9124,0.08978,12.74,50.102,3.124,156.53,22.396,22.332,-0.009132,0.001352,-0.002367,5.789,22.032,steady_run_1
1.950000,1,30,1371.48,2.0046,0.08570,12.31,50.136,3.126,156.71,22.398,22.334,-0.005650,-0.024443,0.010231,5.910,22.032,steady_run_1
1.955000,1,30,1373.36,2.0180,0.08389,12.06,50.130,3.161,158.47,22.401,22.336,-0.019617,-0.002110,-0.007487,5.974,22.032,steady_run_1
1.960000,1,30,1396.19,2.0090,0.08925,13.05,50.130,3.311,165.97,22.403,22.338,-0.012304,-0.022516,0.009952,6.025,22.033,steady_run_1
1.965000,1,30,1393.01,1.9560,0.09415,13.73,50.134,3.093,155.09,22.405,22.340,-0.009099,-0.021095,0.007906,6.000,22.033,steady_run_1
1.970000,1,30,1402.35,1.9847,0.09787,14.37,50.164,3.195,160.28,22.408,22.342,0.011485,0.023096,0.010560,6.168,22.033,steady_run_1
1.975000,1,30,1410.42,2.1270,0.09025,13.33,50.124,3.270,163.89,22.410,22.344,0.000642,-0.001682,-0.003158,6.165,22.033,steady_run_1
1.980000,1,30,1416.38,2.0391,0.09927,14.72,50.141,3.297,165.29,22.412,22.346,-0.017393,-0.005638,-0.004930,6.230,22.033,steady_run_1
1.985000,1,30,1422.70,2.1419,0.08336,12.42,50.112,3.268,163.78,22.415,22.348,0.018806,0.022390,0.010209,6.220,22.033,steady_run_1
1.990000,1,30,1433.97,2.2469,0.09504,14.27,50.134,3.172,159.04,22.417,22.350,-0.007769,-0.019592,0.008236,6.241,22.033,steady_run_1
1.995000,1,30,1448.06,2.1907,0.10207,15.48,50.114,3.303,165.54,22.419,22.352,0.023602,0.014264,0.009676,6.337,22.033,steady_run_1
2.000000,1,30,1444.84,2.1512,0.09945,15.05,50.118,3.342,167.52,22.422,22.354,0.026645,0.012692,0.005060,6.244,22.033,steady_run_1
2.005000,1,30,1455.88,2.2594,0.10066,15.35,50.107,3.417,171.21,22.424,22.356,-0.010611,-0.017103,0.008440,6.292,22.033,steady_run_1
2.010000,1,30,1462.33,2.1645,0.09399,14.39,50.123,3.453,173.07,22.427,22.358,0.004385,0.015591,0.006278,6.416,22.033,steady_run_1
2.015000,1,30,1480.10,2.3728,0.09683,15.01,50.099,3.309,165.76,22.429,22.360,-0.020820,-0.006051,-0.002264,6.466,22.033,steady_run_1
2.020000,1,30,1472.99,2.2829,0.10401,16.04,50.147,3.310,165.99,22.432,22.362,-0.011016,-0.023855,0.012861,6.463,22.034,steady_run_1
2.025000,1,30,1489.22,2.3190,0.10056,15.68,50.160,3.293,165.15,22.434,22.364,0.021337,-0.000279,-0.007360,6.444,22.034,steady_run_1
2.030000,1,30,1492.87,2.3250,0.10037,15.69,50.128,3.365,168.70,22.437,22.367,-0.007552,-0.017791,0.008162,6.542,22.034,steady_run_1
2.035000,1,30,1493.90,2.4311,0.08573,13.41,50.123,3.374,169.12,22.439,22.369,-0.012288,-0.017245,0.006252,6.491,22.034,steady_run_1
2.040000,1,30,1501.29,2.3727,0.10131,15.93,50.147,3.342,167.59,22.441,22.371,0.015934,0.024020,0.012135,6.565,22.034,steady_run_1
2.045000,1,30,1505.37,2.2969,0.10368,16.34,50.146,3.300,165.46,22.444,22.373,0.012904,-0.000364,-0.010147,6.611,22.034,steady_run_1
2.050000,1,30,1513.80,2.4354,0.10990,17.42,50.130,3.411,170.97,22.446,22.375,-0.017460,-0.007728,-0.004642,6.593,22.034,steady_run_1
2.055000,1,30,1520.64,2.4565,0.10301,16.40,50.150,3.410,170.99,22.449,22.377,0.021067,0.021591,0.013488,6.637,22.034,steady_run_1
2.060000,1,30,1524.59,2.4600,0.10323,16.48,50.095,3.520,176.34,22.451,22.379,0.009183,-0.001216,-0.013828,6.630,22.034,steady_run_1
2.065000,1,30,1544.76,2.4228,0.10791,17.46,50.127,3.466,173.74,22.454,22.381,0.030222,0.013885,0.005443,6.623,22.034,steady_run_1
2.070000,1,30,1543.30,2.4988,0.11280,18.23,50.133,3.464,173.64,22.456,22.383,0.022371,-0.001455,-0.005698,6.619,22.034,steady_run_1
2.075000,1,30,1553.65,2.5734,0.10796,17.56,50.085,3.647,182.65,22.459,22.385,-0.018865,-0.007247,-0.006790,6.704,22.034,steady_run_1
2.080000,1,30,1554.71,2.5353,0.10956,17.84,50.087,3.689,184.79,22.462,22.388,-0.017473,0.001316,-0.008528,6.796,22.034,steady_run_1
2.085000,1,30,1560.82,2.5108,0.11723,19.16,50.083,3.457,173.14,22.464,22.390,0.022739,0.004091,-0.004293,6.836,22.035,steady_run_1
2.090000,1,30,1563.32,2.5838,0.10725,17.56,50.130,3.391,170.02,22.467,22.392,-0.003629,-0.009732,0.001735,6.818,22.035,steady_run_1
2.095000,1,30,1576.22,2.6119,0.11403,18.82,50.096,3.514,176.06,22.469,22.394,0.010953,0.022549,0.010949,6.716,22.035,steady_run_1
2.100000,1,30,1576.46,2.5241,0.10208,16.85,50.101,3.561,178.43,22.472,22.396,0.025371,0.011269,0.002444,6.837,22.035,steady_run_1
2.105000,1,30,1585.82,2.6369,0.11580,19.23,50.101,3.627,181.74,22.474,22.398,-0.012703,-0.021559,0.008059,7.027,22.035,steady_run_1
2.110000,1,30,1584.90,2.5961,0.10897,18.09,50.117,3.551,177.97,22.477,22.400,-0.021231,-0.004555,-0.003968,6.929,22.035,steady_run_1
2.115000,1,30,1594.11,2.6528,0.10961,18.30,50.100,3.670,183.85,22.480,22.403,0.027545,0.010779,0.003303,6.903,22.035,steady_run_1
2.120000,1,30,1598.64,2.7556,0.12046,20.17,50.103,3.496,175.16,22.482,22.405,-0.008102,-0.013970,0.004287,6.905,22.035,steady_run_1
2.125000,1,30,1613.28,2.6964,0.11767,19.88,50.082,3.663,183.46,22.485,22.407,0.028400,0.023984,0.010503,6.992,22.035,steady_run_1
2.130000,1,30,1616.71,2.7982,0.11221,19.00,50.100,3.661,183.42,22.487,22.409,0.000165,-0.002773,-0.007444,7.057,22.035,steady_run_1
2.135000,1,30,1614.96,2.8092,0.12205,20.64,50.074,3.683,184.41,22.490,22.412,-0.000246,-0.011254,0.000865,7.046,22.035,steady_run_1
2.140000,1,30,1619.70,2.7787,0.11216,19.02,50.128,3.605,180.71,22.493,22.414,-0.021817,-0.002157,-0.008184,6.996,22.035,steady_run_1
2.145000,1,30,1632.56,2.7025,0.11488,19.64,50.105,3.575,179.15,22.495,22.416,0.004329,-0.002303,-0.012454,7.124,22.036,steady_run_1
2.150000,1,30,1634.73,2.7922,0.11571,19.81,50.110,3.723,186.54,22.498,22.418,-0.008111,-0.026816,0.014790,7.155,22.036,steady_run_1
2.155000,1,30,1637.37,2.7981,0.12203,20.92,50.095,3.627,181.69,22.501,22.420,-0.024593,0.001505,-0.012582,7.032,22.036,steady_run_1
2.160000,1,30,1643.19,2.8009,0.12406,21.35,50.077,3.766,188.60,22.503,22.423,0.028898,0.016918,0.007429,7.082,22.036,steady_run_1
2.165000,1,30,1650.32,2.9009,0.12746,22.03,50.141,3.520,176.52,22.506,22.425,-0.007918,-0.025244,0.012880,7.216,22.036,steady_run_1
2.170000,1,30,1655.20,2.9600,0.11855,20.55,50.078,3.727,186.63,22.509,22.427,-0.021846,0.003741,-0.012262,7.285,22.036,steady_run_1
2.175000,1,30,1662.04,3.0175,0.11155,19.41,50.118,3.586,179.72,22.511,22.429,0.021061,0.000947,-0.006635,7.294,22.036,steady_run_1
2.180000,1,30,1665.87,2.8872,0.12678,22.12,50.106,3.775,189.15,22.514,22.431,-0.008327,-0.021832,0.012392,7.311,22.036,steady_run_1
2.185000,1,30,1669.26,3.0153,0.12973,22.68,50.070,3.764,188.44,22.517,22.434,-0.023879,-0.000722,-0.014582,7.171,22.036,steady_run_1
2.190000,1,30,1669.00,2.8821,0.13101,22.90,50.074,3.771,188.82,22.519,22.436,-0.014591,0.003476,-0.003012,7.231,22.036,steady_run_1
2.195000,1,30,1679.73,2.8974,0.13202,23.22,50.120,3.765,188.69,22.522,22.438,-0.004703,-0.010666,-0.000533,7.317,22.036,steady_run_1
2.200000,1,30,1684.27,2.9497,0.13455,23.73,50.092,3.762,188.45,22.525,22.440,-0.022996,-0.003233,-0.011330,7.229,22.036,steady_run_1
2.205000,1,30,1678.77,3.0209,0.13434,23.62,50.069,3.843,192.44,22.528,22.443,-0.018554,-0.009603,0.000364,7.332,22.037,steady_run_1
2.210000,1,30,1687.63,2.9811,0.13434,23.74,50.095,3.740,187.33,22.530,22.445,0.029248,0.014293,0.006501,7.423,22.037,steady_run_1
2.215000,1,30,1702.43,3.1009,0.13454,23.99,50.062,3.838,192.15,22.533,22.447,-0.021219,-0.000258,-0.015292,7.467,22.037,steady_run_1
2.220000,1,30,1706.57,2.9835,0.13214,23.62,50.087,3.775,189.06,22.536,22.450,0.030086,0.019653,0.008641,7.502,22.037,steady_run_1
2.225000,1,30,1705.96,2.9921,0.13709,24.49,50.059,3.857,193.05,22.538,22.452,0.018668,-0.001509,-0.008042,7.338,22.037,steady_run_1
2.230000,1,30,1718.87,3.1103,0.12784,23.01,50.072,3.752,187.85,22.541,22.454,-0.019188,0.000204,-0.010774,7.596,22.037,steady_run_1
2.235000,1,30,1716.20,3.2101,0.13118,23.58,50.096,3.677,184.19,22.544,22.456,-0.011317,0.007843,-0.004101,7.521,22.037,steady_run_1
2.240000,1,30,1722.70,3.1110,0.13296,23.99,50.090,3.874,194.04,22.547,22.459,0.010952,0.000661,-0.012824,7.516,22.037,steady_run_1
2.245000,1,30,1714.99,3.1829,0.14379,25.82,50.086,3.807,190.66,22.549,22.461,0.029728,0.013945,0.006028,7.429,22.037,steady_run_1
2.250000,1,30,1727.31,3.2137,0.13095,23.69,50.065,4.039,202.22,22.552,22.463,-0.024966,-0.001466,-0.010940,7.502,22.037,steady_run_1
2.255000,1,30,1734.14,3.1073,0.13264,24.09,50.095,3.841,192.43,22.555,22.466,0.030272,0.015258,0.003893,7.551,22.037,steady_run_1
2.260000,1,30,1734.76,3.1811,0.13057,23.72,50.081,3.773,188.94,22.558,22.468,0.008708,-0.000193,-0.011108,7.559,22.037,steady_run_1
2.265000,1,30,1742.92,3.2355,0.13375,24.41,50.081,3.859,193.26,22.560,22.470,-0.023856,0.001661,-0.014454,7.718,22.038,steady_run_1
2.270000,1,30,1747.43,3.2146,0.13545,24.79,50.086,4.014,201.07,22.563,22.473,0.026914,0.025457,0.012730,7.669,22.038,steady_run_1
2.275000,1,30,1747.82,3.1362,0.13201,24.16,50.075,3.881,194.35,22.566,22.475,0.020935,0.000067,-0.011844,7.565,22.038,steady_run_1
2.280000,1,30,1747.37,3.2877,0.13342,24.41,50.066,3.983,199.42,22.569,22.477,0.001248,-0.004138,-0.011267,7.627,22.038,steady_run_1
2.285000,1,30,1749.86,3.2259,0.13575,24.88,50.067,3.909,195.73,22.572,22.480,-0.015149,-0.020579,0.008832,7.640,22.038,steady_run_1
2.290000,1,30,1754.24,3.2164,0.14213,26.11,50.085,3.933,196.96,22.575,22.482,-0.005068,0.009690,-0.000737,7.681,22.038,steady_run_1
2.295000,1,30,1762.40,3.1618,0.12411,22.91,50.078,4.045,202.56,22.578,22.485,0.001764,-0.005474,-0.005659,7.552,22.038,steady_run_1
2.300000,1,30,1772.35,3.3236,0.13793,25.60,50.113,3.975,199.20,22.580,22.487,-0.008030,0.006296,-0.001023,7.680,22.038,steady_run_1
2.305000,1,30,1770.78,3.3336,0.13462,24.96,50.070,3.857,193.11,22.583,22.489,0.015326,0.021046,0.012730,7.724,22.038,steady_run_1
2.310000,1,30,1777.13,3.2909,0.14283,26.58,50.088,3.825,191.57,22.586,22.492,-0.003797,-0.002509,-0.004939,7.653,22.038,steady_run_1
2.315000,1,30,1785.62,3.3428,0.14341,26.82,50.108,3.951,197.98,22.589,22.494,-0.017968,0.002069,-0.010037,7.887,22.038,steady_run_1
2.320000,1,30,1782.58,3.3345,0.13869,25.89,50.088,3.894,195.05,22.591,22.496,-0.014326,0.006625,-0.003707,7.705,22.038,steady_run_1
2.325000,1,30,1780.96,3.2550,0.13290,24.79,50.098,3.920,196.39,22.594,22.499,0.010741,0.019446,0.009992,7.699,22.039,steady_run_1
2.330000,1,30,1785.78,3.3115,0.13940,26.07,50.062,3.985,199.48,22.597,22.501,0.006989,-0.002413,-0.015175,7.823,22.039,steady_run_1
2.335000,1,30,1789.33,3.2593,0.14520,27.21,50.068,4.076,204.07,22.600,22.503,-0.015380,-0.023829,0.008777,7.692,22.039,steady_run_1
2.340000,1,30,1798.42,3.3818,0.14786,27.85,50.051,4.097,205.06,22.603,22.506,0.032628,0.022769,0.010425,7.840,22.039,steady_run_1
2.345000,1,30,1799.77,3.4204,0.14049,26.48,50.083,4.148,207.73,22.606,22.508,0.009379,0.001408,-0.014207,7.883,22.039,steady_run_1
2.350000,1,30,1799.67,3.3686,0.14872,28.03,50.071,4.065,203.54,22.609,22.511,-0.006910,-0.015684,0.005936,7.846,22.039,steady_run_1
2.355000,1,30,1795.40,3.4140,0.14654,27.55,50.077,3.981,199.36,22.612,22.513,-0.004732,-0.013122,0.001749,7.881,22.039,steady_run_1
2.360000,1,30,1799.92,3.3995,0.15659,29.52,50.104,3.981,199.47,22.614,22.515,-0.026102,0.000093,-0.012381,7.785,22.039,steady_run_1
2.365000,1,30,1807.28,3.3819,0.15465,29.27,50.092,4.016,201.16,22.617,22.518,0.025828,0.001906,-0.006506,7.827,22.039,steady_run_1
2.370000,1,30,1813.42,3.4634,0.15792,29.99,50.069,4.022,201.35,22.620,22.520,-0.011418,-0.023982,0.013066,7.912,22.039,steady_run_1
2.375000,1,30,1817.37,3.4480,0.15115,28.77,50.075,4.186,209.59,22.623,22.523,-0.008079,0.007114,0.000218,7.774,22.039,steady_run_1
2.380000,1,30,1811.23,3.5359,0.14980,28.41,50.075,4.107,205.66,22.626,22.525,-0.024344,-0.001756,-0.016408,7.855,22.039,steady_run_1
2.385000,1,30,1821.22,3.4555,0.15108,28.81,50.072,4.060,203.29,22.629,22.527,0.003227,-0.002251,-0.009271,7.834,22.039,steady_run_1
2.390000,1,30,1817.36,3.4781,0.14543,27.68,50.051,4.168,208.60,22.632,22.530,0.001829,-0.001125,-0.009924,7.868,22.040,steady_run_1
2.395000,1,30,1825.79,3.4827,0.15513,29.66,50.059,4.033,201.91,22.635,22.532,-0.019518,-0.000219,-0.010139,7.920,22.040,steady_run_1
2.400000,1,30,1835.06,3.5325,0.15497,29.78,50.061,4.114,205.97,22.638,22.535,-0.000093,-0.006253,-0.006925,7.903,22.040,steady_run_1
2.405000,1,30,1831.55,3.4179,0.15733,30.18,50.097,4.039,202.34,22.641,22.537,-0.001933,-0.002634,-0.005974,8.077,22.040,steady_run_1
2.410000,1,30,1832.03,3.4626,0.14846,28.48,50.023,4.198,210.00,22.644,22.540,-0.008930,-0.026024,0.013749,7.961,22.040,steady_run_1
2.415000,1,30,1838.32,3.4839,0.16377,31.53,50.070,4.152,207.91,22.646,22.542,0.006117,0.016920,0.007616,8.068,22.040,steady_run_1
2.420000,1,30,1836.89,3.5689,0.14891,28.64,50.061,4.064,203.46,22.649,22.544,0.027698,0.025806,0.016059,8.010,22.040,steady_run_1
2.425000,1,30,1837.12,3.4183,0.14621,28.13,50.062,4.083,204.40,22.652,22.547,0.022220,0.004632,-0.011666,8.022,22.040,steady_run_1
2.430000,1,30,1838.01,3.4353,0.15621,30.07,50.066,4.050,202.78,22.655,22.549,0.000204,-0.010521,-0.002945,7.977,22.040,steady_run_1
2.435000,1,30,1853.55,3.6092,0.16246,31.53,50.063,4.206,210.56,22.658,22.552,0.030297,0.007072,-0.002995,8.093,22.040,steady_run_1
2.440000,1,30,1853.96,3.5628,0.15564,30.22,50.060,4.089,204.69,22.661,22.554,0.000761,-0.004183,-0.010814,8.001,22.040,steady_run_1
2.445000,1,30,1854.30,3.5765,0.15038,29.20,50.049,4.139,207.15,22.664,22.557,-0.010455,-0.024991,0.013719,8.055,22.040,steady_run_1
2.450000,1,30,1855.52,3.4973,0.16371,31.81,50.082,4.109,205.81,22.667,22.559,-0.026717,-0.000091,-0.010409,8.064,22.041,steady_run_1
2.455000,1,30,1860.71,3.6665,0.15391,29.99,50.075,4.083,204.47,22.670,22.561,0.029746,0.024797,0.009249,8.069,22.041,steady_run_1
2.460000,1,30,1867.39,3.6199,0.16386,32.04,50.067,4.208,210.67,22.673,22.564,-0.009230,-0.025210,0.013409,8.133,22.041,steady_run_1
2.465000,1,30,1860.67,3.5892,0.15583,30.36,50.042,4.238,212.08,22.676,22.566,-0.004195,-0.005895,0.000165,8.041,22.041,steady_run_1
2.470000,1,30,1868.36,3.6531,0.15988,31.28,50.065,4.218,211.18,22.679,22.569,-0.014474,0.004952,-0.006963,8.056,22.041,steady_run_1
2.475000,1,30,1867.85,3.6099,0.16041,31.38,50.083,4.164,208.57,22.682,22.571,0.017407,0.026689,0.014445,8.031,22.041,steady_run_1
2.480000,1,30,1872.79,3.6963,0.16431,32.23,50.046,4.210,210.72,22.685,22.574,-0.000187,-0.001415,-0.006878,8.123,22.041,steady_run_1
2.485000,1,30,1880.66,3.6618,0.15521,30.57,50.066,4.207,210.61,22.687,22.576,-0.020312,-0.000779,-0.008366,8.048,22.041,steady_run_1
2.490000,1,30,1876.92,3.7117,0.15298,30.07,50.057,4.243,212.40,22.690,22.579,-0.018688,0.004058,-0.009444,8.161,22.041,steady_run_1
2.495000,1,30,1882.17,3.6459,0.15859,31.26,50.062,4.292,214.86,22.694,22.581,0.018928,0.000996,-0.010432,8.227,22.041,steady_run_1
2.500000,1,30,1879.15,3.7601,0.15815,31.12,50.065,4.269,213.72,22.697,22.584,0.018091,0.001095,-0.013785,8.210,22.041,steady_run_1
2.505000,1,30,1879.86,3.7017,0.16546,32.57,50.027,4.347,217.47,22.700,22.586,-0.007693,-0.016338,0.007134,8.207,22.041,steady_run_1
2.510000,1,30,1887.60,3.7140,0.15636,30.91,50.086,4.255,213.09,22.703,22.589,-0.005450,0.012902,0.001161,8.202,22.042,steady_run_1
2.515000,1,30,1890.04,3.6281,0.15869,31.41,50.069,4.294,214.98,22.706,22.591,0.028431,0.005527,-0.004036,8.139,22.042,steady_run_1
2.520000,1,30,1888.09,3.6671,0.15997,31.63,50.050,4.185,209.48,22.709,22.594,0.015088,-0.000928,-0.014061,8.362,22.042,steady_run_1
2.525000,1,30,1888.86,3.7679,0.15621,30.90,50.075,4.247,212.64,22.712,22.596,-0.010350,-0.019595,0.006665,8.251,22.042,steady_run_1
2.530000,1,30,1890.41,3.8369,0.16176,32.02,50.052,4.181,209.28,22.714,22.598,-0.022232,-0.003468,-0.001781,8.199,22.042,steady_run_1
2.535000,1,30,1882.86,3.7317,0.15530,30.62,50.057,4.122,206.34,22.717,22.601,-0.007763,-0.027299,0.014583,8.052,22.042,steady_run_1
2.540000,1,30,1901.69,3.7872,0.15956,31.78,50.051,4.247,212.57,22.720,22.603,-0.007371,-0.019943,0.008467,8.246,22.042,steady_run_1
2.545000,1,30,1897.71,3.8020,0.16220,32.23,50.060,4.255,212.98,22.723,22.606,-0.005041,-0.017506,0.008744,8.343,22.042,steady_run_1
2.550000,1,30,1898.92,3.8300,0.16368,32.55,50.047,4.287,214.55,22.726,22.608,-0.020853,-0.012073,0.001385,8.252,22.042,steady_run_1
2.555000,1,30,1909.22,3.8354,0.17731,35.45,50.065,4.207,210.61,22.729,22.611,0.014424,-0.000902,-0.013889,8.278,22.042,steady_run_1
2.560000,1,30,1895.71,3.8532,0.15863,31.49,50.067,4.147,207.65,22.732,22.613,-0.021177,0.002485,-0.012971,8.218,22.042,steady_run_1
2.565000,1,30,1916.49,3.8828,0.16026,32.16,50.050,4.362,218.30,22.735,22.616,-0.008833,0.005979,-0.005369,8.360,22.042,steady_run_1
2.570000,1,30,1905.15,3.8796,0.17063,34.04,50.054,4.369,218.67,22.738,22.618,-0.010636,-0.026384,0.014742,8.235,22.043,steady_run_1
2.575000,1,30,1913.14,3.8553,0.16258,32.57,50.053,4.243,212.36,22.741,22.621,0.031326,0.029632,0.014308,8.324,22.043,steady_run_1
2.580000,1,30,1914.63,3.7259,0.16821,33.73,50.063,4.284,214.45,22.744,22.623,0.012190,0.001443,-0.017031,8.359,22.043,steady_run_1
2.585000,1,30,1913.67,3.8211,0.16665,33.40,50.058,4.394,219.96,22.747,22.626,-0.005036,-0.008585,-0.000497,8.368,22.043,steady_run_1
2.590000,1,30,1911.70,3.9030,0.16710,33.45,50.025,4.392,219.73,22.750,22.628,-0.007674,-0.021212,0.011456,8.305,22.043,steady_run_1
2.595000,1,30,1923.85,3.8932,0.16084,32.40,50.057,4.196,210.06,22.753,22.631,0.028721,0.009023,-0.000441,8.285,22.043,steady_run_1
2.600000,1,30,1930.21,3.9423,0.17320,35.01,50.054,4.338,217.16,22.756,22.633,-0.013844,-0.021292,0.013350,8.518,22.043,steady_run_1
2.605000,1,30,1920.28,3.9673,0.17025,34.24,50.030,4.334,216.83,22.759,22.636,0.006078,0.000427,-0.012343,8.323,22.043,steady_run_1
2.610000,1,30,1937.09,3.9677,0.17089,34.67,50.031,4.377,218.99,22.762,22.638,0.020725,-0.000302,-0.012234,8.423,22.043,steady_run_1
2.615000,1,30,1929.50,3.8427,0.16600,33.54,50.064,4.359,218.21,22.765,22.641,0.029942,0.027613,0.014598,8.334,22.043,steady_run_1
2.620000,1,30,1926.00,3.8211,0.16982,34.25,50.070,4.284,214.52,22.768,22.643,0.031457,0.026662,0.015222,8.339,22.043,steady_run_1
2.625000,1,30,1924.05,3.7948,0.16327,32.90,50.016,4.424,221.29,22.771,22.646,0.034650,0.014177,0.005546,8.440,22.043,steady_run_1
2.630000,1,30,1929.25,3.8341,0.16586,33.51,50.026,4.463,223.24,22.775,22.648,-0.007732,-0.030784,0.012655,8.379,22.043,steady_run_1
2.635000,1,30,1930.37,4.0230,0.18202,36.80,50.038,4.347,217.51,22.778,22.651,-0.027418,-0.000687,-0.011113,8.263,22.044,steady_run_1
2.640000,1,30,1935.55,3.9899,0.16411,33.26,50.041,4.356,217.97,22.781,22.653,0.036807,0.019565,0.006355,8.392,22.044,steady_run_1
2.645000,1,30,1925.85,3.8472,0.17126,34.54,50.070,4.254,213.02,22.784,22.656,-0.016103,0.004072,-0.009023,8.390,22.044,steady_run_1
2.650000,1,30,1938.99,3.9673,0.17180,34.88,50.067,4.301,215.34,22.786,22.658,-0.015555,-0.025273,0.011403,8.464,22.044,steady_run_1
2.655000,1,30,1931.76,3.8519,0.16857,34.10,50.061,4.312,215.85,22.789,22.661,-0.005942,-0.015641,0.003826,8.373,22.044,steady_run_1
2.660000,1,30,1940.20,3.9591,0.16860,34.26,50.020,4.407,220.44,22.793,22.663,0.011106,0.021411,0.010073,8.471,22.044,steady_run_1
2.665000,1,30,1943.74,3.9848,0.16386,33.35,50.053,4.285,214.49,22.795,22.665,0.010245,-0.004719,-0.017492,8.465,22.044,steady_run_1
2.670000,1,30,1939.30,3.9523,0.17838,36.23,50.064,4.365,218.55,22.799,22.668,0.016452,-0.000557,-0.016498,8.428,22.044,steady_run_1
2.675000,1,30,1945.76,4.0460,0.17766,36.20,50.066,4.271,213.82,22.801,22.670,-0.026436,-0.003161,-0.011695,8.424,22.044,steady_run_1
2.680000,1,30,1942.74,3.8961,0.16311,33.18,50.031,4.419,221.10,22.805,22.673,-0.024988,-0.000179,-0.012977,8.368,22.044,steady_run_1
2.685000,1,30,1951.90,3.9314,0.17891,36.57,50.065,4.308,215.66,22.807,22.675,0.008663,0.001496,-0.014378,8.448,22.044,steady_run_1
2.690000,1,30,1951.88,3.9682,0.17550,35.87,50.060,4.421,221.30,22.811,22.678,-0.006418,-0.018228,0.011939,8.407,22.044,steady_run_1
2.695000,1,30,1955.64,3.9619,0.17240,35.31,50.062,4.358,218.17,22.814,22.680,-0.022328,0.002451,-0.014291,8.544,22.045,steady_run_1
2.700000,1,30,1952.72,3.9572,0.16998,34.76,50.047,4.382,219.31,22.817,22.683,-0.021565,0.003604,-0.013326,8.551,22.045,steady_run_1
2.705000,1,30,1951.13,3.9187,0.17921,36.62,50.049,4.362,218.32,22.820,22.685,-0.002940,0.009620,0.000533,8.581,22.045,steady_run_1
2.710000,1,30,1955.79,3.9706,0.16803,34.41,50.018,4.391,219.65,22.823,22.688,0.008681,-0.001928,-0.014611,8.411,22.045,steady_run_1
2.715000,1,30,1953.73,4.0419,0.17488,35.78,50.012,4.462,223.14,22.826,22.690,-0.000654,-0.003814,-0.010332,8.578,22.045,steady_run_1
2.720000,1,30,1964.86,4.0322,0.17539,36.09,50.004,4.474,223.70,22.829,22.693,0.027246,0.029679,0.015692,8.564,22.045,steady_run_1
2.725000,1,30,1956.47,3.9782,0.17427,35.71,50.040,4.507,225.54,22.832,22.695,-0.025440,0.001799,-0.013907,8.493,22.045,steady_run_1
2.730000,1,30,1960.63,3.9901,0.16857,34.61,50.035,4.444,222.35,22.835,22.698,0.033359,0.009059,0.000960,8.621,22.045,steady_run_1
2.735000,1,30,1961.69,4.1019,0.17061,35.05,50.046,4.400,220.18,22.838,22.700,-0.003993,-0.003169,-0.007214,8.374,22.045,steady_run_1
2.740000,1,30,1966.62,4.0610,0.17384,35.80,50.032,4.431,221.71,22.841,22.703,-0.027175,0.003173,-0.016589,8.577,22.045,steady_run_1
2.745000,1,30,1966.71,4.0332,0.18156,37.39,50.032,4.385,219.40,22.844,22.705,0.000048,0.016551,0.006407,8.733,22.045,steady_run_1
2.750000,1,30,1961.12,3.9872,0.16383,33.65,50.024,4.400,220.09,22.847,22.708,-0.021566,0.001656,-0.007993,8.460,22.045,steady_run_1
2.755000,1,30,1970.09,4.0782,0.18256,37.66,50.036,4.428,221.54,22.850,22.710,-0.003299,-0.009066,0.001640,8.537,22.046,steady_run_1
2.760000,1,30,1968.90,4.0355,0.16960,34.97,50.043,4.437,222.02,22.853,22.713,-0.009841,-0.028919,0.015090,8.481,22.046,steady_run_1
2.765000,1,30,1975.09,4.0446,0.17536,36.27,50.017,4.545,227.30,22.856,22.715,0.011684,0.023795,0.010783,8.626,22.046,steady_run_1
2.770000,1,30,1969.42,4.0835,0.17547,36.19,50.038,4.414,220.87,22.859,22.718,-0.015511,0.006325,-0.007341,8.405,22.046,steady_run_1
2.775000,1,30,1974.05,4.1229,0.17392,35.95,50.065,4.305,215.54,22.862,22.720,0.015301,-0.001174,-0.013892,8.598,22.046,steady_run_1
2.780000,1,30,1973.16,4.0380,0.16938,35.00,50.059,4.374,218.96,22.865,22.723,-0.002024,-0.006008,-0.004016,8.579,22.046,steady_run_1
2.785000,1,30,1982.71,4.0526,0.17585,36.51,50.030,4.516,225.95,22.868,22.725,0.016359,0.024125,0.014286,8.733,22.046,steady_run_1
2.790000,1,30,1974.29,4.0866,0.17703,36.60,50.042,4.395,219.93,22.871,22.728,-0.029807,0.000772,-0.013430,8.516,22.046,steady_run_1
2.795000,1,30,1977.31,4.0824,0.17183,35.58,50.021,4.360,218.11,22.874,22.730,0.031039,0.028109,0.014673,8.526,22.046,steady_run_1
2.800000,1,30,1972.89,4.0474,0.17606,36.37,50.049,4.313,215.84,22.877,22.733,0.022949,0.028249,0.014933,8.524,22.046,steady_run_1
2.805000,1,30,1986.33,4.0173,0.17359,36.11,50.039,4.423,221.33,22.880,22.735,-0.025804,0.002978,-0.012481,8.655,22.046,steady_run_1
2.810000,1,30,1972.07,3.9791,0.17405,35.94,50.023,4.506,225.39,22.883,22.738,0.003936,-0.001049,-0.016537,8.605,22.046,steady_run_1
2.815000,1,30,1980.07,4.1847,0.16570,34.36,50.035,4.506,225.45,22.886,22.740,-0.018694,0.002573,-0.009883,8.716,22.046,steady_run_1
2.820000,1,30,1985.68,4.1543,0.17604,36.61,50.046,4.414,220.92,22.889,22.743,0.013072,-0.000604,-0.014875,8.693,22.047,steady_run_1
2.825000,1,30,1982.30,4.1723,0.17789,36.93,50.048,4.480,224.23,22.892,22.745,0.010904,-0.002121,-0.016326,8.571,22.047,steady_run_1
2.830000,1,30,1986.88,4.0814,0.17624,36.67,50.026,4.396,219.91,22.895,22.748,-0.022414,-0.008544,-0.005265,8.733,22.047,steady_run_1
2.835000,1,30,1989.00,4.1304,0.18684,38.92,50.029,4.312,215.71,22.898,22.750,0.002121,0.017936,0.004662,8.720,22.047,steady_run_1
2.840000,1,30,1982.16,4.1023,0.18581,38.57,50.035,4.517,225.99,22.901,22.752,-0.030585,0.001196,-0.016290,8.654,22.047,steady_run_1
2.845000,1,30,1992.02,4.2077,0.18700,39.01,50.039,4.425,221.45,22.904,22.755,-0.002903,-0.009937,-0.001670,8.544,22.047,steady_run_1
2.850000,1,30,1987.74,4.1322,0.17117,35.63,50.010,4.564,228.25,22.907,22.757,0.001147,-0.006452,-0.007720,8.552,22.047,steady_run_1
2.855000,1,30,1991.74,4.1532,0.18184,37.93,50.008,4.534,226.72,22.910,22.760,-0.025242,-0.001135,-0.009916,8.703,22.047,steady_run_1
2.860000,1,30,1988.78,4.1626,0.18653,38.85,50.031,4.399,220.09,22.913,22.762,-0.025241,0.002614,-0.014412,8.657,22.047,steady_run_1
2.865000,1,30,1989.35,4.0868,0.16974,35.36,50.030,4.615,230.88,22.917,22.765,0.005966,0.017578,0.008718,8.673,22.047,steady_run_1
2.870000,1,30,1994.91,4.2245,0.17942,37.48,50.057,4.397,220.12,22.920,22.767,-0.002758,-0.003635,-0.003550,8.651,22.047,steady_run_1
2.875000,1,30,1997.63,4.2779,0.17444,36.49,50.018,4.496,224.87,22.923,22.770,-0.023874,-0.008325,-0.005079,8.721,22.047,steady_run_1
2.880000,1,30,1993.27,4.1886,0.17806,37.17,50.011,4.597,229.92,22.926,22.772,-0.017770,-0.018653,0.006125,8.759,22.048,steady_run_1
2.885000,1,30,1997.63,4.1311,0.16696,34.93,50.004,4.461,223.08,22.929,22.775,0.023094,0.030444,0.014629,8.727,22.048,steady_run_1
2.890000,1,30,1983.10,4.2567,0.18916,39.28,50.010,4.421,221.09,22.932,22.777,-0.009962,-0.023819,0.010275,8.726,22.048,steady_run_1
2.895000,1,30,1999.17,4.2337,0.17055,35.70,50.036,4.528,226.58,22.935,22.780,-0.005264,-0.012322,0.001026,8.700,22.048,steady_run_1
2.900000,1,30,1994.89,4.1344,0.16659,34.80,50.023,4.627,231.46,22.938,22.782,0.000789,-0.005226,-0.005579,8.650,22.048,steady_run_1
2.905000,1,30,1993.46,4.1791,0.16628,34.71,50.018,4.452,222.66,22.941,22.785,-0.005782,-0.021587,0.012408,8.697,22.048,steady_run_1
2.910000,1,30,1990.82,4.2120,0.17618,36.73,50.032,4.368,218.55,22.944,22.787,-0.010032,-0.029355,0.014232,8.659,22.048,steady_run_1
2.915000,1,30,1997.83,4.2175,0.18329,38.35,50.031,4.492,224.74,22.947,22.790,0.021704,0.028171,0.014172,8.696,22.048,steady_run_1
2.920000,1,30,1997.31,4.2076,0.17600,36.81,50.027,4.458,223.01,22.950,22.792,0.035374,0.007309,-0.000231,8.687,22.048,steady_run_1
2.925000,1,30,1996.93,4.0643,0.18057,37.76,50.044,4.529,226.63,22.953,22.795,0.006698,0.000361,-0.017084,8.702,22.048,steady_run_1
2.930000,1,30,2002.20,4.1288,0.18383,38.54,50.029,4.594,229.82,22.956,22.797,-0.030679,0.000735,-0.012052,8.818,22.048,steady_run_1
2.935000,1,30,2006.08,4.1800,0.17732,37.25,50.024,4.502,225.23,22.959,22.800,0.033555,0.020616,0.011650,8.749,22.048,steady_run_1
2.940000,1,30,2003.42,4.2806,0.18696,39.22,50.050,4.419,221.19,22.962,22.802,0.035635,0.017654,0.007899,8.720,22.049,steady_run_1
2.945000,1,30,2008.53,4.2639,0.18075,38.02,50.019,4.586,229.37,22.965,22.805,-0.009508,-0.027882,0.012952,8.654,22.049,steady_run_1
2.950000,1,30,2010.23,4.3443,0.18661,39.28,50.037,4.647,232.52,22.968,22.807,-0.030118,0.000213,-0.011473,8.653,22.049,steady_run_1
2.955000,1,30,2010.29,4.2013,0.18702,39.37,50.012,4.615,230.79,22.971,22.810,0.008120,0.020781,0.010246,8.793,22.049,steady_run_1
2.960000,1,30,2001.55,4.2521,0.17511,36.70,50.033,4.540,227.16,22.974,22.812,-0.025005,-0.003888,-0.006416,8.639,22.049,steady_run_1
2.965000,1,30,2004.82,4.2280,0.18909,39.70,50.045,4.510,225.72,22.977,22.815,0.024772,0.029466,0.015278,8.787,22.049,steady_run_1
2.970000,1,30,2011.12,4.2348,0.17169,36.16,50.013,4.605,230.29,22.980,22.817,-0.005584,-0.025742,0.012215,8.673,22.049,steady_run_1
2.975000,1,30,2006.33,4.1275,0.18432,38.73,50.018,4.595,229.82,22.984,22.820,-0.004678,-0.017159,0.005462,8.832,22.049,steady_run_1
2.980000,1,30,2011.66,4.2188,0.17979,37.88,50.046,4.499,225.15,22.987,22.822,-0.020357,0.002195,-0.007234,8.790,22.049,steady_run_1
2.985000,1,30,1998.21,4.2760,0.17739,37.12,50.028,4.432,221.70,22.989,22.824,-0.004329,-0.004790,-0.008786,8.691,22.049,steady_run_1
2.990000,1,30,2010.77,4.2306,0.18691,39.36,50.029,4.577,228.98,22.993,22.827,0.031588,0.012117,-0.000722,8.723,22.049,steady_run_1
2.995000,1,30,2012.24,4.2476,0.18472,38.92,50.015,4.499,225.02,22.996,22.829,-0.006589,-0.008918,0.000941,8.807,22.049,steady_run_1
3.000000,1,30,2014.65,4.2704,0.18016,38.01,50.026,4.548,227.53,22.999,22.832,-0.026523,-0.006020,-0.006390,8.740,22.049,steady_run_1
3.005000,1,30,2022.42,4.3863,0.18203,38.55,50.040,4.521,226.23,23.002,22.834,0.021262,0.000272,-0.014843,8.822,22.050,steady_run_1
3.010000,1,30,2012.35,4.1984,0.18291,38.55,50.042,4.548,227.57,23.005,22.837,-0.007458,0.008380,-0.000105,8.810,22.050,steady_run_1
3.015000,1,30,2015.74,4.3522,0.17070,36.03,50.026,4.566,228.41,23.008,22.839,0.020780,-0.000137,-0.014366,8.907,22.050,steady_run_1
3.020000,1,30,2016.24,4.3519,0.18530,39.12,50.038,4.485,224.42,23.011,22.842,-0.005117,-0.016350,0.004495,8.677,22.050,steady_run_1
3.025000,1,30,2011.69,4.1804,0.17516,36.90,50.047,4.479,224.14,23.014,22.844,0.001695,-0.003997,-0.005386,8.802,22.050,steady_run_1
3.030000,1,30,2015.52,4.2893,0.18969,40.04,50.015,4.486,224.39,23.017,22.846,-0.029510,-0.001144,-0.013657,8.840,22.050,steady_run_1
3.035000,1,30,2020.30,4.2601,0.18740,39.65,50.036,4.521,226.23,23.020,22.849,0.034262,0.011283,0.002841,8.867,22.050,steady_run_1
3.040000,1,30,2023.50,4.1724,0.18843,39.93,50.014,4.528,226.47,23.023,22.851,-0.007841,-0.025042,0.013147,8.775,22.050,steady_run_1
3.045000,1,30,2014.40,4.2422,0.17856,37.67,50.007,4.465,223.28,23.026,22.854,0.030582,0.002864,-0.005690,8.853,22.050,steady_run_1
3.050000,1,30,2010.98,4.2074,0.17993,37.89,50.045,4.641,232.25,23.029,22.856,0.031876,0.006274,-0.004564,8.730,22.050,steady_run_1
3.055000,1,30,2014.46,4.2227,0.17511,36.94,50.056,4.566,228.54,23.032,22.859,-0.008743,-0.031636,0.015838,8.757,22.050,steady_run_1
3.060000,1,30,2015.11,4.2759,0.17622,37.19,50.018,4.583,229.22,23.035,22.861,-0.029045,0.003109,-0.010482,8.732,22.050,steady_run_1
3.065000,1,30,2021.52,4.2589,0.18444,39.04,50.015,4.504,225.27,23.038,22.864,0.024898,-0.001424,-0.009448,8.882,22.051,steady_run_1
3.070000,1,30,2024.87,4.2477,0.17894,37.94,50.019,4.568,228.48,23.041,22.866,-0.012049,-0.026980,0.014284,8.836,22.051,steady_run_1
3.075000,1,30,2020.54,4.1586,0.18853,39.89,50.010,4.724,236.26,23.044,22.869,-0.007791,-0.027421,0.012855,8.757,22.051,steady_run_1
3.080000,1,30,2028.10,4.2952,0.18502,39.30,50.031,4.526,226.43,23.047,22.871,0.033430,0.028458,0.016185,8.813,22.051,steady_run_1
3.085000,1,30,2018.47,4.2919,0.19188,40.56,50.014,4.518,225.98,23.050,22.873,-0.027061,0.001314,-0.011327,8.863,22.051,steady_run_1
3.090000,1,30,2024.58,4.2747,0.18450,39.12,50.028,4.531,226.68,23.053,22.876,0.022193,0.000239,-0.012069,8.946,22.051,steady_run_1
3.095000,1,30,2028.75,4.2934,0.18717,39.76,50.020,4.477,223.92,23.056,22.878,-0.016282,-0.023372,0.008693,8.865,22.051,steady_run_1
3.100000,1,30,2018.62,4.2532,0.18732,39.60,50.034,4.561,228.19,23.059,22.881,0.015958,-0.001870,-0.015994,8.697,22.051,steady_run_1
3.105000,1,30,2023.68,4.3229,0.17868,37.87,50.010,4.534,226.73,23.062,22.883,-0.028097,-0.006277,-0.005022,8.788,22.051,steady_run_1
3.110000,1,30,2030.07,4.3502,0.18140,38.56,50.069,4.511,225.86,23.065,22.885,0.031967,0.004746,-0.002947,8.685,22.051,steady_run_1
3.115000,1,30,2024.54,4.2901,0.17450,37.00,50.029,4.496,224.93,23.068,22.888,0.034000,0.027090,0.013214,8.858,22.051,steady_run_1
3.120000,1,30,2030.97,4.3141,0.18591,39.54,50.028,4.606,230.44,23.071,22.890,-0.013530,-0.026947,0.014932,8.853,22.051,steady_run_1
3.125000,1,30,2026.89,4.2730,0.18928,40.18,50.054,4.542,227.32,23.074,22.893,-0.009007,-0.029258,0.015046,8.948,22.051,steady_run_1
3.130000,1,30,2030.79,4.3101,0.18272,38.86,50.003,4.587,229.34,23.077,22.895,-0.008862,0.006340,-0.004505,8.903,22.052,steady_run_1
3.135000,1,30,2020.77,4.2197,0.18623,39.41,50.050,4.483,224.37,23.080,22.898,-0.011449,-0.025018,0.015696,8.745,22.052,steady_run_1
3.140000,1,30,2028.55,4.2888,0.18536,39.38,50.043,4.476,223.99,23.082,22.900,0.033960,0.019032,0.008212,8.902,22.052,steady_run_1
3.145000,1,30,2028.98,4.3514,0.19324,41.06,50.035,4.572,228.77,23.085,22.902,0.008490,-0.001271,-0.014640,8.839,22.052,steady_run_1
3.150000,1,30,2026.68,4.3018,0.17885,37.96,50.052,4.526,226.52,23.088,22.905,-0.000749,-0.004167,-0.008145,8.757,22.052,steady_run_1
3.155000,1,30,2030.81,4.3971,0.18834,40.05,50.008,4.468,223.45,23.091,22.907,-0.030065,0.000924,-0.012268,8.780,22.052,steady_run_1
3.160000,1,30,2030.35,4.3136,0.18190,38.67,50.035,4.614,230.86,23.094,22.909,-0.012357,0.007190,-0.004155,8.837,22.052,steady_run_1
3.165000,1,30,2026.91,4.3394,0.18992,40.31,50.044,4.603,230.37,23.097,22.912,-0.016381,0.006283,-0.009311,8.843,22.052,steady_run_1
3.170000,1,30,2027.74,4.2711,0.18341,38.95,50.035,4.427,221.48,23.100,22.914,0.036552,0.026581,0.011567,8.774,22.052,steady_run_1
3.175000,1,30,2030.48,4.3024,0.19033,40.47,50.024,4.689,234.55,23.103,22.917,-0.005594,-0.007966,0.000162,8.913,22.052,steady_run_1
3.180000,1,30,2031.98,4.3503,0.17748,37.77,50.026,4.507,225.45,23.106,22.919,-0.024993,-0.010999,0.004005,8.806,22.052,steady_run_1
3.185000,1,30,2035.71,4.4250,0.18011,38.40,50.041,4.404,220.38,23.109,22.921,0.023610,0.031396,0.016947,8.773,22.052,steady_run_1
3.190000,1,30,2025.93,4.3557,0.17827,37.82,50.023,4.494,224.81,23.112,22.924,-0.023783,-0.008110,-0.003167,8.762,22.053,steady_run_1
3.195000,1,30,2033.71,4.4447,0.19609,41.76,50.027,4.622,231.20,23.115,22.926,0.017535,-0.000204,-0.013490,8.852,22.053,steady_run_1
3.200000,1,30,2038.79,4.3427,0.19201,40.99,50.024,4.469,223.57,23.118,22.928,-0.024540,-0.001463,-0.005412,8.939,22.053,steady_run_1
3.205000,1,30,2041.10,4.3962,0.17380,37.15,50.033,4.558,228.08,23.121,22.931,0.013623,0.025514,0.013700,8.878,22.053,steady_run_1
3.210000,1,30,2033.80,4.4291,0.17500,37.27,50.006,4.592,229.64,23.124,22.933,-0.028111,-0.000045,-0.014528,8.816,22.053,steady_run_1
3.215000,1,30,2029.70,4.3079,0.19075,40.54,50.019,4.724,236.29,23.127,22.936,-0.024938,0.001462,-0.008634,8.835,22.053,steady_run_1
3.220000,1,30,2028.16,4.2453,0.18348,38.97,50.018,4.611,230.62,23.130,22.938,-0.026399,0.000594,-0.016089,8.857,22.053,steady_run_1
3.225000,1,30,2035.00,4.3703,0.18328,39.06,50.059,4.503,225.44,23.133,22.941,0.005012,-0.002501,-0.014062,8.824,22.053,steady_run_1
3.230000,1,30,2032.37,4.2918,0.19106,40.66,50.042,4.613,230.84,23.136,22.943,0.000146,-0.005466,-0.007215,8.880,22.053,steady_run_1
3.235000,1,30,2031.67,4.2978,0.19156,40.76,50.047,4.523,226.36,23.139,22.945,-0.008620,-0.026923,0.012506,8.944,22.053,steady_run_1
3.240000,1,30,2034.69,4.3597,0.18632,39.70,50.026,4.558,228.04,23.142,22.948,-0.026843,0.003916,-0.013236,8.868,22.053,steady_run_1
3.245000,1,30,2035.07,4.2924,0.18280,38.96,50.037,4.525,226.40,23.145,22.950,0.024100,0.028325,0.012913,8.853,22.053,steady_run_1
3.250000,1,30,2038.18,4.3331,0.19067,40.70,50.023,4.531,226.64,23.148,22.952,0.001330,-0.000289,-0.011263,8.837,22.054,steady_run_1
3.255000,1,30,2038.07,4.4510,0.19772,42.20,50.026,4.523,226.25,23.150,22.955,-0.009518,-0.026802,0.016334,8.936,22.054,steady_run_1
3.260000,1,30,2034.77,4.3461,0.18993,40.47,50.033,4.612,230.76,23.153,22.957,-0.011649,-0.027317,0.016368,8.931,22.054,steady_run_1
3.265000,1,30,2040.62,4.4611,0.19273,41.19,50.001,4.533,226.66,23.156,22.959,0.016892,0.030011,0.013298,8.958,22.054,steady_run_1
3.270000,1,30,2045.40,4.4331,0.18778,40.22,50.031,4.563,228.30,23.159,22.962,-0.004586,-0.016066,0.005327,8.857,22.054,steady_run_1
3.275000,1,30,2027.71,4.3130,0.19376,41.14,50.024,4.553,227.78,23.162,22.964,-0.020563,-0.018640,0.003457,8.902,22.054,steady_run_1
3.280000,1,30,2031.00,4.4220,0.18454,39.25,50.022,4.537,226.92,23.165,22.966,0.012672,0.027385,0.013821,8.859,22.054,steady_run_1
3.285000,1,30,2051.23,4.3902,0.18273,39.25,50.005,4.537,226.89,23.168,22.969,0.013854,-0.004072,-0.018508,8.766,22.054,steady_run_1
3.290000,1,30,2039.52,4.3701,0.17589,37.57,50.050,4.630,231.72,23.171,22.971,-0.027440,0.001163,-0.015164,8.712,22.054,steady_run_1
3.295000,1,30,2049.49,4.4577,0.18374,39.43,50.020,4.559,228.06,23.174,22.974,-0.010249,-0.030984,0.011854,8.756,22.054,steady_run_1
3.300000,1,30,2041.85,4.3685,0.18101,38.70,50.038,4.602,230.26,23.177,22.976,0.015249,0.002007,-0.014627,8.837,22.054,steady_run_1
3.305000,1,30,2045.03,4.3942,0.19176,41.07,50.021,4.644,232.30,23.180,22.978,-0.015631,-0.026039,0.010806,8.938,22.054,steady_run_1
3.310000,1,30,2042.88,4.4022,0.18029,38.57,50.042,4.585,229.44,23.183,22.981,-0.023360,-0.013634,0.000230,8.808,22.054,steady_run_1
3.315000,1,30,2036.09,4.3844,0.18726,39.93,50.027,4.452,222.71,23.186,22.983,-0.004249,-0.018646,0.005511,8.832,22.055,steady_run_1
3.320000,1,30,2042.68,4.4541,0.18515,39.60,50.030,4.620,231.13,23.189,22.985,0.016645,0.025517,0.013240,8.828,22.055,steady_run_1
3.325000,1,30,2049.36,4.3767,0.18355,39.39,50.033,4.542,227.27,23.192,22.988,-0.008918,-0.028453,0.016983,8.967,22.055,steady_run_1
3.330000,1,30,2040.11,4.3198,0.18512,39.55,50.001,4.643,232.16,23.195,22.990,0.029319,0.005935,-0.003661,8.888,22.055,steady_run_1
3.335000,1,30,2043.92,4.4424,0.18421,39.43,50.048,4.599,230.16,23.197,22.992,-0.011623,-0.026696,0.013789,8.938,22.055,steady_run_1
3.340000,1,30,2045.82,4.3239,0.17970,38.50,49.999,4.491,224.54,23.200,22.995,-0.023017,0.001207,-0.011013,9.043,22.055,steady_run_1
3.345000,1,30,2049.03,4.4271,0.18985,40.74,50.015,4.572,228.66,23.203,22.997,0.026875,0.005357,-0.005849,8.914,22.055,steady_run_1
3.350000,1,30,2048.33,4.3887,0.19267,41.33,50.029,4.728,236.51,23.206,23.000,0.009036,0.000266,-0.012035,8.870,22.055,steady_run_1
3.355000,1,30,2053.37,4.5029,0.18335,39.42,50.014,4.615,230.80,23.209,23.002,-0.027261,0.000688,-0.015150,8.950,22.055,steady_run_1
3.360000,1,30,2036.77,4.3881,0.19074,40.68,50.002,4.485,224.26,23.212,23.004,0.025370,0.031012,0.016306,8.945,22.055,steady_run_1
3.365000,1,30,2045.25,4.3396,0.18923,40.53,50.030,4.549,227.56,23.215,23.006,-0.023815,-0.013142,-0.000608,8.872,22.055,steady_run_1
3.370000,1,30,2047.63,4.4523,0.19142,41.05,50.037,4.593,229.81,23.218,23.009,0.010238,0.024139,0.007928,8.764,22.055,steady_run_1
3.375000,1,30,2043.69,4.4103,0.18878,40.40,50.037,4.602,230.26,23.221,23.011,-0.006250,0.009609,0.000868,8.886,22.056,steady_run_1
3.380000,1,30,2047.09,4.4383,0.18563,39.79,50.022,4.618,231.01,23.224,23.013,0.011710,-0.001633,-0.014824,9.014,22.056,steady_run_1
3.385000,1,30,2048.00,4.3920,0.19008,40.77,50.030,4.556,227.92,23.227,23.016,-0.006849,-0.028823,0.013456,8.913,22.056,steady_run_1
3.390000,1,30,2051.14,4.3454,0.18932,40.66,49.992,4.711,235.49,23.230,23.018,-0.019692,0.000383,-0.009707,8.853,22.056,steady_run_1
3.395000,1,30,2038.11,4.4291,0.18671,39.85,50.021,4.526,226.39,23.233,23.021,0.013651,-0.002232,-0.014603,8.865,22.056,steady_run_1
3.400000,1,30,2051.64,4.4460,0.18742,40.27,50.005,4.709,235.46,23.236,23.023,0.024110,0.002343,-0.011310,8.960,22.056,steady_run_1
3.405000,1,30,2051.73,4.4310,0.18155,39.01,50.042,4.680,234.17,23.239,23.025,-0.002817,-0.007333,-0.003207,8.846,22.056,steady_run_1
3.410000,1,30,2051.61,4.4970,0.18793,40.38,50.008,4.595,229.78,23.241,23.028,-0.011303,-0.031630,0.014302,8.929,22.056,steady_run_1
3.415000,1,30,2049.45,4.5038,0.18774,40.29,50.027,4.603,230.28,23.244,23.030,-0.013531,-0.021022,0.010238,8.864,22.056,steady_run_1
3.420000,1,30,2050.98,4.3235,0.19287,41.42,50.033,4.557,227.98,23.247,23.032,-0.015165,0.003151,-0.009602,8.944,22.056,steady_run_1
3.425000,1,30,2054.09,4.4554,0.18111,38.96,50.037,4.433,221.81,23.250,23.034,0.025954,0.002228,-0.009257,8.978,22.056,steady_run_1
3.430000,1,30,2048.65,4.4391,0.18417,39.51,50.026,4.578,229.03,23.253,23.037,0.034417,0.026136,0.014134,8.914,22.056,steady_run_1
3.435000,1,30,2043.03,4.3231,0.18787,40.19,49.996,4.669,233.41,23.256,23.039,-0.004136,0.009411,0.000543,8.876,22.056,steady_run_1
3.440000,1,30,2048.84,4.4094,0.18182,39.01,49.998,4.647,232.34,23.259,23.041,-0.005727,-0.014025,0.001328,8.887,22.057,steady_run_1
3.445000,1,30,2055.20,4.5256,0.19144,41.20,50.047,4.545,227.44,23.262,23.044,0.007769,0.019122,0.009341,8.981,22.057,steady_run_1
3.450000,1,30,2046.84,4.4035,0.18518,39.69,50.014,4.715,235.82,23.265,23.046,-0.020416,-0.015096,0.001275,9.011,22.057,steady_run_1
3.455000,1,30,2048.85,4.3554,0.18820,40.38,50.009,4.660,233.02,23.268,23.048,-0.000155,0.017670,0.005051,8.869,22.057,steady_run_1
3.460000,1,30,2047.01,4.2861,0.18821,40.34,50.027,4.578,229.04,23.270,23.051,0.015957,0.029110,0.014836,9.029,22.057,steady_run_1
3.465000,1,30,2048.90,4.4424,0.20005,42.92,50.024,4.674,233.81,23.273,23.053,0.014217,-0.003332,-0.018097,8.981,22.057,steady_run_1
3.470000,1,30,2057.79,4.4640,0.19981,43.06,50.031,4.592,229.72,23.276,23.055,0.009526,0.021982,0.008591,8.948,22.057,steady_run_1
3.475000,1,30,2049.41,4.4625,0.19312,41.45,50.008,4.666,233.31,23.279,23.058,-0.020761,-0.014243,0.000907,8.974,22.057,steady_run_1
3.480000,1,30,2051.28,4.4265,0.18359,39.44,50.019,4.590,229.58,23.282,23.060,-0.001103,0.014110,0.005809,8.951,22.057,steady_run_1
3.485000,1,30,2057.38,4.4396,0.18628,40.13,50.029,4.560,228.14,23.285,23.062,-0.008662,-0.020769,0.008568,8.842,22.057,steady_run_1
3.490000,1,30,2049.11,4.4276,0.18855,40.46,50.037,4.529,226.61,23.288,23.065,0.033609,0.011235,0.001069,8.874,22.057,steady_run_1
3.495000,1,30,2052.50,4.3681,0.18379,39.50,50.021,4.664,233.29,23.291,23.067,-0.010611,-0.030108,0.013782,8.925,22.057,steady_run_1
3.500000,1,30,2059.12,4.4973,0.18990,40.95,50.029,4.660,233.14,23.294,23.069,0.034702,0.028167,0.015323,8.949,22.058,steady_run_1
3.505000,1,30,2055.28,4.4212,0.18231,39.24,50.019,4.679,234.04,23.297,23.072,0.024418,0.029835,0.018526,8.951,22.058,steady_run_1
3.510000,1,30,2057.83,4.4486,0.18717,40.33,50.043,4.628,231.57,23.300,23.074,0.003854,-0.003628,-0.011627,8.858,22.058,steady_run_1
3.515000,1,30,2057.34,4.4838,0.19301,41.58,50.023,4.554,227.82,23.302,23.076,-0.006878,-0.025682,0.011896,9.100,22.058,steady_run_1
3.520000,1,30,2063.10,4.4292,0.18025,38.94,50.038,4.658,233.06,23.305,23.078,0.014574,0.028017,0.014748,9.056,22.058,steady_run_1
3.525000,1,30,2045.31,4.4637,0.17879,38.29,50.011,4.540,227.05,23.308,23.081,0.034061,0.019447,0.010398,8.796,22.058,steady_run_1
3.530000,1,30,2060.97,4.3510,0.18401,39.71,50.031,4.628,231.55,23.311,23.083,0.024954,0.003561,-0.010181,9.045,22.058,steady_run_1
3.535000,1,30,2053.87,4.4769,0.19495,41.93,50.021,4.550,227.61,23.314,23.085,0.010648,0.023261,0.008065,9.030,22.058,steady_run_1
3.540000,1,30,2057.11,4.4500,0.19077,41.10,50.029,4.570,228.62,23.317,23.088,0.007914,-0.002707,-0.014214,9.042,22.058,steady_run_1
3.545000,1,30,2049.58,4.3935,0.18621,39.97,50.044,4.564,228.40,23.319,23.090,0.033536,0.030762,0.018585,8.870,22.058,steady_run_1
3.550000,1,30,2051.37,4.3320,0.19417,41.71,50.047,4.593,229.87,23.322,23.092,0.002821,-0.001732,-0.012314,8.902,22.058,steady_run_1
3.555000,1,30,2057.39,4.5163,0.18090,38.98,50.016,4.587,229.42,23.325,23.094,-0.018467,0.005467,-0.008490,8.904,22.058,steady_run_1
3.560000,1,30,2057.63,4.4343,0.19590,42.21,50.029,4.523,226.26,23.328,23.097,0.025161,0.029544,0.014789,8.911,22.058,steady_run_1
3.565000,1,30,2049.48,4.2981,0.19905,42.72,50.020,4.705,235.34,23.331,23.099,-0.027413,0.003457,-0.014149,8.927,22.059,steady_run_1
3.570000,1,30,2052.10,4.4183,0.18354,39.44,50.020,4.503,225.23,23.334,23.101,0.030078,0.030897,0.014808,8.877,22.059,steady_run_1
3.575000,1,30,2050.91,4.4975,0.17518,37.62,50.026,4.550,227.60,23.337,23.103,0.030053,0.008862,0.002336,8.934,22.059,steady_run_1
3.580000,1,30,2053.85,4.4063,0.18714,40.25,50.024,4.658,233.00,23.339,23.106,-0.012337,-0.031225,0.017168,8.931,22.059,steady_run_1
3.585000,1,30,2060.11,4.4666,0.18435,39.77,50.037,4.686,234.48,23.342,23.108,0.030262,0.030247,0.018603,9.030,22.059,steady_run_1
3.590000,1,30,2061.53,4.4099,0.19935,43.04,50.035,4.694,234.88,23.345,23.110,0.008672,-0.000670,-0.015941,8.849,22.059,steady_run_1
3.595000,1,30,2062.20,4.4615,0.18487,39.92,50.027,4.689,234.55,23.348,23.113,-0.010755,-0.032324,0.016950,9.074,22.059,steady_run_1
3.600000,1,30,2049.21,4.5472,0.19230,41.27,50.015,4.700,235.09,23.351,23.115,-0.005467,0.013687,0.000263,8.852,22.059,steady_run_1
3.605000,1,30,2059.76,4.4476,0.19187,41.39,50.022,4.524,226.28,23.354,23.117,-0.030045,-0.001226,-0.009072,8.868,22.059,steady_run_1
3.610000,1,30,2058.30,4.4859,0.20207,43.56,50.017,4.501,225.15,23.357,23.119,-0.028485,0.000623,-0.014667,9.035,22.059,steady_run_1
3.615000,1,30,2053.90,4.3342,0.19966,42.94,50.042,4.581,229.25,23.359,23.121,-0.027758,-0.001199,-0.009715,8.947,22.059,steady_run_1
3.620000,1,30,2052.38,4.3937,0.18481,39.72,50.018,4.606,230.38,23.362,23.124,-0.026649,0.001986,-0.020036,8.960,22.059,steady_run_1
3.625000,1,30,2059.90,4.4671,0.19470,42.00,50.016,4.593,229.74,23.365,23.126,-0.003344,-0.009374,0.002159,8.890,22.060,steady_run_1
3.630000,1,30,2056.00,4.4394,0.18507,39.85,50.034,4.654,232.87,23.368,23.128,0.001123,-0.006203,-0.013685,8.873,22.060,steady_run_1
3.635000,1,30,2058.00,4.5000,0.18976,40.90,50.022,4.708,235.50,23.371,23.130,-0.019472,-0.015787,0.005448,8.897,22.060,steady_run_1
3.640000,1,30,2059.03,4.4615,0.18928,40.81,50.018,4.731,236.64,23.374,23.133,-0.019047,0.005145,-0.009395,9.108,22.060,steady_run_1
3.645000,1,30,2058.14,4.4194,0.19455,41.93,50.004,4.756,237.80,23.377,23.135,0.017424,0.026889,0.012381,9.028,22.060,steady_run_1
3.650000,1,30,2060.87,4.3738,0.19835,42.81,50.029,4.530,226.62,23.380,23.137,0.003391,-0.001214,-0.010309,8.839,22.060,steady_run_1
3.655000,1,30,2058.02,4.4007,0.19916,42.92,50.016,4.631,231.61,23.382,23.140,0.006073,-0.003073,-0.012191,8.898,22.060,steady_run_1
3.660000,1,30,2056.49,4.3100,0.19064,41.05,50.029,4.572,228.74,23.385,23.142,-0.004516,-0.010952,-0.001870,8.982,22.060,steady_run_1
3.665000,1,30,2055.11,4.4340,0.18845,40.56,50.029,4.620,231.14,23.388,23.144,-0.009864,-0.024830,0.014731,9.008,22.060,steady_run_1
3.670000,1,30,2061.61,4.4385,0.19819,42.79,50.017,4.488,224.47,23.391,23.146,0.034468,0.030181,0.015666,9.081,22.060,steady_run_1
3.675000,1,30,2056.47,4.4351,0.18791,40.47,50.009,4.548,227.44,23.394,23.148,-0.005105,0.010541,0.001786,8.895,22.060,steady_run_1
3.680000,1,30,2050.40,4.4620,0.18751,40.26,50.024,4.753,237.75,23.396,23.151,-0.030539,-0.000684,-0.008365,8.953,22.060,steady_run_1
3.685000,1,30,2060.85,4.4384,0.18545,40.02,50.026,4.780,239.12,23.399,23.153,-0.009900,-0.028755,0.016203,8.883,22.060,steady_run_1
3.690000,1,30,2055.75,4.4706,0.18907,40.70,49.997,4.745,237.22,23.402,23.155,-0.002592,-0.004501,-0.003795,8.918,22.061,steady_run_1
3.695000,1,30,2064.50,4.4347,0.18793,40.63,49.979,4.626,231.21,23.405,23.158,0.035939,0.023538,0.011961,8.992,22.061,steady_run_1
3.700000,1,30,2055.45,4.4548,0.19642,42.28,50.037,4.606,230.49,23.408,23.160,-0.028575,-0.002846,-0.008928,9.036,22.061,steady_run_1
3.705000,1,30,2054.03,4.4976,0.19044,40.96,50.029,4.465,223.37,23.411,23.162,-0.025626,0.002062,-0.018617,9.041,22.061,steady_run_1
3.710000,1,30,2056.23,4.3417,0.18960,40.83,50.044,4.497,225.07,23.413,23.164,0.037977,0.023704,0.012270,8.999,22.061,steady_run_1
3.715000,1,30,2051.09,4.3302,0.19633,42.17,50.015,4.630,231.55,23.416,23.166,0.004401,0.021546,0.008779,8.999,22.061,steady_run_1
3.720000,1,30,2055.11,4.4254,0.19216,41.36,50.012,4.643,232.23,23.419,23.168,0.000012,-0.004230,-0.004286,8.852,22.061,steady_run_1
3.725000,1,30,2059.22,4.4323,0.19188,41.38,50.024,4.428,221.50,23.422,23.171,-0.028395,-0.000566,-0.016909,8.972,22.061,steady_run_1
3.730000,1,30,2059.16,4.4040,0.19624,42.32,50.044,4.633,231.87,23.424,23.173,0.011359,0.020617,0.012805,8.979,22.061,steady_run_1
3.735000,1,30,2061.89,4.4508,0.19130,41.31,49.995,4.787,239.31,23.427,23.175,0.006321,-0.002548,-0.016034,8.944,22.061,steady_run_1
3.740000,1,30,2060.12,4.4024,0.19519,42.11,50.000,4.691,234.53,23.430,23.177,-0.000596,-0.005703,-0.006389,8.985,22.061,steady_run_1
3.745000,1,30,2060.71,4.4632,0.19475,42.03,50.023,4.715,235.84,23.433,23.180,-0.013437,-0.026169,0.011206,8.883,22.061,steady_run_1
3.750000,1,30,2058.79,4.5083,0.19438,41.91,50.000,4.760,238.02,23.436,23.182,-0.021281,-0.015230,0.005229,9.117,22.061,steady_run_1
3.755000,1,30,2057.31,4.4198,0.19557,42.13,49.996,4.677,233.84,23.439,23.184,-0.029004,0.000018,-0.007951,8.974,22.062,steady_run_1
3.760000,1,30,2058.47,4.4203,0.18008,38.82,50.044,4.642,232.29,23.442,23.186,0.004742,0.021033,0.007252,9.049,22.062,steady_run_1
3.765000,1,30,2052.81,4.4878,0.18798,40.41,50.046,4.609,230.65,23.445,23.189,-0.026209,-0.001564,-0.016014,8.971,22.062,steady_run_1
3.770000,1,30,2067.99,4.4587,0.19633,42.52,50.016,4.717,235.95,23.447,23.191,-0.011605,0.008274,-0.003819,9.011,22.062,steady_run_1
3.775000,1,30,2057.73,4.3587,0.20065,43.24,50.024,4.623,231.28,23.450,23.193,-0.006916,-0.011003,0.000635,8.792,22.062,steady_run_1
3.780000,1,30,2066.60,4.5029,0.18853,40.80,50.041,4.633,231.82,23.453,23.195,0.034864,0.010656,0.003702,9.019,22.062,steady_run_1
3.785000,1,30,2062.65,4.3708,0.18952,40.94,50.035,4.657,233.03,23.456,23.197,0.035932,0.027910,0.011620,8.907,22.062,steady_run_1
3.790000,1,30,2064.10,4.4183,0.19545,42.25,50.029,4.637,232.00,23.459,23.200,0.001576,-0.003827,-0.011878,8.946,22.062,steady_run_1
3.795000,1,30,2061.95,4.5262,0.19362,41.81,50.023,4.682,234.23,23.461,23.202,0.000047,-0.005855,-0.003263,8.918,22.062,steady_run_1
3.800000,1,30,2057.98,4.4196,0.18617,40.12,50.018,4.647,232.43,23.464,23.204,0.009389,-0.000941,-0.015097,8.914,22.062,steady_run_1
3.805000,1,30,2060.28,4.5097,0.19148,41.31,50.025,4.625,231.35,23.467,23.206,-0.019483,-0.021199,0.008115,8.816,22.062,steady_run_1
3.810000,1,30,2059.23,4.3989,0.19309,41.64,50.044,4.532,226.80,23.470,23.208,-0.027690,-0.004715,-0.008523,8.908,22.062,steady_run_1
3.815000,1,30,2061.06,4.5766,0.18893,40.78,49.991,4.817,240.80,23.473,23.211,0.019742,0.028746,0.012762,9.061,22.063,steady_run_1
3.820000,1,30,2058.02,4.5107,0.19681,42.42,50.036,4.596,229.96,23.475,23.213,0.016120,0.028154,0.011708,8.920,22.063,steady_run_1
3.825000,1,30,2055.16,4.5009,0.18234,39.24,50.006,4.708,235.44,23.478,23.215,0.010775,0.023754,0.014245,8.946,22.063,steady_run_1
3.830000,1,30,2054.85,4.3755,0.18940,40.76,50.035,4.561,228.23,23.481,23.217,0.036234,0.020712,0.003999,8.900,22.063,steady_run_1
3.835000,1,30,2063.52,4.3849,0.19196,41.48,50.017,4.655,232.84,23.484,23.219,-0.021405,0.005402,-0.010248,8.985,22.063,steady_run_1
3.840000,1,30,2064.76,4.4881,0.19249,41.62,50.001,4.626,231.30,23.487,23.222,0.035227,0.026543,0.008095,8.974,22.063,steady_run_1
3.845000,1,30,2061.96,4.3467,0.19235,41.53,49.986,4.662,233.05,23.489,23.224,0.035592,0.023452,0.012183,8.947,22.063,steady_run_1
3.850000,1,30,2058.50,4.3493,0.19688,42.44,50.049,4.558,228.12,23.492,23.226,0.029647,0.031832,0.016121,9.010,22.063,steady_run_1
3.855000,1,30,2063.50,4.4398,0.19078,41.23,50.037,4.695,234.91,23.495,23.228,-0.008072,-0.030276,0.019485,9.015,22.063,steady_run_1
3.860000,1,30,2060.93,4.4812,0.20277,43.76,49.996,4.781,239.05,23.498,23.230,-0.013480,-0.031856,0.016992,9.008,22.063,steady_run_1
3.865000,1,30,2066.65,4.5392,0.18008,38.97,50.026,4.633,231.79,23.501,23.233,0.033875,0.029066,0.010725,9.029,22.063,steady_run_1
3.870000,1,30,2065.07,4.5429,0.19467,42.10,50.034,4.573,228.83,23.503,23.235,0.034806,0.015139,0.002095,9.035,22.063,steady_run_1
3.875000,1,30,2060.45,4.4521,0.19318,41.68,50.029,4.592,229.76,23.506,23.237,0.025146,0.027217,0.016570,8.932,22.063,steady_run_1
3.880000,1,30,2061.55,4.3730,0.19420,41.92,50.021,4.620,231.10,23.509,23.239,0.015396,0.000834,-0.015501,8.959,22.064,steady_run_1
3.885000,1,30,2067.18,4.4841,0.18621,40.31,49.998,4.615,230.76,23.512,23.241,-0.027321,0.002576,-0.014722,9.110,22.064,steady_run_1
3.890000,1,30,2070.53,4.5399,0.18854,40.88,50.030,4.629,231.61,23.514,23.243,0.029789,0.005468,-0.006930,9.058,22.064,steady_run_1
3.895000,1,30,2064.29,4.4667,0.19200,41.50,50.010,4.639,232.01,23.517,23.245,0.009771,0.023166,0.012450,8.979,22.064,steady_run_1
3.900000,1,30,2058.70,4.4191,0.19281,41.57,49.999,4.721,236.03,23.520,23.248,-0.029296,0.000586,-0.017150,8.900,22.064,steady_run_1
3.905000,1,30,2063.62,4.4195,0.18906,40.86,50.058,4.653,232.93,23.523,23.250,0.015632,0.000375,-0.019671,8.992,22.064,steady_run_1
3.910000,1,30,2057.69,4.4290,0.19938,42.96,50.009,4.636,231.86,23.525,23.252,0.029830,0.032514,0.016010,9.028,22.064,steady_run_1
3.915000,1,30,2069.83,4.5479,0.18226,39.51,50.031,4.567,228.47,23.528,23.254,0.019404,0.028438,0.014463,9.092,22.064,steady_run_1
3.920000,1,30,2063.50,4.4485,0.19304,41.71,50.010,4.684,234.23,23.531,23.256,-0.029418,0.001241,-0.017545,8.959,22.064,steady_run_1
3.925000,1,30,2074.41,4.5329,0.20763,45.10,50.023,4.663,233.25,23.534,23.258,-0.021920,-0.008687,0.003636,9.036,22.064,steady_run_1
3.930000,1,30,2068.52,4.4350,0.19460,42.15,50.021,4.674,233.78,23.536,23.261,-0.007680,-0.018376,0.008290,9.028,22.064,steady_run_1
3.935000,1,30,2063.63,4.5297,0.18465,39.90,50.042,4.567,228.56,23.539,23.263,0.012599,-0.000188,-0.014385,9.062,22.064,steady_run_1
3.940000,1,30,2060.96,4.4747,0.18990,40.99,50.023,4.550,227.61,23.542,23.265,0.008963,-0.002777,-0.016476,8.884,22.064,steady_run_1
3.945000,1,30,2067.18,4.3636,0.19112,41.37,50.011,4.619,231.00,23.545,23.267,-0.018223,0.005486,-0.005480,8.981,22.065,steady_run_1
3.950000,1,30,2061.80,4.4881,0.19674,42.48,50.018,4.555,227.82,23.547,23.269,-0.027870,-0.003655,-0.003631,9.016,22.065,steady_run_1
3.955000,1,30,2065.44,4.3926,0.19276,41.69,50.004,4.697,234.85,23.550,23.271,0.034540,0.024296,0.010775,9.055,22.065,steady_run_1
3.960000,1,30,2066.30,4.5575,0.19525,42.25,50.011,4.736,236.84,23.553,23.273,0.003057,-0.000939,-0.012495,8.988,22.065,steady_run_1
3.965000,1,30,2056.26,4.4495,0.18549,39.94,50.014,4.643,232.24,23.556,23.275,-0.023389,0.000404,-0.010406,8.927,22.065,steady_run_1
3.970000,1,30,2068.20,4.5881,0.19738,42.75,50.004,4.748,237.40,23.558,23.278,-0.029522,-0.000483,-0.015864,9.108,22.065,steady_run_1
3.975000,1,30,2070.41,4.4516,0.19008,41.21,50.016,4.720,236.09,23.561,23.280,0.031679,0.014945,0.007103,9.007,22.065,steady_run_1
3.980000,1,30,2066.60,4.5785,0.18931,40.97,50.014,4.669,233.53,23.564,23.282,0.027873,0.031057,0.017099,8.955,22.065,steady_run_1
3.985000,1,30,2056.96,4.4119,0.18757,40.40,50.001,4.644,232.23,23.567,23.284,-0.012676,-0.028532,0.016588,8.969,22.065,steady_run_1
3.990000,1,30,2061.18,4.4020,0.18759,40.49,50.010,4.641,232.08,23.569,23.286,0.023554,0.027450,0.014828,8.928,22.065,steady_run_1
3.995000,1,30,2057.31,4.4984,0.18839,40.59,49.996,4.705,235.22,23.572,23.288,-0.000331,0.017524,0.004967,9.015,22.065,steady_run_1
4.000000,1,30,2062.41,4.3945,0.19838,42.84,50.039,4.584,229.36,23.575,23.290,-0.008346,-0.021491,0.008395,8.941,22.065,steady_run_1
4.005000,1,30,2059.35,4.4330,0.19306,41.63,50.011,4.585,229.30,23.578,23.293,-0.005141,-0.009513,0.001245,8.921,22.066,steady_run_1
4.010000,1,30,2062.31,4.4305,0.19595,42.32,50.004,4.594,229.72,23.580,23.295,-0.028195,0.000151,-0.014906,9.049,22.066,steady_run_1
4.015000,1,30,2067.27,4.5052,0.19390,41.98,50.010,4.516,225.85,23.583,23.297,0.010450,-0.003212,-0.015725,8.926,22.066,steady_run_1
4.020000,1,30,2065.88,4.4490,0.19383,41.93,50.019,4.601,230.14,23.586,23.299,0.001737,-0.003759,-0.007745,9.051,22.066,steady_run_1
4.025000,1,30,2061.86,4.3624,0.20080,43.36,50.021,4.689,234.57,23.588,23.301,0.012656,0.000443,-0.014558,8.910,22.066,steady_run_1
4.030000,1,30,2066.15,4.4555,0.19003,41.12,50.022,4.603,230.25,23.591,23.303,-0.027244,0.001027,-0.011494,9.008,22.066,steady_run_1
4.035000,1,30,2064.21,4.4450,0.19264,41.64,50.034,4.692,234.77,23.594,23.305,-0.031273,0.000837,-0.017315,8.890,22.066,steady_run_1
4.040000,1,30,2074.68,4.5423,0.19291,41.91,50.044,4.740,237.21,23.597,23.307,-0.021231,-0.011736,0.001983,8.995,22.066,steady_run_1
4.045000,1,30,2066.23,4.5274,0.19804,42.85,50.022,4.553,227.75,23.599,23.309,0.015222,-0.001462,-0.016051,8.980,22.066,steady_run_1
4.050000,1,30,2064.68,4.4429,0.19052,41.19,50.037,4.607,230.52,23.602,23.311,0.007156,0.000065,-0.015876,9.059,22.066,steady_run_1
4.055000,1,30,2065.16,4.5255,0.19885,43.00,50.003,4.644,232.19,23.605,23.313,-0.009552,-0.029119,0.015613,8.982,22.066,steady_run_1
4.060000,1,30,2069.54,4.5251,0.18961,41.09,50.027,4.524,226.32,23.607,23.315,0.018348,0.028919,0.014842,9.015,22.066,steady_run_1
4.065000,1,30,2062.88,4.4246,0.20542,44.38,50.033,4.554,227.86,23.610,23.318,-0.029126,0.001620,-0.013221,8.940,22.066,steady_run_1
4.070000,1,30,2069.71,4.5569,0.19332,41.90,50.018,4.791,239.64,23.613,23.320,0.002210,-0.001227,-0.011040,8.971,22.067,steady_run_1
4.075000,1,30,2063.46,4.4726,0.19551,42.25,50.031,4.615,230.91,23.615,23.322,0.033125,0.026195,0.008966,8.982,22.067,steady_run_1
4.080000,1,30,2066.77,4.4990,0.18408,39.84,50.008,4.728,236.46,23.618,23.324,-0.007672,-0.029040,0.014547,8.960,22.067,steady_run_1
4.085000,1,30,2063.52,4.4069,0.18692,40.39,50.009,4.633,231.70,23.621,23.326,-0.003420,-0.018997,0.008037,9.013,22.067,steady_run_1
4.090000,1,30,2069.05,4.3940,0.19482,42.21,50.001,4.673,233.64,23.623,23.328,0.015253,0.028207,0.015617,8.967,22.067,steady_run_1
4.095000,1,30,2070.98,4.4990,0.19280,41.81,50.015,4.690,234.56,23.626,23.330,0.005627,-0.002143,-0.016091,9.002,22.067,steady_run_1
4.100000,1,30,2059.49,4.4384,0.19433,41.91,50.013,4.637,231.89,23.629,23.332,-0.026278,-0.007702,-0.006719,8.931,22.067,steady_run_1
4.105000,1,30,2062.79,4.4499,0.18525,40.02,50.010,4.659,233.01,23.632,23.334,0.034327,0.028672,0.014123,9.037,22.067,steady_run_1
4.110000,1,30,2074.22,4.5006,0.19392,42.12,50.003,4.642,232.11,23.634,23.336,0.029451,0.030645,0.017366,8.853,22.067,steady_run_1
4.115000,1,30,2065.97,4.5147,0.18808,40.69,50.025,4.633,231.75,23.637,23.339,-0.020813,-0.012533,0.005159,9.033,22.067,steady_run_1
4.120000,1,30,2061.93,4.4686,0.19277,41.62,49.985,4.669,233.36,23.640,23.341,-0.012294,-0.031413,0.016670,8.862,22.067,steady_run_1
4.125000,1,30,2063.61,4.4902,0.18523,40.03,50.004,4.691,234.55,23.642,23.343,-0.026596,0.000423,-0.013583,9.076,22.067,steady_run_1
4.130000,1,30,2065.59,4.5559,0.19216,41.56,50.012,4.642,232.14,23.645,23.345,0.036724,0.013585,0.004737,8.952,22.067,steady_run_1
4.135000,1,30,2066.87,4.5055,0.19042,41.22,49.991,4.640,231.96,23.648,23.347,-0.002418,-0.006164,-0.005103,8.923,22.068,steady_run_1
4.140000,1,30,2059.04,4.4325,0.19941,43.00,50.048,4.514,225.90,23.650,23.349,0.026831,0.031895,0.018405,8.836,22.068,steady_run_1
4.145000,1,30,2062.75,4.4767,0.18916,40.86,50.013,4.707,235.40,23.653,23.351,-0.008097,-0.021334,0.008716,9.101,22.068,steady_run_1
4.150000,1,30,2069.84,4.5091,0.18694,40.52,50.019,4.774,238.80,23.656,23.353,0.034713,0.021630,0.006291,8.962,22.068,steady_run_1
4.155000,1,30,2063.63,4.4214,0.18689,40.39,50.025,4.622,231.20,23.658,23.355,-0.017096,0.000446,-0.009763,9.016,22.068,steady_run_1
4.160000,1,30,2072.38,4.4739,0.18035,39.14,50.026,4.655,232.88,23.661,23.357,-0.021763,-0.013633,0.002675,9.047,22.068,steady_run_1
4.165000,1,30,2070.80,4.4813,0.19792,42.92,50.029,4.711,235.69,23.664,23.359,-0.028478,-0.002158,-0.009518,9.026,22.068,steady_run_1
4.170000,1,30,2072.29,4.4914,0.19985,43.37,49.999,4.622,231.11,23.667,23.361,0.012147,0.025399,0.014274,9.042,22.068,steady_run_1
4.175000,1,30,2064.96,4.5600,0.19894,43.02,50.055,4.651,232.82,23.669,23.363,-0.017812,-0.015234,0.001174,9.061,22.068,steady_run_1
4.180000,1,30,2061.50,4.4757,0.18821,40.63,50.050,4.632,231.83,23.672,23.366,-0.016708,-0.028994,0.012558,9.105,22.068,steady_run_1
4.185000,1,30,2069.91,4.5509,0.18416,39.92,50.052,4.656,233.02,23.674,23.368,0.005656,-0.002239,-0.012858,8.970,22.068,steady_run_1
4.190000,1,30,2068.11,4.5184,0.18908,40.95,50.001,4.627,231.38,23.677,23.370,-0.001695,-0.006612,-0.007162,9.142,22.068,steady_run_1
4.195000,1,30,2063.17,4.4228,0.18563,40.11,50.009,4.679,234.01,23.680,23.372,0.028985,0.000408,-0.006470,9.079,22.069,steady_run_1
4.200000,1,30,2068.01,4.4684,0.20446,44.28,50.044,4.592,229.81,23.682,23.374,-0.028745,-0.001791,-0.010677,9.041,22.069,steady_run_1
4.205000,1,30,2066.42,4.3919,0.19275,41.71,50.019,4.681,234.12,23.685,23.376,-0.030901,0.000782,-0.015478,9.001,22.069,steady_run_1
4.210000,1,30,2068.68,4.4109,0.20014,43.36,49.998,4.677,233.85,23.688,23.378,0.033799,0.020199,0.010334,9.063,22.069,steady_run_1
4.215000,1,30,2073.32,4.5056,0.20208,43.88,50.007,4.671,233.57,23.690,23.380,-0.018251,-0.020108,0.011900,9.011,22.069,steady_run_1
4.220000,1,30,2065.58,4.6253,0.18989,41.08,50.038,4.633,231.81,23.693,23.382,0.019368,-0.001954,-0.014884,8.958,22.069,steady_run_1
4.225000,1,30,2067.26,4.4884,0.19007,41.15,50.000,4.709,235.44,23.696,23.384,-0.010132,-0.033167,0.016701,8.983,22.069,steady_run_1
4.230000,1,30,2063.59,4.5751,0.18991,41.04,50.036,4.578,229.07,23.698,23.386,-0.005806,-0.015477,0.007006,8.979,22.069,steady_run_1
4.235000,1,30,2067.14,4.5734,0.19710,42.67,50.028,4.706,235.42,23.701,23.388,-0.017416,0.002064,-0.006949,8.841,22.069,steady_run_1
4.240000,1,30,2067.51,4.4980,0.19464,42.14,50.020,4.644,232.29,23.704,23.390,0.029873,0.029530,0.016597,8.930,22.069,steady_run_1
4.245000,1,30,2068.51,4.5979,0.19091,41.35,49.983,4.676,233.70,23.706,23.392,0.007434,-0.001336,-0.015511,9.001,22.069,steady_run_1
4.250000,1,30,2077.60,4.4595,0.18718,40.72,50.034,4.767,238.53,23.709,23.394,0.032555,0.020550,0.008038,9.147,22.069,steady_run_1
4.255000,1,30,2072.08,4.5430,0.18623,40.41,50.039,4.625,231.44,23.712,23.396,-0.006445,0.008203,-0.003513,9.093,22.069,steady_run_1
4.260000,1,30,2067.92,4.5086,0.18803,40.72,50.034,4.701,235.22,23.714,23.398,-0.027788,0.000589,-0.013971,8.994,22.070,steady_run_1
4.265000,1,30,2068.88,4.4056,0.19100,41.38,50.014,4.712,235.68,23.717,23.400,0.025316,0.026267,0.013738,8.864,22.070,steady_run_1
4.270000,1,30,2063.58,4.3426,0.19478,42.09,50.011,4.736,236.83,23.720,23.402,-0.025893,0.001667,-0.014990,9.022,22.070,steady_run_1
4.275000,1,30,2074.30,4.5025,0.18754,40.74,50.010,4.730,236.53,23.723,23.405,-0.028260,-0.000036,-0.016362,8.991,22.070,steady_run_1
4.280000,1,30,2066.44,4.4695,0.19201,41.55,50.008,4.632,231.65,23.725,23.407,0.002879,-0.002577,-0.008108,8.996,22.070,steady_run_1
4.285000,1,30,2058.69,4.4933,0.18921,40.79,50.032,4.528,226.53,23.728,23.408,0.014775,0.025814,0.014934,8.959,22.070,steady_run_1
4.290000,1,30,2075.10,4.4613,0.20174,43.84,50.012,4.519,226.03,23.730,23.410,0.005129,0.001684,-0.016274,8.934,22.070,steady_run_1
4.295000,1,30,2065.42,4.5588,0.20027,43.32,50.012,4.678,233.94,23.733,23.412,-0.027634,0.001264,-0.014607,9.036,22.070,steady_run_1
4.300000,1,30,2070.45,4.4661,0.18937,41.06,50.019,4.783,239.22,23.736,23.415,0.003663,-0.001037,-0.014232,9.038,22.070,steady_run_1
4.305000,1,30,2074.46,4.4966,0.19207,41.72,50.023,4.710,235.59,23.738,23.417,-0.027282,0.000550,-0.017238,8.958,22.070,steady_run_1
4.310000,1,30,2065.85,4.5158,0.18173,39.32,50.021,4.719,236.05,23.741,23.419,0.003450,-0.002348,-0.011121,9.001,22.070,steady_run_1
4.315000,1,30,2063.22,4.5499,0.18917,40.87,50.050,4.543,227.37,23.743,23.421,0.005641,-0.000334,-0.012229,8.902,22.070,steady_run_1
4.320000,1,30,2065.78,4.4817,0.19400,41.97,50.022,4.615,230.83,23.746,23.423,-0.027083,-0.004021,-0.006592,8.955,22.070,steady_run_1
4.325000,1,30,2066.59,4.4674,0.18506,40.05,50.020,4.585,229.35,23.749,23.425,-0.000959,0.015893,0.001822,9.076,22.071,steady_run_1
4.330000,1,30,2068.72,4.3524,0.19291,41.79,50.012,4.690,234.57,23.751,23.427,0.016264,-0.001076,-0.013070,8.924,22.071,steady_run_1
4.335000,1,30,2071.96,4.5163,0.19240,41.75,50.039,4.662,233.28,23.754,23.429,-0.020614,-0.010522,0.000906,8.997,22.071,steady_run_1
4.340000,1,30,2063.76,4.4879,0.19027,41.12,50.022,4.660,233.12,23.757,23.431,0.022286,0.000486,-0.012854,8.996,22.071,steady_run_1
4.345000,1,30,2064.14,4.4471,0.18108,39.14,50.021,4.610,230.59,23.759,23.433,-0.005352,-0.017434,0.003104,8.923,22.071,steady_run_1
4.350000,1,30,2068.04,4.4880,0.18825,40.77,50.010,4.719,236.01,23.762,23.435,-0.011698,0.005389,-0.002988,9.059,22.071,steady_run_1
4.355000,1,30,2062.78,4.5133,0.19231,41.54,50.028,4.653,232.77,23.764,23.437,-0.025323,-0.005421,-0.005088,8.970,22.071,steady_run_1
4.360000,1,30,2068.99,4.5312,0.18297,39.64,50.041,4.659,233.16,23.767,23.439,0.008793,0.003112,-0.017735,9.031,22.071,steady_run_1
4.365000,1,30,2068.27,4.4743,0.21115,45.73,50.018,4.656,232.87,23.770,23.441,-0.006221,-0.012106,0.004254,9.000,22.071,steady_run_1
4.370000,1,30,2073.72,4.4985,0.19022,41.31,50.039,4.715,235.92,23.772,23.443,0.017951,0.023249,0.013423,9.042,22.071,steady_run_1
4.375000,1,30,2065.47,4.4692,0.19165,41.45,50.044,4.699,235.16,23.775,23.445,-0.014226,-0.028034,0.013433,8.871,22.071,steady_run_1
4.380000,1,30,2069.71,4.5089,0.18954,41.08,50.031,4.616,230.92,23.777,23.447,0.031318,0.030287,0.015874,9.055,22.071,steady_run_1
4.385000,1,30,2069.98,4.5152,0.19657,42.61,50.044,4.522,226.29,23.780,23.448,0.022492,0.001235,-0.013940,9.026,22.071,steady_run_1
4.390000,1,30,2073.28,4.5649,0.19472,42.28,50.024,4.674,233.79,23.783,23.450,-0.022587,-0.011211,0.003179,8.967,22.072,steady_run_1
4.395000,1,30,2073.05,4.5245,0.19053,41.36,50.003,4.652,232.61,23.785,23.452,-0.023324,-0.000171,-0.012436,9.076,22.072,steady_run_1
4.400000,1,30,2074.98,4.5977,0.19427,42.21,50.030,4.656,232.95,23.788,23.454,0.036022,0.018197,0.005958,9.093,22.072,steady_run_1
4.405000,1,30,2068.06,4.4323,0.19995,43.30,49.983,4.680,233.94,23.790,23.456,-0.026256,0.001918,-0.016837,8.976,22.072,steady_run_1
4.410000,1,30,2068.76,4.5764,0.18895,40.94,50.024,4.704,235.31,23.793,23.458,0.020928,0.029123,0.012930,8.987,22.072,steady_run_1
4.415000,1,30,2063.92,4.5125,0.18740,40.50,50.034,4.532,226.76,23.796,23.460,-0.023725,0.002847,-0.012189,9.042,22.072,steady_run_1
4.420000,1,30,2074.56,4.4962,0.19151,41.60,50.012,4.615,230.78,23.798,23.462,-0.026333,0.002461,-0.014204,8.986,22.072,steady_run_1
4.425000,1,30,2066.50,4.4669,0.19438,42.07,50.018,4.652,232.70,23.801,23.464,-0.000524,-0.004864,-0.009262,8.969,22.072,steady_run_1
4.430000,1,30,2071.75,4.5148,0.19412,42.11,49.986,4.689,234.39,23.803,23.466,-0.002866,0.011188,0.001968,8.796,22.072,steady_run_1
4.435000,1,30,2065.91,4.5366,0.18233,39.45,50.031,4.544,227.36,23.806,23.468,-0.024150,-0.010213,0.000675,9.090,22.072,steady_run_1
4.440000,1,30,2064.86,4.4779,0.19279,41.69,50.017,4.689,234.54,23.808,23.470,-0.030329,0.003748,-0.014218,9.050,22.072,steady_run_1
4.445000,1,30,2064.78,4.3731,0.19539,42.25,50.017,4.596,229.87,23.811,23.472,-0.005114,0.015454,0.002919,8.973,22.072,steady_run_1
4.450000,1,30,2064.84,4.5466,0.19335,41.81,49.993,4.678,233.87,23.813,23.474,0.036068,0.024304,0.012472,9.034,22.072,steady_run_1
4.455000,1,30,2070.92,4.5287,0.18798,40.77,50.014,4.659,233.04,23.816,23.476,-0.028905,-0.002911,-0.011111,8.939,22.073,steady_run_1
4.460000,1,30,2070.20,4.5349,0.18983,41.15,50.051,4.649,232.68,23.819,23.478,-0.020455,0.002325,-0.013633,9.014,22.073,steady_run_1
4.465000,1,30,2072.87,4.4427,0.19378,42.06,50.011,4.737,236.92,23.821,23.480,0.023369,0.002698,-0.008206,8.983,22.073,steady_run_1
4.470000,1,30,2068.73,4.4785,0.19029,41.22,49.995,4.621,231.05,23.824,23.482,0.034369,0.029618,0.011530,8.983,22.073,steady_run_1
4.475000,1,30,2074.37,4.5519,0.20054,43.56,50.046,4.631,231.77,23.826,23.484,-0.023481,-0.007431,-0.001990,8.984,22.073,steady_run_1
4.480000,1,30,2073.45,4.5392,0.19211,41.71,50.017,4.615,230.85,23.829,23.486,-0.031210,0.002984,-0.017317,9.031,22.073,steady_run_1
4.485000,1,30,2074.12,4.4545,0.19364,42.06,49.999,4.747,237.32,23.832,23.488,0.019154,0.028507,0.014022,8.923,22.073,steady_run_1
4.490000,1,30,2072.00,4.5428,0.19807,42.98,50.017,4.611,230.61,23.834,23.490,0.022921,0.031811,0.014906,9.006,22.073,steady_run_1
4.495000,1,30,2072.89,4.5740,0.19066,41.39,50.038,4.571,228.71,23.837,23.492,0.021868,-0.000172,-0.013580,8.941,22.073,steady_run_1
4.500000,1,30,2061.73,,0.19667,42.46,50.019,4.733,236.75,23.839,23.494,-0.015712,-0.026422,0.012762,9.008,22.073,steady_run_1
4.505000,1,30,2066.77,,0.20307,43.95,50.022,4.607,230.43,23.842,23.495,0.029779,0.019410,0.004603,8.950,22.073,steady_run_1
4.510000,1,30,2073.08,,0.18878,40.98,50.000,4.569,228.44,23.844,23.497,-0.030635,0.003744,-0.016351,9.014,22.073,steady_run_1
4.515000,1,30,2071.88,,0.19016,41.26,49.998,4.611,230.55,23.847,23.499,-0.018363,0.004949,-0.004780,9.004,22.073,steady_run_1
4.520000,1,30,2066.75,,0.19616,42.46,50.030,4.622,231.26,23.849,23.501,-0.020375,-0.010915,0.002417,9.033,22.074,steady_run_1
4.525000,1,30,2066.70,,0.18817,40.72,50.008,4.621,231.10,23.852,23.503,-0.023062,0.001831,-0.014130,9.002,22.074,steady_run_1
4.530000,1,30,2064.55,,0.19673,42.53,50.013,4.687,234.43,23.854,23.505,-0.024409,0.005823,-0.013638,8.986,22.074,steady_run_1
4.535000,1,30,2077.57,,0.19153,41.67,50.005,4.749,237.49,23.857,23.507,0.016983,0.026231,0.010502,8.928,22.074,steady_run_1
4.540000,1,30,2072.70,,0.18875,40.97,50.012,4.799,240.01,23.860,23.509,-0.026944,0.000740,-0.018477,9.029,22.074,steady_run_1
4.545000,1,30,2066.15,,0.19502,42.20,50.020,4.725,236.37,23.862,23.511,-0.007766,-0.022403,0.010819,9.002,22.074,steady_run_1
4.550000,1,30,2072.07,,0.18814,40.82,50.007,4.628,231.43,23.865,23.513,0.033986,0.022433,0.015237,8.997,22.074,steady_run_1
4.555000,1,30,2067.79,,0.19597,42.43,50.025,4.626,231.43,23.867,23.515,0.000328,0.015220,0.005199,8.865,22.074,steady_run_1
4.560000,1,30,2064.61,,0.19134,41.37,50.015,4.820,241.05,23.870,23.517,-0.019085,0.006974,-0.006194,9.078,22.074,steady_run_1
4.565000,1,30,2064.14,,0.19361,41.85,50.032,4.707,235.51,23.873,23.519,0.023398,0.029610,0.013660,9.012,22.074,steady_run_1
4.570000,1,30,2067.72,,0.19244,41.67,50.018,4.643,232.25,23.875,23.521,-0.004900,-0.020174,0.007121,8.990,22.074,steady_run_1
4.575000,1,30,2059.13,,0.18532,39.96,50.013,4.622,231.14,23.878,23.523,0.007679,0.019866,0.009259,8.919,22.074,steady_run_1
4.580000,1,30,2070.92,,0.19199,41.64,50.023,4.722,236.19,23.880,23.525,0.026489,0.030482,0.013674,8.916,22.074,steady_run_1
4.585000,1,30,2065.93,,0.19639,42.49,50.020,4.611,230.64,23.883,23.526,-0.027270,0.002242,-0.012393,8.861,22.075,steady_run_1
4.590000,1,30,2065.05,,0.19897,43.03,50.027,4.756,237.93,23.885,23.528,0.002951,0.017590,0.008935,8.903,22.075,steady_run_1
4.595000,1,30,2074.50,,0.19077,41.44,50.033,4.715,235.90,23.888,23.530,-0.024428,0.001934,-0.014505,9.025,22.075,steady_run_1
4.600000,1,30,2062.93,,0.19055,41.16,50.002,4.721,236.06,23.890,23.532,0.033284,0.023754,0.009290,8.983,22.075,steady_run_1
4.605000,1,30,2072.26,,0.19238,41.75,49.990,4.715,235.68,23.893,23.534,0.017267,0.030048,0.013617,9.005,22.075,steady_run_1
4.610000,1,30,2067.02,,0.19568,42.36,50.032,4.602,230.26,23.895,23.536,-0.027575,0.004255,-0.015441,9.053,22.075,steady_run_1
4.615000,1,30,2076.54,,0.19674,42.78,50.012,4.652,232.64,23.898,23.538,-0.027354,-0.007635,-0.004752,9.112,22.075,steady_run_1
4.620000,1,30,2071.56,,0.19658,42.64,50.037,4.559,228.13,23.900,23.540,-0.006530,-0.023083,0.012745,8.951,22.075,steady_run_1
4.625000,1,30,2072.04,,0.19484,42.28,50.030,4.615,230.88,23.903,23.542,-0.020919,-0.005766,-0.002949,9.002,22.075,steady_run_1
4.630000,1,30,2068.11,,0.18959,41.06,50.005,4.637,231.87,23.905,23.544,-0.011144,-0.031434,0.016198,9.003,22.075,steady_run_1
4.635000,1,30,2066.01,,0.20120,43.53,50.031,4.622,231.22,23.908,23.546,-0.012183,-0.029749,0.013310,8.986,22.075,steady_run_1
4.640000,1,30,2074.27,,0.18876,41.00,50.010,4.643,232.18,23.910,23.547,0.000330,-0.000777,-0.009834,9.005,22.075,steady_run_1
4.645000,1,30,2069.64,,0.19948,43.23,50.030,4.676,233.92,23.913,23.549,0.029262,0.003947,-0.005415,9.003,22.075,steady_run_1
4.650000,1,30,2070.65,,0.19679,42.67,50.028,4.565,228.36,23.915,23.551,-0.003373,-0.015282,0.005167,9.087,22.076,steady_run_1
4.655000,1,30,2070.16,,0.20004,43.37,50.021,4.649,232.56,23.918,23.553,-0.014138,-0.030028,0.015452,8.946,22.076,steady_run_1
4.660000,1,30,2070.82,,0.19518,42.33,50.005,4.706,235.35,23.920,23.555,-0.030768,0.001899,-0.014257,8.999,22.076,steady_run_1
4.665000,1,30,2073.26,,0.18199,39.51,50.037,4.743,237.34,23.923,23.557,0.034078,0.013465,0.000872,9.016,22.076,steady_run_1
4.670000,1,30,2061.27,,0.18929,40.86,50.028,4.583,229.28,23.925,23.559,-0.005566,-0.006621,-0.003911,9.003,22.076,steady_run_1
4.675000,1,30,2069.57,,0.19100,41.39,50.007,4.549,227.47,23.928,23.561,0.027652,0.000034,-0.011349,8.878,22.076,steady_run_1
4.680000,1,30,2067.51,,0.18160,39.32,50.000,4.679,233.94,23.930,23.562,0.023954,-0.000451,-0.012056,9.037,22.076,steady_run_1
4.685000,1,30,2069.54,,0.19840,43.00,50.021,4.676,233.89,23.933,23.564,-0.009886,-0.028128,0.016857,9.013,22.076,steady_run_1
4.690000,1,30,2064.17,,0.20222,43.71,50.016,4.723,236.23,23.935,23.566,0.008304,0.000142,-0.014522,8.999,22.076,steady_run_1
4.695000,1,30,2068.54,,0.19574,42.40,50.004,4.699,234.99,23.938,23.568,-0.024648,0.000674,-0.016615,9.137,22.076,steady_run_1
4.700000,1,30,2063.68,,0.20028,43.28,50.007,4.611,230.56,23.940,23.570,-0.017962,-0.023890,0.009608,9.033,22.076,steady_run_1
4.705000,1,30,2075.35,,0.19497,42.37,50.013,4.721,236.11,23.943,23.572,-0.030011,-0.003836,-0.005654,8.949,22.076,steady_run_1
4.710000,1,30,2067.37,,0.19475,42.16,50.026,4.626,231.43,23.945,23.574,0.020374,-0.000548,-0.014053,9.072,22.076,steady_run_1
4.715000,1,30,2071.04,,0.19451,42.18,50.014,4.706,235.36,23.948,23.576,-0.029571,-0.000034,-0.007076,9.044,22.077,steady_run_1
4.720000,1,30,2065.56,,0.20227,43.75,49.995,4.792,239.59,23.951,23.578,-0.005200,-0.018130,0.006546,9.096,22.077,steady_run_1
4.725000,1,30,2074.43,,0.18769,40.77,50.000,4.736,236.81,23.953,23.580,0.006933,0.000030,-0.014308,8.919,22.077,steady_run_1
4.730000,1,30,2066.54,,0.18950,41.01,50.018,4.661,233.11,23.956,23.581,-0.013811,0.002279,-0.008753,8.955,22.077,steady_run_1
4.735000,1,30,2068.81,,0.19413,42.06,50.053,4.509,225.69,23.958,23.583,0.023667,-0.000637,-0.009593,8.894,22.077,steady_run_1
4.740000,1,30,2071.58,,0.19041,41.31,50.011,4.728,236.48,23.961,23.585,-0.016023,-0.024816,0.010313,8.971,22.077,steady_run_1
4.745000,1,30,2071.26,,0.18552,40.24,49.992,4.675,233.72,23.963,23.587,-0.031155,0.002844,-0.012285,8.974,22.077,steady_run_1
4.750000,1,30,2065.58,,0.19642,42.49,49.994,4.677,233.81,23.966,23.589,-0.005577,-0.022229,0.011874,8.954,22.077,steady_run_1
4.755000,1,30,2068.30,,0.18399,39.85,50.020,4.661,233.14,23.968,23.591,-0.016242,0.001863,-0.005486,9.157,22.077,steady_run_1
4.760000,1,30,2070.72,,0.19464,42.21,50.030,4.671,233.66,23.970,23.593,0.021033,-0.000446,-0.011408,8.896,22.077,steady_run_1
4.765000,1,30,2070.99,,0.18610,40.36,49.995,4.695,234.74,23.973,23.595,-0.004331,-0.013574,0.003645,8.937,22.077,steady_run_1
4.770000,1,30,2069.20,,0.19099,41.38,50.024,4.702,235.20,23.975,23.596,-0.005216,-0.021022,0.008943,9.022,22.077,steady_run_1
4.775000,1,30,2065.37,,0.19017,41.13,50.028,4.617,230.96,23.978,23.598,0.006521,-0.001386,-0.015541,8.933,22.077,steady_run_1
4.780000,1,30,2070.45,,0.19211,41.65,50.029,4.669,233.57,23.980,23.600,-0.006307,0.005352,-0.000605,9.073,22.078,steady_run_1
4.785000,1,30,2069.15,,0.18895,40.94,50.041,4.549,227.65,23.983,23.602,0.011067,0.022368,0.010315,9.014,22.078,steady_run_1
4.790000,1,30,2065.38,,0.19129,41.37,50.025,4.706,235.42,23.985,23.604,-0.025001,-0.000451,-0.012186,9.017,22.078,steady_run_1
4.795000,1,30,2067.97,,0.20265,43.89,49.982,4.634,231.62,23.988,23.606,0.021560,0.000671,-0.012541,9.065,22.078,steady_run_1
4.800000,1,30,2072.00,,0.18603,40.36,50.028,4.628,231.55,23.990,23.607,-0.027521,0.002605,-0.008616,9.051,22.078,steady_run_1
4.805000,1,30,2063.28,,0.19533,42.20,50.004,4.592,229.60,23.993,23.609,0.028621,0.008274,-0.006398,9.057,22.078,steady_run_1
4.810000,1,30,2067.15,,0.18566,40.19,50.004,4.709,235.48,23.995,23.611,-0.022501,-0.005725,-0.005022,9.011,22.078,steady_run_1
4.815000,1,30,2064.40,,0.19113,41.32,50.044,4.490,224.72,23.997,23.613,-0.019373,-0.017750,0.003512,9.056,22.078,steady_run_1
4.820000,1,30,2070.42,,0.18837,40.84,49.992,4.777,238.82,24.000,23.615,0.014848,-0.002655,-0.015694,9.071,22.078,steady_run_1
4.825000,1,30,2069.91,,0.20067,43.50,50.014,4.726,236.37,24.002,23.617,-0.005401,-0.010223,-0.001761,9.079,22.078,steady_run_1
4.830000,1,30,2069.54,,0.19749,42.80,50.019,4.792,239.70,24.005,23.618,-0.013916,-0.028409,0.014371,9.051,22.078,steady_run_1
4.835000,1,30,2068.70,,0.18944,41.04,50.037,4.655,232.91,24.007,23.620,-0.024131,-0.009572,0.000716,9.002,22.078,steady_run_1
4.840000,1,30,2076.33,,0.19729,42.90,49.986,4.609,230.37,24.010,23.622,-0.008288,-0.019053,0.009679,9.086,22.078,steady_run_1
4.845000,1,30,2073.36,,0.18819,40.86,50.003,4.752,237.62,24.012,23.624,-0.001727,-0.005306,-0.007238,9.025,22.079,steady_run_1
4.850000,1,30,2071.93,,0.20053,43.51,50.011,4.605,230.29,24.015,23.626,-0.007722,-0.016436,0.005648,9.047,22.079,steady_run_1
4.855000,1,30,2066.55,,0.19356,41.89,50.027,4.644,232.31,24.017,23.628,0.032554,0.007748,-0.002634,8.995,22.079,steady_run_1
4.860000,1,30,2070.05,,0.18976,41.14,50.030,4.755,237.92,24.020,23.629,-0.019537,-0.015694,0.004289,9.054,22.079,steady_run_1
4.865000,1,30,2072.51,,0.19476,42.27,50.028,4.563,228.28,24.022,23.631,0.015955,0.026634,0.015154,8.991,22.079,steady_run_1
4.870000,1,30,2077.61,,0.18359,39.94,49.997,4.667,233.31,24.025,23.633,-0.014831,-0.025172,0.014777,9.045,22.079,steady_run_1
4.875000,1,30,2067.34,,0.18645,40.36,50.032,4.519,226.10,24.027,23.635,-0.002939,0.013095,0.003997,9.046,22.079,steady_run_1
4.880000,1,30,2075.17,,0.20060,43.59,50.002,4.666,233.30,24.029,23.637,-0.026828,-0.001008,-0.014296,9.017,22.079,steady_run_1
4.885000,1,30,2067.90,,0.19379,41.96,50.026,4.552,227.70,24.032,23.638,0.005958,-0.001615,-0.014572,9.029,22.079,steady_run_1
4.890000,1,30,2067.94,,0.19727,42.72,50.030,4.658,233.02,24.034,23.640,-0.011532,-0.026514,0.014517,8.964,22.079,steady_run_1
4.895000,1,30,2063.14,,0.18257,39.44,50.004,4.611,230.56,24.037,23.642,0.011616,-0.001762,-0.014274,8.993,22.079,steady_run_1
4.900000,1,30,2063.60,4.4552,0.19406,41.94,50.036,4.580,229.15,24.039,23.644,-0.011666,-0.023679,0.012696,8.934,22.079,steady_run_1
4.905000,1,30,2069.92,4.6226,0.20091,43.55,50.024,4.813,240.77,24.041,23.646,0.033896,0.007886,-0.003175,8.999,22.079,steady_run_1
4.910000,1,30,2067.61,4.5727,0.19407,42.02,50.022,4.592,229.68,24.044,23.647,0.035845,0.014863,0.001282,8.881,22.080,steady_run_1
4.915000,1,30,2071.62,4.5167,0.19446,42.19,50.030,4.592,229.74,24.046,23.649,-0.021021,-0.013197,-0.003429,8.945,22.080,steady_run_1
4.920000,1,30,2070.11,4.5211,0.18753,40.65,50.066,4.638,232.22,24.049,23.651,-0.026356,-0.003774,-0.009671,9.001,22.080,steady_run_1
4.925000,1,30,2070.32,4.4587,0.19176,41.57,50.039,4.650,232.66,24.051,23.653,-0.010818,0.008105,-0.004206,9.013,22.080,steady_run_1
4.930000,1,30,2065.04,4.4740,0.18648,40.33,49.993,4.737,236.82,24.053,23.655,-0.022559,-0.015156,0.005275,8.952,22.080,steady_run_1
4.935000,1,30,2069.63,4.4902,0.19070,41.33,50.009,4.603,230.21,24.056,23.656,0.031803,0.003230,-0.007046,8.934,22.080,steady_run_1
4.940000,1,30,2065.10,4.5336,0.20031,43.32,50.015,4.763,238.24,24.058,23.658,0.014822,0.027267,0.010694,9.045,22.080,steady_run_1
4.945000,1,30,2063.16,4.4271,0.19829,42.84,50.005,4.790,239.51,24.061,23.660,0.016152,0.025397,0.012347,8.961,22.080,steady_run_1
4.950000,1,30,2072.97,4.6510,0.19953,43.31,50.004,4.603,230.17,24.063,23.662,0.012763,0.021703,0.009167,9.053,22.080,steady_run_1
4.955000,1,30,2072.63,4.5398,0.18711,40.61,50.008,4.636,231.85,24.066,23.664,0.035552,0.020367,0.009241,9.178,22.080,steady_run_1
4.960000,1,30,2072.86,4.4981,0.19674,42.71,50.027,4.612,230.71,24.068,23.665,0.006113,0.002436,-0.016533,8.931,22.080,steady_run_1
4.965000,1,30,2080.95,4.6043,0.20346,44.34,50.010,4.760,238.03,24.071,23.667,0.032611,0.012789,0.002825,9.080,22.080,steady_run_1
4.970000,1,30,2078.15,4.5733,0.19192,41.77,50.039,4.669,233.63,24.073,23.669,0.032046,0.025262,0.012781,9.016,22.080,steady_run_1
4.975000,1,30,2070.62,4.4390,0.18010,39.05,49.983,4.741,236.95,24.075,23.671,-0.019912,-0.013335,0.005703,9.038,22.081,steady_run_1
4.980000,1,30,2068.81,4.5107,0.19193,41.58,50.048,4.610,230.72,24.078,23.673,-0.022580,-0.008967,-0.000686,9.007,22.081,steady_run_1
4.985000,1,30,2071.92,4.4040,0.19966,43.32,50.009,4.744,237.25,24.080,23.674,0.035005,0.022307,0.007997,9.027,22.081,steady_run_1
4.990000,1,30,2065.53,4.5578,0.20237,43.77,50.046,4.609,230.68,24.083,23.676,-0.030897,-0.001142,-0.013964,8.951,22.081,steady_run_1
4.995000,1,30,2069.76,4.5513,0.18195,39.44,50.024,4.771,238.65,24.085,23.678,0.015787,-0.005036,-0.017668,8.927,22.081,steady_run_1
5.000000,1,30,2068.60,4.4108,0.19002,41.16,49.998,4.713,235.66,24.088,23.680,0.003389,-0.000940,-0.011743,8.891,22.081,steady_run_1
5.005000,1,30,2074.52,4.4734,0.20182,43.84,50.019,4.661,233.13,24.090,23.682,0.019570,0.027515,0.012044,8.882,22.081,steady_run_1
5.010000,1,30,2076.74,4.4590,0.20141,43.80,50.038,4.613,230.83,24.092,23.683,-0.002510,-0.002746,-0.008582,8.987,22.081,steady_run_1
5.015000,1,30,2069.70,4.5272,0.18132,39.30,50.010,4.736,236.86,24.095,23.685,0.002619,0.018718,0.007638,8.969,22.081,steady_run_1
5.020000,1,30,2074.87,4.4730,0.18887,41.04,50.048,4.623,231.36,24.097,23.687,-0.014103,-0.029224,0.014930,9.086,22.081,steady_run_1
5.025000,1,30,2075.04,4.4516,0.18655,40.54,50.016,4.686,234.38,24.100,23.689,-0.027260,-0.000291,-0.013584,9.154,22.081,steady_run_1
5.030000,1,30,2072.36,4.4732,0.19820,43.01,50.034,4.643,232.29,24.102,23.691,-0.026817,-0.004540,-0.004257,8.958,22.081,steady_run_1
5.035000,1,30,2070.88,4.5134,0.19279,41.81,50.022,4.625,231.36,24.104,23.692,-0.030926,-0.001767,-0.013208,9.037,22.081,steady_run_1
5.040000,1,30,2071.60,4.5540,0.18876,40.95,50.008,4.666,233.34,24.107,23.694,0.009141,0.022837,0.010792,9.070,22.082,steady_run_1
5.045000,1,30,2072.16,4.4992,0.18675,40.52,50.046,4.598,230.13,24.109,23.696,0.027779,0.002842,-0.005980,8.920,22.082,steady_run_1
5.050000,1,30,2073.31,4.3813,0.19152,41.58,50.017,4.565,228.32,24.111,23.697,-0.006731,-0.022981,0.010244,9.015,22.082,steady_run_1
5.055000,1,30,2066.58,4.4815,0.19532,42.27,50.022,4.563,228.27,24.114,23.699,0.034948,0.028432,0.013404,8.952,22.082,steady_run_1
5.060000,1,30,2076.96,4.5356,0.18945,41.21,50.016,4.738,236.99,24.116,23.701,0.035524,0.021638,0.008992,9.098,22.082,steady_run_1
5.065000,1,30,2075.55,4.4949,0.18814,40.89,50.009,4.633,231.71,24.118,23.703,0.031862,0.010712,0.001364,9.021,22.082,steady_run_1
5.070000,1,30,2068.92,4.4721,0.20201,43.77,50.030,4.490,224.65,24.121,23.704,-0.030577,0.000264,-0.016604,9.090,22.082,steady_run_1
5.075000,1,30,2072.25,4.5181,0.18453,40.04,50.016,4.675,233.82,24.123,23.706,0.023873,-0.000025,-0.010360,9.003,22.082,steady_run_1
5.080000,1,30,2074.84,4.6005,0.19042,41.37,50.015,4.643,232.23,24.125,23.708,-0.018805,-0.019532,0.007616,9.087,22.082,steady_run_1
5.085000,1,30,2071.74,4.5078,0.18572,40.29,50.009,4.675,233.79,24.128,23.710,-0.009126,-0.028371,0.014051,8.947,22.082,steady_run_1
5.090000,1,30,2070.49,4.4708,0.19319,41.89,50.027,4.709,235.55,24.130,23.711,-0.015765,-0.023387,0.012856,9.171,22.082,steady_run_1
5.095000,1,30,2072.90,4.5369,0.18262,39.64,50.027,4.672,233.73,24.133,23.713,0.013466,0.027578,0.011683,8.885,22.082,steady_run_1
5.100000,1,30,2074.49,4.6539,0.18970,41.21,50.014,4.679,234.02,24.135,23.715,0.012877,-0.002983,-0.016295,9.151,22.082,steady_run_1
5.105000,1,30,2066.97,4.5688,0.18832,40.76,50.004,4.697,234.89,24.137,23.717,-0.023530,0.000028,-0.015885,9.032,22.083,steady_run_1
5.110000,1,30,2059.02,4.5101,0.19188,41.37,50.016,4.567,228.44,24.140,23.718,0.004023,-0.001523,-0.014089,8.997,22.083,steady_run_1
5.115000,1,30,2061.87,4.4630,0.18714,40.41,50.014,4.633,231.73,24.142,23.720,-0.029473,0.000830,-0.010482,8.940,22.083,steady_run_1
5.120000,1,30,2073.53,4.6289,0.19113,41.50,50.057,4.624,231.48,24.144,23.722,-0.007832,0.009387,0.000582,8.963,22.083,steady_run_1
5.125000,1,30,2068.52,4.4132,0.18642,40.38,50.025,4.611,230.68,24.147,23.723,-0.022734,-0.014673,0.004191,8.934,22.083,steady_run_1
5.130000,1,30,2070.36,4.4816,0.19037,41.27,50.010,4.679,233.98,24.149,23.725,0.013705,0.024982,0.010737,9.078,22.083,steady_run_1
5.135000,1,30,2071.74,4.6266,0.19506,42.32,50.020,4.592,229.69,24.151,23.727,0.017076,-0.001728,-0.016949,8.833,22.083,steady_run_1
5.140000,1,30,2073.32,4.4550,0.19546,42.44,49.991,4.670,233.47,24.154,23.729,-0.011354,-0.031684,0.014151,8.895,22.083,steady_run_1
5.145000,1,30,2072.60,4.4305,0.18896,41.01,50.006,4.626,231.31,24.156,23.730,-0.026743,-0.005702,-0.003753,8.984,22.083,steady_run_1
5.150000,1,30,2060.72,4.4569,0.18546,40.02,50.042,4.632,231.80,24.158,23.732,-0.023923,0.003027,-0.011704,9.035,22.083,steady_run_1
5.155000,1,30,2073.64,4.5737,0.19451,42.24,50.018,4.604,230.28,24.161,23.734,0.032479,0.020517,0.007019,8.924,22.083,steady_run_1
5.160000,1,30,2072.65,4.4735,0.18431,40.00,50.044,4.653,232.87,24.163,23.735,0.027011,0.005651,-0.010785,8.938,22.083,steady_run_1
5.165000,1,30,2066.98,4.5516,0.19164,41.48,50.036,4.666,233.48,24.165,23.737,-0.010270,0.009001,-0.004231,8.982,22.083,steady_run_1
5.170000,1,30,2075.86,4.5204,0.19186,41.71,50.040,4.628,231.57,24.168,23.739,-0.026211,0.001349,-0.014705,9.025,22.084,steady_run_1
5.175000,1,30,2063.70,4.4677,0.18779,40.58,50.050,4.628,231.62,24.170,23.741,0.001776,0.021072,0.007140,8.888,22.084,steady_run_1
5.180000,1,30,2072.78,4.4984,0.18909,41.04,50.004,4.695,234.77,24.172,23.742,-0.006796,0.010859,0.000766,8.950,22.084,steady_run_1
5.185000,1,30,2070.70,4.3922,0.19516,42.32,50.035,4.526,226.47,24.175,23.744,-0.008594,0.006649,-0.002764,8.978,22.084,steady_run_1
5.190000,1,30,2070.91,4.6103,0.19163,41.56,50.009,4.666,233.32,24.177,23.746,0.034395,0.026060,0.010817,9.072,22.084,steady_run_1
5.195000,1,30,2070.94,4.4570,0.18384,39.87,50.011,4.590,229.57,24.179,23.747,0.015483,-0.001745,-0.016953,8.860,22.084,steady_run_1
5.200000,1,30,2074.47,4.5576,0.18739,40.71,50.005,4.539,226.96,24.181,23.749,-0.028765,-0.000194,-0.011735,9.079,22.084,steady_run_1
5.205000,1,30,2071.45,4.4823,0.18769,40.71,49.991,4.604,230.17,24.184,23.751,-0.023874,-0.010039,-0.001299,9.069,22.084,steady_run_1
5.210000,1,30,2065.43,4.5539,0.19658,42.52,50.046,4.502,225.32,24.186,23.752,0.008844,0.000025,-0.016300,8.967,22.084,steady_run_1
5.215000,1,30,2072.46,4.5528,0.18389,39.91,50.022,4.635,231.83,24.188,23.754,0.031837,0.025322,0.012928,9.027,22.084,steady_run_1
5.220000,1,30,2067.33,4.4375,0.19245,41.66,50.052,4.681,234.27,24.191,23.756,-0.025370,0.002542,-0.015919,9.010,22.084,steady_run_1
5.225000,1,30,2066.55,4.3648,0.18777,40.64,50.024,4.555,227.87,24.193,23.757,-0.002521,0.013219,0.001601,9.052,22.084,steady_run_1
5.230000,1,30,2077.78,4.5236,0.18940,41.21,50.014,4.684,234.29,24.195,23.759,0.029448,0.028973,0.016595,9.146,22.084,steady_run_1
5.235000,1,30,2073.37,4.3654,0.20213,43.89,50.016,4.771,238.62,24.198,23.761,-0.019542,0.005488,-0.010004,8.996,22.085,steady_run_1
5.240000,1,30,2078.84,4.5630,0.20571,44.78,50.020,4.607,230.45,24.200,23.763,-0.010418,-0.028643,0.014889,8.959,22.085,steady_run_1
5.245000,1,30,2073.73,4.5213,0.19462,42.26,50.028,4.633,231.79,24.202,23.764,0.025057,0.003039,-0.013064,9.050,22.085,steady_run_1
5.250000,1,30,2064.31,4.5140,0.18081,39.09,50.023,4.643,232.28,24.204,23.766,-0.017494,-0.022876,0.013948,8.875,22.085,steady_run_1
5.255000,1,30,2072.35,4.5458,0.19741,42.84,50.009,4.612,230.63,24.207,23.768,-0.004724,-0.020769,0.009371,8.946,22.085,steady_run_1
5.260000,1,30,2078.49,4.5856,0.18519,40.31,50.005,4.712,235.61,24.209,23.769,0.033264,0.008752,-0.002907,9.065,22.085,steady_run_1
5.265000,1,30,2061.58,4.4310,0.19908,42.98,50.026,4.736,236.93,24.211,23.771,-0.018289,0.003708,-0.008303,8.962,22.085,steady_run_1
5.270000,1,30,2071.89,4.4953,0.19406,42.11,50.022,4.769,238.55,24.214,23.773,0.003311,0.016404,0.007024,9.045,22.085,steady_run_1
5.275000,1,30,2063.63,4.5387,0.18782,40.59,50.008,4.662,233.16,24.216,23.774,-0.001696,-0.002782,-0.008027,8.891,22.085,steady_run_1
5.280000,1,30,2066.91,4.4742,0.18213,39.42,50.020,4.717,235.94,24.219,23.776,-0.019772,-0.000277,-0.012059,8.986,22.085,steady_run_1
5.285000,1,30,2069.09,4.5583,0.18639,40.39,50.014,4.719,236.00,24.221,23.778,0.028161,0.003120,-0.009953,9.047,22.085,steady_run_1
5.290000,1,30,2077.81,4.5830,0.18839,40.99,50.035,4.649,232.62,24.223,23.780,0.034732,0.010512,-0.000728,9.016,22.085,steady_run_1
5.295000,1,30,2062.01,4.3858,0.18043,38.96,50.004,4.750,237.52,24.226,23.781,-0.003476,0.012162,0.002743,9.148,22.085,steady_run_1
5.300000,1,30,2067.58,4.3757,0.18939,41.01,50.053,4.764,238.46,24.228,23.783,-0.013849,-0.025821,0.013710,9.036,22.085,steady_run_1
5.305000,1,30,2068.21,4.5320,0.19301,41.80,50.016,4.733,236.71,24.230,23.785,-0.024572,0.003150,-0.014201,8.954,22.086,steady_run_1
5.310000,1,30,2071.64,4.4939,0.19537,42.38,50.027,4.620,231.11,24.233,23.787,0.012745,-0.001530,-0.017219,9.043,22.086,steady_run_1
5.315000,1,30,2074.39,4.5589,0.20618,44.79,50.024,4.640,232.11,24.235,23.788,-0.027879,-0.004885,-0.011105,9.228,22.086,steady_run_1
5.320000,1,30,2071.70,4.5939,0.19488,42.28,50.027,4.669,233.57,24.237,23.790,-0.022057,-0.014761,0.004317,9.096,22.086,steady_run_1
5.325000,1,30,2069.51,4.5247,0.18320,39.70,50.014,4.685,234.32,24.240,23.792,-0.017433,-0.022671,0.006639,9.072,22.086,steady_run_1
5.330000,1,30,2066.13,4.3888,0.19440,42.06,50.014,4.617,230.91,24.242,23.793,-0.010819,-0.024340,0.015600,9.011,22.086,steady_run_1
5.335000,1,30,2069.75,4.5334,0.18913,40.99,50.033,4.630,231.65,24.244,23.795,0.017716,0.028103,0.016433,9.076,22.086,steady_run_1
5.340000,1,30,2067.26,4.4351,0.19216,41.60,50.035,4.527,226.50,24.246,23.796,0.001722,0.014094,0.007726,9.001,22.086,steady_run_1
5.345000,1,30,2073.99,4.5069,0.19055,41.38,50.025,4.649,232.57,24.249,23.798,-0.027618,0.000534,-0.009620,9.044,22.086,steady_run_1
5.350000,1,30,2062.78,4.4818,0.17871,38.60,50.023,4.666,233.41,24.251,23.800,-0.014491,0.007749,-0.004093,8.931,22.086,steady_run_1
5.355000,1,30,2073.09,4.5897,0.20171,43.79,50.031,4.556,227.97,24.253,23.801,0.010915,0.026959,0.013243,9.076,22.086,steady_run_1
5.360000,1,30,2065.32,4.4063,0.19406,41.97,50.013,4.682,234.17,24.255,23.803,-0.003480,-0.020434,0.006896,8.995,22.086,steady_run_1
5.365000,1,30,2064.77,4.5450,0.17940,38.79,50.035,4.612,230.75,24.258,23.805,-0.016269,-0.024898,0.015103,8.945,22.086,steady_run_1
5.370000,1,30,2067.00,4.4903,0.19191,41.54,50.036,4.608,230.57,24.260,23.806,0.006021,0.017666,0.009461,9.013,22.087,steady_run_1
5.375000,1,30,2070.95,4.5447,0.19241,41.73,50.021,4.652,232.72,24.262,23.808,-0.007407,-0.023944,0.013775,8.987,22.087,steady_run_1
5.380000,1,30,2071.27,4.4612,0.20648,44.79,50.022,4.559,228.07,24.264,23.810,-0.020824,-0.006408,-0.003199,8.993,22.087,steady_run_1
5.385000,1,30,2065.87,4.4863,0.18981,41.06,50.004,4.564,228.21,24.267,23.811,0.000875,-0.003324,-0.004967,9.042,22.087,steady_run_1
5.390000,1,30,2074.61,4.4363,0.18288,39.73,50.020,4.729,236.56,24.269,23.813,0.004673,-0.002839,-0.013291,9.170,22.087,steady_run_1
5.395000,1,30,2062.23,4.4344,0.18916,40.85,50.033,4.590,229.64,24.271,23.814,0.000997,-0.004930,-0.003277,9.012,22.087,steady_run_1
5.400000,1,30,2074.17,4.4496,0.19741,42.88,50.014,4.605,230.31,24.273,23.816,-0.020198,-0.017770,0.005261,9.075,22.087,steady_run_1
5.405000,1,30,2070.89,4.5075,0.20578,44.63,50.032,4.647,232.49,24.276,23.818,-0.006123,-0.027479,0.013973,9.035,22.087,steady_run_1
5.410000,1,30,2071.97,4.4415,0.18979,41.18,50.001,4.585,229.26,24.278,23.819,-0.028483,0.002582,-0.017906,8.893,22.087,steady_run_1
5.415000,1,30,2070.00,4.5619,0.18874,40.91,50.002,4.699,234.96,24.280,23.821,-0.028689,0.001371,-0.016891,8.950,22.087,steady_run_1
5.420000,1,30,2070.20,4.5045,0.19002,41.20,50.019,4.589,229.52,24.282,23.823,0.008463,0.023384,0.010438,9.069,22.087,steady_run_1
5.425000,1,30,2077.41,4.5813,0.19400,42.20,49.995,4.730,236.46,24.285,23.824,-0.026924,0.001439,-0.014668,8.974,22.087,steady_run_1
5.430000,1,30,2072.81,4.3973,0.18995,41.23,50.029,4.643,232.27,24.287,23.826,-0.013166,-0.028060,0.016334,8.895,22.087,steady_run_1
5.435000,1,30,2065.70,4.5167,0.19418,42.01,49.986,4.625,231.21,24.289,23.828,0.033220,0.025803,0.013556,8.901,22.088,steady_run_1
5.440000,1,30,2073.15,4.5104,0.19401,42.12,50.041,4.616,231.00,24.291,23.829,-0.001688,0.011062,0.002491,8.930,22.088,steady_run_1
5.445000,1,30,2068.37,4.5589,0.19943,43.20,50.011,4.607,230.41,24.294,23.831,-0.024599,-0.011082,0.000532,9.044,22.088,steady_run_1
5.450000,1,30,2071.80,4.5478,0.20383,44.22,50.012,4.603,230.23,24.296,23.832,0.033467,0.015520,0.003540,9.000,22.088,steady_run_1
5.455000,1,30,2075.32,4.5964,0.19526,42.43,50.015,4.659,233.02,24.298,23.834,-0.020525,-0.015590,0.004448,9.010,22.088,steady_run_1
5.460000,1,30,2061.38,4.4867,0.18609,40.17,50.018,4.670,233.58,24.300,23.836,-0.009653,-0.030382,0.015239,8.943,22.088,steady_run_1
5.465000,1,30,2066.20,4.5373,0.20106,43.50,50.004,4.646,232.31,24.303,23.837,0.033356,0.011818,0.002998,9.148,22.088,steady_run_1
5.470000,1,30,2070.29,4.5414,0.18524,40.16,50.009,4.707,235.41,24.305,23.839,-0.029786,-0.007928,-0.007003,9.085,22.088,steady_run_1
5.475000,1,30,2071.54,4.5462,0.18260,39.61,50.019,4.622,231.17,24.307,23.841,0.016622,0.025011,0.013630,9.129,22.088,steady_run_1
5.480000,1,30,2075.50,4.4852,0.19683,42.78,50.035,4.629,231.61,24.309,23.842,-0.009133,-0.030908,0.017205,9.057,22.088,steady_run_1
5.485000,1,30,2070.40,4.4902,0.19468,42.21,50.019,4.665,233.36,24.312,23.844,0.022272,0.000392,-0.011059,8.897,22.088,steady_run_1
5.490000,1,30,2068.21,4.4503,0.19709,42.69,50.040,4.536,226.96,24.314,23.845,0.032424,0.003018,-0.007449,9.026,22.088,steady_run_1
5.495000,1,30,2066.16,4.4936,0.19503,42.20,50.017,4.637,231.95,24.316,23.847,0.030816,0.007411,-0.004325,8.969,22.088,steady_run_1
5.500000,1,30,2066.47,4.4849,0.18881,40.86,50.021,4.540,227.09,24.318,23.848,0.001886,-0.005782,-0.004549,8.793,22.088,steady_run_1
5.505000,1,30,2071.48,4.5921,0.18451,40.03,50.008,4.763,238.20,24.320,23.850,0.021745,0.028135,0.017236,8.895,22.089,steady_run_1
5.510000,1,30,2071.24,4.5223,0.18715,40.59,50.016,4.710,235.58,24.323,23.852,0.032081,0.008761,-0.001696,8.958,22.089,steady_run_1
5.515000,1,30,2068.30,4.4190,0.18288,39.61,50.051,4.614,230.93,24.325,23.853,0.033515,0.029302,0.016076,9.058,22.089,steady_run_1
5.520000,1,30,2063.73,4.5400,0.17951,38.80,50.030,4.580,229.11,24.327,23.855,-0.027846,0.003890,-0.014903,9.053,22.089,steady_run_1
5.525000,1,30,2072.27,4.4488,0.19771,42.90,50.048,4.549,227.68,24.329,23.856,-0.028870,0.001120,-0.017249,9.055,22.089,steady_run_1
5.530000,1,30,2070.40,4.5232,0.18680,40.50,50.007,4.777,238.88,24.332,23.858,-0.027462,-0.000629,-0.013619,8.992,22.089,steady_run_1
5.535000,1,30,2072.45,4.4995,0.19530,42.39,50.008,4.741,237.08,24.334,23.860,0.032189,0.012878,0.000956,9.007,22.089,steady_run_1
5.540000,1,30,2064.14,4.3633,0.19531,42.22,50.018,4.633,231.72,24.336,23.861,-0.011841,-0.034043,0.015201,8.947,22.089,steady_run_1
5.545000,1,30,2066.72,4.5132,0.19239,41.64,50.036,4.533,226.83,24.338,23.863,0.004607,0.019770,0.009068,8.967,22.089,steady_run_1
5.550000,1,30,2069.18,4.5051,0.19576,42.42,50.025,4.584,229.30,24.340,23.865,-0.001244,-0.003678,-0.011407,8.942,22.089,steady_run_1
5.555000,1,30,2069.78,4.4402,0.20058,43.47,49.995,4.739,236.90,24.343,23.866,-0.015696,-0.027134,0.012613,8.954,22.089,steady_run_1
5.560000,1,30,2067.79,4.5643,0.18771,40.65,50.005,4.708,235.42,24.345,23.868,-0.011883,-0.029161,0.014757,9.099,22.089,steady_run_1
5.565000,1,30,2068.56,4.5052,0.19276,41.75,50.036,4.600,230.14,24.347,23.869,-0.028120,-0.001748,-0.013720,9.033,22.089,steady_run_1
5.570000,1,30,2073.63,4.5536,0.19637,42.64,50.016,4.679,234.00,24.349,23.871,-0.005156,-0.018573,0.010585,8.977,22.090,steady_run_1
5.575000,1,30,2077.36,4.4250,0.19568,42.57,49.972,4.765,238.10,24.352,23.873,0.012444,0.025206,0.011998,9.249,22.090,steady_run_1
5.580000,1,30,2073.20,4.5798,0.18593,40.37,50.013,4.703,235.22,24.354,23.874,-0.030360,0.003024,-0.015063,9.025,22.090,steady_run_1
5.585000,1,30,2067.90,4.4974,0.18075,39.14,50.024,4.555,227.86,24.356,23.876,-0.005172,-0.018587,0.008550,9.033,22.090,steady_run_1
5.590000,1,30,2070.63,4.5080,0.20138,43.67,50.032,4.654,232.86,24.358,23.877,-0.018320,0.007924,-0.003309,9.056,22.090,steady_run_1
5.595000,1,30,2060.79,4.4476,0.17791,38.39,50.027,4.690,234.64,24.360,23.879,0.036765,0.017523,0.006710,9.121,22.090,steady_run_1
5.600000,1,30,2074.09,4.5251,0.19653,42.69,50.022,4.677,233.97,24.363,23.881,-0.010506,-0.030767,0.014567,8.970,22.090,steady_run_1
5.605000,1,30,2066.00,4.4408,0.18927,40.95,50.017,4.523,226.21,24.365,23.882,0.004093,0.022686,0.007985,9.063,22.090,steady_run_1
5.610000,1,30,2072.62,4.4206,0.20103,43.63,50.009,4.838,241.94,24.367,23.884,-0.032016,0.001512,-0.015206,9.057,22.090,steady_run_1
5.615000,1,30,2069.46,4.5750,0.18654,40.43,50.024,4.637,231.95,24.369,23.885,-0.018096,-0.019973,0.007277,8.988,22.090,steady_run_1
5.620000,1,30,2073.47,4.4058,0.18822,40.87,50.041,4.559,228.13,24.371,23.887,0.031198,0.009463,-0.000162,9.087,22.090,steady_run_1
5.625000,1,30,2063.49,4.5242,0.19602,42.36,49.986,4.664,233.13,24.374,23.889,-0.003632,-0.010470,-0.000573,8.988,22.090,steady_run_1
5.630000,1,30,2075.06,4.5075,0.18578,40.37,50.047,4.739,237.20,24.376,23.890,-0.025500,-0.010378,-0.001467,9.032,22.090,steady_run_1
5.635000,1,30,2069.56,4.4375,0.18764,40.67,50.008,4.679,233.97,24.378,23.892,0.004909,-0.000193,-0.014347,9.038,22.091,steady_run_1
5.640000,1,30,2068.20,4.5815,0.19872,43.04,49.983,4.700,234.90,24.380,23.893,0.000268,-0.005597,-0.007365,8.957,22.091,steady_run_1
5.645000,1,30,2071.31,4.5665,0.19606,42.53,50.029,4.604,230.34,24.383,23.895,-0.023353,0.000735,-0.014901,8.976,22.091,steady_run_1
5.650000,1,30,2070.46,4.5556,0.18854,40.88,50.051,4.629,231.68,24.385,23.897,0.000325,0.015537,0.003570,9.064,22.091,steady_run_1
5.655000,1,30,2065.49,4.5229,0.20398,44.12,50.010,4.677,233.89,24.387,23.898,-0.020633,-0.020135,0.006159,9.004,22.091,steady_run_1
5.660000,1,30,2067.94,4.5721,0.19313,41.82,50.017,4.570,228.60,24.389,23.900,0.030462,0.031931,0.018207,9.029,22.091,steady_run_1
5.665000,1,30,2073.94,4.4673,0.18738,40.70,50.036,4.559,228.10,24.391,23.901,-0.030950,-0.001661,-0.015576,8.975,22.091,steady_run_1
5.670000,1,30,2067.88,4.5480,0.19209,41.60,49.986,4.678,233.81,24.393,23.903,-0.000024,-0.003475,-0.006448,8.920,22.091,steady_run_1
5.675000,1,30,2076.24,4.5296,0.19501,42.40,50.003,4.582,229.10,24.396,23.904,0.003536,-0.000342,-0.012730,8.967,22.091,steady_run_1
5.680000,1,30,2065.41,4.5387,0.18992,41.08,49.995,4.711,235.53,24.398,23.906,-0.008337,-0.025289,0.013899,8.998,22.091,steady_run_1
5.685000,1,30,2070.39,4.4925,0.19160,41.54,50.006,4.543,227.17,24.400,23.907,0.031298,0.016435,0.007538,9.091,22.091,steady_run_1
5.690000,1,30,2068.35,4.5302,0.18659,40.41,50.042,4.608,230.59,24.402,23.909,0.033261,0.025247,0.011807,8.907,22.091,steady_run_1
5.695000,1,30,2067.99,4.4663,0.19324,41.85,50.022,4.661,233.17,24.404,23.910,0.019542,-0.000268,-0.013440,9.019,22.091,steady_run_1
5.700000,1,30,2071.49,4.6001,0.19942,43.26,50.014,4.592,229.65,24.406,23.912,-0.029631,-0.001537,-0.015013,9.125,22.091,steady_run_1
5.705000,1,30,2072.11,4.5220,0.18568,40.29,50.018,4.604,230.30,24.408,23.913,0.014780,0.025425,0.014183,9.201,22.092,steady_run_1
5.710000,1,30,2058.56,4.5615,0.18728,40.37,50.020,4.520,226.08,24.411,23.915,-0.017558,0.004528,-0.011059,8.961,22.092,steady_run_1
5.715000,1,30,2066.07,4.4731,0.19719,42.66,50.031,4.736,236.95,24.413,23.917,-0.028933,0.000729,-0.016470,9.013,22.092,steady_run_1
5.720000,1,30,2065.49,4.5549,0.19851,42.94,50.037,4.618,231.07,24.415,23.918,-0.017220,0.000478,-0.007153,8.898,22.092,steady_run_1
5.725000,1,30,2074.66,4.5226,0.19304,41.94,50.031,4.694,234.84,24.417,23.920,-0.008548,0.008662,-0.001551,8.955,22.092,steady_run_1
5.730000,1,30,2080.66,4.5485,0.19951,43.47,50.010,4.679,233.97,24.419,23.921,-0.022814,-0.011052,0.000549,9.195,22.092,steady_run_1
5.735000,1,30,2070.84,4.5161,0.17781,38.56,50.028,4.665,233.40,24.422,23.923,-0.010302,0.007735,-0.003314,9.009,22.092,steady_run_1
5.740000,1,30,2071.21,4.5206,0.19374,42.02,50.040,4.653,232.85,24.424,23.924,0.035324,0.022764,0.009930,9.030,22.092,steady_run_1
5.745000,1,30,2066.76,4.4631,0.18776,40.64,50.019,4.625,231.34,24.426,23.926,-0.020201,0.004804,-0.010822,9.022,22.092,steady_run_1
5.750000,1,30,2072.00,4.4740,0.18137,39.35,50.004,4.722,236.11,24.428,23.927,-0.009732,-0.027826,0.016060,8.931,22.092,steady_run_1
5.755000,1,30,2074.48,4.5246,0.20105,43.68,49.977,4.691,234.44,24.430,23.929,0.003906,0.014786,0.003844,8.853,22.092,steady_run_1
5.760000,1,30,2067.96,4.4821,0.19183,41.54,50.024,4.620,231.12,24.432,23.931,-0.005370,-0.022962,0.013581,8.931,22.092,steady_run_1
5.765000,1,30,2070.80,4.4409,0.19946,43.25,50.011,4.552,227.65,24.434,23.932,-0.003095,0.012220,0.004340,9.077,22.092,steady_run_1
5.770000,1,30,2076.13,4.4357,0.20436,44.43,50.039,4.656,233.01,24.437,23.934,-0.018166,-0.022470,0.009662,9.058,22.093,steady_run_1
5.775000,1,30,2072.11,4.5787,0.19401,42.10,49.996,4.681,234.04,24.439,23.935,-0.003974,-0.007082,-0.002694,9.080,22.093,steady_run_1
5.780000,1,30,2078.84,4.5499,0.19163,41.72,50.044,4.697,235.03,24.441,23.937,0.025367,0.001166,-0.011115,9.140,22.093,steady_run_1
5.785000,1,30,2067.35,4.4173,0.20157,43.64,50.029,4.618,231.06,24.443,23.938,0.014349,0.000734,-0.017571,8.909,22.093,steady_run_1
5.790000,1,30,2071.88,4.5156,0.19810,42.98,50.052,4.568,228.62,24.445,23.940,-0.013536,0.007745,-0.002721,9.067,22.093,steady_run_1
5.795000,1,30,2064.65,4.5307,0.18254,39.47,49.991,4.781,239.01,24.447,23.941,-0.000459,-0.004581,-0.007262,9.000,22.093,steady_run_1
5.800000,1,30,2076.40,4.4313,0.19834,43.13,50.034,4.621,231.23,24.450,23.943,-0.020386,-0.009331,-0.004635,8.888,22.093,steady_run_1
5.805000,1,30,2076.55,4.5190,0.18752,40.78,50.013,4.680,234.05,24.452,23.944,-0.019534,0.002156,-0.005731,8.937,22.093,steady_run_1
5.810000,1,30,2072.63,4.5676,0.18940,41.11,50.014,4.536,226.88,24.454,23.946,-0.020225,-0.008055,-0.000931,9.101,22.093,steady_run_1
5.815000,1,30,2072.01,4.5295,0.18509,40.16,50.047,4.598,230.10,24.456,23.947,-0.028972,0.000657,-0.014658,9.033,22.093,steady_run_1
5.820000,1,30,2068.84,4.4734,0.19963,43.25,50.025,4.708,235.51,24.458,23.949,-0.017253,-0.016342,0.005773,8.874,22.093,steady_run_1
5.825000,1,30,2075.67,4.3933,0.19795,43.03,50.037,4.682,234.26,24.460,23.950,-0.010153,-0.021642,0.012564,8.906,22.093,steady_run_1
5.830000,1,30,2063.72,4.4325,0.19737,42.65,50.023,4.628,231.51,24.462,23.952,-0.008183,-0.023293,0.011099,9.067,22.093,steady_run_1
5.835000,1,30,2077.07,4.5064,0.18639,40.54,50.030,4.532,226.75,24.464,23.953,0.006474,0.017219,0.007405,9.042,22.093,steady_run_1
5.840000,1,30,2068.45,4.4426,0.19581,42.41,50.040,4.546,227.47,24.467,23.955,0.012943,0.000407,-0.015419,8.975,22.094,steady_run_1
5.845000,1,30,2069.95,4.5108,0.19167,41.55,50.026,4.585,229.39,24.469,23.956,-0.016249,-0.022932,0.008129,8.939,22.094,steady_run_1
5.850000,1,30,2064.83,4.4483,0.19435,42.02,50.017,4.737,236.94,24.471,23.958,0.011790,-0.004972,-0.014712,8.963,22.094,steady_run_1
5.855000,1,30,2072.88,4.4972,0.20532,44.57,50.015,4.633,231.71,24.473,23.959,0.021330,0.000366,-0.013175,9.031,22.094,steady_run_1
5.860000,1,30,2074.75,4.5136,0.18980,41.24,50.019,4.744,237.29,24.475,23.961,-0.015330,-0.026399,0.013489,9.059,22.094,steady_run_1
5.865000,1,30,2073.44,4.5275,0.19629,42.62,50.000,4.642,232.09,24.477,23.963,-0.016254,-0.015740,0.006214,8.995,22.094,steady_run_1
5.870000,1,30,2070.83,4.5411,0.18480,40.08,50.014,4.697,234.90,24.479,23.964,-0.012043,-0.031202,0.015681,8.995,22.094,steady_run_1
5.875000,1,30,2068.23,4.4479,0.19491,42.21,50.002,4.638,231.91,24.482,23.966,-0.010586,-0.019694,0.012928,8.895,22.094,steady_run_1
5.880000,1,30,2067.51,4.5923,0.19252,41.68,50.018,4.680,234.10,24.484,23.967,-0.013867,-0.028951,0.014078,9.003,22.094,steady_run_1
5.885000,1,30,2066.90,4.5634,0.19220,41.60,50.036,4.667,233.53,24.486,23.969,-0.023848,-0.004338,-0.004030,8.972,22.094,steady_run_1
5.890000,1,30,2067.94,4.5033,0.19277,41.75,50.030,4.715,235.92,24.488,23.970,0.010169,0.024906,0.011322,9.032,22.094,steady_run_1
5.895000,1,30,2074.65,4.4666,0.20116,43.70,50.025,4.694,234.83,24.490,23.972,-0.027619,0.001879,-0.016205,8.997,22.094,steady_run_1
5.900000,1,30,2073.98,4.4722,0.18678,40.57,50.025,4.651,232.68,24.492,23.973,-0.009018,0.007120,0.000121,9.016,22.094,steady_run_1
5.905000,1,30,2064.60,4.4924,0.18477,39.95,50.016,4.727,236.45,24.494,23.975,0.034551,0.012361,0.001901,9.068,22.094,steady_run_1
5.910000,1,30,2067.97,4.4746,0.19785,42.85,50.019,4.610,230.61,24.497,23.976,-0.019748,-0.013804,0.001379,8.908,22.095,steady_run_1
5.915000,1,30,2066.56,4.5428,0.18708,40.49,50.032,4.548,227.53,24.499,23.978,-0.026561,-0.005091,-0.004732,8.972,22.095,steady_run_1
5.920000,1,30,2077.21,4.5316,0.19205,41.77,50.005,4.582,229.13,24.501,23.979,-0.005425,0.007662,0.001783,9.024,22.095,steady_run_1
5.925000,1,30,2075.42,4.4465,0.19906,43.26,50.059,4.625,231.53,24.503,23.981,-0.009690,0.010573,-0.001710,9.056,22.095,steady_run_1
5.930000,1,30,2065.07,4.4785,0.19559,42.30,49.969,4.752,237.47,24.505,23.982,0.031817,0.028302,0.014828,8.850,22.095,steady_run_1
5.935000,1,30,2073.46,4.5379,0.19635,42.63,50.001,4.711,235.57,24.507,23.984,0.029938,0.030926,0.017012,9.068,22.095,steady_run_1
5.940000,1,30,2073.85,4.5329,0.19510,42.37,50.028,4.674,233.86,24.509,23.985,0.018036,-0.001974,-0.016211,9.030,22.095,steady_run_1
5.945000,1,30,2065.74,4.4412,0.18651,40.35,50.021,4.589,229.55,24.511,23.987,-0.022119,-0.017956,0.004682,9.078,22.095,steady_run_1
5.950000,1,30,2077.94,4.4513,0.19122,41.61,50.008,4.752,237.64,24.513,23.988,0.023887,0.029657,0.014403,9.102,22.095,steady_run_1
5.955000,1,30,2057.43,4.5130,0.18688,40.26,50.008,4.596,229.83,24.516,23.990,0.031367,0.011340,0.000731,8.944,22.095,steady_run_1
5.960000,1,30,2077.04,4.6004,0.19229,41.83,50.003,4.723,236.18,24.518,23.991,0.015479,-0.000898,-0.014639,8.912,22.095,steady_run_1
5.965000,1,30,2070.04,4.4945,0.19607,42.50,50.019,4.598,230.00,24.520,23.993,-0.030596,-0.000533,-0.015152,8.939,22.095,steady_run_1
5.970000,1,30,2075.99,4.5143,0.18742,40.74,50.014,4.700,235.07,24.522,23.994,-0.009441,-0.029549,0.014828,9.085,22.095,steady_run_1
5.975000,1,30,2066.80,4.5228,0.19828,42.91,50.024,4.636,231.93,24.524,23.996,-0.028544,0.000737,-0.017680,8.937,22.096,steady_run_1
5.980000,1,30,2067.05,4.5781,0.18632,40.33,50.045,4.712,235.81,24.526,23.997,0.012672,0.022768,0.012803,8.968,22.096,steady_run_1
5.985000,1,30,2071.87,4.4361,0.19219,41.70,50.011,4.630,231.53,24.528,23.999,-0.019090,-0.019157,0.005668,8.970,22.096,steady_run_1
5.990000,1,30,2072.22,4.5453,0.19761,42.88,49.993,4.828,241.38,24.530,24.000,-0.027001,0.003609,-0.014061,9.009,22.096,steady_run_1
5.995000,1,30,2063.99,4.5161,0.17392,37.59,50.023,4.618,231.02,24.533,24.002,0.029965,0.005195,-0.002686,8.970,22.096,steady_run_1
6.000000,1,30,2067.94,4.4181,0.18617,40.32,50.001,4.727,236.37,24.535,24.003,-0.030155,-0.000146,-0.015016,8.982,22.096,steady_run_1
6.005000,1,30,2073.53,4.4556,0.19469,42.28,50.014,4.725,236.31,24.537,24.005,-0.012864,-0.025301,0.012657,8.964,22.096,steady_run_1
6.010000,1,30,2073.55,4.5261,0.19522,42.39,49.990,4.675,233.73,24.539,24.006,-0.023383,-0.010569,0.001075,8.892,22.096,steady_run_1
6.015000,1,30,2072.67,4.5580,0.18286,39.69,50.038,4.722,236.28,24.541,24.008,-0.033341,0.001662,-0.010964,9.006,22.096,steady_run_1
6.020000,1,30,2069.14,4.5046,0.18538,40.17,50.028,4.638,232.05,24.543,24.009,-0.015057,-0.030676,0.014988,9.022,22.096,steady_run_1
6.025000,1,30,2068.71,4.5222,0.19856,43.02,50.012,4.658,232.96,24.545,24.011,-0.025576,-0.006386,-0.006129,8.914,22.096,steady_run_1
6.030000,1,30,2068.86,4.4652,0.19825,42.95,50.010,4.748,237.47,24.547,24.012,-0.017298,0.003495,-0.004919,8.927,22.096,steady_run_1
6.035000,1,30,2071.69,4.5119,0.17941,38.92,50.005,4.581,229.05,24.549,24.014,0.001629,-0.000859,-0.011406,8.994,22.096,steady_run_1
6.040000,1,30,2074.33,4.5280,0.19276,41.87,49.994,4.781,239.04,24.552,24.015,-0.029521,-0.000364,-0.016292,8.943,22.096,steady_run_1
6.045000,1,30,2062.07,4.3649,0.19875,42.92,49.989,4.753,237.58,24.554,24.017,-0.026602,-0.004460,-0.010341,8.913,22.097,steady_run_1
6.050000,1,30,2065.18,4.4047,0.19638,42.47,50.006,4.698,234.95,24.556,24.018,0.029653,0.005226,-0.006951,9.058,22.097,steady_run_1
6.055000,1,30,2067.21,4.5107,0.18653,40.38,50.016,4.606,230.38,24.558,24.020,-0.014030,-0.030468,0.014024,8.945,22.097,steady_run_1
6.060000,1,30,2074.57,4.5024,0.19408,42.16,50.029,4.655,232.89,24.560,24.021,-0.007056,-0.026274,0.012795,9.029,22.097,steady_run_1
6.065000,1,30,2071.64,4.4964,0.20221,43.87,50.021,4.550,227.57,24.562,24.023,0.000445,-0.002620,-0.009313,9.046,22.097,steady_run_1
6.070000,1,30,2075.43,4.4972,0.19371,42.10,50.023,4.742,237.23,24.564,24.024,-0.001588,0.016019,0.004112,8.927,22.097,steady_run_1
6.075000,1,30,2063.49,4.5683,0.19565,42.28,50.019,4.742,237.16,24.566,24.026,-0.012871,0.006505,-0.005036,9.052,22.097,steady_run_1
6.080000,1,30,2075.57,4.4558,0.19213,41.76,50.000,4.748,237.39,24.569,24.027,0.011572,-0.002940,-0.016174,9.058,22.097,steady_run_1
6.085000,1,30,2068.58,4.5730,0.18335,39.72,49.992,4.787,239.33,24.571,24.029,-0.026773,0.001008,-0.014639,9.168,22.097,steady_run_1
6.090000,1,30,2067.74,4.5764,0.19629,42.50,50.002,4.630,231.52,24.573,24.030,-0.022040,0.000129,-0.013736,9.075,22.097,steady_run_1
6.095000,1,30,2074.72,4.5732,0.19022,41.33,49.999,4.723,236.16,24.575,24.032,-0.029244,-0.003889,-0.008425,9.017,22.097,steady_run_1
6.100000,1,30,2074.76,4.4763,0.19047,41.38,50.013,4.625,231.32,24.577,24.033,-0.011883,0.005482,-0.003138,9.016,22.097,steady_run_1
6.105000,1,30,2068.97,4.4823,0.18084,39.18,50.038,4.551,227.72,24.579,24.034,-0.009216,-0.022911,0.011272,8.828,22.097,steady_run_1
6.110000,1,30,2075.44,4.5760,0.19338,42.03,50.011,4.663,233.18,24.581,24.036,0.007227,-0.001762,-0.017433,8.979,22.097,steady_run_1
6.115000,1,30,2074.93,4.5474,0.18994,41.27,50.000,4.660,232.99,24.583,24.037,-0.005823,-0.014860,0.004533,9.057,22.098,steady_run_1
6.120000,1,30,2072.79,4.4739,0.18502,40.16,50.013,4.761,238.13,24.585,24.039,-0.001487,-0.006766,-0.003299,8.947,22.098,steady_run_1
6.125000,1,30,2064.88,4.4512,0.19403,41.96,50.009,4.589,229.49,24.587,24.040,-0.028537,-0.000157,-0.010889,8.851,22.098,steady_run_1
6.130000,1,30,2070.39,4.4703,0.18543,40.20,50.021,4.662,233.21,24.589,24.042,-0.007843,-0.028873,0.011219,9.079,22.098,steady_run_1
6.135000,1,30,2067.67,4.3857,0.18495,40.05,50.005,4.603,230.16,24.591,24.043,-0.001870,-0.004047,-0.008235,9.077,22.098,steady_run_1
6.140000,1,30,2060.31,4.4512,0.19101,41.21,49.998,4.634,231.70,24.593,24.045,-0.028692,-0.000125,-0.016403,8.916,22.098,steady_run_1
6.145000,1,30,2073.96,4.4788,0.19440,42.22,50.028,4.628,231.54,24.595,24.046,-0.001480,-0.002919,-0.008576,9.042,22.098,steady_run_1
6.150000,1,30,2073.09,4.5582,0.18529,40.22,50.018,4.696,234.90,24.597,24.047,-0.006097,-0.017323,0.009606,9.012,22.098,steady_run_1
6.155000,1,30,2070.36,4.5185,0.19546,42.38,50.051,4.632,231.85,24.599,24.049,0.006383,-0.002594,-0.011661,8.926,22.098,steady_run_1
6.160000,1,30,2068.67,4.4853,0.19982,43.29,50.009,4.626,231.32,24.601,24.050,0.000499,0.000069,-0.009210,8.928,22.098,steady_run_1
6.165000,1,30,2073.01,4.5333,0.19848,43.09,49.988,4.791,239.48,24.604,24.052,0.008816,0.021592,0.008275,9.105,22.098,steady_run_1
6.170000,1,30,2069.59,4.5830,0.18471,40.03,50.035,4.571,228.72,24.606,24.053,-0.029961,0.000157,-0.013638,8.942,22.098,steady_run_1
6.175000,1,30,2075.79,4.5700,0.19802,43.05,50.006,4.686,234.31,24.608,24.055,-0.015554,-0.026465,0.013945,9.109,22.098,steady_run_1
6.180000,1,30,2072.89,4.5669,0.19572,42.49,49.987,4.756,237.72,24.610,24.056,-0.007741,-0.021613,0.013578,8.909,22.099,steady_run_1
6.185000,1,30,2060.97,4.4844,0.19716,42.55,50.011,4.662,233.16,24.612,24.058,-0.002795,-0.010939,-0.003219,8.902,22.099,steady_run_1
6.190000,1,30,2079.48,4.5096,0.19252,41.92,50.047,4.574,228.89,24.614,24.059,-0.007510,-0.026171,0.014033,9.031,22.099,steady_run_1
6.195000,1,30,2067.54,4.4761,0.18800,40.70,50.035,4.580,229.17,24.616,24.060,-0.006176,-0.014475,0.005391,8.910,22.099,steady_run_1
6.200000,1,30,2061.04,4.4413,0.19844,42.83,50.023,4.630,231.60,24.618,24.062,-0.000594,0.014690,0.006485,9.026,22.099,steady_run_1
6.205000,1,30,2067.15,4.4519,0.19224,41.61,50.008,4.728,236.46,24.620,24.063,-0.028395,0.000329,-0.014755,8.904,22.099,steady_run_1
6.210000,1,30,2072.29,4.4680,0.18725,40.64,49.995,4.592,229.55,24.622,24.065,-0.004319,-0.017477,0.004191,8.960,22.099,steady_run_1
6.215000,1,30,2066.70,4.5080,0.20017,43.32,50.025,4.579,229.08,24.624,24.066,0.024791,0.029357,0.016198,8.967,22.099,steady_run_1
6.220000,1,30,2072.92,4.3829,0.19329,41.96,50.018,4.693,234.72,24.626,24.067,-0.023879,0.004127,-0.010998,9.036,22.099,steady_run_1
6.225000,1,30,2069.52,4.4345,0.18323,39.71,49.995,4.822,241.08,24.628,24.069,-0.020388,-0.010625,-0.004723,9.149,22.099,steady_run_1
6.230000,1,30,2065.60,4.4818,0.19614,42.43,50.027,4.571,228.65,24.630,24.070,-0.007127,-0.017863,0.003857,8.990,22.099,steady_run_1
6.235000,1,30,2073.50,4.4943,0.19011,41.28,50.029,4.753,237.80,24.632,24.072,-0.005251,-0.013110,0.002875,8.998,22.099,steady_run_1
6.240000,1,30,2067.24,4.4763,0.19237,41.64,50.021,4.684,234.32,24.634,24.073,0.002158,0.016955,0.008286,9.070,22.099,steady_run_1
6.245000,1,30,2078.98,4.5740,0.19205,41.81,50.006,4.632,231.65,24.636,24.075,0.002516,-0.001858,-0.011329,8.924,22.099,steady_run_1
6.250000,1,30,2077.45,4.5206,0.18618,40.50,50.036,4.671,233.70,24.638,24.076,0.001100,-0.002554,-0.010370,8.978,22.100,steady_run_1
6.255000,1,30,2072.76,4.5117,0.19341,41.98,50.031,4.647,232.51,24.640,24.077,0.028448,0.028171,0.017129,8.977,22.100,steady_run_1
6.260000,1,30,2067.21,4.5139,0.19671,42.58,49.982,4.610,230.41,24.642,24.079,-0.021746,-0.015877,0.007550,8.863,22.100,steady_run_1
6.265000,1,30,2067.57,4.4767,0.19025,41.19,50.013,4.704,235.26,24.644,24.080,-0.021500,0.003128,-0.012280,8.947,22.100,steady_run_1
6.270000,1,30,2071.09,4.5467,0.19453,42.19,50.031,4.671,233.68,24.646,24.082,-0.001723,-0.007068,-0.006104,8.996,22.100,steady_run_1
6.275000,1,30,2067.17,4.4761,0.20105,43.52,50.019,4.636,231.87,24.648,24.083,0.035095,0.011410,0.000166,8.914,22.100,steady_run_1
6.280000,1,30,2072.65,4.5759,0.18969,41.17,49.992,4.687,234.32,24.651,24.085,-0.011344,0.009146,-0.004871,8.966,22.100,steady_run_1
6.285000,1,30,2073.94,4.5434,0.19497,42.34,50.006,4.646,232.33,24.653,24.086,0.026221,0.004623,-0.010523,8.959,22.100,steady_run_1
6.290000,1,30,2073.81,4.4450,0.18354,39.86,50.032,4.723,236.29,24.655,24.087,-0.000055,-0.005369,-0.008770,9.015,22.100,steady_run_1
6.295000,1,30,2068.81,4.4948,0.19463,42.17,50.043,4.595,229.96,24.657,24.089,0.020088,0.029839,0.015822,9.000,22.100,steady_run_1
6.300000,1,30,2074.57,4.5008,0.19770,42.95,50.000,4.718,235.89,24.659,24.090,-0.030872,0.004786,-0.013611,8.988,22.100,steady_run_1
6.305000,1,30,2066.95,4.5451,0.20299,43.94,50.006,4.607,230.37,24.661,24.092,0.033206,0.013433,-0.000096,9.148,22.100,steady_run_1
6.310000,1,30,2071.16,4.5173,0.19816,42.98,50.012,4.626,231.37,24.663,24.093,-0.027621,0.002980,-0.014125,8.998,22.100,steady_run_1
6.315000,1,30,2065.63,4.5290,0.18656,40.35,50.000,4.487,224.34,24.664,24.094,0.001708,-0.002939,-0.009339,9.007,22.100,steady_run_1
6.320000,1,30,2075.03,4.4638,0.19514,42.40,50.014,4.692,234.68,24.667,24.096,-0.011194,-0.030916,0.013456,8.932,22.101,steady_run_1
6.325000,1,30,2070.36,4.4337,0.18116,39.28,50.014,4.684,234.25,24.669,24.097,0.026136,-0.000242,-0.012691,9.027,22.101,steady_run_1
6.330000,1,30,2070.13,4.4955,0.19903,43.15,50.012,4.712,235.66,24.671,24.098,-0.000074,-0.000675,-0.010016,8.944,22.101,steady_run_1
6.335000,1,30,2075.56,4.4371,0.18335,39.85,50.019,4.679,234.02,24.673,24.100,0.037585,0.025178,0.010248,9.038,22.101,steady_run_1
6.340000,1,30,2064.69,4.4644,0.19854,42.93,50.037,4.639,232.12,24.675,24.101,0.034106,0.021878,0.004553,8.995,22.101,steady_run_1
6.345000,1,30,2065.97,4.4866,0.18875,40.83,50.040,4.616,230.97,24.677,24.103,-0.007181,-0.015958,0.003700,8.896,22.101,steady_run_1
6.350000,1,30,2069.08,4.4922,0.20583,44.60,50.017,4.739,237.04,24.679,24.104,0.001178,0.017740,0.004582,9.048,22.101,steady_run_1
6.355000,1,30,2068.88,4.4874,0.19370,41.97,50.015,4.626,231.36,24.681,24.105,0.033473,0.027243,0.011463,9.030,22.101,steady_run_1
6.360000,1,30,2063.16,4.5027,0.20424,44.13,50.001,4.746,237.32,24.683,24.107,-0.019754,-0.015742,0.000738,9.086,22.101,steady_run_1
6.365000,1,30,2073.36,4.5679,0.18490,40.15,50.017,4.635,231.81,24.685,24.108,-0.006501,0.010699,-0.000414,9.165,22.101,steady_run_1
6.370000,1,30,2073.40,4.4568,0.19643,42.65,50.017,4.570,228.59,24.687,24.110,0.034586,0.028315,0.010563,9.009,22.101,steady_run_1
6.375000,1,30,2074.08,4.4231,0.20233,43.95,50.029,4.582,229.25,24.689,24.111,0.007707,-0.003420,-0.011897,9.028,22.101,steady_run_1
6.380000,1,30,2063.48,4.4212,0.20220,43.69,50.001,4.672,233.60,24.691,24.112,0.000274,-0.005475,-0.007126,9.056,22.101,steady_run_1
6.385000,1,30,2078.05,4.5297,0.19842,43.18,50.015,4.519,226.02,24.692,24.114,0.035349,0.022046,0.012798,9.111,22.101,steady_run_1
6.390000,1,30,2066.48,4.5264,0.19864,42.99,50.020,4.527,226.43,24.694,24.115,0.028616,0.028890,0.017754,8.897,22.102,steady_run_1
6.395000,1,30,2068.21,4.5141,0.19668,42.60,50.023,4.645,232.35,24.696,24.116,-0.002530,-0.004542,-0.002692,8.986,22.102,steady_run_1
6.400000,1,30,2070.62,4.4889,0.19955,43.27,50.022,4.637,231.93,24.698,24.118,-0.023122,0.001395,-0.014991,8.934,22.102,steady_run_1
6.405000,1,30,2066.37,4.3988,0.20144,43.59,50.018,4.573,228.72,24.700,24.119,-0.010164,-0.030630,0.015640,9.033,22.102,steady_run_1
6.410000,1,30,2071.01,4.4846,0.18778,40.72,50.020,4.701,235.17,24.702,24.120,0.026634,0.001868,-0.008504,9.044,22.102,steady_run_1
6.415000,1,30,2066.42,4.4983,0.19564,42.34,50.008,4.660,233.03,24.704,24.122,-0.014781,0.006950,-0.003070,8.982,22.102,steady_run_1
6.420000,1,30,2072.90,4.5143,0.18731,40.66,50.017,4.792,239.69,24.706,24.123,-0.030797,0.001821,-0.017425,9.019,22.102,steady_run_1
6.425000,1,30,2076.55,4.4727,0.18827,40.94,50.005,4.692,234.62,24.708,24.125,0.002787,-0.003334,-0.014832,9.119,22.102,steady_run_1
6.430000,1,30,2073.40,4.5240,0.20594,44.72,50.022,4.622,231.20,24.710,24.126,0.032586,0.013057,-0.000119,8.963,22.102,steady_run_1
6.435000,1,30,2065.84,4.5688,0.19113,41.35,50.046,4.525,226.44,24.712,24.127,-0.007936,-0.029772,0.019164,9.018,22.102,steady_run_1
6.440000,1,30,2071.82,4.4789,0.18750,40.68,50.007,4.674,233.72,24.714,24.129,0.003298,-0.001216,-0.010995,9.020,22.102,steady_run_1
6.445000,1,30,2064.47,4.5282,0.19764,42.73,50.026,4.722,236.25,24.716,24.130,-0.027885,-0.003437,-0.011574,9.002,22.102,steady_run_1
6.450000,1,30,2067.93,4.3723,0.19777,42.83,50.032,4.608,230.54,24.718,24.131,0.015930,-0.001617,-0.017181,9.001,22.102,steady_run_1
6.455000,1,30,2073.00,4.5687,0.19859,43.11,50.015,4.681,234.11,24.720,24.133,0.013117,0.026014,0.011075,9.099,22.102,steady_run_1
6.460000,1,30,2074.51,4.4345,0.19205,41.72,49.997,4.751,237.56,24.722,24.134,0.007111,-0.000887,-0.016780,8.971,22.103,steady_run_1
6.465000,1,30,2069.82,4.4405,0.18782,40.71,50.015,4.754,237.79,24.724,24.136,0.014944,0.027521,0.013297,9.113,22.103,steady_run_1
6.470000,1,30,2062.74,4.4477,0.19707,42.57,50.033,4.534,226.86,24.726,24.137,-0.006862,-0.007872,-0.001289,8.986,22.103,steady_run_1
6.475000,1,30,2071.83,4.4876,0.18531,40.20,50.036,4.562,228.25,24.728,24.138,-0.011071,-0.033211,0.014939,9.039,22.103,steady_run_1
6.480000,1,30,2071.73,4.4423,0.19853,43.07,50.010,4.646,232.33,24.730,24.140,-0.028298,-0.002163,-0.008752,8.996,22.103,steady_run_1
6.485000,1,30,2068.87,4.5344,0.18779,40.68,50.032,4.650,232.63,24.732,24.141,-0.012013,-0.029275,0.012501,8.865,22.103,steady_run_1
6.490000,1,30,2064.95,4.3744,0.19101,41.30,50.036,4.601,230.23,24.734,24.142,0.006366,-0.003118,-0.015184,8.855,22.103,steady_run_1
6.495000,1,30,2069.67,4.4070,0.19129,41.46,50.041,4.602,230.31,24.736,24.143,0.019616,0.031256,0.015695,8.917,22.103,steady_run_1
6.500000,1,30,2066.53,4.4437,0.19038,41.20,50.025,4.576,228.92,24.738,24.145,-0.025606,-0.000740,-0.014100,8.945,22.103,steady_run_1
6.505000,1,30,2074.54,4.5002,0.18553,40.30,50.009,4.711,235.58,24.740,24.146,-0.017752,0.002242,-0.006673,9.069,22.103,steady_run_1
6.510000,1,30,2060.96,4.3975,0.19831,42.80,50.030,4.621,231.19,24.742,24.147,-0.014759,-0.026489,0.014784,8.965,22.103,steady_run_1
6.515000,1,30,2064.39,4.3846,0.19489,42.13,50.006,4.631,231.59,24.743,24.149,0.033767,0.018811,0.006142,9.058,22.103,steady_run_1
6.520000,1,30,2066.79,4.5257,0.19338,41.85,50.029,4.612,230.72,24.745,24.150,-0.009410,-0.030826,0.018294,8.951,22.103,steady_run_1
6.525000,1,30,2066.40,4.3535,0.19065,41.25,49.972,4.725,236.10,24.747,24.152,-0.021339,-0.007506,-0.001022,9.087,22.103,steady_run_1
6.530000,1,30,2076.00,4.5418,0.19485,42.36,50.020,4.718,235.99,24.749,24.153,-0.012733,0.011869,-0.003801,9.105,22.104,steady_run_1
6.535000,1,30,2073.14,4.4427,0.19220,41.73,50.019,4.656,232.88,24.751,24.154,-0.026696,-0.002363,-0.014867,8.957,22.104,steady_run_1
6.540000,1,30,2067.77,4.4536,0.19289,41.77,50.020,4.669,233.56,24.753,24.156,0.005011,-0.001157,-0.011005,9.008,22.104,steady_run_1
6.545000,1,30,2059.70,4.4964,0.20433,44.07,49.991,4.762,238.06,24.755,24.157,-0.019949,-0.016391,0.006235,8.920,22.104,steady_run_1
6.550000,1,30,2063.64,4.5077,0.17721,38.30,49.991,4.729,236.43,24.757,24.158,0.022474,0.001108,-0.013698,8.939,22.104,steady_run_1
6.555000,1,30,2072.69,4.5080,0.20396,44.27,50.016,4.722,236.18,24.759,24.160,-0.005782,-0.011538,-0.004390,9.067,22.104,steady_run_1
6.560000,1,30,2073.21,4.5241,0.19464,42.26,50.009,4.615,230.79,24.761,24.161,-0.018222,-0.017859,0.007141,9.122,22.104,steady_run_1
6.565000,1,30,2079.53,4.5151,0.19211,41.84,50.006,4.790,239.51,24.763,24.163,-0.009203,-0.030753,0.013384,9.200,22.104,steady_run_1
6.570000,1,30,2070.39,4.4730,0.19920,43.19,50.007,4.701,235.11,24.765,24.164,-0.022931,-0.010466,0.000580,8.998,22.104,steady_run_1
6.575000,1,30,2072.36,4.5631,0.18524,40.20,50.005,4.745,237.25,24.767,24.165,0.029878,0.031351,0.015751,9.031,22.104,steady_run_1
6.580000,1,30,2078.34,4.4088,0.20285,44.15,49.986,4.662,233.05,24.769,24.167,-0.016103,0.006028,-0.005090,8.956,22.104,steady_run_1
6.585000,1,30,2067.91,4.4420,0.19905,43.11,50.015,4.625,231.30,24.771,24.168,-0.002536,0.013803,0.002769,9.025,22.104,steady_run_1
6.590000,1,30,2069.85,4.4938,0.18831,40.82,50.035,4.647,232.51,24.773,24.169,0.010994,0.001577,-0.015028,9.082,22.104,steady_run_1
6.595000,1,30,2067.22,4.5497,0.18487,40.02,50.038,4.629,231.61,24.775,24.171,0.032852,0.009565,-0.003496,8.946,22.104,steady_run_1
6.600000,1,30,2068.60,4.4703,0.19365,41.95,49.999,4.670,233.48,24.777,24.172,-0.008746,-0.030471,0.013306,9.001,22.105,steady_run_1
6.605000,1,30,2064.65,4.4494,0.18662,40.35,50.020,4.730,236.58,24.779,24.173,0.021826,-0.000939,-0.015531,8.926,22.105,steady_run_1
6.610000,1,30,2069.49,4.5948,0.19932,43.20,50.031,4.643,232.29,24.781,24.175,0.007164,0.019067,0.006367,8.950,22.105,steady_run_1
6.615000,1,30,2074.71,4.5765,0.19484,42.33,50.023,4.638,232.02,24.783,24.176,-0.023870,-0.002421,-0.004148,9.050,22.105,steady_run_1
6.620000,1,30,2072.02,4.4921,0.19219,41.70,50.003,4.646,232.29,24.785,24.177,-0.014944,-0.027376,0.014675,9.040,22.105,steady_run_1
6.625000,1,30,2058.52,4.4311,0.19059,41.08,50.008,4.572,228.65,24.787,24.179,0.015790,-0.000160,-0.014901,8.896,22.105,steady_run_1
6.630000,1,30,2064.73,4.4385,0.18861,40.78,49.990,4.728,236.33,24.789,24.180,0.035840,0.022298,0.007522,9.023,22.105,steady_run_1
6.635000,1,30,2073.64,4.5449,0.19167,41.62,50.006,4.701,235.05,24.791,24.181,0.015805,-0.000915,-0.018040,8.975,22.105,steady_run_1
6.640000,1,30,2068.75,4.4747,0.18398,39.86,50.010,4.814,240.73,24.793,24.183,-0.009379,0.005568,-0.003129,8.895,22.105,steady_run_1
6.645000,1,30,2065.40,4.4609,0.18001,38.93,50.022,4.713,235.74,24.795,24.184,-0.027462,-0.001710,-0.009373,9.082,22.105,steady_run_1
6.650000,1,30,2069.76,4.4253,0.19024,41.23,50.033,4.720,236.16,24.797,24.185,-0.001037,0.000395,-0.007794,9.007,22.105,steady_run_1
6.655000,1,30,2069.96,4.4371,0.19788,42.89,49.991,4.768,238.37,24.799,24.187,-0.012134,-0.031585,0.015710,8.919,22.105,steady_run_1
6.660000,1,30,2066.00,4.5391,0.19954,43.17,50.014,4.724,236.27,24.801,24.188,0.010959,-0.003156,-0.019344,9.003,22.105,steady_run_1
6.665000,1,30,2070.92,4.4975,0.17991,39.02,50.017,4.619,231.04,24.802,24.189,0.016468,0.026481,0.013640,9.026,22.105,steady_run_1
6.670000,1,30,2068.58,4.4756,0.19316,41.84,50.012,4.807,240.40,24.804,24.191,-0.005563,0.009770,0.002367,9.077,22.106,steady_run_1
6.675000,1,30,2076.22,4.5581,0.19816,43.08,50.028,4.641,232.16,24.806,24.192,-0.000216,0.017093,0.006313,8.966,22.106,steady_run_1
6.680000,1,30,2072.81,4.5280,0.19362,42.03,50.034,4.708,235.57,24.808,24.193,-0.026499,-0.000224,-0.013861,9.045,22.106,steady_run_1
6.685000,1,30,2063.95,4.4916,0.19336,41.79,50.020,4.559,228.04,24.810,24.195,-0.005492,0.010311,0.002934,8.968,22.106,steady_run_1
6.690000,1,30,2063.81,4.5768,0.19033,41.13,50.030,4.533,226.80,24.812,24.196,0.034863,0.027848,0.011099,8.858,22.106,steady_run_1
6.695000,1,30,2068.56,4.4873,0.18089,39.18,50.006,4.560,228.03,24.814,24.197,-0.028585,0.000247,-0.015621,9.050,22.106,steady_run_1
6.700000,1,30,2070.57,4.4361,0.19565,42.42,50.026,4.659,233.06,24.816,24.198,0.030049,0.008321,0.000795,8.936,22.106,steady_run_1
6.705000,1,30,2075.00,4.4990,0.19781,42.98,50.001,4.723,236.16,24.818,24.200,-0.021356,0.000618,-0.010928,8.993,22.106,steady_run_1
6.710000,1,30,2072.72,4.5288,0.19429,42.17,50.042,4.703,235.34,24.820,24.201,-0.025449,0.001618,-0.015579,8.988,22.106,steady_run_1
6.715000,1,30,2067.17,4.5954,0.19365,41.92,50.005,4.562,228.14,24.821,24.202,0.005564,-0.000489,-0.016348,9.020,22.106,steady_run_1
6.720000,1,30,2071.32,4.4517,0.20067,43.53,50.013,4.670,233.58,24.823,24.204,0.006633,0.017277,0.007850,8.943,22.106,steady_run_1
6.725000,1,30,2075.03,4.5711,0.18411,40.01,50.030,4.653,232.79,24.825,24.205,-0.009256,-0.031737,0.015207,8.966,22.106,steady_run_1
6.730000,1,30,2072.66,4.4753,0.19560,42.46,50.006,4.624,231.22,24.827,24.206,-0.003846,-0.019850,0.005814,8.997,22.106,steady_run_1
6.735000,1,30,2063.12,4.4722,0.19140,41.35,50.004,4.590,229.51,24.829,24.208,-0.011460,-0.030316,0.016839,9.050,22.106,steady_run_1
6.740000,1,30,2067.99,4.4342,0.19117,41.40,50.006,4.640,232.04,24.831,24.209,0.017324,-0.001211,-0.014397,8.999,22.107,steady_run_1
6.745000,1,30,2068.01,4.3985,0.20381,44.14,50.029,4.531,226.69,24.833,24.210,-0.007327,-0.016495,0.004046,9.094,22.107,steady_run_1
6.750000,1,30,2075.04,4.4790,0.19631,42.66,50.019,4.695,234.85,24.835,24.211,-0.001536,-0.007396,-0.004156,9.066,22.107,steady_run_1
6.755000,1,30,2071.75,4.5007,0.20089,43.58,50.017,4.761,238.11,24.837,24.213,0.027318,0.003225,-0.009576,8.978,22.107,steady_run_1
6.760000,1,30,2071.88,4.4994,0.18652,40.47,50.011,4.717,235.88,24.839,24.214,-0.003687,-0.005928,-0.004956,9.066,22.107,steady_run_1
6.765000,1,30,2066.02,4.5693,0.18618,40.28,50.017,4.659,233.01,24.840,24.215,-0.009798,0.005985,-0.001490,8.988,22.107,steady_run_1
6.770000,1,30,2068.70,4.4856,0.18492,40.06,49.980,4.697,234.77,24.842,24.217,-0.001635,-0.004731,-0.008262,8.939,22.107,steady_run_1
6.775000,1,30,2065.03,4.4494,0.19610,42.41,50.041,4.585,229.42,24.844,24.218,0.034563,0.017816,0.006059,8.845,22.107,steady_run_1
6.780000,1,30,2070.73,4.5046,0.19710,42.74,50.023,4.625,231.38,24.846,24.219,0.002585,0.015954,0.007514,8.968,22.107,steady_run_1
6.785000,1,30,2072.74,4.5451,0.18615,40.41,50.011,4.620,231.07,24.848,24.220,-0.000603,-0.006575,-0.012199,8.864,22.107,steady_run_1
6.790000,1,30,2074.94,4.4885,0.19283,41.90,50.047,4.554,227.90,24.850,24.222,-0.029809,-0.000794,-0.015804,9.058,22.107,steady_run_1
6.795000,1,30,2063.94,4.5518,0.19236,41.58,50.009,4.724,236.26,24.852,24.223,-0.026310,-0.003561,-0.009469,8.888,22.107,steady_run_1
6.800000,1,30,2069.03,4.5301,0.19111,41.41,50.023,4.644,232.31,24.854,24.224,-0.006316,-0.019749,0.007860,8.918,22.107,steady_run_1
6.805000,1,30,2072.27,4.5896,0.19668,42.68,50.020,4.726,236.42,24.856,24.226,0.015753,0.025844,0.015315,9.026,22.107,steady_run_1
6.810000,1,30,2071.32,4.4735,0.18833,40.85,50.043,4.690,234.69,24.857,24.227,0.032793,0.028114,0.015713,9.142,22.108,steady_run_1
6.815000,1,30,2069.58,4.5194,0.19112,41.42,50.019,4.616,230.87,24.859,24.228,0.023604,0.031623,0.018565,8.925,22.108,steady_run_1
6.820000,1,30,2080.19,4.5833,0.19817,43.17,50.020,4.648,232.48,24.861,24.229,-0.005316,-0.009210,-0.001665,9.025,22.108,steady_run_1
6.825000,1,30,2067.43,4.5517,0.19142,41.44,50.017,4.525,226.35,24.863,24.231,0.035218,0.019573,0.004226,8.966,22.108,steady_run_1
6.830000,1,30,2069.53,4.4878,0.18961,41.09,50.015,4.689,234.53,24.865,24.232,-0.010170,-0.030886,0.018562,8.908,22.108,steady_run_1
6.835000,1,30,2059.03,4.4648,0.18094,39.01,50.015,4.615,230.83,24.867,24.233,-0.009050,-0.028113,0.014539,9.055,22.108,steady_run_1
6.840000,1,30,2069.55,4.5071,0.18223,39.49,49.993,4.675,233.73,24.869,24.234,-0.012899,0.004423,-0.006284,8.968,22.108,steady_run_1
6.845000,1,30,2062.16,4.4848,0.19121,41.29,50.016,4.667,233.41,24.870,24.236,0.025177,0.000202,-0.009857,8.999,22.108,steady_run_1
6.850000,1,30,2069.61,4.5045,0.19600,42.48,50.022,4.633,231.75,24.872,24.237,0.019631,-0.001862,-0.013092,9.028,22.108,steady_run_1
6.855000,1,30,2076.14,4.5316,0.19143,41.62,50.030,4.650,232.63,24.874,24.238,0.030438,0.013663,-0.002432,8.995,22.108,steady_run_1
6.860000,1,30,2066.37,4.4932,0.18332,39.67,50.005,4.738,236.93,24.876,24.239,0.026074,0.000166,-0.011791,8.934,22.108,steady_run_1
6.865000,1,30,2073.21,4.5974,0.19215,41.72,50.018,4.793,239.75,24.878,24.241,0.032875,0.009448,-0.004150,8.947,22.108,steady_run_1
6.870000,1,30,2066.19,4.4190,0.18581,40.20,50.028,4.696,234.92,24.880,24.242,-0.012660,-0.032202,0.017001,8.936,22.108,steady_run_1
6.875000,1,30,2068.20,4.4519,0.20109,43.55,50.020,4.751,237.66,24.882,24.243,0.000445,0.013569,0.003767,8.965,22.108,steady_run_1
6.880000,1,30,2073.68,4.5819,0.19386,42.10,50.011,4.653,232.72,24.884,24.245,-0.027067,0.000531,-0.013474,9.155,22.108,steady_run_1
6.885000,1,30,2071.91,4.4287,0.19290,41.85,50.013,4.653,232.70,24.886,24.246,-0.025173,0.000438,-0.010767,9.142,22.109,steady_run_1
6.890000,1,30,2071.61,4.5477,0.19868,43.10,50.008,4.596,229.86,24.887,24.247,-0.024925,0.000944,-0.013094,9.072,22.109,steady_run_1
6.895000,1,30,2071.00,4.5659,0.19745,42.82,50.021,4.544,227.32,24.889,24.248,0.006407,0.022890,0.007244,8.971,22.109,steady_run_1
6.900000,1,30,2060.67,4.4802,0.19380,41.82,49.997,4.701,235.04,24.891,24.250,-0.000146,0.012525,0.004585,9.104,22.109,steady_run_1
6.905000,1,30,2067.82,4.4577,0.18875,40.87,50.023,4.694,234.81,24.893,24.251,0.000203,0.014596,0.004022,8.949,22.109,steady_run_1
6.910000,1,30,2073.62,4.5284,0.20797,45.16,50.046,4.628,231.60,24.895,24.252,-0.027423,0.000243,-0.015676,8.971,22.109,steady_run_1
6.915000,1,30,2066.84,4.4613,0.18343,39.70,50.015,4.772,238.68,24.897,24.254,0.036316,0.011640,-0.000496,9.002,22.109,steady_run_1
6.920000,1,30,2068.50,4.4606,0.19879,43.06,50.026,4.664,233.31,24.899,24.255,-0.009024,-0.029244,0.014727,8.989,22.109,steady_run_1
6.925000,1,30,2073.32,4.5521,0.19792,42.97,50.017,4.612,230.65,24.900,24.256,0.015604,-0.000146,-0.017337,8.956,22.109,steady_run_1
6.930000,1,30,2069.80,4.5041,0.18830,40.81,50.023,4.744,237.31,24.902,24.257,0.020821,0.031973,0.015955,9.084,22.109,steady_run_1
6.935000,1,30,2063.22,4.4630,0.18270,39.47,50.051,4.663,233.40,24.904,24.259,-0.004454,-0.014919,0.006185,9.013,22.109,steady_run_1
6.940000,1,30,2064.98,4.4658,0.19300,41.74,50.026,4.708,235.52,24.906,24.260,-0.028682,0.002759,-0.014838,9.013,22.109,steady_run_1
6.945000,1,30,2074.99,4.4259,0.19337,42.02,49.995,4.598,229.88,24.908,24.261,0.038174,0.016177,0.005037,9.139,22.109,steady_run_1
6.950000,1,30,2059.84,4.4884,0.18992,40.97,50.034,4.653,232.82,24.910,24.262,-0.013267,-0.028186,0.012849,8.905,22.109,steady_run_1
6.955000,1,30,2067.54,4.5689,0.19212,41.60,50.015,4.691,234.63,24.912,24.264,-0.017942,-0.018920,0.009806,9.043,22.110,steady_run_1
6.960000,1,30,2071.42,4.5522,0.18603,40.35,50.023,4.600,230.12,24.913,24.265,0.020197,-0.000122,-0.012831,8.983,22.110,steady_run_1
6.965000,1,30,2073.90,4.4608,0.20451,44.42,50.022,4.628,231.52,24.915,24.266,-0.025319,-0.002808,-0.007861,9.017,22.110,steady_run_1
6.970000,1,30,2076.68,4.5318,0.19483,42.37,49.985,4.753,237.58,24.917,24.267,0.029441,0.002798,-0.008543,8.997,22.110,steady_run_1
6.975000,1,30,2060.28,4.5057,0.18387,39.67,50.020,4.717,235.92,24.919,24.269,-0.007232,-0.022784,0.012869,8.985,22.110,steady_run_1
6.980000,1,30,2069.47,4.5006,0.19316,41.86,50.000,4.704,235.18,24.921,24.270,-0.027649,-0.002128,-0.005930,9.012,22.110,steady_run_1
6.985000,1,30,2065.31,4.4769,0.18172,39.30,50.004,4.661,233.05,24.923,24.271,-0.004689,-0.008460,-0.002457,9.050,22.110,steady_run_1
6.990000,1,30,2064.76,4.5315,0.18986,41.05,50.025,4.510,225.61,24.925,24.272,-0.004613,-0.028145,0.014512,8.917,22.110,steady_run_1
6.995000,1,30,2074.74,4.4738,0.19258,41.84,50.006,4.723,236.16,24.926,24.274,-0.026416,-0.000953,-0.013715,9.039,22.110,steady_run_1
7.000000,0,0,2059.48,4.5495,0.20134,43.42,50.025,4.568,228.53,24.928,24.275,0.023327,-0.000906,-0.011800,8.919,22.110,idle_or_transition
7.005000,0,0,2042.85,4.3658,0.19020,40.69,50.024,4.643,232.25,24.930,24.276,-0.002551,-0.020003,0.007799,8.775,22.110,idle_or_transition
7.010000,0,0,2023.37,4.3187,0.18779,39.79,49.994,4.648,232.35,24.932,24.277,0.000372,-0.000729,-0.009380,8.822,22.110,idle_or_transition
7.015000,0,0,2013.03,4.1863,0.17390,36.66,50.050,4.466,223.55,24.934,24.278,0.006155,-0.002497,-0.015684,8.646,22.110,idle_or_transition
7.020000,0,0,2000.38,4.2076,0.17339,36.32,50.030,4.527,226.49,24.935,24.279,0.017584,0.027706,0.015487,8.687,22.110,idle_or_transition
7.025000,0,0,1981.00,4.1283,0.18534,38.45,50.042,4.527,226.52,24.937,24.281,-0.008490,0.007691,-0.002901,8.597,22.111,idle_or_transition
7.030000,0,0,1968.99,4.0563,0.17576,36.24,50.033,4.429,221.62,24.939,24.282,-0.018282,-0.012791,-0.000971,8.563,22.111,idle_or_transition
7.035000,0,0,1949.11,4.0112,0.17218,35.14,50.045,4.504,225.43,24.940,24.283,-0.007332,-0.025710,0.013058,8.501,22.111,idle_or_transition
7.040000,0,0,1939.45,3.9045,0.17194,34.92,50.058,4.225,211.50,24.942,24.284,-0.008297,-0.027445,0.012796,8.528,22.111,idle_or_transition
7.045000,0,0,1919.03,3.9886,0.16049,32.25,50.012,4.456,222.85,24.943,24.285,0.008114,-0.004685,-0.015317,8.266,22.111,idle_or_transition
7.050000,0,0,1922.19,3.8596,0.16289,32.79,50.025,4.278,214.03,24.945,24.286,-0.025254,0.001645,-0.014179,8.455,22.111,idle_or_transition
7.055000,0,0,1898.23,3.7839,0.15490,30.79,50.048,4.335,216.96,24.947,24.287,0.034350,0.010940,-0.000251,8.232,22.111,idle_or_transition
7.060000,0,0,1891.37,3.8139,0.16053,31.79,50.046,4.247,212.56,24.948,24.288,-0.009666,-0.027593,0.015505,8.178,22.111,idle_or_transition
7.065000,0,0,1870.12,3.7645,0.16109,31.55,50.030,4.194,209.83,24.949,24.288,0.030566,0.009187,-0.001701,8.212,22.111,idle_or_transition
7.070000,0,0,1861.46,3.6630,0.15777,30.75,50.041,4.225,211.40,24.951,24.289,0.008084,0.000339,-0.013138,8.008,22.111,idle_or_transition
7.075000,0,0,1843.32,3.6060,0.15830,30.56,50.062,4.200,210.26,24.952,24.290,0.004239,-0.005021,-0.013230,7.979,22.111,idle_or_transition
7.080000,0,0,1837.41,3.5192,0.15356,29.55,50.045,4.215,210.95,24.954,24.291,-0.024507,0.003021,-0.015587,7.971,22.111,idle_or_transition
7.085000,0,0,1818.24,3.5614,0.14793,28.17,50.049,4.072,203.79,24.955,24.292,-0.020549,-0.011516,0.002290,7.948,22.111,idle_or_transition
7.090000,0,0,1800.62,3.4742,0.15880,29.94,50.081,3.939,197.28,24.956,24.293,-0.024519,-0.001404,-0.011347,7.829,22.111,idle_or_transition
7.095000,0,0,1788.95,3.4242,0.14438,27.05,50.073,4.020,201.28,24.958,24.293,-0.008389,-0.029409,0.011020,7.833,22.111,idle_or_transition
7.100000,0,0,1777.67,3.3561,0.14534,27.06,50.064,3.984,199.43,24.959,24.294,0.006361,-0.001839,-0.012205,7.759,22.112,idle_or_transition
7.105000,0,0,1766.32,3.2896,0.13278,24.56,50.099,3.938,197.30,24.960,24.295,0.029223,0.017279,0.006268,7.627,22.112,idle_or_transition
7.110000,0,0,1756.89,3.1979,0.14008,25.77,50.069,3.936,197.07,24.961,24.296,0.028996,0.010587,0.000172,7.557,22.112,idle_or_transition
7.115000,0,0,1746.24,3.2489,0.13771,25.18,50.092,3.769,188.79,24.963,24.296,0.022387,0.025147,0.016938,7.461,22.112,idle_or_transition
7.120000,0,0,1737.90,3.2164,0.13652,24.84,50.060,3.782,189.34,24.964,24.297,0.025135,0.007755,-0.005310,7.594,22.112,idle_or_transition
7.125000,0,0,1723.54,3.1826,0.12658,22.85,50.065,3.849,192.70,24.965,24.297,-0.011481,-0.016279,0.005759,7.585,22.112,idle_or_transition
7.130000,0,0,1713.07,3.1076,0.13512,24.24,50.097,3.789,189.81,24.966,24.298,-0.010953,-0.024374,0.011293,7.392,22.112,idle_or_transition
7.135000,0,0,1694.80,3.0834,0.13328,23.65,50.095,3.834,192.04,24.967,24.299,-0.005999,-0.023857,0.014635,7.401,22.112,idle_or_transition
7.140000,0,0,1683.40,3.0006,0.12646,22.29,50.090,3.738,187.24,24.968,24.299,0.012270,-0.001871,-0.014129,7.239,22.112,idle_or_transition
7.145000,0,0,1672.23,2.9177,0.13419,23.50,50.094,3.819,191.31,24.969,24.300,0.026668,0.020255,0.010624,7.279,22.112,idle_or_transition
7.150000,0,0,1658.48,2.8891,0.11533,20.03,50.085,3.740,187.31,24.970,24.300,-0.011014,-0.022352,0.010162,7.164,22.112,idle_or_transition
7.155000,0,0,1652.47,2.8726,0.11309,19.57,50.099,3.716,186.16,24.971,24.301,0.017592,0.022784,0.014100,7.211,22.112,idle_or_transition
7.160000,0,0,1630.60,2.7945,0.11649,19.89,50.075,3.682,184.39,24.972,24.301,-0.009698,-0.025660,0.013292,7.045,22.112,idle_or_transition
7.165000,0,0,1627.34,2.7158,0.11757,20.04,50.105,3.601,180.41,24.973,24.302,0.009475,-0.001871,-0.015519,7.038,22.112,idle_or_transition
7.170000,0,0,1608.65,2.6370,0.11255,18.96,50.105,3.679,184.35,24.974,24.302,0.024177,0.007308,-0.007106,7.118,22.113,idle_or_transition
7.175000,0,0,1610.91,2.8131,0.11039,18.62,50.108,3.591,179.94,24.975,24.303,-0.010111,-0.021976,0.008577,6.976,22.113,idle_or_transition
7.180000,0,0,1592.94,2.6672,0.11301,18.85,50.118,3.523,176.56,24.976,24.303,-0.012382,-0.021952,0.013325,6.787,22.113,idle_or_transition
7.185000,0,0,1571.55,2.6621,0.11255,18.52,50.105,3.655,183.13,24.977,24.304,0.027496,0.012009,0.000427,6.869,22.113,idle_or_transition
7.190000,0,0,1559.36,2.6072,0.11219,18.32,50.123,3.543,177.56,24.978,24.304,-0.022965,0.002851,-0.013333,6.859,22.113,idle_or_transition
7.195000,0,0,1561.88,2.6156,0.11669,19.09,50.112,3.523,176.55,24.979,24.305,0.016151,-0.001764,-0.008628,6.852,22.113,idle_or_transition
7.200000,0,0,1545.09,2.4908,0.10427,16.87,50.138,3.440,172.46,24.980,24.305,-0.000954,-0.003637,-0.005017,6.802,22.113,idle_or_transition
7.205000,0,0,1529.11,2.5374,0.10171,16.29,50.127,3.440,172.45,24.981,24.305,-0.010433,-0.022907,0.010126,6.539,22.113,idle_or_transition
7.210000,0,0,1522.35,2.4610,0.10023,15.98,50.109,3.499,175.34,24.981,24.306,-0.009215,0.006538,-0.000629,6.613,22.113,idle_or_transition
7.215000,0,0,1508.31,2.4014,0.10271,16.22,50.130,3.452,173.04,24.982,24.306,0.002280,-0.000519,-0.010951,6.678,22.113,idle_or_transition
7.220000,0,0,1501.38,2.3932,0.10125,15.92,50.110,3.388,169.78,24.983,24.306,-0.013337,-0.018062,0.004833,6.561,22.113,idle_or_transition
7.225000,0,0,1487.28,2.3066,0.09615,14.97,50.105,3.421,171.39,24.984,24.307,0.023146,0.022792,0.010524,6.388,22.113,idle_or_transition
7.230000,0,0,1477.99,2.2602,0.10090,15.62,50.124,3.363,168.57,24.984,24.307,0.020699,0.022078,0.012050,6.373,22.113,idle_or_transition
7.235000,0,0,1467.43,2.2818,0.09481,14.57,50.146,3.347,167.84,24.985,24.307,-0.005093,0.007247,0.001375,6.313,22.113,idle_or_transition
7.240000,0,0,1462.83,2.2321,0.10555,16.17,50.142,3.220,161.46,24.986,24.307,-0.006039,-0.017366,0.009163,6.388,22.113,idle_or_transition
7.245000,0,0,1455.80,2.2361,0.09424,14.37,50.160,3.111,156.06,24.986,24.308,-0.020539,0.002169,-0.010126,6.377,22.114,idle_or_transition
7.250000,0,0,1436.31,2.1565,0.09503,14.29,50.150,3.236,162.27,24.987,24.308,-0.009936,-0.020753,0.012763,6.196,22.114,idle_or_transition
7.255000,0,0,1433.05,2.2856,0.09811,14.72,50.130,3.286,164.72,24.988,24.308,0.016919,-0.001987,-0.007177,6.298,22.114,idle_or_transition
7.260000,0,0,1420.61,2.1462,0.08839,13.15,50.131,3.223,161.57,24.988,24.308,-0.013034,0.000475,-0.009991,6.246,22.114,idle_or_transition
7.265000,0,0,1409.63,2.0593,0.08000,11.81,50.120,3.201,160.42,24.989,24.308,-0.015264,-0.010751,0.002027,6.214,22.114,idle_or_transition
7.270000,0,0,1401.03,2.0090,0.08983,13.18,50.106,3.323,166.52,24.990,24.309,-0.021277,-0.000848,-0.007026,6.114,22.114,idle_or_transition
7.275000,0,0,1387.40,1.9936,0.09249,13.44,50.143,3.161,158.52,24.990,24.309,0.023119,0.005392,-0.002613,6.047,22.114,idle_or_transition
7.280000,0,0,1373.54,1.9473,0.08422,12.11,50.160,3.141,157.54,24.991,24.309,-0.012508,-0.014340,0.005276,6.082,22.114,idle_or_transition
7.285000,0,0,1361.77,2.0028,0.08097,11.55,50.133,3.237,162.28,24.991,24.309,0.007107,-0.001186,-0.011043,5.868,22.114,idle_or_transition
7.290000,0,0,1353.01,1.9702,0.08383,11.88,50.154,3.083,154.60,24.992,24.309,-0.000519,-0.002205,-0.007276,5.939,22.114,idle_or_transition
7.295000,0,0,1341.62,1.8391,0.07567,10.63,50.148,3.114,156.17,24.992,24.309,0.021168,0.017637,0.011198,5.701,22.114,idle_or_transition
7.300000,0,0,1343.72,1.9131,0.07409,10.43,50.148,2.982,149.56,24.993,24.309,-0.005859,-0.012551,0.003956,5.854,22.114,idle_or_transition
7.305000,0,0,1320.44,1.8480,0.06488,8.97,50.168,3.090,155.00,24.993,24.309,-0.019662,-0.002904,-0.008269,5.736,22.114,idle_or_transition
7.310000,0,0,1319.28,1.8019,0.07872,10.88,50.168,2.986,149.81,24.994,24.309,-0.020148,-0.003864,-0.005331,5.752,22.114,idle_or_transition
7.315000,0,0,1314.47,1.8149,0.07967,10.97,50.152,3.047,152.81,24.994,24.309,0.019951,0.002102,-0.008217,5.689,22.115,idle_or_transition
7.320000,0,0,1298.53,1.7531,0.07461,10.15,50.152,2.885,144.69,24.995,24.309,-0.004689,-0.006289,-0.004214,5.725,22.115,idle_or_transition
7.325000,0,0,1287.45,1.8321,0.08448,11.39,50.152,2.949,147.90,24.995,24.309,0.023026,0.011535,0.001865,5.583,22.115,idle_or_transition
7.330000,0,0,1281.36,1.7168,0.07404,9.94,50.150,3.026,151.75,24.996,24.309,-0.005576,-0.020433,0.009487,5.551,22.115,idle_or_transition
7.335000,0,0,1272.42,1.7087,0.07694,10.25,50.159,2.821,141.51,24.996,24.309,-0.005156,-0.020260,0.010337,5.550,22.115,idle_or_transition
7.340000,0,0,1268.72,1.6435,0.07989,10.61,50.144,2.984,149.61,24.996,24.309,0.020173,0.004951,0.000113,5.702,22.115,idle_or_transition
7.345000,0,0,1256.66,1.7910,0.07242,9.53,50.160,3.027,151.82,24.997,24.309,-0.018613,-0.000769,-0.011362,5.578,22.115,idle_or_transition
7.350000,0,0,1244.54,1.5754,0.06713,8.75,50.178,2.985,149.78,24.997,24.309,-0.002791,-0.005518,0.002454,5.403,22.115,idle_or_transition
7.355000,0,0,1233.58,1.5266,0.06693,8.65,50.191,2.802,140.62,24.997,24.309,0.020807,0.005936,-0.000312,5.409,22.115,idle_or_transition
7.360000,0,0,1228.50,1.5224,0.06994,9.00,50.177,2.853,143.17,24.998,24.309,-0.016077,-0.008634,-0.000636,5.351,22.115,idle_or_transition
7.365000,0,0,1221.20,1.5314,0.06274,8.02,50.156,2.935,147.21,24.998,24.309,-0.013581,0.002513,-0.005429,5.403,22.115,idle_or_transition
7.370000,0,0,1213.57,1.5401,0.06461,8.21,50.183,2.838,142.41,24.998,24.309,0.018751,0.019473,0.010776,5.291,22.115,idle_or_transition
7.375000,0,0,1206.62,1.5221,0.05719,7.23,50.148,2.798,140.29,24.999,24.309,0.009170,-0.001006,-0.008442,5.297,22.115,idle_or_transition
7.380000,0,0,1193.55,1.4794,0.06925,8.66,50.170,2.849,142.94,24.999,24.309,-0.017119,-0.001519,-0.012792,5.192,22.115,idle_or_transition
7.385000,0,0,1185.49,1.4439,0.07614,9.45,50.165,2.760,138.46,24.999,24.309,-0.008562,0.004434,-0.004149,5.160,22.115,idle_or_transition
7.390000,0,0,1175.13,1.3689,0.05586,6.87,50.150,2.860,143.44,25.000,24.309,-0.018585,-0.001842,-0.003938,5.221,22.116,idle_or_transition
7.395000,0,0,1169.20,1.4452,0.06449,7.90,50.166,2.807,140.79,25.000,24.309,0.017217,0.014668,0.007013,5.096,22.116,idle_or_transition
7.400000,0,0,1162.28,1.4473,0.07001,8.52,50.162,2.630,131.92,25.000,24.308,0.003127,-0.000403,-0.012737,5.000,22.116,idle_or_transition
7.405000,0,0,1154.49,1.4443,0.05900,7.13,50.164,2.728,136.83,25.000,24.308,-0.004260,-0.007639,0.004313,5.076,22.116,idle_or_transition
7.410000,0,0,1145.22,1.3986,0.06113,7.33,50.180,2.750,138.00,25.001,24.308,-0.002577,-0.005733,-0.003327,4.944,22.116,idle_or_transition
7.415000,0,0,1140.14,1.3222,0.06146,7.34,50.173,2.606,130.74,25.001,24.308,-0.012417,0.002183,-0.007438,4.930,22.116,idle_or_transition
7.420000,0,0,1127.62,1.3367,0.04947,5.84,50.192,2.705,135.77,25.001,24.308,-0.001232,-0.006609,-0.000307,4.952,22.116,idle_or_transition
7.425000,0,0,1115.07,1.3188,0.05782,6.75,50.187,2.699,135.45,25.001,24.307,0.001081,0.011949,0.004793,4.837,22.116,idle_or_transition
7.430000,0,0,1117.00,1.3735,0.05345,6.25,50.196,2.702,135.63,25.001,24.307,0.008863,-0.000263,-0.009036,4.815,22.116,idle_or_transition
7.435000,0,0,1105.47,1.3293,0.05285,6.12,50.185,2.577,129.30,25.001,24.307,0.002733,0.010575,0.007096,4.826,22.116,idle_or_transition
7.440000,0,0,1099.24,1.3356,0.05823,6.70,50.180,2.619,131.44,25.001,24.307,0.010518,0.001962,-0.008907,4.793,22.116,idle_or_transition
7.445000,0,0,1086.81,1.2064,0.05503,6.26,50.205,2.594,130.21,25.002,24.306,-0.015935,-0.000205,-0.011997,4.782,22.116,idle_or_transition
7.450000,0,0,1087.64,1.2046,0.05968,6.80,50.176,2.633,132.09,25.002,24.306,0.011736,0.020586,0.006704,4.650,22.116,idle_or_transition
7.455000,0,0,1075.15,1.1903,0.04623,5.21,50.194,2.520,126.50,25.002,24.306,-0.004408,-0.019430,0.012005,4.664,22.116,idle_or_transition
7.460000,0,0,1071.12,1.2019,0.06038,6.77,50.199,2.585,129.75,25.002,24.306,0.025321,0.008573,0.003283,4.597,22.116,idle_or_transition
7.465000,0,0,1055.77,1.2436,0.04639,5.13,50.175,2.608,130.84,25.002,24.305,0.006791,-0.002351,-0.007938,4.644,22.117,idle_or_transition
7.470000,0,0,1056.94,1.2278,0.04549,5.03,50.212,2.635,132.31,25.002,24.305,-0.006471,-0.019445,0.010637,4.558,22.117,idle_or_transition
7.475000,0,0,1044.45,1.1006,0.04830,5.28,50.184,2.577,129.30,25.002,24.305,0.019135,0.020011,0.007361,4.389,22.117,idle_or_transition
7.480000,0,0,1035.44,1.1185,0.06002,6.51,50.165,2.544,127.64,25.002,24.305,0.018308,0.016429,0.008916,4.400,22.117,idle_or_transition
7.485000,0,0,1021.97,1.0896,0.04848,5.19,50.224,2.408,120.95,25.002,24.304,-0.006750,-0.007204,0.005045,4.431,22.117,idle_or_transition
7.490000,0,0,1022.93,1.1558,0.05056,5.42,50.182,2.469,123.91,25.002,24.304,-0.012164,-0.005855,-0.001657,4.449,22.117,idle_or_transition
7.495000,0,0,1007.87,1.0602,0.03905,4.12,50.183,2.530,126.97,25.002,24.304,-0.011122,0.003965,-0.007668,4.481,22.117,idle_or_transition
7.500000,0,0,998.68,0.9480,0.05447,5.70,50.175,2.519,126.40,25.002,24.303,-0.016788,0.004038,-0.008419,4.411,22.117,idle_or_transition
7.505000,0,0,994.23,1.0356,0.04575,4.76,50.195,2.447,122.83,25.002,24.303,0.001660,-0.003037,-0.007448,4.257,22.117,idle_or_transition
7.510000,0,0,999.12,1.0088,0.04206,4.40,50.188,2.519,126.41,25.002,24.303,0.014756,0.016730,0.009030,4.289,22.117,idle_or_transition
7.515000,0,0,982.11,1.0113,0.04682,4.82,50.188,2.362,118.53,25.002,24.302,0.005672,0.008385,0.005162,4.263,22.117,idle_or_transition
7.520000,0,0,971.00,0.9838,0.04278,4.35,50.212,2.422,121.60,25.002,24.302,-0.014006,-0.006030,0.000465,4.139,22.117,idle_or_transition
7.525000,0,0,969.23,1.0340,0.03953,4.01,50.205,2.309,115.92,25.002,24.301,-0.003468,-0.015234,0.009550,4.129,22.117,idle_or_transition
7.530000,0,0,957.53,0.9375,0.03074,3.08,50.198,2.430,122.00,25.002,24.301,0.017365,0.009124,0.004628,4.235,22.117,idle_or_transition
7.535000,0,0,959.65,1.0387,0.04135,4.16,50.207,2.322,116.57,25.002,24.301,-0.003937,-0.014201,0.006215,4.194,22.117,idle_or_transition
7.540000,0,0,943.80,0.9681,0.03905,3.86,50.228,2.328,116.95,25.002,24.300,-0.007275,-0.013929,0.007044,4.166,22.118,idle_or_transition
7.545000,0,0,939.55,0.8932,0.03260,3.21,50.202,2.257,113.31,25.002,24.300,0.016369,0.014217,0.006819,4.083,22.118,idle_or_transition
7.550000,0,0,930.50,0.9448,0.03515,3.43,50.191,2.378,119.36,25.002,24.299,0.016333,0.018751,0.009703,4.004,22.118,idle_or_transition
7.555000,0,0,930.18,0.9083,0.03847,3.75,50.198,2.197,110.29,25.001,24.299,0.017863,0.014100,0.006761,4.007,22.118,idle_or_transition
7.560000,0,0,922.79,0.8874,0.03857,3.73,50.210,2.378,119.38,25.001,24.298,0.013415,-0.000575,-0.004943,4.066,22.118,idle_or_transition
7.565000,0,0,919.02,0.8357,0.04140,3.98,50.205,2.209,110.91,25.001,24.298,-0.013951,-0.001064,-0.007740,4.012,22.118,idle_or_transition
7.570000,0,0,914.58,0.8847,0.04752,4.55,50.225,2.260,113.52,25.001,24.297,-0.000783,-0.002139,-0.005310,3.960,22.118,idle_or_transition
7.575000,0,0,906.60,0.8318,0.03965,3.76,50.241,2.284,114.74,25.001,24.297,-0.000076,-0.004801,-0.000732,4.055,22.118,idle_or_transition
7.580000,0,0,900.22,0.9260,0.03481,3.28,50.212,2.259,113.45,25.001,24.296,-0.015701,-0.002815,-0.002525,3.809,22.118,idle_or_transition
7.585000,0,0,889.08,0.8615,0.03860,3.59,50.226,2.165,108.71,25.000,24.296,-0.001061,-0.002117,-0.004901,3.939,22.118,idle_or_transition
7.590000,0,0,879.85,0.7368,0.03786,3.49,50.221,2.277,114.34,25.000,24.295,0.007083,0.000439,-0.008495,3.977,22.118,idle_or_transition
7.595000,0,0,879.97,0.7113,0.03298,3.04,50.200,2.338,117.35,25.000,24.295,0.002451,-0.003890,-0.005405,3.851,22.118,idle_or_transition
7.600000,0,0,872.97,0.8031,0.03506,3.21,50.213,2.330,116.99,25.000,24.294,-0.006582,-0.017074,0.008929,3.689,22.118,idle_or_transition
7.605000,0,0,872.67,0.8616,0.03321,3.04,50.189,2.191,109.97,25.000,24.294,-0.004411,-0.014223,0.007441,3.804,22.118,idle_or_transition
7.610000,0,0,859.35,0.7793,0.03597,3.24,50.210,2.337,117.35,25.000,24.293,0.001107,0.011764,0.003564,3.839,22.119,idle_or_transition
7.615000,0,0,855.07,0.7943,0.04063,3.64,50.226,2.245,112.78,25.000,24.293,-0.003104,-0.013257,0.008495,3.753,22.119,idle_or_transition
7.620000,0,0,849.95,0.6949,0.03299,2.94,50.219,2.305,115.78,25.000,24.293,-0.004072,0.005717,-0.000315,3.649,22.119,idle_or_transition
7.625000,0,0,841.27,0.7583,0.03072,2.71,50.200,2.176,109.25,24.999,24.292,-0.007528,-0.000122,-0.002843,3.700,22.119,idle_or_transition
7.630000,0,0,832.00,0.7470,0.03521,3.07,50.251,2.055,103.29,24.999,24.291,-0.016011,-0.000428,-0.006850,3.546,22.119,idle_or_transition
7.635000,0,0,822.68,0.7544,0.02919,2.51,50.247,2.188,109.93,24.999,24.291,-0.012882,-0.011873,0.001995,3.528,22.119,idle_or_transition
7.640000,0,0,821.05,0.7290,0.02219,1.91,50.225,2.195,110.25,24.999,24.290,-0.005116,-0.011709,0.007363,3.584,22.119,idle_or_transition
7.645000,0,0,824.25,0.7389,0.03222,2.78,50.209,2.210,110.98,24.998,24.290,0.007861,0.010529,0.008410,3.705,22.119,idle_or_transition
7.650000,0,0,807.62,0.7954,0.02439,2.06,50.204,2.193,110.10,24.998,24.289,-0.000353,0.006020,0.002175,3.518,22.119,idle_or_transition
7.655000,0,0,806.14,0.6255,0.02123,1.79,50.212,2.161,108.52,24.998,24.289,-0.016025,0.001083,-0.007553,3.531,22.119,idle_or_transition
7.660000,0,0,793.13,0.6190,0.02946,2.45,50.226,2.104,105.66,24.998,24.288,0.010908,0.001660,-0.005154,3.483,22.119,idle_or_transition
7.665000,0,0,796.41,0.6683,0.02503,2.09,50.215,2.206,110.77,24.997,24.288,-0.013277,-0.003623,-0.003045,3.380,22.119,idle_or_transition
7.670000,0,0,789.17,0.6494,0.02569,2.12,50.239,2.119,106.46,24.997,24.287,-0.010182,0.001056,-0.005426,3.508,22.119,idle_or_transition
7.675000,0,0,781.97,0.7473,0.02199,1.80,50.227,2.098,105.37,24.997,24.286,0.007767,0.009620,0.004446,3.425,22.119,idle_or_transition
7.680000,0,0,779.66,0.6301,0.03377,2.76,50.231,2.239,112.45,24.997,24.286,-0.013939,0.000200,-0.006090,3.400,22.119,idle_or_transition
7.685000,0,0,767.58,0.5664,0.02280,1.83,50.210,2.065,103.71,24.996,24.285,0.008165,0.001487,-0.008323,3.265,22.120,idle_or_transition
7.690000,0,0,764.55,0.6118,0.02580,2.07,50.232,2.202,110.59,24.996,24.285,0.003833,0.009475,0.002821,3.272,22.120,idle_or_transition
7.695000,0,0,759.09,0.5729,0.03125,2.48,50.227,2.096,105.28,24.996,24.284,0.006765,-0.001308,-0.005882,3.468,22.120,idle_or_transition
7.700000,0,0,760.39,0.4932,0.01833,1.46,50.239,1.990,99.96,24.995,24.284,-0.007614,-0.010783,0.006985,3.263,22.120,idle_or_transition
7.705000,0,0,748.89,0.6615,0.02979,2.34,50.234,2.116,106.30,24.995,24.283,0.017464,0.007393,0.005435,3.172,22.120,idle_or_transition
7.710000,0,0,748.16,0.5408,0.03147,2.47,50.250,2.057,103.38,24.995,24.282,0.017390,0.013638,0.006109,3.228,22.120,idle_or_transition
7.715000,0,0,734.45,0.4864,0.02360,1.82,50.263,1.986,99.80,24.994,24.282,0.000054,-0.003218,-0.000897,3.129,22.120,idle_or_transition
7.720000,0,0,733.58,0.5502,0.02523,1.94,50.221,1.970,98.94,24.994,24.281,0.000711,-0.000444,-0.004840,3.092,22.120,idle_or_transition
7.725000,0,0,724.82,0.5678,0.02579,1.96,50.237,1.936,97.24,24.994,24.280,0.008794,-0.001563,-0.007175,3.162,22.120,idle_or_transition
7.730000,0,0,723.75,0.6434,0.02748,2.08,50.210,1.974,99.09,24.993,24.280,0.014227,-0.000541,-0.003876,3.017,22.120,idle_or_transition
7.735000,0,0,713.30,0.5249,0.01579,1.18,50.263,1.967,98.88,24.993,24.279,-0.003542,0.007502,0.000832,3.112,22.120,idle_or_transition
7.740000,0,0,720.42,0.5630,0.02421,1.83,50.235,2.044,102.66,24.993,24.278,-0.001349,0.004227,-0.002657,3.142,22.120,idle_or_transition
7.745000,0,0,711.34,0.5548,0.02192,1.63,50.232,2.002,100.57,24.992,24.278,-0.011209,0.000256,-0.007909,3.099,22.120,idle_or_transition
7.750000,0,0,705.04,0.5923,0.01786,1.32,50.247,1.956,98.27,24.992,24.277,0.011324,0.012694,0.006058,3.036,22.120,idle_or_transition
7.755000,0,0,704.42,0.4530,0.03027,2.23,50.227,2.124,106.66,24.991,24.276,0.005771,0.012497,0.007694,2.951,22.120,idle_or_transition
7.760000,0,0,693.00,0.4386,0.01427,1.04,50.253,1.929,96.92,24.991,24.276,-0.007665,-0.012191,0.004396,3.085,22.121,idle_or_transition
7.765000,0,0,695.29,0.5267,0.02590,1.89,50.258,1.934,97.19,24.991,24.275,-0.000046,0.006082,0.005462,3.009,22.121,idle_or_transition
7.770000,0,0,677.21,0.4430,0.01521,1.08,50.230,1.993,100.12,24.990,24.274,-0.006374,-0.004553,0.000628,2.877,22.121,idle_or_transition
7.775000,0,0,681.21,0.5191,0.02419,1.73,50.242,1.907,95.83,24.990,24.274,0.010099,-0.003385,-0.006500,2.930,22.121,idle_or_transition
7.780000,0,0,673.89,0.4673,0.01758,1.24,50.219,2.011,100.98,24.989,24.273,0.002193,-0.003265,-0.004323,2.895,22.121,idle_or_transition
7.785000,0,0,669.38,0.4132,0.01361,0.95,50.244,1.873,94.12,24.989,24.272,-0.011278,-0.002106,-0.007813,2.858,22.121,idle_or_transition
7.790000,0,0,660.98,0.4626,0.01485,1.03,50.235,1.962,98.58,24.989,24.272,-0.014987,-0.000362,-0.007077,2.896,22.121,idle_or_transition
7.795000,0,0,654.76,0.5053,0.01487,1.02,50.224,1.941,97.49,24.988,24.271,0.011188,0.011695,0.008428,2.950,22.121,idle_or_transition
7.800000,0,0,652.92,0.4029,0.01914,1.31,50.251,1.878,94.36,24.988,24.270,-0.008164,0.001212,-0.005521,2.905,22.121,idle_or_transition
7.805000,0,0,648.21,0.4194,0.01077,0.73,50.228,1.971,98.99,24.987,24.270,0.007609,-0.000216,-0.005048,2.866,22.121,idle_or_transition
7.810000,0,0,646.73,0.4177,0.02411,1.63,50.249,1.830,91.98,24.987,24.269,0.015485,0.007813,0.001842,2.691,22.121,idle_or_transition
7.815000,0,0,633.37,0.2917,0.02372,1.57,50.271,1.809,90.95,24.986,24.268,-0.002341,-0.011049,0.003429,2.762,22.121,idle_or_transition
7.820000,0,0,631.93,0.4826,0.02383,1.58,50.237,1.994,100.18,24.986,24.267,0.000507,-0.001420,-0.007286,2.631,22.121,idle_or_transition
7.825000,0,0,630.37,0.3987,0.01569,1.04,50.247,1.842,92.54,24.985,24.267,0.014185,0.003916,-0.001943,2.724,22.121,idle_or_transition
7.830000,0,0,629.87,0.3844,0.01495,0.99,50.274,1.736,87.30,24.985,24.266,0.015068,0.003926,-0.000890,2.766,22.121,idle_or_transition
7.835000,0,0,627.99,0.4030,0.01869,1.23,50.242,1.924,96.66,24.984,24.265,0.005273,0.009269,0.003802,2.831,22.122,idle_or_transition
7.840000,0,0,619.28,0.3944,0.01871,1.21,50.248,1.871,94.04,24.984,24.264,-0.005519,0.001554,-0.001276,2.759,22.122,idle_or_transition
7.845000,0,0,613.17,0.3849,0.01334,0.86,50.247,1.754,88.15,24.983,24.264,0.016514,0.006524,0.005914,2.700,22.122,idle_or_transition
7.850000,0,0,610.39,0.4456,0.01183,0.76,50.232,1.906,95.72,24.983,24.263,-0.011407,-0.003823,-0.005283,2.586,22.122,idle_or_transition
7.855000,0,0,602.99,0.4151,0.01609,1.02,50.245,1.829,91.88,24.982,24.262,-0.003718,0.002596,0.001084,2.665,22.122,idle_or_transition
7.860000,0,0,599.13,0.4251,0.01740,1.09,50.251,1.872,94.09,24.982,24.261,0.000305,-0.007852,0.001791,2.607,22.122,idle_or_transition
7.865000,0,0,592.90,0.4241,0.02031,1.26,50.269,1.829,91.93,24.982,24.261,-0.011012,-0.002929,-0.002631,2.631,22.122,idle_or_transition
7.870000,0,0,597.45,0.3411,0.00765,0.48,50.235,1.882,94.53,24.981,24.260,0.000914,-0.001517,-0.002814,2.391,22.122,idle_or_transition
7.875000,0,0,588.01,0.3941,0.01833,1.13,50.236,1.890,94.96,24.981,24.259,0.013665,0.002422,0.001959,2.544,22.122,idle_or_transition
7.880000,0,0,587.94,0.2874,0.01739,1.07,50.260,1.783,89.59,24.980,24.258,0.013619,0.005221,-0.000941,2.492,22.122,idle_or_transition
7.885000,0,0,580.78,0.3035,0.01741,1.06,50.220,1.840,92.39,24.980,24.258,0.007569,-0.001430,-0.005422,2.467,22.122,idle_or_transition
7.890000,0,0,573.51,0.3401,0.02337,1.40,50.252,1.725,86.69,24.979,24.257,-0.003077,0.000026,-0.004228,2.448,22.122,idle_or_transition
7.895000,0,0,566.74,0.3917,0.01606,0.95,50.253,1.678,84.30,24.978,24.256,-0.002298,-0.012071,0.006080,2.565,22.122,idle_or_transition
7.900000,0,0,569.34,0.2977,0.01803,1.07,50.248,1.721,86.45,24.978,24.255,-0.003858,0.006385,0.003176,2.534,22.122,idle_or_transition
7.905000,0,0,564.62,0.3298,0.01439,0.85,50.260,1.733,87.10,24.977,24.254,-0.000430,-0.001481,-0.004194,2.557,22.122,idle_or_transition
7.910000,0,0,557.29,0.2893,0.01475,0.86,50.269,1.691,84.99,24.977,24.253,-0.001044,-0.005129,0.003464,2.583,22.122,idle_or_transition
7.915000,0,0,556.38,0.3427,0.01583,0.92,50.263,1.736,87.27,24.976,24.253,0.002819,-0.000571,-0.005274,2.478,22.123,idle_or_transition
7.920000,0,0,551.93,0.2948,0.01205,0.70,50.279,1.733,87.11,24.975,24.252,-0.009798,-0.000385,-0.007713,2.232,22.123,idle_or_transition
7.925000,0,0,544.87,0.3007,0.01673,0.95,50.228,1.836,92.22,24.975,24.251,-0.001521,0.008695,-0.001413,2.383,22.123,idle_or_transition
7.930000,0,0,550.95,0.3681,0.01107,0.64,50.245,1.651,82.93,24.974,24.250,-0.012317,-0.000409,-0.006514,2.454,22.123,idle_or_transition
7.935000,0,0,535.11,0.3110,0.01152,0.65,50.254,1.761,88.49,24.974,24.249,-0.011489,0.000124,-0.004457,2.425,22.123,idle_or_transition
7.940000,0,0,537.86,0.3420,0.02129,1.20,50.241,1.926,96.77,24.973,24.249,0.014740,0.008203,0.005188,2.354,22.123,idle_or_transition
7.945000,0,0,537.14,0.2906,0.00811,0.46,50.243,1.731,86.96,24.973,24.248,0.012265,0.010252,0.005538,2.314,22.123,idle_or_transition
7.950000,0,0,536.86,0.3763,0.00699,0.39,50.241,1.656,83.20,24.972,24.247,0.013424,0.012298,0.005589,2.484,22.123,idle_or_transition
7.955000,0,0,530.16,0.2806,0.01493,0.83,50.277,1.763,88.65,24.972,24.246,0.004686,-0.001029,-0.007540,2.259,22.123,idle_or_transition
7.960000,0,0,519.76,0.3049,0.01050,0.57,50.238,1.818,91.35,24.971,24.245,-0.000053,0.006276,-0.000742,2.318,22.123,idle_or_transition
7.965000,0,0,520.77,0.3221,0.01980,1.08,50.253,1.693,85.08,24.971,24.245,0.013767,0.007975,0.003909,2.327,22.123,idle_or_transition
7.970000,0,0,516.15,0.2209,0.01916,1.04,50.267,1.743,87.60,24.970,24.244,-0.002237,-0.010643,0.004837,2.186,22.123,idle_or_transition
7.975000,0,0,505.32,0.2511,0.01433,0.76,50.272,1.821,91.54,24.969,24.243,0.010385,0.006270,0.002823,2.208,22.123,idle_or_transition
7.980000,0,0,512.15,0.3317,0.00414,0.22,50.251,1.853,93.12,24.969,24.242,0.014116,0.010883,0.003318,2.335,22.123,idle_or_transition
7.985000,0,0,507.04,0.2675,0.01116,0.59,50.228,1.700,85.41,24.968,24.242,-0.002757,-0.005785,0.004927,2.062,22.123,idle_or_transition
7.990000,0,0,496.32,0.1862,0.01132,0.59,50.268,1.687,84.79,24.968,24.241,0.010212,0.012946,0.004630,2.158,22.124,idle_or_transition
7.995000,0,0,495.79,0.3013,0.01460,0.76,50.247,1.727,86.77,24.967,24.240,0.009934,0.010798,0.003875,2.231,22.124,idle_or_transition
8.000000,2,55,532.65,0.3988,0.01248,0.70,50.261,1.740,87.44,24.967,24.239,0.003648,0.005696,0.005424,2.316,22.124,steady_run_2
8.005000,2,55,563.19,0.3608,0.02203,1.30,50.247,1.798,90.32,24.966,24.238,0.012631,0.009238,0.006492,2.536,22.124,steady_run_2
8.010000,2,55,601.73,0.3044,0.02314,1.46,50.247,1.875,94.21,24.966,24.238,0.005460,0.000719,-0.003424,2.576,22.124,steady_run_2
8.015000,2,55,634.65,0.3886,0.01412,0.94,50.223,1.939,97.36,24.965,24.237,-0.011461,-0.001334,-0.005859,2.659,22.124,steady_run_2
8.020000,2,55,661.83,0.3854,0.02459,1.70,50.243,1.924,96.64,24.965,24.236,-0.001006,-0.006211,-0.000085,2.872,22.124,steady_run_2
8.025000,2,55,697.64,0.5702,0.02633,1.92,50.217,2.040,102.42,24.965,24.236,0.007937,0.001764,-0.007525,3.047,22.124,steady_run_2
8.030000,2,55,729.14,0.5724,0.02146,1.64,50.235,1.919,96.41,24.964,24.235,-0.005084,-0.013043,0.008845,3.176,22.124,steady_run_2
8.035000,2,55,761.99,0.5043,0.02686,2.14,50.251,2.092,105.12,24.964,24.234,0.009984,0.013688,0.006292,3.384,22.124,steady_run_2
8.040000,2,55,792.93,0.6985,0.02682,2.23,50.220,2.109,105.90,24.964,24.234,0.008158,-0.000081,-0.004331,3.394,22.124,steady_run_2
8.045000,2,55,822.14,0.7226,0.02707,2.33,50.214,2.182,109.56,24.963,24.233,0.013995,0.000283,-0.000671,3.580,22.124,steady_run_2
8.050000,2,55,851.94,0.6607,0.02666,2.38,50.187,2.397,120.31,24.963,24.233,0.008523,0.000091,-0.007658,3.655,22.124,steady_run_2
8.055000,2,55,890.00,0.7972,0.02690,2.51,50.229,2.219,111.44,24.963,24.233,-0.004689,-0.008304,0.004069,3.921,22.124,steady_run_2
8.060000,2,55,911.05,0.9126,0.03796,3.62,50.199,2.213,111.09,24.963,24.232,0.000331,-0.001578,-0.003011,3.936,22.124,steady_run_2
8.065000,2,55,944.78,0.8447,0.03135,3.10,50.202,2.354,118.18,24.963,24.232,0.003419,0.013797,0.004321,4.002,22.125,steady_run_2
8.070000,2,55,970.64,0.9165,0.03899,3.96,50.199,2.381,119.52,24.963,24.232,-0.003794,-0.017273,0.009692,4.258,22.125,steady_run_2
8.075000,2,55,1008.25,1.0275,0.04404,4.65,50.199,2.519,126.45,24.963,24.231,-0.013428,-0.006491,-0.000731,4.444,22.125,steady_run_2
8.080000,2,55,1032.11,1.1370,0.04636,5.01,50.185,2.474,124.17,24.963,24.231,0.002084,0.010847,0.004234,4.475,22.125,steady_run_2
8.085000,2,55,1058.78,1.1523,0.05869,6.51,50.173,2.635,132.23,24.963,24.231,-0.014399,-0.010677,0.004961,4.500,22.125,steady_run_2
8.090000,2,55,1086.67,1.1597,0.05194,5.91,50.197,2.612,131.10,24.963,24.231,-0.003505,-0.015478,0.005125,4.637,22.125,steady_run_2
8.095000,2,55,1117.31,1.3247,0.05522,6.46,50.175,2.624,131.66,24.963,24.230,-0.016510,-0.002018,-0.003205,4.746,22.125,steady_run_2
8.100000,2,55,1144.22,1.4285,0.05786,6.93,50.177,2.730,136.98,24.964,24.230,-0.001254,-0.008534,0.001596,4.893,22.125,steady_run_2
8.105000,2,55,1172.09,1.3819,0.05431,6.67,50.180,2.687,134.83,24.964,24.230,0.009206,-0.001169,-0.008862,5.232,22.125,steady_run_2
8.110000,2,55,1196.15,1.4678,0.06564,8.22,50.196,2.767,138.91,24.964,24.230,-0.013627,-0.011768,0.000762,5.230,22.125,steady_run_2
8.115000,2,55,1227.88,1.6291,0.07113,9.15,50.170,2.778,139.39,24.965,24.230,0.019216,0.022346,0.010882,5.371,22.125,steady_run_2
8.120000,2,55,1243.19,1.6655,0.06479,8.43,50.155,2.971,149.01,24.965,24.230,0.019879,0.003488,-0.004577,5.295,22.125,steady_run_2
8.125000,2,55,1276.91,1.7824,0.08506,11.37,50.171,2.913,146.14,24.965,24.230,-0.011492,0.002993,-0.003874,5.591,22.125,steady_run_2
8.130000,2,55,1306.72,1.7784,0.08122,11.11,50.143,3.101,155.49,24.966,24.230,0.017902,0.019974,0.010794,5.702,22.125,steady_run_2
8.135000,2,55,1325.53,1.8147,0.07610,10.56,50.127,3.201,160.45,24.967,24.231,-0.017838,-0.001589,-0.002117,5.768,22.125,steady_run_2
8.140000,2,55,1351.65,1.8945,0.09060,12.82,50.158,3.029,151.91,24.967,24.231,0.002999,-0.002407,-0.007315,5.839,22.125,steady_run_2
8.145000,2,55,1366.20,1.9852,0.08612,12.32,50.137,3.051,152.98,24.968,24.231,-0.002418,-0.009948,0.001263,6.067,22.126,steady_run_2
8.150000,2,55,1400.18,2.0026,0.09898,14.51,50.148,3.177,159.34,24.968,24.231,0.026269,0.011232,0.001102,6.106,22.126,steady_run_2
8.155000,2,55,1417.83,2.1617,0.08650,12.84,50.115,3.331,166.93,24.969,24.231,-0.017948,-0.007784,0.001794,6.191,22.126,steady_run_2
8.160000,2,55,1442.39,2.0867,0.08457,12.77,50.138,3.275,164.18,24.970,24.232,0.028165,0.015575,0.005339,6.322,22.126,steady_run_2
8.165000,2,55,1464.71,2.2281,0.09278,14.23,50.114,3.289,164.81,24.970,24.232,0.011404,-0.001094,-0.011453,6.427,22.126,steady_run_2
8.170000,2,55,1495.60,2.3730,0.09557,14.97,50.121,3.480,174.40,24.971,24.233,-0.013260,-0.015045,0.006436,6.458,22.126,steady_run_2
8.175000,2,55,1513.50,2.3976,0.10203,16.17,50.140,3.369,168.91,24.972,24.233,0.025829,0.004618,-0.000427,6.575,22.126,steady_run_2
8.180000,2,55,1542.26,2.4646,0.11134,17.98,50.107,3.456,173.19,24.973,24.233,0.020778,0.000058,-0.010291,6.746,22.126,steady_run_2
8.185000,2,55,1558.69,2.4643,0.10057,16.42,50.113,3.515,176.16,24.974,24.234,-0.013018,-0.017138,0.011955,6.791,22.126,steady_run_2
8.190000,2,55,1588.45,2.6836,0.11212,18.65,50.098,3.577,179.18,24.974,24.234,-0.023634,0.001663,-0.012194,6.939,22.126,steady_run_2
8.195000,2,55,1602.78,2.6255,0.11274,18.92,50.097,3.565,178.62,24.975,24.235,-0.010957,0.004597,-0.006126,6.900,22.126,steady_run_2
8.200000,2,55,1628.53,2.7783,0.12349,21.06,50.097,3.737,187.23,24.976,24.235,-0.008650,-0.025812,0.010655,7.062,22.126,steady_run_2
8.205000,2,55,1650.04,2.9002,0.11870,20.51,50.096,3.711,185.92,24.977,24.236,-0.014049,-0.020642,0.008689,7.032,22.126,steady_run_2
8.210000,2,55,1664.24,2.8812,0.12141,21.16,50.093,3.728,186.75,24.979,24.237,-0.020941,-0.005005,-0.005346,7.352,22.126,steady_run_2
8.215000,2,55,1685.13,2.9030,0.14188,25.04,50.071,3.697,185.10,24.980,24.237,-0.018987,-0.005662,-0.002971,7.283,22.126,steady_run_2
8.220000,2,55,1707.65,3.0693,0.12415,22.20,50.086,3.724,186.53,24.981,24.238,-0.004900,0.007722,-0.002905,7.407,22.127,steady_run_2
8.225000,2,55,1732.48,3.1314,0.14007,25.41,50.091,3.786,189.62,24.982,24.238,-0.002569,-0.020995,0.008084,7.431,22.127,steady_run_2
8.230000,2,55,1747.38,3.1546,0.13262,24.27,50.080,3.895,195.04,24.983,24.239,-0.017154,-0.009534,0.001280,7.631,22.127,steady_run_2
8.235000,2,55,1773.65,3.2579,0.15298,28.41,50.055,3.993,199.87,24.984,24.240,-0.000871,-0.006303,-0.002291,7.692,22.127,steady_run_2
8.240000,2,55,1783.21,3.2410,0.14381,26.86,50.062,3.981,199.28,24.985,24.241,-0.021670,-0.000894,-0.007114,7.716,22.127,steady_run_2
8.245000,2,55,1808.62,3.3789,0.14110,26.72,50.065,4.032,201.85,24.987,24.242,-0.009407,-0.025640,0.015106,7.896,22.127,steady_run_2
8.250000,2,55,1825.97,3.5116,0.14717,28.14,50.080,4.012,200.94,24.988,24.242,0.023521,0.028321,0.013346,7.956,22.127,steady_run_2
8.255000,2,55,1843.75,3.4882,0.15303,29.55,50.055,4.120,206.23,24.989,24.243,-0.015712,-0.020005,0.004443,8.065,22.127,steady_run_2
8.260000,2,55,1864.39,3.6044,0.14889,29.07,50.065,4.240,212.27,24.991,24.244,-0.014408,-0.018152,0.007377,8.216,22.127,steady_run_2
8.265000,2,55,1883.41,3.7007,0.14581,28.76,50.070,4.210,210.79,24.992,24.245,-0.001887,-0.008697,-0.002147,8.192,22.127,steady_run_2
8.270000,2,55,1905.57,3.7525,0.16072,32.07,50.048,4.273,213.87,24.994,24.246,-0.014855,-0.016083,0.009780,8.245,22.127,steady_run_2
8.275000,2,55,1910.79,3.8684,0.16586,33.19,50.044,4.357,218.03,24.995,24.247,-0.007880,-0.024659,0.011157,8.361,22.127,steady_run_2
8.280000,2,55,1929.20,3.9579,0.17372,35.10,50.054,4.175,208.99,24.997,24.248,0.029582,0.006319,-0.005531,8.334,22.127,steady_run_2
8.285000,2,55,1955.70,3.9963,0.17294,35.42,50.046,4.291,214.73,24.998,24.249,0.021197,0.028318,0.014204,8.463,22.127,steady_run_2
8.290000,2,55,1976.63,4.1861,0.17787,36.82,50.036,4.377,219.02,25.000,24.250,0.031452,0.028299,0.013162,8.491,22.127,steady_run_2
8.295000,2,55,1995.74,4.0565,0.18380,38.41,50.011,4.519,226.01,25.001,24.251,-0.017510,-0.000008,-0.008712,8.760,22.128,steady_run_2
8.300000,2,55,2000.15,4.1328,0.18620,39.00,50.038,4.414,220.89,25.003,24.252,-0.018266,-0.014832,0.003522,8.664,22.128,steady_run_2
8.305000,2,55,2035.53,4.3429,0.18684,39.83,50.034,4.647,232.50,25.005,24.254,-0.023999,-0.004708,-0.012239,8.918,22.128,steady_run_2
8.310000,2,55,2043.38,4.3515,0.18526,39.64,50.034,4.552,227.75,25.006,24.255,0.010955,0.018714,0.009417,8.877,22.128,steady_run_2
8.315000,2,55,2052.52,4.4507,0.19572,42.07,49.996,4.619,230.95,25.008,24.256,-0.004007,-0.007753,-0.003327,9.053,22.128,steady_run_2
8.320000,2,55,2062.27,4.4977,0.19374,41.84,50.040,4.532,226.77,25.010,24.257,-0.000476,0.013850,0.002359,9.002,22.128,steady_run_2
8.325000,2,55,2091.35,4.6115,0.20256,44.36,50.013,4.752,237.68,25.012,24.259,0.037808,0.020159,0.008771,9.146,22.128,steady_run_2
8.330000,2,55,2100.82,4.5990,0.20235,44.52,50.013,4.846,242.36,25.014,24.260,-0.018783,-0.016849,0.005371,9.222,22.128,steady_run_2
8.335000,2,55,2120.50,4.7420,0.19192,42.62,50.007,4.787,239.40,25.015,24.261,-0.010822,-0.031406,0.017709,9.363,22.128,steady_run_2
8.340000,2,55,2133.62,4.7275,0.20975,46.86,50.011,4.718,235.93,25.017,24.263,-0.010075,-0.035583,0.014734,9.171,22.128,steady_run_2
8.345000,2,55,2141.92,4.8746,0.20459,45.89,50.014,4.844,242.25,25.019,24.264,-0.018421,0.004853,-0.010009,9.238,22.128,steady_run_2
8.350000,2,55,2166.70,4.8620,0.21783,49.42,50.007,4.764,238.25,25.021,24.265,-0.006428,-0.025106,0.014502,9.312,22.128,steady_run_2
8.355000,2,55,2177.23,5.0045,0.21330,48.63,49.995,4.783,239.14,25.023,24.267,0.038667,0.014735,0.004653,9.410,22.128,steady_run_2
8.360000,2,55,2193.33,5.0794,0.20945,48.11,50.022,4.939,247.05,25.025,24.268,-0.012926,-0.028867,0.015348,9.674,22.128,steady_run_2
8.365000,2,55,2207.80,5.1169,0.21815,50.44,50.018,4.920,246.09,25.027,24.269,-0.031976,0.001528,-0.015910,9.541,22.128,steady_run_2
8.370000,2,55,2218.02,5.1700,0.22682,52.68,49.990,5.004,250.13,25.029,24.271,-0.001735,-0.005126,-0.008152,9.485,22.128,steady_run_2
8.375000,2,55,2238.93,5.2809,0.23819,55.85,49.993,5.116,255.78,25.031,24.273,-0.008147,-0.023885,0.010443,9.702,22.129,steady_run_2
8.380000,2,55,2246.11,5.2903,0.23208,54.59,49.983,5.120,255.92,25.033,24.274,-0.021292,-0.009993,-0.000086,9.895,22.129,steady_run_2
8.385000,2,55,2273.93,5.4349,0.23070,54.94,49.964,5.193,259.49,25.035,24.276,-0.029332,-0.000766,-0.015541,9.803,22.129,steady_run_2
8.390000,2,55,2280.37,5.4182,0.22657,54.11,49.968,5.199,259.77,25.038,24.277,-0.026135,0.002708,-0.013335,9.925,22.129,steady_run_2
8.395000,2,55,2285.17,5.5855,0.23270,55.69,49.971,5.135,256.61,25.040,24.279,-0.025837,-0.007982,-0.006834,10.140,22.129,steady_run_2
8.400000,2,55,2301.13,5.4628,0.24241,58.41,49.976,5.147,257.22,25.042,24.280,0.039579,0.024113,0.008446,10.130,22.129,steady_run_2
8.405000,2,55,2321.39,5.5945,0.24337,59.16,49.971,5.384,269.03,25.044,24.282,0.037350,0.015661,0.004550,10.118,22.129,steady_run_2
8.410000,2,55,2328.04,5.6091,0.25169,61.36,49.939,5.435,271.40,25.047,24.284,0.020165,0.002037,-0.017768,10.233,22.129,steady_run_2
8.415000,2,55,2340.96,5.6881,0.24809,60.82,49.955,5.280,263.75,25.049,24.286,0.019236,-0.002147,-0.017809,10.190,22.129,steady_run_2
8.420000,2,55,2359.61,5.8506,0.25067,61.94,49.960,5.546,277.09,25.051,24.287,0.038791,0.029753,0.012178,10.253,22.129,steady_run_2
8.425000,2,55,2366.51,5.8353,0.25354,62.83,49.953,5.351,267.32,25.054,24.289,0.019926,0.000121,-0.015420,10.307,22.129,steady_run_2
8.430000,2,55,2381.22,6.0056,0.25885,64.55,49.953,5.458,272.65,25.056,24.291,-0.010544,-0.034639,0.021478,10.363,22.129,steady_run_2
8.435000,2,55,2391.13,6.0514,0.25156,62.99,49.929,5.514,275.32,25.059,24.293,0.041703,0.024821,0.011092,10.447,22.129,steady_run_2
8.440000,2,55,2416.86,6.1617,0.25563,64.70,49.934,5.461,272.67,25.061,24.295,-0.001162,0.016686,0.004831,10.325,22.129,steady_run_2
8.445000,2,55,2412.72,6.2360,0.26103,65.95,49.964,5.519,275.73,25.064,24.296,-0.014048,-0.036874,0.020729,10.359,22.129,steady_run_2
8.450000,2,55,2429.57,6.2471,0.26419,67.22,49.935,5.708,285.03,25.066,24.298,0.042396,0.021488,0.006873,10.463,22.129,steady_run_2
8.455000,2,55,2444.00,6.2109,0.26935,68.94,49.940,5.581,278.71,25.069,24.300,0.000377,-0.003274,-0.012181,10.583,22.130,steady_run_2
8.460000,2,55,2457.86,6.2955,0.27546,70.90,49.937,5.612,280.24,25.071,24.302,-0.009619,-0.034806,0.016653,10.673,22.130,steady_run_2
8.465000,2,55,2471.76,6.3488,0.27535,71.27,49.929,5.665,282.84,25.074,24.304,-0.026246,-0.008246,-0.004420,10.834,22.130,steady_run_2
8.470000,2,55,2482.83,6.4936,0.27189,70.69,49.923,5.802,289.66,25.076,24.306,-0.005369,-0.024599,0.006692,10.815,22.130,steady_run_2
8.475000,2,55,2488.78,6.4624,0.27745,72.31,49.933,5.737,286.47,25.079,24.308,-0.010205,-0.034215,0.016408,10.894,22.130,steady_run_2
8.480000,2,55,2503.71,6.5059,0.28498,74.72,49.917,5.860,292.50,25.082,24.310,-0.030798,0.001190,-0.019818,10.942,22.130,steady_run_2
8.485000,2,55,2514.90,6.5564,0.28827,75.92,49.941,5.778,288.55,25.084,24.312,-0.020490,-0.029077,0.009185,11.017,22.130,steady_run_2
8.490000,2,55,2515.61,6.5691,0.28041,73.87,49.911,5.804,289.68,25.087,24.314,-0.007488,0.012513,0.000393,10.969,22.130,steady_run_2
8.495000,2,55,2537.03,6.6673,0.28765,76.42,49.904,5.852,292.05,25.090,24.316,0.037997,0.012397,0.001309,11.213,22.130,steady_run_2
8.500000,2,55,2530.07,6.6871,0.28775,76.24,49.910,5.903,294.60,25.092,24.318,-0.003183,-0.003177,-0.005565,11.041,22.130,steady_run_2
8.505000,2,55,2544.42,6.7601,0.29297,78.06,49.925,5.832,291.19,25.095,24.320,-0.023691,-0.021967,0.006400,11.047,22.130,steady_run_2
8.510000,2,55,2562.71,6.8544,0.30012,80.54,49.920,5.843,291.70,25.098,24.322,-0.005443,-0.019397,0.008768,11.107,22.130,steady_run_2
8.515000,2,55,2571.47,6.9765,0.28959,77.98,49.893,6.029,300.80,25.101,24.324,-0.014620,0.010630,-0.003936,11.225,22.130,steady_run_2
8.520000,2,55,2583.87,7.1021,0.29349,79.41,49.913,5.982,298.56,25.103,24.327,-0.023177,0.005538,-0.012516,11.245,22.130,steady_run_2
8.525000,2,55,2588.62,7.1011,0.30474,82.61,49.899,6.100,304.39,25.106,24.329,-0.035415,-0.002202,-0.017647,11.338,22.130,steady_run_2
8.530000,2,55,2602.26,7.0832,0.30439,82.95,49.902,6.031,300.96,25.109,24.331,-0.009232,0.013425,0.001094,11.403,22.130,steady_run_2
8.535000,2,55,2609.91,7.1623,0.30309,82.84,49.903,6.221,310.46,25.112,24.333,0.027946,0.002091,-0.012851,11.360,22.131,steady_run_2
8.540000,2,55,2615.25,7.2448,0.31396,85.98,49.897,6.128,305.75,25.115,24.335,0.034340,0.004434,-0.006620,11.368,22.131,steady_run_2
8.545000,2,55,2632.86,7.3489,0.31751,87.54,49.892,6.157,307.19,25.118,24.338,-0.005169,0.017825,0.002560,11.497,22.131,steady_run_2
8.550000,2,55,2627.47,7.3154,0.31986,88.01,49.855,6.170,307.63,25.121,24.340,-0.001002,-0.001623,-0.009529,11.568,22.131,steady_run_2
8.555000,2,55,2653.34,7.3764,0.31622,87.87,49.881,6.163,307.39,25.124,24.342,0.015106,-0.000787,-0.021938,11.516,22.131,steady_run_2
8.560000,2,55,2654.35,7.3773,0.31384,87.23,49.878,6.289,313.67,25.127,24.345,-0.023782,-0.017277,0.005647,11.549,22.131,steady_run_2
8.565000,2,55,2670.58,7.4685,0.31375,87.74,49.900,6.265,312.61,25.130,24.347,0.038361,0.009776,-0.005904,11.616,22.131,steady_run_2
8.570000,2,55,2673.31,7.5323,0.31955,89.46,49.895,6.166,307.66,25.133,24.349,-0.035707,0.001473,-0.016966,11.654,22.131,steady_run_2
8.575000,2,55,2683.06,7.6418,0.33234,93.38,49.874,6.429,320.66,25.136,24.352,-0.005085,-0.013092,-0.000292,11.737,22.131,steady_run_2
8.580000,2,55,2684.99,7.4871,0.33413,93.95,49.893,6.324,315.54,25.139,24.354,-0.007529,0.011713,-0.001002,11.620,22.131,steady_run_2
8.585000,2,55,2708.15,7.8374,0.33178,94.09,49.888,6.179,308.26,25.142,24.356,-0.008505,-0.024991,0.010920,11.780,22.131,steady_run_2
8.590000,2,55,2715.44,7.7148,0.33898,96.39,49.880,6.295,313.97,25.145,24.358,-0.034072,0.000301,-0.013280,11.832,22.131,steady_run_2
8.595000,2,55,2722.92,7.7185,0.33642,95.93,49.869,6.379,318.11,25.148,24.361,0.025314,0.035261,0.017545,11.882,22.131,steady_run_2
8.600000,2,55,2730.99,7.8978,0.33986,97.20,49.870,6.527,325.52,25.151,24.363,-0.004614,-0.012010,-0.002971,11.892,22.131,steady_run_2
8.605000,2,55,2738.92,7.9450,0.33356,95.67,49.872,6.480,323.15,25.154,24.366,-0.036491,0.001121,-0.017398,12.050,22.131,steady_run_2
8.610000,2,55,2736.30,7.8446,0.34675,99.36,49.902,6.353,317.01,25.157,24.368,-0.019525,-0.025378,0.012008,11.941,22.132,steady_run_2
8.615000,2,55,2748.87,7.9080,0.34299,98.73,49.853,6.480,323.05,25.161,24.371,-0.027855,-0.017740,0.003732,12.033,22.132,steady_run_2
8.620000,2,55,2760.68,7.9923,0.35613,102.96,49.866,6.578,328.01,25.164,24.373,-0.018633,-0.035650,0.020486,12.072,22.132,steady_run_2
8.625000,2,55,2760.96,8.0098,0.34629,100.12,49.878,6.467,322.56,25.167,24.375,-0.030277,0.002289,-0.015152,12.040,22.132,steady_run_2
8.630000,2,55,2770.90,7.9394,0.35547,103.15,49.849,6.400,319.02,25.170,24.378,-0.010868,-0.036082,0.018752,12.128,22.132,steady_run_2
8.635000,2,55,2778.35,8.1053,0.36088,105.00,49.877,6.532,325.78,25.173,24.380,-0.033569,0.005454,-0.022101,12.049,22.132,steady_run_2
8.640000,2,55,2793.59,8.0867,0.35167,102.88,49.860,6.754,336.73,25.177,24.383,0.026445,-0.000067,-0.015902,12.033,22.132,steady_run_2
8.645000,2,55,2793.76,8.1399,0.35326,103.35,49.848,6.699,333.93,25.180,24.386,-0.009689,-0.033209,0.018458,11.996,22.132,steady_run_2
8.650000,2,55,2810.02,8.3279,0.35644,104.89,49.878,6.519,325.16,25.183,24.388,0.046408,0.035569,0.017297,12.307,22.132,steady_run_2
8.655000,2,55,2809.66,8.3092,0.35373,104.08,49.834,6.651,331.43,25.187,24.391,0.024849,0.002172,-0.018719,12.249,22.132,steady_run_2
8.660000,2,55,2822.69,8.3381,0.36055,106.58,49.899,6.610,329.83,25.190,24.393,-0.000741,-0.001787,-0.011418,12.218,22.132,steady_run_2
8.665000,2,55,2830.56,8.4197,0.36777,109.01,49.861,6.756,336.84,25.193,24.396,-0.037123,-0.000342,-0.018884,12.422,22.132,steady_run_2
8.670000,2,55,2833.04,8.4035,0.36596,108.57,49.859,6.752,336.63,25.196,24.398,0.008133,-0.002223,-0.015681,12.279,22.132,steady_run_2
8.675000,2,55,2836.57,8.4863,0.35620,105.81,49.867,6.710,334.59,25.200,24.401,0.045323,0.037543,0.018589,12.272,22.132,steady_run_2
8.680000,2,55,2842.98,8.5582,0.36308,108.10,49.842,6.829,340.39,25.203,24.403,0.025948,-0.001595,-0.017029,12.356,22.132,steady_run_2
8.685000,2,55,2853.00,8.5616,0.36034,107.66,49.834,6.907,344.19,25.207,24.406,-0.004040,0.015545,0.006702,12.468,22.132,steady_run_2
8.690000,2,55,2855.51,8.5691,0.36557,109.31,49.848,6.734,335.69,25.210,24.409,-0.012313,-0.037119,0.020198,12.260,22.133,steady_run_2
8.695000,2,55,2873.21,8.6307,0.36631,110.22,49.843,6.976,347.71,25.214,24.412,0.007185,-0.003457,-0.018890,12.501,22.133,steady_run_2
8.700000,2,55,2886.90,8.7251,0.38160,115.37,49.851,6.902,344.08,25.217,24.414,-0.017670,-0.038475,0.020442,12.473,22.133,steady_run_2
8.705000,2,55,2884.48,8.7862,0.37618,113.63,49.800,7.024,349.79,25.221,24.417,-0.010761,-0.027298,0.009727,12.554,22.133,steady_run_2
8.710000,2,55,2884.70,8.7152,0.37605,113.60,49.857,6.924,345.23,25.224,24.420,-0.039908,-0.002194,-0.010307,12.627,22.133,steady_run_2
8.715000,2,55,2895.36,8.8291,0.37101,112.49,49.838,6.924,345.10,25.228,24.422,-0.010722,-0.037220,0.020563,12.627,22.133,steady_run_2
8.720000,2,55,2902.17,8.8058,0.38653,117.47,49.824,6.913,344.43,25.231,24.425,-0.039923,0.003017,-0.019222,12.741,22.133,steady_run_2
8.725000,2,55,2909.33,8.8621,0.38226,116.46,49.819,7.003,348.90,25.235,24.428,0.029789,0.041640,0.019711,12.588,22.133,steady_run_2
8.730000,2,55,2904.13,8.9275,0.37787,114.92,49.824,6.915,344.53,25.238,24.431,-0.012184,-0.036416,0.021492,12.582,22.133,steady_run_2
8.735000,2,55,2915.04,8.8949,0.37036,113.06,49.803,6.971,347.16,25.242,24.433,0.006590,-0.003219,-0.016677,12.640,22.133,steady_run_2
8.740000,2,55,2929.47,8.9552,0.39385,120.82,49.790,7.019,349.50,25.245,24.436,-0.029177,-0.011542,-0.006028,12.739,22.133,steady_run_2
8.745000,2,55,2941.03,9.0750,0.38179,117.58,49.817,7.008,349.13,25.249,24.439,-0.022062,-0.027983,0.013261,12.733,22.133,steady_run_2
8.750000,2,55,2944.72,9.0557,0.38639,119.15,49.848,7.001,348.98,25.252,24.442,-0.001846,-0.012451,-0.004095,12.794,22.133,steady_run_2
8.755000,2,55,2946.33,9.0006,0.39317,121.31,49.818,7.039,350.69,25.256,24.444,-0.022332,0.008689,-0.008917,12.865,22.133,steady_run_2
8.760000,2,55,2949.91,9.1307,0.39799,122.95,49.823,7.128,355.15,25.259,24.447,-0.028420,-0.018562,0.002914,12.882,22.133,steady_run_2
8.765000,2,55,2960.45,9.1236,0.39948,123.85,49.824,7.143,355.87,25.263,24.450,-0.008906,-0.017327,0.006072,12.963,22.133,steady_run_2
8.770000,2,55,2959.95,9.3033,0.38960,120.76,49.815,7.029,350.17,25.267,24.453,-0.024128,-0.029591,0.011359,12.726,22.133,steady_run_2
8.775000,2,55,2959.66,9.2274,0.39785,123.31,49.809,7.122,354.75,25.270,24.456,-0.033469,0.001089,-0.021316,12.851,22.134,steady_run_2
8.780000,2,55,2965.05,9.2650,0.39335,122.13,49.827,7.215,359.51,25.274,24.458,-0.027238,-0.001909,-0.016480,12.867,22.134,steady_run_2
8.785000,2,55,2966.90,9.3058,0.40011,124.31,49.815,7.241,360.69,25.278,24.461,-0.000840,-0.002481,-0.011953,12.831,22.134,steady_run_2
8.790000,2,55,2982.94,9.3418,0.39625,123.78,49.785,7.255,361.20,25.281,24.464,0.010199,0.028007,0.014931,12.936,22.134,steady_run_2
8.795000,2,55,2984.92,9.4541,0.38640,120.78,49.825,7.075,352.51,25.285,24.467,-0.014838,-0.036387,0.019396,12.922,22.134,steady_run_2
8.800000,2,55,2997.70,9.3911,0.39811,124.98,49.820,7.213,359.35,25.288,24.470,-0.021454,-0.028789,0.008797,12.935,22.134,steady_run_2
8.805000,2,55,2988.51,9.4115,0.39693,124.22,49.812,7.142,355.77,25.292,24.473,-0.013620,-0.040225,0.020922,13.048,22.134,steady_run_2
8.810000,2,55,3000.45,9.4353,0.39309,123.51,49.807,7.222,359.71,25.296,24.476,-0.016350,-0.040925,0.022570,13.089,22.134,steady_run_2
8.815000,2,55,3014.16,9.6090,0.41524,131.07,49.805,7.288,362.99,25.300,24.479,-0.040815,0.001797,-0.020409,13.142,22.134,steady_run_2
8.820000,2,55,3005.58,9.5481,0.41019,129.11,49.815,7.230,360.15,25.303,24.481,-0.038426,-0.000393,-0.020565,12.963,22.134,steady_run_2
8.825000,2,55,3018.35,9.6003,0.41930,132.53,49.786,7.290,362.95,25.307,24.484,-0.013402,0.012597,-0.003663,13.088,22.134,steady_run_2
8.830000,2,55,3023.68,9.6285,0.40235,127.40,49.803,7.300,363.58,25.311,24.487,0.004164,0.024282,0.009802,13.159,22.134,steady_run_2
8.835000,2,55,3020.22,9.5786,0.40575,128.33,49.824,7.206,359.04,25.314,24.490,-0.032391,-0.007574,-0.005189,13.198,22.134,steady_run_2
8.840000,2,55,3032.41,9.5935,0.42344,134.46,49.767,7.427,369.63,25.318,24.493,-0.038613,0.002894,-0.015953,12.992,22.134,steady_run_2
8.845000,2,55,3037.24,9.6350,0.40536,128.93,49.769,7.452,370.89,25.322,24.496,-0.034331,-0.006188,-0.011709,13.220,22.134,steady_run_2
8.850000,2,55,3037.78,9.7117,0.41179,131.00,49.784,7.423,369.55,25.326,24.499,0.033463,0.041056,0.021669,13.334,22.134,steady_run_2
8.855000,2,55,3037.52,9.7436,0.42184,134.18,49.825,7.248,361.15,25.329,24.502,0.026072,-0.001459,-0.020514,13.237,22.135,steady_run_2
8.860000,2,55,3043.08,9.6906,0.43320,138.05,49.805,7.279,362.52,25.333,24.505,0.010671,-0.000299,-0.020909,13.254,22.135,steady_run_2
8.865000,2,55,3055.25,9.7350,0.40694,130.20,49.816,7.421,369.70,25.337,24.508,-0.001860,-0.006260,-0.010703,13.189,22.135,steady_run_2
8.870000,2,55,3050.60,9.8507,0.41170,131.52,49.775,7.312,363.94,25.341,24.511,0.003101,0.021161,0.006892,13.222,22.135,steady_run_2
8.875000,2,55,3063.29,9.7422,0.42951,137.78,49.824,7.527,375.01,25.345,24.514,0.045218,0.041461,0.022555,13.330,22.135,steady_run_2
8.880000,2,55,3073.30,9.8862,0.40702,130.99,49.789,7.321,364.50,25.348,24.517,-0.038209,0.000928,-0.022806,13.365,22.135,steady_run_2
8.885000,2,55,3064.78,9.8703,0.42264,135.64,49.782,7.413,369.01,25.352,24.520,-0.040227,0.001702,-0.021399,13.276,22.135,steady_run_2
8.890000,2,55,3070.15,9.9885,0.42163,135.56,49.795,7.385,367.76,25.356,24.523,-0.025472,0.006000,-0.015018,13.454,22.135,steady_run_2
8.895000,2,55,3084.70,9.9915,0.42714,137.98,49.769,7.433,369.93,25.360,24.526,0.021537,-0.001004,-0.022518,13.372,22.135,steady_run_2
8.900000,2,55,3075.12,9.8628,0.43029,138.56,49.780,7.481,372.39,25.364,24.529,0.048175,0.034580,0.015747,13.244,22.135,steady_run_2
8.905000,2,55,3080.57,9.8740,0.42643,137.57,49.772,7.591,377.82,25.367,24.532,0.044032,0.014792,-0.001601,13.359,22.135,steady_run_2
8.910000,2,55,3090.39,9.9676,0.43986,142.35,49.793,7.502,373.56,25.371,24.535,-0.018815,0.007793,-0.009441,13.466,22.135,steady_run_2
8.915000,2,55,3092.86,9.9949,0.43051,139.44,49.777,7.430,369.84,25.375,24.538,-0.010399,-0.038258,0.021642,13.484,22.135,steady_run_2
8.920000,2,55,3095.68,10.1066,0.42484,137.72,49.786,7.564,376.56,25.379,24.541,0.044584,0.012130,-0.005511,13.370,22.135,steady_run_2
8.925000,2,55,3103.10,10.1251,0.43009,139.76,49.778,7.598,378.22,25.383,24.544,-0.014356,-0.042117,0.023137,13.465,22.135,steady_run_2
8.930000,2,55,3110.52,10.0940,0.43865,142.88,49.768,7.617,379.10,25.387,24.547,-0.008992,0.014016,-0.002198,13.543,22.135,steady_run_2
8.935000,2,55,3110.48,10.1418,0.43330,141.14,49.759,7.573,376.81,25.391,24.550,0.047278,0.014084,-0.000784,13.500,22.136,steady_run_2
8.940000,2,55,3112.46,10.1570,0.43172,140.71,49.784,7.659,381.28,25.395,24.553,-0.034715,-0.000847,-0.014728,13.537,22.136,steady_run_2
8.945000,2,55,3108.48,10.2209,0.44022,143.30,49.789,7.547,375.75,25.399,24.556,-0.001358,-0.005809,-0.009018,13.525,22.136,steady_run_2
8.950000,2,55,3121.56,10.2776,0.43124,140.97,49.769,7.732,384.81,25.403,24.559,-0.021300,-0.039106,0.017877,13.512,22.136,steady_run_2
8.955000,2,55,3121.56,10.2394,0.43768,143.07,49.781,7.530,374.83,25.407,24.562,-0.030797,0.001801,-0.014757,13.684,22.136,steady_run_2
8.960000,2,55,3125.82,10.3280,0.44405,145.35,49.788,7.552,375.98,25.410,24.565,-0.039869,0.000663,-0.023288,13.586,22.136,steady_run_2
8.965000,2,55,3136.76,10.3070,0.44264,145.40,49.788,7.549,375.86,25.414,24.568,-0.031113,-0.020601,0.006832,13.591,22.136,steady_run_2
8.970000,2,55,3130.32,10.2712,0.43232,141.72,49.784,7.655,381.10,25.418,24.571,0.001326,0.022832,0.009727,13.569,22.136,steady_run_2
8.975000,2,55,3140.36,10.3618,0.44157,145.21,49.767,7.592,377.83,25.422,24.574,-0.036764,-0.004419,-0.011421,13.663,22.136,steady_run_2
8.980000,2,55,3141.12,10.4443,0.43855,144.25,49.773,7.711,383.79,25.426,24.578,0.045200,0.041976,0.021457,13.710,22.136,steady_run_2
8.985000,2,55,3148.88,10.4048,0.44157,145.61,49.768,7.720,384.23,25.430,24.581,-0.015582,-0.041893,0.021872,13.705,22.136,steady_run_2
8.990000,2,55,3143.75,10.2963,0.44509,146.53,49.757,7.770,386.63,25.434,24.584,0.022992,0.041185,0.020233,13.737,22.136,steady_run_2
8.995000,2,55,3156.40,10.4245,0.44958,148.60,49.777,7.788,387.64,25.438,24.587,0.049866,0.020217,0.001204,13.723,22.136,steady_run_2
9.000000,2,55,3156.75,10.5081,0.44473,147.02,49.767,7.771,386.74,25.442,24.590,-0.012824,-0.031973,inf,13.733,22.136,steady_run_2
9.005000,2,55,3155.79,10.4651,0.44566,147.28,49.758,7.874,391.80,25.446,24.593,-0.022124,-0.039909,0.016334,13.757,22.136,steady_run_2
9.010000,2,55,3158.70,10.6141,0.44774,148.10,49.756,7.660,381.15,25.450,24.596,0.015962,-0.000388,-0.023470,13.829,22.136,steady_run_2
9.015000,2,55,3162.86,10.4928,0.44519,147.45,49.761,7.755,385.90,25.454,24.600,0.043465,0.008808,-0.006519,13.750,22.137,steady_run_2
9.020000,2,55,3161.99,10.6006,0.44839,148.47,49.753,7.786,387.39,25.458,24.603,0.011552,0.000817,-0.021543,13.773,22.137,steady_run_2
9.025000,2,55,3169.50,10.4535,0.45406,150.71,49.760,7.809,388.60,25.462,24.606,-0.039578,-0.005161,-0.011544,13.801,22.137,steady_run_2
9.030000,2,55,3167.50,10.4958,0.44734,148.38,49.775,7.764,386.44,25.466,24.609,-0.034536,-0.011734,-0.001102,13.706,22.137,steady_run_2
9.035000,2,55,3169.27,10.5752,0.45369,150.57,49.763,7.765,386.42,25.470,24.612,0.038947,0.005405,-0.011321,13.670,22.137,steady_run_2
9.040000,2,55,3170.64,10.5438,0.45245,150.23,49.753,7.729,384.55,25.474,24.615,-0.032972,-0.012687,-0.004333,13.741,22.137,steady_run_2
9.045000,2,55,3188.27,10.7194,0.46154,154.10,49.760,7.906,393.38,25.478,24.619,-0.019758,-0.040824,0.018925,13.863,22.137,steady_run_2
9.050000,2,55,3188.68,10.7673,0.45529,152.03,49.757,7.859,391.03,25.482,24.622,-0.007678,0.017401,-0.000122,13.881,22.137,steady_run_2
9.055000,2,55,3193.13,10.7144,0.45926,153.57,49.791,7.810,388.87,25.486,24.625,-0.030341,0.004328,-0.015545,13.953,22.137,steady_run_2
9.060000,2,55,3185.71,10.6238,0.46115,153.84,49.768,7.855,390.94,25.491,24.628,0.022689,0.037156,0.018083,13.850,22.137,steady_run_2
9.065000,2,55,3192.17,10.6756,0.45507,152.12,49.734,7.848,390.32,25.495,24.631,0.030299,-0.002186,-0.019103,13.890,22.137,steady_run_2
9.070000,2,55,3201.00,10.8920,0.46522,155.94,49.736,8.002,397.99,25.499,24.635,-0.031683,0.005135,-0.018733,13.858,22.137,steady_run_2
9.075000,2,55,3183.43,10.7154,0.45842,152.82,49.768,7.721,384.27,25.503,24.638,-0.010759,-0.024337,0.011035,13.981,22.137,steady_run_2
9.080000,2,55,3197.72,10.7540,0.46811,156.75,49.751,7.741,385.11,25.507,24.641,-0.022071,0.003174,-0.008087,13.853,22.137,steady_run_2
9.085000,2,55,3200.48,10.7168,0.47637,159.66,49.711,7.943,394.87,25.511,24.644,-0.018512,-0.045460,0.021664,13.898,22.137,steady_run_2
9.090000,2,55,3202.60,10.7174,0.45658,153.13,49.761,7.779,387.10,25.515,24.647,0.047636,0.022386,0.005233,13.967,22.137,steady_run_2
9.095000,2,55,3217.94,10.9372,0.45736,154.12,49.750,8.031,399.56,25.519,24.650,-0.041691,0.003250,-0.020639,13.936,22.137,steady_run_2
9.100000,2,55,3217.26,10.8487,0.46617,157.06,49.730,7.883,392.00,25.523,24.653,-0.009878,0.014043,0.000250,14.033,22.138,steady_run_2
9.105000,2,55,3219.55,10.9071,0.45491,153.37,49.733,7.917,393.73,25.527,24.657,-0.014875,-0.045428,0.020272,14.001,22.138,steady_run_2
9.110000,2,55,3222.12,10.9254,0.46608,157.27,49.746,8.013,398.60,25.531,24.660,0.044452,0.008431,-0.007838,14.102,22.138,steady_run_2
9.115000,2,55,3212.96,10.8012,0.45666,153.65,49.764,7.904,393.35,25.535,24.663,0.042957,0.041721,0.023383,13.892,22.138,steady_run_2
9.120000,2,55,3226.63,10.9030,0.47408,160.19,49.728,7.936,394.65,25.539,24.666,-0.006242,-0.016015,0.000045,13.937,22.138,steady_run_2
9.125000,2,55,3222.28,10.9602,0.47385,159.90,49.749,8.025,399.23,25.544,24.670,0.030044,0.040810,0.025310,14.022,22.138,steady_run_2
9.130000,2,55,3222.66,10.8184,0.46511,156.96,49.743,7.963,396.10,25.548,24.673,0.006273,-0.002436,-0.018464,14.022,22.138,steady_run_2
9.135000,2,55,3231.01,10.9571,0.46421,157.07,49.726,8.005,398.06,25.552,24.676,-0.021722,0.006546,-0.007642,14.055,22.138,steady_run_2
9.140000,2,55,3228.82,10.9816,0.46718,157.96,49.748,7.919,393.93,25.556,24.679,-0.039061,0.003795,-0.018625,14.034,22.138,steady_run_2
9.145000,2,55,3240.18,11.0290,0.47353,160.68,49.747,7.952,395.59,25.560,24.682,-0.036443,0.003505,-0.021619,14.066,22.138,steady_run_2
9.150000,2,55,3229.90,10.9189,0.47429,160.42,49.741,8.089,402.38,25.564,24.686,-0.011173,-0.043723,0.020669,14.078,22.138,steady_run_2
9.155000,2,55,3233.09,10.8328,0.47551,160.99,49.746,7.964,396.17,25.568,24.689,0.021273,-0.002207,-0.022300,14.126,22.138,steady_run_2
9.160000,2,55,3237.81,11.0542,0.47617,161.45,49.767,7.847,390.53,25.572,24.692,0.024304,-0.000489,-0.020031,14.167,22.138,steady_run_2
9.165000,2,55,3248.32,11.0669,0.47729,162.36,49.736,8.009,398.33,25.576,24.695,0.050473,0.027063,0.007820,14.092,22.138,steady_run_2
9.170000,2,55,3244.95,10.9642,0.47372,160.98,49.713,8.054,400.40,25.581,24.699,-0.016147,0.011846,-0.004952,14.119,22.138,steady_run_2
9.175000,2,55,3234.28,11.0078,0.47526,160.97,49.751,7.938,394.93,25.585,24.702,-0.013310,-0.044329,0.025942,14.048,22.138,steady_run_2
9.180000,2,55,3253.61,11.1180,0.47517,161.90,49.734,8.012,398.46,25.589,24.705,-0.041363,0.004028,-0.021393,14.021,22.139,steady_run_2
9.185000,2,55,3249.14,11.0548,0.47063,160.13,49.741,8.057,400.75,25.593,24.708,0.004658,-0.004682,-0.016547,14.128,22.139,steady_run_2
9.190000,2,55,3250.14,11.0789,0.47471,161.57,49.734,8.027,399.23,25.597,24.711,-0.042319,0.002029,-0.024292,14.096,22.139,steady_run_2
9.195000,2,55,3251.47,11.0338,0.49131,167.29,49.733,7.976,396.65,25.601,24.715,0.029352,-0.002060,-0.021512,14.138,22.139,steady_run_2
9.200000,2,55,3252.72,11.2199,0.47469,161.69,49.735,7.927,394.27,25.605,24.718,-0.037599,-0.002114,-0.010462,14.178,22.139,steady_run_2
9.205000,2,55,3263.03,11.1490,0.48298,165.04,49.752,8.152,405.57,25.610,24.721,-0.016856,-0.044867,0.021480,14.220,22.139,steady_run_2
9.210000,2,55,3262.44,11.2455,0.47531,162.38,49.756,8.105,403.30,25.614,24.724,-0.043714,-0.001031,-0.021804,14.030,22.139,steady_run_2
9.215000,2,55,3256.49,11.2349,0.46678,159.18,49.747,8.071,401.51,25.618,24.728,0.049746,0.035426,0.016463,14.223,22.139,steady_run_2
9.220000,2,55,3260.45,11.1458,0.48396,165.24,49.748,7.962,396.09,25.622,24.731,0.020121,0.034874,0.018172,14.294,22.139,steady_run_2
9.225000,2,55,3272.14,11.2842,0.47289,162.04,49.712,8.167,405.99,25.626,24.734,0.041693,0.042922,0.023186,14.152,22.139,steady_run_2
9.230000,2,55,3256.26,11.1312,0.48549,165.55,49.723,8.046,400.05,25.630,24.737,-0.022725,0.007259,-0.010616,14.174,22.139,steady_run_2
9.235000,2,55,3268.83,11.2574,0.48381,165.61,49.727,8.136,404.58,25.634,24.741,0.051074,0.040725,0.018165,14.235,22.139,steady_run_2
9.240000,2,55,3264.98,11.1686,0.47771,163.33,49.754,8.131,404.53,25.639,24.744,-0.040323,0.001497,-0.024032,14.095,22.139,steady_run_2
9.245000,2,55,3273.67,11.2623,0.47881,164.14,49.724,8.083,401.94,25.643,24.747,-0.002013,-0.005441,-0.008646,14.116,22.139,steady_run_2
9.250000,2,55,3270.84,11.3197,0.47588,163.00,49.747,7.990,397.50,25.647,24.750,0.040592,-0.000076,-0.015505,14.105,22.139,steady_run_2
9.255000,2,55,3266.09,11.2211,0.48609,166.26,49.724,8.118,403.66,25.651,24.754,-0.044731,0.002708,-0.022118,14.246,22.139,steady_run_2
9.260000,2,55,3276.88,11.3467,0.48594,166.75,49.733,8.175,406.58,25.655,24.757,-0.037373,-0.007891,-0.006972,14.271,22.139,steady_run_2
9.265000,2,55,3276.00,11.2890,0.48889,167.72,49.742,8.074,401.64,25.659,24.760,-0.035888,0.001392,-0.021737,14.239,22.140,steady_run_2
9.270000,2,55,3267.17,11.2374,0.47446,162.33,49.744,8.096,402.72,25.664,24.763,-0.040238,0.002565,-0.019401,14.211,22.140,steady_run_2
9.275000,2,55,3285.11,11.2839,0.48538,166.98,49.711,8.134,404.33,25.668,24.766,-0.040601,0.002775,-0.023809,14.308,22.140,steady_run_2
9.280000,2,55,3276.77,11.2400,0.48276,165.66,49.728,8.125,404.02,25.672,24.770,-0.039895,0.003657,-0.024096,14.115,22.140,steady_run_2
9.285000,2,55,3286.05,11.3550,0.49063,168.83,49.742,8.156,405.70,25.676,24.773,-0.011799,-0.037481,0.017046,14.412,22.140,steady_run_2
9.290000,2,55,3287.21,11.3271,0.50150,172.63,49.745,8.069,401.41,25.680,24.776,-0.003157,0.018400,0.005778,14.370,22.140,steady_run_2
9.295000,2,55,3292.57,11.3131,0.48398,166.87,49.705,8.199,407.51,25.684,24.779,0.039666,0.047226,0.023182,14.249,22.140,steady_run_2
9.300000,2,55,3292.13,11.4307,0.47770,164.69,49.718,8.203,407.86,25.689,24.783,0.032329,-0.001630,-0.019854,14.241,22.140,steady_run_2
9.305000,2,55,3295.87,11.4427,0.48669,167.98,49.727,8.241,409.79,25.693,24.786,0.046854,0.039886,0.016254,14.387,22.140,steady_run_2
9.310000,2,55,3285.60,11.3001,0.48938,168.38,49.740,8.158,405.78,25.697,24.789,-0.043019,0.000465,-0.026571,14.281,22.140,steady_run_2
9.315000,2,55,3299.29,11.3334,0.49009,169.33,49.708,8.365,415.80,25.701,24.793,0.047283,0.013092,-0.006803,14.331,22.140,steady_run_2
9.320000,2,55,3306.84,11.4984,0.49747,172.27,49.718,8.156,405.51,25.705,24.796,-0.025811,-0.028483,0.012481,14.282,22.140,steady_run_2
9.325000,2,55,3301.45,11.4709,0.50575,174.85,49.732,8.193,407.44,25.710,24.799,0.045174,0.045490,0.021194,14.371,22.140,steady_run_2
9.330000,2,55,3288.57,11.3079,0.49282,169.72,49.725,8.164,405.95,25.714,24.802,0.008353,-0.005353,-0.019740,14.376,22.140,steady_run_2
9.335000,2,55,3294.89,11.3609,0.48396,166.99,49.711,8.238,409.50,25.718,24.806,-0.019311,-0.041021,0.019861,14.314,22.140,steady_run_2
9.340000,2,55,3295.19,11.4439,0.49669,171.39,49.707,8.219,408.53,25.722,24.809,-0.014206,0.015612,0.001908,14.238,22.140,steady_run_2
9.345000,2,55,3302.87,11.4776,0.48388,167.36,49.729,8.158,405.71,25.726,24.812,-0.001713,-0.010246,-0.007789,14.313,22.140,steady_run_2
9.350000,2,55,3307.12,11.4108,0.49160,170.25,49.746,8.221,408.97,25.731,24.816,0.010743,-0.001139,-0.020953,14.433,22.141,steady_run_2
9.355000,2,55,3302.24,11.5415,0.48762,168.62,49.705,8.102,402.74,25.735,24.819,-0.035843,0.002211,-0.019693,14.426,22.141,steady_run_2
9.360000,2,55,3310.80,11.4542,0.47897,166.06,49.732,8.082,401.96,25.739,24.822,-0.009952,-0.026122,0.009341,14.366,22.141,steady_run_2
9.365000,2,55,3299.00,11.4524,0.48640,168.04,49.753,8.161,406.01,25.743,24.825,-0.020687,0.007847,-0.006923,14.206,22.141,steady_run_2
9.370000,2,55,3308.09,11.3979,0.48794,169.03,49.750,8.238,409.86,25.747,24.828,-0.018652,-0.042152,0.020121,14.318,22.141,steady_run_2
9.375000,2,55,3308.10,11.4558,0.48887,169.36,49.715,8.293,412.30,25.751,24.832,-0.032393,0.005044,-0.017946,14.320,22.141,steady_run_2
9.380000,2,55,3313.14,11.4557,0.49019,170.07,49.699,8.312,413.12,25.756,24.835,-0.010205,0.013458,0.000980,14.407,22.141,steady_run_2
9.385000,2,55,3315.69,11.5629,0.50096,173.94,49.715,8.220,408.64,25.760,24.838,-0.019851,-0.038966,0.019245,14.372,22.141,steady_run_2
9.390000,2,55,3325.51,11.7499,0.49482,172.32,49.698,8.390,416.95,25.764,24.842,-0.006415,-0.011020,-0.002122,14.455,22.141,steady_run_2
9.395000,2,55,3313.41,11.5827,0.50355,174.72,49.730,8.097,402.68,25.768,24.845,-0.042983,-0.000421,-0.025355,14.405,22.141,steady_run_2
9.400000,2,55,3315.59,11.5300,0.49808,172.94,49.730,8.232,409.39,25.772,24.848,-0.005212,-0.014607,-0.002637,14.425,22.141,steady_run_2
9.405000,2,55,3323.35,11.6512,0.48852,170.01,49.727,8.204,407.97,25.777,24.851,-0.019701,0.009040,-0.007479,14.428,22.141,steady_run_2
9.410000,2,55,3315.37,11.4958,0.48140,167.13,49.718,8.221,408.73,25.781,24.855,-0.006350,0.017603,0.000164,14.446,22.141,steady_run_2
9.415000,2,55,3328.05,11.6656,0.50363,175.52,49.725,8.341,414.74,25.785,24.858,0.045023,0.010565,-0.009309,14.494,22.141,steady_run_2
9.420000,2,55,3314.96,11.6057,0.49051,170.27,49.713,8.290,412.12,25.789,24.861,-0.004779,-0.012833,-0.000000,14.496,22.141,steady_run_2
9.425000,2,55,3319.64,11.7112,0.49509,172.11,49.714,8.383,416.76,25.794,24.864,-0.009984,-0.014244,0.002652,14.422,22.141,steady_run_2
9.430000,2,55,3315.93,11.6207,0.48340,167.86,49.728,8.194,407.48,25.798,24.868,0.050728,0.032280,0.013066,14.444,22.141,steady_run_2
9.435000,2,55,3331.84,11.6988,0.49730,173.51,49.709,8.448,419.93,25.802,24.871,-0.018367,0.007780,-0.006250,14.546,22.142,steady_run_2
9.440000,2,55,3329.31,11.7187,0.50264,175.24,49.722,8.279,411.66,25.806,24.874,-0.042652,0.001497,-0.023521,14.405,22.142,steady_run_2
9.445000,2,55,3326.57,11.6825,0.49120,171.11,49.725,8.175,406.50,25.810,24.877,-0.027939,-0.033253,0.013621,14.589,22.142,steady_run_2
9.450000,2,55,3324.30,11.6844,0.50050,174.24,49.702,8.302,412.61,25.814,24.881,-0.014057,-0.044450,0.021878,14.506,22.142,steady_run_2
9.455000,2,55,3330.89,11.6006,0.50132,174.86,49.727,8.283,411.91,25.819,24.884,-0.031319,0.001506,-0.017655,14.575,22.142,steady_run_2
9.460000,2,55,3331.58,11.7101,0.50525,176.27,49.733,8.225,409.03,25.823,24.887,0.031970,-0.002887,-0.020659,14.466,22.142,steady_run_2
9.465000,2,55,3332.43,11.6737,0.50195,175.17,49.736,8.249,410.27,25.827,24.890,-0.032530,-0.022151,0.004090,14.439,22.142,steady_run_2
9.470000,2,55,3336.88,11.6773,0.50264,175.64,49.703,8.344,414.72,25.831,24.894,-0.030142,-0.028377,0.008435,14.550,22.142,steady_run_2
9.475000,2,55,3332.14,11.7023,0.48784,170.23,49.699,8.346,414.79,25.835,24.897,0.050820,0.016586,-0.000903,14.550,22.142,steady_run_2
9.480000,2,55,3331.60,11.6878,0.49557,172.90,49.722,8.201,407.79,25.840,24.900,0.003001,-0.004469,-0.017193,14.498,22.142,steady_run_2
9.485000,2,55,3337.37,11.6289,0.50371,176.04,49.701,8.271,411.08,25.844,24.903,-0.018665,-0.045721,0.023038,14.662,22.142,steady_run_2
9.490000,2,55,3331.93,11.6038,0.49517,172.78,49.685,8.404,417.54,25.848,24.907,0.010643,0.027048,0.011921,14.419,22.142,steady_run_2
9.495000,2,55,3347.16,11.7364,0.50593,177.33,49.716,8.425,418.85,25.852,24.910,-0.030225,-0.017394,0.005357,14.492,22.142,steady_run_2
9.500000,2,55,3351.18,11.7488,0.50071,175.72,49.731,8.362,415.84,25.857,24.913,-0.018793,-0.042971,0.023693,14.571,22.142,steady_run_2
9.505000,2,55,3342.05,11.7474,0.49338,172.67,49.712,8.238,409.53,25.861,24.917,-0.002188,-0.011077,-0.003887,14.522,22.142,steady_run_2
9.510000,2,55,3342.04,11.7160,0.50931,178.25,49.709,8.419,418.50,25.865,24.920,-0.038890,-0.011985,-0.000625,14.453,22.142,steady_run_2
9.515000,2,55,3343.11,11.7467,0.50625,177.23,49.729,8.483,421.83,25.869,24.923,0.054311,0.030702,0.011548,14.535,22.142,steady_run_2
9.520000,2,55,3348.95,11.7196,0.50124,175.78,49.742,8.243,410.04,25.873,24.926,0.007291,-0.001291,-0.022151,14.520,22.143,steady_run_2
9.525000,2,55,3331.62,11.7263,0.49859,173.95,49.713,8.313,413.26,25.878,24.930,-0.029681,0.003263,-0.017398,14.554,22.143,steady_run_2
9.530000,2,55,3341.83,11.8169,0.49932,174.74,49.706,8.474,421.19,25.882,24.933,-0.044932,0.001498,-0.021291,14.665,22.143,steady_run_2
9.535000,2,55,3344.50,11.7114,0.50451,176.70,49.710,8.366,415.86,25.886,24.936,-0.013895,-0.029953,0.011825,14.554,22.143,steady_run_2
9.540000,2,55,3347.86,11.8028,0.50172,175.90,49.709,8.333,414.24,25.890,24.939,0.025421,-0.000877,-0.023283,14.583,22.143,steady_run_2
9.545000,2,55,3351.12,11.7919,0.49776,174.68,49.724,8.350,415.20,25.894,24.943,0.047854,0.039760,0.020783,14.739,22.143,steady_run_2
9.550000,2,55,3352.39,11.7871,0.51242,179.89,49.744,8.351,415.43,25.899,24.946,-0.015594,-0.044836,0.023574,14.567,22.143,steady_run_2
9.555000,2,55,3350.51,11.7141,0.49166,172.50,49.711,8.441,419.60,25.903,24.949,-0.015787,-0.046930,0.027446,14.578,22.143,steady_run_2
9.560000,2,55,3346.19,11.7002,0.49372,173.00,49.693,8.287,411.81,25.907,24.952,0.052382,0.032571,0.012971,14.568,22.143,steady_run_2
9.565000,2,55,3345.48,11.6879,0.49635,173.89,49.703,8.365,415.78,25.911,24.956,0.016503,-0.002915,-0.020959,14.535,22.143,steady_run_2
9.570000,2,55,3350.08,11.8731,0.51040,179.06,49.726,8.369,416.14,25.915,24.959,0.017834,-0.004332,-0.025354,14.582,22.143,steady_run_2
9.575000,2,55,3357.17,11.8297,0.51337,180.48,49.718,8.443,419.77,25.920,24.962,-0.041632,-0.004030,-0.012070,14.693,22.143,steady_run_2
9.580000,2,55,3346.16,11.8498,0.49913,174.90,49.703,8.409,417.98,25.924,24.966,0.033194,0.005115,-0.016243,14.614,22.143,steady_run_2
9.585000,2,55,3351.01,11.7608,0.50356,176.71,49.708,8.215,408.36,25.928,24.969,0.019576,-0.004238,-0.025099,14.658,22.143,steady_run_2
9.590000,2,55,3340.11,11.6246,0.50163,175.46,49.715,8.398,417.51,25.932,24.972,-0.035950,0.001821,-0.020869,14.552,22.143,steady_run_2
9.595000,2,55,3355.92,11.9387,0.50067,175.95,49.693,8.431,418.95,25.936,24.975,-0.031090,-0.027198,0.009153,14.615,22.143,steady_run_2
9.600000,2,55,3358.18,11.7209,0.51837,182.29,49.743,8.363,415.99,25.941,24.978,0.022716,-0.004315,-0.023707,14.529,22.143,steady_run_2
9.605000,2,55,3353.22,11.6964,0.49777,174.79,49.712,8.489,422.02,25.945,24.982,-0.043190,0.002281,-0.021770,14.599,22.144,steady_run_2
9.610000,2,55,3351.79,11.9167,0.50629,177.71,49.719,8.407,418.00,25.949,24.985,-0.040486,0.001227,-0.021958,14.634,22.144,steady_run_2
9.615000,2,55,3367.31,11.9621,0.49984,176.26,49.707,8.461,420.58,25.953,24.988,-0.019446,-0.043894,0.020462,14.632,22.144,steady_run_2
9.620000,2,55,3356.49,11.8556,0.49481,173.92,49.715,8.464,420.77,25.958,24.992,0.052381,0.033707,0.013903,14.557,22.144,steady_run_2
9.625000,2,55,3355.80,11.7521,0.51827,182.13,49.711,8.478,421.45,25.962,24.995,0.022437,-0.003116,-0.024803,14.712,22.144,steady_run_2
9.630000,2,55,3360.98,11.8558,0.51477,181.18,49.694,8.475,421.14,25.966,24.998,-0.004367,-0.011296,-0.002078,14.512,22.144,steady_run_2
9.635000,2,55,3368.41,11.7728,0.49617,175.02,49.689,8.377,416.23,25.970,25.001,-0.026828,0.005501,-0.014274,14.658,22.144,steady_run_2
9.640000,2,55,3371.53,11.9239,0.50590,178.62,49.684,8.497,422.18,25.975,25.005,-0.030900,-0.016268,0.002759,14.801,22.144,steady_run_2
9.645000,2,55,3360.64,11.8736,0.50800,178.78,49.690,8.456,420.17,25.979,25.008,0.048632,0.012370,-0.008569,14.606,22.144,steady_run_2
9.650000,2,55,3364.05,11.8658,0.51179,180.29,49.711,8.496,422.35,25.983,25.011,0.033147,0.042297,0.026789,14.570,22.144,steady_run_2
9.655000,2,55,3368.95,11.8710,0.51637,182.17,49.727,8.402,417.80,25.987,25.014,0.053029,0.041372,0.019872,14.736,22.144,steady_run_2
9.660000,2,55,3362.79,11.8618,0.49634,174.79,49.697,8.459,420.38,25.991,25.018,0.004035,-0.004853,-0.011599,14.592,22.144,steady_run_2
9.665000,2,55,3369.74,11.8790,0.51502,181.74,49.709,8.365,415.80,25.996,25.021,-0.042900,0.002689,-0.025085,14.633,22.144,steady_run_2
9.670000,2,55,3370.97,11.8562,0.51539,181.94,49.706,8.404,417.75,26.000,25.024,0.028797,0.000484,-0.020952,14.767,22.144,steady_run_2
9.675000,2,55,3353.68,11.9698,0.50461,177.22,49.710,8.299,412.53,26.004,25.027,-0.046117,0.000486,-0.021432,14.549,22.144,steady_run_2
9.680000,2,55,3360.20,11.8781,0.50470,177.59,49.714,8.425,418.85,26.008,25.030,0.050071,0.043523,0.023360,14.572,22.144,steady_run_2
9.685000,2,55,3366.54,11.9702,0.50693,178.71,49.705,8.358,415.45,26.012,25.034,-0.000271,-0.005851,-0.011937,14.616,22.144,steady_run_2
9.690000,2,55,3357.63,11.8360,0.51003,179.33,49.698,8.347,414.82,26.016,25.037,0.039367,-0.001910,-0.015708,14.562,22.145,steady_run_2
9.695000,2,55,3375.25,12.0437,0.51368,181.56,49.700,8.457,420.33,26.020,25.040,0.003899,-0.004204,-0.018721,14.630,22.145,steady_run_2
9.700000,2,55,3370.17,11.8853,0.51849,182.99,49.688,8.454,420.05,26.025,25.043,-0.042394,0.000352,-0.026300,14.762,22.145,steady_run_2
9.705000,2,55,3373.34,11.9874,0.51340,181.36,49.707,8.486,421.81,26.029,25.046,-0.021915,-0.037051,0.017606,14.749,22.145,steady_run_2
9.710000,2,55,3381.29,11.9639,0.52735,186.73,49.717,8.487,421.96,26.033,25.050,0.047724,0.013346,-0.001538,14.737,22.145,steady_run_2
9.715000,2,55,3374.18,11.9478,0.51006,180.23,49.721,8.524,423.80,26.037,25.053,0.016685,-0.000871,-0.022106,14.676,22.145,steady_run_2
9.720000,2,55,3374.06,11.8893,0.50967,180.08,49.716,8.438,419.51,26.041,25.056,-0.015376,-0.047839,0.024979,14.733,22.145,steady_run_2
9.725000,2,55,3376.17,12.0089,0.51115,180.72,49.695,8.509,422.84,26.046,25.059,0.047172,0.011429,-0.005166,14.709,22.145,steady_run_2
9.730000,2,55,3374.26,12.0156,0.51729,182.79,49.699,8.384,416.68,26.050,25.063,0.051330,0.019715,0.002152,14.670,22.145,steady_run_2
9.735000,2,55,3366.43,11.8567,0.51242,180.65,49.732,8.351,415.34,26.054,25.066,0.049543,0.014823,-0.001279,14.690,22.145,steady_run_2
9.740000,2,55,3384.01,11.9747,0.50856,180.22,49.717,8.660,430.57,26.058,25.069,0.015258,-0.001524,-0.024856,14.782,22.145,steady_run_2
9.745000,2,55,3379.89,12.0322,0.50899,180.15,49.717,8.500,422.57,26.062,25.072,-0.011558,0.015970,-0.003764,14.749,22.145,steady_run_2
9.750000,2,55,3375.54,11.9097,0.50768,179.46,49.720,8.342,414.75,26.067,25.075,-0.012143,-0.041170,0.019163,14.777,22.145,steady_run_2
9.755000,2,55,3379.68,12.0226,0.51936,183.81,49.714,8.388,417.01,26.071,25.079,-0.008889,-0.023696,0.009055,14.631,22.145,steady_run_2
9.760000,2,55,3381.33,11.9576,0.51161,181.16,49.701,8.436,419.30,26.075,25.082,0.022856,0.038244,0.020931,14.709,22.145,steady_run_2
9.765000,2,55,3379.87,11.9853,0.52056,184.25,49.686,8.588,426.71,26.079,25.085,0.038212,0.048211,0.024280,14.781,22.145,steady_run_2
9.770000,2,55,3376.70,11.9828,0.51060,180.55,49.670,8.412,417.83,26.083,25.088,-0.041853,0.002572,-0.023816,14.639,22.145,steady_run_2
9.775000,2,55,3381.24,11.9475,0.50986,180.53,49.704,8.419,418.44,26.087,25.091,-0.038892,0.006026,-0.021059,14.675,22.145,steady_run_2
9.780000,2,55,3380.77,12.0006,0.52044,184.25,49.693,8.393,417.06,26.091,25.095,0.035226,0.045259,0.024931,14.794,22.146,steady_run_2
9.785000,2,55,3386.73,11.9961,0.51758,183.56,49.710,8.509,422.96,26.096,25.098,0.020879,-0.003893,-0.026563,14.754,22.146,steady_run_2
9.790000,2,55,3386.16,12.1681,0.51299,181.91,49.686,8.403,417.50,26.100,25.101,-0.008050,-0.034205,0.012876,14.665,22.146,steady_run_2
9.795000,2,55,3378.09,11.9366,0.50011,176.91,49.703,8.451,420.03,26.104,25.104,-0.010539,-0.023626,0.005307,14.709,22.146,steady_run_2
9.800000,2,55,3377.27,12.0336,0.51993,183.88,49.657,8.544,424.29,26.108,25.107,-0.022087,-0.041515,0.019251,14.651,22.146,steady_run_2
9.805000,2,55,3373.72,11.8911,0.50952,180.01,49.702,8.419,418.43,26.112,25.110,0.019654,-0.003783,-0.024751,14.741,22.146,steady_run_2
9.810000,2,55,3383.97,12.0913,0.50899,180.37,49.714,8.409,418.04,26.116,25.114,0.034692,0.000277,-0.021139,14.863,22.146,steady_run_2
9.815000,2,55,3376.74,12.0600,0.51027,180.44,49.679,8.520,423.25,26.120,25.117,0.008702,0.001945,-0.018494,14.513,22.146,steady_run_2
9.820000,2,55,3374.20,11.8656,0.51994,183.72,49.717,8.525,423.81,26.125,25.120,0.040089,0.004113,-0.013682,14.554,22.146,steady_run_2
9.825000,2,55,3386.94,12.1784,0.51281,181.88,49.716,8.599,427.49,26.129,25.123,-0.019340,-0.043137,0.021481,14.847,22.146,steady_run_2
9.830000,2,55,3389.28,12.1345,0.50707,179.97,49.716,8.381,416.68,26.133,25.126,0.035050,0.000016,-0.020985,14.652,22.146,steady_run_2
9.835000,2,55,3386.07,11.8642,0.51978,184.31,49.690,8.532,423.94,26.137,25.130,0.025652,0.041361,0.021316,14.774,22.146,steady_run_2
9.840000,2,55,3383.31,12.0332,0.51599,182.82,49.730,8.414,418.45,26.141,25.133,-0.041900,0.002624,-0.021423,14.746,22.146,steady_run_2
9.845000,2,55,3380.41,11.9190,0.50856,180.03,49.714,8.559,425.49,26.145,25.136,-0.029454,-0.029173,0.009105,14.693,22.146,steady_run_2
9.850000,2,55,3383.69,12.0502,0.51420,182.20,49.702,8.410,417.98,26.149,25.139,-0.008368,-0.031605,0.008260,14.730,22.146,steady_run_2
9.855000,2,55,3386.93,12.0451,0.52289,185.46,49.703,8.602,427.54,26.154,25.142,0.027448,-0.001034,-0.024932,14.621,22.146,steady_run_2
9.860000,2,55,3387.55,12.0165,0.52467,186.12,49.721,8.501,422.66,26.158,25.145,-0.031687,-0.023736,0.005270,14.858,22.146,steady_run_2
9.865000,2,55,3382.48,12.0019,0.50673,179.49,49.699,8.503,422.61,26.162,25.149,0.052883,0.037683,0.020437,14.605,22.147,steady_run_2
9.870000,2,55,3388.15,12.1426,0.52158,185.06,49.687,8.438,419.28,26.166,25.152,0.009811,-0.000420,-0.020704,14.703,22.147,steady_run_2
9.875000,2,55,3383.01,11.9521,0.50778,179.89,49.715,8.345,414.87,26.170,25.155,-0.045562,0.000047,-0.021392,14.763,22.147,steady_run_2
9.880000,2,55,3391.62,12.0927,0.52725,187.26,49.686,8.479,421.30,26.174,25.158,-0.010212,-0.026574,0.008867,14.733,22.147,steady_run_2
9.885000,2,55,3387.41,11.9749,0.51536,182.81,49.678,8.516,423.06,26.178,25.161,0.040025,0.046752,0.024569,14.862,22.147,steady_run_2
9.890000,2,55,3381.09,11.9938,0.50974,180.48,49.699,8.501,422.50,26.182,25.164,0.022472,-0.001642,-0.023409,14.649,22.147,steady_run_2
9.895000,2,55,3380.41,12.0276,0.50699,179.47,49.723,8.475,421.42,26.187,25.167,-0.010607,-0.026540,0.012757,14.724,22.147,steady_run_2
9.900000,2,55,3403.22,12.1185,0.51119,182.18,49.677,8.585,426.49,26.191,25.171,-0.010698,-0.038368,0.021601,14.856,22.147,steady_run_2
9.905000,2,55,3378.20,11.9980,0.52501,185.73,49.678,8.515,422.99,26.195,25.174,-0.031415,-0.025053,0.007871,14.640,22.147,steady_run_2
9.910000,2,55,3388.90,12.0745,0.51210,181.74,49.687,8.553,424.99,26.199,25.177,-0.039120,-0.006782,-0.010961,14.810,22.147,steady_run_2
9.915000,2,55,3390.47,12.0726,0.52386,185.99,49.719,8.379,416.57,26.203,25.180,0.035242,0.000786,-0.018645,14.699,22.147,steady_run_2
9.920000,2,55,3383.91,12.0328,0.52567,186.28,49.705,8.432,419.12,26.207,25.183,-0.011066,-0.021249,0.006765,14.733,22.147,steady_run_2
9.925000,2,55,3393.91,12.1860,0.51432,182.79,49.713,8.560,425.53,26.211,25.186,-0.001328,-0.007640,-0.012740,14.759,22.147,steady_run_2
9.930000,2,55,3390.36,12.0372,0.52288,185.64,49.704,8.497,422.32,26.215,25.189,0.046257,0.042175,0.022210,14.665,22.147,steady_run_2
9.935000,2,55,3379.67,11.9346,0.51536,182.39,49.668,8.606,427.44,26.220,25.193,-0.022279,-0.044761,0.020658,14.659,22.147,steady_run_2
9.940000,2,55,3396.31,12.2643,0.53198,189.21,49.702,8.566,425.73,26.224,25.196,-0.023289,-0.034152,0.014411,14.731,22.147,steady_run_2
9.945000,2,55,3402.61,12.1069,0.53080,189.13,49.729,8.577,426.52,26.228,25.199,-0.001717,0.025389,0.006843,14.815,22.147,steady_run_2
9.950000,2,55,3398.93,12.1055,0.51836,184.50,49.701,8.483,421.62,26.232,25.202,-0.026181,-0.031854,0.012434,14.797,22.147,steady_run_2
9.955000,2,55,3390.45,12.0754,0.50938,180.85,49.700,8.481,421.52,26.236,25.205,-0.011682,-0.038602,0.022496,14.802,22.148,steady_run_2
9.960000,2,55,3400.84,12.0407,0.52212,185.94,49.711,8.616,428.33,26.240,25.208,-0.013778,-0.043291,0.024450,14.720,22.148,steady_run_2
9.965000,2,55,3395.44,12.0962,0.52546,186.84,49.699,8.401,417.51,26.244,25.211,-0.021235,0.007885,-0.007250,14.760,22.148,steady_run_2
9.970000,2,55,3395.75,12.1774,0.52676,187.32,49.712,8.534,424.24,26.248,25.214,0.034627,0.000580,-0.016672,14.715,22.148,steady_run_2
9.975000,2,55,3390.64,12.1213,0.52578,186.69,49.698,8.509,422.89,26.252,25.218,-0.031386,-0.019461,0.004740,14.574,22.148,steady_run_2
9.980000,2,55,3399.49,12.2148,0.52530,187.00,49.712,8.416,418.38,26.256,25.221,-0.008380,-0.014182,-0.000881,14.664,22.148,steady_run_2
9.985000,2,55,3394.45,12.1456,0.52402,186.27,49.708,8.548,424.89,26.261,25.224,-0.035737,0.001665,-0.020436,14.658,22.148,steady_run_2
9.990000,2,55,3396.21,12.0767,0.52508,186.75,49.693,8.385,416.66,26.264,25.227,-0.007932,-0.019429,0.003151,14.797,22.148,steady_run_2
9.995000,2,55,3388.88,12.0915,0.51735,183.60,49.721,8.379,416.62,26.268,25.230,-0.012496,-0.041272,0.022849,14.661,22.148,steady_run_2
10.000000,2,55,3394.76,12.0590,0.51134,181.78,49.701,8.490,421.99,26.273,25.233,-0.042149,0.001510,-0.022431,14.883,22.148,steady_run_2
10.005000,2,55,3384.42,12.0138,0.51665,183.11,49.689,8.518,423.27,26.277,25.236,0.011372,-0.003274,-0.023586,14.706,22.148,steady_run_2
10.010000,2,55,3396.67,12.1317,0.52503,186.75,49.691,8.580,426.37,26.281,25.239,-0.030961,-0.026909,0.005928,14.799,22.148,steady_run_2
10.015000,2,55,3394.35,12.0566,0.51864,184.36,49.714,8.571,426.10,26.285,25.242,-0.015925,-0.044399,0.025812,14.925,22.148,steady_run_2
10.020000,2,55,3396.79,12.0366,0.52505,186.76,49.703,8.507,422.80,26.289,25.245,0.037567,-0.000126,-0.018701,14.735,22.148,steady_run_2
10.025000,2,55,3396.93,12.1652,0.52893,188.16,49.718,8.482,421.72,26.293,25.248,-0.014197,-0.043693,0.023243,14.788,22.148,steady_run_2
10.030000,2,55,3394.68,12.1520,0.50529,179.62,49.694,8.556,425.20,26.297,25.251,-0.008595,-0.023751,0.009327,14.817,22.148,steady_run_2
10.035000,2,55,3398.14,12.0370,0.53666,190.97,49.713,8.513,423.22,26.301,25.255,0.016041,-0.001474,-0.023205,14.925,22.148,steady_run_2
10.040000,2,55,3398.23,12.0863,0.52463,186.69,49.686,8.568,425.71,26.305,25.258,-0.023258,-0.038905,0.017557,14.841,22.148,steady_run_2
10.045000,2,55,3390.55,12.0494,0.52483,186.35,49.710,8.469,421.02,26.309,25.261,-0.024205,-0.041966,0.018372,14.815,22.149,steady_run_2
10.050000,2,55,3394.86,12.0142,0.52132,185.34,49.728,8.356,415.53,26.313,25.264,-0.022117,-0.036706,0.015379,14.749,22.149,steady_run_2
10.055000,2,55,3401.28,12.1869,0.51889,184.82,49.709,8.542,424.60,26.317,25.267,0.010371,0.030448,0.013705,14.617,22.149,steady_run_2
10.060000,2,55,3396.08,12.1175,0.52302,186.01,49.715,8.502,422.66,26.321,25.270,-0.003137,-0.004001,-0.011631,14.928,22.149,steady_run_2
10.065000,2,55,3398.96,12.1693,0.53341,189.86,49.711,8.471,421.09,26.325,25.273,0.052967,0.027097,0.008560,14.792,22.149,steady_run_2
10.070000,2,55,3396.03,12.0584,0.51497,183.14,49.697,8.491,421.97,26.329,25.276,-0.005574,0.018299,0.004940,14.826,22.149,steady_run_2
10.075000,2,55,3409.26,12.2857,0.53226,190.03,49.711,8.417,418.42,26.333,25.279,-0.010586,-0.019387,0.004663,14.885,22.149,steady_run_2
10.080000,2,55,3403.67,12.2036,0.52818,188.26,49.711,8.559,425.47,26.337,25.282,-0.044142,0.003830,-0.023920,14.837,22.149,steady_run_2
10.085000,2,55,3414.20,12.2434,0.51555,184.33,49.711,8.536,424.35,26.341,25.285,-0.041617,0.003360,-0.022549,14.847,22.149,steady_run_2
10.090000,2,55,3402.69,12.1625,0.52726,187.88,49.719,8.536,424.40,26.345,25.288,0.048701,0.012261,-0.006716,14.733,22.149,steady_run_2
10.095000,2,55,3403.69,12.2452,0.52103,185.71,49.714,8.482,421.69,26.349,25.291,-0.028341,-0.028079,0.008861,14.679,22.149,steady_run_2
10.100000,2,55,3404.79,12.1590,0.52696,187.89,49.713,8.489,422.00,26.353,25.294,0.055420,0.038866,0.016193,14.757,22.149,steady_run_2
10.105000,2,55,3399.95,12.1393,0.51228,182.39,49.721,8.570,426.12,26.357,25.297,-0.021380,-0.043050,0.020045,14.770,22.149,steady_run_2
10.110000,2,55,3402.68,12.1487,0.53366,190.16,49.708,8.444,419.74,26.361,25.300,0.011512,0.003217,-0.021598,14.947,22.149,steady_run_2
10.115000,2,55,3397.51,12.1054,0.52816,187.91,49.692,8.568,425.76,26.365,25.303,-0.044688,-0.002350,-0.017018,14.739,22.149,steady_run_2
10.120000,2,55,3400.36,12.1430,0.53004,188.74,49.723,8.477,421.50,26.369,25.306,-0.011075,-0.039068,0.019979,14.805,22.149,steady_run_2
10.125000,2,55,3409.08,12.2537,0.53238,190.06,49.696,8.623,428.54,26.374,25.309,0.031455,0.000171,-0.024988,14.761,22.149,steady_run_2
10.130000,2,55,3402.98,12.1355,0.52888,188.47,49.694,8.617,428.19,26.378,25.312,-0.012300,-0.041795,0.021200,14.743,22.149,steady_run_2
10.135000,2,55,3404.18,12.0951,0.52158,185.94,49.682,8.562,425.36,26.382,25.316,0.019959,0.033875,0.019658,14.755,22.150,steady_run_2
10.140000,2,55,3403.13,12.0986,0.53013,188.93,49.701,8.488,421.85,26.386,25.319,0.051889,0.038333,0.019189,14.833,22.150,steady_run_2
10.145000,2,55,3406.59,12.1500,0.52865,188.59,49.682,8.612,427.88,26.390,25.322,0.009650,0.028395,0.014139,14.752,22.150,steady_run_2
10.150000,2,55,3400.86,12.1610,0.52621,187.40,49.699,8.527,423.80,26.394,25.325,0.023289,-0.000781,-0.022547,14.748,22.150,steady_run_2
10.155000,2,55,3407.04,12.2069,0.52719,188.09,49.694,8.502,422.49,26.398,25.328,-0.023022,-0.036996,0.019004,14.870,22.150,steady_run_2
10.160000,2,55,3400.19,12.1059,0.53055,188.91,49.709,8.602,427.61,26.402,25.331,-0.042244,-0.002970,-0.020295,14.765,22.150,steady_run_2
10.165000,2,55,3404.03,12.1746,0.52281,186.37,49.692,8.587,426.73,26.406,25.334,-0.033920,-0.018724,0.000942,14.771,22.150,steady_run_2
10.170000,2,55,3401.41,12.2026,0.51755,184.35,49.679,8.564,425.47,26.410,25.337,-0.013389,-0.041233,0.020028,14.825,22.150,steady_run_2
10.175000,2,55,3397.66,12.0846,0.52308,186.11,49.706,8.438,419.43,26.414,25.340,0.051748,0.020998,0.004094,14.854,22.150,steady_run_2
10.180000,2,55,3402.94,12.2330,0.52679,187.72,49.710,8.557,425.36,26.418,25.343,0.007502,0.000561,-0.020588,14.830,22.150,steady_run_2
10.185000,2,55,3407.56,12.1184,0.51931,185.31,49.727,8.449,420.14,26.422,25.346,-0.003706,-0.008625,-0.005739,14.690,22.150,steady_run_2
10.190000,2,55,3398.80,12.1465,0.52130,185.54,49.704,8.472,421.11,26.426,25.349,0.045757,0.006210,-0.010210,14.686,22.150,steady_run_2
10.195000,2,55,3407.77,12.1500,0.52197,186.27,49.706,8.578,426.37,26.430,25.352,0.028308,0.044540,0.018128,14.788,22.150,steady_run_2
10.200000,2,55,3406.95,12.1675,0.51775,184.72,49.701,8.614,428.12,26.434,25.355,0.054952,0.021540,0.006896,14.781,22.150,steady_run_2
10.205000,2,55,3398.99,12.1669,0.53235,189.49,49.685,8.427,418.70,26.438,25.358,0.050586,0.040559,0.022678,14.721,22.150,steady_run_2
10.210000,2,55,3407.57,12.2264,0.51926,185.29,49.698,8.397,417.32,26.442,25.361,-0.040020,-0.000091,-0.021600,14.788,22.150,steady_run_2
10.215000,2,55,3403.26,12.1636,0.51637,184.03,49.682,8.517,423.16,26.445,25.364,0.004183,-0.003251,-0.013138,14.737,22.150,steady_run_2
10.220000,2,55,3401.11,12.0826,0.52438,186.77,49.728,8.454,420.38,26.449,25.367,0.020224,-0.002114,-0.025420,14.794,22.150,steady_run_2
10.225000,2,55,3406.50,12.1471,0.51865,185.02,49.709,8.669,430.94,26.453,25.370,-0.010760,-0.037674,0.019566,14.886,22.151,steady_run_2
10.230000,2,55,3404.09,12.1527,0.52047,185.53,49.719,8.439,419.59,26.457,25.373,0.002855,-0.003169,-0.017627,14.707,22.151,steady_run_2
10.235000,2,55,3408.21,12.2010,0.53192,189.85,49.680,8.505,422.52,26.461,25.376,0.006661,-0.004377,-0.017297,14.898,22.151,steady_run_2
10.240000,2,55,3403.51,12.2122,0.51778,184.55,49.700,8.543,424.60,26.465,25.379,-0.036970,0.000877,-0.019859,14.788,22.151,steady_run_2
10.245000,2,55,3402.84,12.2032,0.52172,185.91,49.710,8.500,422.51,26.469,25.381,0.025735,0.041621,0.022349,14.770,22.151,steady_run_2
10.250000,2,55,3407.06,12.1499,0.52572,187.57,49.695,8.624,428.58,26.473,25.385,0.028604,0.041972,0.021786,14.647,22.151,steady_run_2
10.255000,2,55,3418.66,12.2902,0.52489,187.91,49.686,8.616,428.09,26.477,25.388,0.027801,-0.001780,-0.024109,14.903,22.151,steady_run_2
10.260000,2,55,3408.00,12.2027,0.51036,182.14,49.698,8.570,425.91,26.481,25.391,-0.039489,-0.000388,-0.016142,14.847,22.151,steady_run_2
10.265000,2,55,3405.79,12.2750,0.51151,182.43,49.687,8.705,432.53,26.485,25.394,-0.029198,-0.023424,0.006006,14.881,22.151,steady_run_2
10.270000,2,55,3410.47,12.1868,0.52243,186.58,49.699,8.502,422.56,26.489,25.397,-0.044657,-0.002075,-0.015680,15.019,22.151,steady_run_2
10.275000,2,55,3412.53,12.2484,0.53071,189.65,49.711,8.586,426.82,26.493,25.400,-0.000218,-0.005374,-0.015680,14.821,22.151,steady_run_2
10.280000,2,55,3395.65,12.1006,0.51703,183.85,49.678,8.602,427.35,26.497,25.403,-0.041129,0.003175,-0.020489,14.795,22.151,steady_run_2
10.285000,2,55,3409.76,12.2243,0.52604,187.83,49.685,8.614,427.97,26.501,25.406,-0.009469,-0.024975,0.015324,14.814,22.151,steady_run_2
10.290000,2,55,3407.48,12.2753,0.51403,183.42,49.718,8.570,426.09,26.505,25.409,0.003283,-0.003144,-0.017120,14.956,22.151,steady_run_2
10.295000,2,55,3407.71,12.1005,0.51362,183.29,49.699,8.551,424.99,26.509,25.412,-0.036648,-0.013445,-0.000046,14.799,22.151,steady_run_2
10.300000,2,55,3408.86,12.2550,0.52130,186.09,49.707,8.404,417.75,26.513,25.414,0.055941,0.020851,0.008582,14.829,22.151,steady_run_2
10.305000,2,55,3401.10,12.1233,0.52291,186.24,49.696,8.434,419.14,26.517,25.417,0.053997,0.036165,0.017240,14.755,22.151,steady_run_2
10.310000,2,55,3403.37,12.0636,0.52065,185.56,49.684,8.563,425.43,26.521,25.420,-0.042240,0.000541,-0.025289,14.955,22.151,steady_run_2
10.315000,2,55,3415.28,12.2098,0.52410,187.44,49.717,8.615,428.31,26.525,25.423,0.054344,0.037718,0.014245,14.817,22.152,steady_run_2
10.320000,2,55,3407.78,12.2603,0.51936,185.34,49.699,8.594,427.12,26.529,25.426,0.052715,0.041512,0.018499,14.876,22.152,steady_run_2
10.325000,2,55,3416.54,12.2535,0.53644,191.93,49.718,8.480,421.63,26.533,25.429,-0.019026,0.007669,-0.004476,14.778,22.152,steady_run_2
10.330000,2,55,3407.57,12.1636,0.52254,186.46,49.722,8.585,426.85,26.537,25.432,-0.031393,-0.028110,0.007299,14.828,22.152,steady_run_2
10.335000,2,55,3399.92,12.2153,0.53229,189.52,49.713,8.571,426.09,26.541,25.435,-0.022501,-0.042349,0.017062,14.680,22.152,steady_run_2
10.340000,2,55,3403.90,12.1878,0.52131,185.83,49.703,8.493,422.14,26.544,25.438,-0.020455,-0.040887,0.022623,14.789,22.152,steady_run_2
10.345000,2,55,3405.95,12.1517,0.53726,191.62,49.690,8.540,424.34,26.548,25.441,0.046399,0.004122,-0.009711,14.868,22.152,steady_run_2
10.350000,2,55,3415.97,12.2849,0.52171,186.63,49.706,8.570,426.00,26.552,25.444,0.043520,0.005112,-0.017473,14.941,22.152,steady_run_2
10.355000,2,55,3405.12,12.0602,0.52029,185.53,49.673,8.566,425.49,26.556,25.447,-0.028769,-0.032061,0.011724,14.778,22.152,steady_run_2
10.360000,2,55,3404.54,12.2096,0.52620,187.60,49.733,8.621,428.74,26.560,25.450,-0.044146,-0.000585,-0.024516,14.819,22.152,steady_run_2
10.365000,2,55,3405.87,12.1166,0.52281,186.47,49.680,8.597,427.09,26.564,25.453,0.005895,-0.001569,-0.022384,14.826,22.152,steady_run_2
10.370000,2,55,3404.19,12.3050,0.52126,185.82,49.660,8.609,427.54,26.568,25.456,0.011287,-0.003729,-0.024251,14.744,22.152,steady_run_2
10.375000,2,55,3403.08,12.1596,0.52527,187.19,49.699,8.542,424.53,26.572,25.459,-0.003989,-0.014744,0.000627,14.875,22.152,steady_run_2
10.380000,2,55,3407.81,12.1834,0.52793,188.40,49.691,8.452,419.99,26.576,25.461,-0.012276,-0.045609,0.021898,14.839,22.152,steady_run_2
10.385000,2,55,3409.61,12.2103,0.52462,187.32,49.671,8.506,422.52,26.580,25.464,0.052146,0.035828,0.015803,14.826,22.152,steady_run_2
10.390000,2,55,3401.43,12.1995,0.52131,185.69,49.698,8.540,424.44,26.584,25.467,0.019371,0.037677,0.017113,14.707,22.152,steady_run_2
10.395000,2,55,3401.13,12.1534,0.52493,186.96,49.697,8.525,423.67,26.587,25.470,0.041923,0.002403,-0.014684,14.841,22.152,steady_run_2
10.400000,2,55,3410.99,12.1790,0.51343,183.40,49.691,8.528,423.79,26.591,25.473,0.043314,0.009622,-0.010638,14.852,22.152,steady_run_2
10.405000,2,55,3419.17,12.3952,0.53253,190.67,49.698,8.564,425.62,26.595,25.476,-0.011638,0.011108,-0.003274,14.855,22.152,steady_run_2
10.410000,2,55,3406.28,12.2273,0.52795,188.32,49.708,8.503,422.64,26.599,25.479,0.004529,0.024499,0.014224,14.794,22.153,steady_run_2
10.415000,2,55,3418.38,12.3303,0.52290,187.18,49.690,8.751,434.84,26.603,25.482,0.005107,-0.004573,-0.021938,14.876,22.153,steady_run_2
10.420000,2,55,3400.80,12.1027,0.52360,186.47,49.720,8.616,428.36,26.607,25.485,-0.019625,-0.043312,0.023984,14.802,22.153,steady_run_2
10.425000,2,55,3415.02,12.2615,0.52101,186.32,49.688,8.636,429.13,26.611,25.488,0.010131,-0.004189,-0.020216,14.789,22.153,steady_run_2
10.430000,2,55,3422.23,12.3350,0.52632,188.62,49.726,8.542,424.79,26.615,25.491,-0.032680,0.003038,-0.013928,14.828,22.153,steady_run_2
10.435000,2,55,3414.06,12.3897,0.51881,185.49,49.687,8.633,428.95,26.619,25.494,-0.042973,-0.002269,-0.018770,14.878,22.153,steady_run_2
10.440000,2,55,3408.63,12.1654,0.52789,188.43,49.706,8.579,426.45,26.623,25.496,0.047062,0.045312,0.023928,14.694,22.153,steady_run_2
10.445000,2,55,3417.67,12.2010,0.52093,186.44,49.716,8.574,426.25,26.627,25.499,-0.009304,0.019070,0.002421,14.909,22.153,steady_run_2
10.450000,2,55,3408.98,12.1934,0.52260,186.56,49.698,8.520,423.43,26.631,25.502,-0.038325,-0.008880,-0.007269,14.839,22.153,steady_run_2
10.455000,2,55,3417.78,12.1759,0.51743,185.19,49.685,8.564,425.51,26.634,25.505,-0.015209,-0.045179,0.023410,14.856,22.153,steady_run_2
10.460000,2,55,3413.76,12.3036,0.52178,186.53,49.689,8.499,422.30,26.638,25.508,0.054537,0.040149,0.020719,14.875,22.153,steady_run_2
10.465000,2,55,3408.71,12.1459,0.53254,190.10,49.704,8.674,431.12,26.642,25.511,-0.011688,-0.039454,0.021932,14.804,22.153,steady_run_2
10.470000,2,55,3401.68,12.1074,0.53141,189.30,49.699,8.500,422.44,26.646,25.514,-0.014867,-0.045787,0.023329,14.813,22.153,steady_run_2
10.475000,2,55,3421.76,12.2248,0.52328,187.51,49.706,8.576,426.26,26.650,25.517,0.003573,-0.001149,-0.019352,14.774,22.153,steady_run_2
10.480000,2,55,3421.69,12.3251,0.54300,194.57,49.725,8.620,428.62,26.654,25.520,-0.027159,-0.031328,0.015656,14.886,22.153,steady_run_2
10.485000,2,55,3420.15,12.2263,0.52251,187.14,49.706,8.724,433.66,26.658,25.523,-0.028049,-0.026430,0.008465,14.961,22.153,steady_run_2
10.490000,2,55,3415.94,12.2368,0.52482,187.74,49.684,8.694,431.95,26.662,25.525,0.047737,0.013503,-0.004777,14.912,22.153,steady_run_2
10.495000,2,55,3410.84,12.1973,0.52903,188.96,49.706,8.545,424.77,26.666,25.528,-0.017192,-0.044606,0.020337,14.884,22.153,steady_run_2
10.500000,2,55,3414.98,12.2731,0.51602,184.54,49.716,8.588,426.95,26.669,25.531,-0.017252,-0.043220,0.021079,14.857,22.154,steady_run_2
10.505000,2,55,3419.85,12.3061,0.51850,185.69,49.687,8.633,428.92,26.673,25.534,-0.045219,-0.000843,-0.017277,14.816,22.154,steady_run_2
10.510000,2,55,3402.04,12.1741,0.51319,182.83,49.691,8.463,420.54,26.677,25.537,-0.020880,0.006204,-0.009243,14.661,22.154,steady_run_2
10.515000,2,55,3410.36,12.0921,0.51285,183.16,49.680,8.680,431.23,26.681,25.540,-0.027988,-0.030370,0.011967,14.897,22.154,steady_run_2
10.520000,2,55,3411.68,12.1437,0.51460,183.85,49.698,8.690,431.89,26.685,25.543,0.055975,0.025052,0.007075,14.770,22.154,steady_run_2
10.525000,2,55,3408.92,12.1862,0.52849,188.66,49.679,8.570,425.75,26.689,25.546,0.004305,0.027129,0.008837,14.876,22.154,steady_run_2
10.530000,2,55,3412.52,12.2160,0.51658,184.60,49.694,8.675,431.10,26.693,25.549,-0.031066,0.004399,-0.015467,14.956,22.154,steady_run_2
10.535000,2,55,3409.93,12.1578,0.51221,182.90,49.690,8.565,425.59,26.697,25.551,-0.040162,-0.008406,-0.008566,14.690,22.154,steady_run_2
10.540000,2,55,3417.72,12.3244,0.52867,189.21,49.683,8.551,424.86,26.700,25.554,0.004937,-0.002285,-0.019117,14.806,22.154,steady_run_2
10.545000,2,55,3418.81,12.2296,0.53102,190.11,49.691,8.715,433.06,26.704,25.557,-0.040351,0.004532,-0.022262,14.928,22.154,steady_run_2
10.550000,2,55,3415.35,12.2506,0.53602,191.71,49.675,8.724,433.36,26.708,25.560,-0.013367,-0.043312,0.020103,14.825,22.154,steady_run_2
10.555000,2,55,3420.08,12.2502,0.52848,189.28,49.700,8.665,430.66,26.712,25.563,-0.022303,-0.033752,0.015656,15.047,22.154,steady_run_2
10.560000,2,55,3413.26,12.3257,0.53368,190.76,49.697,8.551,424.96,26.716,25.566,-0.038946,-0.009669,-0.008400,14.903,22.154,steady_run_2
10.565000,2,55,3401.01,12.1512,0.52988,188.72,49.696,8.587,426.73,26.720,25.569,-0.039003,0.002642,-0.021142,14.728,22.154,steady_run_2
10.570000,2,55,3418.46,12.2939,0.52651,188.48,49.708,8.578,426.39,26.724,25.572,0.049406,0.011871,-0.007139,15.006,22.154,steady_run_2
10.575000,2,55,3417.37,12.2984,0.52886,189.26,49.683,8.657,430.12,26.728,25.574,0.021971,-0.002006,-0.024643,14.875,22.154,steady_run_2
10.580000,2,55,3409.46,12.2192,0.53149,189.76,49.723,8.544,424.81,26.731,25.577,0.051946,0.016529,0.001943,14.865,22.154,steady_run_2
10.585000,2,55,3408.18,12.1642,0.51909,185.27,49.683,8.563,425.45,26.735,25.580,0.036353,0.001971,-0.016187,14.767,22.154,steady_run_2
10.590000,2,55,3423.96,12.3183,0.53130,190.50,49.677,8.680,431.21,26.739,25.583,0.018252,0.000434,-0.023229,14.946,22.154,steady_run_2
10.595000,2,55,3417.32,12.2185,0.52544,188.03,49.674,8.565,425.44,26.743,25.586,-0.003903,-0.016450,-0.004291,14.839,22.155,steady_run_2
10.600000,2,55,3412.73,12.2136,0.53400,190.84,49.692,8.639,429.27,26.747,25.589,-0.024018,0.003956,-0.009320,14.813,22.155,steady_run_2
10.605000,2,55,3419.30,12.2441,0.52404,187.64,49.708,8.638,429.35,26.751,25.592,0.007706,-0.001416,-0.019424,14.751,22.155,steady_run_2
10.610000,2,55,3419.44,12.3392,0.52241,187.06,49.685,8.649,429.74,26.755,25.594,-0.029763,-0.026519,0.010507,14.858,22.155,steady_run_2
10.615000,2,55,3406.52,12.1540,0.51856,184.99,49.713,8.676,431.29,26.758,25.597,-0.027068,-0.026628,0.010947,14.667,22.155,steady_run_2
10.620000,2,55,3412.96,12.2949,0.52430,187.39,49.682,8.624,428.45,26.762,25.600,0.045414,0.046369,0.025937,14.824,22.155,steady_run_2
10.625000,2,55,3413.57,12.1809,0.52643,188.18,49.684,8.713,432.89,26.766,25.603,-0.010758,-0.028001,0.007163,14.835,22.155,steady_run_2
10.630000,2,55,3416.70,12.3565,0.52154,186.61,49.713,8.602,427.64,26.770,25.606,0.017132,-0.002775,-0.023062,14.840,22.155,steady_run_2
10.635000,2,55,3414.71,12.3441,0.53468,191.19,49.691,8.640,429.32,26.774,25.609,0.036449,0.003045,-0.017422,14.840,22.155,steady_run_2
10.640000,2,55,3411.61,12.3673,0.52100,186.14,49.707,8.616,428.28,26.778,25.612,0.009173,0.028977,0.012894,14.850,22.155,steady_run_2
10.645000,2,55,3423.89,12.2776,0.52590,188.56,49.690,8.656,430.09,26.781,25.614,-0.006791,-0.017746,-0.002083,14.922,22.155,steady_run_2
10.650000,2,55,3412.00,12.1698,0.52298,186.86,49.706,8.561,425.52,26.785,25.617,-0.018825,-0.042268,0.021986,14.735,22.155,steady_run_2
10.655000,2,55,3408.34,12.2826,0.53433,190.71,49.689,8.515,423.12,26.789,25.620,0.039183,0.000435,-0.016227,14.814,22.155,steady_run_2
10.660000,2,55,3418.91,12.2667,0.51981,186.11,49.707,8.453,420.18,26.793,25.623,-0.005200,-0.012360,-0.006499,14.961,22.155,steady_run_2
10.665000,2,55,3414.71,12.2177,0.51242,183.23,49.696,8.653,430.00,26.797,25.625,-0.005972,0.015203,0.001743,14.847,22.155,steady_run_2
10.670000,2,55,3409.67,12.2010,0.53039,189.38,49.716,8.612,428.13,26.800,25.628,0.010548,-0.000354,-0.023628,14.732,22.155,steady_run_2
10.675000,2,55,3417.48,12.3083,0.51529,184.41,49.673,8.723,433.29,26.804,25.631,0.021956,0.042095,0.019570,14.776,22.155,steady_run_2
10.680000,2,55,3415.37,12.2514,0.52026,186.08,49.698,8.609,427.85,26.808,25.634,-0.016562,0.012048,-0.005910,14.835,22.155,steady_run_2
10.685000,2,55,3417.29,12.2497,0.53308,190.77,49.696,8.741,434.40,26.812,25.637,-0.015515,-0.046964,0.025481,14.837,22.155,steady_run_2
10.690000,2,55,3412.54,12.1287,0.52807,188.71,49.725,8.619,428.60,26.816,25.640,0.013079,0.028789,0.016144,14.824,22.156,steady_run_2
10.695000,2,55,3415.80,12.1918,0.51798,185.28,49.692,8.738,434.21,26.820,25.643,-0.038202,0.000230,-0.019057,14.926,22.156,steady_run_2
10.700000,2,55,3415.71,12.2109,0.53390,190.97,49.702,8.561,425.51,26.823,25.645,0.050850,0.039328,0.019316,14.894,22.156,steady_run_2
10.705000,2,55,3403.13,12.1854,0.52786,188.11,49.688,8.458,420.27,26.827,25.648,0.052779,0.022092,0.007775,14.753,22.156,steady_run_2
10.710000,2,55,3425.87,12.2164,0.52193,187.24,49.726,8.622,428.72,26.831,25.651,-0.011592,-0.034401,0.017845,14.977,22.156,steady_run_2
10.715000,2,55,3419.44,12.2056,0.52658,188.56,49.711,8.498,422.46,26.835,25.653,-0.029327,-0.031667,0.015446,14.944,22.156,steady_run_2
10.720000,2,55,3422.93,12.3400,0.53225,190.78,49.681,8.631,428.77,26.838,25.656,-0.014792,-0.045846,0.024072,14.915,22.156,steady_run_2
10.725000,2,55,3423.40,12.2474,0.52229,187.24,49.659,8.697,431.90,26.842,25.659,-0.018318,0.010147,-0.009097,14.990,22.156,steady_run_2
10.730000,2,55,3417.73,12.2438,0.52997,189.68,49.696,8.658,430.26,26.846,25.662,0.049242,0.017616,0.001028,14.912,22.156,steady_run_2
10.735000,2,55,3414.48,12.3697,0.53138,190.00,49.701,8.520,423.44,26.850,25.665,-0.028955,0.005882,-0.012194,14.779,22.156,steady_run_2
10.740000,2,55,3420.09,12.3277,0.52826,189.20,49.705,8.495,422.24,26.853,25.667,0.049824,0.018926,0.001993,14.804,22.156,steady_run_2
10.745000,2,55,3413.59,12.1173,0.52695,188.37,49.701,8.529,423.90,26.857,25.670,0.025837,-0.001366,-0.024765,14.883,22.156,steady_run_2
10.750000,2,55,3416.31,12.2597,0.51298,183.52,49.690,8.671,430.88,26.861,25.673,0.043669,0.046845,0.022526,14.839,22.156,steady_run_2
10.755000,2,55,3413.08,12.1317,0.52094,186.19,49.691,8.544,424.58,26.865,25.676,-0.043339,0.000911,-0.021140,14.779,22.156,steady_run_2
10.760000,2,55,3412.21,12.2283,0.52414,187.29,49.705,8.592,427.06,26.868,25.678,-0.024954,0.005218,-0.010030,14.790,22.156,steady_run_2
10.765000,2,55,3427.79,12.2920,0.53831,193.23,49.701,8.565,425.67,26.872,25.681,0.007055,0.029437,0.016722,15.032,22.156,steady_run_2
10.770000,2,55,3408.22,12.1761,0.51919,185.30,49.706,8.570,425.96,26.876,25.684,-0.045754,-0.000877,-0.019153,14.878,22.156,steady_run_2
10.775000,2,55,3419.73,12.2508,0.52719,188.79,49.717,8.525,423.85,26.879,25.686,0.052224,0.041910,0.019597,14.874,22.156,steady_run_2
10.780000,2,55,3407.84,12.1397,0.52131,186.04,49.709,8.510,423.02,26.883,25.689,0.034446,-0.002756,-0.019977,14.767,22.156,steady_run_2
10.785000,2,55,3420.65,12.3097,0.52342,187.49,49.687,8.684,431.46,26.887,25.692,-0.038786,0.003214,-0.023165,14.922,22.157,steady_run_2
10.790000,2,55,3423.11,12.3745,0.52851,189.45,49.673,8.698,432.04,26.891,25.695,-0.018965,-0.048041,0.024044,14.992,22.157,steady_run_2
10.795000,2,55,3415.22,12.1035,0.53053,189.74,49.663,8.691,431.63,26.895,25.698,-0.005115,-0.018815,0.002556,14.845,22.157,steady_run_2
10.800000,2,55,3418.24,12.2466,0.52985,189.66,49.703,8.576,426.24,26.898,25.700,0.033290,-0.000685,-0.019997,14.847,22.157,steady_run_2
10.805000,2,55,3406.18,12.1223,0.52351,186.73,49.706,8.526,423.81,26.902,25.703,0.004091,-0.001906,-0.016424,14.863,22.157,steady_run_2
10.810000,2,55,3413.05,12.2291,0.51964,185.73,49.718,8.544,424.79,26.906,25.706,-0.021602,0.011398,-0.010215,14.970,22.157,steady_run_2
10.815000,2,55,3410.02,12.1712,0.52378,187.04,49.722,8.502,422.73,26.909,25.708,-0.023589,-0.033805,0.012421,14.894,22.157,steady_run_2
10.820000,2,55,3419.14,12.2033,0.52011,186.23,49.707,8.509,422.97,26.913,25.711,-0.016327,-0.044110,0.024119,14.913,22.157,steady_run_2
10.825000,2,55,3425.27,12.3926,0.53158,190.67,49.686,8.613,427.95,26.917,25.714,-0.000095,0.021333,0.007358,14.933,22.157,steady_run_2
10.830000,2,55,3415.13,12.3514,0.52554,187.95,49.704,8.712,433.04,26.920,25.717,-0.004177,-0.010543,-0.005946,14.740,22.157,steady_run_2
10.835000,2,55,3427.50,12.2905,0.52605,188.81,49.704,8.719,433.36,26.924,25.719,-0.012768,0.013064,-0.000097,14.891,22.157,steady_run_2
10.840000,2,55,3412.32,12.1234,0.51981,185.75,49.712,8.567,425.87,26.928,25.722,-0.009445,-0.031508,0.012685,14.802,22.157,steady_run_2
10.845000,2,55,3417.64,12.3534,0.52639,188.39,49.711,8.587,426.85,26.932,25.725,-0.041154,-0.006646,-0.011342,14.816,22.157,steady_run_2
10.850000,2,55,3421.54,12.4139,0.53720,192.48,49.707,8.468,420.94,26.935,25.727,-0.040426,-0.006181,-0.007676,14.895,22.157,steady_run_2
10.855000,2,55,3425.40,12.2596,0.52367,187.84,49.654,8.659,429.95,26.939,25.730,-0.032748,-0.010641,-0.004596,14.891,22.157,steady_run_2
10.860000,2,55,3420.56,12.1474,0.51745,185.35,49.687,8.650,429.78,26.943,25.733,0.051731,0.046319,0.019347,14.986,22.157,steady_run_2
10.865000,2,55,3417.58,12.2347,0.53158,190.25,49.695,8.639,429.32,26.946,25.736,-0.037927,0.002358,-0.023649,14.822,22.157,steady_run_2
10.870000,2,55,3412.37,12.1970,0.52706,188.34,49.688,8.516,423.15,26.950,25.738,0.051683,0.011558,-0.002347,14.779,22.157,steady_run_2
10.875000,2,55,3410.99,12.2780,0.51460,183.81,49.671,8.669,430.59,26.954,25.741,0.042331,0.007644,-0.009683,14.835,22.157,steady_run_2
10.880000,2,55,3407.13,12.2899,0.51695,184.45,49.698,8.616,428.22,26.958,25.744,-0.039537,0.000594,-0.025174,14.817,22.157,steady_run_2
10.885000,2,55,3409.96,12.3147,0.52025,185.78,49.701,8.507,422.81,26.961,25.746,-0.021128,-0.041363,0.019849,14.798,22.158,steady_run_2
10.890000,2,55,3422.34,12.3158,0.51066,183.01,49.711,8.585,426.75,26.965,25.749,0.053900,0.034802,0.013528,14.815,22.158,steady_run_2
10.895000,2,55,3407.53,12.1804,0.53270,190.08,49.696,8.555,425.17,26.968,25.752,-0.037826,-0.003676,-0.014306,14.949,22.158,steady_run_2
10.900000,2,55,3417.44,12.2376,0.51565,184.54,49.717,8.541,424.61,26.972,25.754,-0.043498,0.002967,-0.027756,14.850,22.158,steady_run_2
10.905000,2,55,3413.11,12.2071,0.53148,189.96,49.706,8.600,427.45,26.976,25.757,0.016605,0.000611,-0.024398,14.920,22.158,steady_run_2
10.910000,2,55,3418.27,12.2213,0.52188,186.81,49.696,8.655,430.11,26.979,25.760,-0.012018,-0.048105,0.021890,14.999,22.158,steady_run_2
10.915000,2,55,3423.68,12.3563,0.52282,187.45,49.668,8.617,428.00,26.983,25.762,-0.043776,0.001451,-0.025563,14.861,22.158,steady_run_2
10.920000,2,55,3430.16,12.3940,0.53256,191.30,49.688,8.717,433.11,26.987,25.765,0.028095,-0.001741,-0.020864,14.922,22.158,steady_run_2
10.925000,2,55,3416.86,12.1848,0.52827,189.02,49.663,8.753,434.71,26.991,25.768,0.054683,0.035467,0.014923,14.929,22.158,steady_run_2
10.930000,2,55,3416.91,12.2653,0.52208,186.81,49.682,8.569,425.73,26.994,25.771,-0.005622,-0.012928,-0.002641,14.866,22.158,steady_run_2
10.935000,2,55,3417.53,12.2076,0.52488,187.85,49.700,8.631,428.94,26.998,25.773,-0.041565,0.003738,-0.024869,14.999,22.158,steady_run_2
10.940000,2,55,3418.36,12.3341,0.51996,186.13,49.680,8.606,427.52,27.002,25.776,0.034027,0.001773,-0.020642,14.867,22.158,steady_run_2
10.945000,2,55,3415.34,12.2724,0.52219,186.76,49.712,8.647,429.86,27.005,25.779,0.017307,0.035167,0.016628,14.924,22.158,steady_run_2
10.950000,2,55,3414.34,12.1741,0.52667,188.31,49.707,8.534,424.22,27.009,25.781,0.052812,0.042605,0.022902,14.933,22.158,steady_run_2
10.955000,2,55,3415.57,12.2250,0.52347,187.23,49.696,8.625,428.65,27.013,25.784,-0.020460,-0.044295,0.021443,14.969,22.158,steady_run_2
10.960000,2,55,3415.03,12.2926,0.53552,191.51,49.706,8.668,430.88,27.016,25.787,-0.045804,0.003493,-0.023186,14.930,22.158,steady_run_2
10.965000,2,55,3410.65,12.2368,0.52057,185.93,49.704,8.537,424.33,27.020,25.789,0.029290,-0.000283,-0.021889,14.906,22.158,steady_run_2
10.970000,2,55,3415.86,12.3628,0.53239,190.44,49.694,8.618,428.27,27.024,25.792,-0.014109,-0.042598,0.020333,14.800,22.158,steady_run_2
10.975000,2,55,3418.63,12.2992,0.53183,190.39,49.698,8.680,431.38,27.027,25.795,0.023087,-0.004544,-0.023817,14.906,22.158,steady_run_2
10.980000,2,55,3427.65,12.3850,0.53244,191.12,49.669,8.551,424.70,27.031,25.797,0.041495,0.004005,-0.015791,14.881,22.159,steady_run_2
10.985000,2,55,3420.85,12.3170,0.51861,185.78,49.699,8.626,428.70,27.035,25.800,0.024622,0.000873,-0.023126,14.840,22.159,steady_run_2
10.990000,2,55,3415.41,12.3062,0.52430,187.52,49.683,8.701,432.28,27.038,25.803,-0.015739,-0.046717,0.024593,14.836,22.159,steady_run_2
10.995000,2,55,3416.43,12.2404,0.51813,185.37,49.668,8.756,434.88,27.042,25.805,0.035263,0.045504,0.024931,14.845,22.159,steady_run_2
11.000000,2,55,3425.43,12.3786,0.52758,189.25,49.690,8.531,423.89,27.046,25.808,0.005677,0.029399,0.013826,14.889,22.159,steady_run_2
11.005000,2,55,3426.75,12.2563,0.52280,187.61,49.682,8.622,428.37,27.049,25.811,-0.012822,-0.038511,0.021045,14.926,22.159,steady_run_2
11.010000,2,55,3417.94,12.2731,0.52275,187.10,49.690,8.599,427.30,27.053,25.813,0.055040,0.019758,0.004964,14.794,22.159,steady_run_2
11.015000,2,55,3417.42,12.2520,0.52495,187.86,49.701,8.642,429.52,27.057,25.816,0.005216,-0.001426,-0.018183,14.931,22.159,steady_run_2
11.020000,2,55,3419.08,12.2790,0.52757,188.89,49.701,8.586,426.72,27.060,25.818,-0.003236,0.023089,0.004806,14.709,22.159,steady_run_2
11.025000,2,55,3423.13,12.3949,0.52561,188.42,49.664,8.682,431.21,27.064,25.821,0.007949,0.030371,0.016538,14.827,22.159,steady_run_2
11.030000,2,55,3413.63,12.1907,0.53053,189.65,49.696,8.544,424.60,27.067,25.824,-0.011053,-0.041795,0.023391,14.772,22.159,steady_run_2
11.035000,2,55,3415.24,12.2367,0.52583,188.06,49.678,8.650,429.71,27.071,25.826,0.051093,0.042404,0.021367,14.881,22.159,steady_run_2
11.040000,2,55,3422.21,12.2820,0.53658,192.29,49.675,8.551,424.78,27.075,25.829,-0.034037,-0.021937,0.006703,14.927,22.159,steady_run_2
11.045000,2,55,3415.48,12.3002,0.52361,187.28,49.702,8.599,427.40,27.078,25.832,-0.040353,-0.005848,-0.008958,14.862,22.159,steady_run_2
11.050000,2,55,3415.98,12.2558,0.52397,187.43,49.681,8.520,423.29,27.082,25.834,0.048772,0.045282,0.022630,14.819,22.159,steady_run_2
11.055000,2,55,3417.36,12.4005,0.52015,186.15,49.705,8.570,425.96,27.085,25.837,-0.027842,-0.038347,0.015911,14.784,22.159,steady_run_2
11.060000,2,55,3423.63,12.3283,0.53294,191.07,49.706,8.684,431.64,27.089,25.839,0.043457,0.047851,0.020530,14.887,22.159,steady_run_2
11.065000,2,55,3422.16,12.2192,0.53253,190.84,49.691,8.566,425.66,27.093,25.842,0.049479,0.043226,0.024610,14.785,22.159,steady_run_2
11.070000,2,55,3418.86,12.3818,0.52505,187.98,49.690,8.590,426.84,27.096,25.845,-0.045235,0.001934,-0.019452,14.864,22.159,steady_run_2
11.075000,2,55,3415.47,12.1636,0.52937,189.34,49.708,8.628,428.86,27.100,25.847,-0.002708,-0.013692,-0.004135,14.784,22.159,steady_run_2
11.080000,2,55,3420.15,12.2195,0.53145,190.34,49.700,8.487,421.80,27.103,25.850,-0.017553,-0.045676,0.026666,14.870,22.160,steady_run_2
11.085000,2,55,3417.78,12.2880,0.52998,189.68,49.698,8.593,427.06,27.107,25.852,-0.002815,-0.009610,-0.005867,14.859,22.160,steady_run_2
11.090000,2,55,3406.21,12.1907,0.52292,186.52,49.682,8.614,427.98,27.111,25.855,-0.020299,-0.044667,0.027170,14.847,22.160,steady_run_2
11.095000,2,55,3418.12,12.2478,0.51481,184.27,49.717,8.556,425.37,27.114,25.857,0.036438,0.044943,0.022987,14.750,22.160,steady_run_2
11.100000,2,55,3420.77,12.2233,0.52827,189.24,49.688,8.613,427.98,27.118,25.860,-0.043762,0.000987,-0.024826,14.855,22.160,steady_run_2
11.105000,2,55,3427.74,12.3103,0.52192,187.34,49.700,8.675,431.15,27.121,25.863,0.001973,-0.006491,-0.011501,14.901,22.160,steady_run_2
11.110000,2,55,3414.50,12.2711,0.51973,185.84,49.688,8.538,424.25,27.125,25.865,0.040934,0.000964,-0.014349,14.902,22.160,steady_run_2
11.115000,2,55,3414.69,12.2974,0.51607,184.54,49.707,8.652,430.04,27.129,25.868,-0.016771,-0.049184,0.023380,14.784,22.160,steady_run_2
11.120000,2,55,3420.04,12.3530,0.52783,189.04,49.691,8.660,430.34,27.132,25.871,-0.038967,-0.000855,-0.021435,14.964,22.160,steady_run_2
11.125000,2,55,3411.89,12.2485,0.53550,191.33,49.706,8.464,420.72,27.136,25.873,-0.021229,-0.043364,0.021815,14.879,22.160,steady_run_2
11.130000,2,55,3411.65,12.2491,0.52552,187.75,49.684,8.674,430.95,27.139,25.876,-0.038619,0.000083,-0.023087,14.894,22.160,steady_run_2
11.135000,2,55,3416.80,12.2093,0.51385,183.86,49.684,8.664,430.46,27.143,25.878,0.047511,0.046851,0.021541,14.774,22.160,steady_run_2
11.140000,2,55,3422.06,12.2592,0.52489,188.10,49.693,8.618,428.28,27.146,25.881,0.010153,-0.002000,-0.023642,14.844,22.160,steady_run_2
11.145000,2,55,3415.86,12.3467,0.53718,192.15,49.699,8.662,430.50,27.150,25.883,-0.012654,-0.028771,0.011166,14.745,22.160,steady_run_2
11.150000,2,55,3416.19,12.2181,0.52959,189.46,49.667,8.646,429.42,27.154,25.886,-0.043828,0.002419,-0.024424,14.849,22.160,steady_run_2
11.155000,2,55,3414.76,12.2811,0.51549,184.33,49.702,8.555,425.21,27.157,25.889,-0.040466,0.001510,-0.022031,14.922,22.160,steady_run_2
11.160000,2,55,3421.60,12.2702,0.54497,195.27,49.684,8.618,428.16,27.161,25.891,-0.000378,-0.005410,-0.009308,14.924,22.160,steady_run_2
11.165000,2,55,3425.06,12.3141,0.53512,191.93,49.729,8.532,424.31,27.164,25.894,0.010558,-0.000676,-0.023051,14.904,22.160,steady_run_2
11.170000,2,55,3426.46,12.2753,0.53490,191.93,49.702,8.572,426.04,27.168,25.896,-0.034103,0.002165,-0.018229,14.893,22.160,steady_run_2
11.175000,2,55,3419.31,12.2253,0.52706,188.72,49.666,8.748,434.48,27.171,25.899,-0.042156,0.001740,-0.026933,14.848,22.160,steady_run_2
11.180000,2,55,3418.93,12.3396,0.52033,186.29,49.691,8.495,422.13,27.175,25.901,0.034170,0.046399,0.023669,14.911,22.161,steady_run_2
11.185000,2,55,3415.13,12.2297,0.51724,184.98,49.709,8.591,427.06,27.178,25.904,-0.019366,-0.037495,0.016046,14.933,22.161,steady_run_2
11.190000,2,55,3417.24,12.2361,0.51358,183.79,49.679,8.702,432.32,27.182,25.906,0.022225,-0.001555,-0.023055,14.824,22.161,steady_run_2
11.195000,2,55,3412.06,12.2462,0.52664,188.18,49.712,8.577,426.39,27.186,25.909,-0.024195,-0.039326,0.016548,14.760,22.161,steady_run_2
11.200000,2,55,3418.40,12.1862,0.53618,191.94,49.697,8.673,431.03,27.189,25.912,0.047381,0.045026,0.022880,14.875,22.161,steady_run_2
11.205000,2,55,3424.27,12.2890,0.52319,187.61,49.691,8.642,429.43,27.193,25.914,-0.011488,-0.025708,0.011805,14.920,22.161,steady_run_2
11.210000,2,55,3424.52,12.3114,0.51978,186.40,49.724,8.487,421.98,27.196,25.917,-0.041736,0.001973,-0.022203,15.016,22.161,steady_run_2
11.215000,2,55,3407.78,12.2419,0.51520,183.85,49.682,8.462,420.40,27.200,25.919,-0.004448,0.019320,0.007311,15.001,22.161,steady_run_2
11.220000,2,55,3419.64,12.2906,0.53802,192.67,49.699,8.628,428.81,27.203,25.922,-0.007300,-0.023891,0.004031,14.812,22.161,steady_run_2
11.225000,2,55,3419.16,12.3295,0.51947,186.00,49.688,8.508,422.73,27.207,25.924,-0.028951,-0.030551,0.009059,14.781,22.161,steady_run_2
11.230000,2,55,3430.10,12.3519,0.53257,191.30,49.702,8.668,430.81,27.210,25.927,0.010995,0.030590,0.014097,14.932,22.161,steady_run_2
11.235000,2,55,3420.65,12.2397,0.52865,189.37,49.709,8.505,422.79,27.214,25.929,-0.010853,-0.034965,0.017252,14.919,22.161,steady_run_2
11.240000,2,55,3418.71,12.1775,0.53100,190.10,49.684,8.579,426.23,27.217,25.932,0.000070,-0.012542,-0.005558,14.821,22.161,steady_run_2
11.245000,2,55,3417.07,12.2203,0.52350,187.33,49.711,8.478,421.46,27.221,25.934,-0.003726,-0.005026,-0.009899,14.898,22.161,steady_run_2
11.250000,2,55,3416.74,12.2036,NaN,188.49,49.712,8.602,427.60,27.224,25.937,-0.024006,-0.036825,0.017445,15.004,22.161,steady_run_2
11.255000,2,55,3432.61,12.4013,NaN,187.49,49.694,8.640,429.34,27.228,25.939,-0.028002,0.002507,-0.016145,14.930,22.161,steady_run_2
11.260000,2,55,3417.55,12.2213,NaN,188.48,49.704,8.526,423.77,27.231,25.942,0.008586,-0.004814,-0.022165,14.955,22.161,steady_run_2
11.265000,2,55,3417.33,12.2308,NaN,182.95,49.711,8.699,432.43,27.235,25.944,-0.018600,-0.046430,0.024702,14.825,22.161,steady_run_2
11.270000,2,55,3423.94,12.2719,NaN,191.93,49.696,8.763,435.46,27.238,25.947,0.054642,0.037655,0.020271,14.920,22.161,steady_run_2
11.275000,2,55,3415.79,12.3563,NaN,188.51,49.701,8.597,427.30,27.242,25.949,-0.034775,0.004728,-0.019158,14.801,22.161,steady_run_2
11.280000,2,55,3417.22,12.2733,NaN,184.73,49.695,8.621,428.40,27.245,25.952,-0.004451,-0.013949,-0.005574,14.865,22.162,steady_run_2
11.285000,2,55,3417.53,12.2817,NaN,189.25,49.703,8.617,428.30,27.249,25.954,-0.045322,0.000610,-0.021115,14.879,22.162,steady_run_2
11.290000,2,55,3420.33,12.3338,NaN,193.82,49.680,8.640,429.25,27.252,25.957,-0.018162,-0.048414,0.022445,14.879,22.162,steady_run_2
11.295000,2,55,3414.39,12.2682,NaN,190.17,49.692,8.648,429.73,27.256,25.959,-0.042766,-0.004037,-0.014406,14.896,22.162,steady_run_2
11.300000,2,55,3414.04,12.3306,NaN,183.80,49.706,8.678,431.36,27.259,25.962,-0.000697,0.021314,0.008933,14.809,22.162,steady_run_2
11.305000,2,55,3423.26,12.2841,NaN,188.63,49.657,8.644,429.24,27.263,25.965,0.011616,0.028597,0.014466,14.929,22.162,steady_run_2
11.310000,2,55,3423.50,12.3298,NaN,188.18,49.709,8.561,425.57,27.266,25.967,0.014334,-0.003833,-0.025921,14.783,22.162,steady_run_2
11.315000,2,55,3412.25,12.1490,NaN,188.15,49.706,8.497,422.33,27.270,25.969,-0.010914,-0.027789,0.010220,14.851,22.162,steady_run_2
11.320000,2,55,3427.34,12.2857,NaN,192.47,49.664,8.694,431.78,27.273,25.972,-0.024854,-0.037645,0.020403,14.782,22.162,steady_run_2
11.325000,2,55,3407.27,12.2294,NaN,182.92,49.680,8.607,427.59,27.277,25.974,0.051256,0.042787,0.019813,14.742,22.162,steady_run_2
11.330000,2,55,3414.60,12.2543,NaN,190.07,49.672,8.681,431.22,27.280,25.977,-0.047352,0.001125,-0.022657,14.915,22.162,steady_run_2
11.335000,2,55,3422.80,12.2211,NaN,190.63,49.683,8.620,428.25,27.284,25.979,-0.021343,-0.040818,0.019536,14.868,22.162,steady_run_2
11.340000,2,55,3413.39,12.2990,NaN,183.15,49.683,8.664,430.45,27.287,25.982,0.050880,0.040646,0.018670,14.845,22.162,steady_run_2
11.345000,2,55,3405.76,12.1720,NaN,180.28,49.686,8.644,429.49,27.291,25.985,-0.003387,0.019500,0.005836,14.817,22.162,steady_run_2
11.350000,2,55,3416.12,12.3848,NaN,181.94,49.703,8.489,421.92,27.294,25.987,0.051538,0.012698,-0.002524,14.887,22.162,steady_run_2
11.355000,2,55,3417.98,12.2648,NaN,186.93,49.682,8.460,420.29,27.298,25.989,-0.043471,-0.000047,-0.024874,14.993,22.162,steady_run_2
11.360000,2,55,3415.42,12.2612,NaN,188.96,49.696,8.591,426.93,27.301,25.992,-0.025702,-0.034228,0.013185,14.932,22.162,steady_run_2
11.365000,2,55,3426.02,12.2566,NaN,190.33,49.676,8.810,437.63,27.305,25.994,-0.013158,0.015050,-0.000198,14.787,22.162,steady_run_2
11.370000,2,55,3417.74,12.2311,NaN,187.92,49.671,8.701,432.18,27.308,25.997,-0.026293,-0.028757,0.013780,14.831,22.162,steady_run_2
11.375000,2,55,3408.07,12.1801,NaN,191.27,49.704,8.489,421.96,27.312,25.999,0.047988,0.043206,0.022674,14.727,22.162,steady_run_2
11.380000,2,55,3423.67,12.3077,NaN,192.93,49.719,8.509,423.05,27.315,26.002,0.009235,0.001326,-0.025616,15.022,22.162,steady_run_2
11.385000,2,55,3418.35,12.1816,NaN,193.31,49.682,8.499,422.27,27.318,26.004,-0.021674,-0.041412,0.017934,14.857,22.163,steady_run_2
11.390000,2,55,3415.46,12.2161,NaN,192.78,49.689,8.671,430.87,27.322,26.007,0.008575,-0.004743,-0.019666,14.807,22.163,steady_run_2
11.395000,2,55,3424.19,12.3254,NaN,191.72,49.685,8.783,436.37,27.325,26.009,0.022069,-0.001943,-0.023625,14.852,22.163,steady_run_2
11.400000,2,55,3422.11,12.2595,NaN,186.83,49.710,8.544,424.72,27.329,26.012,0.048343,0.017293,0.001994,14.949,22.163,steady_run_2
11.405000,2,55,3424.83,12.2572,NaN,187.59,49.688,8.709,432.73,27.332,26.014,0.011045,0.033263,0.016154,14.893,22.163,steady_run_2
11.410000,2,55,3427.27,12.2784,NaN,188.44,49.690,8.535,424.10,27.336,26.017,-0.041187,-0.006684,-0.015791,14.929,22.163,steady_run_2
11.415000,2,55,3423.27,12.2502,NaN,191.99,49.693,8.693,431.96,27.339,26.019,0.033342,0.001766,-0.020305,14.942,22.163,steady_run_2
11.420000,2,55,3409.09,12.2011,NaN,188.90,49.706,8.542,424.59,27.343,26.021,-0.038920,0.005007,-0.020900,14.739,22.163,steady_run_2
11.425000,2,55,3425.38,12.2275,NaN,188.62,49.679,8.668,430.62,27.346,26.024,0.042466,0.003462,-0.012391,14.937,22.163,steady_run_2
11.430000,2,55,3416.06,12.1349,NaN,186.55,49.706,8.530,424.01,27.350,26.026,-0.042228,0.001914,-0.017199,14.795,22.163,steady_run_2
11.435000,2,55,3419.60,12.3356,NaN,193.03,49.693,8.662,430.43,27.353,26.029,-0.035815,-0.009252,-0.005319,14.749,22.163,steady_run_2
11.440000,2,55,3419.40,12.2796,NaN,186.61,49.680,8.594,426.94,27.356,26.031,-0.004713,0.021552,0.004030,14.932,22.163,steady_run_2
11.445000,2,55,3413.73,12.2016,NaN,181.67,49.695,8.707,432.69,27.360,26.034,0.053824,0.028886,0.011224,14.756,22.163,steady_run_2
11.450000,2,55,3422.30,12.2424,NaN,186.45,49.680,8.597,427.10,27.363,26.036,0.045562,0.049190,0.023347,14.813,22.163,steady_run_2
11.455000,2,55,3422.38,12.2716,NaN,185.21,49.684,8.570,425.78,27.367,26.039,0.005499,-0.006077,-0.017441,14.934,22.163,steady_run_2
11.460000,2,55,3420.78,12.3285,NaN,189.39,49.675,8.684,431.36,27.370,26.041,0.007445,-0.004265,-0.021268,14.765,22.163,steady_run_2
11.465000,2,55,3424.50,12.2880,NaN,190.54,49.708,8.474,421.25,27.374,26.043,0.009060,-0.004428,-0.021075,14.885,22.163,steady_run_2
11.470000,2,55,3426.21,12.3085,NaN,191.55,49.678,8.680,431.22,27.377,26.046,0.001262,0.024657,0.006318,14.884,22.163,steady_run_2
11.475000,2,55,3433.28,12.3436,NaN,191.54,49.658,8.790,436.50,27.381,26.048,-0.020463,-0.044292,0.024264,14.993,22.163,steady_run_2
11.480000,2,55,3425.76,12.3520,NaN,187.36,49.714,8.581,426.62,27.384,26.051,-0.007220,-0.018380,0.004557,14.933,22.163,steady_run_2
11.485000,2,55,3423.03,12.2454,NaN,188.44,49.680,8.758,435.10,27.387,26.053,0.046128,0.013298,-0.005771,14.859,22.164,steady_run_2
11.490000,2,55,3421.07,12.2222,NaN,185.09,49.711,8.628,428.92,27.391,26.056,0.051624,0.039041,0.017228,14.841,22.164,steady_run_2
11.495000,2,55,3417.43,12.2422,NaN,188.52,49.682,8.698,432.13,27.394,26.058,-0.037630,-0.010471,-0.004632,14.884,22.164,steady_run_2
11.500000,2,55,3421.66,12.2422,NaN,187.42,49.707,8.536,424.31,27.398,26.061,-0.045342,-0.000200,-0.024531,15.009,22.164,steady_run_2
11.505000,2,55,3423.74,12.1692,NaN,193.83,49.718,8.596,427.38,27.401,26.063,-0.010318,-0.031587,0.014681,14.913,22.164,steady_run_2
11.510000,2,55,3419.00,12.2772,NaN,183.93,49.704,8.436,419.32,27.404,26.065,-0.037236,0.003377,-0.018908,14.909,22.164,steady_run_2
11.515000,2,55,3418.26,12.2230,NaN,188.33,49.700,8.563,425.56,27.408,26.068,0.019847,0.035429,0.018218,14.981,22.164,steady_run_2
11.520000,2,55,3423.12,12.2460,NaN,189.74,49.710,8.754,435.15,27.411,26.070,0.044125,0.006204,-0.010426,14.926,22.164,steady_run_2
11.525000,2,55,3421.01,12.3811,NaN,189.09,49.700,8.585,426.69,27.415,26.073,0.050119,0.043900,0.022816,14.795,22.164,steady_run_2
11.530000,2,55,3419.71,12.2118,NaN,185.95,49.688,8.568,425.71,27.418,26.075,0.051070,0.035419,0.014301,14.963,22.164,steady_run_2
11.535000,2,55,3411.06,12.2237,NaN,187.10,49.710,8.517,423.37,27.421,26.077,-0.042451,0.001924,-0.019913,14.902,22.164,steady_run_2
11.540000,2,55,3414.98,12.3266,NaN,188.20,49.684,8.619,428.23,27.425,26.080,-0.043961,0.003058,-0.023689,14.849,22.164,steady_run_2
11.545000,2,55,3408.60,12.1766,NaN,183.15,49.706,8.577,426.32,27.428,26.082,-0.036912,0.003093,-0.021432,14.828,22.164,steady_run_2
11.550000,2,55,3414.76,12.2208,NaN,184.04,49.711,8.565,425.77,27.431,26.084,0.015338,-0.002259,-0.023813,14.867,22.164,steady_run_2
11.555000,2,55,3418.66,12.3217,NaN,186.97,49.678,8.694,431.89,27.435,26.087,0.006339,-0.001761,-0.019500,15.010,22.164,steady_run_2
11.560000,2,55,3409.23,12.1362,NaN,188.95,49.701,8.671,430.96,27.438,26.089,-0.042384,0.000852,-0.024757,14.933,22.164,steady_run_2
11.565000,2,55,3421.36,12.2290,NaN,188.33,49.704,8.650,429.94,27.442,26.092,-0.006636,-0.023316,0.004086,14.972,22.164,steady_run_2
11.570000,2,55,3423.43,12.2355,NaN,191.60,49.696,8.617,428.22,27.445,26.094,0.053543,0.033917,0.014079,14.760,22.164,steady_run_2
11.575000,2,55,3422.70,12.1842,NaN,193.51,49.680,8.595,426.98,27.448,26.096,0.028953,-0.005094,-0.023260,14.837,22.164,steady_run_2
11.580000,2,55,3424.53,12.3876,NaN,193.30,49.684,8.682,431.34,27.452,26.099,-0.020097,0.011584,-0.005693,14.856,22.164,steady_run_2
11.585000,2,55,3420.12,12.1875,NaN,193.95,49.690,8.634,429.01,27.455,26.101,0.004704,0.000266,-0.022596,15.014,22.164,steady_run_2
11.590000,2,55,3415.30,12.2269,NaN,188.00,49.694,8.550,424.90,27.459,26.104,-0.037073,-0.009437,-0.007254,14.823,22.165,steady_run_2
11.595000,2,55,3418.77,12.2819,NaN,185.58,49.703,8.617,428.28,27.462,26.106,-0.030958,-0.025867,0.007648,14.813,22.165,steady_run_2
11.600000,2,55,3418.14,12.2867,NaN,188.64,49.668,8.690,431.61,27.465,26.108,-0.043783,0.001495,-0.022680,14.852,22.165,steady_run_2
11.605000,2,55,3419.99,12.3115,NaN,191.86,49.704,8.521,423.52,27.469,26.111,-0.008714,-0.024494,0.009701,14.930,22.165,steady_run_2
11.610000,2,55,3414.21,12.2798,NaN,186.80,49.690,8.755,435.02,27.472,26.113,-0.025260,-0.034814,0.016712,14.737,22.165,steady_run_2
11.615000,2,55,3421.20,12.3140,NaN,186.99,49.695,8.506,422.69,27.475,26.116,0.026564,0.000486,-0.020424,15.026,22.165,steady_run_2
11.620000,2,55,3427.66,12.3824,NaN,191.42,49.692,8.624,428.54,27.479,26.118,-0.046584,-0.000026,-0.026320,14.942,22.165,steady_run_2
11.625000,2,55,3422.34,12.2555,NaN,189.09,49.706,8.646,429.75,27.482,26.120,0.038507,0.045623,0.025021,15.016,22.165,steady_run_2
11.630000,2,55,3411.99,12.2739,NaN,187.88,49.687,8.597,427.17,27.485,26.123,0.012112,-0.003717,-0.021932,14.712,22.165,steady_run_2
11.635000,2,55,3413.57,12.2759,NaN,187.86,49.684,8.545,424.56,27.489,26.125,-0.011812,0.012873,0.000329,14.869,22.165,steady_run_2
11.640000,2,55,3414.74,12.2353,NaN,190.09,49.690,8.520,423.35,27.492,26.127,-0.006278,-0.016645,0.002267,14.779,22.165,steady_run_2
11.645000,2,55,3425.21,12.2835,NaN,190.54,49.727,8.539,424.60,27.495,26.130,-0.043626,-0.002072,-0.021650,14.818,22.165,steady_run_2
11.650000,2,55,3418.57,12.3326,0.52511,187.98,49.704,8.653,430.06,27.499,26.132,-0.046422,0.000382,-0.020135,14.943,22.165,steady_run_2
11.655000,2,55,3413.59,12.2355,0.51987,185.84,49.693,8.709,432.78,27.502,26.134,0.043006,0.046998,0.023346,14.811,22.165,steady_run_2
11.660000,2,55,3424.05,12.3709,0.53129,190.50,49.690,8.647,429.67,27.505,26.137,-0.000681,-0.003130,-0.012358,14.923,22.165,steady_run_2
11.665000,2,55,3411.82,12.1992,0.53075,189.63,49.690,8.627,428.69,27.509,26.139,0.024414,-0.002679,-0.025304,14.772,22.165,steady_run_2
11.670000,2,55,3417.42,12.2555,0.52755,188.80,49.709,8.626,428.81,27.512,26.141,-0.032008,-0.021499,0.005464,15.017,22.165,steady_run_2
11.675000,2,55,3414.88,12.2528,0.51811,185.28,49.684,8.745,434.48,27.516,26.144,-0.008429,-0.025056,0.008193,14.875,22.165,steady_run_2
11.680000,2,55,3411.17,12.2809,0.52628,188.00,49.735,8.453,420.40,27.519,26.146,0.025506,0.041371,0.022290,14.829,22.165,steady_run_2
11.685000,2,55,3425.08,12.3773,0.52059,186.72,49.664,8.612,427.71,27.522,26.148,0.024863,0.041978,0.022455,14.873,22.165,steady_run_2
11.690000,2,55,3430.51,12.3877,0.53331,191.59,49.673,8.670,430.67,27.525,26.151,0.005956,-0.003613,-0.020828,14.838,22.165,steady_run_2
11.695000,2,55,3420.25,12.3086,0.52497,188.03,49.694,8.555,425.15,27.529,26.153,-0.028378,-0.032510,0.013623,14.836,22.165,steady_run_2
11.700000,2,55,3418.23,12.2611,0.51759,185.27,49.713,8.658,430.40,27.532,26.155,-0.014018,-0.040781,0.023126,14.933,22.166,steady_run_2
11.705000,2,55,3410.27,12.1694,0.50837,181.55,49.712,8.632,429.12,27.535,26.158,0.028266,0.001277,-0.022507,14.796,22.166,steady_run_2
11.710000,2,55,3426.56,12.2607,0.54162,194.35,49.662,8.626,428.41,27.539,26.160,-0.040994,-0.005529,-0.013484,14.992,22.166,steady_run_2
11.715000,2,55,3421.21,12.2533,0.52239,187.16,49.691,8.600,427.35,27.542,26.162,0.007816,0.026486,0.012068,14.846,22.166,steady_run_2
11.720000,2,55,3414.98,12.3572,0.51553,184.36,49.686,8.536,424.14,27.545,26.165,0.032516,0.046633,0.021791,14.916,22.166,steady_run_2
11.725000,2,55,3412.48,12.1295,0.52938,189.18,49.678,8.550,424.73,27.549,26.167,-0.040837,0.002109,-0.025121,14.941,22.166,steady_run_2
11.730000,2,55,3421.75,12.2470,0.53818,192.84,49.681,8.557,425.10,27.552,26.169,-0.012346,0.018214,-0.001337,14.952,22.166,steady_run_2
11.735000,2,55,3418.23,12.2103,0.53201,190.44,49.708,8.511,423.09,27.555,26.171,-0.010868,-0.045453,0.022829,14.778,22.166,steady_run_2
11.740000,2,55,3414.20,12.1807,0.51709,184.88,49.675,8.618,428.09,27.558,26.174,0.028109,0.040987,0.022259,14.775,22.166,steady_run_2
11.745000,2,55,3418.52,12.3379,0.52583,188.24,49.684,8.664,430.45,27.562,26.176,0.053620,0.024695,0.006499,14.821,22.166,steady_run_2
11.750000,2,55,3419.19,12.2550,0.52164,186.78,49.695,8.566,425.68,27.565,26.178,-0.019294,-0.049460,0.026855,14.975,22.166,steady_run_2
11.755000,2,55,3424.97,12.3630,0.52964,189.96,49.690,8.726,433.57,27.568,26.181,0.015168,0.037668,0.014713,14.941,22.166,steady_run_2
11.760000,2,55,3418.33,12.2538,0.52856,189.21,49.697,8.582,426.52,27.572,26.183,0.009276,0.031093,0.012576,14.862,22.166,steady_run_2
11.765000,2,55,3420.21,12.3082,0.52145,186.76,49.714,8.585,426.81,27.575,26.185,-0.025309,-0.037349,0.017188,14.932,22.166,steady_run_2
11.770000,2,55,3422.67,12.2486,0.52224,187.18,49.678,8.666,430.48,27.578,26.188,0.001583,-0.007886,-0.012582,14.867,22.166,steady_run_2
11.775000,2,55,3423.94,12.3944,0.53660,192.40,49.696,8.705,432.58,27.582,26.190,-0.013854,0.016704,-0.005082,14.818,22.166,steady_run_2
11.780000,2,55,3416.50,12.3413,0.52947,189.43,49.712,8.439,419.53,27.585,26.192,-0.043195,-0.002843,-0.018034,14.952,22.166,steady_run_2
11.785000,2,55,3417.40,12.2695,0.52264,187.04,49.702,8.770,435.87,27.588,26.195,0.045993,0.005790,-0.007300,14.775,22.166,steady_run_2
11.790000,2,55,3426.29,12.3921,0.54261,194.69,49.709,8.615,428.24,27.591,26.197,0.039754,0.001755,-0.020802,14.901,22.166,steady_run_2
11.795000,2,55,3425.79,12.3248,0.53281,191.15,49.722,8.550,425.14,27.595,26.199,-0.007512,-0.015762,0.000965,14.836,22.166,steady_run_2
11.800000,2,55,3425.47,12.3274,0.52944,189.92,49.720,8.652,430.19,27.598,26.202,-0.032027,-0.025301,0.003912,14.788,22.166,steady_run_2
11.805000,2,55,3423.28,12.3164,0.52778,189.20,49.690,8.607,427.68,27.601,26.204,-0.010967,-0.040700,0.018611,14.947,22.167,steady_run_2
11.810000,2,55,3414.88,12.3040,0.51364,183.68,49.688,8.638,429.20,27.604,26.206,0.053153,0.033721,0.010970,14.863,22.167,steady_run_2
11.815000,2,55,3410.92,12.1512,0.52371,187.06,49.706,8.640,429.47,27.608,26.208,-0.030670,-0.026415,0.007384,14.824,22.167,steady_run_2
11.820000,2,55,3413.70,12.2464,0.52748,188.56,49.680,8.663,430.36,27.611,26.211,-0.013376,-0.029362,0.010567,14.814,22.167,steady_run_2
11.825000,2,55,3417.72,12.2800,0.52520,187.97,49.700,8.599,427.38,27.614,26.213,-0.016947,-0.048208,0.023721,14.871,22.167,steady_run_2
11.830000,2,55,3417.52,12.3139,0.51953,185.93,49.689,8.556,425.16,27.618,26.215,-0.046262,0.003729,-0.024497,14.865,22.167,steady_run_2
11.835000,2,55,3424.61,12.3222,0.53934,193.42,49.711,8.679,431.47,27.621,26.218,-0.012453,-0.031308,0.017257,14.978,22.167,steady_run_2
11.840000,2,55,3409.94,12.1777,0.52627,187.92,49.667,8.672,430.72,27.624,26.220,-0.030801,0.002995,-0.014139,14.945,22.167,steady_run_2
11.845000,2,55,3420.01,12.2139,0.51798,185.51,49.693,8.591,426.89,27.627,26.222,0.053689,0.029754,0.011252,14.916,22.167,steady_run_2
11.850000,2,55,3415.84,12.2387,0.52989,189.55,49.705,8.498,422.41,27.631,26.224,-0.022483,-0.043790,0.021814,14.960,22.167,steady_run_2
11.855000,2,55,3426.42,12.3350,0.53606,192.35,49.690,8.725,433.53,27.634,26.227,0.012289,0.035971,0.014981,14.921,22.167,steady_run_2
11.860000,2,55,3417.81,12.3216,0.52394,187.52,49.711,8.449,420.02,27.637,26.229,-0.018706,-0.047024,0.025022,14.869,22.167,steady_run_2
11.865000,2,55,3410.95,12.1785,0.52466,187.40,49.696,8.506,422.71,27.640,26.231,-0.009966,-0.034613,0.019573,14.859,22.167,steady_run_2
11.870000,2,55,3423.92,12.3787,0.53235,190.87,49.682,8.680,431.23,27.643,26.233,0.011770,-0.002706,-0.021749,14.853,22.167,steady_run_2
11.875000,2,55,3415.27,12.1524,0.52521,187.84,49.671,8.649,429.61,27.647,26.236,-0.017992,0.012016,-0.006692,14.928,22.167,steady_run_2
11.880000,2,55,3419.62,12.2608,0.53194,190.49,49.669,8.679,431.09,27.650,26.238,0.043320,0.048969,0.026723,14.810,22.167,steady_run_2
11.885000,2,55,3417.30,12.3279,0.51801,185.37,49.689,8.527,423.72,27.653,26.240,-0.031684,0.005948,-0.012043,14.940,22.167,steady_run_2
11.890000,2,55,3408.33,12.1112,0.52361,186.89,49.699,8.534,424.13,27.656,26.242,-0.001418,-0.008565,-0.009284,14.811,22.167,steady_run_2
11.895000,2,55,3427.96,12.4104,0.52483,188.40,49.705,8.555,425.22,27.660,26.244,-0.016593,-0.050531,0.023598,14.862,22.167,steady_run_2
11.900000,2,55,3410.58,12.1943,0.52137,186.21,49.693,8.564,425.58,27.663,26.247,-0.005509,-0.012761,-0.004933,14.864,22.167,steady_run_2
11.905000,2,55,3413.10,12.1697,0.51792,185.11,49.688,8.569,425.79,27.666,26.249,0.050000,0.012499,-0.001733,14.875,22.167,steady_run_2
11.910000,2,55,3417.00,12.2207,0.52926,189.38,49.679,8.523,423.40,27.669,26.251,0.036640,-0.000460,-0.020751,14.802,22.167,steady_run_2
11.915000,2,55,3413.41,12.2512,0.52740,188.52,49.703,8.531,423.99,27.672,26.253,-0.041407,0.001374,-0.022881,14.866,22.168,steady_run_2
11.920000,2,55,3417.51,12.3315,0.51606,184.69,49.713,8.683,431.66,27.676,26.256,-0.015322,0.015961,-0.001796,14.792,22.168,steady_run_2
11.925000,2,55,3419.44,12.3910,0.53541,191.72,49.692,8.634,429.06,27.679,26.258,-0.023212,-0.042516,0.023320,14.899,22.168,steady_run_2
11.930000,2,55,3424.80,12.2022,0.54178,194.31,49.701,8.718,433.28,27.682,26.260,-0.004817,0.021647,0.006510,14.910,22.168,steady_run_2
11.935000,2,55,3415.35,12.2158,0.51860,185.48,49.684,8.685,431.53,27.685,26.262,0.006317,-0.001494,-0.023122,14.823,22.168,steady_run_2
11.940000,2,55,3423.75,12.2847,0.52417,187.93,49.706,8.550,424.96,27.689,26.265,0.019991,-0.003289,-0.024497,14.935,22.168,steady_run_2
11.945000,2,55,3416.42,12.2438,0.51618,184.67,49.686,8.686,431.60,27.692,26.267,0.053417,0.033477,0.014441,14.867,22.168,steady_run_2
11.950000,2,55,3418.72,12.3838,0.51754,185.28,49.685,8.687,431.60,27.695,26.269,-0.032140,0.003830,-0.015654,14.855,22.168,steady_run_2
11.955000,2,55,3424.47,12.2844,0.53059,190.28,49.715,8.696,432.32,27.698,26.271,0.019455,0.000035,-0.022906,14.947,22.168,steady_run_2
11.960000,2,55,3421.89,12.2743,0.52486,188.08,49.717,8.704,432.74,27.702,26.274,0.044966,0.043158,0.022731,14.953,22.168,steady_run_2
11.965000,2,55,3428.68,12.2729,0.52058,186.91,49.725,8.557,425.48,27.705,26.276,-0.042308,-0.008958,-0.012178,14.879,22.168,steady_run_2
11.970000,2,55,3409.86,12.1714,0.53076,189.52,49.695,8.644,429.57,27.708,26.278,0.039168,0.001700,-0.017674,14.720,22.168,steady_run_2
11.975000,2,55,3423.22,12.2363,0.52451,188.03,49.711,8.653,430.17,27.711,26.280,0.047824,0.011876,-0.005847,14.952,22.168,steady_run_2
11.980000,2,55,3417.31,12.1943,0.51760,185.23,49.696,8.532,423.99,27.714,26.283,0.021903,-0.003037,-0.023622,14.885,22.168,steady_run_2
11.985000,2,55,3413.96,12.2254,0.53559,191.48,49.697,8.661,430.45,27.718,26.285,-0.013902,0.009233,-0.005925,14.789,22.168,steady_run_2
11.990000,2,55,3422.28,12.2961,0.53247,190.83,49.702,8.762,435.48,27.721,26.287,-0.031083,0.001441,-0.017763,14.971,22.168,steady_run_2
11.995000,2,55,3412.95,12.2327,0.53272,190.39,49.716,8.440,419.59,27.724,26.289,0.027725,-0.001987,-0.024640,14.749,22.168,steady_run_2
12.025000,2,55,3417.65,12.3346,0.53664,192.06,49.696,8.657,430.21,27.727,26.291,-0.013623,-0.038855,0.021295,14.957,22.168,steady_run_2
12.030000,2,55,3432.05,12.2754,0.53486,192.23,49.692,8.585,426.59,27.730,26.294,-0.030612,-0.019925,-0.000724,15.077,22.168,steady_run_2
12.035000,2,55,3425.82,12.3211,0.52717,189.12,49.682,8.643,429.39,27.734,26.296,-0.041628,-0.008170,-0.010403,14.947,22.168,steady_run_2
12.040000,2,55,3417.23,12.2190,0.52752,188.77,49.681,8.621,428.29,27.737,26.298,0.028701,-0.001354,-0.025738,14.813,22.168,steady_run_2
12.045000,2,55,3420.09,12.2929,0.51617,184.87,49.698,8.604,427.58,27.740,26.300,0.053014,0.032153,0.012375,14.918,22.168,steady_run_2
12.050000,2,55,3422.18,12.3260,0.53344,191.17,49.708,8.581,426.52,27.743,26.302,-0.037142,0.002953,-0.022294,14.930,22.169,steady_run_2
12.055000,2,55,3411.59,12.1273,0.52237,186.62,49.701,8.580,426.45,27.746,26.305,0.020264,0.037571,0.018994,14.939,22.169,steady_run_2
12.060000,2,55,3415.05,12.2341,0.53716,192.10,49.710,8.562,425.61,27.749,26.307,0.007058,0.029735,0.013844,14.812,22.169,steady_run_2
12.065000,2,55,3416.67,12.2012,0.54001,193.21,49.724,8.576,426.46,27.752,26.309,-0.020503,-0.045459,0.024280,14.820,22.169,steady_run_2
12.070000,2,55,3419.06,12.2176,0.53467,191.43,49.673,8.543,424.34,27.756,26.311,0.008082,-0.002502,-0.020566,14.869,22.169,steady_run_2
12.075000,2,55,3429.32,12.3829,0.53881,193.50,49.720,8.624,428.79,27.759,26.313,-0.038232,-0.009859,-0.005584,14.988,22.169,steady_run_2
12.080000,2,55,3411.60,12.1405,0.52609,187.95,49.698,8.670,430.89,27.762,26.315,-0.007832,-0.014179,-0.002131,14.918,22.169,steady_run_2
12.085000,2,55,3424.09,12.3340,0.52180,187.10,49.692,8.619,428.28,27.765,26.318,0.041164,0.005663,-0.014213,14.851,22.169,steady_run_2
12.090000,2,55,3415.70,12.2405,0.53351,190.83,49.705,8.670,430.92,27.768,26.320,-0.039623,0.004124,-0.023987,14.922,22.169,steady_run_2
12.095000,2,55,3423.00,12.2917,0.53286,191.01,49.687,8.708,432.69,27.772,26.322,-0.017428,-0.047129,0.023580,14.969,22.169,steady_run_2
12.100000,2,55,3418.84,12.2063,0.53667,192.14,49.665,8.712,432.67,27.775,26.324,0.030919,0.042268,0.022143,14.733,22.169,steady_run_2
12.105000,2,55,3416.50,12.2319,0.51418,183.96,49.702,8.537,424.32,27.778,26.326,-0.037825,0.000980,-0.025819,14.835,22.169,steady_run_2
12.110000,2,55,3416.97,12.1861,0.51326,183.66,49.674,8.504,422.41,27.781,26.329,0.046363,0.006030,-0.008916,14.948,22.169,steady_run_2
12.115000,2,55,3406.88,12.1886,0.52036,185.65,49.701,8.590,426.95,27.784,26.331,-0.009944,-0.027037,0.008270,14.830,22.169,steady_run_2
12.120000,2,55,3410.97,12.1955,0.52550,187.71,49.699,8.679,431.35,27.787,26.333,-0.018115,-0.045382,0.024256,14.763,22.169,steady_run_2
12.125000,2,55,3407.85,12.2059,0.51783,184.80,49.724,8.546,424.95,27.790,26.335,0.040185,0.006192,-0.012204,14.783,22.169,steady_run_2
12.130000,2,55,3421.32,12.3131,0.52748,188.98,49.700,8.647,429.77,27.794,26.337,0.042777,0.004252,-0.016084,14.915,22.169,steady_run_2
12.135000,2,55,3418.48,12.3789,0.53631,191.99,49.671,8.715,432.88,27.797,26.340,-0.003014,0.020144,0.003553,14.798,22.169,steady_run_2
12.140000,2,55,3414.84,12.1981,0.52532,187.85,49.703,8.534,424.18,27.800,26.342,-0.013621,-0.034802,0.014764,14.824,22.169,steady_run_2
12.145000,2,55,3427.68,12.3113,0.53097,190.59,49.691,8.759,435.22,27.803,26.344,0.004860,-0.002310,-0.016935,14.911,22.169,steady_run_2
12.150000,2,55,3426.13,12.3510,0.52090,186.89,49.675,8.733,433.82,27.806,26.346,0.005365,-0.000254,-0.023350,14.855,22.169,steady_run_2
12.155000,2,55,3418.44,12.2655,0.52701,188.66,49.707,8.578,426.37,27.809,26.348,0.044767,0.045791,0.022441,14.835,22.169,steady_run_2
12.160000,2,55,3417.73,12.1790,0.52226,186.92,49.676,8.587,426.56,27.813,26.350,0.043927,0.006336,-0.010221,14.911,22.169,steady_run_2
12.165000,2,55,3419.65,12.2093,0.51797,185.49,49.710,8.768,435.87,27.816,26.353,-0.023960,0.006748,-0.011722,14.802,22.170,steady_run_2
12.170000,2,55,3427.80,12.3940,0.53128,190.71,49.707,8.634,429.18,27.819,26.355,-0.043639,0.002214,-0.024805,14.906,22.170,steady_run_2
12.175000,2,55,3421.47,12.1919,0.53710,192.44,49.685,8.559,425.24,27.822,26.357,-0.044838,0.001801,-0.022702,15.014,22.170,steady_run_2
12.180000,2,55,3413.92,12.2537,0.52695,188.39,49.688,8.597,427.19,27.825,26.359,-0.019221,-0.047202,0.021538,14.828,22.170,steady_run_2
12.185000,2,55,3425.42,12.4095,0.53319,191.26,49.691,8.524,423.56,27.828,26.361,0.049320,0.010545,-0.005282,14.780,22.170,steady_run_2
12.190000,2,55,3418.39,12.2086,0.52416,187.63,49.692,8.650,429.83,27.831,26.363,0.042078,0.042464,0.023708,14.832,22.170,steady_run_2
12.195000,2,55,3426.68,12.4014,0.52141,187.10,49.665,8.602,427.21,27.834,26.365,0.028890,0.044285,0.024837,14.841,22.170,steady_run_2
12.200000,2,55,3423.34,12.3128,0.52532,188.32,49.689,8.642,429.44,27.838,26.368,-0.028976,-0.032172,0.014692,14.909,22.170,steady_run_2
12.205000,2,55,3422.28,12.3365,0.52721,188.94,49.701,8.683,431.54,27.841,26.370,-0.037054,-0.011026,-0.005204,14.874,22.170,steady_run_2
12.210000,2,55,3430.43,12.3790,0.53009,190.43,49.667,8.657,429.98,27.844,26.372,-0.025530,-0.030293,0.010665,14.991,22.170,steady_run_2
12.215000,2,55,3420.40,12.2494,0.52312,187.37,49.704,8.627,428.77,27.847,26.374,-0.023982,0.005249,-0.012157,14.994,22.170,steady_run_2
12.220000,2,55,3411.87,12.3433,0.52011,185.83,49.672,8.701,432.20,27.850,26.376,-0.009848,-0.021533,0.002993,14.818,22.170,steady_run_2
12.225000,2,55,3417.44,12.2677,0.53345,190.91,49.711,8.636,429.29,27.853,26.378,-0.034947,0.002652,-0.021703,14.860,22.170,steady_run_2
12.230000,2,55,3418.00,12.3581,0.51487,184.29,49.688,8.640,429.31,27.856,26.381,0.033951,-0.000023,-0.018687,14.803,22.170,steady_run_2
12.235000,2,55,3414.30,12.2290,0.52519,187.78,49.685,8.660,430.30,27.860,26.383,-0.046762,0.001163,-0.024049,14.844,22.170,steady_run_2
12.240000,2,55,3428.31,12.3756,0.52483,188.42,49.687,8.678,431.19,27.863,26.385,-0.010237,0.013770,-0.001456,14.991,22.170,steady_run_2
12.245000,2,55,3418.91,12.3330,0.52216,186.95,49.718,8.587,426.92,27.866,26.387,0.021518,-0.002583,-0.023591,14.910,22.170,steady_run_2
12.250000,2,55,3423.29,12.3234,0.53373,191.33,49.673,8.740,434.16,27.869,26.389,-0.011149,-0.028560,0.012232,14.876,22.170,steady_run_2
12.255000,2,55,3425.07,12.2743,0.52622,188.74,49.694,8.663,430.48,27.872,26.391,0.055913,0.037196,0.016284,14.945,22.170,steady_run_2
12.260000,2,55,3418.12,12.2483,0.54384,194.66,49.727,8.555,425.42,27.875,26.393,0.013521,0.036140,0.014963,14.874,22.170,steady_run_2
12.265000,2,55,3426.97,12.2064,0.52825,189.57,49.711,8.530,424.04,27.878,26.395,0.046212,0.044500,0.022893,14.827,22.170,steady_run_2
12.270000,2,55,3425.43,12.2290,0.53980,193.63,49.692,8.559,425.29,27.881,26.398,0.041985,0.044072,0.024912,14.868,22.170,steady_run_2
12.275000,2,55,3429.77,12.4856,0.52965,190.23,49.688,8.762,435.38,27.884,26.400,0.046534,0.002601,-0.014196,14.795,22.171,steady_run_2
12.280000,2,55,3417.29,12.3222,0.51688,184.97,49.691,8.692,431.89,27.888,26.402,0.001943,0.020940,0.010654,14.819,22.171,steady_run_2
12.285000,2,55,3424.83,12.2896,0.53019,190.15,49.659,8.736,433.80,27.891,26.404,-0.045738,0.002145,-0.021907,14.966,22.171,steady_run_2
12.290000,2,55,3423.20,12.1818,0.53031,190.10,49.668,8.762,435.18,27.894,26.406,-0.039880,-0.000418,-0.012629,14.923,22.171,steady_run_2
12.295000,2,55,3416.45,12.3022,0.52900,189.26,49.692,8.458,420.29,27.897,26.408,-0.030684,-0.029709,0.011017,14.929,22.171,steady_run_2
12.300000,2,55,3419.89,12.2992,0.53140,190.31,49.720,8.573,426.24,27.900,26.410,-0.027122,-0.033353,0.014261,14.858,22.171,steady_run_2
12.305000,2,55,3422.68,12.3239,0.51544,184.74,49.691,8.548,424.76,27.903,26.412,-0.008578,-0.032547,0.017056,14.833,22.171,steady_run_2
12.310000,2,55,3416.78,12.2711,0.52944,189.43,49.676,8.706,432.48,27.906,26.415,-0.018166,-0.042981,0.024549,14.855,22.171,steady_run_2
12.315000,2,55,3423.32,12.3172,0.53720,192.58,49.708,8.577,426.32,27.909,26.417,0.048045,0.016234,-0.002321,14.817,22.171,steady_run_2
12.320000,2,55,3420.64,12.3955,0.53173,190.47,49.686,8.477,421.17,27.912,26.419,-0.014118,0.010993,-0.001741,14.897,22.171,steady_run_2
12.325000,2,55,3423.77,12.3303,0.52819,189.38,49.670,8.690,431.62,27.915,26.421,-0.038707,0.003493,-0.022265,14.807,22.171,steady_run_2
12.330000,2,55,3422.51,12.2642,0.53109,190.34,49.676,8.606,427.53,27.918,26.423,-0.029097,0.002961,-0.016848,14.850,22.171,steady_run_2
12.335000,2,55,3420.66,12.3056,0.52928,189.59,49.694,8.573,426.03,27.921,26.425,-0.042298,-0.000089,-0.023475,14.900,22.171,steady_run_2
12.340000,2,55,3426.27,12.2404,0.52661,188.95,49.659,8.717,432.88,27.924,26.427,0.046927,0.004253,-0.009921,14.873,22.171,steady_run_2
12.345000,2,55,3416.57,12.3133,0.53467,191.29,49.704,8.644,429.66,27.928,26.429,-0.012576,-0.037188,0.019929,14.816,22.171,steady_run_2
12.350000,2,55,3426.34,12.3055,0.52202,187.30,49.692,8.632,428.95,27.931,26.431,-0.044405,0.002697,-0.022935,14.898,22.171,steady_run_2
12.355000,2,55,3419.41,12.2913,0.52913,189.47,49.676,8.507,422.62,27.934,26.433,-0.032466,-0.020509,0.004097,15.033,22.171,steady_run_2
12.360000,2,55,3418.48,12.2272,0.52361,187.44,49.680,8.553,424.91,27.937,26.435,-0.045016,-0.000300,-0.025189,14.926,22.171,steady_run_2
12.365000,2,55,3419.52,12.2954,0.53201,190.51,49.712,8.555,425.27,27.940,26.437,0.032439,-0.000201,-0.018203,14.902,22.171,steady_run_2
12.370000,2,55,3418.12,12.3213,0.51419,184.05,49.681,8.618,428.16,27.943,26.439,0.035176,0.000062,-0.019348,14.876,22.171,steady_run_2
12.375000,2,55,3415.54,12.2240,0.52281,186.99,49.689,8.711,432.82,27.946,26.442,0.024739,0.043499,0.021242,14.807,22.171,steady_run_2
12.380000,2,55,3408.57,12.2601,0.52809,188.50,49.678,8.659,430.17,27.949,26.444,-0.032819,0.002987,-0.020544,14.838,22.171,steady_run_2
12.385000,2,55,3430.08,12.2874,0.52540,188.72,49.697,8.619,428.34,27.952,26.446,-0.021214,-0.048404,0.024923,15.053,22.171,steady_run_2
12.390000,2,55,3416.27,12.2526,0.52526,187.91,49.714,8.638,429.44,27.955,26.448,0.025942,0.040599,0.019093,14.888,22.172,steady_run_2
12.395000,2,55,3426.83,12.3779,0.52846,189.64,49.672,8.712,432.77,27.958,26.450,-0.008259,-0.031153,0.013495,14.864,22.172,steady_run_2
12.400000,2,55,3418.71,12.2713,0.52584,188.26,49.695,8.500,422.40,27.961,26.452,0.049987,0.044969,0.023683,14.946,22.172,steady_run_2
12.405000,2,55,3409.00,12.1783,0.52742,188.28,49.713,8.498,422.49,27.964,26.454,0.002923,-0.004661,-0.015874,14.825,22.172,steady_run_2
12.410000,2,55,3427.53,12.3388,0.53731,192.85,49.678,8.629,428.65,27.967,26.456,-0.009981,-0.028810,0.012846,14.858,22.172,steady_run_2
12.415000,2,55,3418.33,12.2957,0.51440,184.14,49.692,8.550,424.87,27.970,26.458,-0.035990,0.005452,-0.018508,14.747,22.172,steady_run_2
12.420000,2,55,3421.63,12.2869,0.53227,190.72,49.703,8.653,430.06,27.973,26.460,-0.044353,0.002211,-0.023581,14.990,22.172,steady_run_2
12.425000,2,55,3414.20,12.2614,0.51937,185.69,49.722,8.489,422.10,27.976,26.462,-0.019350,-0.043747,0.022897,14.863,22.172,steady_run_2
12.430000,2,55,3419.20,12.2898,0.52064,186.42,49.699,8.627,428.74,27.979,26.464,-0.023141,0.008244,-0.007957,14.865,22.172,steady_run_2
12.435000,2,55,3417.87,12.1823,0.53934,193.04,49.707,8.615,428.20,27.982,26.466,-0.020154,0.011785,-0.007345,14.997,22.172,steady_run_2
12.440000,2,55,3424.29,12.3529,0.51942,186.26,49.685,8.624,428.48,27.985,26.468,-0.011667,-0.043505,0.022041,14.842,22.172,steady_run_2
12.445000,2,55,3418.08,12.1881,0.53006,189.73,49.693,8.587,426.69,27.988,26.470,-0.013212,-0.044088,0.023342,14.820,22.172,steady_run_2
12.450000,2,55,3423.27,12.3699,0.51442,184.41,49.672,8.772,435.73,27.991,26.472,-0.031490,0.004236,-0.012558,14.773,22.172,steady_run_2
12.455000,2,55,3414.01,12.1985,0.51834,185.32,49.698,8.462,420.53,27.994,26.474,0.038552,0.001426,-0.016829,14.925,22.172,steady_run_2
12.460000,2,55,3427.70,12.3312,0.53532,192.15,49.697,8.551,424.97,27.997,26.476,0.006071,-0.003212,-0.015940,14.948,22.172,steady_run_2
12.465000,2,55,3418.87,12.3329,0.51849,185.63,49.711,8.650,429.97,28.000,26.478,-0.040518,0.001350,-0.019714,14.888,22.172,steady_run_2
12.470000,2,55,3413.31,12.2605,0.51801,185.16,49.704,8.544,424.68,28.003,26.480,0.001084,0.021394,0.008973,14.818,22.172,steady_run_2
12.475000,2,55,3418.30,12.2984,0.53973,193.21,49.700,8.628,428.79,28.006,26.482,0.028177,-0.001355,-0.024006,14.797,22.172,steady_run_2
12.480000,2,55,3414.39,12.2003,0.52923,189.23,49.676,8.594,426.90,28.009,26.484,-0.041848,-0.000861,-0.019008,14.775,22.172,steady_run_2
12.485000,2,55,3416.69,12.3303,0.52874,189.18,49.696,8.619,428.36,28.012,26.486,-0.012527,-0.041476,0.019152,14.965,22.172,steady_run_2
12.490000,2,55,3415.81,12.2083,0.53312,190.70,49.680,8.704,432.42,28.015,26.489,-0.021316,-0.040048,0.019070,14.798,22.172,steady_run_2
12.495000,2,55,3413.40,12.2776,0.51910,185.55,49.703,8.591,426.99,28.018,26.491,-0.002034,-0.007048,-0.011281,14.978,22.172,steady_run_2
12.500000,2,55,3421.95,12.2591,0.52473,188.03,49.690,8.542,424.47,28.021,26.493,-0.006372,-0.025044,0.005483,14.858,22.172,steady_run_2
12.505000,2,55,3419.58,12.2714,0.52421,187.72,49.708,8.580,426.49,28.024,26.495,0.035148,0.000332,-0.019803,14.904,22.172,steady_run_2
12.510000,2,55,3417.87,12.2170,0.52187,186.79,49.671,8.600,427.17,28.027,26.497,0.052089,0.015001,0.002491,14.889,22.173,steady_run_2
12.515000,2,55,3424.22,12.2173,0.52814,189.38,49.698,8.752,434.97,28.030,26.499,-0.044935,0.001757,-0.021572,14.831,22.173,steady_run_2
12.520000,2,55,3423.55,12.2351,0.52530,188.33,49.674,8.727,433.51,28.033,26.501,-0.008824,0.015738,-0.003511,14.788,22.173,steady_run_2
12.525000,2,55,3421.71,12.3781,0.52508,188.15,49.684,8.664,430.45,28.036,26.503,-0.043478,-0.000603,-0.023877,15.004,22.173,steady_run_2
12.530000,2,55,3421.00,12.2713,0.53752,192.56,49.662,8.687,431.40,28.039,26.505,0.005576,0.024549,0.011038,14.950,22.173,steady_run_2
12.535000,2,55,3425.00,12.3526,0.52693,188.99,49.708,8.563,425.65,28.042,26.507,0.048291,0.044607,0.022830,14.957,22.173,steady_run_2
12.540000,2,55,3428.19,12.3224,0.53814,193.19,49.686,8.682,431.35,28.045,26.509,0.036433,0.045181,0.024932,14.839,22.173,steady_run_2
12.545000,2,55,3410.25,12.1017,0.51667,184.51,49.714,8.551,425.09,28.048,26.511,-0.017808,-0.043484,0.023783,14.699,22.173,steady_run_2
12.550000,2,55,3407.54,12.1821,0.52595,187.68,49.711,8.516,423.32,28.051,26.513,0.021070,-0.004442,-0.024401,14.872,22.173,steady_run_2
12.555000,2,55,3415.56,12.3055,0.51303,183.50,49.693,8.751,434.87,28.054,26.515,0.035080,0.001416,-0.021753,14.863,22.173,steady_run_2
12.560000,2,55,3414.19,12.2913,0.53035,189.62,49.732,8.486,422.01,28.057,26.517,0.033525,-0.000322,-0.018929,14.894,22.173,steady_run_2
12.565000,2,55,3425.94,12.3022,0.54190,194.41,49.690,8.593,426.97,28.060,26.519,0.019768,0.038300,0.018032,14.896,22.173,steady_run_2
12.570000,2,55,3421.72,12.2632,0.51503,184.55,49.684,8.491,421.86,28.063,26.521,-0.002574,-0.010677,-0.008336,14.739,22.173,steady_run_2
12.575000,2,55,3415.13,12.3986,0.52829,188.93,49.680,8.588,426.64,28.066,26.523,0.018016,-0.001617,-0.024014,14.852,22.173,steady_run_2
12.580000,2,55,3422.81,12.2999,0.52271,187.36,49.710,8.583,426.64,28.069,26.525,0.046782,0.010783,-0.005992,14.936,22.173,steady_run_2
12.585000,2,55,3415.66,12.2245,0.51454,184.04,49.719,8.488,422.01,28.071,26.527,0.016796,0.033109,0.014382,14.846,22.173,steady_run_2
12.590000,2,55,3415.45,12.3289,0.52291,187.03,49.694,8.697,432.21,28.074,26.529,0.040084,0.002944,-0.014563,14.834,22.173,steady_run_2
12.595000,2,55,3416.14,12.1561,0.53074,189.86,49.690,8.604,427.52,28.077,26.531,-0.027180,-0.020568,0.006306,14.906,22.173,steady_run_2
12.600000,2,55,3420.62,12.2911,0.52386,187.65,49.685,8.594,427.01,28.080,26.533,-0.029112,0.005781,-0.012740,14.859,22.173,steady_run_2
12.605000,2,55,3415.18,12.1896,0.52410,187.44,49.698,8.585,426.66,28.083,26.535,0.032103,0.044151,0.023433,14.853,22.173,steady_run_2
12.610000,2,55,3417.92,12.2025,0.52672,188.53,49.704,8.504,422.69,28.086,26.536,-0.026394,0.006623,-0.013130,14.794,22.173,steady_run_2
12.615000,2,55,3421.26,12.2179,0.52705,188.83,49.686,8.769,435.72,28.089,26.539,-0.031045,0.005519,-0.016568,14.976,22.173,steady_run_2
12.620000,2,55,3413.59,12.2035,0.51458,183.95,49.709,8.594,427.20,28.092,26.541,-0.013100,-0.046266,0.024208,14.883,22.173,steady_run_2
12.625000,2,55,3420.42,12.1794,0.51786,185.49,49.697,8.630,428.87,28.095,26.543,0.030608,0.000042,-0.020219,14.991,22.173,steady_run_2
12.630000,2,55,3419.48,12.3134,0.52709,188.75,49.697,8.634,429.09,28.098,26.545,0.009258,-0.002262,-0.020063,14.753,22.174,steady_run_2
12.635000,2,55,3414.42,12.1429,0.53457,191.14,49.705,8.621,428.50,28.101,26.547,-0.021742,-0.047367,0.025721,14.898,22.174,steady_run_2
12.640000,2,55,3417.52,12.2394,0.53178,190.31,49.719,8.569,426.05,28.104,26.548,-0.010586,-0.042007,0.020608,14.845,22.174,steady_run_2
12.645000,2,55,3421.77,12.2171,0.53282,190.92,49.684,8.606,427.56,28.107,26.550,-0.035137,-0.013456,-0.001853,14.848,22.174,steady_run_2
12.650000,2,55,3422.23,12.3807,0.53897,193.15,49.690,8.572,425.94,28.110,26.552,0.047358,0.047013,0.022247,14.864,22.174,steady_run_2
12.655000,2,55,3418.02,12.2685,0.51800,185.41,49.695,8.611,427.92,28.113,26.554,-0.009957,-0.028960,0.010553,14.925,22.174,steady_run_2
12.660000,2,55,3415.76,12.3356,0.53130,190.04,49.712,8.464,420.78,28.115,26.556,0.026540,-0.003770,-0.023890,14.815,22.174,steady_run_2
12.665000,2,55,3409.37,12.1922,0.51265,183.03,49.680,8.524,423.45,28.118,26.558,0.040520,0.006000,-0.012237,14.812,22.174,steady_run_2
12.670000,2,55,3420.24,12.3388,0.54004,193.42,49.693,8.583,426.49,28.121,26.560,-0.043517,0.001658,-0.023699,14.977,22.174,steady_run_2
12.675000,2,55,3424.84,12.2434,0.53693,192.57,49.685,8.658,430.15,28.124,26.562,0.038922,0.046609,0.023997,14.982,22.174,steady_run_2
12.680000,2,55,3414.22,12.2603,0.53194,190.19,49.679,8.625,428.46,28.127,26.564,0.050233,0.045217,0.021067,14.967,22.174,steady_run_2
12.685000,2,55,3420.89,12.2315,0.53615,192.07,49.697,8.563,425.56,28.130,26.566,-0.043203,0.002233,-0.023293,14.847,22.174,steady_run_2
12.690000,2,55,3407.11,12.0685,0.52361,186.82,49.689,8.574,426.04,28.133,26.568,0.053503,0.022413,0.007373,14.843,22.174,steady_run_2
12.695000,2,55,3420.75,12.3396,0.51781,185.49,49.695,8.712,432.93,28.136,26.570,0.011039,-0.001357,-0.025185,14.811,22.174,steady_run_2
12.700000,2,55,3420.12,12.3615,0.53224,190.62,49.712,8.548,424.96,28.139,26.572,-0.010593,-0.032989,0.014752,14.904,22.174,steady_run_2
12.705000,2,55,3420.16,12.2864,0.52423,187.76,49.693,8.479,421.34,28.142,26.574,-0.043673,0.001458,-0.022502,14.804,22.174,steady_run_2
12.710000,2,55,3420.82,12.3340,0.53353,191.13,49.693,8.566,425.67,28.144,26.576,0.046738,0.013016,-0.004137,14.833,22.174,steady_run_2
12.715000,2,55,3418.22,12.2836,0.52831,189.11,49.684,8.639,429.21,28.147,26.578,-0.009568,0.018783,0.000705,14.930,22.174,steady_run_2
12.720000,2,55,3420.24,12.2804,0.52316,187.38,49.698,8.571,425.97,28.150,26.579,-0.026466,-0.029937,0.010702,15.015,22.174,steady_run_2
12.725000,2,55,3427.06,12.3169,0.52481,188.35,49.705,8.555,425.21,28.153,26.581,0.002492,-0.004371,-0.017063,14.942,22.174,steady_run_2
12.730000,2,55,3414.51,12.2691,0.53001,189.52,49.684,8.674,430.97,28.156,26.583,0.019359,0.037372,0.020671,14.854,22.174,steady_run_2
12.735000,2,55,3412.42,12.2163,0.51399,183.67,49.695,8.640,429.36,28.159,26.585,-0.039179,0.002370,-0.021447,14.708,22.174,steady_run_2
12.740000,2,55,3426.31,12.3051,0.53129,190.63,49.697,8.702,432.46,28.162,26.587,0.044997,0.046177,0.024448,14.864,22.174,steady_run_2
12.745000,2,55,3434.33,12.2423,0.53262,191.55,49.707,8.591,427.01,28.165,26.589,0.041860,0.047978,0.025079,14.811,22.174,steady_run_2
12.750000,2,55,3425.01,12.2591,0.52461,188.16,49.684,8.620,428.26,28.168,26.591,0.003455,-0.004599,-0.017545,14.991,22.175,steady_run_2
12.755000,2,55,3417.68,12.2616,0.52780,188.90,49.688,8.557,425.17,28.171,26.593,0.050621,0.046504,0.019732,14.866,22.175,steady_run_2
12.760000,2,55,3426.67,12.3824,0.53479,191.90,49.664,8.665,430.36,28.173,26.595,0.023627,-0.002770,-0.026694,14.910,22.175,steady_run_2
12.765000,2,55,3417.86,12.2761,0.52543,188.06,49.675,8.667,430.52,28.176,26.597,-0.037544,-0.005946,-0.009723,14.828,22.175,steady_run_2
12.770000,2,55,3419.64,12.2286,0.54390,194.77,49.730,8.449,420.18,28.179,26.599,0.004826,-0.003753,-0.017371,14.847,22.175,steady_run_2
12.775000,2,55,3417.34,12.2759,0.52678,188.52,49.678,8.752,434.77,28.182,26.601,0.055820,0.025754,0.007403,14.745,22.175,steady_run_2
12.780000,2,55,3416.04,12.1824,0.52838,189.02,49.699,8.524,423.63,28.185,26.603,0.050791,0.017447,0.000408,14.863,22.175,steady_run_2
12.785000,2,55,3425.93,12.4454,0.53422,191.66,49.692,8.613,428.00,28.188,26.605,-0.017203,-0.045293,0.026490,14.806,22.175,steady_run_2
12.790000,2,55,3419.59,12.1581,0.53652,192.13,49.682,8.624,428.46,28.191,26.607,-0.008987,-0.037792,0.017598,14.836,22.175,steady_run_2
12.795000,2,55,3421.35,12.2433,0.52949,189.71,49.695,8.706,432.66,28.194,26.608,0.054972,0.026434,0.007830,14.969,22.175,steady_run_2
12.800000,2,55,3409.70,12.2532,0.52057,185.87,49.708,8.608,427.89,28.197,26.610,0.002143,0.025664,0.007623,14.919,22.175,steady_run_2
12.805000,2,55,3410.38,12.2242,0.51873,185.26,49.697,8.600,427.39,28.199,26.612,-0.001106,-0.008071,-0.011665,14.857,22.175,steady_run_2
12.810000,2,55,3413.46,12.0923,0.53156,190.01,49.682,8.584,426.48,28.202,26.614,0.014635,-0.001527,-0.023275,14.886,22.175,steady_run_2
12.815000,2,55,3421.88,12.2785,0.52552,188.31,49.705,8.739,434.38,28.205,26.616,-0.003706,-0.007016,-0.007264,14.855,22.175,steady_run_2
12.820000,2,55,3418.66,12.2237,0.53271,190.71,49.703,8.596,427.23,28.208,26.618,0.025723,0.039477,0.021226,14.878,22.175,steady_run_2
12.825000,2,55,3419.87,12.2551,0.53360,191.10,49.722,8.473,421.29,28.211,26.620,-0.013534,-0.045978,0.023068,14.873,22.175,steady_run_2
12.830000,2,55,3420.25,12.1905,0.53348,191.08,49.703,8.602,427.55,28.214,26.622,-0.019595,0.007531,-0.003981,14.975,22.175,steady_run_2
12.835000,2,55,3412.49,12.3109,0.53233,190.23,49.693,8.617,428.22,28.217,26.624,-0.015338,-0.042817,0.023743,14.805,22.175,steady_run_2
12.840000,2,55,3416.91,12.2499,0.51941,185.85,49.711,8.605,427.78,28.219,26.626,-0.046693,-0.000393,-0.022790,14.954,22.175,steady_run_2
12.845000,2,55,3414.05,12.2172,0.52098,186.26,49.699,8.623,428.53,28.222,26.628,-0.009146,-0.021315,0.006183,14.840,22.175,steady_run_2
12.850000,2,55,3414.59,12.1845,0.53016,189.57,49.681,8.618,428.15,28.225,26.629,-0.040046,0.002444,-0.021605,14.820,22.175,steady_run_2
12.855000,2,55,3413.84,12.2426,0.52397,187.32,49.675,8.676,430.98,28.228,26.631,0.006519,0.030727,0.012211,14.891,22.175,steady_run_2
12.860000,2,55,3422.79,12.2964,0.53006,189.99,49.693,8.544,424.59,28.231,26.633,0.053434,0.022861,0.004990,14.829,22.175,steady_run_2
12.865000,2,55,3412.65,12.1992,0.51800,185.12,49.701,8.651,429.97,28.234,26.635,0.025729,-0.003115,-0.022298,15.026,22.175,steady_run_2
12.870000,2,55,3419.05,12.4437,0.52789,189.01,49.707,8.619,428.40,28.237,26.637,-0.005337,0.017426,0.004125,14.878,22.175,steady_run_2
12.875000,2,55,3415.13,12.1995,0.51986,185.92,49.660,8.653,429.73,28.239,26.639,0.001486,-0.005113,-0.012895,14.871,22.176,steady_run_2
12.880000,2,55,3421.84,12.3875,0.52891,189.53,49.679,8.522,423.35,28.242,26.641,0.049703,0.044839,0.019459,14.892,22.176,steady_run_2
12.885000,2,55,3416.47,12.2710,0.52447,187.64,49.684,8.571,425.82,28.245,26.643,0.035657,0.001779,-0.016451,14.845,22.176,steady_run_2
12.890000,2,55,3419.01,12.2594,0.52665,188.56,49.719,8.521,423.64,28.248,26.644,0.047427,0.043639,0.024680,14.903,22.176,steady_run_2
12.895000,2,55,3412.45,12.2060,0.52160,186.39,49.693,8.674,431.05,28.251,26.646,-0.001162,0.022362,0.006844,14.818,22.176,steady_run_2
12.900000,2,55,3422.21,12.3540,0.53972,193.42,49.687,8.620,428.29,28.254,26.648,0.013807,-0.000386,-0.025302,14.896,22.176,steady_run_2
12.905000,2,55,3422.39,12.2965,0.51098,183.13,49.686,8.642,429.39,28.256,26.650,-0.029699,-0.024513,0.008999,14.778,22.176,steady_run_2
12.910000,2,55,3424.28,12.2031,0.52591,188.58,49.677,8.660,430.22,28.259,26.652,0.011530,-0.001692,-0.020342,14.758,22.176,steady_run_2
12.915000,2,55,3419.49,12.2892,0.52199,186.92,49.712,8.515,423.29,28.262,26.654,-0.019346,-0.044139,0.020487,14.789,22.176,steady_run_2
12.920000,2,55,3404.04,12.2160,0.52080,185.65,49.729,8.482,421.78,28.265,26.656,-0.016051,-0.047638,0.027125,14.768,22.176,steady_run_2
12.925000,2,55,3419.54,12.3029,0.52382,187.58,49.700,8.659,430.36,28.268,26.658,0.050147,0.018192,0.001452,14.934,22.176,steady_run_2
12.930000,2,55,3414.87,12.2170,0.52601,188.10,49.674,8.787,436.49,28.271,26.660,-0.009644,-0.025634,0.009612,14.855,22.176,steady_run_2
12.935000,2,55,3423.41,12.3528,0.51927,186.16,49.686,8.599,427.26,28.273,26.661,-0.017350,-0.044309,0.022847,14.901,22.176,steady_run_2
12.940000,2,55,3409.27,12.1954,0.52587,187.74,49.673,8.581,426.24,28.276,26.663,-0.041493,0.002049,-0.024769,14.804,22.176,steady_run_2
12.945000,2,55,3424.59,12.3750,0.53858,193.15,49.672,8.717,432.97,28.279,26.665,-0.002767,-0.007333,-0.006055,15.046,22.176,steady_run_2
12.950000,2,55,3427.22,12.4074,0.51837,186.04,49.711,8.614,428.22,28.282,26.667,0.034515,0.000273,-0.019079,14.981,22.176,steady_run_2
12.955000,2,55,3421.10,12.2244,0.52519,188.15,49.669,8.603,427.30,28.285,26.669,0.041767,0.007297,-0.012357,14.893,22.176,steady_run_2
12.960000,2,55,3417.32,12.3701,0.52084,186.39,49.708,8.640,429.47,28.288,26.671,-0.032049,-0.012068,-0.005626,14.830,22.176,steady_run_2
12.965000,2,55,3425.01,12.3610,0.52362,187.81,49.674,8.666,430.49,28.290,26.673,-0.028942,-0.032684,0.010506,14.843,22.176,steady_run_2
12.970000,2,55,3418.13,12.3353,0.52707,188.66,49.694,8.598,427.26,28.293,26.675,-0.006302,-0.017136,0.004544,14.793,22.176,steady_run_2
12.975000,2,55,3420.67,12.3359,0.53284,190.87,49.686,8.525,423.55,28.296,26.676,0.031368,-0.001280,-0.024495,14.796,22.176,steady_run_2
12.980000,2,55,3429.57,12.4153,0.51634,185.44,49.695,8.536,424.20,28.299,26.678,-0.012312,-0.033090,0.016542,14.865,22.176,steady_run_2
12.985000,2,55,3428.56,12.3698,0.53710,192.84,49.698,8.563,425.54,28.301,26.680,-0.015824,-0.047760,0.024008,14.858,22.176,steady_run_2
12.990000,2,55,3413.85,12.2951,0.51726,184.92,49.708,8.579,426.43,28.304,26.682,-0.030891,-0.025781,0.006152,14.902,22.176,steady_run_2
12.995000,2,55,3419.99,12.2786,0.53683,192.26,49.717,8.593,427.24,28.307,26.684,0.030865,0.000816,-0.021463,14.881,22.176,steady_run_2
13.000000,2,55,3426.22,12.2447,0.52443,188.16,49.684,8.705,432.49,28.310,26.686,-0.024416,0.007818,-0.008926,14.948,22.177,steady_run_2
13.005000,2,55,3425.75,12.3044,0.52644,188.86,49.700,8.782,436.46,28.313,26.688,0.049871,0.043947,0.021865,14.845,22.177,steady_run_2
13.010000,2,55,3417.63,12.2414,0.51807,185.41,49.693,8.496,422.20,28.315,26.689,-0.023897,-0.042647,0.018798,14.741,22.177,steady_run_2
13.015000,2,55,3417.58,12.3162,0.52758,188.81,49.712,8.505,422.82,28.318,26.691,-0.031997,0.003483,-0.014522,14.803,22.177,steady_run_2
13.020000,2,55,3418.70,12.2840,0.53041,189.89,49.716,8.586,426.88,28.321,26.693,-0.005809,-0.008159,-0.007241,14.931,22.177,steady_run_2
13.025000,2,55,3421.42,12.3520,0.52331,187.50,49.695,8.525,423.66,28.324,26.695,0.023860,-0.000229,-0.022920,14.896,22.177,steady_run_2
13.030000,2,55,3417.14,12.2430,0.52506,187.89,49.694,8.679,431.27,28.327,26.697,-0.029475,-0.028145,0.011303,14.821,22.177,steady_run_2
13.035000,2,55,3422.77,12.3028,0.52158,186.95,49.681,8.608,427.66,28.329,26.698,0.053507,0.027344,0.011030,15.045,22.177,steady_run_2
13.040000,2,55,3419.02,12.2289,0.52154,186.73,49.684,8.606,427.59,28.332,26.700,-0.023769,-0.039464,0.015707,14.894,22.177,steady_run_2
13.045000,2,55,3417.88,12.2991,0.52716,188.68,49.712,8.551,425.09,28.335,26.702,-0.029811,-0.024569,0.008424,14.839,22.177,steady_run_2
13.050000,2,55,3419.68,12.3040,0.51607,184.81,49.684,8.614,427.96,28.338,26.704,0.008044,-0.001314,-0.025366,14.813,22.177,steady_run_2
13.055000,2,55,3412.01,12.2341,0.53755,192.07,49.681,8.651,429.77,28.340,26.706,0.001578,0.022062,0.006126,14.724,22.177,steady_run_2
13.060000,2,55,3416.16,12.2473,0.53436,191.16,49.696,8.529,423.86,28.343,26.707,0.053680,0.028086,0.009895,14.871,22.177,steady_run_2
13.065000,2,55,3409.70,12.2210,0.53188,189.91,49.726,8.485,421.90,28.346,26.709,0.028062,0.039500,0.023906,14.857,22.177,steady_run_2
13.070000,2,55,3412.12,12.0748,0.52018,185.87,49.698,8.514,423.12,28.348,26.711,-0.038215,0.004541,-0.023220,14.938,22.177,steady_run_2
13.075000,2,55,3418.74,12.2315,0.51967,186.05,49.700,8.630,428.90,28.351,26.713,-0.019000,-0.046514,0.022640,14.789,22.177,steady_run_2
13.080000,2,55,3418.10,12.4133,0.51636,184.83,49.708,8.566,425.79,28.354,26.715,-0.037870,-0.010453,-0.003726,14.981,22.177,steady_run_2
13.085000,2,55,3421.95,12.2099,0.53050,190.10,49.701,8.587,426.78,28.357,26.716,-0.041992,0.003395,-0.024998,14.788,22.177,steady_run_2
13.090000,2,55,3412.85,12.3502,0.51488,184.01,49.704,8.538,424.36,28.359,26.718,0.053200,0.034039,0.015173,14.836,22.177,steady_run_2
13.095000,2,55,3415.39,12.2245,0.51725,185.00,49.685,8.602,427.36,28.362,26.720,0.002746,0.025467,0.011258,14.835,22.177,steady_run_2
13.100000,2,55,3418.77,12.2838,0.53198,190.45,49.692,8.640,429.35,28.365,26.722,0.013560,0.033909,0.016486,14.809,22.177,steady_run_2
13.105000,2,55,3414.75,12.1920,0.52278,186.94,49.727,8.541,424.71,28.368,26.724,0.000786,-0.008204,-0.009497,14.713,22.177,steady_run_2
13.110000,2,55,3423.54,12.2612,0.52563,188.44,49.681,8.684,431.41,28.371,26.725,-0.021100,-0.043862,0.019988,14.842,22.177,steady_run_2
13.115000,2,55,3428.13,12.3120,0.53134,190.75,49.727,8.626,428.94,28.373,26.727,-0.028414,0.002884,-0.016031,14.941,22.177,steady_run_2
13.120000,2,55,3424.51,12.2978,0.52492,188.24,49.702,8.676,431.23,28.376,26.729,0.003796,-0.003319,-0.016578,14.778,22.177,steady_run_2
13.125000,2,55,3419.40,12.2516,0.51997,186.19,49.683,8.671,430.79,28.379,26.731,-0.015698,-0.046977,0.022861,14.855,22.177,steady_run_2
13.130000,2,55,3429.22,12.4338,0.53143,190.84,49.684,8.689,431.69,28.382,26.733,0.010741,0.031848,0.014033,14.867,22.178,steady_run_2
13.135000,2,55,3421.30,12.2389,0.53812,192.80,49.698,8.596,427.22,28.384,26.735,-0.013528,-0.043562,0.021259,14.928,22.178,steady_run_2
13.140000,2,55,3422.67,12.2765,0.53402,191.40,49.704,8.570,425.98,28.387,26.736,0.053236,0.039435,0.017094,14.853,22.178,steady_run_2
13.145000,2,55,3415.15,12.2027,0.51838,185.39,49.704,8.635,429.18,28.390,26.738,-0.041616,-0.002044,-0.019112,14.954,22.178,steady_run_2
13.150000,2,55,3430.20,12.3825,0.52818,189.73,49.703,8.694,432.09,28.393,26.740,0.011626,0.000328,-0.023212,15.008,22.178,steady_run_2
13.155000,2,55,3427.45,12.3888,0.53908,193.49,49.683,8.605,427.54,28.395,26.742,0.027833,0.040275,0.023861,14.924,22.178,steady_run_2
13.160000,2,55,3419.02,12.3137,0.53103,190.13,49.725,8.520,423.64,28.398,26.744,-0.011916,-0.024571,0.008024,14.811,22.178,steady_run_2
13.165000,2,55,3416.92,12.2443,0.54302,194.30,49.694,8.530,423.90,28.401,26.745,0.026139,-0.001351,-0.023669,14.905,22.178,steady_run_2
13.170000,2,55,3413.21,12.3054,0.53220,190.23,49.707,8.682,431.53,28.404,26.747,-0.042214,-0.000760,-0.022785,14.941,22.178,steady_run_2
13.175000,2,55,3414.99,12.1865,0.51685,184.83,49.711,8.515,423.31,28.406,26.749,-0.007909,-0.016383,0.000362,14.796,22.178,steady_run_2
13.180000,2,55,3423.16,12.3933,0.52414,187.89,49.711,8.567,425.88,28.409,26.751,-0.009488,-0.041330,0.020801,14.930,22.178,steady_run_2
13.185000,2,55,3421.89,12.3075,0.53486,191.66,49.684,8.618,428.16,28.412,26.752,-0.011309,-0.042683,0.021157,14.966,22.178,steady_run_2
13.190000,2,55,3422.07,12.3434,0.53196,190.63,49.675,8.706,432.48,28.414,26.754,-0.040591,0.003765,-0.022299,14.854,22.178,steady_run_2
13.195000,2,55,3422.91,12.3190,0.53342,191.20,49.699,8.621,428.45,28.417,26.756,0.022228,-0.004906,-0.023513,14.861,22.178,steady_run_2
13.200000,2,55,3418.96,12.2831,0.51836,185.59,49.690,8.508,422.75,28.420,26.758,-0.039005,-0.005356,-0.011162,14.908,22.178,steady_run_2
13.205000,2,55,3420.97,12.3412,0.51451,184.32,49.699,8.640,429.39,28.423,26.760,-0.010063,-0.025051,0.006298,14.859,22.178,steady_run_2
13.210000,2,55,3416.17,12.2436,0.53758,192.31,49.696,8.592,426.97,28.425,26.761,-0.035207,-0.017263,-0.000450,14.811,22.178,steady_run_2
13.215000,2,55,3423.91,12.3100,0.54072,193.88,49.703,8.700,432.41,28.428,26.763,-0.033104,-0.021740,0.004213,14.879,22.178,steady_run_2
13.220000,2,55,3428.88,12.2893,0.52408,188.18,49.677,8.747,434.52,28.431,26.765,0.039783,0.045878,0.025125,14.890,22.178,steady_run_2
13.225000,2,55,3416.65,12.3116,0.51528,184.36,49.696,8.485,421.66,28.434,26.767,-0.026788,-0.030595,0.009987,15.006,22.178,steady_run_2
13.230000,2,55,3418.48,12.1722,0.52457,187.79,49.728,8.546,424.97,28.436,26.768,0.012231,-0.001241,-0.023719,14.817,22.178,steady_run_2
13.235000,2,55,3420.13,12.2174,0.53324,190.98,49.716,8.532,424.17,28.439,26.770,0.013555,0.031735,0.011783,14.860,22.178,steady_run_2
13.240000,2,55,3421.41,12.3542,0.52172,186.93,49.680,8.639,429.20,28.442,26.772,-0.014006,-0.046090,0.023370,14.940,22.178,steady_run_2
13.245000,2,55,3425.43,12.2842,0.53321,191.27,49.686,8.720,433.24,28.444,26.774,-0.038308,-0.008407,-0.011840,14.869,22.178,steady_run_2
13.250000,2,55,3421.67,12.3848,0.52568,188.36,49.724,8.571,426.20,28.447,26.776,0.050266,0.021078,0.004417,14.876,22.178,steady_run_2
13.255000,2,55,3421.75,12.2626,0.52748,189.01,49.691,8.667,430.68,28.450,26.777,-0.011021,-0.027897,0.013636,14.845,22.178,steady_run_2
13.260000,2,55,3424.04,12.2809,0.53403,191.49,49.689,8.595,427.06,28.453,26.779,0.029423,0.000522,-0.019432,14.949,22.179,steady_run_2
13.265000,2,55,3424.52,12.3692,0.52680,188.92,49.680,8.628,428.65,28.455,26.781,-0.030440,-0.025116,0.008521,14.974,22.179,steady_run_2
13.270000,2,55,3426.68,12.2715,0.53566,192.22,49.698,8.565,425.66,28.458,26.783,-0.003204,-0.010990,-0.003840,14.880,22.179,steady_run_2
13.275000,2,55,3410.79,12.1620,0.52133,186.21,49.706,8.477,421.37,28.460,26.784,0.050587,0.011418,-0.004683,14.903,22.179,steady_run_2
13.280000,2,55,3427.23,12.4553,0.53493,191.99,49.702,8.560,425.46,28.463,26.786,0.051488,0.040343,0.019420,14.916,22.179,steady_run_2
13.285000,2,55,3419.10,12.1683,0.52425,187.71,49.704,8.610,427.96,28.466,26.788,-0.019321,-0.044267,0.021302,14.986,22.179,steady_run_2
13.290000,2,55,3420.17,12.3646,0.53054,190.02,49.677,8.595,426.95,28.468,26.789,0.054952,0.037565,0.017919,14.876,22.179,steady_run_2
13.295000,2,55,3423.46,12.3994,0.52725,189.02,49.699,8.583,426.58,28.471,26.791,0.054085,0.034777,0.015782,14.880,22.179,steady_run_2
13.300000,2,55,3410.75,12.3833,0.51589,184.26,49.711,8.480,421.57,28.474,26.793,-0.023176,-0.041735,0.018688,14.673,22.179,steady_run_2
13.305000,2,55,3427.81,12.2920,0.52476,188.37,49.679,8.581,426.27,28.476,26.795,-0.032879,-0.021965,0.003720,14.950,22.179,steady_run_2
13.310000,2,55,3421.80,12.2770,0.51515,184.59,49.690,8.672,430.93,28.479,26.796,-0.024066,-0.036261,0.012936,14.954,22.179,steady_run_2
13.315000,2,55,3411.42,12.2894,0.51483,183.92,49.676,8.615,427.96,28.482,26.798,-0.022652,-0.042969,0.020100,14.859,22.179,steady_run_2
13.320000,2,55,3410.65,12.2359,0.52507,187.54,49.713,8.531,424.10,28.484,26.800,-0.038589,-0.006684,-0.012127,14.841,22.179,steady_run_2
13.325000,2,55,3427.98,12.3612,0.52589,188.78,49.718,8.634,429.25,28.487,26.802,-0.037325,0.004289,-0.022424,14.963,22.179,steady_run_2
13.330000,2,55,3424.50,12.4072,0.52902,189.71,49.689,8.598,427.21,28.490,26.803,0.005644,-0.001425,-0.018350,14.839,22.179,steady_run_2
13.335000,2,55,3423.63,12.3207,0.52471,188.12,49.699,8.742,434.49,28.493,26.805,-0.006752,-0.022919,0.006621,14.982,22.179,steady_run_2
13.340000,2,55,3411.85,12.2514,0.52849,188.82,49.687,8.504,422.53,28.495,26.807,0.055286,0.034568,0.014770,14.723,22.179,steady_run_2
13.345000,2,55,3416.52,12.1964,0.52475,187.74,49.687,8.568,425.70,28.498,26.808,-0.010267,-0.018137,0.005167,15.031,22.179,steady_run_2
13.350000,2,55,3415.98,12.1367,0.52190,186.69,49.693,8.705,432.56,28.501,26.810,-0.025850,-0.039999,0.019720,14.885,22.179,steady_run_2
13.355000,2,55,3418.77,12.3463,0.53283,190.76,49.665,8.527,423.48,28.503,26.812,-0.014976,-0.042426,0.019847,14.848,22.179,steady_run_2
13.360000,2,55,3422.11,12.3773,0.52216,187.12,49.710,8.580,426.51,28.506,26.814,-0.012940,-0.045448,0.025937,14.716,22.179,steady_run_2
13.365000,2,55,3415.54,12.3035,0.52279,186.99,49.693,8.615,428.12,28.508,26.815,0.003173,-0.003926,-0.019692,14.906,22.179,steady_run_2
13.370000,2,55,3423.49,12.3105,0.51330,184.02,49.708,8.616,428.27,28.511,26.817,-0.002861,-0.011017,-0.004068,14.898,22.179,steady_run_2
13.375000,2,55,3416.13,12.1486,0.52101,186.39,49.698,8.634,429.08,28.514,26.819,0.042748,0.047532,0.024888,15.035,22.179,steady_run_2
13.380000,2,55,3430.36,12.3350,0.54163,194.57,49.670,8.705,432.39,28.517,26.821,-0.015534,-0.042195,0.022776,15.002,22.179,steady_run_2
13.385000,2,55,3430.04,12.3227,0.53082,190.67,49.700,8.677,431.25,28.519,26.822,-0.044228,-0.004644,-0.015356,14.799,22.179,steady_run_2
13.390000,2,55,3418.45,12.2145,0.51852,185.62,49.679,8.555,425.01,28.522,26.824,-0.003760,-0.014512,0.000453,14.895,22.179,steady_run_2
13.395000,2,55,3431.36,12.3703,0.52924,190.17,49.690,8.702,432.39,28.525,26.826,-0.020497,-0.043133,0.021447,14.932,22.180,steady_run_2
13.400000,2,55,3419.67,12.2620,0.52458,187.86,49.698,8.587,426.75,28.527,26.828,0.026567,-0.001135,-0.023664,14.926,22.180,steady_run_2
13.405000,2,55,3420.85,12.3539,0.51197,183.40,49.716,8.548,424.97,28.530,26.829,-0.042463,-0.000313,-0.020918,14.892,22.180,steady_run_2
13.410000,2,55,3429.12,12.3259,0.52854,189.80,49.684,8.733,433.89,28.533,26.831,0.001296,0.021845,0.005686,15.047,22.180,steady_run_2
13.415000,2,55,3422.54,12.2601,0.53005,189.97,49.709,8.576,426.28,28.535,26.833,-0.045422,-0.001939,-0.023586,14.856,22.180,steady_run_2
13.420000,2,55,3422.08,12.3456,0.53994,193.49,49.696,8.661,430.40,28.538,26.834,0.002179,0.027866,0.006097,14.960,22.180,steady_run_2
13.425000,2,55,3416.12,12.2931,0.53559,191.60,49.698,8.571,425.95,28.541,26.836,-0.018535,0.010171,-0.006577,14.829,22.180,steady_run_2
13.430000,2,55,3418.01,12.3204,0.51691,185.02,49.708,8.577,426.37,28.543,26.838,-0.024127,-0.035446,0.018534,14.791,22.180,steady_run_2
13.435000,2,55,3421.25,12.2815,0.53029,189.99,49.696,8.504,422.60,28.546,26.839,-0.024896,-0.032448,0.014115,14.979,22.180,steady_run_2
13.440000,2,55,3420.42,12.2498,0.53229,190.66,49.683,8.680,431.27,28.548,26.841,-0.042349,-0.004060,-0.011941,14.892,22.180,steady_run_2
13.445000,2,55,3415.53,12.3443,0.53032,189.68,49.686,8.648,429.71,28.551,26.843,-0.016751,0.008908,-0.004112,14.823,22.180,steady_run_2
13.450000,2,55,3410.13,12.3076,0.52295,186.75,49.686,8.629,428.76,28.554,26.845,0.017966,0.033912,0.017226,14.877,22.180,steady_run_2
13.455000,2,55,3428.02,12.3336,0.53106,190.64,49.672,8.647,429.51,28.556,26.846,0.025078,-0.002478,-0.023355,14.973,22.180,steady_run_2
13.460000,2,55,3427.07,12.3685,0.54484,195.53,49.698,8.630,428.92,28.559,26.848,0.003523,-0.003989,-0.021806,14.930,22.180,steady_run_2
13.465000,2,55,3422.24,12.3233,0.52553,188.34,49.688,8.514,423.03,28.562,26.850,-0.018587,-0.046375,0.026313,14.957,22.180,steady_run_2
13.470000,2,55,3419.80,12.1588,0.53306,190.90,49.684,8.602,427.37,28.564,26.851,0.024668,0.000539,-0.022953,14.966,22.180,steady_run_2
13.475000,2,55,3415.39,12.2789,0.53545,191.51,49.687,8.584,426.52,28.567,26.853,-0.022154,-0.043649,0.023502,14.814,22.180,steady_run_2
13.480000,2,55,3417.01,12.2488,0.52871,189.19,49.731,8.425,418.96,28.569,26.855,0.040237,-0.002465,-0.017521,14.889,22.180,steady_run_2
13.485000,2,55,3421.51,12.2303,0.52171,186.93,49.702,8.628,428.81,28.572,26.856,-0.016300,-0.045578,0.025907,14.916,22.180,steady_run_2
13.490000,2,55,3411.86,12.2193,0.53464,191.02,49.717,8.631,429.13,28.575,26.858,-0.029084,-0.023566,0.005763,14.969,22.180,steady_run_2
13.495000,2,55,3418.42,12.2207,0.52875,189.28,49.668,8.552,424.77,28.577,26.860,-0.006442,-0.013080,-0.004331,14.896,22.180,steady_run_2
13.500000,2,55,3418.60,12.3064,0.52475,187.86,49.720,8.506,422.92,28.580,26.861,-0.043612,-0.004829,-0.015782,14.897,22.180,steady_run_2
13.505000,2,55,3420.73,12.3478,0.52413,187.75,49.708,8.573,426.14,28.582,26.863,-0.012378,-0.039151,0.021638,14.946,22.180,steady_run_2
13.510000,2,55,3414.02,12.3611,0.51603,184.49,49.704,8.462,420.61,28.585,26.865,0.026643,-0.003207,-0.022198,14.937,22.180,steady_run_2
13.515000,2,55,3418.33,12.3363,0.52907,189.39,49.702,8.596,427.23,28.587,26.866,-0.011557,-0.042379,0.026569,14.964,22.180,steady_run_2
13.520000,2,55,3420.33,12.3587,0.52042,186.40,49.680,8.550,424.75,28.590,26.868,0.029924,-0.000162,-0.021326,14.829,22.180,steady_run_2
13.525000,2,55,3418.13,12.2582,0.53557,191.71,49.683,8.603,427.41,28.592,26.870,0.042200,0.047681,0.022956,14.865,22.180,steady_run_2
13.530000,2,55,3413.68,12.1902,0.52267,186.84,49.699,8.574,426.10,28.595,26.871,0.009155,0.000541,-0.022211,14.817,22.180,steady_run_2
13.535000,2,55,3421.66,12.2806,0.52505,188.13,49.692,8.499,422.32,28.598,26.873,-0.004392,-0.013757,-0.001315,14.898,22.181,steady_run_2
13.540000,2,55,3413.99,12.2914,0.52746,188.57,49.694,8.610,427.84,28.600,26.875,0.011527,0.028286,0.012224,14.868,22.181,steady_run_2
13.545000,2,55,3410.56,12.2056,0.51767,184.89,49.701,8.574,426.15,28.603,26.876,-0.012313,-0.034374,0.020272,14.720,22.181,steady_run_2
13.550000,2,55,3419.96,12.2044,0.52186,186.90,49.681,8.619,428.18,28.605,26.878,-0.026061,0.007698,-0.009869,14.848,22.181,steady_run_2
13.555000,2,55,3429.11,12.3857,0.53388,191.71,49.700,8.607,427.75,28.608,26.880,0.037983,0.002929,-0.017505,14.971,22.181,steady_run_2
13.560000,2,55,3413.13,12.2420,0.51952,185.69,49.675,8.604,427.38,28.611,26.881,-0.013928,0.013119,-0.000189,14.945,22.181,steady_run_2
13.565000,2,55,3428.82,12.3593,0.53158,190.87,49.669,8.656,429.94,28.613,26.883,-0.044564,0.001084,-0.018298,14.979,22.181,steady_run_2
13.570000,2,55,3427.79,12.3220,0.52583,188.75,49.707,8.589,426.91,28.616,26.885,-0.042136,-0.000191,-0.024363,14.985,22.181,steady_run_2
13.575000,2,55,3416.30,12.3529,0.51516,184.30,49.703,8.513,423.14,28.618,26.886,-0.012008,-0.034613,0.019128,14.866,22.181,steady_run_2
13.580000,2,55,3416.00,12.2145,0.51815,185.35,49.679,8.506,422.56,28.621,26.888,-0.037080,-0.006772,-0.006940,14.950,22.181,steady_run_2
13.585000,2,55,3426.79,12.3121,0.52663,188.98,49.705,8.603,427.60,28.623,26.889,-0.006307,-0.013611,0.001474,14.846,22.181,steady_run_2
13.590000,2,55,3416.31,12.3359,0.51562,184.47,49.680,8.699,432.15,28.626,26.891,0.011468,0.001807,-0.019612,14.871,22.181,steady_run_2
13.595000,2,55,3416.16,12.2806,0.51637,184.73,49.705,8.629,428.90,28.629,26.893,-0.019936,-0.042561,0.023235,14.855,22.181,steady_run_2
13.600000,2,55,3415.82,12.2841,0.53042,189.73,49.708,8.504,422.72,28.631,26.894,-0.044056,0.003721,-0.025589,14.847,22.181,steady_run_2
13.605000,2,55,3425.64,12.3175,0.52868,189.65,49.697,8.570,425.89,28.634,26.896,0.018733,-0.001946,-0.024985,14.903,22.181,steady_run_2
13.610000,2,55,3413.18,12.1766,0.52640,188.15,49.720,8.659,430.51,28.636,26.898,-0.043017,0.001880,-0.022551,14.831,22.181,steady_run_2
13.615000,2,55,3416.88,12.3035,0.52781,188.86,49.702,8.603,427.57,28.639,26.899,-0.024691,0.011079,-0.007609,14.941,22.181,steady_run_2
13.620000,2,55,3422.76,12.2531,0.53151,190.51,49.718,8.610,428.07,28.641,26.901,-0.013133,-0.044988,0.021034,14.932,22.181,steady_run_2
13.625000,2,55,3423.98,12.3451,0.52375,187.80,49.694,8.560,425.37,28.644,26.903,0.046479,0.045864,0.024774,14.914,22.181,steady_run_2
13.630000,2,55,3416.42,12.1601,0.53315,190.74,49.711,8.568,425.94,28.646,26.904,-0.030344,-0.029275,0.010209,14.920,22.181,steady_run_2
13.635000,2,55,3416.41,12.2897,0.51064,182.69,49.689,8.525,423.60,28.649,26.906,-0.009229,0.014902,0.000610,14.878,22.181,steady_run_2
13.640000,2,55,3428.76,12.3231,0.51806,186.01,49.680,8.619,428.20,28.652,26.907,0.032598,0.045584,0.021779,14.864,22.181,steady_run_2
13.645000,2,55,3427.59,12.4124,0.52996,190.22,49.690,8.596,427.16,28.654,26.909,0.037892,0.046735,0.025065,14.841,22.181,steady_run_2
13.650000,2,55,3423.26,12.2531,0.52601,188.57,49.694,8.714,433.03,28.657,26.911,0.008849,-0.001530,-0.018335,14.880,22.181,steady_run_2
13.655000,2,55,3411.95,12.1864,0.52568,187.82,49.701,8.551,424.98,28.659,26.912,0.042097,0.043204,0.023499,14.855,22.181,steady_run_2
13.660000,2,55,3431.41,12.3924,0.53973,193.94,49.719,8.666,430.84,28.662,26.914,-0.046186,0.002147,-0.022240,14.905,22.181,steady_run_2
13.665000,2,55,3417.22,12.2613,0.52652,188.42,49.671,8.518,423.09,28.664,26.916,-0.040267,0.000409,-0.024295,14.817,22.181,steady_run_2
13.670000,2,55,3414.67,12.1959,0.51682,184.81,49.684,8.676,431.07,28.667,26.917,-0.011198,-0.044943,0.025255,14.736,22.181,steady_run_2
13.675000,2,55,3430.37,12.3432,0.52232,187.63,49.699,8.513,423.07,28.669,26.919,-0.000719,-0.007579,-0.013417,14.929,22.182,steady_run_2
13.680000,2,55,3416.28,12.2338,0.53124,190.05,49.708,8.639,429.45,28.672,26.921,-0.012135,-0.026019,0.011075,14.843,22.182,steady_run_2
13.685000,2,55,3420.18,12.2671,0.51823,185.61,49.708,8.612,428.07,28.675,26.922,-0.030121,-0.032955,0.014315,14.943,22.182,steady_run_2
13.690000,2,55,3419.33,12.2997,0.52047,186.37,49.707,8.598,427.36,28.677,26.924,-0.037850,-0.004760,-0.015316,14.836,22.182,steady_run_2
13.695000,2,55,3409.47,12.0879,0.51204,182.82,49.704,8.522,423.59,28.680,26.925,-0.044296,0.001804,-0.022988,14.928,22.182,steady_run_2
13.700000,2,55,3417.27,12.2261,0.52115,186.50,49.698,8.549,424.88,28.682,26.927,-0.039122,0.002218,-0.022728,14.917,22.182,steady_run_2
13.705000,2,55,3420.35,12.3005,0.53295,190.89,49.718,8.582,426.68,28.685,26.929,-0.042177,0.001521,-0.026009,14.790,22.182,steady_run_2
13.710000,2,55,3425.91,12.3146,0.52297,187.62,49.718,8.644,429.77,28.687,26.930,0.004046,-0.002899,-0.016781,15.002,22.182,steady_run_2
13.715000,2,55,3415.21,12.2852,0.53746,192.22,49.719,8.484,421.79,28.690,26.932,0.044032,0.007624,-0.011410,14.798,22.182,steady_run_2
13.720000,2,55,3414.25,12.1666,0.52275,186.90,49.684,8.742,434.35,28.692,26.933,0.025803,-0.001301,-0.026048,15.004,22.182,steady_run_2
13.725000,2,55,3412.21,12.2136,0.51950,185.63,49.705,8.538,424.38,28.695,26.935,0.053227,0.042828,0.020191,14.882,22.182,steady_run_2
13.730000,2,55,3417.08,12.2078,0.52184,186.73,49.677,8.687,431.52,28.697,26.937,-0.011984,-0.035881,0.018198,14.840,22.182,steady_run_2
13.735000,2,55,3418.55,12.1963,0.52203,186.88,49.720,8.475,421.39,28.700,26.938,0.053152,0.037232,0.020539,14.782,22.182,steady_run_2
13.740000,2,55,3416.86,12.2864,0.52708,188.60,49.718,8.615,428.30,28.702,26.940,0.027333,0.040236,0.022480,14.842,22.182,steady_run_2
13.745000,2,55,3425.93,12.3664,0.51838,185.98,49.670,8.804,437.27,28.705,26.942,-0.001500,-0.002478,-0.013211,14.889,22.182,steady_run_2
13.750000,2,55,3425.81,12.2721,0.52225,187.36,49.679,8.566,425.54,28.708,26.943,-0.028886,-0.032277,0.012103,14.946,22.182,steady_run_2
13.755000,2,55,3416.38,12.1828,0.53084,189.92,49.710,8.539,424.49,28.710,26.945,-0.043397,-0.003300,-0.022216,14.841,22.182,steady_run_2
13.760000,2,55,3417.00,12.2722,0.51675,184.91,49.694,8.660,430.34,28.713,26.946,0.049673,0.017877,-0.001646,14.836,22.182,steady_run_2
13.765000,2,55,3423.34,12.2731,0.52501,188.21,49.718,8.587,426.91,28.715,26.948,-0.015959,0.012559,-0.001251,14.816,22.182,steady_run_2
13.770000,2,55,3428.36,12.3817,0.52719,189.27,49.668,8.774,435.79,28.718,26.950,0.007101,0.001378,-0.020457,14.879,22.182,steady_run_2
13.775000,2,55,3421.83,12.3574,0.52738,188.98,49.690,8.556,425.13,28.720,26.951,0.054441,0.027831,0.007678,14.935,22.182,steady_run_2
13.780000,2,55,3414.95,12.3341,0.52536,187.87,49.682,8.629,428.71,28.723,26.953,-0.035061,0.002395,-0.020013,14.951,22.182,steady_run_2
13.785000,2,55,3427.00,12.3488,0.53265,191.16,49.679,8.570,425.77,28.725,26.954,-0.021844,0.006522,-0.007352,14.875,22.182,steady_run_2
13.790000,2,55,3421.64,12.3419,0.52992,189.88,49.669,8.707,432.49,28.728,26.956,0.002393,0.028214,0.007814,15.004,22.182,steady_run_2
13.795000,2,55,3409.39,12.1724,0.52501,187.44,49.703,8.471,421.03,28.730,26.958,-0.006270,-0.017946,-0.000700,14.858,22.182,steady_run_2
13.800000,2,55,3413.76,12.2607,0.52316,187.02,49.683,8.647,429.63,28.733,26.959,-0.039844,-0.005976,-0.013352,14.898,22.182,steady_run_2
13.805000,2,55,3417.83,12.2399,0.53416,191.18,49.686,8.621,428.35,28.735,26.961,-0.011210,0.017973,0.003501,14.995,22.182,steady_run_2
13.810000,2,55,3425.80,12.3411,0.53250,191.03,49.695,8.576,426.18,28.738,26.962,0.039670,0.047674,0.024625,14.883,22.182,steady_run_2
13.815000,2,55,3418.34,12.3486,0.52656,188.49,49.719,8.656,430.36,28.740,26.964,-0.028294,-0.034615,0.015947,14.800,22.182,steady_run_2
13.820000,2,55,3412.92,12.2938,0.50658,181.05,49.700,8.595,427.17,28.743,26.966,-0.033214,-0.019311,0.005904,14.765,22.183,steady_run_2
13.825000,2,55,3427.00,12.2606,0.52587,188.72,49.689,8.780,436.25,28.746,26.967,0.049257,0.013359,-0.001730,14.836,22.183,steady_run_2
13.830000,2,55,3425.73,12.3106,0.53215,190.91,49.702,8.617,428.29,28.748,26.969,0.050093,0.017312,0.000366,14.911,22.183,steady_run_2
13.835000,2,55,3429.41,12.4476,0.52607,188.93,49.697,8.622,428.50,28.751,26.970,0.020165,-0.002452,-0.023516,14.930,22.183,steady_run_2
13.840000,2,55,3420.58,12.3187,0.53208,190.59,49.690,8.640,429.34,28.753,26.972,-0.015069,-0.048669,0.026692,14.833,22.183,steady_run_2
13.845000,2,55,3414.27,12.2891,0.52220,186.71,49.664,8.594,426.84,28.756,26.974,-0.003108,-0.008921,-0.006620,14.819,22.183,steady_run_2
13.850000,2,55,3413.80,12.3020,0.51498,184.10,49.730,8.573,426.32,28.758,26.975,-0.018440,-0.046049,0.025109,14.897,22.183,steady_run_2
13.855000,2,55,3413.30,12.1758,0.51262,183.23,49.678,8.606,427.55,28.761,26.977,-0.042473,0.000295,-0.017699,14.853,22.183,steady_run_2
13.860000,2,55,3410.61,12.1985,0.52368,187.04,49.698,8.585,426.65,28.763,26.978,-0.004321,-0.009771,-0.005666,14.774,22.183,steady_run_2
13.865000,2,55,3420.58,12.3081,0.53836,192.84,49.677,8.603,427.38,28.765,26.980,0.015413,0.038449,0.017284,14.791,22.183,steady_run_2
13.870000,2,55,3415.54,12.2645,0.52530,187.89,49.703,8.630,428.92,28.768,26.982,0.053793,0.038660,0.017776,14.938,22.183,steady_run_2
13.875000,2,55,3417.27,12.3522,0.52171,186.70,49.701,8.557,425.31,28.770,26.983,-0.042382,0.002068,-0.025140,14.905,22.183,steady_run_2
13.880000,2,55,3419.36,12.3126,0.52988,189.74,49.684,8.514,423.02,28.773,26.985,-0.015261,-0.049092,0.025262,14.858,22.183,steady_run_2
13.885000,2,55,3416.74,12.1412,0.53219,190.42,49.705,8.579,426.44,28.775,26.986,0.035136,-0.000774,-0.017533,14.879,22.183,steady_run_2
13.890000,2,55,3423.94,12.2524,0.51962,186.31,49.687,8.649,429.76,28.778,26.988,0.049569,0.011663,-0.006213,14.922,22.183,steady_run_2
13.895000,2,55,3419.67,12.3086,0.52481,187.94,49.690,8.567,425.71,28.780,26.989,-0.009115,-0.036110,0.018619,14.837,22.183,steady_run_2
13.900000,2,55,3417.38,12.2899,0.52457,187.73,49.701,8.591,426.98,28.783,26.991,0.033352,0.005789,-0.018351,14.890,22.183,steady_run_2
13.905000,2,55,3423.16,12.2263,0.53172,190.61,49.705,8.629,428.90,28.785,26.992,-0.037252,0.004340,-0.019389,14.976,22.183,steady_run_2
13.910000,2,55,3418.68,12.2341,0.51265,183.53,49.667,8.634,428.84,28.788,26.994,0.051998,0.036751,0.015085,14.950,22.183,steady_run_2
13.915000,2,55,3409.08,12.2231,0.53689,191.67,49.718,8.562,425.66,28.790,26.996,0.051702,0.015159,0.000647,14.794,22.183,steady_run_2
13.920000,2,55,3406.95,12.1222,0.53931,192.41,49.689,8.418,418.31,28.792,26.997,0.007714,0.026517,0.014916,14.783,22.183,steady_run_2
13.925000,2,55,3420.60,12.1980,0.51979,186.19,49.710,8.554,425.22,28.795,26.998,-0.004243,-0.011260,-0.004547,14.865,22.183,steady_run_2
13.930000,2,55,3416.03,12.3344,0.52741,188.67,49.690,8.551,424.91,28.797,27.000,-0.028526,-0.031061,0.012642,14.901,22.183,steady_run_2
13.935000,2,55,3416.08,12.2060,0.53176,190.23,49.680,8.653,429.87,28.800,27.002,-0.010993,0.018470,0.004459,14.881,22.183,steady_run_2
13.940000,2,55,3412.26,12.3368,0.52763,188.54,49.702,8.577,426.30,28.802,27.003,0.009256,-0.001478,-0.022355,14.970,22.183,steady_run_2
13.945000,2,55,3419.10,12.3732,0.52909,189.44,49.693,8.579,426.33,28.805,27.005,0.043871,0.008674,-0.006422,14.895,22.183,steady_run_2
13.950000,2,55,3416.72,12.2914,0.52015,186.11,49.706,8.480,421.49,28.807,27.006,-0.004821,0.019783,0.002260,14.830,22.183,steady_run_2
13.955000,2,55,3414.91,12.3055,0.51380,183.74,49.692,8.636,429.12,28.810,27.008,-0.044643,0.006195,-0.024817,14.827,22.183,steady_run_2
13.960000,2,55,3432.35,12.4063,0.52930,190.25,49.697,8.633,429.05,28.812,27.009,0.055243,0.030402,0.010944,14.837,22.183,steady_run_2
13.965000,2,55,3426.86,12.3824,0.54421,195.29,49.695,8.589,426.83,28.814,27.011,0.057097,0.028074,0.007494,14.887,22.183,steady_run_2
13.970000,2,55,3416.16,12.2390,0.51531,184.35,49.697,8.678,431.27,28.817,27.012,-0.001572,0.019471,0.007796,14.923,22.184,steady_run_2
13.975000,2,55,3422.68,12.2276,0.52232,187.21,49.713,8.639,429.46,28.819,27.014,-0.044031,0.000652,-0.020149,14.845,22.184,steady_run_2
13.980000,2,55,3419.46,12.2073,0.53516,191.63,49.673,8.821,438.19,28.822,27.016,0.024481,0.000536,-0.023875,14.789,22.184,steady_run_2
13.985000,2,55,3419.24,12.3091,0.51506,184.42,49.696,8.570,425.89,28.825,27.017,-0.014347,-0.043714,0.022219,14.982,22.184,steady_run_2
13.990000,2,55,3416.55,12.1620,0.51116,182.88,49.683,8.551,424.82,28.827,27.019,0.053638,0.017319,0.000348,14.817,22.184,steady_run_2
13.995000,2,55,3413.90,12.3137,0.52944,189.28,49.708,8.551,425.06,28.829,27.020,-0.037395,0.002903,-0.021586,14.825,22.184,steady_run_2
14.000000,2,55,3420.88,12.2289,0.52672,188.69,49.690,8.554,425.03,28.832,27.022,-0.043332,-0.000666,-0.018402,15.038,22.184,steady_run_2
14.005000,2,55,3423.75,12.3647,0.53213,190.79,49.707,8.677,431.33,28.834,27.023,-0.040723,-0.007388,-0.010144,14.869,22.184,steady_run_2
14.010000,2,55,3421.74,12.3036,0.53016,189.97,49.682,8.670,430.77,28.837,27.025,-0.014391,-0.042488,0.024094,14.912,22.184,steady_run_2
14.015000,2,55,3414.03,12.2126,0.52881,189.06,49.695,8.589,426.83,28.839,27.026,0.026391,0.039402,0.023228,14.895,22.184,steady_run_2
14.020000,2,55,3423.34,12.3832,0.53485,191.74,49.709,8.620,428.50,28.842,27.028,-0.012959,-0.028959,0.011835,14.924,22.184,steady_run_2
14.025000,0,0,3402.08,12.1004,0.52435,186.81,49.685,8.593,426.97,28.844,27.029,-0.045159,0.003318,-0.026411,14.653,22.184,idle_or_transition
14.030000,0,0,3365.96,11.9367,0.51963,183.16,49.716,8.553,425.21,28.846,27.031,-0.029222,-0.030131,0.009111,14.687,22.184,idle_or_transition
14.035000,0,0,3344.20,11.7008,0.49252,172.48,49.705,8.426,418.82,28.849,27.032,-0.034346,0.001893,-0.019031,14.535,22.184,idle_or_transition
14.040000,0,0,3320.63,11.6005,0.49552,172.31,49.724,8.302,412.83,28.851,27.034,-0.024500,-0.034375,0.019401,14.495,22.184,idle_or_transition
14.045000,0,0,3292.67,11.4525,0.48349,166.71,49.715,8.336,414.45,28.853,27.035,0.000475,-0.005996,-0.018706,14.421,22.184,idle_or_transition
14.050000,0,0,3275.32,11.2575,0.49177,168.67,49.728,8.066,401.10,28.855,27.036,-0.017526,-0.044525,0.021559,14.092,22.184,idle_or_transition
14.055000,0,0,3251.15,11.1066,0.48794,166.12,49.757,8.042,400.16,28.857,27.037,0.044674,0.010495,-0.006495,14.191,22.184,idle_or_transition
14.060000,0,0,3230.68,10.8871,0.48408,163.77,49.734,8.057,400.71,28.859,27.038,-0.030814,-0.010672,-0.004042,14.049,22.184,idle_or_transition
14.065000,0,0,3205.43,10.7548,0.46023,154.49,49.741,7.963,396.09,28.861,27.039,0.034867,0.043554,0.023898,13.891,22.184,idle_or_transition
14.070000,0,0,3186.07,10.6411,0.45071,150.38,49.761,7.789,387.61,28.863,27.040,-0.042968,0.000325,-0.023177,13.760,22.184,idle_or_transition
14.075000,0,0,3162.95,10.4147,0.45519,150.77,49.734,7.874,391.62,28.865,27.041,-0.024603,-0.031957,0.010765,13.603,22.184,idle_or_transition
14.080000,0,0,3134.79,10.3243,0.43929,144.21,49.753,7.766,386.37,28.866,27.042,0.018906,-0.001647,-0.022725,13.668,22.184,idle_or_transition
14.085000,0,0,3114.56,10.1482,0.42936,140.04,49.793,7.549,375.89,28.868,27.043,-0.037834,0.005554,-0.026833,13.483,22.184,idle_or_transition
14.090000,0,0,3096.22,10.0948,0.42838,138.90,49.780,7.488,372.74,28.869,27.044,-0.040525,0.000500,-0.021966,13.420,22.184,idle_or_transition
14.095000,0,0,3072.61,9.8835,0.42936,138.15,49.775,7.463,371.47,28.871,27.044,-0.010394,-0.033707,0.018084,13.391,22.184,idle_or_transition
14.100000,0,0,3055.21,9.7982,0.41917,134.11,49.783,7.430,369.89,28.872,27.045,-0.031716,-0.017971,0.002289,13.324,22.184,idle_or_transition
14.105000,0,0,3024.44,9.5689,0.40397,127.94,49.799,7.348,365.92,28.874,27.046,-0.035646,-0.010880,-0.008680,13.058,22.184,idle_or_transition
14.110000,0,0,3012.89,9.4889,0.40841,128.86,49.824,7.293,363.37,28.875,27.046,0.031672,-0.000364,-0.018487,13.262,22.184,idle_or_transition
14.115000,0,0,2985.79,9.3297,0.39895,124.74,49.811,7.118,354.55,28.876,27.047,0.050685,0.030126,0.010845,12.893,22.184,idle_or_transition
14.120000,0,0,2966.80,9.2424,0.38660,120.11,49.819,7.171,357.24,28.878,27.047,-0.011388,0.010929,-0.000267,12.950,22.185,idle_or_transition
14.125000,0,0,2940.46,9.1127,0.38519,118.61,49.843,7.034,350.60,28.879,27.048,0.011495,0.029675,0.014372,12.611,22.185,idle_or_transition
14.130000,0,0,2922.87,8.8668,0.36999,113.25,49.852,6.974,347.68,28.880,27.048,0.045251,0.036636,0.021130,12.829,22.185,idle_or_transition
14.135000,0,0,2901.92,8.8976,0.38828,117.99,49.820,6.946,346.06,28.881,27.048,-0.005188,-0.009021,-0.002516,12.643,22.185,idle_or_transition
14.140000,0,0,2886.29,8.7082,0.37798,114.25,49.829,6.937,345.69,28.882,27.049,0.009389,0.025185,0.012457,12.600,22.185,idle_or_transition
14.145000,0,0,2869.24,8.5681,0.36230,108.86,49.858,6.772,337.66,28.883,27.049,0.040709,0.009586,-0.008061,12.423,22.185,idle_or_transition
14.150000,0,0,2844.86,8.4430,0.36603,109.04,49.845,6.772,337.53,28.884,27.049,-0.031084,-0.009455,-0.007094,12.449,22.185,idle_or_transition
14.155000,0,0,2815.70,8.2725,0.35703,105.27,49.844,6.697,333.79,28.885,27.049,0.038538,0.041216,0.018889,12.242,22.185,idle_or_transition
14.160000,0,0,2799.00,8.2057,0.35835,105.04,49.878,6.654,331.90,28.885,27.049,0.001132,-0.004905,-0.014397,12.233,22.185,idle_or_transition
14.165000,0,0,2782.03,8.0971,0.35209,102.58,49.841,6.557,326.80,28.886,27.050,-0.020149,-0.032933,0.013164,12.222,22.185,idle_or_transition
14.170000,0,0,2760.57,8.0596,0.34119,98.63,49.889,6.532,325.87,28.887,27.050,-0.033346,0.002280,-0.017164,11.982,22.185,idle_or_transition
14.175000,0,0,2739.58,7.8849,0.33872,97.17,49.895,6.461,322.36,28.888,27.050,0.039926,0.039175,0.020634,11.955,22.185,idle_or_transition
14.180000,0,0,2716.40,7.6961,0.32905,93.60,49.866,6.402,319.26,28.888,27.050,-0.034380,0.000719,-0.021359,11.896,22.185,idle_or_transition
14.185000,0,0,2698.77,7.7275,0.32408,91.59,49.889,6.257,312.16,28.889,27.049,-0.021897,0.006396,-0.009070,11.851,22.185,idle_or_transition
14.190000,0,0,2674.48,7.5293,0.31737,88.88,49.880,6.320,315.25,28.889,27.049,0.003131,-0.002907,-0.013415,11.604,22.185,idle_or_transition
14.195000,0,0,2669.12,7.4986,0.32063,89.62,49.887,6.320,315.29,28.890,27.049,0.006311,-0.002274,-0.017377,11.591,22.185,idle_or_transition
14.200000,0,0,2648.33,7.3349,0.32596,90.40,49.910,6.098,304.36,28.890,27.049,-0.025777,-0.022159,0.009008,11.541,22.185,idle_or_transition
14.205000,0,0,2627.73,7.2870,0.31684,87.19,49.903,6.127,305.74,28.890,27.049,0.017248,0.029688,0.017375,11.464,22.185,idle_or_transition
14.210000,0,0,2608.22,7.2502,0.31324,85.56,49.891,6.104,304.52,28.891,27.048,-0.018765,-0.033033,0.016466,11.346,22.185,idle_or_transition
14.215000,0,0,2586.06,6.9672,0.29801,80.71,49.917,5.977,298.33,28.891,27.048,-0.014105,-0.033416,0.017757,11.269,22.185,idle_or_transition
14.220000,0,0,2562.99,6.8696,0.29970,80.44,49.880,5.963,297.42,28.891,27.048,0.009308,-0.000619,-0.017438,11.259,22.185,idle_or_transition
14.225000,0,0,2557.61,6.8551,0.29243,78.32,49.907,5.890,293.94,28.892,27.047,0.019885,-0.004089,-0.018725,11.198,22.185,idle_or_transition
14.230000,0,0,2536.29,6.8115,0.28122,74.69,49.909,5.822,290.56,28.892,27.047,-0.005835,-0.017162,0.002997,11.179,22.185,idle_or_transition
14.235000,0,0,2511.95,6.6695,0.27911,73.42,49.923,5.811,290.11,28.892,27.046,-0.017122,0.005359,-0.009805,10.981,22.185,idle_or_transition
14.240000,0,0,2505.54,6.5428,0.27064,71.01,49.924,5.783,288.69,28.892,27.046,-0.015502,-0.032505,0.018191,10.945,22.185,idle_or_transition
14.245000,0,0,2482.02,6.3708,0.28943,75.23,49.939,5.720,285.66,28.892,27.045,0.032719,0.003758,-0.009705,10.809,22.185,idle_or_transition
14.250000,0,0,2463.92,6.4813,0.27855,71.87,49.929,5.615,280.37,28.892,27.045,0.039381,0.026647,0.011664,10.550,22.185,idle_or_transition
14.255000,0,0,2445.81,6.2258,0.26716,68.43,49.970,5.671,283.39,28.892,27.044,0.030516,0.036948,0.019989,10.528,22.185,idle_or_transition
14.260000,0,0,2423.32,6.0658,0.26346,66.86,49.937,5.606,279.97,28.892,27.044,-0.014984,0.006287,-0.002514,10.634,22.185,idle_or_transition
14.265000,0,0,2411.81,6.1814,0.26742,67.54,49.916,5.652,282.11,28.892,27.043,0.004641,-0.002507,-0.010337,10.520,22.185,idle_or_transition
14.270000,0,0,2394.26,5.9585,0.26910,67.47,49.923,5.506,274.89,28.892,27.042,-0.005260,-0.010404,-0.004027,10.550,22.185,idle_or_transition
14.275000,0,0,2371.86,5.8542,0.25494,63.32,49.936,5.455,272.40,28.892,27.042,0.018147,-0.003270,-0.016000,10.417,22.185,idle_or_transition
14.280000,0,0,2359.17,5.8893,0.25113,62.04,49.961,5.438,271.67,28.892,27.041,-0.007052,-0.023550,0.009242,10.244,22.186,idle_or_transition
14.285000,0,0,2338.88,5.7348,0.24411,59.79,49.960,5.434,271.49,28.891,27.040,-0.025712,0.000297,-0.014144,10.081,22.186,idle_or_transition
14.290000,0,0,2329.14,5.7200,0.25195,61.45,49.983,5.426,271.22,28.891,27.039,-0.031351,-0.002924,-0.012432,10.114,22.186,idle_or_transition
14.295000,0,0,2305.53,5.6842,0.23644,57.08,49.952,5.237,261.62,28.891,27.038,0.012352,0.000670,-0.016913,10.063,22.186,idle_or_transition
14.300000,0,0,2292.00,5.5406,0.24044,57.71,49.962,5.261,262.87,28.891,27.038,0.016460,-0.001763,-0.014497,10.077,22.186,idle_or_transition
14.305000,0,0,2281.42,5.3924,0.23924,57.16,49.961,5.295,264.54,28.890,27.037,0.000330,0.015234,0.004590,9.889,22.186,idle_or_transition
14.310000,0,0,2259.07,5.3998,0.22443,53.09,49.966,5.162,257.93,28.890,27.036,-0.029785,-0.000882,-0.016671,9.956,22.186,idle_or_transition
14.315000,0,0,2249.81,5.3615,0.21771,51.29,49.977,5.137,256.75,28.889,27.035,-0.031289,0.004509,-0.015197,9.726,22.186,idle_or_transition
14.320000,0,0,2225.59,5.2643,0.22603,52.68,49.963,5.148,257.21,28.889,27.034,0.026858,0.003053,-0.009578,9.604,22.186,idle_or_transition
14.325000,0,0,2207.54,5.1281,0.21982,50.82,50.000,5.055,252.74,28.889,27.033,0.034740,0.029126,0.015105,9.698,22.186,idle_or_transition
14.330000,0,0,2194.99,5.0253,0.21852,50.23,49.983,4.911,245.48,28.888,27.032,0.014586,0.000294,-0.016819,9.573,22.186,idle_or_transition
14.335000,0,0,2175.63,5.0348,0.20653,47.05,49.973,4.892,244.46,28.887,27.031,-0.021191,0.002282,-0.012349,9.550,22.186,idle_or_transition
14.340000,0,0,2165.39,4.8805,0.21916,49.70,49.997,4.863,243.15,28.887,27.030,-0.016042,-0.026405,0.014166,9.427,22.186,idle_or_transition
14.345000,0,0,2151.05,4.9292,0.20819,46.90,50.010,4.822,241.15,28.886,27.029,0.006867,-0.000659,-0.014901,9.211,22.186,idle_or_transition
14.350000,0,0,2130.16,4.7633,0.20190,45.04,50.019,4.746,237.41,28.885,27.027,-0.011517,-0.032534,0.016488,9.201,22.186,idle_or_transition
14.355000,0,0,2115.08,4.6679,0.19517,43.23,50.012,4.931,246.60,28.885,27.026,0.034329,0.020961,0.009019,9.157,22.186,idle_or_transition
14.360000,0,0,2101.23,4.7073,0.19500,42.91,50.008,4.694,234.73,28.884,27.025,0.014344,0.023331,0.010462,9.105,22.186,idle_or_transition
14.365000,0,0,2087.15,4.5796,0.19613,42.87,49.993,4.853,242.63,28.883,27.024,-0.031454,0.003785,-0.017092,9.083,22.186,idle_or_transition
14.370000,0,0,2071.28,4.4916,0.19667,42.66,50.008,4.622,231.14,28.882,27.023,0.031116,0.009685,0.000471,9.038,22.186,idle_or_transition
14.375000,0,0,2066.98,4.4882,0.18536,40.12,50.060,4.618,231.19,28.882,27.021,0.008015,-0.002733,-0.016872,9.012,22.186,idle_or_transition
14.380000,0,0,2043.04,4.4599,0.19493,41.70,50.034,4.511,225.69,28.881,27.020,-0.030207,-0.001323,-0.014506,8.857,22.186,idle_or_transition
14.385000,0,0,2024.33,4.2417,0.18048,38.26,50.035,4.515,225.92,28.880,27.019,-0.004479,-0.021054,0.006996,8.653,22.186,idle_or_transition
14.390000,0,0,2010.76,4.3045,0.17757,37.39,50.018,4.572,228.70,28.879,27.017,-0.001409,-0.005061,-0.007567,8.744,22.186,idle_or_transition
14.395000,0,0,2009.45,4.1770,0.18347,38.61,50.041,4.571,228.74,28.878,27.016,0.026638,-0.000410,-0.011950,8.639,22.186,idle_or_transition
14.400000,0,0,1993.18,4.1129,0.18537,38.69,50.049,4.465,223.44,28.877,27.015,-0.011427,-0.028240,0.012809,8.610,22.186,idle_or_transition
14.405000,0,0,1961.83,4.0170,0.17816,36.60,50.028,4.377,218.96,28.876,27.013,0.036516,0.015234,0.003386,8.552,22.186,idle_or_transition
14.410000,0,0,1956.61,3.9730,0.17751,36.37,50.017,4.404,220.27,28.875,27.012,0.027818,0.029168,0.014361,8.421,22.186,idle_or_transition
14.415000,0,0,1943.36,3.9757,0.17473,35.56,50.022,4.375,218.83,28.874,27.010,0.025520,0.031898,0.013067,8.522,22.186,idle_or_transition
14.420000,0,0,1930.24,3.9624,0.17004,34.37,50.047,4.361,218.27,28.873,27.009,0.027988,0.029031,0.013000,8.401,22.186,idle_or_transition
14.425000,0,0,1911.69,3.8236,0.16238,32.51,50.071,4.282,214.40,28.872,27.007,-0.026402,0.000197,-0.013747,8.373,22.186,idle_or_transition
14.430000,0,0,1906.84,3.8396,0.17735,35.41,50.028,4.296,214.91,28.871,27.006,-0.027142,0.000139,-0.014032,8.283,22.186,idle_or_transition
14.435000,0,0,1888.64,3.7711,0.15971,31.59,50.062,4.191,209.80,28.870,27.004,-0.013643,-0.029838,0.016819,8.214,22.186,idle_or_transition
14.440000,0,0,1876.26,3.7232,0.16040,31.52,50.031,4.268,213.52,28.869,27.003,-0.027048,-0.000812,-0.009482,8.141,22.186,idle_or_transition
14.445000,0,0,1862.50,3.7147,0.16535,32.25,50.049,4.152,207.80,28.867,27.001,-0.010717,-0.025483,0.014261,8.091,22.187,idle_or_transition
14.450000,0,0,1855.14,3.6773,0.15464,30.04,50.049,4.112,205.78,28.866,26.999,0.008908,0.016517,0.010112,8.016,22.187,idle_or_transition
14.455000,0,0,1842.43,3.4801,0.14928,28.80,50.050,4.048,202.59,28.865,26.998,0.027169,0.025701,0.013363,8.006,22.187,idle_or_transition
14.460000,0,0,1830.05,3.5215,0.14707,28.18,50.068,3.993,199.92,28.864,26.996,0.020759,0.002448,-0.012089,8.017,22.187,idle_or_transition
14.465000,0,0,1810.73,3.5330,0.14463,27.42,50.078,4.040,202.33,28.862,26.994,-0.023111,0.000725,-0.011839,7.900,22.187,idle_or_transition
14.470000,0,0,1800.85,3.3977,0.14648,27.62,50.067,4.109,205.70,28.861,26.993,-0.012130,-0.023344,0.012672,7.896,22.187,idle_or_transition
14.475000,0,0,1783.80,3.4057,0.14693,27.45,50.076,3.950,197.79,28.860,26.991,-0.012479,-0.028733,0.013335,7.669,22.187,idle_or_transition
14.480000,0,0,1774.38,3.3183,0.13634,25.33,50.052,4.141,207.27,28.858,26.989,-0.005953,-0.014313,0.002195,7.713,22.187,idle_or_transition
14.485000,0,0,1765.30,3.2815,0.13985,25.85,50.059,4.068,203.66,28.857,26.988,-0.001865,-0.006587,-0.004538,7.614,22.187,idle_or_transition
14.490000,0,0,1758.04,3.2638,0.14356,26.43,50.082,3.831,191.88,28.856,26.986,-0.024987,0.001607,-0.012367,7.722,22.187,idle_or_transition
14.495000,0,0,1733.34,3.1398,0.14054,25.51,50.089,3.892,194.96,28.854,26.984,0.012462,0.021198,0.011503,7.494,22.187,idle_or_transition
14.500000,0,0,1719.32,3.0758,0.12878,23.19,50.078,3.917,196.16,28.853,26.982,-0.026015,-0.000931,-0.010580,7.369,22.187,idle_or_transition
14.505000,0,0,1715.71,3.0891,0.12776,22.95,50.086,3.911,195.88,28.852,26.981,0.022498,0.026105,0.011556,7.496,22.187,idle_or_transition
14.510000,0,0,1703.81,3.0158,0.12792,22.82,50.077,3.801,190.32,28.850,26.979,0.011035,-0.001500,-0.012256,7.546,22.187,idle_or_transition
14.515000,0,0,1684.98,2.9421,0.12999,22.94,50.071,3.900,195.28,28.849,26.977,-0.013827,0.003091,-0.004678,7.213,22.187,idle_or_transition
14.520000,0,0,1680.00,3.0194,0.12368,21.76,50.092,3.696,185.15,28.847,26.975,-0.022556,0.000864,-0.010351,7.379,22.187,idle_or_transition
14.525000,0,0,1662.63,2.9383,0.12157,21.17,50.102,3.697,185.21,28.846,26.973,-0.028710,0.003903,-0.013651,7.232,22.187,idle_or_transition
14.530000,0,0,1649.92,2.8423,0.12982,22.43,50.099,3.698,185.24,28.844,26.971,-0.021434,-0.001273,-0.013719,7.109,22.187,idle_or_transition
14.535000,0,0,1638.72,2.7896,0.12537,21.51,50.091,3.671,183.88,28.842,26.969,0.014400,0.001213,-0.012147,7.043,22.187,idle_or_transition
14.540000,0,0,1629.96,2.7729,0.11872,20.26,50.097,3.686,184.64,28.841,26.968,0.011306,0.001433,-0.014033,7.087,22.187,idle_or_transition
14.545000,0,0,1618.60,2.7719,0.11779,19.96,50.087,3.768,188.71,28.839,26.966,-0.018862,-0.012070,-0.002231,6.963,22.187,idle_or_transition
14.550000,0,0,1607.48,2.6713,0.11854,19.95,50.137,3.596,180.30,28.838,26.964,0.030284,0.017445,0.007522,7.054,22.187,idle_or_transition
14.555000,0,0,1593.77,2.7391,0.12166,20.31,50.103,3.544,177.56,28.836,26.962,-0.005892,0.006715,-0.000365,6.964,22.187,idle_or_transition
14.560000,0,0,1574.30,2.6233,0.11217,18.49,50.093,3.572,178.92,28.834,26.960,0.002692,-0.003516,-0.011183,6.956,22.187,idle_or_transition
14.565000,0,0,1577.17,2.5622,0.10870,17.95,50.089,3.639,182.25,28.833,26.958,0.024775,0.009626,0.001919,6.936,22.187,idle_or_transition
14.570000,0,0,1562.88,2.6210,0.12088,19.78,50.109,3.496,175.17,28.831,26.956,-0.020368,0.000598,-0.009674,6.892,22.187,idle_or_transition
14.575000,0,0,1548.52,2.5056,0.09864,16.00,50.103,3.495,175.11,28.829,26.954,-0.005425,-0.017799,0.008240,6.635,22.187,idle_or_transition
14.580000,0,0,1540.35,2.5164,0.11203,18.07,50.098,3.513,176.02,28.828,26.952,-0.015213,-0.015429,0.005623,6.764,22.187,idle_or_transition
14.585000,0,0,1524.12,2.3720,0.09447,15.08,50.145,3.375,169.24,28.826,26.950,-0.022073,-0.000396,-0.011006,6.534,22.187,idle_or_transition
14.590000,0,0,1512.69,2.3860,0.10976,17.39,50.140,3.328,166.88,28.824,26.948,0.027222,0.006357,0.001540,6.580,22.187,idle_or_transition
14.595000,0,0,1504.69,2.3697,0.10994,17.32,50.131,3.506,175.78,28.822,26.945,0.000740,-0.003645,-0.007142,6.540,22.187,idle_or_transition
14.600000,0,0,1490.89,2.3816,0.10945,17.09,50.135,3.270,163.95,28.820,26.943,0.027074,0.014959,0.006245,6.519,22.187,idle_or_transition
14.605000,0,0,1477.48,2.3145,0.10045,15.54,50.131,3.284,164.63,28.819,26.941,0.007601,0.019899,0.011935,6.472,22.187,idle_or_transition
14.610000,0,0,1469.45,2.2910,0.10111,15.56,50.125,3.285,164.64,28.817,26.939,0.028202,0.007387,-0.000525,6.349,22.188,idle_or_transition
14.615000,0,0,1461.72,2.2121,0.09740,14.91,50.124,3.254,163.11,28.815,26.937,-0.001804,-0.005587,-0.001369,6.392,22.188,idle_or_transition
14.620000,0,0,1454.09,2.1853,0.10869,16.55,50.146,3.296,165.28,28.813,26.935,-0.016528,-0.006696,0.002069,6.410,22.188,idle_or_transition
14.625000,0,0,1439.73,2.2225,0.10560,15.92,50.150,3.082,154.57,28.811,26.932,0.008377,-0.001249,-0.012103,6.313,22.188,idle_or_transition
14.630000,0,0,1435.36,2.1118,0.09284,13.95,50.127,3.244,162.62,28.809,26.930,0.001279,-0.002078,-0.007798,6.217,22.188,idle_or_transition
14.635000,0,0,1415.34,2.0523,0.09559,14.17,50.133,3.307,165.78,28.807,26.928,-0.011810,-0.020204,0.007384,6.047,22.188,idle_or_transition
14.640000,0,0,1407.57,2.0638,0.08598,12.67,50.116,3.312,166.00,28.805,26.926,-0.019186,-0.002164,-0.012959,6.147,22.188,idle_or_transition
14.645000,0,0,1400.92,2.0711,0.07605,11.16,50.161,3.216,161.31,28.803,26.924,0.004990,-0.003601,-0.009194,6.086,22.188,idle_or_transition
14.650000,0,0,1391.71,2.0204,0.08841,12.88,50.135,2.998,150.32,28.801,26.921,0.021020,0.006175,-0.004747,6.015,22.188,idle_or_transition
14.655000,0,0,1378.13,2.0330,0.08962,12.93,50.160,3.147,157.85,28.799,26.919,0.015159,0.021076,0.012725,5.931,22.188,idle_or_transition
14.660000,0,0,1367.09,1.8788,0.07173,10.27,50.140,3.136,157.25,28.797,26.917,-0.002764,-0.007975,0.001673,6.015,22.188,idle_or_transition
14.665000,0,0,1367.20,1.9218,0.08817,12.62,50.144,3.085,154.70,28.795,26.915,-0.009538,-0.019170,0.013195,5.845,22.188,idle_or_transition
14.670000,0,0,1357.50,1.8508,0.07915,11.25,50.159,3.155,158.27,28.793,26.912,0.009583,-0.000459,-0.009024,6.031,22.188,idle_or_transition
14.675000,0,0,1343.50,1.8090,0.08147,11.46,50.132,2.954,148.11,28.791,26.910,0.011801,0.017780,0.012003,5.735,22.188,idle_or_transition
14.680000,0,0,1326.90,1.9405,0.07347,10.21,50.144,3.112,156.04,28.789,26.908,0.021277,0.020215,0.011097,5.776,22.188,idle_or_transition
14.685000,0,0,1326.55,1.8573,0.09064,12.59,50.182,2.976,149.34,28.787,26.905,0.021907,0.019568,0.011641,5.719,22.188,idle_or_transition
14.690000,0,0,1306.59,1.8859,0.07646,10.46,50.139,2.976,149.22,28.785,26.903,0.005679,-0.002464,-0.009193,5.756,22.188,idle_or_transition
14.695000,0,0,1304.83,1.8308,0.06445,8.81,50.157,2.980,149.46,28.783,26.901,0.009634,0.014633,0.006758,5.578,22.188,idle_or_transition
14.700000,0,0,1297.91,1.7491,0.08034,10.92,50.147,3.031,151.99,28.781,26.898,-0.004769,-0.008638,0.000125,5.652,22.188,idle_or_transition
14.705000,0,0,1285.98,1.6786,0.07968,10.73,50.159,2.890,144.94,28.779,26.896,-0.008789,-0.016808,0.009202,5.610,22.188,idle_or_transition
14.710000,0,0,1273.34,1.7056,0.06735,8.98,50.164,2.944,147.68,28.777,26.894,-0.013403,-0.015261,0.003983,5.636,22.188,idle_or_transition
14.715000,0,0,1267.89,1.6538,0.07510,9.97,50.156,2.906,145.77,28.774,26.891,-0.002771,-0.007863,-0.002176,5.537,22.188,idle_or_transition
14.720000,0,0,1260.00,1.6610,0.06447,8.51,50.152,2.944,147.64,28.772,26.889,-0.009110,-0.022829,0.008959,5.487,22.188,idle_or_transition
14.725000,0,0,1251.70,1.6451,0.07636,10.01,50.194,2.937,147.42,28.770,26.887,-0.011133,-0.011922,0.004240,5.374,22.188,idle_or_transition
14.730000,0,0,1232.89,1.5416,0.07388,9.54,50.155,2.864,143.64,28.768,26.884,0.020703,0.015716,0.007696,5.335,22.188,idle_or_transition
14.735000,0,0,1230.86,1.6101,0.06304,8.13,50.157,2.816,141.25,28.766,26.882,-0.020340,-0.003675,-0.005839,5.377,22.188,idle_or_transition
14.740000,0,0,1216.73,1.5545,0.07356,9.37,50.154,2.872,144.06,28.764,26.879,0.001078,-0.005452,-0.005588,5.141,22.188,idle_or_transition
14.745000,0,0,1214.65,1.5303,0.06725,8.55,50.144,2.928,146.82,28.761,26.877,0.002567,0.012131,0.001934,5.235,22.188,idle_or_transition
14.750000,0,0,1203.28,1.5318,0.06144,7.74,50.175,2.868,143.88,28.759,26.875,0.008574,-0.000115,-0.012379,5.169,22.188,idle_or_transition
14.755000,0,0,1200.18,1.4987,0.06149,7.73,50.180,2.800,140.49,28.757,26.872,-0.012384,-0.014183,0.006386,5.339,22.188,idle_or_transition
14.760000,0,0,1187.34,1.4931,0.07029,8.74,50.195,2.694,135.25,28.755,26.870,-0.005240,-0.021981,0.012269,5.212,22.188,idle_or_transition
14.765000,0,0,1174.21,1.4997,0.06633,8.16,50.166,2.739,137.42,28.752,26.867,-0.002267,-0.008426,0.000378,5.019,22.188,idle_or_transition
14.770000,0,0,1172.52,1.5014,0.07192,8.83,50.196,2.735,137.31,28.750,26.865,0.019989,0.015273,0.006015,5.133,22.188,idle_or_transition
14.775000,0,0,1164.56,1.4671,0.05639,6.88,50.172,2.792,140.06,28.748,26.862,0.010698,0.003341,-0.009364,5.164,22.188,idle_or_transition
14.780000,0,0,1151.65,1.3867,0.06339,7.65,50.199,2.724,136.72,28.746,26.860,0.017835,0.002668,-0.001750,4.963,22.188,idle_or_transition
14.785000,0,0,1142.90,1.3906,0.04928,5.90,50.171,2.644,132.66,28.743,26.857,0.022435,0.013606,0.005979,5.028,22.188,idle_or_transition
14.790000,0,0,1131.58,1.2912,0.05987,7.09,50.186,2.675,134.23,28.741,26.855,-0.002456,-0.007088,0.000895,4.886,22.189,idle_or_transition
14.795000,0,0,1125.98,1.2854,0.05612,6.62,50.176,2.645,132.73,28.739,26.852,0.019769,0.009254,0.004465,4.863,22.189,idle_or_transition
14.800000,0,0,1118.34,1.3337,0.05713,6.69,50.188,2.743,137.67,28.736,26.850,0.003134,-0.003729,-0.006559,4.864,22.189,idle_or_transition
14.805000,0,0,1109.64,1.2823,0.04904,5.70,50.194,2.607,130.87,28.734,26.847,0.004605,-0.002778,-0.011551,4.879,22.189,idle_or_transition
14.810000,0,0,1104.90,1.3030,0.05489,6.35,50.169,2.616,131.24,28.732,26.844,0.013507,0.002804,-0.006006,4.864,22.189,idle_or_transition
14.815000,0,0,1102.34,1.3613,0.04995,5.77,50.184,2.784,139.73,28.729,26.842,-0.015578,-0.001744,-0.003008,4.737,22.189,idle_or_transition
14.820000,0,0,1093.72,1.3054,0.05884,6.74,50.163,2.712,136.05,28.727,26.840,-0.016376,-0.006522,0.000034,4.711,22.189,idle_or_transition
14.825000,0,0,1082.56,1.1576,0.05406,6.13,50.183,2.573,129.11,28.725,26.837,0.009261,0.016144,0.008280,4.605,22.189,idle_or_transition
14.830000,0,0,1073.35,1.2176,0.04143,4.66,50.200,2.514,126.21,28.722,26.834,-0.014458,-0.001871,-0.007654,4.694,22.189,idle_or_transition
14.835000,0,0,1071.51,1.2733,0.04644,5.21,50.198,2.572,129.10,28.720,26.832,-0.004981,-0.011857,0.004364,4.759,22.189,idle_or_transition
14.840000,0,0,1058.48,1.1280,0.05138,5.69,50.204,2.565,128.77,28.718,26.829,0.003709,-0.002221,-0.008601,4.643,22.189,idle_or_transition
14.845000,0,0,1053.41,1.1038,0.04477,4.94,50.188,2.484,124.68,28.715,26.827,0.021305,0.009064,0.001821,4.541,22.189,idle_or_transition
14.850000,0,0,1049.65,1.1414,0.06008,6.60,50.185,2.595,130.22,28.713,26.824,0.005345,0.000196,-0.012053,4.568,22.189,idle_or_transition
14.855000,0,0,1043.84,1.2032,0.05086,5.56,50.210,2.409,120.93,28.710,26.821,0.006731,0.013576,0.005788,4.585,22.189,idle_or_transition
14.860000,0,0,1030.19,1.1301,0.05885,6.35,50.193,2.487,124.84,28.708,26.819,-0.016427,-0.004242,-0.000932,4.426,22.189,idle_or_transition
14.865000,0,0,1019.69,1.0054,0.05579,5.96,50.188,2.553,128.12,28.705,26.816,0.021113,0.006978,0.000289,4.540,22.189,idle_or_transition
14.870000,0,0,1014.93,1.1292,0.04981,5.29,50.191,2.500,125.50,28.703,26.814,0.019300,0.017338,0.011363,4.416,22.189,idle_or_transition
14.875000,0,0,1010.15,1.0787,0.04266,4.51,50.190,2.575,129.22,28.701,26.811,0.004200,0.015989,0.009040,4.458,22.189,idle_or_transition
14.880000,0,0,1000.24,1.0405,0.04650,4.87,50.200,2.455,123.23,28.698,26.808,-0.013143,-0.012807,0.006032,4.267,22.189,idle_or_transition
14.885000,0,0,994.35,1.1016,0.03613,3.76,50.189,2.441,122.50,28.696,26.806,0.016637,0.001148,-0.006751,4.400,22.189,idle_or_transition
14.890000,0,0,986.94,0.9589,0.03323,3.43,50.198,2.422,121.56,28.693,26.803,-0.001905,-0.013405,0.006078,4.256,22.189,idle_or_transition
14.895000,0,0,973.10,0.9997,0.04084,4.16,50.188,2.507,125.81,28.691,26.801,0.023243,0.008810,0.004419,4.435,22.189,idle_or_transition
14.900000,0,0,970.56,1.0107,0.03943,4.01,50.206,2.376,119.30,28.688,26.798,-0.004200,-0.017275,0.008155,4.291,22.189,idle_or_transition
14.905000,0,0,965.76,1.0544,0.05215,5.27,50.200,2.481,124.56,28.686,26.795,-0.003566,-0.014871,0.008261,4.086,22.189,idle_or_transition
14.910000,0,0,957.28,0.8484,0.04939,4.95,50.209,2.478,124.43,28.683,26.793,-0.003137,-0.011023,0.004138,4.250,22.189,idle_or_transition
14.915000,0,0,955.31,0.9652,0.03550,3.55,50.193,2.372,119.07,28.681,26.790,0.018099,0.018923,0.009494,4.259,22.189,idle_or_transition
14.920000,0,0,947.19,0.9332,0.04366,4.33,50.185,2.384,119.63,28.678,26.787,0.017650,0.011134,0.006487,4.193,22.189,idle_or_transition
14.925000,0,0,936.10,0.9051,0.04582,4.49,50.192,2.370,118.95,28.676,26.785,0.000968,-0.005500,-0.001547,4.101,22.189,idle_or_transition
14.930000,0,0,932.19,0.9514,0.03267,3.19,50.243,2.272,114.13,28.673,26.782,-0.006935,-0.016450,0.008690,4.025,22.189,idle_or_transition
14.935000,0,0,929.99,0.9175,0.04375,4.26,50.231,2.257,113.36,28.671,26.779,0.018938,0.013768,0.007520,3.988,22.189,idle_or_transition
14.940000,0,0,919.91,0.8617,0.04142,3.99,50.201,2.341,117.50,28.668,26.776,-0.010815,-0.008299,0.002170,3.917,22.189,idle_or_transition
14.945000,0,0,909.89,0.8312,0.04086,3.89,50.214,2.402,120.59,28.665,26.774,0.010307,0.000719,-0.004954,4.008,22.189,idle_or_transition
14.950000,0,0,912.95,0.9116,0.03282,3.14,50.230,2.325,116.79,28.663,26.771,0.019882,0.015141,0.006411,3.941,22.189,idle_or_transition
14.955000,0,0,903.34,0.7539,0.03683,3.48,50.235,2.338,117.46,28.660,26.768,-0.017901,-0.001560,-0.009439,3.906,22.189,idle_or_transition
14.960000,0,0,897.38,0.8611,0.02994,2.81,50.186,2.341,117.50,28.658,26.766,0.001111,0.001411,-0.006625,3.929,22.189,idle_or_transition
14.965000,0,0,889.66,0.7967,0.03788,3.53,50.249,2.239,112.53,28.655,26.763,-0.003719,-0.013639,0.007263,3.959,22.189,idle_or_transition
14.970000,0,0,877.93,0.7726,0.03074,2.83,50.203,2.284,114.67,28.653,26.760,-0.012492,-0.012246,0.003230,3.956,22.190,idle_or_transition
14.975000,0,0,876.21,0.9001,0.03652,3.35,50.190,2.312,116.03,28.650,26.758,0.006921,0.000369,-0.006644,3.682,22.190,idle_or_transition
14.980000,0,0,864.99,0.8629,0.04291,3.89,50.226,2.126,106.76,28.647,26.755,-0.006947,-0.016396,0.008543,3.816,22.190,idle_or_transition
14.985000,0,0,866.42,0.8105,0.01911,1.73,50.198,2.339,117.42,28.645,26.752,0.009966,0.014896,0.006533,3.641,22.190,idle_or_transition
14.990000,0,0,849.31,0.7924,0.03068,2.73,50.233,2.154,108.19,28.642,26.749,-0.016825,0.001267,-0.008318,3.744,22.190,idle_or_transition
14.995000,0,0,846.08,0.7398,0.02790,2.47,50.225,2.114,106.20,28.640,26.747,0.015581,0.018108,0.007794,3.709,22.190,idle_or_transition
15.000000,0,0,843.87,0.7684,0.03430,3.03,50.219,2.253,113.14,28.637,26.744,-0.006029,-0.016435,0.009805,3.787,22.190,idle_or_transition
15.005000,0,0,836.29,0.7763,0.03295,2.89,50.203,2.198,110.36,28.634,26.741,-0.017611,0.004318,-0.005734,3.703,22.190,idle_or_transition
15.010000,0,0,830.67,0.7222,0.02335,2.03,50.223,2.236,112.29,28.632,26.738,-0.006202,-0.005481,-0.000770,3.582,22.190,idle_or_transition
15.015000,0,0,826.30,0.6828,0.02410,2.09,50.241,2.211,111.08,28.629,26.736,-0.003719,-0.004549,0.000738,3.617,22.190,idle_or_transition
15.020000,0,0,822.58,0.6531,0.03205,2.76,50.213,2.082,104.54,28.626,26.733,-0.005382,-0.014660,0.006806,3.591,22.190,idle_or_transition
15.025000,3,80,866.65,0.7030,0.02999,2.72,50.225,2.304,115.74,28.624,26.730,-0.008771,-0.006044,0.002135,3.792,22.190,steady_run_3
15.030000,3,80,911.60,0.8176,0.04411,4.21,50.224,2.357,118.35,28.621,26.728,-0.003289,0.006306,0.002819,4.010,22.190,steady_run_3
15.035000,3,80,961.36,0.9948,0.03732,3.76,50.226,2.389,119.97,28.619,26.725,-0.001267,-0.013146,0.004240,4.094,22.190,steady_run_3
15.040000,3,80,1007.58,0.9749,0.05305,5.60,50.212,2.438,122.42,28.616,26.722,0.018180,0.016584,0.006199,4.284,22.190,steady_run_3
15.045000,3,80,1040.85,1.1653,0.04268,4.65,50.207,2.532,127.11,28.614,26.720,-0.007570,-0.020708,0.010110,4.647,22.190,steady_run_3
15.050000,3,80,1090.14,1.2174,0.05332,6.09,50.170,2.604,130.62,28.612,26.717,0.003005,0.013573,0.001970,4.657,22.190,steady_run_3
15.055000,3,80,1139.70,1.3673,0.07077,8.45,50.180,2.725,136.75,28.610,26.715,-0.006432,-0.010434,0.003457,4.903,22.190,steady_run_3
15.060000,3,80,1175.46,1.5483,0.06215,7.65,50.196,2.754,138.26,28.607,26.713,-0.007618,-0.019366,0.008452,5.011,22.190,steady_run_3
15.065000,3,80,1221.87,1.6351,0.07470,9.56,50.154,2.717,136.24,28.605,26.710,0.015116,0.000459,-0.008019,5.272,22.190,steady_run_3
15.070000,3,80,1263.88,1.6932,0.07015,9.28,50.151,2.827,141.79,28.603,26.708,-0.012660,0.006626,-0.003366,5.432,22.190,steady_run_3
15.075000,3,80,1297.84,1.7700,0.08415,11.44,50.163,2.997,150.32,28.601,26.706,-0.006101,-0.018499,0.012369,5.602,22.190,steady_run_3
15.080000,3,80,1343.26,1.8327,0.08690,12.22,50.165,3.032,152.11,28.599,26.704,0.013546,0.023784,0.011696,5.757,22.190,steady_run_3
15.085000,3,80,1382.76,1.9348,0.08785,12.72,50.166,3.028,151.89,28.597,26.702,0.020348,0.018527,0.009885,6.004,22.190,steady_run_3
15.090000,3,80,1435.94,2.1255,0.10060,15.13,50.127,3.299,165.39,28.596,26.700,-0.009283,-0.021426,0.013082,6.228,22.190,steady_run_3
15.095000,3,80,1464.87,2.2025,0.09680,14.85,50.131,3.210,160.90,28.594,26.698,-0.008683,0.004801,-0.003268,6.469,22.190,steady_run_3
15.100000,3,80,1505.57,2.2952,0.09870,15.56,50.117,3.300,165.40,28.592,26.696,0.016871,0.003614,-0.009275,6.535,22.190,steady_run_3
15.105000,3,80,1536.61,2.5210,0.10908,17.55,50.140,3.483,174.62,28.590,26.694,0.028180,0.011113,-0.002595,6.596,22.190,steady_run_3
15.110000,3,80,1574.42,2.5925,0.11701,19.29,50.094,3.566,178.66,28.589,26.692,-0.023559,0.001062,-0.013571,6.867,22.190,steady_run_3
15.115000,3,80,1616.34,2.8507,0.11648,19.72,50.094,3.724,186.57,28.588,26.691,-0.005355,-0.019889,0.009174,6.987,22.190,steady_run_3
15.120000,3,80,1659.29,2.9382,0.12859,22.34,50.096,3.769,188.83,28.586,26.689,-0.003355,-0.008682,-0.001339,7.053,22.190,steady_run_3
15.125000,3,80,1701.98,2.9890,0.12370,22.05,50.099,3.836,192.16,28.585,26.688,0.011563,-0.000768,-0.013195,7.444,22.190,steady_run_3
15.130000,3,80,1726.80,3.0924,0.13936,25.20,50.053,3.959,198.14,28.584,26.686,-0.019694,-0.003621,-0.003104,7.442,22.190,steady_run_3
15.135000,3,80,1763.12,3.3103,0.14361,26.52,50.061,3.986,199.55,28.583,26.685,0.008503,0.019247,0.007762,7.550,22.190,steady_run_3
15.140000,3,80,1806.75,3.4441,0.14983,28.35,50.057,4.099,205.17,28.582,26.683,0.028629,0.021195,0.010291,7.856,22.190,steady_run_3
15.145000,3,80,1842.10,3.6149,0.15663,30.21,50.070,4.195,210.02,28.581,26.682,0.029106,0.003371,-0.004413,7.984,22.190,steady_run_3
15.150000,3,80,1870.14,3.6831,0.16440,32.20,50.069,4.096,205.10,28.580,26.681,-0.004192,-0.004120,-0.003495,8.159,22.190,steady_run_3
15.155000,3,80,1910.96,3.8277,0.15499,31.02,50.026,4.308,215.51,28.579,26.679,-0.022434,-0.000236,-0.011296,8.333,22.190,steady_run_3
15.160000,3,80,1940.85,3.8876,0.15622,31.75,50.007,4.379,218.99,28.578,26.678,-0.009490,-0.030650,0.014685,8.411,22.190,steady_run_3
15.165000,3,80,1965.55,4.1070,0.17628,36.28,50.037,4.487,224.51,28.577,26.677,-0.001964,0.013134,0.003126,8.448,22.191,steady_run_3
15.170000,3,80,1999.13,4.2389,0.17982,37.65,50.054,4.436,222.04,28.576,26.676,-0.013207,-0.026095,0.016320,8.655,22.191,steady_run_3
15.175000,3,80,2036.45,4.3001,0.18375,39.19,50.039,4.406,220.48,28.576,26.675,0.028132,0.010335,0.000922,8.913,22.191,steady_run_3
15.180000,3,80,2072.89,4.5247,0.19385,42.08,50.017,4.745,237.35,28.575,26.674,-0.008902,-0.031863,0.017815,8.984,22.191,steady_run_3
15.185000,3,80,2097.68,4.6505,0.19776,43.44,49.980,4.748,237.29,28.575,26.673,0.011535,0.024242,0.013663,9.235,22.191,steady_run_3
15.190000,3,80,2128.78,4.7913,0.21159,47.17,50.020,4.683,234.27,28.574,26.672,0.020558,0.028136,0.012734,9.365,22.191,steady_run_3
15.195000,3,80,2164.30,4.8869,0.20876,47.31,49.997,4.976,248.78,28.574,26.672,0.035795,0.009370,-0.000673,9.454,22.191,steady_run_3
15.200000,3,80,2190.72,5.0012,0.21555,49.45,49.993,4.888,244.35,28.573,26.671,0.030455,0.030115,0.017906,9.562,22.191,steady_run_3
15.205000,3,80,2229.59,5.1677,0.22952,53.59,49.978,5.075,253.64,28.573,26.670,0.032975,0.029854,0.015494,9.684,22.191,steady_run_3
15.210000,3,80,2252.66,5.3062,0.22593,53.30,49.958,5.127,256.12,28.573,26.670,0.031524,0.033884,0.014285,9.719,22.191,steady_run_3
15.215000,3,80,2280.12,5.4040,0.22953,54.81,49.956,5.234,261.45,28.573,26.669,0.029961,0.001183,-0.008502,9.927,22.191,steady_run_3
15.220000,3,80,2316.00,5.6202,0.24229,58.76,49.963,5.208,260.21,28.573,26.668,-0.009713,-0.025959,0.014881,10.126,22.191,steady_run_3
15.225000,3,80,2354.88,5.7807,0.25554,63.02,49.939,5.425,270.90,28.573,26.668,-0.011782,-0.032989,0.017457,10.267,22.191,steady_run_3
15.230000,3,80,2380.80,5.9202,0.26042,64.93,49.958,5.457,272.64,28.573,26.668,0.013185,-0.001224,-0.017438,10.330,22.191,steady_run_3
15.235000,3,80,2404.54,6.0566,0.25969,65.39,49.953,5.490,274.23,28.573,26.667,-0.011907,-0.030884,0.017068,10.399,22.191,steady_run_3
15.240000,3,80,2435.30,6.2664,0.27534,70.22,49.953,5.613,280.39,28.573,26.667,-0.011294,-0.032269,0.017251,10.615,22.191,steady_run_3
15.245000,3,80,2462.51,6.3855,0.27893,71.93,49.952,5.629,281.19,28.573,26.667,-0.019228,-0.025327,0.008736,10.647,22.191,steady_run_3
15.250000,3,80,2489.75,6.5707,0.26924,70.20,49.919,5.812,290.15,28.573,26.667,-0.031494,0.002217,-0.014552,10.889,22.191,steady_run_3
15.255000,3,80,2515.57,6.7900,0.28130,74.10,49.906,5.706,284.74,28.574,26.667,-0.009960,-0.034710,0.013297,10.967,22.191,steady_run_3
15.260000,3,80,2541.31,6.7994,0.29266,77.88,49.954,5.809,290.18,28.574,26.666,0.026062,-0.001390,-0.018525,10.953,22.191,steady_run_3
15.265000,3,80,2570.33,6.9779,0.29851,80.35,49.898,5.852,291.98,28.574,26.666,-0.032543,0.004608,-0.015835,11.156,22.191,steady_run_3
15.270000,3,80,2589.47,7.0675,0.30443,82.55,49.915,6.050,302.01,28.575,26.666,-0.009252,0.010160,-0.002847,11.346,22.191,steady_run_3
15.275000,3,80,2613.89,7.2587,0.30289,82.91,49.918,6.063,302.65,28.575,26.666,0.010826,-0.000076,-0.017274,11.359,22.191,steady_run_3
15.280000,3,80,2637.40,7.3638,0.32149,88.79,49.889,6.217,310.15,28.576,26.667,-0.013100,-0.035255,0.019071,11.596,22.191,steady_run_3
15.285000,3,80,2674.84,7.5911,0.31951,89.50,49.873,6.164,307.43,28.577,26.667,0.022141,-0.001713,-0.017376,11.601,22.191,steady_run_3
15.290000,3,80,2703.48,7.7147,0.31507,89.20,49.888,6.199,309.25,28.577,26.667,-0.036388,0.002638,-0.020560,11.618,22.191,steady_run_3
15.295000,3,80,2709.37,7.5865,0.32882,93.29,49.878,6.359,317.18,28.578,26.667,-0.007961,-0.034415,0.017115,11.799,22.191,steady_run_3
15.300000,3,80,2732.50,7.7645,0.34213,97.90,49.902,6.415,320.10,28.579,26.667,-0.024009,-0.028743,0.014557,11.917,22.191,steady_run_3
15.305000,3,80,2757.87,7.9795,0.33760,97.50,49.849,6.541,326.05,28.580,26.668,0.011969,0.001663,-0.020028,12.153,22.191,steady_run_3
15.310000,3,80,2780.17,8.0310,0.34469,100.35,49.857,6.551,326.59,28.581,26.668,0.034775,0.005629,-0.009244,12.052,22.191,steady_run_3
15.315000,3,80,2811.02,8.1984,0.35051,103.18,49.836,6.674,332.60,28.582,26.669,0.013546,0.000470,-0.019347,12.278,22.191,steady_run_3
15.320000,3,80,2834.79,8.3897,0.37085,110.09,49.845,6.705,334.19,28.583,26.669,-0.019427,-0.033448,0.015209,12.308,22.191,steady_run_3
15.325000,3,80,2852.98,8.4948,0.36519,109.11,49.858,6.751,336.59,28.584,26.670,-0.011304,-0.032688,0.012856,12.459,22.191,steady_run_3
15.330000,3,80,2875.69,8.7085,0.35791,107.78,49.833,6.907,344.18,28.585,26.670,-0.014618,-0.033841,0.017220,12.580,22.191,steady_run_3
15.335000,3,80,2900.58,8.8712,0.38080,115.67,49.847,6.875,342.72,28.587,26.671,0.046893,0.035554,0.017873,12.563,22.191,steady_run_3
15.340000,3,80,2917.10,8.9166,0.38871,118.74,49.825,6.988,348.17,28.588,26.672,-0.013672,-0.041441,0.020474,12.689,22.191,steady_run_3
15.345000,3,80,2942.71,9.1350,0.38614,118.99,49.812,7.061,351.73,28.589,26.673,0.004579,0.000400,-0.018225,12.781,22.191,steady_run_3
15.350000,3,80,2966.51,9.1893,0.39221,121.84,49.827,7.118,354.65,28.591,26.673,-0.028600,-0.018840,0.001728,13.022,22.191,steady_run_3
15.355000,3,80,2988.51,9.3479,0.40939,128.12,49.806,7.000,348.62,28.592,26.674,-0.010329,-0.039361,0.020274,12.936,22.191,steady_run_3
15.360000,3,80,3007.97,9.4980,0.40052,126.16,49.814,7.299,363.60,28.593,26.675,-0.040129,0.001326,-0.019242,13.173,22.191,steady_run_3
15.365000,3,80,3030.34,9.6305,0.42080,133.54,49.787,7.302,363.55,28.595,26.676,-0.036186,-0.001576,-0.013216,13.105,22.192,steady_run_3
15.370000,3,80,3049.53,9.8404,0.41745,133.31,49.788,7.489,372.88,28.597,26.677,-0.019377,0.008996,-0.008726,13.317,22.192,steady_run_3
15.375000,3,80,3073.62,9.8863,0.42107,135.53,49.818,7.402,368.74,28.598,26.678,0.016812,-0.001297,-0.024090,13.455,22.192,steady_run_3
15.380000,3,80,3092.90,10.0902,0.43677,141.47,49.792,7.540,375.45,28.600,26.679,-0.012108,-0.036702,0.017618,13.385,22.192,steady_run_3
15.385000,3,80,3114.67,10.1153,0.43276,141.15,49.761,7.534,374.88,28.602,26.680,0.011330,-0.001546,-0.021144,13.554,22.192,steady_run_3
15.390000,3,80,3130.19,10.3032,0.43881,143.84,49.779,7.659,381.27,28.604,26.681,-0.015273,-0.043190,0.022075,13.654,22.192,steady_run_3
15.395000,3,80,3155.95,10.4347,0.45083,148.99,49.758,7.774,386.81,28.606,26.683,-0.003515,-0.014090,-0.004372,13.791,22.192,steady_run_3
15.400000,3,80,3182.66,10.6422,0.45869,152.88,49.736,7.919,393.84,28.608,26.684,-0.010525,-0.042930,0.022514,13.840,22.192,steady_run_3
15.405000,3,80,3189.09,10.6795,0.45990,153.59,49.719,7.904,392.98,28.610,26.685,-0.008737,-0.021096,0.005401,13.865,22.192,steady_run_3
15.410000,3,80,3203.63,10.7899,0.46138,154.79,49.761,7.898,393.03,28.612,26.687,-0.011328,-0.016610,0.002571,13.987,22.192,steady_run_3
15.415000,3,80,3224.65,10.8150,0.47578,160.66,49.756,7.856,390.87,28.614,26.688,0.048699,0.041909,0.018084,13.938,22.192,steady_run_3
15.420000,3,80,3246.39,11.0863,0.48496,164.87,49.714,8.012,398.31,28.616,26.689,-0.000910,0.022407,0.003805,14.125,22.192,steady_run_3
15.425000,3,80,3254.86,11.1798,0.48437,165.10,49.731,7.948,395.26,28.618,26.691,-0.004217,-0.004801,-0.012734,14.217,22.192,steady_run_3
15.430000,3,80,3284.23,11.3928,0.47933,164.85,49.714,8.327,413.96,28.620,26.692,0.044800,0.010912,-0.006088,14.231,22.192,steady_run_3
15.435000,3,80,3295.31,11.3009,0.48652,167.89,49.728,8.152,405.36,28.622,26.694,0.012832,0.001096,-0.020870,14.391,22.192,steady_run_3
15.440000,3,80,3317.81,11.5504,0.48115,167.17,49.737,8.316,413.61,28.625,26.695,0.002006,-0.008994,-0.012786,14.460,22.192,steady_run_3
15.445000,3,80,3322.53,11.6504,0.48655,169.29,49.728,8.346,415.01,28.627,26.697,-0.030449,0.001717,-0.018289,14.412,22.192,steady_run_3
15.450000,3,80,3351.06,11.7551,0.51208,179.70,49.704,8.373,416.16,28.629,26.699,-0.012564,-0.030268,0.015182,14.439,22.192,steady_run_3
15.455000,3,80,3369.90,11.8246,0.51121,180.40,49.701,8.484,421.68,28.632,26.701,-0.022562,-0.042491,0.019338,14.642,22.192,steady_run_3
15.460000,3,80,3381.58,11.9818,0.51779,183.36,49.711,8.497,422.38,28.634,26.702,-0.028098,0.004844,-0.014257,14.760,22.192,steady_run_3
15.465000,3,80,3403.62,12.1549,0.53088,189.22,49.690,8.565,425.59,28.637,26.704,-0.036737,0.000072,-0.018296,14.813,22.192,steady_run_3
15.470000,3,80,3425.24,12.3843,0.52434,188.08,49.702,8.541,424.51,28.639,26.706,-0.035626,-0.011739,-0.004237,14.857,22.192,steady_run_3
15.475000,3,80,3433.21,12.2975,0.53553,192.54,49.677,8.732,433.79,28.642,26.708,0.034453,0.043411,0.023931,15.049,22.192,steady_run_3
15.480000,3,80,3444.87,12.4064,0.52722,190.19,49.658,8.787,436.36,28.645,26.710,0.014912,-0.003121,-0.025758,14.967,22.192,steady_run_3
15.485000,3,80,3466.12,12.5860,0.53543,194.35,49.690,8.847,439.60,28.648,26.712,0.046389,0.047144,0.022009,15.048,22.192,steady_run_3
15.490000,3,80,3483.33,12.7954,0.54483,198.74,49.679,8.753,434.82,28.650,26.714,-0.043503,0.003917,-0.026887,15.267,22.192,steady_run_3
15.495000,3,80,3496.39,12.7624,0.54583,199.85,49.665,8.861,440.09,28.653,26.716,-0.011933,-0.027367,0.008874,15.259,22.192,steady_run_3
15.500000,3,80,3508.47,12.9838,0.55473,203.81,49.677,8.882,441.24,28.656,26.718,-0.031988,0.004544,-0.017992,15.143,22.192,steady_run_3
15.505000,3,80,3524.02,13.0153,0.56220,207.47,49.651,9.003,447.04,28.659,26.720,0.051373,0.019825,0.000278,15.299,22.192,steady_run_3
15.510000,3,80,3542.57,13.2881,0.56291,208.83,49.666,9.060,449.97,28.662,26.722,0.033000,0.001336,-0.020323,15.354,22.192,steady_run_3
15.515000,3,80,3553.73,13.2756,0.57485,213.93,49.675,9.075,450.80,28.665,26.724,-0.007493,-0.019322,-0.001940,15.422,22.192,steady_run_3
15.520000,3,80,3567.76,13.2951,0.56588,211.42,49.660,9.170,455.37,28.668,26.726,0.006063,-0.002990,-0.022455,15.547,22.192,steady_run_3
15.525000,3,80,3589.32,13.6156,0.57289,215.33,49.636,9.302,461.71,28.671,26.729,0.046967,0.005770,-0.009925,15.448,22.192,steady_run_3
15.530000,3,80,3590.46,13.6002,0.57114,214.74,49.630,9.282,460.67,28.674,26.731,-0.046742,-0.000222,-0.026099,15.567,22.192,steady_run_3
15.535000,3,80,3609.96,13.6583,0.58404,220.79,49.646,9.211,457.27,28.677,26.733,0.056838,0.030533,0.009466,15.678,22.192,steady_run_3
15.540000,3,80,3636.78,13.8559,0.59737,227.50,49.644,9.340,463.69,28.680,26.735,0.000340,-0.007015,-0.012495,15.976,22.192,steady_run_3
15.545000,3,80,3631.47,13.8683,0.58039,220.71,49.616,9.369,464.83,28.683,26.738,0.016762,-0.001005,-0.025241,15.833,22.192,steady_run_3
15.550000,3,80,3651.72,14.0087,0.59690,228.26,49.631,9.392,466.13,28.686,26.740,-0.039609,0.006833,-0.021414,15.839,22.192,steady_run_3
15.555000,3,80,3667.57,14.1331,0.60539,232.51,49.626,9.456,469.24,28.690,26.742,0.034295,-0.000992,-0.023396,16.035,22.192,steady_run_3
15.560000,3,80,3668.83,14.1231,0.60885,233.92,49.613,9.451,468.92,28.693,26.745,-0.023183,0.008771,-0.010866,15.985,22.192,steady_run_3
15.565000,3,80,3684.36,14.2952,0.59981,231.42,49.630,9.489,470.91,28.696,26.747,0.044584,0.005269,-0.012906,16.148,22.192,steady_run_3
15.570000,3,80,3704.07,14.3705,0.61781,239.64,49.635,9.561,474.58,28.699,26.750,-0.026984,-0.034568,0.012501,16.144,22.192,steady_run_3
15.575000,3,80,3717.08,14.5173,0.62094,241.70,49.613,9.613,476.94,28.703,26.752,0.016622,-0.003439,-0.028103,16.218,22.192,steady_run_3
15.580000,3,80,3719.10,14.4649,0.62732,244.32,49.594,9.675,479.80,28.706,26.755,0.057994,0.029961,0.006903,16.144,22.193,steady_run_3
15.585000,3,80,3743.29,14.7262,0.61690,241.82,49.585,9.766,484.25,28.710,26.757,-0.045641,-0.002722,-0.016524,16.304,22.193,steady_run_3
15.590000,3,80,3750.10,14.8301,0.63341,248.74,49.621,9.776,485.08,28.713,26.760,-0.046079,0.003407,-0.028479,16.317,22.193,steady_run_3
15.595000,3,80,3764.10,14.9293,0.63983,252.20,49.586,9.898,490.81,28.717,26.763,-0.049384,0.003101,-0.022941,16.508,22.193,steady_run_3
15.600000,3,80,3777.29,14.9797,0.65634,259.62,49.588,9.954,493.62,28.720,26.765,-0.012729,-0.040415,0.022137,16.304,22.193,steady_run_3
15.605000,3,80,3788.54,15.0786,0.65336,259.21,49.593,9.946,493.25,28.724,26.768,-0.041990,-0.002591,-0.019126,16.391,22.193,steady_run_3
15.610000,3,80,3791.68,15.1189,0.64607,256.53,49.583,10.050,498.31,28.728,26.771,-0.037061,0.003453,-0.020558,16.511,22.193,steady_run_3
15.615000,3,80,3812.94,15.2380,0.65871,263.01,49.573,10.077,499.53,28.731,26.774,-0.043034,-0.008364,-0.010223,16.612,22.193,steady_run_3
15.620000,3,80,3831.26,15.4289,0.65723,263.68,49.542,10.061,498.45,28.735,26.776,-0.051644,0.002195,-0.027894,16.793,22.193,steady_run_3
15.625000,3,80,3828.47,15.4201,0.65056,260.82,49.586,9.981,494.94,28.739,26.779,-0.000853,-0.006116,-0.016126,16.665,22.193,steady_run_3
15.630000,3,80,3851.80,15.6290,0.66298,267.42,49.547,10.157,503.26,28.742,26.782,-0.049575,0.001228,-0.025770,16.784,22.193,steady_run_3
15.635000,3,80,3860.75,15.6862,0.67847,274.30,49.562,10.167,503.90,28.746,26.785,-0.004965,-0.013955,-0.004714,16.648,22.193,steady_run_3
15.640000,3,80,3868.93,15.7075,0.67357,272.90,49.567,10.233,507.22,28.750,26.788,-0.039832,0.004553,-0.018511,16.788,22.193,steady_run_3
15.645000,3,80,3890.16,15.8920,0.68774,280.17,49.537,10.269,508.69,28.754,26.791,-0.047482,-0.006203,-0.013262,16.993,22.193,steady_run_3
15.650000,3,80,3878.47,15.8190,0.68094,276.57,49.578,10.189,505.15,28.758,26.794,0.019379,0.038629,0.019476,16.819,22.193,steady_run_3
15.655000,3,80,3904.14,16.0583,0.69849,285.57,49.524,10.343,512.23,28.762,26.797,0.023953,0.044283,0.024791,17.076,22.193,steady_run_3
15.660000,3,80,3906.03,16.0835,0.68216,279.03,49.560,10.286,509.79,28.765,26.800,-0.046448,0.001386,-0.027656,16.884,22.193,steady_run_3
15.665000,3,80,3917.02,16.1446,0.67469,276.75,49.555,10.441,517.38,28.769,26.803,0.034823,0.049369,0.022428,16.970,22.193,steady_run_3
15.670000,3,80,3936.08,16.2256,0.69658,287.12,49.528,10.400,515.09,28.773,26.806,0.022405,-0.001836,-0.026692,17.152,22.193,steady_run_3
15.675000,3,80,3938.19,16.3238,0.69249,285.59,49.554,10.523,521.44,28.777,26.809,0.054009,0.014163,-0.002883,17.105,22.193,steady_run_3
15.680000,3,80,3949.56,16.3541,0.69744,288.46,49.567,10.508,520.84,28.781,26.812,-0.014876,-0.038399,0.017644,17.223,22.193,steady_run_3
15.685000,3,80,3954.97,16.3928,0.68892,285.33,49.529,10.519,520.99,28.785,26.815,0.047540,0.005357,-0.014236,17.193,22.193,steady_run_3
15.690000,3,80,3967.79,16.5714,0.70343,292.28,49.541,10.654,527.81,28.790,26.818,-0.026375,0.009987,-0.009392,17.191,22.193,steady_run_3
15.695000,3,80,3979.20,16.5240,0.70941,295.61,49.522,10.620,525.90,28.794,26.821,0.053303,0.007461,-0.011457,17.266,22.193,steady_run_3
15.700000,3,80,3979.22,16.6713,0.72549,302.31,49.533,10.592,524.63,28.798,26.824,-0.017984,-0.051028,0.030163,17.343,22.193,steady_run_3
15.705000,3,80,3991.22,16.7212,0.71898,300.50,49.494,10.687,528.95,28.802,26.827,0.033445,0.045932,0.027324,17.307,22.193,steady_run_3
15.710000,3,80,4005.06,16.8727,0.71102,298.21,49.517,10.720,530.82,28.806,26.831,0.004089,0.031971,0.012082,17.428,22.193,steady_run_3
15.715000,3,80,4022.41,17.0436,0.71490,301.13,49.542,10.716,530.92,28.810,26.834,-0.045284,0.004088,-0.025645,17.517,22.193,steady_run_3
15.720000,3,80,4025.04,17.0432,0.74091,312.29,49.517,10.814,535.46,28.814,26.837,-0.038868,0.002918,-0.019825,17.518,22.193,steady_run_3
15.725000,3,80,4038.72,17.1642,0.73260,309.84,49.498,10.815,535.34,28.819,26.840,-0.053371,0.001339,-0.027836,17.561,22.193,steady_run_3
15.730000,3,80,4042.69,17.0333,0.73982,313.20,49.529,10.915,540.61,28.823,26.844,0.062360,0.033942,0.008818,17.635,22.193,steady_run_3
15.735000,3,80,4045.23,17.0038,0.73107,309.69,49.513,10.855,537.47,28.827,26.847,0.061895,0.031928,0.007859,17.716,22.193,steady_run_3
15.740000,3,80,4058.60,17.3563,0.73504,312.40,49.511,10.922,540.78,28.832,26.850,0.021407,0.041674,0.020189,17.681,22.193,steady_run_3
15.745000,3,80,4057.94,17.3224,0.74770,317.73,49.510,10.884,538.85,28.836,26.854,0.061923,0.029183,0.008908,17.617,22.193,steady_run_3
15.750000,3,80,4076.45,17.4884,0.73254,312.71,49.509,10.994,544.30,28.840,26.857,0.010932,-0.002945,-0.022906,17.720,22.193,steady_run_3
15.755000,3,80,4072.58,17.3561,0.74448,317.51,49.494,11.005,544.66,28.845,26.860,-0.039893,-0.025212,0.002537,17.772,22.193,steady_run_3
15.760000,3,80,4090.28,17.7098,0.74233,317.96,49.500,11.021,545.53,28.849,26.864,-0.034735,-0.029751,0.010766,17.862,22.193,steady_run_3
15.765000,3,80,4095.13,17.6443,0.74585,319.85,49.474,11.187,553.46,28.854,26.867,0.036408,-0.000685,-0.026337,17.863,22.193,steady_run_3
15.770000,3,80,4113.74,17.7896,0.76443,329.31,49.501,11.062,547.59,28.858,26.871,-0.015049,-0.041008,0.018822,17.903,22.193,steady_run_3
15.775000,3,80,4111.99,17.7332,0.76998,331.56,49.482,11.157,552.08,28.863,26.874,0.004853,-0.007812,-0.020550,17.981,22.193,steady_run_3
15.780000,3,80,4120.78,17.8773,0.76956,332.09,49.484,11.312,559.77,28.867,26.878,0.038736,0.050704,0.029087,18.008,22.193,steady_run_3
15.785000,3,80,4132.95,17.9585,0.76782,332.31,49.472,11.367,562.34,28.872,26.882,-0.018783,-0.058832,0.027272,18.046,22.193,steady_run_3
15.790000,3,80,4150.90,18.0775,0.77758,338.00,49.488,11.182,553.37,28.876,26.885,-0.028527,-0.041351,0.020124,18.154,22.193,steady_run_3
15.795000,3,80,4150.71,18.0376,0.76080,330.69,49.500,11.250,556.88,28.881,26.889,-0.017778,0.015192,-0.004310,18.001,22.193,steady_run_3
15.800000,3,80,4152.12,18.1176,0.76573,332.95,49.493,11.262,557.39,28.886,26.892,-0.031421,-0.037306,0.011895,18.133,22.193,steady_run_3
15.805000,3,80,4155.21,18.2151,0.76696,333.73,49.493,11.228,555.70,28.890,26.896,-0.050812,-0.000588,-0.027945,18.024,22.193,steady_run_3
15.810000,3,80,4167.13,18.3388,0.79179,345.52,49.454,11.401,563.81,28.895,26.899,0.029997,0.000289,-0.027849,18.099,22.194,steady_run_3
15.815000,3,80,4185.83,18.4121,0.79005,346.31,49.457,11.392,563.44,28.899,26.903,-0.017523,-0.059504,0.029878,18.240,22.194,steady_run_3
15.820000,3,80,4182.42,18.3364,0.77749,340.53,49.482,11.415,564.83,28.904,26.906,0.024224,0.043409,0.023186,18.077,22.194,steady_run_3
15.825000,3,80,4193.42,18.4988,0.79031,347.05,49.456,11.447,566.13,28.909,26.910,0.044755,-0.000534,-0.022789,18.216,22.194,steady_run_3
15.830000,3,80,4196.00,18.4880,0.79588,349.71,49.444,11.621,574.58,28.914,26.914,0.031063,0.001249,-0.027699,18.276,22.194,steady_run_3
15.835000,3,80,4205.72,18.5620,0.80293,353.63,49.424,11.564,571.56,28.918,26.918,0.062204,0.017135,-0.003647,18.387,22.194,steady_run_3
15.840000,3,80,4207.59,18.6645,0.79970,352.36,49.442,11.609,573.99,28.923,26.921,0.042310,0.053219,0.025455,18.246,22.194,steady_run_3
15.845000,3,80,4215.20,18.7181,0.79096,349.14,49.468,11.623,574.95,28.928,26.925,-0.002154,-0.005819,-0.014964,18.325,22.194,steady_run_3
15.850000,3,80,4217.73,18.5748,0.78408,346.31,49.467,11.527,570.19,28.933,26.929,-0.003016,-0.009660,-0.010443,18.351,22.194,steady_run_3
15.855000,3,80,4238.38,18.9169,0.80590,357.69,49.436,11.785,582.59,28.938,26.933,0.055294,0.012992,-0.007357,18.413,22.194,steady_run_3
15.860000,3,80,4231.01,18.7731,0.79924,354.12,49.444,11.567,571.94,28.943,26.936,-0.029056,-0.048472,0.022603,18.361,22.194,steady_run_3
15.865000,3,80,4242.59,18.8352,0.80843,359.17,49.430,11.669,576.80,28.947,26.940,0.033905,0.052782,0.026091,18.394,22.194,steady_run_3
15.870000,3,80,4248.95,18.9626,0.80773,359.40,49.447,11.664,576.74,28.952,26.944,0.052406,0.055709,0.029594,18.435,22.194,steady_run_3
15.875000,3,80,4245.12,19.0220,0.82115,365.04,49.430,11.737,580.18,28.957,26.948,-0.001146,-0.007319,-0.011909,18.415,22.194,steady_run_3
15.880000,3,80,4262.66,18.9980,0.81733,364.85,49.439,11.681,577.51,28.962,26.952,0.001214,-0.007409,-0.015297,18.562,22.194,steady_run_3
15.885000,3,80,4258.82,18.9979,0.80826,360.47,49.433,11.860,586.27,28.967,26.956,-0.051788,-0.008319,-0.018360,18.520,22.194,steady_run_3
15.890000,3,80,4263.63,18.9787,0.82148,366.78,49.414,11.833,584.70,28.972,26.959,0.010043,-0.003246,-0.025024,18.487,22.194,steady_run_3
15.895000,3,80,4279.51,19.3327,0.82163,368.21,49.440,11.739,580.36,28.977,26.963,-0.022833,0.014572,-0.008991,18.639,22.194,steady_run_3
15.900000,3,80,4289.63,19.3670,0.82278,369.60,49.408,11.700,578.08,28.982,26.967,-0.007496,0.023015,0.005895,18.735,22.194,steady_run_3
15.905000,3,80,4280.35,19.2791,0.82269,368.76,49.429,11.752,580.91,28.987,26.971,-0.046860,0.004972,-0.027756,18.560,22.194,steady_run_3
15.910000,3,80,4287.22,19.3597,0.82801,371.74,49.441,11.822,584.48,28.992,26.975,0.035709,0.052012,0.026325,18.489,22.194,steady_run_3
15.915000,3,80,4299.98,19.3962,0.82723,372.50,49.414,11.846,585.36,28.997,26.979,-0.055000,-0.002076,-0.022623,18.679,22.194,steady_run_3
15.920000,3,80,4315.80,19.4414,0.82698,373.75,49.423,11.880,587.15,29.002,26.982,0.023122,-0.001325,-0.031094,18.663,22.194,steady_run_3
15.925000,3,80,4314.95,19.5982,0.83572,377.63,49.442,11.927,589.68,29.007,26.986,-0.010353,-0.024281,0.003944,18.784,22.194,steady_run_3
15.930000,3,80,4323.56,19.7021,0.84838,384.12,49.433,11.986,592.49,29.012,26.990,0.058069,0.056444,0.029241,18.814,22.194,steady_run_3
15.935000,3,80,4326.94,19.6392,0.85020,385.24,49.412,11.963,591.13,29.017,26.994,0.012005,-0.002282,-0.027089,18.837,22.194,steady_run_3
15.940000,3,80,4326.24,19.6865,0.84344,382.11,49.398,12.009,593.25,29.022,26.998,-0.018580,-0.050150,0.027783,18.724,22.194,steady_run_3
15.945000,3,80,4341.49,19.7547,0.85106,386.92,49.411,12.141,599.91,29.027,27.002,-0.016157,0.016356,-0.003934,18.786,22.194,steady_run_3
15.950000,3,80,4344.68,19.7901,0.84541,384.64,49.431,12.012,593.77,29.032,27.006,0.067198,0.043219,0.016858,18.977,22.194,steady_run_3
15.955000,3,80,4336.26,19.7356,0.85046,386.19,49.415,12.158,600.80,29.037,27.010,0.043814,0.001225,-0.023876,18.829,22.194,steady_run_3
15.960000,3,80,4360.51,20.0004,0.84887,387.62,49.409,12.077,596.69,29.043,27.014,0.049975,0.056693,0.031754,19.076,22.194,steady_run_3
15.965000,3,80,4348.78,19.8763,0.84885,386.57,49.404,12.048,595.21,29.048,27.018,0.022864,-0.003217,-0.030302,18.958,22.194,steady_run_3
15.970000,3,80,4366.70,19.9967,0.85277,389.96,49.413,12.216,603.65,29.053,27.022,-0.006890,-0.017633,-0.000295,19.080,22.194,steady_run_3
15.975000,3,80,4363.26,19.9954,0.86047,393.17,49.420,12.096,597.80,29.058,27.026,-0.036348,0.005729,-0.018182,18.884,22.194,steady_run_3
15.980000,3,80,4374.61,20.1625,0.86677,397.07,49.385,12.213,603.16,29.063,27.031,0.039322,-0.001237,-0.028050,19.020,22.194,steady_run_3
15.985000,3,80,4364.20,20.1192,0.85747,391.88,49.426,11.991,592.66,29.068,27.034,-0.045982,0.005134,-0.024557,18.930,22.194,steady_run_3
15.990000,3,80,4381.52,20.0381,0.87552,401.72,49.386,12.261,605.53,29.074,27.039,-0.051526,0.001997,-0.028647,18.944,22.194,steady_run_3
15.995000,3,80,4381.94,20.1391,0.85924,394.29,49.388,12.251,605.04,29.079,27.043,0.026614,-0.002143,-0.031655,19.159,22.194,steady_run_3
16.000000,3,80,4386.45,20.3057,0.85393,392.25,49.402,12.348,610.01,29.084,27.047,-0.039964,0.004022,-0.021281,19.148,22.194,steady_run_3
16.005000,3,80,4395.52,20.3570,0.86036,396.02,49.382,12.316,608.19,29.089,27.051,-0.038732,-0.031042,0.009617,19.115,22.194,steady_run_3
16.010000,3,80,4396.90,20.3386,0.87517,402.96,49.371,12.422,613.28,29.095,27.055,0.000955,-0.006266,-0.016571,19.234,22.194,steady_run_3
16.015000,3,80,4392.02,20.2330,0.86687,398.70,49.408,12.125,599.09,29.100,27.059,-0.008375,-0.029293,0.006006,18.994,22.194,steady_run_3
16.020000,3,80,4407.18,20.4642,0.86877,400.95,49.408,12.230,604.25,29.105,27.063,-0.044053,0.005746,-0.023531,19.166,22.194,steady_run_3
16.025000,3,80,4415.79,20.4341,0.87330,403.83,49.373,12.376,611.04,29.110,27.067,-0.018559,-0.051003,0.029472,19.065,22.194,steady_run_3
16.030000,3,80,4406.40,20.4664,0.89115,411.21,49.385,12.269,605.89,29.116,27.072,-0.002608,-0.006376,-0.015960,19.273,22.194,steady_run_3
16.035000,3,80,4413.36,20.6042,0.86751,400.93,49.404,12.339,609.58,29.121,27.076,-0.028839,-0.048374,0.023558,19.160,22.194,steady_run_3
16.040000,3,80,4421.71,20.4006,0.89078,412.47,49.362,12.421,613.14,29.126,27.080,0.058721,0.012739,-0.009160,19.125,22.194,steady_run_3
16.045000,3,80,4430.33,20.7193,0.88150,408.96,49.389,12.386,611.74,29.132,27.084,-0.039496,0.003606,-0.018286,19.207,22.194,steady_run_3
16.050000,3,80,4425.79,20.6666,0.87814,406.99,49.369,12.452,614.72,29.137,27.088,0.043026,0.054025,0.030920,19.237,22.194,steady_run_3
16.055000,3,80,4436.12,20.6900,0.88280,410.11,49.394,12.400,612.48,29.142,27.092,0.069128,0.028599,0.006016,19.345,22.195,steady_run_3
16.060000,3,80,4430.62,20.7057,0.87475,405.86,49.383,12.421,613.36,29.148,27.097,0.055677,0.056593,0.033333,19.226,22.195,steady_run_3
16.065000,3,80,4433.41,20.5853,0.87853,407.87,49.362,12.504,617.21,29.153,27.101,0.064384,0.022241,0.001166,19.343,22.195,steady_run_3
16.070000,3,80,4443.13,20.7833,0.87823,408.63,49.381,12.524,618.47,29.158,27.105,0.068000,0.033322,0.011872,19.307,22.195,steady_run_3
16.075000,3,80,4445.41,20.7627,0.88249,410.82,49.378,12.507,617.55,29.164,27.109,0.067258,0.046576,0.021435,19.270,22.195,steady_run_3
16.080000,3,80,4457.63,20.8234,0.89772,419.06,49.385,12.623,623.37,29.169,27.114,-0.055745,0.003748,-0.028199,19.449,22.195,steady_run_3
16.085000,3,80,4464.38,20.9048,0.90497,423.08,49.359,12.646,624.21,29.175,27.118,-0.005908,0.023876,0.004420,19.395,22.195,steady_run_3
16.090000,3,80,4449.50,20.6848,0.88582,412.75,49.377,12.540,619.17,29.180,27.122,0.014468,-0.001272,-0.028276,19.373,22.195,steady_run_3
16.095000,3,80,4460.66,20.8590,0.89929,420.08,49.344,12.586,621.06,29.186,27.126,-0.045700,-0.013332,-0.004242,19.447,22.195,steady_run_3
16.100000,3,80,4468.27,21.0187,0.90658,424.20,49.365,12.643,624.11,29.191,27.131,0.063844,0.055017,0.026753,19.402,22.195,steady_run_3
16.105000,3,80,4469.42,21.0013,0.91207,426.88,49.370,12.555,619.82,29.197,27.135,-0.057002,0.003288,-0.030514,19.449,22.195,steady_run_3
16.110000,3,80,4470.02,20.9279,0.90816,425.11,49.333,12.640,623.59,29.202,27.139,0.021034,0.000611,-0.031012,19.422,22.195,steady_run_3
16.115000,3,80,4486.42,21.2229,0.90931,427.21,49.372,12.684,626.24,29.208,27.144,0.061495,0.056175,0.028047,19.589,22.195,steady_run_3
16.120000,3,80,4482.83,21.0642,0.90282,423.82,49.375,12.612,622.70,29.213,27.148,-0.014634,-0.047915,0.025242,19.458,22.195,steady_run_3
16.125000,3,80,4481.06,21.1286,0.90553,424.92,49.363,12.676,625.71,29.219,27.152,0.000939,-0.010897,-0.013231,19.482,22.195,steady_run_3
16.130000,3,80,4488.68,21.1457,0.90189,423.94,49.366,12.701,627.00,29.224,27.156,-0.055143,0.000432,-0.028515,19.473,22.195,steady_run_3
16.135000,3,80,4492.62,21.2080,0.92266,434.08,49.350,12.726,628.01,29.230,27.161,0.047428,0.004395,-0.023005,19.476,22.195,steady_run_3
16.140000,3,80,4496.36,21.2908,0.91105,428.97,49.370,12.740,628.98,29.235,27.165,-0.030722,-0.048808,0.017597,19.460,22.195,steady_run_3
16.145000,3,80,4500.77,21.2488,0.91132,429.52,49.362,12.808,632.23,29.241,27.170,0.061415,0.022839,0.000921,19.419,22.195,steady_run_3
16.150000,3,80,4511.02,21.3075,0.92148,435.30,49.364,12.591,621.53,29.246,27.174,0.018564,-0.003509,-0.034097,19.678,22.195,steady_run_3
16.155000,3,80,4514.51,21.4041,0.90975,430.09,49.373,12.796,631.77,29.252,27.178,-0.034731,-0.042388,0.019096,19.613,22.195,steady_run_3
16.160000,3,80,4510.78,21.3283,0.92439,436.65,49.391,12.660,625.27,29.257,27.182,0.027536,0.049810,0.024455,19.570,22.195,steady_run_3
16.165000,3,80,4500.42,21.2697,0.91585,431.62,49.350,12.835,633.39,29.263,27.187,-0.025694,-0.053849,0.031249,19.584,22.195,steady_run_3
16.170000,3,80,4503.24,21.3070,0.92522,436.31,49.323,12.794,631.06,29.268,27.191,-0.054523,-0.004602,-0.017153,19.508,22.195,steady_run_3
16.175000,3,80,4523.25,21.4665,0.91572,433.75,49.363,12.800,631.82,29.274,27.195,-0.013188,-0.044480,0.023277,19.692,22.195,steady_run_3
16.180000,3,80,4512.23,21.4658,0.90991,429.95,49.381,12.843,634.18,29.280,27.200,-0.029793,0.010446,-0.010870,19.660,22.195,steady_run_3
16.185000,3,80,4512.14,21.4530,0.92135,435.35,49.378,12.648,624.53,29.285,27.204,0.045692,0.005137,-0.025556,19.714,22.195,steady_run_3
16.190000,3,80,4524.92,21.4074,0.91911,435.52,49.364,12.807,632.19,29.291,27.208,0.054731,0.063297,0.031939,19.583,22.195,steady_run_3
16.195000,3,80,4527.66,21.4982,0.92488,438.52,49.334,12.962,639.45,29.296,27.213,0.065931,0.022317,0.000174,19.711,22.195,steady_run_3
16.200000,3,80,4536.47,21.6471,0.91984,436.98,49.326,12.705,626.70,29.302,27.217,-0.010774,0.021122,0.000571,19.634,22.195,steady_run_3
16.205000,3,80,4531.37,21.5989,0.92161,437.32,49.358,12.845,634.02,29.307,27.222,-0.005818,0.025150,0.003280,19.755,22.195,steady_run_3
16.210000,3,80,4534.11,21.5270,0.93593,444.39,49.371,12.779,630.92,29.313,27.226,0.055038,0.059891,0.030445,19.823,22.195,steady_run_3
16.215000,3,80,4551.78,21.8105,0.92756,442.13,49.348,12.894,636.27,29.318,27.230,0.062674,0.011601,-0.007100,19.931,22.195,steady_run_3
16.220000,3,80,4544.93,21.6662,0.92659,441.01,49.351,12.897,636.50,29.324,27.235,-0.052261,-0.002287,-0.017165,19.797,22.195,steady_run_3
16.225000,3,80,4539.02,21.5682,0.91802,436.36,49.349,13.040,643.52,29.330,27.239,-0.016586,-0.056056,0.031645,19.687,22.195,steady_run_3
16.230000,3,80,4541.54,21.5284,0.93347,443.95,49.356,12.945,638.93,29.335,27.244,-0.023996,-0.060074,0.030472,19.689,22.195,steady_run_3
16.235000,3,80,4551.80,21.7732,0.92911,442.87,49.356,12.882,635.78,29.341,27.248,-0.050912,-0.006580,-0.015405,19.714,22.195,steady_run_3
16.240000,3,80,4557.58,21.9101,0.93054,444.12,49.313,13.066,644.32,29.347,27.252,-0.043411,-0.026943,0.005937,19.806,22.195,steady_run_3
16.245000,3,80,4562.51,21.8442,0.93245,445.51,49.323,13.045,643.42,29.352,27.257,0.000455,-0.008745,-0.019249,19.896,22.195,steady_run_3
16.250000,3,80,4561.09,21.7184,0.93714,447.61,49.302,13.021,641.96,29.358,27.261,0.004759,-0.006356,-0.021774,19.899,22.195,steady_run_3
16.255000,3,80,4560.08,21.8446,0.93851,448.17,49.329,12.928,637.73,29.364,27.266,-0.012767,-0.038378,0.021483,19.905,22.195,steady_run_3
16.260000,3,80,4565.58,21.8283,0.93581,447.42,49.325,13.042,643.27,29.369,27.270,0.012354,-0.006481,-0.027096,19.980,22.195,steady_run_3
16.265000,3,80,4562.98,21.8645,0.93668,447.58,49.322,13.004,641.39,29.375,27.275,0.040537,0.055886,0.028518,19.725,22.195,steady_run_3
16.270000,3,80,4566.52,21.8543,0.93759,448.36,49.321,12.964,639.40,29.381,27.279,0.007623,-0.004535,-0.023525,19.802,22.195,steady_run_3
16.275000,3,80,4580.93,22.1034,0.94719,454.38,49.343,12.951,639.03,29.386,27.283,-0.039155,-0.038297,0.012554,19.908,22.195,steady_run_3
16.280000,3,80,4568.16,21.9718,0.92998,444.88,49.327,12.918,637.21,29.392,27.288,-0.021052,-0.058784,0.030053,19.872,22.195,steady_run_3
16.285000,3,80,4577.18,21.8912,0.94787,454.34,49.334,13.006,641.67,29.398,27.292,-0.001761,-0.011295,-0.010579,19.890,22.195,steady_run_3
16.290000,3,80,4588.54,22.0368,0.94545,454.30,49.318,13.146,648.35,29.403,27.297,-0.047217,0.002063,-0.026137,19.918,22.195,steady_run_3
16.295000,3,80,4579.13,22.0180,0.95110,456.07,49.305,13.070,644.43,29.409,27.301,-0.046756,-0.019711,-0.003260,19.929,22.195,steady_run_3
16.300000,3,80,4582.57,22.0021,0.93776,450.02,49.321,13.023,642.31,29.415,27.305,0.024117,0.051723,0.025501,19.971,22.195,steady_run_3
16.305000,3,80,4591.49,22.0866,0.95261,458.04,49.314,13.093,645.68,29.420,27.310,-0.055482,0.002761,-0.032438,20.082,22.195,steady_run_3
16.310000,3,80,4578.77,21.9681,0.94799,454.55,49.354,13.070,645.04,29.426,27.314,-0.052595,-0.003626,-0.017902,19.896,22.195,steady_run_3
16.315000,3,80,4588.81,22.1537,0.95755,460.14,49.319,12.939,638.15,29.432,27.319,-0.051097,0.003734,-0.027658,20.021,22.195,steady_run_3
16.320000,3,80,4589.22,22.1103,0.94610,454.68,49.309,13.152,648.53,29.437,27.323,0.013373,-0.003209,-0.031405,20.074,22.195,steady_run_3
16.325000,3,80,4612.44,22.2573,0.95806,462.76,49.303,13.185,650.05,29.443,27.328,0.038547,0.053168,0.029760,20.022,22.196,steady_run_3
16.330000,3,80,4597.71,22.2293,0.94726,456.08,49.276,13.215,651.17,29.449,27.332,-0.002912,-0.016012,-0.009933,20.109,22.196,steady_run_3
16.335000,3,80,4593.27,22.1969,0.94862,456.29,49.337,13.009,641.80,29.454,27.337,-0.021748,-0.060010,0.029864,19.922,22.196,steady_run_3
16.340000,3,80,4602.25,22.2316,0.94682,456.32,49.317,13.156,648.80,29.460,27.341,-0.002608,-0.015715,-0.009788,20.016,22.196,steady_run_3
16.345000,3,80,4608.19,22.1484,0.94237,454.76,49.327,13.215,651.87,29.466,27.346,-0.003921,-0.015263,-0.006981,20.158,22.196,steady_run_3
16.350000,3,80,4598.40,22.1962,0.96727,465.78,49.332,13.087,645.60,29.472,27.350,0.069788,0.044577,0.021007,20.013,22.196,steady_run_3
16.355000,3,80,4599.92,22.1319,0.95313,459.13,49.332,13.159,649.15,29.477,27.355,-0.017556,0.015635,-0.003816,19.991,22.196,steady_run_3
16.360000,3,80,4607.46,22.2377,0.96310,464.69,49.331,13.232,652.75,29.483,27.359,0.007030,-0.004651,-0.023612,20.117,22.196,steady_run_3
16.365000,3,80,4607.07,22.2625,0.95230,459.44,49.329,13.038,643.16,29.489,27.363,-0.034855,-0.042244,0.019350,20.059,22.196,steady_run_3
16.370000,3,80,4603.16,22.2751,0.96005,462.79,49.298,13.102,645.92,29.494,27.368,-0.001560,0.033012,0.009233,20.138,22.196,steady_run_3
16.375000,3,80,4611.94,22.2733,0.95128,459.43,49.318,13.180,650.03,29.500,27.372,-0.057496,-0.006706,-0.019023,20.024,22.196,steady_run_3
16.380000,3,80,4614.21,22.3185,0.95760,462.71,49.319,13.186,650.34,29.506,27.377,-0.055800,-0.006021,-0.019110,20.102,22.196,steady_run_3
16.385000,3,80,4616.76,22.3610,0.95992,464.09,49.323,13.191,650.60,29.512,27.381,-0.055833,0.003030,-0.030559,20.118,22.196,steady_run_3
16.390000,3,80,4617.19,22.3806,0.95202,460.31,49.317,13.179,649.93,29.517,27.386,0.025090,-0.000662,-0.032740,20.109,22.196,steady_run_3
16.395000,3,80,4612.93,22.3590,0.96286,465.12,49.295,13.384,659.76,29.523,27.390,-0.021088,-0.057795,0.033551,20.004,22.196,steady_run_3
16.400000,3,80,4618.95,22.4267,0.96751,467.98,49.352,13.187,650.81,29.529,27.395,-0.020912,-0.060226,0.032834,20.114,22.196,steady_run_3
16.405000,3,80,4629.52,22.5463,0.96271,466.72,49.330,13.205,651.40,29.535,27.399,-0.051259,0.001200,-0.028840,20.051,22.196,steady_run_3
16.410000,3,80,4629.43,22.4837,0.97409,472.23,49.303,13.243,652.91,29.540,27.404,0.059215,0.013126,-0.007963,20.092,22.196,steady_run_3
16.415000,3,80,4629.49,22.5264,0.96249,466.61,49.320,13.282,655.08,29.546,27.408,-0.030216,-0.054286,0.030178,20.095,22.196,steady_run_3
16.420000,3,80,4626.97,22.4315,0.96425,467.21,49.315,13.365,659.12,29.552,27.413,0.029835,-0.002364,-0.031482,20.195,22.196,steady_run_3
16.425000,3,80,4629.81,22.4922,0.96435,467.55,49.315,13.266,654.23,29.558,27.417,-0.011959,-0.029622,0.013188,20.159,22.196,steady_run_3
16.430000,3,80,4634.91,22.5916,0.96976,470.69,49.315,13.240,652.94,29.563,27.422,0.052743,0.002898,-0.024888,20.274,22.196,steady_run_3
16.435000,3,80,4637.07,22.4558,0.97253,472.25,49.314,13.314,656.55,29.569,27.426,0.055915,0.008684,-0.017017,20.185,22.196,steady_run_3
16.440000,3,80,4633.58,22.5559,0.97159,471.44,49.332,13.201,651.25,29.575,27.431,-0.039465,-0.035160,0.012941,20.203,22.196,steady_run_3
16.445000,3,80,4633.11,22.6764,0.96350,467.47,49.315,13.299,655.85,29.581,27.435,-0.027456,0.013191,-0.007763,20.126,22.196,steady_run_3
16.450000,3,80,4642.19,22.6952,0.97534,474.14,49.296,13.312,656.25,29.586,27.440,-0.062746,0.003873,-0.032160,20.236,22.196,steady_run_3
16.455000,3,80,4641.84,22.7610,0.97475,473.82,49.318,13.284,655.13,29.592,27.444,0.059321,0.064065,0.032358,20.332,22.196,steady_run_3
16.460000,3,80,4644.22,22.7235,0.97930,476.27,49.322,13.203,651.21,29.598,27.448,0.066512,0.057769,0.026134,20.385,22.196,steady_run_3
16.465000,3,80,4636.05,22.5660,0.96805,469.98,49.330,13.263,654.25,29.604,27.453,0.044215,-0.002055,-0.026542,20.217,22.196,steady_run_3
16.470000,3,80,4644.68,22.6573,0.97799,475.68,49.301,13.364,658.86,29.609,27.457,0.031063,0.052596,0.027010,20.298,22.196,steady_run_3
16.475000,3,80,4647.89,22.6998,0.97478,474.45,49.309,13.316,656.58,29.615,27.462,0.035344,-0.003420,-0.028199,20.212,22.196,steady_run_3
16.480000,3,80,4657.25,22.7323,0.96488,470.58,49.315,13.371,659.37,29.621,27.466,0.057250,0.002475,-0.014957,20.324,22.196,steady_run_3
16.485000,3,80,4659.04,22.7397,0.97713,476.74,49.328,13.201,651.20,29.627,27.471,0.068804,0.051767,0.024906,20.277,22.196,steady_run_3
16.490000,3,80,4651.65,22.6614,0.96539,470.26,49.297,13.311,656.19,29.632,27.475,-0.011998,-0.036130,0.014859,20.196,22.196,steady_run_3
16.495000,3,80,4663.65,22.7069,0.97610,476.70,49.304,13.482,664.73,29.638,27.480,0.069835,0.036620,0.015241,20.196,22.196,steady_run_3
16.500000,3,80,4650.68,22.6696,0.97696,475.80,49.283,13.348,657.81,29.644,27.484,0.013376,0.039731,0.019316,20.365,22.196,steady_run_3
16.505000,3,80,4646.44,22.7350,0.97411,473.98,49.322,13.195,650.81,29.650,27.489,0.066601,0.011788,-0.008419,20.141,22.196,steady_run_3
16.510000,3,80,4660.53,22.8368,0.96843,472.64,49.295,13.439,662.45,29.655,27.493,-0.010559,-0.031993,0.014794,20.190,22.196,steady_run_3
16.515000,3,80,4655.67,22.6904,0.98936,482.35,49.321,13.417,661.74,29.661,27.498,-0.016620,-0.051886,0.028527,20.205,22.196,steady_run_3
16.520000,3,80,4660.13,22.8221,0.97342,475.04,49.291,13.377,659.37,29.667,27.502,0.070250,0.046085,0.022535,20.318,22.196,steady_run_3
16.525000,3,80,4662.87,22.9035,0.98710,481.99,49.300,13.415,661.35,29.673,27.507,0.037499,-0.002379,-0.028870,20.287,22.196,steady_run_3
16.530000,3,80,4649.06,22.6606,0.96952,472.01,49.311,13.296,655.64,29.678,27.511,-0.047253,0.001611,-0.025969,20.175,22.196,steady_run_3
16.535000,3,80,4666.02,22.8845,0.98474,481.17,49.303,13.495,665.36,29.684,27.516,-0.024875,0.013259,-0.005534,20.202,22.196,steady_run_3
16.540000,3,80,4661.97,22.8010,0.97936,478.13,49.311,13.380,659.76,29.690,27.520,0.065863,0.023425,-0.002078,20.328,22.196,steady_run_3
16.545000,3,80,4666.54,22.7830,0.98129,479.54,49.300,13.437,662.45,29.696,27.525,-0.052428,0.002771,-0.032331,20.366,22.196,steady_run_3
16.550000,3,80,4674.80,22.9366,0.99530,487.24,49.296,13.602,670.54,29.702,27.529,-0.016606,-0.049217,0.022977,20.359,22.196,steady_run_3
16.555000,3,80,4673.78,23.0016,0.98307,481.15,49.282,13.449,662.79,29.708,27.534,-0.029545,-0.054471,0.026193,20.385,22.196,steady_run_3
16.560000,3,80,4667.37,22.8739,0.98729,482.55,49.286,13.581,669.33,29.714,27.538,0.054491,0.002589,-0.019256,20.275,22.196,steady_run_3
16.565000,3,80,4665.00,22.8359,0.97865,478.09,49.280,13.454,663.01,29.719,27.543,0.004195,0.032783,0.012476,20.438,22.196,steady_run_3
16.570000,3,80,4677.75,23.0030,0.97431,477.27,49.325,13.498,665.77,29.725,27.547,-0.042541,0.003027,-0.021634,20.373,22.196,steady_run_3
16.575000,3,80,4673.26,22.8473,0.98962,484.30,49.320,13.397,660.73,29.731,27.552,0.035253,0.055071,0.028256,20.303,22.196,steady_run_3
16.580000,3,80,4666.94,22.7820,0.99137,484.50,49.298,13.475,664.30,29.737,27.556,-0.041581,-0.026210,0.005353,20.185,22.196,steady_run_3
16.585000,3,80,4688.01,23.1644,0.98168,481.94,49.297,13.467,663.87,29.742,27.561,-0.041349,0.004255,-0.022928,20.435,22.196,steady_run_3
16.590000,3,80,4680.92,23.0079,0.99766,489.04,49.329,13.327,657.39,29.748,27.565,0.026469,-0.002628,-0.031677,20.386,22.196,steady_run_3
16.595000,3,80,4676.85,22.9858,0.97174,475.92,49.288,13.475,664.12,29.754,27.570,-0.025277,-0.062509,0.032591,20.364,22.196,steady_run_3
16.600000,3,80,4678.26,22.9477,0.98578,482.94,49.287,13.534,667.06,29.760,27.574,0.011263,-0.003897,-0.027289,20.453,22.196,steady_run_3
16.605000,3,80,4685.04,23.1148,0.98466,483.09,49.311,13.497,665.54,29.766,27.579,-0.030420,-0.051323,0.024126,20.455,22.196,steady_run_3
16.610000,3,80,4682.23,23.0133,0.98935,485.10,49.298,13.507,665.89,29.771,27.583,0.053364,0.003958,-0.019628,20.340,22.196,steady_run_3
16.615000,3,80,4686.79,23.0906,0.98833,485.07,49.315,13.540,667.71,29.777,27.588,-0.042528,0.003171,-0.019365,20.326,22.196,steady_run_3
16.620000,3,80,4671.97,23.0164,0.98447,481.65,49.312,13.297,655.69,29.783,27.592,0.069516,0.030002,0.003691,20.283,22.196,steady_run_3
16.625000,3,80,4684.64,22.9684,0.98987,485.60,49.301,13.510,666.06,29.789,27.597,0.054791,0.066500,0.031296,20.368,22.196,steady_run_3
16.630000,3,80,4695.87,23.2360,0.98622,484.97,49.289,13.519,666.34,29.794,27.601,-0.021963,-0.061630,0.033293,20.353,22.197,steady_run_3
16.635000,3,80,4683.63,23.0736,0.98764,484.40,49.294,13.478,664.38,29.800,27.606,-0.020930,-0.063365,0.032490,20.320,22.197,steady_run_3
16.640000,3,80,4679.23,22.9583,0.97694,478.71,49.290,13.575,669.12,29.806,27.610,-0.056743,-0.005334,-0.022234,20.312,22.197,steady_run_3
16.645000,3,80,4678.93,22.9211,0.99130,485.71,49.280,13.453,662.96,29.812,27.615,0.046961,0.060615,0.033147,20.361,22.197,steady_run_3
16.650000,3,80,4676.32,22.9746,0.99492,487.22,49.291,13.469,663.90,29.818,27.619,-0.051271,-0.011034,-0.010291,20.367,22.197,steady_run_3
16.655000,3,80,4697.79,23.1464,0.99540,489.69,49.270,13.539,667.08,29.823,27.624,0.050801,0.061665,0.031900,20.488,22.197,steady_run_3
16.660000,3,80,4686.58,22.9900,0.98748,484.63,49.306,13.440,662.66,29.829,27.628,0.016706,-0.005348,-0.033961,20.414,22.197,steady_run_3
16.665000,3,80,4695.39,23.2068,0.98521,484.43,49.276,13.595,669.89,29.835,27.632,0.066855,0.026660,0.003842,20.477,22.197,steady_run_3
16.670000,3,80,4695.79,23.1373,0.98347,483.61,49.309,13.558,668.52,29.841,27.637,-0.043323,-0.027718,0.005197,20.387,22.197,steady_run_3
16.675000,3,80,4688.46,22.9984,0.99516,488.60,49.293,13.432,662.09,29.846,27.641,0.039744,0.059062,0.029863,20.378,22.197,steady_run_3
16.680000,3,80,4685.53,23.0693,0.96992,475.91,49.294,13.579,669.38,29.852,27.646,-0.029100,-0.053112,0.025137,20.272,22.197,steady_run_3
16.685000,3,80,4699.45,23.2074,0.97257,478.63,49.248,13.710,675.21,29.858,27.650,-0.049216,0.004071,-0.026125,20.288,22.197,steady_run_3
16.690000,3,80,4697.80,23.1776,1.01270,498.20,49.307,13.553,668.27,29.864,27.655,-0.057203,-0.000105,-0.034214,20.466,22.197,steady_run_3
16.695000,3,80,4690.43,23.0965,0.98416,483.40,49.301,13.491,665.11,29.870,27.659,0.071342,0.043817,0.016536,20.384,22.197,steady_run_3
16.700000,3,80,4702.59,23.0615,0.98004,482.62,49.306,13.529,667.08,29.875,27.664,-0.029510,0.011358,-0.008801,20.479,22.197,steady_run_3
16.705000,3,80,4690.74,23.0899,0.99063,486.61,49.295,13.495,665.23,29.881,27.668,0.028268,0.050527,0.023457,20.258,22.197,steady_run_3
16.710000,3,80,4713.64,23.3077,1.00246,494.82,49.298,13.597,670.31,29.887,27.673,-0.060399,0.000286,-0.030315,20.361,22.197,steady_run_3
16.715000,3,80,4704.78,23.3480,1.00519,495.24,49.282,13.581,669.30,29.893,27.677,-0.050293,-0.017845,-0.006352,20.497,22.197,steady_run_3
16.720000,3,80,4707.09,23.2375,1.00178,493.80,49.309,13.554,668.31,29.898,27.682,-0.056676,-0.005395,-0.018219,20.507,22.197,steady_run_3
16.725000,3,80,4699.51,23.1683,0.99478,489.56,49.255,13.540,666.91,29.904,27.686,0.031054,0.054005,0.028868,20.421,22.197,steady_run_3
16.730000,3,80,4708.01,23.3303,0.99915,492.60,49.276,13.671,673.66,29.910,27.691,-0.061029,0.001203,-0.028002,20.524,22.197,steady_run_3
16.735000,3,80,4707.35,23.2653,1.00295,494.41,49.258,13.644,672.05,29.916,27.695,0.013720,0.040672,0.017414,20.456,22.197,steady_run_3
16.740000,3,80,4708.39,23.1521,1.00754,496.78,49.280,13.648,672.59,29.922,27.700,-0.038957,-0.031055,0.010990,20.427,22.197,steady_run_3
16.745000,3,80,4707.99,23.3375,1.00485,495.41,49.286,13.652,672.87,29.928,27.704,-0.012583,0.023055,0.001548,20.489,22.197,steady_run_3
16.750000,3,80,4709.84,23.2393,1.00234,494.37,49.249,13.770,678.18,29.933,27.709,-0.050174,0.004778,-0.028370,20.541,22.197,steady_run_3
16.755000,3,80,4700.24,23.1627,0.99213,488.34,49.288,13.507,665.71,29.939,27.713,-0.024707,-0.064946,0.032684,20.440,22.197,steady_run_3
16.760000,3,80,4718.05,23.3652,0.98518,486.75,49.280,13.585,669.45,29.945,27.717,-0.021813,0.019168,-0.005121,20.484,22.197,steady_run_3
16.765000,3,80,4712.65,23.2488,1.00527,496.11,49.246,13.607,670.09,29.951,27.722,-0.057402,0.004478,-0.034402,20.548,22.197,steady_run_3
16.770000,3,80,4704.33,23.2664,0.99617,490.75,49.293,13.630,671.87,29.956,27.726,-0.043198,0.009879,-0.021082,20.401,22.197,steady_run_3
16.775000,3,80,4709.50,23.2813,0.99201,489.23,49.282,13.674,673.86,29.962,27.731,-0.051753,-0.010593,-0.014419,20.550,22.197,steady_run_3
16.780000,3,80,4708.64,23.3043,1.00458,495.34,49.274,13.624,671.29,29.968,27.735,-0.045426,0.005701,-0.022877,20.506,22.197,steady_run_3
16.785000,3,80,4717.95,23.4713,1.00390,495.99,49.278,13.670,673.61,29.974,27.740,-0.044817,0.002787,-0.027695,20.580,22.197,steady_run_3
16.790000,3,80,4713.93,23.3299,1.00495,496.09,49.302,13.657,673.33,29.980,27.744,0.073492,0.046659,0.019908,20.501,22.197,steady_run_3
16.795000,3,80,4717.53,23.4869,1.00965,498.78,49.286,13.633,671.91,29.985,27.749,-0.022600,-0.061149,0.033029,20.524,22.197,steady_run_3
16.800000,3,80,4696.66,23.1314,0.99638,490.05,49.283,13.535,667.05,29.991,27.753,0.060432,0.058290,0.031775,20.345,22.197,steady_run_3
16.805000,3,80,4716.25,23.4483,0.98472,486.34,49.274,13.751,677.55,29.997,27.758,0.001039,0.031517,0.009835,20.571,22.197,steady_run_3
16.810000,3,80,4712.91,23.3271,0.98717,487.20,49.247,13.759,677.59,30.003,27.762,-0.004806,-0.011448,-0.006087,20.484,22.197,steady_run_3
16.815000,3,80,4718.60,23.3587,1.00505,496.63,49.285,13.588,669.66,30.008,27.767,-0.002607,-0.010086,-0.014389,20.645,22.197,steady_run_3
16.820000,3,80,4705.71,23.3521,0.98486,485.32,49.290,13.529,666.85,30.014,27.771,0.067387,0.018081,-0.002936,20.441,22.197,steady_run_3
16.825000,3,80,4718.46,23.3474,1.00587,497.01,49.294,13.578,669.29,30.020,27.775,0.072637,0.037862,0.014399,20.476,22.197,steady_run_3
16.830000,3,80,4719.10,23.3438,1.00949,498.87,49.290,13.683,674.43,30.026,27.780,-0.049039,-0.006992,-0.016258,20.463,22.197,steady_run_3
16.835000,3,80,4722.44,23.3660,1.00584,497.42,49.282,13.574,668.97,30.031,27.784,0.047708,0.064109,0.034517,20.468,22.197,steady_run_3
16.840000,3,80,4724.65,23.5222,1.00727,498.36,49.277,13.646,672.44,30.037,27.788,0.060814,0.062165,0.031279,20.437,22.197,steady_run_3
16.845000,3,80,4729.28,23.5306,1.00557,498.01,49.302,13.593,670.18,30.043,27.793,-0.061126,0.000194,-0.025920,20.466,22.197,steady_run_3
16.850000,3,80,4721.12,23.4205,0.98891,488.91,49.293,13.585,669.62,30.048,27.797,-0.047597,0.002948,-0.027354,20.462,22.197,steady_run_3
16.855000,3,80,4719.40,23.2614,1.00589,497.13,49.273,13.527,666.51,30.054,27.802,-0.061977,0.001736,-0.026847,20.683,22.197,steady_run_3
16.860000,3,80,4721.18,23.3585,1.01227,500.47,49.251,13.809,680.12,30.060,27.806,-0.041415,-0.030906,0.007010,20.592,22.197,steady_run_3
16.865000,3,80,4715.06,23.3238,1.00414,495.80,49.282,13.734,676.82,30.066,27.811,0.013408,-0.003877,-0.029430,20.513,22.197,steady_run_3
16.870000,3,80,4725.40,23.4088,1.00277,496.21,49.293,13.636,672.18,30.071,27.815,-0.035600,-0.046535,0.017216,20.474,22.197,steady_run_3
16.875000,3,80,4733.97,23.5332,1.01656,503.95,49.304,13.616,671.32,30.077,27.819,-0.008207,-0.023242,0.001500,20.599,22.197,steady_run_3
16.880000,3,80,4717.55,23.4103,1.00595,496.96,49.288,13.593,669.97,30.083,27.824,0.060181,0.008399,-0.014665,20.465,22.197,steady_run_3
16.885000,3,80,4730.03,23.4595,1.01528,502.89,49.270,13.758,677.85,30.089,27.828,0.067627,0.049555,0.024763,20.544,22.197,steady_run_3
16.890000,3,80,4741.77,23.6288,1.00974,501.39,49.272,13.668,673.46,30.094,27.832,-0.059946,0.002864,-0.035175,20.657,22.197,steady_run_3
16.895000,3,80,4719.54,23.4649,0.99350,491.02,49.305,13.569,669.04,30.100,27.837,-0.000716,0.032070,0.012319,20.681,22.197,steady_run_3
16.900000,3,80,4721.05,23.3182,1.01055,499.60,49.251,13.601,669.87,30.106,27.841,-0.060422,-0.001232,-0.032099,20.642,22.197,steady_run_3
16.905000,3,80,4727.99,23.4806,1.00152,495.86,49.271,13.681,674.08,30.111,27.845,0.070067,0.051909,0.023183,20.546,22.197,steady_run_3
16.910000,3,80,4723.24,23.3570,1.01224,500.67,49.299,13.575,669.21,30.117,27.850,0.069132,0.021091,-0.000178,20.504,22.197,steady_run_3
16.915000,3,80,4725.79,23.5038,1.01659,503.10,49.269,13.615,670.81,30.123,27.854,0.032222,-0.002513,-0.033402,20.548,22.197,steady_run_3
16.920000,3,80,4733.69,23.4972,1.00339,497.39,49.272,13.736,676.82,30.128,27.859,-0.029793,0.014163,-0.007976,20.563,22.197,steady_run_3
16.925000,3,80,4718.97,23.2999,0.99983,494.08,49.269,13.788,679.34,30.134,27.863,0.075793,0.032668,0.007204,20.612,22.197,steady_run_3
16.930000,3,80,4733.33,23.5023,1.01199,501.62,49.280,13.659,673.13,30.140,27.867,-0.026260,-0.062295,0.026333,20.586,22.197,steady_run_3
16.935000,3,80,4723.74,23.5194,1.01090,500.06,49.282,13.661,673.22,30.146,27.872,0.035531,-0.002267,-0.032817,20.530,22.197,steady_run_3
16.940000,3,80,4736.11,23.5729,1.01064,501.24,49.291,13.754,677.95,30.151,27.876,0.070566,0.029360,0.005682,20.514,22.197,steady_run_3
16.945000,3,80,4730.72,23.5433,1.01806,504.35,49.311,13.650,673.10,30.157,27.880,0.048876,0.065263,0.030485,20.651,22.197,steady_run_3
16.950000,3,80,4725.60,23.4447,1.01941,504.47,49.282,13.575,669.01,30.163,27.885,0.021565,0.045264,0.021205,20.471,22.197,steady_run_3
16.955000,3,80,4729.47,23.4524,1.00174,496.13,49.281,13.717,676.00,30.168,27.889,-0.013581,-0.043208,0.016853,20.605,22.197,steady_run_3
16.960000,3,80,4731.25,23.5319,1.01088,500.85,49.274,13.609,670.56,30.174,27.893,0.007326,-0.007054,-0.024082,20.624,22.197,steady_run_3
16.965000,3,80,4731.91,23.5477,1.01467,502.79,49.281,13.743,677.26,30.180,27.898,0.001539,0.029801,0.008907,20.684,22.197,steady_run_3
16.970000,3,80,4732.85,23.5463,1.01571,503.41,49.261,13.665,673.14,30.185,27.902,-0.031821,-0.055309,0.024377,20.509,22.197,steady_run_3
16.975000,3,80,4719.64,23.3511,1.00518,496.80,49.287,13.701,675.29,30.191,27.906,0.036279,-0.003243,-0.029891,20.549,22.197,steady_run_3
16.980000,3,80,4738.13,23.5949,1.00906,500.67,49.273,13.612,670.72,30.197,27.911,-0.031510,0.008290,-0.014482,20.645,22.198,steady_run_3
16.985000,3,80,4733.23,23.4539,1.00818,499.72,49.268,13.771,678.47,30.202,27.915,-0.026839,0.010755,-0.011430,20.510,22.198,steady_run_3
16.990000,3,80,4745.09,23.6747,1.00295,498.37,49.260,13.830,681.25,30.208,27.920,-0.037302,-0.033777,0.012860,20.770,22.198,steady_run_3
16.995000,3,80,4736.02,23.6225,1.00644,499.15,49.304,13.622,671.60,30.214,27.924,-0.017634,-0.044110,0.022378,20.501,22.198,steady_run_3
17.000000,3,80,4728.20,23.4571,1.00237,496.31,49.293,13.707,675.66,30.219,27.928,-0.043274,-0.030020,0.005966,20.750,22.198,steady_run_3
17.005000,3,80,4729.65,23.5357,1.00603,498.28,49.250,13.838,681.52,30.225,27.933,-0.013710,-0.036395,0.015710,20.558,22.198,steady_run_3
17.010000,3,80,4728.43,23.3729,1.00184,496.07,49.280,13.568,668.61,30.231,27.937,-0.017586,-0.058569,0.030550,20.507,22.198,steady_run_3
17.015000,3,80,4737.58,23.6660,1.01665,504.38,49.263,13.835,681.54,30.236,27.941,-0.018643,-0.051852,0.025883,20.546,22.198,steady_run_3
17.020000,3,80,4745.23,23.7357,1.01076,502.27,49.279,13.717,675.97,30.242,27.946,0.060447,0.062008,0.031956,20.648,22.198,steady_run_3
17.025000,3,80,4731.51,23.6044,1.02681,508.77,49.278,null,674.31,30.248,27.950,-0.027251,-0.064299,0.029791,20.632,22.198,steady_run_3
17.030000,3,80,4737.52,23.5906,1.01200,502.07,49.258,null,675.74,30.253,27.954,-0.045798,-0.026106,0.003926,20.600,22.198,steady_run_3
17.035000,3,80,4742.71,23.5845,1.02183,507.50,49.247,null,678.40,30.259,27.959,-0.017541,-0.062331,0.032071,20.537,22.198,steady_run_3
17.040000,3,80,4732.48,23.5083,1.00282,496.98,49.291,null,674.40,30.265,27.963,0.042368,0.057660,0.032589,20.567,22.198,steady_run_3
17.045000,3,80,4737.66,23.5894,1.01715,504.63,49.259,null,680.39,30.270,27.967,-0.035161,0.010521,-0.014175,20.597,22.198,steady_run_3
17.050000,3,80,4739.42,23.6106,1.01101,501.77,49.279,null,681.23,30.276,27.972,-0.061163,0.001336,-0.030989,20.655,22.198,steady_run_3
17.055000,3,80,4744.40,23.6351,1.01448,504.03,49.249,null,679.26,30.282,27.976,-0.028880,-0.055100,0.029126,20.678,22.198,steady_run_3
17.060000,3,80,4735.25,23.6124,1.00814,499.91,49.252,null,675.13,30.288,27.980,-0.002321,-0.007966,-0.014599,20.531,22.198,steady_run_3
17.065000,3,80,4733.00,23.5786,1.01125,501.21,49.278,null,679.43,30.293,27.985,0.074969,0.036996,0.013376,20.540,22.198,steady_run_3
17.070000,3,80,4745.17,23.6421,0.99950,496.67,49.258,null,677.96,30.299,27.989,0.030422,0.053545,0.026200,20.618,22.198,steady_run_3
17.075000,3,80,4736.68,23.4860,1.00102,496.53,49.267,null,678.39,30.305,27.993,0.019828,0.045825,0.022111,20.555,22.198,steady_run_3
17.080000,3,80,4737.24,23.5825,1.01975,505.88,49.280,null,679.30,30.310,27.997,-0.021404,-0.063352,0.033655,20.586,22.198,steady_run_3
17.085000,3,80,4756.27,23.6946,1.01596,506.03,49.263,null,681.68,30.316,28.002,0.011902,-0.002931,-0.028114,20.739,22.198,steady_run_3
17.090000,3,80,4732.59,23.5939,0.99519,493.21,49.261,null,680.52,30.322,28.006,0.031465,0.053841,0.026810,20.682,22.198,steady_run_3
17.095000,3,80,4746.54,23.6660,1.00735,500.71,49.293,null,675.42,30.327,28.010,0.004836,-0.005832,-0.025133,20.651,22.198,steady_run_3
17.100000,3,80,4746.44,23.6885,1.00696,500.51,49.301,null,679.30,30.333,28.015,-0.058422,-0.004957,-0.021907,20.706,22.198,steady_run_3
17.105000,3,80,4736.04,23.5633,1.01429,503.04,49.251,null,676.20,30.338,28.019,0.070127,0.023744,0.000524,20.555,22.198,steady_run_3
17.110000,3,80,4732.01,23.4867,1.00238,496.71,49.277,null,672.44,30.344,28.023,-0.007876,-0.016536,-0.005920,20.527,22.198,steady_run_3
17.115000,3,80,4753.77,23.8022,1.01978,507.66,49.252,null,679.45,30.350,28.028,0.032490,0.050640,0.028846,20.681,22.198,steady_run_3
17.120000,3,80,4737.47,23.5855,1.00823,500.19,49.281,null,678.64,30.355,28.032,-0.056804,0.002512,-0.030439,20.686,22.198,steady_run_3
17.125000,3,80,4747.31,23.7701,1.01619,505.19,49.276,null,679.64,30.361,28.036,0.003949,0.036022,0.010992,20.665,22.198,steady_run_3
17.130000,3,80,4739.49,23.4865,1.01318,502.86,49.267,null,678.18,30.367,28.040,0.071171,0.046986,0.019769,20.647,22.198,steady_run_3
17.135000,3,80,4740.07,23.6265,1.01152,502.10,49.278,null,676.88,30.372,28.045,-0.050002,-0.020903,-0.005264,20.728,22.198,steady_run_3
17.140000,3,80,4742.59,23.6434,1.00221,497.74,49.278,null,678.97,30.378,28.049,-0.059529,0.003899,-0.034810,20.586,22.198,steady_run_3
17.145000,3,80,4727.81,23.6161,1.00701,498.56,49.319,null,666.35,30.383,28.053,0.014856,0.042913,0.020051,20.613,22.198,steady_run_3
17.150000,3,80,4741.01,23.6527,1.00989,501.39,49.269,null,676.79,30.389,28.057,0.073615,0.040138,0.015793,20.563,22.198,steady_run_3
17.155000,3,80,4732.65,23.5252,1.01223,501.66,49.270,null,667.14,30.394,28.061,0.072803,0.034854,0.011156,20.563,22.198,steady_run_3
17.160000,3,80,4741.28,23.5252,1.00034,496.67,49.259,null,678.04,30.400,28.066,0.031802,0.053417,0.027345,20.674,22.198,steady_run_3
17.165000,3,80,4745.72,23.6202,1.01414,504.00,49.270,null,678.81,30.405,28.070,-0.043835,-0.028581,0.003068,20.644,22.198,steady_run_3
17.170000,3,80,4744.18,23.5754,1.00992,501.74,49.259,null,683.74,30.411,28.074,-0.032975,-0.046279,0.021558,20.671,22.198,steady_run_3
17.175000,3,80,4744.90,23.6060,1.00716,500.44,49.266,null,684.09,30.417,28.078,0.053813,0.004139,-0.020052,20.612,22.198,steady_run_3
17.180000,3,80,4744.04,23.6319,1.02138,507.41,49.307,null,672.39,30.422,28.083,0.001375,-0.007869,-0.018719,20.748,22.198,steady_run_3
17.185000,3,80,4750.25,23.6625,1.02850,511.62,49.262,null,678.97,30.428,28.087,-0.020218,-0.061566,0.032397,20.622,22.198,steady_run_3
17.190000,3,80,4753.09,23.7870,1.01983,507.61,49.280,null,676.77,30.433,28.091,-0.060616,0.002543,-0.027246,20.606,22.198,steady_run_3
17.195000,3,80,4745.62,23.6695,1.01377,503.80,49.285,null,678.86,30.439,28.095,0.038168,0.056301,0.028193,20.648,22.198,steady_run_3
17.200000,3,80,4746.36,23.6252,1.00572,499.88,49.275,null,673.44,30.444,28.099,-0.036877,-0.049399,0.022595,20.606,22.198,steady_run_3
17.205000,3,80,4747.91,23.6383,1.00643,500.40,49.272,null,678.33,30.450,28.104,-0.013377,-0.035239,0.014816,20.798,22.198,steady_run_3
17.210000,3,80,4740.91,23.6403,1.02080,506.79,49.286,null,677.34,30.456,28.108,-0.046832,0.005937,-0.028855,20.628,22.198,steady_run_3
17.215000,3,80,4750.00,23.7332,1.01753,506.14,49.251,null,677.99,30.461,28.112,-0.048757,0.002111,-0.028816,20.785,22.198,steady_run_3
17.220000,3,80,4748.60,23.5691,1.01727,505.86,49.287,null,679.74,30.467,28.116,-0.052187,0.005464,-0.028131,20.515,22.198,steady_run_3
17.225000,3,80,4746.18,23.6693,1.00867,501.33,49.262,13.793,679.46,30.472,28.120,-0.018786,-0.064030,0.033108,20.712,22.198,steady_run_3
17.230000,3,80,4747.22,23.7036,1.01539,504.78,49.307,13.815,681.16,30.478,28.125,0.046829,0.004576,-0.026507,20.607,22.198,steady_run_3
17.235000,3,80,4746.67,23.6551,1.01591,504.98,49.287,13.680,674.27,30.483,28.129,-0.017024,-0.042121,0.019456,20.621,22.198,steady_run_3
17.240000,3,80,4754.72,23.7695,1.02700,511.36,49.266,13.810,680.38,30.489,28.133,0.067012,0.022232,-0.004251,20.705,22.198,steady_run_3
17.245000,3,80,4750.98,23.7409,1.01471,504.84,49.276,13.755,677.80,30.494,28.137,-0.015859,-0.051264,0.025216,20.615,22.198,steady_run_3
17.250000,3,80,4746.83,23.6301,1.01550,504.79,49.267,13.782,679.01,30.500,28.141,-0.050231,-0.009833,-0.010629,20.579,22.198,steady_run_3
17.255000,3,80,4753.67,23.8285,1.02071,508.11,49.270,13.843,682.03,30.506,28.146,0.060662,0.063785,0.031753,20.731,22.198,steady_run_3
17.260000,3,80,4751.32,23.7352,0.99718,496.16,49.283,13.781,679.18,30.511,28.150,-0.060709,0.003384,-0.031322,20.641,22.198,steady_run_3
17.265000,3,80,4749.33,23.7034,1.01652,505.56,49.235,13.846,681.71,30.517,28.154,-0.030652,-0.052151,0.023489,20.630,22.198,steady_run_3
17.270000,3,80,4756.81,23.7747,1.01628,506.24,49.253,13.875,683.38,30.522,28.158,0.069929,0.027144,0.004534,20.636,22.198,steady_run_3
17.275000,3,80,4764.03,23.9207,1.02317,510.45,49.285,13.676,674.05,30.528,28.162,-0.037821,-0.043446,0.016130,20.665,22.198,steady_run_3
17.280000,3,80,4744.51,23.6361,1.01575,504.67,49.301,13.755,678.15,30.533,28.167,-0.004840,-0.015843,-0.002922,20.720,22.198,steady_run_3
17.285000,3,80,4747.05,23.6661,1.01160,502.88,49.275,13.749,677.49,30.539,28.171,-0.023010,-0.063862,0.032686,20.691,22.198,steady_run_3
17.290000,3,80,4746.44,23.7095,1.02194,507.95,49.273,13.674,673.78,30.544,28.175,-0.059557,0.000582,-0.027655,20.523,22.198,steady_run_3
17.295000,3,80,4751.49,23.7730,1.01205,503.57,49.269,13.719,675.90,30.550,28.179,-0.031654,-0.050757,0.023406,20.569,22.198,steady_run_3
17.300000,3,80,4758.64,23.6468,1.01793,507.26,49.284,13.757,678.01,30.555,28.183,0.059589,0.062341,0.031530,20.666,22.198,steady_run_3
17.305000,3,80,4758.90,23.7525,1.00833,502.50,49.267,13.819,680.81,30.561,28.187,-0.019599,-0.065509,0.033915,20.695,22.198,steady_run_3
17.310000,3,80,4753.59,23.7586,1.01411,504.82,49.268,13.850,682.36,30.566,28.191,-0.004612,-0.014196,-0.007834,20.568,22.198,steady_run_3
17.315000,3,80,4743.02,23.6519,1.01361,503.45,49.271,13.719,675.93,30.572,28.195,-0.059926,0.002581,-0.028079,20.634,22.198,steady_run_3
17.320000,3,80,4754.65,23.7203,1.01403,504.89,49.289,13.757,678.05,30.577,28.200,-0.017007,-0.049820,0.025859,20.646,22.198,steady_run_3
17.325000,3,80,4761.39,23.7125,1.02795,512.55,49.264,13.842,681.89,30.583,28.204,-0.050631,0.003238,-0.027527,20.545,22.198,steady_run_3
17.330000,3,80,4749.61,23.7118,1.00850,501.60,49.260,13.668,673.29,30.588,28.208,-0.055748,0.002446,-0.027895,20.768,22.198,steady_run_3
17.335000,3,80,4759.19,23.7178,1.02391,510.30,49.252,13.893,684.25,30.594,28.212,0.029315,0.049565,0.026807,20.812,22.198,steady_run_3
17.340000,3,80,4754.42,23.6715,1.01126,503.49,49.298,13.647,672.78,30.599,28.216,0.039660,0.060762,0.031309,20.580,22.198,steady_run_3
17.345000,3,80,4748.38,23.7081,1.01734,505.87,49.268,13.803,680.05,30.604,28.220,-0.046365,-0.023396,0.001205,20.716,22.198,steady_run_3
17.350000,3,80,4749.51,23.7270,1.01057,502.63,49.296,13.783,679.45,30.610,28.224,-0.002622,-0.011397,-0.012316,20.699,22.198,steady_run_3
17.355000,3,80,4755.25,23.8925,1.01966,507.76,49.234,13.839,681.34,30.615,28.228,-0.011649,-0.032420,0.008920,20.648,22.198,steady_run_3
17.360000,3,80,4761.02,23.8124,1.01696,507.03,49.267,13.806,680.16,30.621,28.233,-0.017699,-0.059326,0.030105,20.609,22.198,steady_run_3
17.365000,3,80,4756.87,23.8773,1.03385,515.00,49.257,13.622,670.97,30.626,28.237,-0.051808,-0.009107,-0.013139,20.647,22.198,steady_run_3
17.370000,3,80,4748.93,23.7055,1.01763,506.07,49.248,13.917,685.37,30.632,28.241,-0.059226,0.001370,-0.033352,20.603,22.198,steady_run_3
17.375000,3,80,4750.06,23.7751,1.01617,505.47,49.299,13.735,677.11,30.637,28.245,-0.018102,-0.062272,0.033348,20.659,22.198,steady_run_3
17.380000,3,80,4760.43,23.8045,1.01737,507.17,49.280,13.876,683.82,30.643,28.249,-0.015837,0.019531,-0.000240,20.670,22.198,steady_run_3
17.385000,3,80,4750.90,23.6612,1.01511,505.03,49.282,13.765,678.35,30.648,28.253,-0.022857,-0.060504,0.030951,20.782,22.198,steady_run_3
17.390000,3,80,4756.20,23.7091,1.01743,506.75,49.263,13.781,678.91,30.654,28.257,-0.016613,-0.051650,0.026637,20.760,22.198,steady_run_3
17.395000,3,80,4747.94,23.6960,1.02740,510.82,49.293,13.777,679.11,30.659,28.261,-0.015650,-0.054915,0.025965,20.683,22.198,steady_run_3
17.400000,3,80,4766.29,23.8163,1.01843,508.33,49.258,13.880,683.68,30.665,28.265,0.059662,0.008755,-0.012692,20.877,22.198,steady_run_3
17.405000,3,80,4757.93,23.7636,1.02585,511.13,49.274,13.856,682.75,30.670,28.270,0.067331,0.019138,-0.004774,20.720,22.199,steady_run_3
17.410000,3,80,4762.59,23.8162,1.01146,504.45,49.255,13.787,679.08,30.675,28.274,-0.009190,0.025552,0.004665,20.804,22.199,steady_run_3
17.415000,3,80,4753.85,23.7457,1.01198,503.79,49.264,13.836,681.62,30.681,28.278,-0.056403,0.005436,-0.034866,20.731,22.199,steady_run_3
17.420000,3,80,4760.76,23.8619,1.02342,510.22,49.247,13.891,684.08,30.686,28.282,0.062315,0.016170,-0.010309,20.754,22.199,steady_run_3
17.425000,3,80,4764.34,23.7992,1.02207,509.93,49.246,13.862,682.63,30.692,28.286,-0.036937,-0.045516,0.016617,20.844,22.199,steady_run_3
17.430000,3,80,4749.32,23.7132,1.01218,503.40,49.261,13.765,678.08,30.697,28.290,-0.048067,-0.023083,0.002870,20.728,22.199,steady_run_3
17.435000,3,80,4774.07,23.9211,1.03008,514.98,49.273,13.821,681.01,30.703,28.294,0.045344,-0.003989,-0.026831,20.796,22.199,steady_run_3
17.440000,3,80,4757.07,23.6958,1.02032,508.28,49.266,13.773,678.55,30.708,28.298,-0.050804,-0.008479,-0.015430,20.726,22.199,steady_run_3
17.445000,3,80,4754.33,23.8778,1.00694,501.33,49.265,13.809,680.29,30.714,28.302,0.020516,-0.004738,-0.030931,20.699,22.199,steady_run_3
17.450000,3,80,4760.36,23.6902,1.00592,501.45,49.277,13.816,680.83,30.719,28.306,-0.013184,-0.038880,0.017584,20.652,22.199,steady_run_3
17.455000,3,80,4750.31,23.6065,1.02163,508.21,49.295,13.811,680.80,30.724,28.310,-0.007810,0.025499,0.006018,20.590,22.199,steady_run_3
17.460000,3,80,4762.61,23.7564,1.03156,514.48,49.265,13.812,680.45,30.730,28.314,-0.023907,0.015126,-0.006575,20.701,22.199,steady_run_3
17.465000,3,80,4754.24,23.7545,1.01723,506.44,49.252,13.897,684.47,30.735,28.318,-0.043364,0.005220,-0.022982,20.610,22.199,steady_run_3
17.470000,3,80,4761.37,23.7450,1.01025,503.72,49.279,13.940,686.96,30.741,28.323,0.014808,-0.002647,-0.028423,20.779,22.199,steady_run_3
17.475000,3,80,4745.75,23.5342,1.00247,498.20,49.263,13.679,673.84,30.746,28.327,0.065958,0.012996,-0.007337,20.682,22.199,steady_run_3
17.480000,3,80,4748.90,23.6968,1.01660,505.56,49.254,13.805,679.96,30.752,28.331,-0.018593,-0.051123,0.027299,20.599,22.199,steady_run_3
17.485000,3,80,4763.35,23.8436,1.02346,510.52,49.272,13.757,677.84,30.757,28.335,0.072024,0.053278,0.024882,20.702,22.199,steady_run_3
17.490000,3,80,4761.63,23.8118,1.01820,507.71,49.290,13.762,678.31,30.762,28.339,0.034363,0.054885,0.027157,20.650,22.199,steady_run_3
17.495000,3,80,4760.08,23.8539,1.02309,509.99,49.276,13.773,678.68,30.768,28.343,-0.000418,0.033853,0.008687,20.651,22.199,steady_run_3
17.500000,3,80,4761.39,23.8299,1.03717,517.14,49.234,13.889,683.79,30.773,28.347,-0.055838,-0.004915,-0.020390,20.687,22.199,steady_run_3
17.505000,3,80,4756.97,23.7896,1.02519,510.70,49.273,13.822,681.05,30.778,28.351,-0.052953,0.006438,-0.029978,20.708,22.199,steady_run_3
17.510000,3,80,4764.46,23.8431,1.02270,510.26,49.253,13.769,678.18,30.784,28.355,-0.009359,-0.018232,-0.002453,20.660,22.199,steady_run_3
17.515000,3,80,4757.17,23.7059,1.01215,504.22,49.252,13.774,678.40,30.789,28.359,-0.048353,-0.017658,-0.003863,20.716,22.199,steady_run_3
17.520000,3,80,4753.70,23.7264,1.01524,505.39,49.249,13.776,678.47,30.794,28.363,0.061220,0.060533,0.033114,20.706,22.199,steady_run_3
17.525000,3,80,4761.91,23.8744,1.01733,507.31,49.255,13.946,686.90,30.800,28.367,-0.046337,0.006642,-0.022955,20.773,22.199,steady_run_3
17.530000,3,80,4767.60,23.7074,1.03430,516.38,49.258,13.920,685.68,30.805,28.371,-0.016165,0.015917,0.000232,20.792,22.199,steady_run_3
17.535000,3,80,4757.78,23.7164,1.01316,504.79,49.254,13.825,680.96,30.811,28.375,-0.010875,-0.033880,0.011643,20.791,22.199,steady_run_3
17.540000,3,80,4769.93,23.8187,1.02763,513.31,49.257,13.923,685.80,30.816,28.379,-0.000610,-0.008005,-0.012171,20.722,22.199,steady_run_3
17.545000,3,80,4761.10,23.7845,1.01534,506.23,49.270,13.896,684.67,30.822,28.383,0.059836,0.011391,-0.013256,20.720,22.199,steady_run_3
17.550000,3,80,4761.10,23.9562,1.01254,504.83,49.248,13.821,680.67,30.827,28.387,-0.031285,-0.050656,0.025565,20.644,22.199,steady_run_3
17.555000,3,80,4762.12,23.9315,1.01868,508.00,49.277,13.784,679.21,30.832,28.391,0.024227,-0.000529,-0.034455,20.844,22.199,steady_run_3
17.560000,3,80,4754.72,23.6108,1.00889,502.34,49.258,13.824,680.96,30.838,28.395,-0.023610,-0.060622,0.034513,20.609,22.199,steady_run_3
17.565000,3,80,4750.92,23.7070,1.02681,510.85,49.243,13.840,681.51,30.843,28.399,-0.053240,0.000474,-0.033684,20.526,22.199,steady_run_3
17.570000,3,80,4769.69,23.7703,1.02217,510.56,49.274,13.846,682.22,30.848,28.403,-0.051973,-0.009366,-0.012869,20.795,22.199,steady_run_3
17.575000,3,80,4766.27,23.9797,1.02202,510.11,49.263,13.981,688.74,30.854,28.407,0.069953,0.051749,0.025309,20.818,22.199,steady_run_3
17.580000,3,80,4771.75,23.9356,1.02841,513.89,49.269,13.885,684.07,30.859,28.411,0.069953,0.054756,0.025681,20.736,22.199,steady_run_3
17.585000,3,80,4756.30,23.8115,1.02113,508.61,49.304,13.667,673.82,30.865,28.415,0.018703,0.049083,0.024673,20.658,22.199,steady_run_3
17.590000,3,80,4754.16,23.8621,1.01974,507.68,49.260,13.764,678.04,30.870,28.419,-0.059171,0.002459,-0.026724,20.602,22.199,steady_run_3
17.595000,3,80,4756.93,23.7636,1.01513,505.68,49.303,13.779,679.33,30.875,28.423,0.008661,0.037400,0.016153,20.666,22.199,steady_run_3
17.600000,3,80,4760.97,23.7895,1.01232,504.71,49.290,13.709,675.70,30.880,28.427,-0.023516,-0.062949,0.033177,20.738,22.199,steady_run_3
17.605000,3,80,4771.45,23.9625,1.00658,502.95,49.279,13.789,679.52,30.886,28.431,0.031711,0.055418,0.028226,20.823,22.199,steady_run_3
17.610000,3,80,4766.11,23.9583,1.03650,517.32,49.273,13.888,684.29,30.891,28.435,-0.051517,-0.001180,-0.029298,20.749,22.199,steady_run_3
17.615000,3,80,4755.78,23.7981,1.00365,499.84,49.235,13.902,684.47,30.896,28.439,0.060080,0.010180,-0.011919,20.775,22.199,steady_run_3
17.620000,3,80,4755.06,23.6904,1.01807,506.95,49.298,13.819,681.23,30.902,28.443,-0.003016,-0.014137,-0.010205,20.738,22.199,steady_run_3
17.625000,3,80,4765.17,23.7212,1.01248,505.24,49.298,13.820,681.32,30.907,28.446,-0.061770,-0.003315,-0.026602,20.706,22.199,steady_run_3
17.630000,3,80,4763.08,23.8202,1.01744,507.49,49.251,13.805,679.93,30.912,28.450,-0.018255,-0.062347,0.030269,20.709,22.199,steady_run_3
17.635000,3,80,4767.51,23.9311,1.00876,503.62,49.283,13.891,684.57,30.918,28.454,0.050864,0.002525,-0.022448,20.739,22.199,steady_run_3
17.640000,3,80,4752.83,23.7332,1.00707,501.23,49.249,13.908,684.97,30.923,28.458,0.012670,-0.001191,-0.032037,20.621,22.199,steady_run_3
17.645000,3,80,4768.14,23.8023,1.03046,514.53,49.245,13.905,684.75,30.928,28.462,0.057995,0.005488,-0.016467,20.781,22.199,steady_run_3
17.650000,3,80,4761.93,23.8302,1.03471,515.98,49.284,13.884,684.27,30.934,28.466,-0.060163,0.004057,-0.031969,20.775,22.199,steady_run_3
17.655000,3,80,4762.65,23.7475,1.01500,506.22,49.287,13.721,676.27,30.939,28.470,-0.004022,-0.012941,-0.011155,20.661,22.199,steady_run_3
17.660000,3,80,4761.41,23.7996,1.02649,511.82,49.280,13.820,681.06,30.944,28.474,-0.006668,-0.026266,0.000232,20.634,22.199,steady_run_3
17.665000,3,80,4757.11,23.7835,1.01706,506.66,49.273,13.823,681.08,30.949,28.478,-0.023586,-0.059996,0.031251,20.704,22.199,steady_run_3
17.670000,3,80,4759.96,23.8205,1.01822,507.54,49.260,13.867,683.10,30.955,28.482,-0.057227,-0.000266,-0.033757,20.670,22.199,steady_run_3
17.675000,3,80,4756.99,23.8747,1.01437,505.31,49.263,13.700,674.91,30.960,28.486,0.017611,-0.001542,-0.033397,20.681,22.199,steady_run_3
17.680000,3,80,4761.86,23.7570,1.01163,504.46,49.268,13.849,682.31,30.965,28.490,0.072545,0.036250,0.010236,20.650,22.199,steady_run_3
17.685000,3,80,4759.43,23.7896,1.01156,504.17,49.278,13.836,681.83,30.970,28.494,-0.055577,0.002665,-0.030738,20.687,22.199,steady_run_3
17.690000,3,80,4763.05,23.9125,1.02045,508.98,49.292,13.825,681.46,30.976,28.498,0.026071,-0.002841,-0.031381,20.783,22.199,steady_run_3
17.695000,3,80,4757.92,23.8738,1.01582,506.13,49.247,13.814,680.31,30.981,28.501,0.063258,0.022850,-0.003481,20.689,22.199,steady_run_3
17.700000,3,80,4766.31,23.8721,1.03143,514.81,49.271,13.777,678.79,30.986,28.505,0.054062,0.063526,0.034396,20.842,22.199,steady_run_3
17.705000,3,80,4770.36,23.9090,1.03035,514.71,49.255,13.937,686.47,30.992,28.509,-0.038080,-0.037225,0.013674,20.793,22.199,steady_run_3
17.710000,3,80,4774.07,23.9129,1.02630,513.09,49.257,13.911,685.24,30.997,28.513,0.069697,0.044734,0.018757,20.841,22.199,steady_run_3
17.715000,3,80,4776.98,23.9935,1.03582,518.16,49.249,13.848,682.01,31.002,28.517,-0.002389,-0.011077,-0.011995,20.758,22.199,steady_run_3
17.720000,3,80,4760.48,23.8032,1.00419,500.61,49.278,13.844,682.20,31.007,28.521,-0.017496,0.019102,-0.002311,20.743,22.199,steady_run_3
17.725000,3,80,4761.22,23.7549,1.02487,510.99,49.289,13.786,679.47,31.013,28.525,-0.019894,-0.061964,0.032389,20.720,22.199,steady_run_3
17.730000,3,80,4766.43,23.8859,1.03201,515.11,49.271,13.897,684.70,31.018,28.529,-0.016141,-0.038387,0.016551,20.680,22.199,steady_run_3
17.735000,3,80,4763.52,23.8474,1.02333,510.47,49.261,13.814,680.50,31.023,28.533,0.032762,0.056697,0.028464,20.694,22.199,steady_run_3
17.740000,3,80,4771.47,23.9718,1.03466,516.98,49.257,13.792,679.37,31.028,28.536,-0.056918,-0.000024,-0.026498,20.623,22.199,steady_run_3
17.745000,3,80,4778.56,23.9319,1.02461,512.72,49.256,13.935,686.37,31.034,28.540,0.049003,0.000831,-0.021659,20.750,22.199,steady_run_3
17.750000,3,80,4760.67,23.8602,1.02898,512.98,49.237,13.818,680.33,31.039,28.544,0.009548,-0.002715,-0.028048,20.740,22.199,steady_run_3
17.755000,3,80,4768.86,23.8543,1.01399,506.38,49.265,13.897,684.64,31.044,28.548,0.068911,0.022447,0.001366,20.863,22.199,steady_run_3
17.760000,3,80,4771.33,23.9305,1.02963,514.46,49.277,13.936,686.72,31.049,28.552,0.029459,-0.004066,-0.032921,20.810,22.199,steady_run_3
17.765000,3,80,4757.22,23.7770,1.01149,503.90,49.290,13.630,671.80,31.054,28.556,-0.018503,-0.055686,0.031882,20.653,22.199,steady_run_3
17.770000,3,80,4764.54,23.8060,1.01545,506.65,49.290,13.778,679.14,31.060,28.560,0.067074,0.059941,0.029937,20.739,22.199,steady_run_3
17.775000,3,80,4770.37,23.8068,1.03097,515.02,49.265,13.973,688.39,31.065,28.563,0.056429,0.012352,-0.015014,20.812,22.199,steady_run_3
17.780000,3,80,4764.74,23.8666,1.03562,516.74,49.279,13.890,684.51,31.070,28.567,-0.004396,0.029114,0.003072,20.680,22.199,steady_run_3
17.785000,3,80,4769.00,23.9132,1.02744,513.11,49.249,13.877,683.41,31.075,28.571,-0.027043,-0.057100,0.029251,20.791,22.199,steady_run_3
17.790000,3,80,4764.38,23.8765,1.01502,506.42,49.258,13.749,677.25,31.081,28.575,-0.036701,-0.046431,0.021758,20.712,22.199,steady_run_3
17.795000,3,80,4755.58,23.8915,1.00918,502.57,49.254,13.741,676.81,31.086,28.579,-0.008916,-0.017423,-0.001494,20.604,22.199,steady_run_3
17.800000,3,80,4772.80,23.9893,1.02536,512.48,49.252,13.964,687.76,31.091,28.583,-0.020830,0.016901,-0.004691,20.646,22.199,steady_run_3
17.805000,3,80,4778.94,23.9559,1.03031,515.62,49.273,14.001,689.86,31.096,28.587,0.070768,0.043215,0.014866,20.777,22.199,steady_run_3
17.810000,3,80,4763.07,23.8288,1.01861,508.07,49.275,13.740,677.03,31.101,28.590,-0.053006,0.003579,-0.029111,20.745,22.199,steady_run_3
17.815000,3,80,4765.86,23.7711,1.01428,506.21,49.266,13.751,677.47,31.107,28.594,0.056960,0.061464,0.031755,20.640,22.199,steady_run_3
17.820000,3,80,4766.16,23.8298,1.03107,514.62,49.263,13.689,674.38,31.112,28.598,-0.018326,-0.059620,0.033243,20.687,22.199,steady_run_3
17.825000,3,80,4771.23,23.9328,1.02149,510.38,49.246,13.939,686.45,31.117,28.602,-0.008786,-0.027855,0.008110,20.817,22.199,steady_run_3
17.830000,3,80,4752.01,23.6560,1.01776,506.47,49.267,13.788,679.31,31.122,28.606,0.073325,0.042029,0.017804,20.654,22.199,steady_run_3
17.835000,3,80,4765.68,23.8078,1.02694,512.51,49.273,13.837,681.80,31.127,28.609,-0.028356,-0.059143,0.030423,20.732,22.199,steady_run_3
17.840000,3,80,4764.84,23.8003,1.02278,510.34,49.280,13.910,685.49,31.132,28.613,-0.057375,-0.003977,-0.022836,20.787,22.199,steady_run_3
17.845000,3,80,4753.48,23.6824,1.00652,501.03,49.252,13.745,676.99,31.137,28.617,-0.060866,0.000826,-0.029452,20.692,22.199,steady_run_3
17.850000,3,80,4770.97,23.9192,1.02364,511.43,49.248,13.892,684.14,31.143,28.621,0.009117,-0.004075,-0.029593,20.780,22.199,steady_run_3
17.855000,3,80,4758.22,23.8260,1.02417,510.32,49.268,13.899,684.79,31.148,28.625,0.005988,0.033822,0.013480,20.843,22.199,steady_run_3
17.860000,3,80,4758.33,23.8572,1.01966,508.09,49.229,14.000,689.19,31.153,28.628,-0.000289,-0.009435,-0.017361,20.663,22.199,steady_run_3
17.865000,3,80,4770.60,23.9202,1.01285,506.00,49.251,13.820,680.67,31.158,28.632,-0.008114,-0.020521,0.004132,20.814,22.199,steady_run_3
17.870000,3,80,4768.83,23.8830,1.01401,506.39,49.256,13.911,685.20,31.164,28.636,0.029230,-0.000680,-0.032905,20.679,22.199,steady_run_3
17.875000,3,80,4775.41,23.9511,1.03792,519.04,49.251,13.918,685.51,31.169,28.640,-0.039938,-0.029546,0.008031,20.732,22.199,steady_run_3
17.880000,3,80,4766.63,23.7328,1.01834,508.31,49.247,13.819,680.57,31.174,28.644,-0.009747,-0.028369,0.009188,20.695,22.199,steady_run_3
17.885000,3,80,4759.68,23.8279,1.01734,507.08,49.263,13.986,688.98,31.179,28.648,-0.061877,0.002993,-0.030952,20.629,22.199,steady_run_3
17.890000,3,80,4760.93,23.8114,1.01709,507.09,49.291,13.781,679.30,31.184,28.651,-0.017483,-0.064720,0.033323,20.806,22.199,steady_run_3
17.895000,3,80,4766.02,23.8630,1.01639,507.27,49.260,13.860,682.73,31.189,28.655,-0.014156,-0.031791,0.010588,20.757,22.199,steady_run_3
17.900000,3,80,4764.69,23.7422,1.02702,512.44,49.229,13.848,681.72,31.194,28.659,-0.014169,-0.035955,0.012419,20.711,22.199,steady_run_3
17.905000,3,80,4761.45,23.8599,1.01797,507.58,49.291,13.838,682.08,31.200,28.663,-0.034835,0.007566,-0.016137,20.639,22.199,steady_run_3
17.910000,3,80,4775.15,23.9308,1.02179,510.95,49.280,13.752,677.69,31.205,28.666,0.001550,-0.006727,-0.022448,20.776,22.199,steady_run_3
17.915000,3,80,4772.80,23.9549,1.03316,516.38,49.269,13.770,678.42,31.210,28.670,0.059578,0.059375,0.030158,20.622,22.199,steady_run_3
17.920000,3,80,4762.50,23.8575,1.02035,508.88,49.245,13.811,680.11,31.215,28.674,0.001136,-0.011795,-0.014706,20.658,22.199,steady_run_3
17.925000,3,80,4760.38,23.7112,1.03733,517.12,49.263,13.907,685.10,31.220,28.678,0.070903,0.032826,0.011518,20.681,22.199,steady_run_3
17.930000,3,80,4774.81,23.9826,1.02110,510.56,49.264,13.857,682.64,31.225,28.681,-0.046831,0.004619,-0.024812,20.791,22.199,steady_run_3
17.935000,3,80,4772.63,23.8987,1.02120,510.39,49.269,13.760,677.96,31.230,28.685,-0.028006,-0.052697,0.022183,20.665,22.199,steady_run_3
17.940000,3,80,4779.70,23.9728,1.03683,518.96,49.249,13.964,687.70,31.235,28.689,0.072090,0.054026,0.024800,20.908,22.199,steady_run_3
17.945000,3,80,4769.25,23.8338,1.03608,517.45,49.271,13.832,681.51,31.240,28.692,-0.003612,-0.008159,-0.013866,20.773,22.199,steady_run_3
17.950000,3,80,4765.34,23.8122,1.00821,503.12,49.277,13.846,682.27,31.246,28.696,-0.034599,-0.049929,0.021388,20.741,22.199,steady_run_3
17.955000,3,80,4764.94,23.8444,1.03270,515.30,49.256,13.883,683.80,31.251,28.700,-0.030170,0.011306,-0.009967,20.752,22.199,steady_run_3
17.960000,3,80,4765.59,23.8832,1.03159,514.82,49.252,13.901,684.66,31.256,28.704,-0.013594,-0.047982,0.023500,20.741,22.199,steady_run_3
17.965000,3,80,4759.14,23.6535,1.01375,505.23,49.265,13.876,683.60,31.261,28.707,0.002821,0.032509,0.011497,20.697,22.199,steady_run_3
17.970000,3,80,4783.27,24.0590,1.01644,509.14,49.263,13.842,681.89,31.266,28.711,-0.023573,-0.063239,0.030275,20.790,22.199,steady_run_3
17.975000,3,80,4768.65,23.8002,1.00908,503.91,49.293,13.892,684.80,31.271,28.715,-0.029155,-0.058499,0.026698,20.871,22.199,steady_run_3
17.980000,3,80,4766.59,23.7848,1.03718,517.72,49.272,13.894,684.59,31.276,28.719,0.003080,-0.007131,-0.018730,20.643,22.199,steady_run_3
17.985000,3,80,4769.14,23.8975,1.02351,511.16,49.238,13.870,682.95,31.281,28.722,-0.019014,-0.062046,0.032589,20.787,22.199,steady_run_3
17.990000,3,80,4762.21,23.8113,1.01691,507.13,49.279,13.780,679.05,31.286,28.726,-0.048750,0.003249,-0.024925,20.746,22.199,steady_run_3
17.995000,3,80,4767.68,23.8106,1.02901,513.75,49.268,13.821,680.94,31.291,28.730,-0.034235,0.013022,-0.014123,20.722,22.199,steady_run_3
18.000000,3,80,4766.90,23.7804,1.02691,512.62,49.231,13.968,687.64,31.297,28.734,0.057870,0.066372,0.036288,20.685,22.199,steady_run_3
18.005000,3,80,4766.32,23.7489,1.02840,513.30,49.254,13.759,677.70,31.302,28.737,0.032972,-0.000598,-0.033792,20.650,22.199,steady_run_3
18.010000,3,80,4759.12,23.8748,1.02898,512.82,49.301,13.759,678.35,31.307,28.741,-0.014992,-0.057142,0.031343,20.752,22.199,steady_run_3
18.015000,3,80,4775.40,23.9130,1.03971,519.94,49.266,13.869,683.25,31.312,28.745,-0.059000,0.000660,-0.033990,20.890,22.199,steady_run_3
18.020000,3,80,4770.11,23.8446,1.02153,510.28,49.269,13.837,681.76,31.317,28.748,-0.034750,-0.052491,0.022679,20.728,22.199,steady_run_3
18.025000,3,80,4767.82,23.9539,1.02968,514.10,49.271,13.837,681.76,31.322,28.752,0.020555,-0.001263,-0.032868,20.763,22.199,steady_run_3
18.030000,3,80,4768.16,23.8718,1.01731,507.97,49.222,13.961,687.20,None,28.756,-0.056758,0.001014,-0.032926,20.747,22.200,steady_run_3
18.035000,3,80,4773.97,23.9088,1.02735,513.60,49.279,13.957,687.79,31.332,28.759,0.005294,0.036083,0.012909,20.848,22.200,steady_run_3
18.040000,3,80,4757.90,23.7114,1.01498,505.71,49.267,13.823,681.02,31.337,28.763,-0.024604,-0.062308,0.033000,20.586,22.200,steady_run_3
18.045000,3,80,4766.81,23.8807,1.01374,506.04,49.267,13.923,685.93,31.342,28.767,-0.030189,-0.053296,0.023346,20.770,22.200,steady_run_3
18.050000,3,80,4775.40,23.8906,1.01957,509.87,49.275,13.920,685.89,31.347,28.770,-0.028680,-0.063800,0.034094,20.766,22.200,steady_run_3
18.055000,3,80,4772.66,23.7524,1.01932,509.45,49.285,13.876,683.86,31.352,28.774,0.069684,0.029821,0.008179,20.679,22.200,steady_run_3
18.060000,3,80,4764.44,23.7722,1.01247,505.15,49.258,13.948,687.06,31.357,28.778,0.065784,0.059098,0.029303,20.776,22.200,steady_run_3
18.065000,3,80,4761.35,23.8317,1.02192,509.54,49.260,13.931,686.25,31.362,28.782,-0.023761,-0.060533,0.034965,20.689,22.200,steady_run_3
18.070000,3,80,4761.75,23.8802,1.01844,507.84,49.266,13.904,684.98,31.367,28.785,0.062829,0.059964,0.032070,20.691,22.200,steady_run_3
18.075000,3,80,4766.86,23.8716,1.01368,506.01,49.274,13.867,683.31,31.373,28.789,0.028688,0.055787,0.028399,20.844,22.200,steady_run_3
18.080000,3,80,4763.52,23.7949,1.02208,509.85,49.270,13.844,682.10,31.378,28.793,-0.000787,-0.013547,-0.012401,20.688,22.200,steady_run_3
18.085000,3,80,4765.26,23.8564,1.03568,516.82,49.262,13.907,685.08,31.383,28.796,0.017608,-0.000448,-0.036882,20.708,22.200,steady_run_3
18.090000,3,80,4765.91,23.9655,1.02023,509.18,49.253,13.779,678.66,31.388,28.800,-0.022938,0.013426,-0.007774,20.682,22.200,steady_run_3
18.095000,3,80,4764.36,23.8978,1.02005,508.93,49.273,13.845,682.18,31.393,28.804,-0.053190,0.001304,-0.029708,20.662,22.200,steady_run_3
18.100000,3,80,4760.21,23.8494,1.01652,506.72,49.285,13.693,674.88,31.397,28.807,0.023343,0.048046,0.023226,20.579,22.200,steady_run_3
18.105000,3,80,4776.71,24.0248,1.02546,512.95,49.264,14.003,689.85,31.403,28.811,0.005776,-0.002043,-0.026752,20.790,22.200,steady_run_3
18.110000,3,80,4771.56,23.9673,1.02148,510.41,49.236,13.937,686.20,31.408,28.814,0.064191,0.013149,-0.009825,20.858,22.200,steady_run_3
18.115000,3,80,4770.26,23.9096,1.03323,516.14,49.250,13.948,686.95,31.413,28.818,0.061278,0.012029,-0.012944,20.770,22.200,steady_run_3
18.120000,3,80,4769.33,23.8390,1.01974,509.30,49.247,14.051,691.97,31.418,28.822,0.019267,-0.003625,-0.031339,20.758,22.200,steady_run_3
18.125000,3,80,4775.77,24.0754,1.01869,509.46,49.272,13.816,680.76,31.423,28.826,-0.041828,-0.028668,0.004647,20.670,22.200,steady_run_3
18.130000,3,80,4779.09,24.0933,1.02782,514.39,49.242,13.918,685.35,31.428,28.829,0.058967,0.064966,0.035847,20.696,22.200,steady_run_3
18.135000,3,80,4769.44,23.8489,1.03324,516.06,49.254,13.857,682.52,31.433,28.833,-0.018939,-0.065523,0.034214,20.797,22.200,steady_run_3
18.140000,3,80,4773.26,23.9598,1.02504,512.37,49.265,14.017,690.53,31.438,28.837,0.068689,0.059660,0.027423,20.898,22.200,steady_run_3
18.145000,3,80,4766.75,23.7867,1.02203,510.17,49.253,14.000,689.57,31.443,28.840,-0.019511,-0.063144,0.031220,20.648,22.200,steady_run_3
18.150000,3,80,4764.87,23.8392,1.03596,516.92,49.267,13.933,686.45,31.448,28.844,0.005552,-0.000482,-0.022266,20.664,22.200,steady_run_3
18.155000,3,80,4768.58,23.9283,1.02693,512.81,49.294,13.808,680.66,31.453,28.847,-0.040495,0.006379,-0.018162,20.726,22.200,steady_run_3
18.160000,3,80,4773.22,23.9123,1.02115,510.42,49.249,13.890,684.06,31.458,28.851,-0.046214,-0.020240,-0.000860,20.798,22.200,steady_run_3
18.165000,3,80,4763.06,23.7960,1.03197,514.73,49.235,13.914,685.06,31.463,28.855,0.033681,0.055091,0.027809,20.711,22.200,steady_run_3
18.170000,3,80,4770.91,23.8699,1.01226,505.73,49.268,13.844,682.06,31.468,28.858,-0.063017,0.002971,-0.030874,20.792,22.200,steady_run_3
18.175000,3,80,4765.99,23.8893,1.02539,511.76,49.240,13.969,687.84,31.473,28.862,-0.047106,-0.015963,-0.005568,20.823,22.200,steady_run_3
18.180000,3,80,4763.94,23.8392,1.00957,503.65,49.296,13.786,679.59,31.478,28.866,-0.011505,-0.036567,0.013948,20.848,22.200,steady_run_3
18.185000,3,80,4773.08,23.9432,1.02252,511.09,49.241,13.841,681.56,31.483,28.869,-0.032746,-0.045728,0.020253,20.767,22.200,steady_run_3
18.190000,3,80,4771.23,23.8220,1.02185,510.56,49.271,13.990,689.33,31.488,28.873,-0.012247,-0.037889,0.018785,20.774,22.200,steady_run_3
18.195000,3,80,4776.21,23.8888,1.02363,511.98,49.282,13.873,683.70,31.493,28.876,0.005739,-0.005729,-0.022997,20.784,22.200,steady_run_3
18.200000,3,80,4769.89,23.8748,1.01005,504.52,49.220,14.036,690.83,31.498,28.880,-0.047894,0.004153,-0.023426,20.699,22.200,steady_run_3
18.205000,3,80,4778.15,23.9589,1.02475,512.75,49.247,13.835,681.34,31.503,28.884,-0.058779,-0.001306,-0.027107,20.796,22.200,steady_run_3
18.210000,3,80,4772.77,23.9367,1.01298,506.29,49.278,13.802,680.14,31.508,28.887,-0.017429,-0.058226,0.031539,20.724,22.200,steady_run_3
18.215000,3,80,4762.68,23.8852,1.01708,507.26,49.281,13.765,678.36,31.513,28.891,-0.045835,0.006692,-0.024833,20.728,22.200,steady_run_3
18.220000,3,80,4772.40,23.9014,1.02278,511.15,49.278,13.858,682.93,31.517,28.894,0.064608,0.010702,-0.013751,20.720,22.200,steady_run_3
18.225000,3,80,4772.41,23.9237,1.03364,516.58,49.273,13.956,687.67,31.523,28.898,-0.033357,-0.054889,0.027337,20.717,22.200,steady_run_3
18.230000,3,80,4769.42,23.8844,1.02710,512.99,49.254,13.964,687.80,31.528,28.901,0.072187,0.058285,0.026534,20.698,22.200,steady_run_3
18.235000,3,80,4772.94,23.8315,1.03835,518.99,49.265,13.886,684.09,31.532,28.905,-0.021698,-0.062876,0.032532,20.682,22.200,steady_run_3
18.240000,3,80,4768.27,23.8905,1.01695,507.80,49.250,13.950,687.05,31.537,28.909,-0.022925,-0.060462,0.033570,20.611,22.200,steady_run_3
18.245000,3,80,4773.55,23.8562,1.03196,515.86,49.248,13.943,686.66,31.542,28.912,-0.021263,-0.062912,0.033779,20.815,22.200,steady_run_3
18.250000,3,80,4775.69,23.8949,1.03825,519.24,49.254,13.990,689.05,31.547,28.916,-0.028246,-0.058195,0.028400,20.861,22.200,steady_run_3
18.255000,3,80,4771.71,23.8567,1.02088,510.13,49.259,13.748,677.24,31.552,28.919,-0.057725,0.004270,-0.034575,20.713,22.200,steady_run_3
18.260000,3,80,4757.53,23.8234,1.01916,507.75,49.274,13.639,672.06,31.557,28.923,-0.042528,0.004393,-0.021619,20.726,22.200,steady_run_3
18.265000,3,80,4762.90,23.9071,1.02968,513.57,49.292,13.751,677.82,31.562,28.926,-0.034345,0.010373,-0.014392,20.818,22.200,steady_run_3
18.270000,3,80,4775.19,23.8503,1.03255,516.33,49.287,13.935,686.80,31.567,28.930,0.044013,0.062100,0.031504,20.865,22.200,steady_run_3
18.275000,3,80,4764.19,23.8237,1.01826,508.02,49.237,14.022,690.38,31.572,28.933,0.066253,0.059004,0.030541,20.714,22.200,steady_run_3
18.280000,3,80,4770.76,24.0349,1.01930,509.24,49.284,13.900,685.07,31.577,28.937,-0.016422,-0.041454,0.020827,20.747,22.200,steady_run_3
18.285000,3,80,4767.49,23.7617,1.02935,513.90,49.257,13.978,688.53,31.582,28.941,-0.036805,0.006078,-0.019288,20.730,22.200,steady_run_3
18.290000,3,80,4770.20,23.9520,1.03447,516.75,49.257,13.828,681.12,31.587,28.944,0.069633,0.056512,0.025824,20.730,22.200,steady_run_3
18.295000,3,80,4765.02,23.8759,1.02099,509.47,49.241,13.960,687.40,31.591,28.948,-0.015474,0.019007,-0.002095,20.768,22.200,steady_run_3
18.300000,3,80,4773.66,23.8709,1.01076,505.28,49.253,13.990,689.04,31.596,28.951,0.002997,0.036534,0.010336,20.719,22.200,steady_run_3
18.305000,3,80,4777.71,23.9548,1.02077,510.71,49.239,13.942,686.47,31.601,28.955,-0.027683,-0.061953,0.030671,20.950,22.200,steady_run_3
18.310000,3,80,4767.30,23.8699,1.02899,513.70,49.255,13.879,683.62,31.606,28.958,-0.057638,0.004490,-0.031900,20.695,22.200,steady_run_3
18.315000,3,80,4774.50,23.9522,1.04382,521.89,49.237,13.867,682.76,31.611,28.962,-0.004178,-0.008166,-0.009970,20.837,22.200,steady_run_3
18.320000,3,80,4770.22,23.8863,1.02890,513.97,49.270,14.002,689.89,31.616,28.965,-0.013460,-0.051912,0.027145,20.869,22.200,steady_run_3
18.325000,3,80,4766.72,23.9628,1.02376,511.03,49.281,13.738,677.02,31.621,28.969,-0.055405,0.004678,-0.030773,20.898,22.200,steady_run_3
18.330000,3,80,4772.88,24.0089,1.03973,519.67,49.241,13.895,684.19,31.626,28.972,0.069945,0.057297,0.028881,20.674,22.200,steady_run_3
18.335000,3,80,4771.23,23.8334,1.02917,514.22,49.269,13.818,680.78,31.631,28.976,0.022388,0.049094,0.024315,20.702,22.200,steady_run_3
18.340000,3,80,4770.96,23.8756,1.02592,512.56,49.271,13.879,683.83,31.635,28.979,0.024893,-0.000183,-0.031469,20.719,22.200,steady_run_3
18.345000,3,80,4771.99,23.7926,1.01120,505.32,49.271,13.971,688.38,31.640,28.983,0.039642,0.061269,0.030316,20.739,22.200,steady_run_3
18.350000,3,80,4774.49,23.9925,1.02073,510.35,49.286,13.890,684.59,31.645,28.986,0.068454,0.017020,-0.003075,20.780,22.200,steady_run_3
18.355000,3,80,4773.11,23.9420,1.03199,515.83,49.269,13.851,682.42,31.650,28.990,0.071521,0.029625,0.008688,20.758,22.200,steady_run_3
18.360000,3,80,4757.70,23.8113,1.01640,506.39,49.251,13.922,685.65,31.655,28.993,-0.052539,-0.000240,-0.029536,20.745,22.200,steady_run_3
18.365000,3,80,4764.47,23.8714,1.03158,514.69,49.299,13.826,681.61,31.660,28.997,0.021229,-0.000014,-0.031311,20.774,22.200,steady_run_3
18.370000,3,80,4770.90,23.8954,1.02704,513.12,49.255,13.849,682.14,31.665,29.000,-0.048464,-0.021625,-0.001568,20.739,22.200,steady_run_3
18.375000,3,80,4754.01,23.7300,1.01403,504.82,49.272,13.771,678.52,31.669,29.004,-0.026599,0.012131,-0.004670,20.768,22.200,steady_run_3
18.380000,3,80,4763.66,23.8549,1.03102,514.32,49.228,13.926,685.53,31.674,29.007,0.043196,-0.002214,-0.028951,20.770,22.200,steady_run_3
18.385000,3,80,4777.10,23.9758,1.02555,513.04,49.258,13.833,681.37,31.679,29.011,-0.059971,0.000924,-0.032279,20.763,22.200,steady_run_3
18.390000,3,80,4777.48,23.9427,1.01239,506.49,49.269,13.903,684.96,31.684,29.014,0.033636,-0.001266,-0.030638,20.725,22.200,steady_run_3
18.395000,3,80,4770.55,23.9327,1.03626,517.69,49.258,13.928,686.09,31.689,29.018,-0.024916,-0.059714,0.034123,20.845,22.200,steady_run_3
18.400000,3,80,4780.55,23.9628,1.03693,519.11,49.255,13.897,684.48,31.694,29.021,0.038951,0.058429,0.030503,20.796,22.200,steady_run_3
18.405000,3,80,4777.63,24.0323,1.03758,519.11,49.260,14.056,692.42,31.699,29.025,-0.018138,-0.059072,0.030611,20.882,22.200,steady_run_3
18.410000,3,80,4776.15,23.8091,1.03648,518.40,49.257,13.840,681.69,31.703,29.028,-0.012629,-0.037436,0.019554,20.836,22.200,steady_run_3
18.415000,3,80,4771.25,23.9166,1.01191,505.60,49.280,13.898,684.90,31.708,29.031,0.006554,-0.004390,-0.024825,20.810,22.200,steady_run_3
18.420000,3,80,4768.98,23.8734,1.03218,515.48,49.250,13.939,686.51,31.713,29.035,0.056652,0.060239,0.032991,20.783,22.200,steady_run_3
18.425000,3,80,4766.26,23.9129,1.01371,505.97,49.244,13.764,677.81,31.718,29.038,-0.032099,-0.046082,0.018822,20.569,22.200,steady_run_3
18.430000,3,80,4770.08,23.8417,1.02435,511.69,49.257,13.780,678.76,31.723,29.042,0.063304,0.011871,-0.008953,20.768,22.200,steady_run_3
18.435000,3,80,4766.24,23.8362,1.03385,516.01,49.261,13.866,683.07,31.727,29.045,-0.007736,-0.018296,-0.003869,20.691,22.200,steady_run_3
18.440000,3,80,4757.88,23.7595,1.02428,510.34,49.287,13.693,674.91,31.732,29.048,0.045177,0.002617,-0.023225,20.623,22.200,steady_run_3
18.445000,3,80,4773.52,23.9045,1.02060,510.18,49.271,13.921,685.89,31.737,29.052,-0.006802,-0.029269,0.008158,20.717,22.200,steady_run_3
18.450000,3,80,4779.58,24.0961,1.03784,519.45,49.268,13.854,682.54,31.742,29.055,-0.050273,-0.008909,-0.010428,20.834,22.200,steady_run_3
18.455000,3,80,4760.15,23.8165,1.01997,508.44,49.273,13.714,675.71,31.746,29.059,0.072603,0.044008,0.017958,20.669,22.200,steady_run_3
18.460000,3,80,4769.85,23.9849,1.01494,506.96,49.255,13.917,685.47,31.751,29.062,-0.015891,-0.059226,0.031505,20.752,22.200,steady_run_3
18.465000,3,80,4760.85,23.9746,1.02459,510.82,49.265,13.738,676.82,31.756,29.065,0.071494,0.036999,0.015473,20.701,22.200,steady_run_3
18.470000,3,80,4773.38,23.7753,1.00908,504.40,49.289,13.782,679.33,31.760,29.069,0.000461,-0.005700,-0.016315,20.812,22.200,steady_run_3
18.475000,3,80,4766.85,23.9797,1.02681,512.57,49.273,13.839,681.88,31.765,29.072,-0.061330,0.004455,-0.032394,20.800,22.200,steady_run_3
18.480000,3,80,4756.46,23.7002,1.01963,507.87,49.250,13.795,679.42,31.770,29.075,0.017710,0.044757,0.019761,20.713,22.200,steady_run_3
18.485000,3,80,4763.24,23.9649,1.01947,508.52,49.246,13.854,682.28,31.775,29.079,-0.009661,-0.038268,0.016729,20.753,22.200,steady_run_3
18.490000,3,80,4764.62,23.8745,1.01070,504.29,49.276,13.938,686.78,31.779,29.082,0.031498,-0.004600,-0.035724,20.749,22.200,steady_run_3
18.495000,3,80,4766.30,23.8019,1.02549,511.85,49.269,13.886,684.14,31.784,29.086,0.062435,0.013821,-0.009053,20.803,22.200,steady_run_3
18.500000,3,80,4771.74,23.9702,1.04319,521.28,49.256,13.995,689.35,31.789,29.089,0.041056,-0.004098,-0.032981,20.801,22.200,steady_run_3
18.505000,3,80,4771.53,23.8243,1.03075,515.04,49.264,13.819,680.78,31.794,29.093,-0.029674,-0.054389,0.024174,20.697,22.200,steady_run_3
18.510000,3,80,4763.99,23.8759,1.02589,511.80,49.293,13.859,683.17,31.799,29.096,-0.048678,-0.021598,-0.000092,20.631,22.200,steady_run_3
18.515000,3,80,4765.28,23.8812,1.01443,506.22,49.271,13.934,686.54,31.803,29.099,-0.014411,-0.042704,0.017548,20.815,22.200,steady_run_3
18.520000,3,80,4776.43,23.8927,1.03650,518.44,49.245,13.926,685.79,31.808,29.103,0.022283,-0.002038,-0.030328,20.746,22.200,steady_run_3
18.525000,3,80,4767.59,23.8255,1.02650,512.49,49.282,13.945,687.26,31.813,29.106,0.017346,0.045765,0.022423,20.669,22.200,steady_run_3
18.530000,3,80,4779.43,24.0167,1.02228,511.65,49.278,13.851,682.54,31.818,29.110,0.046861,0.062822,0.031692,20.819,22.200,steady_run_3
18.535000,3,80,4760.71,23.8748,1.00774,502.40,49.272,13.877,683.72,31.822,29.113,-0.043233,-0.034744,0.006281,20.699,22.200,steady_run_3
18.540000,3,80,4766.29,23.7638,1.02383,511.02,49.251,13.876,683.42,31.827,29.116,-0.060566,0.001812,-0.031492,20.637,22.200,steady_run_3
18.545000,3,80,4772.74,24.0332,1.02181,510.70,49.271,13.900,684.88,31.832,29.120,0.072414,0.027103,0.008549,20.821,22.200,steady_run_3
18.550000,3,80,4772.84,23.9700,1.02601,512.81,49.238,13.997,689.18,31.837,29.123,-0.025726,-0.057392,0.027491,20.759,22.200,steady_run_3
18.555000,3,80,4765.33,23.8393,1.02541,511.70,49.298,13.752,677.95,31.841,29.126,-0.044992,-0.028204,0.001967,20.690,22.200,steady_run_3
18.560000,3,80,4769.47,23.8755,1.01771,508.30,49.256,13.808,680.11,31.846,29.130,0.011163,-0.001871,-0.027716,20.689,22.200,steady_run_3
18.565000,3,80,4768.81,23.9067,1.00859,503.68,49.267,13.910,685.31,31.851,29.133,-0.017792,-0.061346,0.031476,20.853,22.200,steady_run_3
18.570000,3,80,4766.33,23.8967,1.02966,513.93,49.238,13.947,686.74,31.856,29.137,0.072543,0.025755,0.003503,20.783,22.200,steady_run_3
18.575000,3,80,4761.51,23.7842,1.01242,504.82,49.248,13.804,679.79,31.860,29.140,0.063763,0.061560,0.028760,20.789,22.200,steady_run_3
18.580000,3,80,4776.11,23.9520,1.02921,514.76,49.244,13.904,684.68,31.865,29.143,0.021866,0.045681,0.022489,20.841,22.200,steady_run_3
18.585000,3,80,4765.75,23.9284,1.01801,508.06,49.253,13.996,689.35,31.870,29.147,0.068490,0.022851,-0.000494,20.617,22.200,steady_run_3
18.590000,3,80,4773.01,23.8426,1.02213,510.89,49.265,13.932,686.35,31.874,29.150,-0.053229,0.000549,-0.033441,20.667,22.200,steady_run_3
18.595000,3,80,4769.28,23.9206,1.02355,511.20,49.278,13.879,683.95,31.879,29.153,0.059567,0.063455,0.032389,20.689,22.200,steady_run_3
18.600000,3,80,4777.68,23.9221,1.02444,512.54,49.298,13.781,679.38,31.884,29.157,0.057561,0.060165,0.031135,20.890,22.200,steady_run_3
18.605000,3,80,4771.78,23.9722,1.02393,511.66,49.255,14.002,689.69,31.889,29.160,-0.034896,-0.040821,0.017291,20.729,22.200,steady_run_3
18.610000,3,80,4762.94,23.7683,1.01415,505.83,49.271,13.807,680.29,31.893,29.163,0.024737,-0.005766,-0.033134,20.850,22.200,steady_run_3
18.615000,3,80,4759.47,23.7355,1.02495,510.85,49.263,13.766,678.14,31.898,29.167,-0.031769,-0.048140,0.023904,20.548,22.200,steady_run_3
18.620000,3,80,4766.36,23.8944,1.02178,510.00,49.258,13.767,678.15,31.902,29.170,0.074070,0.034641,0.009472,20.826,22.200,steady_run_3
18.625000,3,80,4760.31,23.7912,1.02459,510.76,49.262,13.909,685.17,31.907,29.173,-0.043466,-0.026126,0.003646,20.651,22.200,steady_run_3
18.630000,3,80,4765.43,23.9459,1.02485,511.44,49.231,13.867,682.67,31.912,29.176,-0.041517,-0.032872,0.011378,20.627,22.200,steady_run_3
18.635000,3,80,4762.86,23.7589,1.03245,514.95,49.262,13.790,679.31,31.916,29.180,0.042587,-0.001402,-0.028512,20.705,22.200,steady_run_3
18.640000,3,80,4775.63,23.9242,1.02770,513.96,49.234,13.918,685.23,31.921,29.183,-0.031606,-0.050459,0.025007,20.771,22.200,steady_run_3
18.645000,3,80,4782.24,23.9499,1.02646,514.05,49.235,13.994,688.98,31.926,29.186,0.062386,0.064801,0.033674,20.852,22.200,steady_run_3
18.650000,3,80,4764.91,23.8324,1.03381,515.85,49.240,13.825,680.77,31.931,29.190,0.062383,0.060019,0.030902,20.687,22.200,steady_run_3
18.655000,3,80,4767.15,23.7601,1.01667,507.54,49.259,13.899,684.65,31.935,29.193,0.070753,0.024026,0.000809,20.632,22.200,steady_run_3
18.660000,3,80,4763.03,23.7988,1.02751,512.51,49.276,13.805,680.26,31.940,29.196,0.025387,-0.002937,-0.032480,20.720,22.200,steady_run_3
18.665000,3,80,4770.65,23.9100,1.01452,506.83,49.274,13.944,687.08,31.945,29.200,0.055266,0.064247,0.031349,20.703,22.200,steady_run_3
18.670000,3,80,4767.43,23.9249,1.02682,512.63,49.292,13.925,686.41,31.949,29.203,-0.012262,-0.033576,0.010487,20.811,22.200,steady_run_3
18.675000,3,80,4782.35,23.9055,1.01208,506.86,49.242,13.960,687.43,31.954,29.206,-0.020265,-0.048787,0.022621,20.821,22.200,steady_run_3
18.680000,3,80,4773.98,23.9038,1.03321,516.53,49.266,13.800,679.88,31.959,29.210,0.035562,-0.001738,-0.031425,20.662,22.200,steady_run_3
18.685000,3,80,4763.24,23.9327,1.01725,507.41,49.252,13.843,681.79,31.963,29.213,0.015957,-0.002471,-0.027529,20.706,22.200,steady_run_3
18.690000,3,80,4759.37,23.7674,1.02175,509.24,49.293,13.821,681.30,31.968,29.216,-0.018429,-0.060606,0.033551,20.736,22.200,steady_run_3
18.695000,3,80,4767.27,23.8474,1.02783,513.12,49.273,13.831,681.51,31.972,29.219,-0.005208,-0.009652,-0.016079,20.748,22.200,steady_run_3
18.700000,3,80,4767.24,23.9442,1.03613,517.26,49.241,13.895,684.19,31.977,29.223,-0.059819,-0.000032,-0.029390,20.808,22.200,steady_run_3
18.705000,3,80,4771.74,23.8500,1.02891,514.14,49.256,13.968,688.00,31.982,29.226,-0.026054,-0.062333,0.034860,20.744,22.200,steady_run_3
18.710000,3,80,4773.65,23.8203,1.01858,509.18,49.258,13.912,685.26,31.986,29.229,-0.023624,-0.061178,0.032084,20.837,22.200,steady_run_3
18.715000,3,80,4773.27,23.9777,1.02768,513.69,49.244,13.946,686.78,31.991,29.233,-0.049687,0.003525,-0.027305,20.808,22.200,steady_run_3
18.720000,3,80,4772.86,23.9820,1.01930,509.46,49.247,13.907,684.87,31.996,29.236,0.073186,0.051516,0.022861,20.692,22.200,steady_run_3
18.725000,3,80,4772.64,23.8828,1.02075,510.16,49.269,13.909,685.27,32.000,29.239,-0.012329,-0.030220,0.011581,20.767,22.200,steady_run_3
18.730000,3,80,4784.04,23.9900,1.02145,511.73,49.260,13.978,688.54,32.005,29.242,-0.001587,-0.011799,-0.013049,20.742,22.200,steady_run_3
18.735000,3,80,4785.94,24.1044,1.04567,524.07,49.259,13.793,679.45,32.010,29.246,-0.003938,-0.009758,-0.014239,20.864,22.200,steady_run_3
18.740000,3,80,4759.68,23.8004,1.01641,506.61,49.274,13.908,685.29,32.014,29.249,-0.028126,-0.052707,0.028163,20.609,22.200,steady_run_3
18.745000,3,80,4767.98,23.9419,1.03092,514.74,49.268,13.827,681.24,32.019,29.252,-0.029835,-0.061417,0.031485,20.665,22.200,steady_run_3
18.750000,3,80,4784.91,23.9956,1.04270,522.47,49.286,13.991,689.59,32.023,29.255,0.042200,-0.002567,-0.030551,20.766,22.200,steady_run_3
18.755000,3,80,4768.34,23.9965,1.02912,513.88,49.255,13.927,685.99,32.028,29.259,-0.013943,-0.045379,0.026694,20.776,22.200,steady_run_3
18.760000,3,80,4767.80,23.9311,1.01574,507.14,49.254,13.870,683.15,32.033,29.262,-0.049768,-0.006948,-0.016913,20.707,22.200,steady_run_3
18.765000,3,80,4773.92,23.9038,1.02886,514.35,49.267,13.893,684.44,32.037,29.265,0.040764,0.059530,0.032060,20.687,22.200,steady_run_3
18.770000,3,80,4769.55,23.8008,1.01999,509.45,49.287,13.737,677.07,32.042,29.268,0.061699,0.063762,0.031037,20.675,22.200,steady_run_3
18.775000,3,80,4776.92,23.8471,1.02698,513.73,49.251,13.957,687.41,32.046,29.272,-0.058806,-0.000251,-0.031215,20.639,22.200,steady_run_3
18.780000,3,80,4770.30,23.8338,1.01697,508.02,49.268,13.815,680.67,32.051,29.275,0.070025,0.058235,0.030415,20.711,22.200,steady_run_3
18.785000,3,80,4757.58,23.8047,1.02821,512.27,49.263,13.823,680.98,32.056,29.278,-0.016409,-0.057021,0.030987,20.761,22.200,steady_run_3
18.790000,3,80,4776.16,24.0501,1.01417,507.24,49.249,14.023,690.62,32.060,29.281,-0.054405,-0.007408,-0.017355,20.711,22.200,steady_run_3
18.795000,3,80,4777.60,24.0307,1.02810,514.37,49.264,13.834,681.50,32.065,29.284,-0.021707,-0.064278,0.030696,20.726,22.200,steady_run_3
18.800000,3,80,4768.25,23.9084,1.01626,507.45,49.267,13.936,686.59,32.069,29.288,0.051232,0.062400,0.033630,20.812,22.200,steady_run_3
18.805000,3,80,4777.81,23.9633,1.03130,515.99,49.254,14.049,691.95,32.074,29.291,-0.010746,-0.020201,0.001207,20.756,22.200,steady_run_3
18.810000,3,80,4769.77,23.9608,1.04493,521.93,49.255,13.891,684.20,32.079,29.294,0.023565,-0.001426,-0.034732,20.679,22.200,steady_run_3
18.815000,3,80,4764.47,23.8139,1.02454,511.18,49.285,13.833,681.77,32.083,29.297,0.052525,0.061536,0.034339,20.776,22.200,steady_run_3
18.820000,3,80,4766.40,23.8180,1.02907,513.65,49.263,13.987,689.06,32.088,29.301,0.054423,0.061023,0.033445,20.666,22.200,steady_run_3
18.825000,3,80,4766.06,23.8631,1.02095,509.56,49.249,13.945,686.76,32.093,29.304,0.011197,-0.000700,-0.029747,20.655,22.200,steady_run_3
18.830000,3,80,4773.68,24.0317,1.02526,512.53,49.277,13.942,687.04,32.097,29.307,0.073369,0.045952,0.020102,20.772,22.200,steady_run_3
18.835000,3,80,4772.80,23.9592,1.03832,518.96,49.230,13.830,680.84,32.102,29.310,0.046788,0.001494,-0.025217,20.797,22.200,steady_run_3
18.840000,3,80,4773.79,23.8691,1.02181,510.81,49.262,13.933,686.37,32.106,29.314,0.002810,0.036868,0.010687,20.866,22.200,steady_run_3
18.845000,3,80,4774.89,23.9314,1.02770,513.88,49.285,13.855,682.84,32.111,29.317,-0.047963,-0.013068,-0.009268,20.722,22.200,steady_run_3
18.850000,3,80,4779.57,23.8389,1.02104,511.04,49.263,13.852,682.38,32.115,29.320,-0.021511,-0.062146,0.033013,20.803,22.200,steady_run_3
18.855000,3,80,4763.74,23.8588,1.02867,513.16,49.251,13.826,680.96,32.120,29.323,0.028535,0.047686,0.021579,20.785,22.200,steady_run_3
18.860000,3,80,4775.64,23.9285,1.02433,512.27,49.250,13.929,686.00,32.124,29.326,0.073826,0.043539,0.018838,20.725,22.200,steady_run_3
18.865000,3,80,4763.33,23.8936,1.02268,510.13,49.278,13.700,675.09,32.129,29.329,-0.045687,-0.030222,0.005630,20.739,22.200,steady_run_3
18.870000,3,80,4769.82,23.9468,1.01343,506.20,49.221,13.830,680.74,32.133,29.333,0.070858,0.059115,0.027846,20.908,22.200,steady_run_3
18.875000,3,80,4773.77,23.8932,1.02660,513.20,49.251,13.896,684.41,32.138,29.336,-0.056836,-0.004532,-0.021427,20.820,22.200,steady_run_3
18.880000,3,80,4770.71,23.8647,1.02280,510.98,49.252,14.021,690.55,32.142,29.339,0.071742,0.022957,-0.000214,20.849,22.200,steady_run_3
18.885000,3,80,4762.40,23.8069,1.03363,515.49,49.279,13.911,685.52,32.147,29.342,0.001276,0.031765,0.008623,20.754,22.200,steady_run_3
18.890000,3,80,4778.02,23.9296,1.02958,515.15,49.244,14.021,690.47,32.152,29.345,0.040159,-0.000387,-0.028294,20.746,22.200,steady_run_3
18.895000,3,80,4774.61,23.8598,1.03761,518.80,49.271,13.784,679.17,32.156,29.349,-0.028606,-0.056857,0.029050,20.748,22.200,steady_run_3
18.900000,3,80,4770.63,23.8918,1.01307,506.11,49.256,13.867,683.02,32.161,29.352,-0.058509,-0.001907,-0.023524,20.802,22.200,steady_run_3
18.905000,3,80,4771.02,23.8824,1.02395,511.59,49.285,13.813,680.79,32.165,29.355,0.043210,0.000265,-0.028532,20.696,22.200,steady_run_3
18.910000,3,80,4763.94,23.8245,1.03402,515.85,49.259,14.002,689.72,32.170,29.358,-0.011404,-0.018171,-0.001698,20.827,22.200,steady_run_3
18.915000,3,80,4772.78,23.9865,1.02687,513.23,49.286,13.789,679.59,32.174,29.361,-0.029782,-0.054182,0.025889,20.713,22.200,steady_run_3
18.920000,3,80,4764.46,23.7881,1.03377,515.78,49.280,13.878,683.91,32.179,29.364,0.000756,-0.010358,-0.017060,20.745,22.200,steady_run_3
18.925000,3,80,4778.20,23.9395,1.01184,506.29,49.244,13.893,684.14,32.183,29.367,0.072297,0.054482,0.025426,20.722,22.200,steady_run_3
18.930000,3,80,4771.68,23.9787,1.01315,506.26,49.266,13.969,688.18,32.188,29.371,-0.012688,-0.032063,0.012208,20.714,22.200,steady_run_3
18.935000,3,80,4770.05,23.9171,1.02006,509.54,49.282,13.845,682.30,32.192,29.374,0.015580,-0.001768,-0.030453,20.824,22.200,steady_run_3
18.940000,3,80,4767.39,23.8150,1.02523,511.83,49.266,13.835,681.58,32.197,29.377,-0.028658,0.012384,-0.013928,20.811,22.200,steady_run_3
18.945000,3,80,4768.29,24.0074,1.03707,517.85,49.269,13.836,681.69,32.201,29.380,-0.025574,-0.060721,0.033514,20.798,22.200,steady_run_3
18.950000,3,80,4770.90,23.7841,1.02760,513.39,49.280,13.738,676.99,32.205,29.383,-0.060966,0.004378,-0.031437,20.806,22.200,steady_run_3
18.955000,3,80,4773.14,23.9715,1.02539,512.53,49.243,13.866,682.78,32.210,29.386,-0.030929,0.012187,-0.013044,20.690,22.200,steady_run_3
18.960000,3,80,4769.32,23.8681,1.02999,514.42,49.238,13.845,681.71,32.214,29.389,0.066247,0.057447,0.028474,20.746,22.200,steady_run_3
18.965000,3,80,4770.71,23.8176,1.02684,513.00,49.273,13.875,683.67,32.219,29.392,-0.014080,0.021348,0.001469,20.737,22.200,steady_run_3
18.970000,3,80,4772.34,23.9085,1.02854,514.02,49.272,13.902,684.97,32.223,29.396,-0.051638,0.001511,-0.030951,20.697,22.200,steady_run_3
18.975000,3,80,4774.55,23.9319,1.02920,514.59,49.238,13.947,686.72,32.228,29.399,-0.008346,0.027155,0.004152,20.787,22.200,steady_run_3
18.980000,3,80,4777.51,24.0005,1.03434,517.48,49.264,13.844,682.02,32.232,29.402,0.039701,-0.002132,-0.032666,20.782,22.200,steady_run_3
18.985000,3,80,4775.68,24.0378,1.02877,514.50,49.278,13.909,685.42,32.237,29.405,0.067470,0.060140,0.030242,20.801,22.200,steady_run_3
18.990000,3,80,4763.56,23.7785,1.01112,504.39,49.250,13.730,676.22,32.241,29.408,-0.041334,-0.032723,0.008204,20.760,22.200,steady_run_3
18.995000,3,80,4762.95,23.8480,1.02186,509.68,49.263,13.852,682.37,32.246,29.411,-0.044018,0.003137,-0.025924,20.699,22.200,steady_run_3
19.000000,3,80,4771.67,23.9318,1.02380,511.58,49.244,13.779,678.52,32.250,29.414,0.038299,0.057015,0.030302,20.736,22.200,steady_run_3
19.005000,3,80,4779.69,23.9847,1.03344,517.26,49.237,13.935,686.13,32.254,29.417,-0.001862,0.030860,0.009580,20.758,22.200,steady_run_3
19.010000,3,80,4770.96,23.9421,1.02598,512.59,49.245,13.983,688.59,32.259,29.420,-0.026902,-0.060627,0.031387,20.715,22.200,steady_run_3
19.015000,3,80,4770.32,23.9834,1.03465,516.86,49.245,13.887,683.88,32.263,29.423,-0.058664,0.004217,-0.033589,20.754,22.200,steady_run_3
19.020000,3,80,4763.82,23.8493,1.01154,504.62,49.271,13.832,681.53,32.268,29.426,0.073872,0.049370,0.020279,20.758,22.200,steady_run_3
19.025000,3,80,4770.37,23.7928,1.03133,515.21,49.249,13.844,681.80,32.272,29.430,-0.026636,-0.056383,0.028713,20.773,22.200,steady_run_3
19.030000,3,80,4775.02,23.9751,1.01605,508.07,49.274,13.770,678.52,32.277,29.433,-0.011546,-0.037066,0.015914,20.777,22.200,steady_run_3
19.035000,3,80,4770.82,23.9904,1.02246,510.82,49.254,13.980,688.55,32.281,29.436,-0.016378,-0.061663,0.032049,20.783,22.200,steady_run_3
19.040000,3,80,4768.60,23.8938,1.02555,512.12,49.255,13.849,682.12,32.286,29.439,0.056950,0.005383,-0.017088,20.732,22.200,steady_run_3
19.045000,3,80,4771.53,23.9062,1.02152,510.43,49.284,13.775,678.90,32.290,29.442,-0.022031,-0.062626,0.033816,20.714,22.200,steady_run_3
19.050000,3,80,4761.04,23.7090,1.02498,511.03,49.291,13.812,680.78,32.294,29.445,-0.033615,-0.050401,0.020901,20.768,22.200,steady_run_3
19.055000,3,80,4766.77,23.9433,1.01490,506.61,49.286,13.893,684.73,32.299,29.448,-0.053005,0.003741,-0.031883,20.607,22.200,steady_run_3
19.060000,3,80,4771.34,23.9601,1.02388,511.59,49.256,13.903,684.83,32.303,29.451,-0.048070,-0.019038,-0.004176,20.702,22.200,steady_run_3
19.065000,3,80,4770.31,23.8263,1.02796,513.51,49.283,13.938,686.93,32.308,29.454,-0.059977,-0.000914,-0.026912,20.794,22.200,steady_run_3
19.070000,3,80,4759.59,23.8661,1.02960,513.17,49.266,13.826,681.13,32.312,29.457,-0.058565,0.000490,-0.026454,20.727,22.200,steady_run_3
19.075000,3,80,4772.55,23.9833,1.03039,514.97,49.242,13.894,684.14,32.316,29.460,0.043314,-0.002065,-0.027465,20.755,22.200,steady_run_3
19.080000,3,80,4767.15,23.9479,1.01788,508.14,49.269,13.928,686.20,32.321,29.463,-0.001955,0.026234,0.005628,20.709,22.200,steady_run_3
19.085000,3,80,4765.51,23.8862,1.02640,512.22,49.281,13.771,678.67,32.325,29.466,-0.057306,-0.002344,-0.034349,20.703,22.200,steady_run_3
19.090000,3,80,4773.05,23.9334,1.02219,510.93,49.261,13.877,683.61,32.330,29.469,-0.030326,-0.050139,0.026014,20.924,22.200,steady_run_3
19.095000,3,80,4780.13,24.0598,1.01655,508.86,49.266,13.964,687.96,32.334,29.472,0.039346,-0.001696,-0.029168,20.691,22.200,steady_run_3
19.100000,3,80,4768.50,23.8698,1.01472,506.71,49.262,13.844,681.96,32.338,29.475,0.004880,0.034424,0.014343,20.729,22.200,steady_run_3
19.105000,3,80,4770.08,23.9815,1.01406,506.55,49.250,13.785,678.91,32.343,29.478,-0.045293,0.004225,-0.025952,20.753,22.200,steady_run_3
19.110000,3,80,4775.89,24.0100,1.03172,515.99,49.226,14.040,691.15,32.347,29.482,0.068261,0.052136,0.024879,20.767,22.200,steady_run_3
19.115000,3,80,4756.98,23.7237,1.02200,509.11,49.238,13.944,686.59,32.352,29.485,-0.015483,-0.047436,0.025374,20.791,22.200,steady_run_3
19.120000,3,80,4780.67,24.0478,1.03642,518.86,49.268,13.939,686.77,32.356,29.488,-0.006359,-0.018716,-0.004452,20.739,22.200,steady_run_3
19.125000,3,80,4770.88,23.7781,1.02689,513.04,49.265,13.923,685.95,32.361,29.491,-0.050638,-0.013216,-0.011698,20.783,22.200,steady_run_3
19.130000,3,80,4766.87,23.9111,1.02077,509.55,49.264,13.925,686.02,32.365,29.494,-0.057456,-0.000256,-0.033474,20.675,22.200,steady_run_3
19.135000,3,80,4766.19,23.6938,1.02271,510.45,49.267,13.882,683.92,32.369,29.497,0.030430,0.049181,0.027571,20.769,22.200,steady_run_3
19.140000,3,80,4770.62,23.8419,1.01468,506.91,49.247,13.843,681.70,32.374,29.500,-0.057071,0.000739,-0.035771,20.779,22.200,steady_run_3
19.145000,3,80,4772.74,23.9051,1.02477,512.18,49.273,13.814,680.67,32.378,29.503,-0.035060,0.008861,-0.016569,20.793,22.200,steady_run_3
19.150000,3,80,4771.81,23.9249,1.03265,516.02,49.255,14.049,691.99,32.382,29.506,0.021856,0.047522,0.022458,20.870,22.200,steady_run_3
19.155000,3,80,4774.31,23.8905,1.01233,506.13,49.278,13.847,682.35,32.387,29.509,0.066968,0.021852,-0.000357,20.842,22.200,steady_run_3
19.160000,3,80,4767.17,23.7814,1.01401,506.21,49.270,13.939,686.80,32.391,29.512,0.023053,-0.004942,-0.033495,20.773,22.200,steady_run_3
19.165000,3,80,4769.58,23.9678,1.01350,506.21,49.245,13.856,682.35,32.396,29.515,-0.011943,-0.039756,0.017757,20.742,22.200,steady_run_3
19.170000,3,80,4771.32,24.0152,1.02719,513.24,49.260,13.792,679.41,32.400,29.518,-0.006487,-0.016048,0.000098,20.835,22.200,steady_run_3
19.175000,3,80,4772.03,23.8780,1.02508,512.26,49.257,13.823,680.86,32.404,29.521,0.052919,0.062732,0.032240,20.873,22.200,steady_run_3
19.180000,3,80,4779.11,24.0567,1.02541,513.19,49.246,13.858,682.45,32.408,29.524,-0.050048,-0.008345,-0.010776,20.878,22.200,steady_run_3
19.185000,3,80,4771.07,23.9710,1.03108,515.16,49.262,13.743,677.00,32.413,29.527,-0.019652,-0.060060,0.030842,20.777,22.200,steady_run_3
19.190000,3,80,4763.47,23.7991,1.01863,508.12,49.265,13.775,678.62,32.417,29.530,-0.014910,-0.053536,0.028902,20.625,22.200,steady_run_3
19.195000,3,80,4762.64,23.7278,1.01295,505.20,49.255,13.828,681.10,32.421,29.533,-0.035227,-0.043727,0.014815,20.753,22.200,steady_run_3
19.200000,3,80,4772.47,23.8710,1.04215,520.84,49.231,13.932,685.90,32.426,29.536,0.070879,0.023248,0.000122,20.806,22.200,steady_run_3
19.205000,3,80,4771.90,23.8923,1.00829,503.86,49.283,13.817,680.93,32.430,29.539,-0.003677,-0.007651,-0.014998,20.810,22.200,steady_run_3
19.210000,3,80,4774.17,24.0175,1.01635,508.12,49.229,13.930,685.75,32.434,29.542,-0.017243,-0.054038,0.032881,20.833,22.200,steady_run_3
19.215000,3,80,4774.90,23.8186,1.02927,514.66,49.266,13.830,681.36,32.439,29.545,0.072158,0.033943,0.012429,20.659,22.200,steady_run_3
19.220000,3,80,4760.90,23.7939,1.01514,506.11,49.231,13.834,681.04,32.443,29.548,0.060315,0.061454,0.031811,20.753,22.200,steady_run_3
19.225000,3,80,4759.57,23.8053,1.01471,505.75,49.236,13.897,684.24,32.447,29.551,0.046293,0.063809,0.032638,20.645,22.200,steady_run_3
19.230000,3,80,4766.69,23.8107,1.03012,514.20,49.277,13.810,680.50,32.452,29.554,-0.055571,-0.007094,-0.015874,20.597,22.200,steady_run_3
19.235000,3,80,4771.71,23.8636,1.02325,511.31,49.296,13.816,681.07,32.456,29.556,-0.051924,-0.005114,-0.018304,20.753,22.200,steady_run_3
19.240000,3,80,4770.17,23.8052,1.02589,512.46,49.261,13.859,682.70,32.460,29.559,-0.032008,-0.049369,0.021431,20.841,22.200,steady_run_3
19.245000,3,80,4767.33,23.8130,1.03078,514.60,49.241,13.893,684.11,32.464,29.562,0.073067,0.054898,0.026436,20.754,22.200,steady_run_3
19.250000,3,80,4759.36,23.7456,1.01843,507.58,49.254,13.788,679.13,32.469,29.565,-0.001820,0.030898,0.011639,20.798,22.200,steady_run_3
19.255000,3,80,4769.64,23.8456,1.01928,509.10,49.275,13.884,684.13,32.473,29.568,-0.038785,-0.039741,0.014674,20.761,22.200,steady_run_3
19.260000,3,80,4763.89,23.8932,1.02263,510.16,49.276,13.766,678.33,32.477,29.571,0.062931,0.013775,-0.006291,20.807,22.200,steady_run_3
19.265000,3,80,4764.13,23.9114,1.02068,509.22,49.244,13.836,681.35,32.481,29.574,-0.046046,-0.028799,0.002544,20.720,22.200,steady_run_3
19.270000,3,80,4767.52,23.8093,1.02589,512.18,49.286,13.798,680.04,32.486,29.577,0.067586,0.031184,0.008534,20.765,22.200,steady_run_3
19.275000,3,80,4773.15,23.8417,1.02508,512.38,49.241,14.023,690.51,32.490,29.580,0.006962,-0.001751,-0.025508,20.696,22.200,steady_run_3
19.280000,3,80,4786.50,24.1617,1.03584,519.21,49.273,13.843,682.10,32.494,29.583,0.049952,0.063788,0.032501,21.003,22.200,steady_run_3
19.285000,3,80,4764.93,23.8190,1.01766,507.80,49.273,13.816,680.78,32.499,29.586,-0.018358,-0.056245,0.028669,20.822,22.200,steady_run_3
19.290000,3,80,4759.00,23.7232,1.00380,500.25,49.288,13.670,673.76,32.503,29.589,0.033315,0.052147,0.026928,20.687,22.200,steady_run_3
19.295000,3,80,4758.10,23.7476,1.01351,505.00,49.291,13.657,673.15,32.507,29.591,0.071245,0.052051,0.023771,20.683,22.200,steady_run_3
19.300000,3,80,4762.76,23.8541,1.01179,504.64,49.257,13.860,682.71,32.511,29.594,0.033833,0.056950,0.027615,20.710,22.200,steady_run_3
19.305000,3,80,4775.88,23.9547,1.03179,516.03,49.252,13.806,679.99,32.515,29.597,-0.033607,-0.045706,0.020747,20.921,22.200,steady_run_3
19.310000,3,80,4761.43,23.7337,1.02299,510.08,49.276,13.799,679.95,32.520,29.600,0.001902,-0.005370,-0.021086,20.604,22.200,steady_run_3
19.315000,3,80,4771.64,23.9338,1.01709,508.23,49.269,13.821,680.95,32.524,29.603,0.055952,0.063119,0.034202,20.654,22.200,steady_run_3
19.320000,3,80,4769.54,23.8281,1.02781,513.36,49.288,13.853,682.79,32.528,29.606,-0.061620,0.004012,-0.030215,20.608,22.200,steady_run_3
19.325000,3,80,4767.52,23.7696,1.02862,513.54,49.270,13.911,685.38,32.532,29.609,-0.020523,-0.060976,0.032360,20.653,22.200,steady_run_3
19.330000,3,80,4774.48,23.9052,1.03132,515.64,49.260,13.934,686.37,32.537,29.612,0.070201,0.027593,0.004843,20.805,22.200,steady_run_3
19.335000,3,80,4774.07,23.8473,1.02406,511.97,49.253,13.984,688.74,32.541,29.615,-0.006590,-0.022964,0.002270,20.792,22.200,steady_run_3
19.340000,3,80,4774.35,23.9403,1.02758,513.76,49.248,13.940,686.49,32.545,29.618,-0.016301,0.015604,-0.004978,20.747,22.200,steady_run_3
19.345000,3,80,4769.71,23.8634,1.02908,514.01,49.255,13.834,681.37,32.549,29.621,-0.058964,0.003224,-0.032938,20.800,22.200,steady_run_3
19.350000,3,80,4774.11,23.9170,1.02790,513.89,49.272,13.932,686.44,32.554,29.624,-0.037106,-0.042138,0.017964,20.743,22.200,steady_run_3
19.355000,3,80,4781.72,23.9216,1.01861,510.06,49.266,13.971,688.28,32.558,29.627,-0.015342,-0.047284,0.023743,20.823,22.200,steady_run_3
19.360000,3,80,4762.25,23.8310,1.01183,504.60,49.274,13.873,683.58,32.562,29.629,-0.030197,-0.052607,0.026339,20.714,22.200,steady_run_3
19.365000,3,80,4757.46,23.7333,1.01321,504.78,49.289,13.770,678.71,32.566,29.632,-0.010434,-0.037228,0.014370,20.672,22.200,steady_run_3
19.370000,3,80,4774.09,23.9247,1.02719,513.54,49.244,13.907,684.81,32.571,29.635,0.056656,0.003804,-0.019829,20.810,22.200,steady_run_3
19.375000,3,80,4768.19,23.9299,1.03926,518.93,49.268,13.813,680.54,32.575,29.638,-0.052412,-0.008407,-0.018371,20.760,22.200,steady_run_3
19.380000,3,80,4774.50,23.8718,1.02067,510.32,49.269,13.826,681.20,32.579,29.641,0.075004,0.035097,0.013705,20.748,22.200,steady_run_3
19.385000,3,80,4769.01,23.8851,1.01577,507.28,49.252,13.930,686.09,32.583,29.644,-0.059472,0.004500,-0.031721,20.722,22.200,steady_run_3
19.390000,3,80,4763.75,23.7606,1.01085,504.27,49.263,13.813,680.47,32.588,29.647,-0.014043,-0.040821,0.018345,20.722,22.200,steady_run_3
19.395000,3,80,4765.62,23.8956,1.01413,506.10,49.267,13.906,685.12,32.592,29.650,-0.014272,-0.042894,0.020883,20.747,22.200,steady_run_3
19.400000,3,80,4771.25,23.9173,1.02130,510.29,49.271,13.966,688.11,32.596,29.653,-0.050704,-0.018014,-0.004309,20.819,22.200,steady_run_3
19.405000,3,80,4766.12,23.8792,1.01892,508.55,49.271,13.806,680.25,32.600,29.655,-0.010077,-0.021364,0.001233,20.715,22.200,steady_run_3
19.410000,3,80,4766.70,23.8086,1.01497,506.64,49.247,13.954,687.20,32.605,29.658,0.036428,0.054841,0.033387,20.810,22.200,steady_run_3
19.415000,3,80,4762.71,23.8919,1.01968,508.57,49.277,13.795,679.80,32.609,29.661,0.073097,0.048246,0.021635,20.626,22.200,steady_run_3
19.420000,3,80,4764.94,23.7795,1.01659,507.26,49.253,13.834,681.37,32.613,29.664,0.049146,0.001198,-0.022922,20.788,22.200,steady_run_3
19.425000,3,80,4760.63,23.9019,1.00897,503.00,49.256,13.847,682.05,32.617,29.667,0.047369,-0.000696,-0.024306,20.684,22.200,steady_run_3
19.430000,3,80,4768.61,23.8416,1.02217,510.44,49.247,13.881,683.59,32.621,29.670,0.053819,0.007043,-0.016220,20.800,22.200,steady_run_3
19.435000,3,80,4776.07,23.9263,1.04492,522.62,49.261,13.914,685.42,32.626,29.673,0.049681,0.060194,0.033989,20.894,22.200,steady_run_3
19.440000,3,80,4771.50,23.9067,1.02588,512.60,49.243,13.950,686.94,32.630,29.676,0.001404,0.032679,0.008474,20.678,22.200,steady_run_3
19.445000,3,80,4759.60,23.7758,1.03098,513.86,49.258,13.804,679.98,32.634,29.678,-0.012122,-0.053821,0.026988,20.692,22.200,steady_run_3
19.450000,3,80,4778.70,23.9008,1.02877,514.82,49.253,13.923,685.76,32.638,29.681,0.064200,0.058166,0.034280,20.775,22.200,steady_run_3
19.455000,3,80,4776.07,23.9230,1.02791,514.11,49.259,13.913,685.34,32.642,29.684,-0.036444,-0.045949,0.021088,20.673,22.200,steady_run_3
19.460000,3,80,4771.71,23.9145,1.01519,507.28,49.295,13.828,681.64,32.647,29.687,-0.032617,-0.053320,0.027075,20.735,22.200,steady_run_3
19.465000,3,80,4779.17,23.9093,1.02649,513.73,49.286,13.924,686.28,32.651,29.690,-0.007371,-0.021991,0.000859,20.846,22.200,steady_run_3
19.470000,3,80,4784.96,24.0832,1.02434,513.28,49.264,13.916,685.55,32.655,29.693,-0.053947,-0.014488,-0.008725,20.908,22.200,steady_run_3
19.475000,3,80,4761.65,23.8406,1.02822,512.71,49.252,13.781,678.74,32.659,29.695,-0.017635,-0.063536,0.032884,20.728,22.200,steady_run_3
19.480000,3,80,4781.01,23.9371,1.01470,508.03,49.229,13.976,688.03,32.663,29.698,0.059214,0.007621,-0.018234,20.738,22.200,steady_run_3
19.485000,3,80,4765.38,23.8554,1.01773,507.88,49.287,13.745,677.45,32.667,29.701,-0.023148,-0.063177,0.031226,20.593,22.200,steady_run_3
19.490000,3,80,4768.80,23.8898,1.03534,517.04,49.255,13.889,684.12,32.672,29.704,0.053210,0.061212,0.035184,20.743,22.200,steady_run_3
19.495000,3,80,4775.64,23.8307,1.02806,514.14,49.281,13.900,685.00,32.676,29.707,-0.046619,-0.027196,0.002937,20.762,22.200,steady_run_3
19.500000,3,80,4768.24,23.9117,1.02579,512.20,49.291,13.866,683.47,32.680,29.710,-0.045108,-0.028487,0.006480,20.665,22.200,steady_run_3
19.505000,3,80,4771.80,23.9900,1.04363,521.50,49.260,13.903,684.86,32.684,29.713,0.060746,0.006740,-0.017524,20.669,22.200,steady_run_3
19.510000,3,80,4763.61,23.7992,1.01198,504.82,49.262,13.842,681.91,32.688,29.715,0.004647,0.035331,0.013374,20.664,22.200,steady_run_3
19.515000,3,80,4766.91,23.8372,1.02985,514.09,49.265,13.865,683.07,32.692,29.718,-0.009276,-0.019746,0.000951,20.717,22.200,steady_run_3
19.520000,3,80,4764.59,23.8799,1.03769,517.75,49.263,13.904,684.96,32.697,29.721,0.061487,0.061609,0.031576,20.736,22.200,steady_run_3
19.525000,3,80,4754.37,23.6569,1.01555,505.62,49.286,13.643,672.42,32.701,29.724,0.073413,0.041803,0.015658,20.674,22.200,steady_run_3
19.530000,3,80,4766.78,23.8522,1.03561,516.95,49.273,13.820,680.95,32.705,29.726,-0.022822,-0.063036,0.032857,20.675,22.200,steady_run_3
19.535000,3,80,4776.29,24.0309,1.00754,503.94,49.257,13.877,683.54,32.709,29.729,0.059660,0.062569,0.034385,20.742,22.200,steady_run_3
19.540000,3,80,4776.23,23.9404,1.03257,516.46,49.258,13.930,686.18,32.713,29.732,-0.010510,-0.028523,0.005872,20.725,22.200,steady_run_3
19.545000,3,80,4768.53,23.8623,1.02058,509.63,49.260,13.813,680.44,32.717,29.735,0.010690,-0.001887,-0.031240,20.741,22.200,steady_run_3
19.550000,3,80,4770.41,23.9180,1.03023,514.66,49.287,13.831,681.71,32.721,29.738,0.013161,-0.004605,-0.028575,20.806,22.200,steady_run_3
19.555000,3,80,4768.76,23.9689,1.02625,512.49,49.253,13.838,681.57,32.725,29.740,0.058960,0.012667,-0.010048,20.697,22.200,steady_run_3
19.560000,3,80,4771.95,23.8553,1.02076,510.09,49.277,13.903,685.09,32.729,29.743,-0.039208,-0.038142,0.012589,20.802,22.200,steady_run_3
19.565000,3,80,4765.64,23.7861,1.01692,507.50,49.288,13.865,683.37,32.734,29.746,0.018628,0.046637,0.021472,20.742,22.200,steady_run_3
19.570000,3,80,4755.04,23.8093,1.03158,513.67,49.286,13.819,681.06,32.738,29.749,-0.011389,0.018680,0.003062,20.770,22.200,steady_run_3
19.575000,3,80,4773.76,23.8534,1.01971,509.76,49.252,13.940,686.59,32.742,29.752,-0.006717,-0.024569,-0.000910,20.796,22.200,steady_run_3
19.580000,3,80,4759.47,23.7372,1.02254,509.64,49.251,13.747,677.05,32.746,29.754,0.069458,0.030468,0.006405,20.739,22.200,steady_run_3
19.585000,3,80,4769.95,23.9103,1.03100,514.99,49.251,13.851,682.20,32.750,29.757,0.017067,0.044114,0.020198,20.734,22.200,steady_run_3
19.590000,3,80,4771.73,23.9874,1.02974,514.55,49.262,13.734,676.54,32.754,29.760,0.004758,0.036013,0.011327,20.817,22.200,steady_run_3
19.595000,3,80,4762.90,23.7904,1.02096,509.22,49.281,13.792,679.69,32.758,29.762,-0.014118,-0.044098,0.019350,20.659,22.200,steady_run_3
19.600000,3,80,4766.35,23.8825,1.03131,514.76,49.258,13.875,683.47,32.762,29.765,0.026772,0.051105,0.025094,20.666,22.200,steady_run_3
19.605000,3,80,4781.17,24.0804,1.03436,517.89,49.231,13.974,687.97,32.766,29.768,0.053685,0.002558,-0.022753,20.785,22.200,steady_run_3
19.610000,3,80,4769.47,23.9283,1.02387,511.38,49.280,13.738,677.03,32.770,29.771,-0.057404,0.002026,-0.034295,20.628,22.200,steady_run_3
19.615000,3,80,4767.50,23.8382,1.02368,511.07,49.248,13.828,681.00,32.774,29.774,-0.021567,-0.062971,0.033570,20.759,22.200,steady_run_3
19.620000,3,80,4777.12,23.9796,1.02977,515.15,49.272,14.009,690.27,32.779,29.776,0.071705,0.053998,0.024496,20.867,22.200,steady_run_3
19.625000,3,80,4772.08,23.7969,1.01521,507.33,49.237,13.867,682.75,32.783,29.779,-0.048692,0.003706,-0.027717,20.859,22.200,steady_run_3
19.630000,3,80,4755.79,23.7924,1.00784,501.93,49.275,13.767,678.37,32.787,29.782,-0.016832,0.020488,0.001930,20.664,22.200,steady_run_3
19.635000,3,80,4774.84,23.8774,1.02024,510.14,49.252,13.859,682.58,32.791,29.785,-0.020183,-0.063442,0.030818,20.765,22.200,steady_run_3
19.640000,3,80,4769.07,23.8946,1.01852,508.66,49.249,13.867,682.93,32.795,29.787,0.060968,0.063925,0.033463,20.740,22.200,steady_run_3
19.645000,3,80,4766.09,23.8872,1.01145,504.82,49.287,13.935,686.81,32.799,29.790,-0.018171,-0.047018,0.021374,20.773,22.200,steady_run_3
19.650000,3,80,4766.98,23.7790,1.01496,506.67,49.265,13.883,683.94,32.803,29.793,0.066543,0.025957,0.000747,20.654,22.200,steady_run_3
19.655000,3,80,4767.60,23.9547,1.02536,511.92,49.299,13.774,679.04,32.807,29.796,-0.058693,0.002542,-0.031929,20.707,22.200,steady_run_3
19.660000,3,80,4774.29,23.8769,1.02876,514.34,49.273,13.873,683.57,32.811,29.798,0.007875,-0.006351,-0.024632,20.775,22.200,steady_run_3
19.665000,3,80,4771.91,23.8623,1.00588,502.65,49.243,13.952,687.02,32.815,29.801,0.015667,0.044597,0.017906,20.707,22.200,steady_run_3
19.670000,3,80,4766.91,23.9055,1.00400,501.18,49.223,13.917,685.04,32.819,29.804,-0.056590,-0.002465,-0.022963,20.728,22.200,steady_run_3
19.675000,3,80,4774.20,23.9380,1.02170,510.80,49.276,13.902,685.01,32.823,29.807,-0.020820,-0.060758,0.030864,20.826,22.200,steady_run_3
19.680000,3,80,4772.62,23.9930,1.02197,510.77,49.270,13.831,681.43,32.828,29.809,-0.005154,-0.013907,-0.010599,20.714,22.200,steady_run_3
19.685000,3,80,4776.20,23.9295,1.03256,516.45,49.240,14.069,692.77,32.832,29.812,0.017182,0.042354,0.018723,20.670,22.200,steady_run_3
19.690000,3,80,4780.28,24.0282,1.04026,520.74,49.274,13.936,686.67,32.836,29.815,-0.052663,-0.015072,-0.014165,20.818,22.200,steady_run_3
19.695000,3,80,4772.25,23.8183,1.00985,504.67,49.255,13.860,682.68,32.840,29.818,-0.016404,-0.044493,0.019305,20.801,22.200,steady_run_3
19.700000,3,80,4776.33,24.0196,1.03054,515.45,49.271,13.830,681.43,32.844,29.820,0.059882,0.010995,-0.013069,20.709,22.200,steady_run_3
19.705000,3,80,4761.76,23.7962,1.01203,504.65,49.283,13.715,675.92,32.848,29.823,-0.052542,0.000413,-0.031088,20.687,22.200,steady_run_3
19.710000,3,80,4770.79,23.8789,1.03100,515.09,49.266,13.863,682.96,32.852,29.826,0.067780,0.014440,-0.007779,20.703,22.200,steady_run_3
19.715000,3,80,4767.77,23.8900,1.01633,507.43,49.270,13.885,684.12,32.856,29.829,-0.026108,-0.056481,0.028012,20.872,22.200,steady_run_3
19.720000,3,80,4771.38,23.9438,1.02197,510.64,49.277,13.802,680.12,32.860,29.831,0.065871,0.018764,-0.000152,20.787,22.200,steady_run_3
19.725000,3,80,4771.07,24.0407,1.03767,518.45,49.293,13.832,681.81,32.864,29.834,-0.013608,-0.044022,0.019115,20.818,22.199,steady_run_3
19.730000,3,80,4764.54,23.9366,1.02055,509.19,49.277,13.819,680.98,32.868,29.837,-0.058681,-0.005373,-0.021132,20.861,22.199,steady_run_3
19.735000,3,80,4770.13,23.7633,1.02283,510.93,49.279,13.882,684.10,32.872,29.839,0.004308,0.034897,0.012782,20.815,22.199,steady_run_3
19.740000,3,80,4764.43,23.8541,1.00632,502.08,49.266,13.871,683.38,32.876,29.842,-0.013035,-0.049593,0.021317,20.676,22.199,steady_run_3
19.745000,3,80,4771.70,23.9155,1.01124,505.31,49.272,13.850,682.39,32.880,29.845,0.038273,-0.002823,-0.031293,20.738,22.199,steady_run_3
19.750000,3,80,4772.48,24.0116,1.02295,511.25,49.293,13.901,685.20,32.884,29.847,-0.011621,0.022125,0.001240,20.658,22.199,steady_run_3
19.755000,3,80,4769.99,23.8593,1.01738,508.19,49.260,13.981,688.71,32.888,29.850,-0.017477,-0.052854,0.027012,20.737,22.199,steady_run_3
19.760000,3,80,4770.01,23.9605,1.01664,507.83,49.283,13.825,681.32,32.892,29.853,-0.024454,0.014358,-0.005582,20.790,22.199,steady_run_3
19.765000,3,80,4770.42,24.0042,1.03088,514.98,49.285,13.814,680.80,32.896,29.855,-0.012529,-0.029244,0.007193,20.773,22.199,steady_run_3
19.770000,3,80,4776.58,23.9103,1.02398,512.20,49.263,13.971,688.26,32.900,29.858,-0.042102,0.004997,-0.023902,20.754,22.199,steady_run_3
19.775000,3,80,4766.03,23.7412,1.02546,511.80,49.265,13.786,679.17,32.904,29.861,-0.060029,0.001520,-0.032572,20.595,22.199,steady_run_3
19.780000,3,80,4759.81,23.8258,1.01441,505.63,49.260,13.832,681.38,32.908,29.864,0.072547,0.038537,0.012826,20.595,22.199,steady_run_3
19.785000,3,80,4777.08,23.9803,1.02171,511.12,49.301,13.858,683.20,32.912,29.866,0.056794,0.002168,-0.018703,20.819,22.199,steady_run_3
19.790000,3,80,4775.94,23.8823,1.01590,508.09,49.252,13.759,677.64,32.916,29.869,0.047598,0.002909,-0.026527,20.601,22.199,steady_run_3
19.795000,3,80,4769.93,23.8718,1.03102,515.00,49.255,13.823,680.85,32.920,29.871,-0.047212,-0.027737,0.002480,20.768,22.199,steady_run_3
19.800000,3,80,4762.74,23.8030,1.01314,505.31,49.263,13.899,684.74,32.924,29.874,-0.047488,-0.016078,-0.007511,20.780,22.199,steady_run_3
19.805000,3,80,4769.66,23.9236,1.02646,512.70,49.250,13.993,689.15,32.928,29.877,-0.000737,-0.006704,-0.019788,20.782,22.199,steady_run_3
19.810000,3,80,4779.45,23.9725,1.02275,511.89,49.229,14.024,690.40,32.932,29.880,0.029090,0.051969,0.026666,20.745,22.199,steady_run_3
19.815000,3,80,4760.84,23.7809,1.03189,514.45,49.249,13.917,685.40,32.936,29.882,0.041803,-0.000368,-0.027330,20.675,22.199,steady_run_3
19.820000,3,80,4770.61,23.9111,1.03952,519.32,49.282,13.730,676.66,32.940,29.885,-0.038528,0.005840,-0.019478,20.665,22.199,steady_run_3
19.825000,3,80,4766.96,23.8524,1.01634,507.35,49.258,13.850,682.22,32.944,29.888,0.060586,0.057805,0.030518,20.827,22.199,steady_run_3
19.830000,3,80,4773.50,23.9394,1.03291,516.33,49.266,13.873,683.48,32.948,29.890,-0.030694,-0.048651,0.018819,20.833,22.199,steady_run_3
19.835000,3,80,4773.70,23.8674,1.02139,510.59,49.269,13.870,683.36,32.952,29.893,0.070038,0.058857,0.030645,20.755,22.199,steady_run_3
19.840000,3,80,4769.32,23.8234,1.02420,511.53,49.246,13.860,682.54,32.956,29.896,0.048788,0.061579,0.031777,20.718,22.199,steady_run_3
19.845000,3,80,4762.27,23.7839,1.03093,514.13,49.269,13.859,682.82,32.960,29.898,0.069704,0.049948,0.025568,20.693,22.199,steady_run_3
19.850000,3,80,4766.73,23.8464,1.02245,510.38,49.288,13.793,679.84,32.964,29.901,0.019470,0.044636,0.021429,20.749,22.199,steady_run_3
19.855000,3,80,4773.19,23.8867,1.00553,502.61,49.245,13.946,686.77,32.968,29.904,-0.017456,-0.057979,0.030522,20.791,22.199,steady_run_3
19.860000,3,80,4768.09,23.9980,1.01888,508.74,49.257,13.890,684.18,32.972,29.906,0.055534,0.007074,-0.019079,20.720,22.199,steady_run_3
19.865000,3,80,4769.77,23.8461,1.02074,509.85,49.236,13.878,683.31,32.976,29.909,0.070687,0.020584,0.000659,20.696,22.199,steady_run_3
19.870000,3,80,4760.82,23.7452,1.02470,510.87,49.240,13.909,684.89,32.980,29.912,-0.030294,-0.052873,0.025146,20.744,22.199,steady_run_3
19.875000,3,80,4770.50,23.9007,1.01150,505.31,49.271,13.971,688.34,32.984,29.914,0.058207,0.009093,-0.014057,20.713,22.199,steady_run_3
19.880000,3,80,4767.37,23.9302,1.03008,514.25,49.267,13.830,681.36,32.988,29.917,-0.023283,-0.060593,0.030459,20.737,22.199,steady_run_3
19.885000,3,80,4767.60,23.8118,1.02481,511.65,49.252,13.864,682.83,32.992,29.920,0.053640,0.062962,0.032384,20.707,22.199,steady_run_3
19.890000,3,80,4776.70,23.8873,1.02815,514.30,49.248,13.984,688.69,32.996,29.922,-0.013958,-0.034677,0.015795,20.740,22.199,steady_run_3
19.895000,3,80,4769.22,23.9384,1.02107,509.96,49.249,13.908,684.96,33.000,29.925,0.001853,-0.002027,-0.019059,20.761,22.199,steady_run_3
19.900000,3,80,4764.67,24.0245,1.02816,513.00,49.269,13.905,685.10,33.004,29.928,0.040317,-0.000107,-0.031349,20.717,22.199,steady_run_3
19.905000,3,80,4772.68,23.8509,1.03012,514.85,49.277,13.987,689.23,33.008,29.930,0.018941,-0.002114,-0.032679,20.784,22.199,steady_run_3
19.910000,3,80,4763.69,23.7593,1.02472,511.18,49.293,13.865,683.43,33.012,29.933,-0.057456,0.001124,-0.024852,20.795,22.199,steady_run_3
19.915000,3,80,4762.08,23.7297,1.01377,505.55,49.264,13.791,679.41,33.016,29.935,-0.032369,-0.053716,0.025485,20.839,22.199,steady_run_3
19.920000,3,80,4772.94,23.9600,1.02966,514.64,49.272,13.892,684.49,33.020,29.938,-0.028028,-0.055332,0.028280,20.722,22.199,steady_run_3
19.925000,3,80,4769.94,23.8835,1.02808,513.53,49.281,13.839,681.98,33.024,29.941,0.031444,0.053485,0.024602,20.645,22.199,steady_run_3
19.930000,3,80,4774.16,23.9550,1.04811,524.00,49.228,14.049,691.59,33.028,29.943,-0.057964,0.002974,-0.031858,20.843,22.199,steady_run_3
19.935000,3,80,4767.94,23.8516,1.03416,516.35,49.254,13.915,685.38,33.032,29.946,0.074312,0.040485,0.017088,20.737,22.199,steady_run_3
19.940000,3,80,4772.56,23.9587,1.02583,512.69,49.225,13.939,686.16,33.036,29.949,0.060661,0.058485,0.031507,20.767,22.199,steady_run_3
19.945000,3,80,4772.33,23.9175,1.01880,509.15,49.261,13.929,686.14,33.040,29.951,-0.004538,-0.004798,-0.015675,20.728,22.199,steady_run_3
19.950000,3,80,4772.73,23.8524,1.01574,507.67,49.252,13.765,677.98,33.043,29.954,-0.019896,0.015156,-0.004038,20.802,22.199,steady_run_3
19.955000,3,80,4773.16,23.9326,1.02738,513.53,49.264,13.929,686.21,33.047,29.957,-0.010898,-0.037290,0.013422,20.768,22.199,steady_run_3
19.960000,3,80,4767.12,23.8857,1.02628,512.33,49.269,13.898,684.75,33.051,29.959,-0.047519,0.002759,-0.024113,20.609,22.199,steady_run_3
19.965000,3,80,4777.45,24.1074,1.01909,509.84,49.272,13.910,685.39,33.055,29.962,-0.045336,-0.019611,-0.002405,20.868,22.199,steady_run_3
19.970000,3,80,4764.99,23.7896,1.01774,507.84,49.245,13.877,683.36,33.059,29.964,-0.008283,0.022990,0.005483,20.788,22.199,steady_run_3
19.975000,3,80,4772.37,23.8869,1.03045,514.98,49.263,13.934,686.41,33.063,29.967,-0.057766,0.003027,-0.033262,20.771,22.199,steady_run_3
19.980000,3,80,4771.87,24.0004,1.02088,510.15,49.287,13.892,684.69,33.067,29.970,0.040530,0.060627,0.032529,20.831,22.199,steady_run_3
19.985000,3,80,4767.74,23.8007,1.01331,505.92,49.289,13.861,683.21,33.071,29.972,0.048722,0.063313,0.032684,20.791,22.199,steady_run_3
19.990000,3,80,4767.35,23.7626,1.01502,506.74,49.261,13.990,689.15,33.075,29.975,0.019446,-0.000079,-0.033885,20.833,22.199,steady_run_3
19.995000,3,80,4759.59,23.7093,1.02208,509.43,49.258,13.888,684.08,33.079,29.977,0.070967,0.046857,0.017961,20.706,22.199,steady_run_3
20.000000,3,80,4779.35,23.9777,1.03095,515.98,49.264,13.921,685.82,33.083,29.980,0.073859,0.055610,0.028701,20.723,22.199,steady_run_3
20.005000,3,80,4777.96,24.0734,1.03140,516.06,49.259,13.897,684.56,33.087,29.983,0.050347,0.060923,0.034298,20.794,22.199,steady_run_3
20.010000,3,80,4769.80,23.9026,1.02424,511.60,49.248,13.912,685.16,33.091,29.985,-0.050844,-0.005986,-0.017379,20.788,22.199,steady_run_3
20.015000,3,80,4767.08,23.9298,1.01680,507.60,49.271,13.864,683.12,33.095,29.988,0.059947,0.012704,-0.013583,20.772,22.199,steady_run_3
20.020000,3,80,4766.96,23.9641,1.02358,510.97,49.246,13.817,680.43,33.098,29.990,-0.023718,-0.062926,0.033745,20.673,22.199,steady_run_3
20.025000,3,80,4774.42,23.9027,1.03128,515.62,49.264,13.806,680.12,33.102,29.993,-0.013147,-0.028165,0.008784,20.892,22.199,steady_run_3
20.030000,3,80,4780.10,23.8343,1.02023,510.70,49.266,13.850,682.35,33.106,29.995,-0.055928,-0.002597,-0.021618,20.702,22.199,steady_run_3
20.035000,3,80,4772.10,23.8522,1.02359,511.52,49.281,13.815,680.80,33.110,29.998,-0.015074,-0.039052,0.018731,20.680,22.199,steady_run_3
20.040000,3,80,4765.01,23.9161,1.01641,507.18,49.272,13.765,678.23,33.114,30.001,-0.014873,-0.055947,0.026587,20.708,22.199,steady_run_3
20.045000,3,80,4776.14,23.8943,1.01907,509.70,49.250,14.010,690.00,33.118,30.003,-0.028373,-0.052851,0.024370,20.805,22.199,steady_run_3
20.050000,3,80,4762.65,23.8854,1.02698,512.20,49.273,13.837,681.78,33.121,30.006,-0.016337,-0.055600,0.028334,20.687,22.199,steady_run_3
20.055000,3,80,4766.74,23.7371,1.01432,506.32,49.268,13.902,684.92,33.125,30.008,0.036986,-0.002584,-0.032882,20.700,22.199,steady_run_3
20.060000,3,80,4774.08,23.8843,1.01973,509.80,49.261,13.900,684.71,33.129,30.011,0.070910,0.049564,0.021980,20.880,22.199,steady_run_3
20.065000,3,80,4768.33,23.8064,1.01571,507.18,49.288,13.827,681.52,33.133,30.013,-0.030638,-0.053961,0.027854,20.804,22.199,steady_run_3
20.070000,3,80,4773.21,23.8455,1.03041,515.05,49.248,13.906,684.84,33.137,30.016,-0.031282,-0.047600,0.019006,20.872,22.199,steady_run_3
20.075000,3,80,4770.90,23.9474,1.02580,512.49,49.262,13.871,683.29,33.141,30.019,0.048134,0.000909,-0.025357,20.770,22.199,steady_run_3
20.080000,3,80,4768.73,23.9055,1.03289,515.80,49.250,13.930,686.04,33.145,30.021,-0.017138,0.018659,-0.001630,20.713,22.199,steady_run_3
20.085000,3,80,4762.73,23.9380,1.01891,508.18,49.266,13.822,680.94,33.149,30.024,0.019813,-0.000612,-0.032828,20.653,22.199,steady_run_3
20.090000,3,80,4768.79,23.7862,1.02791,513.32,49.266,13.907,685.12,33.152,30.026,-0.056938,-0.005248,-0.022675,20.699,22.199,steady_run_3
20.095000,3,80,4763.18,23.7401,1.03011,513.82,49.270,13.822,680.99,33.156,30.029,0.040754,-0.001479,-0.026896,20.677,22.199,steady_run_3
20.100000,3,80,4762.97,23.7748,1.01204,504.78,49.283,13.758,678.03,33.160,30.031,-0.026878,-0.062341,0.027537,20.747,22.199,steady_run_3
20.105000,3,80,4757.65,23.7858,1.01490,505.64,49.276,13.817,680.83,33.164,30.034,0.064168,0.015787,-0.011042,20.575,22.199,steady_run_3
20.110000,3,80,4766.84,23.9283,1.02589,512.10,49.250,13.737,676.53,33.167,30.036,-0.045877,-0.025193,0.000339,20.792,22.199,steady_run_3
20.115000,3,80,4777.49,23.9351,1.01595,508.28,49.290,13.927,686.47,33.171,30.039,-0.037530,-0.043236,0.017936,20.770,22.199,steady_run_3
20.120000,3,80,4778.86,24.1207,1.02872,514.81,49.261,13.883,683.89,33.175,30.041,-0.017903,-0.049074,0.023172,20.962,22.199,steady_run_3
20.125000,3,80,4773.74,23.9668,1.04244,521.12,49.241,13.931,685.98,33.179,30.044,0.066920,0.022790,-0.001809,20.700,22.199,steady_run_3
20.130000,3,80,4765.70,23.9270,1.02092,509.51,49.243,13.858,682.41,33.183,30.046,-0.040999,0.009440,-0.018925,20.653,22.199,steady_run_3
20.135000,3,80,4768.31,23.9243,1.03245,515.54,49.276,13.900,684.94,33.187,30.049,0.071666,0.031434,0.010933,20.727,22.199,steady_run_3
20.140000,3,80,4761.45,23.8091,1.00966,503.43,49.262,13.736,676.65,33.190,30.051,0.046244,-0.003424,-0.027628,20.644,22.199,steady_run_3
20.145000,3,80,4771.35,24.0375,1.02106,510.18,49.267,13.855,682.59,33.194,30.054,0.007036,0.040438,0.014938,20.813,22.199,steady_run_3
20.150000,3,80,4773.60,23.8957,1.01582,507.80,49.269,13.884,684.03,33.198,30.056,0.074628,0.049094,0.019097,20.814,22.199,steady_run_3
20.155000,3,80,4772.47,23.8547,1.02709,513.31,49.268,13.936,686.60,33.202,30.059,0.068731,0.042802,0.015137,20.757,22.199,steady_run_3
20.160000,3,80,4763.87,23.8681,1.01971,508.70,49.239,13.843,681.61,33.206,30.061,-0.040280,-0.035608,0.012666,20.805,22.199,steady_run_3
20.165000,3,80,4765.24,23.8617,1.01104,504.52,49.271,13.805,680.20,33.210,30.064,-0.018683,-0.057898,0.030691,20.725,22.199,steady_run_3
20.170000,3,80,4771.06,23.8996,1.03456,516.89,49.264,13.992,689.29,33.213,30.066,-0.046517,0.006846,-0.026010,20.692,22.199,steady_run_3
20.175000,3,80,4757.29,23.8638,1.01873,507.51,49.276,13.915,685.66,33.217,30.069,-0.036785,-0.045994,0.014176,20.699,22.199,steady_run_3
20.180000,3,80,4755.95,23.8508,1.01362,504.83,49.264,13.852,682.38,33.221,30.071,-0.024841,-0.062942,0.029525,20.717,22.199,steady_run_3
20.185000,3,80,4770.58,23.9152,1.02707,513.10,49.292,13.808,680.61,33.225,30.074,-0.035134,0.010909,-0.016095,20.840,22.199,steady_run_3
20.190000,3,80,4777.09,23.8788,1.02433,512.43,49.252,13.871,683.19,33.229,30.076,-0.017421,-0.042184,0.020453,20.831,22.199,steady_run_3
20.195000,3,80,4771.08,23.8821,1.02011,509.67,49.254,13.830,681.20,33.232,30.079,-0.047025,0.001957,-0.027884,20.813,22.199,steady_run_3
20.200000,3,80,4773.28,23.9774,1.02311,511.41,49.222,13.908,684.57,33.236,30.081,0.022233,0.051414,0.024168,20.784,22.199,steady_run_3
20.205000,3,80,4770.16,23.8082,1.01592,507.48,49.279,13.799,679.98,33.240,30.084,0.012699,-0.003417,-0.029982,20.750,22.199,steady_run_3
20.210000,3,80,4768.28,23.8458,1.01944,509.04,49.251,13.829,681.11,33.244,30.086,0.068807,0.054912,0.026749,20.625,22.199,steady_run_3
20.215000,3,80,4763.51,23.8763,1.00584,501.74,49.243,13.971,687.98,33.248,30.089,-0.030945,0.009059,-0.011421,20.676,22.199,steady_run_3
20.220000,3,80,4766.16,23.8846,1.03178,514.97,49.254,13.758,677.61,33.251,30.091,0.067585,0.019903,-0.002425,20.733,22.199,steady_run_3
20.225000,3,80,4769.90,23.8559,1.02820,513.59,49.250,13.891,684.16,33.255,30.094,-0.050499,0.002454,-0.028601,20.782,22.199,steady_run_3
20.230000,3,80,4773.99,24.0205,1.02169,510.77,49.228,13.870,682.78,33.259,30.096,-0.033008,-0.051838,0.022886,20.763,22.199,steady_run_3
20.235000,3,80,4768.59,23.8938,1.01392,506.32,49.284,13.830,681.58,33.263,30.099,0.063076,0.016282,-0.007613,20.783,22.199,steady_run_3
20.240000,3,80,4785.25,24.0968,1.02642,514.35,49.252,14.027,690.84,33.266,30.101,0.060528,0.011796,-0.012445,20.819,22.199,steady_run_3
20.245000,3,80,4774.43,23.8953,1.02116,510.56,49.272,13.889,684.35,33.270,30.104,0.003560,0.033469,0.012804,20.858,22.199,steady_run_3
20.250000,3,80,4764.99,23.8710,1.01045,504.20,49.278,13.880,683.97,33.274,30.106,0.071024,0.020906,0.001790,20.669,22.199,steady_run_3
20.255000,3,80,4766.84,23.8565,1.02420,511.26,49.237,13.892,684.00,33.278,30.109,0.064926,0.014885,-0.007126,20.681,22.199,steady_run_3
20.260000,3,80,4769.57,23.8475,1.02358,511.24,49.255,13.828,681.11,33.282,30.111,-0.021058,-0.054396,0.030408,20.748,22.199,steady_run_3
20.265000,3,80,4769.79,23.8555,1.02499,511.97,49.236,13.876,683.22,33.285,30.113,0.020893,0.043126,0.023101,20.776,22.199,steady_run_3
20.270000,3,80,4761.68,23.6751,1.01589,506.56,49.263,13.764,678.07,33.289,30.116,-0.038666,-0.037233,0.012058,20.778,22.199,steady_run_3
20.275000,3,80,4778.46,23.9520,1.02038,510.60,49.262,13.939,686.68,33.293,30.118,-0.051930,-0.008317,-0.011951,20.843,22.199,steady_run_3
20.280000,3,80,4772.70,23.8791,1.02754,513.56,49.228,13.868,682.71,33.297,30.121,0.070858,0.035829,0.007542,20.798,22.199,steady_run_3
20.285000,3,80,4771.70,23.9516,1.01424,506.81,49.250,13.912,685.16,33.300,30.123,0.055661,0.008817,-0.015227,20.670,22.199,steady_run_3
20.290000,3,80,4772.35,23.9873,1.03043,514.97,49.261,13.848,682.16,33.304,30.126,-0.053446,0.001328,-0.032007,20.837,22.199,steady_run_3
20.295000,3,80,4772.47,23.8618,1.02153,510.53,49.258,13.897,684.53,33.308,30.128,0.038313,-0.003891,-0.031706,20.740,22.199,steady_run_3
20.300000,3,80,4769.68,23.8796,1.02665,512.79,49.272,13.828,681.34,33.311,30.131,-0.057202,-0.005756,-0.019400,20.812,22.199,steady_run_3
20.305000,3,80,4769.81,23.9311,1.03442,516.68,49.284,13.827,681.47,33.315,30.133,0.071367,0.026117,0.001824,20.721,22.199,steady_run_3
20.310000,3,80,4777.73,23.9405,1.02067,510.66,49.239,13.994,689.05,33.319,30.136,0.051733,0.001569,-0.024032,20.915,22.199,steady_run_3
20.315000,3,80,4769.49,23.8605,1.01813,508.52,49.259,13.853,682.37,33.323,30.138,-0.047650,0.004468,-0.024563,20.840,22.199,steady_run_3
20.320000,3,80,4771.11,23.9145,1.02400,511.62,49.266,13.960,687.75,33.327,30.140,-0.060209,0.000460,-0.030639,20.809,22.199,steady_run_3
20.325000,3,80,4762.82,23.8297,1.03404,515.74,49.263,13.837,681.66,33.330,30.143,-0.003896,-0.008229,-0.013846,20.700,22.199,steady_run_3
20.330000,3,80,4781.48,24.0365,1.02634,513.91,49.233,14.008,689.63,33.334,30.145,0.071494,0.054291,0.024045,20.721,22.199,steady_run_3
20.335000,3,80,4772.89,23.9282,1.02774,513.68,49.276,13.826,681.31,33.338,30.148,-0.028653,-0.057423,0.026242,20.683,22.199,steady_run_3
20.340000,3,80,4772.09,23.7995,1.01577,507.61,49.252,13.937,686.42,33.342,30.150,-0.052330,-0.005771,-0.016931,20.745,22.199,steady_run_3
20.345000,3,80,4766.08,23.8465,1.02476,511.46,49.255,13.788,679.11,33.345,30.153,0.068990,0.059705,0.030434,20.870,22.199,steady_run_3
20.350000,3,80,4764.74,23.8188,1.02198,509.93,49.264,13.809,680.30,33.349,30.155,0.045858,0.060759,0.033184,20.805,22.198,steady_run_3
20.355000,3,80,4763.39,23.9193,1.02213,509.86,49.250,13.912,685.15,33.353,30.157,0.013266,0.039358,0.018525,20.620,22.198,steady_run_3
20.360000,3,80,4769.84,23.9588,1.02142,510.20,49.247,13.981,688.53,33.356,30.160,-0.023904,-0.063416,0.033818,20.741,22.198,steady_run_3
20.365000,3,80,4763.43,23.7828,1.03233,514.95,49.273,13.724,676.23,33.360,30.162,-0.056570,0.002646,-0.032388,20.708,22.198,steady_run_3
20.370000,3,80,4770.80,23.8068,1.02828,513.72,49.277,13.974,688.59,33.364,30.165,-0.045449,-0.027301,-0.000064,20.843,22.198,steady_run_3
20.375000,3,80,4772.62,23.8998,1.02746,513.51,49.278,13.816,680.81,33.367,30.167,-0.047414,-0.016815,-0.005905,20.837,22.198,steady_run_3
20.380000,3,80,4773.38,23.9976,1.03427,517.00,49.264,13.935,686.51,33.371,30.170,0.011369,0.000960,-0.030213,20.828,22.198,steady_run_3
20.385000,3,80,4776.63,23.9604,1.02667,513.55,49.278,13.804,680.22,33.375,30.172,-0.052009,0.002185,-0.029778,20.763,22.198,steady_run_3
20.390000,3,80,4760.17,23.9129,1.02718,512.03,49.284,13.731,676.74,33.378,30.174,-0.041595,-0.030953,0.010402,20.817,22.198,steady_run_3
20.395000,3,80,4773.90,23.9722,1.03055,515.19,49.268,13.846,682.16,33.382,30.177,-0.053793,-0.010607,-0.013934,20.843,22.198,steady_run_3
20.400000,3,80,4771.24,23.8011,1.02610,512.69,49.252,13.984,688.72,33.386,30.179,0.058245,0.011331,-0.014653,20.780,22.198,steady_run_3
20.405000,3,80,4771.55,23.8313,1.02145,510.39,49.270,13.918,685.73,33.390,30.182,-0.052035,-0.012271,-0.013852,20.912,22.198,steady_run_3
20.410000,3,80,4774.29,23.8664,1.03177,515.84,49.237,13.854,682.13,33.393,30.184,0.048309,0.063155,0.032725,20.763,22.198,steady_run_3
20.415000,3,80,4776.20,23.9516,1.04132,520.83,49.267,13.954,687.49,33.397,30.186,0.067150,0.061545,0.030286,20.748,22.198,steady_run_3
20.420000,3,80,4766.38,23.6681,1.03700,517.60,49.228,13.888,683.68,33.401,30.189,0.071545,0.037409,0.011433,20.856,22.198,steady_run_3
20.425000,3,80,4770.64,23.8404,1.02209,510.62,49.282,13.847,682.40,33.404,30.191,0.026503,0.050718,0.023515,20.845,22.198,steady_run_3
20.430000,3,80,4767.11,23.8025,1.02214,510.26,49.246,13.801,679.66,33.408,30.194,0.066380,0.016375,-0.005054,20.753,22.198,steady_run_3
20.435000,3,80,4769.64,23.8428,1.02250,510.71,49.296,13.856,683.04,33.412,30.196,-0.010738,-0.028699,0.009757,20.781,22.198,steady_run_3
20.440000,3,80,4771.80,23.9069,1.03730,518.34,49.284,13.907,685.38,33.415,30.198,-0.025728,-0.058095,0.033778,20.727,22.198,steady_run_3
20.445000,3,80,4768.45,23.9790,1.01824,508.46,49.256,13.890,684.16,33.419,30.201,-0.055285,0.002595,-0.030622,20.762,22.198,steady_run_3
20.450000,3,80,4766.44,23.8473,1.01965,508.95,49.276,13.714,675.77,33.423,30.203,-0.022108,-0.063506,0.035079,20.812,22.198,steady_run_3
20.455000,3,80,4764.35,23.8129,1.03143,514.60,49.255,13.928,686.02,33.426,30.205,0.048475,0.002742,-0.023033,20.790,22.198,steady_run_3
20.460000,3,80,4773.13,23.9646,1.02892,514.30,49.226,13.924,685.42,33.430,30.208,-0.033511,-0.044057,0.019078,20.769,22.198,steady_run_3
20.465000,3,80,4773.79,23.8427,1.02740,513.61,49.295,13.791,679.82,33.434,30.210,0.047100,-0.000613,-0.024374,20.797,22.198,steady_run_3
20.470000,3,80,4770.45,23.8634,1.03198,515.54,49.266,13.887,684.16,33.437,30.212,-0.017411,-0.052143,0.026324,20.637,22.198,steady_run_3
20.475000,3,80,4781.40,23.9924,1.02533,513.39,49.254,13.890,684.13,33.441,30.215,-0.036036,-0.043851,0.017753,20.812,22.198,steady_run_3
20.480000,3,80,4761.26,23.7678,1.02225,509.69,49.280,13.816,680.84,33.445,30.217,0.073812,0.027765,0.005849,20.775,22.198,steady_run_3
20.485000,3,80,4764.35,23.8944,1.01333,505.57,49.262,13.984,688.89,33.448,30.220,-0.035963,-0.049767,0.022434,20.782,22.198,steady_run_3
20.490000,3,80,4775.01,23.9744,1.03129,515.68,49.254,13.894,684.35,33.452,30.222,-0.040416,-0.033220,0.009407,20.638,22.198,steady_run_3
20.495000,3,80,4768.86,23.8727,1.02924,514.00,49.271,13.811,680.49,33.456,30.224,-0.002473,0.031855,0.009627,20.652,22.198,steady_run_3
20.500000,3,80,4771.57,23.8545,1.02327,511.30,49.239,13.897,684.28,33.459,30.227,0.040665,-0.003388,-0.029437,20.789,22.198,steady_run_3
20.505000,3,80,4766.94,23.8439,1.03817,518.25,49.280,13.777,678.95,33.463,30.229,0.067763,0.060392,0.031245,20.713,22.198,steady_run_3
20.510000,3,80,4772.10,23.8046,1.04267,521.06,49.256,13.880,683.67,33.466,30.231,0.049215,0.001648,-0.026321,20.893,22.198,steady_run_3
20.515000,3,80,4769.55,23.9611,1.03211,515.50,49.269,13.767,678.31,33.470,30.234,-0.058358,0.000782,-0.032185,20.693,22.198,steady_run_3
20.520000,3,80,4773.65,23.8701,1.03900,519.39,49.232,13.981,688.31,33.474,30.236,-0.027110,-0.063228,0.035382,20.681,22.198,steady_run_3
20.525000,3,80,4767.89,23.9302,1.03296,515.75,49.259,13.804,679.97,33.477,30.238,0.030821,0.056875,0.028591,20.781,22.198,steady_run_3
20.530000,3,80,4766.67,23.7807,1.02891,513.59,49.266,13.819,680.83,33.481,30.241,0.023598,0.046812,0.023637,20.632,22.198,steady_run_3
20.535000,3,80,4753.41,23.8567,1.00676,501.14,49.265,13.795,679.60,33.484,30.243,-0.050084,0.001503,-0.027882,20.647,22.198,steady_run_3
20.540000,3,80,4764.24,23.8309,1.02556,511.66,49.259,13.906,684.97,33.488,30.245,0.002689,0.031877,0.007323,20.725,22.198,steady_run_3
20.545000,3,80,4766.21,23.7844,1.01649,507.35,49.275,13.830,681.49,33.492,30.248,0.041916,0.055236,0.030229,20.820,22.198,steady_run_3
20.550000,3,80,4771.00,24.0273,1.02425,511.73,49.246,13.866,682.86,33.495,30.250,0.054064,0.063144,0.033667,20.778,22.198,steady_run_3
20.555000,3,80,4770.82,23.9119,1.01803,508.61,49.276,14.000,689.85,33.499,30.252,0.000335,-0.008200,-0.013466,20.771,22.198,steady_run_3
20.560000,3,80,4776.66,24.0309,1.03543,517.93,49.257,13.880,683.68,33.503,30.255,-0.059178,0.003964,-0.031865,20.780,22.198,steady_run_3
20.565000,3,80,4770.97,23.8056,1.03571,517.46,49.234,13.963,687.46,33.506,30.257,0.053484,0.005124,-0.020986,20.767,22.198,steady_run_3
20.570000,3,80,4768.54,23.8695,1.02334,511.02,49.267,13.847,682.21,33.510,30.259,-0.060247,0.001591,-0.034671,20.781,22.198,steady_run_3
20.575000,3,80,4767.25,23.8564,1.02487,511.64,49.285,13.828,681.51,33.514,30.262,-0.058388,0.002686,-0.030851,20.669,22.198,steady_run_3
20.580000,3,80,4766.10,23.9056,1.02778,512.97,49.269,13.769,678.36,33.517,30.264,-0.056931,-0.001445,-0.028900,20.819,22.198,steady_run_3
20.585000,3,80,4766.30,23.9328,1.02507,511.64,49.253,13.741,676.80,33.521,30.266,0.058545,0.003999,-0.018045,20.727,22.198,steady_run_3
20.590000,3,80,4765.13,23.8926,1.02244,510.20,49.279,13.831,681.59,33.524,30.269,0.057996,0.008895,-0.015410,20.754,22.198,steady_run_3
20.595000,3,80,4764.91,23.8249,1.01283,505.38,49.255,13.739,676.72,33.528,30.271,-0.021959,-0.063460,0.032440,20.699,22.198,steady_run_3
20.600000,3,80,4774.84,23.8086,1.02255,511.30,49.267,14.025,690.96,33.531,30.273,0.008579,-0.005090,-0.030408,20.774,22.198,steady_run_3
20.605000,3,80,4764.30,23.9310,1.02685,512.31,49.274,13.783,679.15,33.535,30.275,0.073929,0.045855,0.016828,20.877,22.198,steady_run_3
20.610000,3,80,4770.33,23.9082,1.02687,512.97,49.255,13.833,681.35,33.538,30.278,-0.025335,-0.053847,0.026237,20.769,22.198,steady_run_3
20.615000,3,80,4772.83,23.8873,1.02958,514.59,49.255,13.969,688.03,33.542,30.280,-0.048724,0.000939,-0.025920,20.733,22.198,steady_run_3
20.620000,3,80,4775.23,24.0369,1.03465,517.39,49.270,13.913,685.47,33.546,30.282,0.061783,0.062731,0.032240,20.900,22.198,steady_run_3
20.625000,3,80,4765.95,23.8441,1.01815,508.15,49.283,13.777,678.98,33.549,30.285,0.033690,-0.003543,-0.032161,20.628,22.198,steady_run_3
20.630000,3,80,4773.58,23.9234,1.04545,522.61,49.256,13.963,687.74,33.553,30.287,0.027209,-0.001655,-0.035515,20.725,22.198,steady_run_3
20.635000,3,80,4766.53,23.8725,1.02440,511.33,49.285,13.786,679.42,33.556,30.289,0.037605,-0.002476,-0.029663,20.806,22.198,steady_run_3
20.640000,3,80,4771.60,23.8864,1.03280,516.07,49.265,13.811,680.38,33.560,30.292,-0.009175,-0.021901,-0.004215,20.750,22.198,steady_run_3
20.645000,3,80,4770.87,24.0107,1.01998,509.59,49.265,13.858,682.70,33.563,30.294,-0.022725,-0.060928,0.031731,20.747,22.198,steady_run_3
20.650000,3,80,4774.39,23.9155,1.02804,513.99,49.250,13.936,686.37,33.567,30.296,0.069218,0.024359,0.003986,20.797,22.198,steady_run_3
20.655000,3,80,4767.08,23.8441,1.03475,516.56,49.268,13.852,682.45,33.571,30.298,0.056554,0.063226,0.034105,20.729,22.198,steady_run_3
20.660000,3,80,4769.89,23.9050,1.03378,516.38,49.263,13.965,687.94,33.574,30.301,-0.007205,-0.018582,-0.004061,20.828,22.198,steady_run_3
20.665000,3,80,4774.15,23.8788,1.01954,509.72,49.281,13.849,682.50,33.578,30.303,0.033008,-0.000541,-0.030488,20.793,22.198,steady_run_3
20.670000,3,80,4770.87,23.9280,1.02625,512.72,49.268,13.789,679.38,33.581,30.305,-0.022418,-0.060835,0.030629,20.564,22.198,steady_run_3
20.675000,3,80,4768.31,23.9575,1.01777,508.21,49.268,13.710,675.44,33.585,30.307,0.059927,0.064256,0.034540,20.720,22.198,steady_run_3
20.680000,3,80,4768.06,23.9584,1.03127,514.92,49.254,14.015,690.30,33.588,30.310,-0.000770,-0.006656,-0.018868,20.687,22.198,steady_run_3
20.685000,3,80,4767.88,23.8297,1.01350,506.03,49.279,13.874,683.69,33.592,30.312,-0.054127,-0.006603,-0.014102,20.657,22.198,steady_run_3
20.690000,3,80,4770.98,24.0201,1.02284,511.03,49.268,13.875,683.57,33.596,30.314,0.068201,0.022346,0.000215,20.745,22.198,steady_run_3
20.695000,3,80,4766.71,23.8538,1.02519,511.74,49.247,13.811,680.16,33.599,30.317,0.069213,0.056975,0.026175,20.808,22.198,steady_run_3
20.700000,3,80,4767.43,23.6997,1.02164,510.05,49.260,13.786,679.08,33.603,30.319,-0.059692,0.001469,-0.027380,20.754,22.198,steady_run_3
20.705000,3,80,4752.66,23.6626,1.01885,507.08,49.264,13.796,679.65,33.606,30.321,0.056702,0.062918,0.032622,20.624,22.198,steady_run_3
20.710000,3,80,4766.31,23.7833,1.01921,508.72,49.259,13.734,676.52,33.609,30.323,0.072855,0.030997,0.007539,20.881,22.198,steady_run_3
20.715000,3,80,4776.26,23.9672,1.03274,516.55,49.291,13.830,681.70,33.613,30.325,0.020897,0.047845,0.024389,20.750,22.198,steady_run_3
20.720000,3,80,4768.97,23.8792,1.01586,507.33,49.279,13.908,685.38,33.617,30.328,-0.039081,0.004343,-0.019743,20.731,22.198,steady_run_3
20.725000,3,80,4767.00,24.0020,1.02270,510.53,49.277,13.775,678.78,33.620,30.330,-0.027114,-0.058376,0.031429,20.723,22.198,steady_run_3
20.730000,3,80,4777.41,23.9158,1.01827,509.43,49.273,13.922,685.96,33.624,30.332,-0.026533,-0.062663,0.033488,20.871,22.198,steady_run_3
20.735000,3,80,4777.86,23.9681,1.02238,511.53,49.223,13.959,687.09,33.627,30.335,0.072568,0.043829,0.019596,20.761,22.198,steady_run_3
20.740000,3,80,4771.04,23.8382,1.03149,515.35,49.236,13.902,684.45,33.631,30.337,0.069164,0.023430,-0.001306,20.751,22.198,steady_run_3
20.745000,3,80,4774.27,23.8294,1.02126,510.59,49.283,13.947,687.36,33.634,30.339,-0.052065,-0.017536,-0.003941,20.690,22.198,steady_run_3
20.750000,3,80,4781.89,24.1157,1.04205,521.82,49.240,13.945,686.64,33.638,30.341,-0.053496,-0.007687,-0.016004,20.785,22.198,steady_run_3
20.755000,3,80,4767.98,23.8063,1.02645,512.51,49.278,13.809,680.50,33.641,30.344,0.021262,-0.002735,-0.034079,20.730,22.198,steady_run_3
20.760000,3,80,4758.67,23.6914,1.02593,511.25,49.284,13.824,681.31,33.645,30.346,-0.014003,-0.051620,0.024807,20.638,22.198,steady_run_3
20.765000,3,80,4776.18,23.8892,1.02889,514.61,49.275,13.927,686.23,33.648,30.348,-0.007378,0.027919,0.004738,20.779,22.198,steady_run_3
20.770000,3,80,4770.59,23.9528,1.01650,507.82,49.243,13.847,681.86,33.652,30.350,-0.001843,-0.010738,-0.009112,20.731,22.198,steady_run_3
20.775000,3,80,4766.36,23.8208,1.02114,509.68,49.288,13.808,680.59,33.655,30.353,0.011923,-0.003987,-0.028272,20.863,22.197,steady_run_3
20.780000,3,80,4760.53,23.8258,1.02076,508.87,49.264,13.956,687.56,33.659,30.355,-0.054741,-0.003412,-0.016886,20.713,22.197,steady_run_3
20.785000,3,80,4766.94,23.9173,1.01902,508.69,49.235,13.932,685.93,33.662,30.357,0.016193,-0.003549,-0.032238,20.703,22.197,steady_run_3
20.790000,3,80,4770.29,23.8347,1.02112,510.09,49.268,13.792,679.49,33.666,30.359,-0.030883,0.010396,-0.014110,20.803,22.197,steady_run_3
20.795000,3,80,4767.18,23.9039,1.02712,512.76,49.291,13.865,683.43,33.669,30.362,0.059010,0.011923,-0.014655,20.635,22.197,steady_run_3
20.800000,3,80,4775.97,24.1066,1.01476,507.52,49.261,13.893,684.39,33.673,30.364,-0.037229,-0.030267,0.007092,20.653,22.197,steady_run_3
20.805000,3,80,4767.30,23.8047,1.00921,503.83,49.294,13.788,679.66,33.676,30.366,0.054996,0.064542,0.035510,20.620,22.197,steady_run_3
20.810000,3,80,4768.00,23.7407,1.02483,511.70,49.243,13.849,681.99,33.680,30.368,-0.046035,-0.019766,-0.002198,20.859,22.197,steady_run_3
20.815000,3,80,4756.91,23.6902,1.03511,515.63,49.264,13.751,677.42,33.683,30.370,0.049945,0.003875,-0.027506,20.704,22.197,steady_run_3
20.820000,3,80,4759.68,23.8204,1.01834,507.57,49.289,13.709,675.69,33.687,30.373,-0.029354,-0.054954,0.028701,20.719,22.197,steady_run_3
20.825000,3,80,4760.55,23.7027,1.01539,506.20,49.262,13.779,678.77,33.690,30.375,0.028299,-0.006313,-0.031545,20.755,22.197,steady_run_3
20.830000,3,80,4772.51,23.9036,1.02839,513.96,49.254,14.011,690.10,33.694,30.377,-0.051196,0.006740,-0.029146,20.728,22.197,steady_run_3
20.835000,3,80,4767.52,23.8281,1.01750,507.99,49.242,13.962,687.50,33.697,30.379,-0.017308,-0.053075,0.027799,20.771,22.197,steady_run_3
20.840000,3,80,4773.76,23.8955,1.02881,514.31,49.274,13.880,683.93,33.701,30.381,0.062098,0.061568,0.032669,20.879,22.197,steady_run_3
20.845000,3,80,4772.19,23.9013,1.02100,510.23,49.270,13.839,681.83,33.704,30.384,-0.014409,0.020163,-0.000838,20.644,22.197,steady_run_3
20.850000,3,80,4773.47,23.9659,1.03261,516.18,49.241,13.941,686.46,33.708,30.386,-0.060143,0.001794,-0.029309,20.849,22.197,steady_run_3
20.855000,3,80,4776.69,23.9717,1.02759,514.01,49.234,13.984,688.47,33.711,30.388,0.036321,-0.004831,-0.030647,20.743,22.197,steady_run_3
20.860000,3,80,4769.20,23.8532,1.02351,511.17,49.272,14.001,689.88,33.715,30.391,0.065567,0.064931,0.031978,20.776,22.197,steady_run_3
20.865000,3,80,4768.94,23.9141,1.02450,511.64,49.233,13.920,685.31,33.718,30.393,-0.001284,-0.008533,-0.016004,20.637,22.197,steady_run_3
20.870000,3,80,4766.07,23.7845,1.01503,506.61,49.288,13.870,683.64,33.722,30.395,-0.061720,0.005732,-0.032010,20.624,22.197,steady_run_3
20.875000,3,80,4764.24,23.7684,1.01137,504.58,49.277,13.785,679.31,33.725,30.397,-0.020013,-0.062543,0.032114,20.680,22.197,steady_run_3
20.880000,3,80,4762.88,23.7220,1.01980,508.65,49.275,13.875,683.71,33.729,30.399,-0.012156,-0.043869,0.020745,20.827,22.197,steady_run_3
20.885000,3,80,4777.15,23.9631,1.02348,512.01,49.268,13.826,681.17,33.732,30.402,-0.053550,0.000851,-0.033480,20.669,22.197,steady_run_3
20.890000,3,80,4773.52,23.9573,1.02955,514.65,49.279,13.863,683.15,33.736,30.404,0.010811,0.034390,0.015951,20.665,22.197,steady_run_3
20.895000,3,80,4772.52,23.8799,1.02429,511.92,49.254,14.011,690.12,33.739,30.406,0.037376,0.058944,0.027883,20.825,22.197,steady_run_3
20.900000,3,80,4773.98,23.9910,1.03413,516.99,49.242,13.979,688.35,33.743,30.408,-0.014225,0.019478,-0.001217,20.804,22.197,steady_run_3
20.905000,3,80,4767.85,23.9115,1.01270,505.63,49.257,13.819,680.67,33.746,30.410,0.068214,0.019001,-0.005346,20.751,22.197,steady_run_3
20.910000,3,80,4772.90,23.9145,1.01862,509.12,49.267,13.976,688.54,33.750,30.413,0.015108,-0.004157,-0.029159,20.726,22.197,steady_run_3
20.915000,3,80,4760.72,23.8445,1.01667,506.85,49.264,13.736,676.69,33.753,30.415,-0.017212,-0.054712,0.025463,20.712,22.197,steady_run_3
20.920000,3,80,4777.82,23.9661,1.03317,516.93,49.255,14.051,692.09,33.757,30.417,-0.051000,0.002344,-0.024166,20.785,22.197,steady_run_3
20.925000,3,80,4765.59,23.9143,1.01937,508.72,49.261,13.973,688.32,33.760,30.419,0.018670,0.048317,0.022397,20.725,22.197,steady_run_3
20.930000,3,80,4761.98,23.8132,1.02256,509.92,49.253,13.853,682.30,33.763,30.422,0.072078,0.044620,0.017424,20.659,22.197,steady_run_3
20.935000,3,80,4778.13,23.9414,1.03268,516.71,49.227,14.050,691.64,33.767,30.424,0.068752,0.031444,0.010544,20.922,22.197,steady_run_3
20.940000,3,80,4771.24,23.8298,1.02459,511.93,49.252,13.865,682.88,33.770,30.426,0.072094,0.037337,0.011313,20.812,22.197,steady_run_3
20.945000,3,80,4779.04,23.9464,1.03217,516.56,49.237,13.903,684.57,33.774,30.428,0.039412,-0.002733,-0.030101,20.778,22.197,steady_run_3
20.950000,3,80,4767.09,23.8417,1.02477,511.57,49.254,13.771,678.26,33.777,30.430,-0.013549,-0.049688,0.026263,20.630,22.197,steady_run_3
20.955000,3,80,4759.44,23.7698,1.02521,510.97,49.256,13.789,679.21,33.781,30.432,0.056705,0.008532,-0.017899,20.755,22.197,steady_run_3
20.960000,3,80,4780.35,23.8728,1.03472,517.98,49.245,13.972,688.03,33.784,30.435,-0.021101,0.019040,-0.001924,20.786,22.197,steady_run_3
20.965000,3,80,4778.97,23.9541,1.03013,515.53,49.260,13.956,687.49,33.788,30.437,-0.054424,-0.001063,-0.029371,20.818,22.197,steady_run_3
20.970000,3,80,4766.57,23.8988,1.02377,511.02,49.286,13.856,682.91,33.791,30.439,-0.025072,0.013530,-0.009877,20.835,22.197,steady_run_3
20.975000,3,80,4770.86,23.7006,1.02897,514.08,49.276,13.844,682.18,33.794,30.441,-0.059761,0.001785,-0.032156,20.812,22.197,steady_run_3
20.980000,3,80,4764.48,23.8478,1.01581,506.82,49.230,13.925,685.55,33.798,30.443,0.009087,0.039550,0.017827,20.787,22.197,steady_run_3
20.985000,3,80,4768.36,23.8207,1.02431,511.48,49.263,13.960,687.71,33.801,30.446,-0.054871,-0.005438,-0.017600,20.674,22.197,steady_run_3
20.990000,3,80,4767.16,23.9651,1.01684,507.62,49.241,13.981,688.41,33.805,30.448,-0.050785,-0.014112,-0.010587,20.856,22.197,steady_run_3
20.995000,3,80,4777.83,24.1007,1.02534,513.01,49.265,13.897,684.65,33.808,30.450,-0.054895,-0.000813,-0.030531,20.786,22.197,steady_run_3
21.000000,3,80,4765.31,23.8208,1.00520,501.62,49.264,13.862,682.89,33.812,30.452,-0.049474,0.002618,-0.026009,20.535,22.197,steady_run_3
21.005000,3,80,4771.99,23.8325,1.02045,509.94,49.275,13.915,685.65,33.815,30.454,-0.024319,-0.062062,0.033515,20.686,22.197,steady_run_3
21.010000,3,80,4761.79,23.8542,1.02898,513.11,49.267,13.787,679.25,33.819,30.456,-0.007795,-0.018587,-0.006606,20.734,22.197,steady_run_3
21.015000,3,80,4774.21,23.9635,1.03310,516.50,49.269,13.988,689.17,33.822,30.459,0.072768,0.033416,0.010809,20.784,22.197,steady_run_3
21.020000,3,80,4772.73,23.8817,1.02833,513.96,49.275,13.901,684.95,33.825,30.461,0.044218,0.062201,0.032183,20.650,22.197,steady_run_3
21.025000,3,80,4768.73,23.8635,1.02311,510.92,49.258,13.866,682.99,33.829,30.463,0.045737,0.057310,0.031498,20.711,22.197,steady_run_3
21.030000,3,80,4774.11,23.9675,1.01863,509.26,49.252,13.770,678.20,33.832,30.465,0.020738,-0.002846,-0.034886,20.735,22.197,steady_run_3
21.035000,3,80,4767.96,23.8456,1.03342,515.99,49.231,13.946,686.57,33.836,30.467,-0.019723,-0.063414,0.032220,20.694,22.197,steady_run_3
21.040000,3,80,4774.29,23.9275,1.02008,510.00,49.229,14.055,691.93,33.839,30.469,0.072766,0.028503,-0.000224,20.686,22.197,steady_run_3
21.045000,3,80,4775.12,23.9556,1.02096,510.53,49.279,13.832,681.63,33.843,30.472,-0.044061,0.004446,-0.025349,20.771,22.197,steady_run_3
21.050000,3,80,4772.71,23.8584,1.03066,515.12,49.275,13.854,682.67,33.846,30.474,-0.007213,-0.012946,-0.006729,20.751,22.197,steady_run_3
21.055000,3,80,4762.93,23.7708,1.01167,504.59,49.249,13.807,679.96,33.849,30.476,0.000071,-0.007841,-0.016756,20.655,22.197,steady_run_3
21.060000,3,80,4766.71,23.8755,1.02521,511.75,49.265,13.974,688.43,33.853,30.478,0.070297,0.056037,0.028542,20.695,22.197,steady_run_3
21.065000,3,80,4770.18,23.9818,1.02197,510.51,49.286,13.890,684.56,33.856,30.480,-0.054925,-0.007918,-0.017940,20.700,22.197,steady_run_3
21.070000,3,80,4761.58,23.8327,1.02091,509.06,49.221,13.938,686.06,33.859,30.482,0.068787,0.055087,0.029017,20.734,22.197,steady_run_3
21.075000,3,80,4776.27,23.9403,1.02515,512.75,49.255,13.761,677.82,33.863,30.484,-0.038637,-0.036095,0.011491,20.731,22.197,steady_run_3
21.080000,3,80,4772.96,24.0686,1.03042,515.03,49.270,13.842,681.97,33.866,30.486,-0.036255,0.009156,-0.017888,20.830,22.197,steady_run_3
21.085000,3,80,4769.36,23.9071,1.02671,512.79,49.249,13.909,684.99,33.870,30.489,0.043797,0.058572,0.029328,20.835,22.197,steady_run_3
21.090000,3,80,4763.64,23.8725,1.02649,512.06,49.266,13.836,681.64,33.873,30.491,-0.008730,-0.011202,-0.004972,20.729,22.197,steady_run_3
21.095000,3,80,4778.30,23.9281,1.02335,512.07,49.246,13.882,683.65,33.876,30.493,0.002528,0.034198,0.012926,20.819,22.197,steady_run_3
21.100000,3,80,4768.55,23.9271,1.03070,514.69,49.251,13.938,686.48,33.880,30.495,-0.014344,0.019140,0.000424,20.835,22.197,steady_run_3
21.105000,3,80,4768.72,23.8378,1.03163,515.17,49.254,13.860,682.68,33.883,30.497,-0.001599,-0.004009,-0.017710,20.699,22.197,steady_run_3
21.110000,3,80,4772.55,23.9775,1.03562,517.58,49.246,13.964,687.68,33.886,30.499,0.072148,0.047100,0.017600,20.893,22.197,steady_run_3
21.115000,3,80,4777.24,23.9196,1.02389,512.22,49.273,13.753,677.64,33.890,30.501,0.069314,0.025241,0.001206,20.771,22.197,steady_run_3
21.120000,3,80,4767.25,23.9528,1.02906,513.73,49.251,13.810,680.14,33.893,30.503,0.060918,0.062024,0.033772,20.711,22.197,steady_run_3
21.125000,3,80,4779.23,23.9710,1.03239,516.69,49.244,13.938,686.36,33.896,30.505,-0.040471,-0.025847,0.001459,20.791,22.196,steady_run_3
21.130000,3,80,4776.31,24.0006,1.02982,515.09,49.300,13.743,677.50,33.900,30.508,0.048401,0.061400,0.035767,20.876,22.196,steady_run_3
21.135000,3,80,4768.07,23.7902,1.01671,507.66,49.249,13.958,687.41,33.903,30.510,-0.023917,-0.060923,0.033586,20.766,22.196,steady_run_3
21.140000,3,80,4766.39,23.8826,1.01352,505.88,49.241,13.797,679.36,33.906,30.512,0.006881,-0.002454,-0.028229,20.740,22.196,steady_run_3
21.145000,3,80,4770.68,24.0210,1.02986,514.50,49.262,13.886,684.07,33.910,30.514,0.046286,0.000424,-0.027449,20.872,22.196,steady_run_3
21.150000,3,80,4773.15,23.9887,1.02880,514.24,49.244,13.971,687.97,33.913,30.516,-0.017226,-0.059206,0.029786,20.846,22.196,steady_run_3
21.155000,3,80,4762.08,23.8517,1.03374,515.51,49.264,13.919,685.72,33.917,30.518,0.038725,0.060811,0.032547,20.725,22.196,steady_run_3
21.160000,3,80,4765.36,23.8687,1.01684,507.43,49.295,13.792,679.89,33.920,30.520,-0.027400,-0.065135,0.033629,20.774,22.196,steady_run_3
21.165000,3,80,4769.17,23.8428,1.03130,515.06,49.291,13.799,680.15,33.923,30.522,0.021133,-0.001852,-0.033717,20.688,22.196,steady_run_3
21.170000,3,80,4770.75,23.7898,1.02026,509.71,49.265,13.878,683.68,33.926,30.524,0.038059,0.001059,-0.029965,20.820,22.196,steady_run_3
21.175000,3,80,4772.12,23.9345,1.01008,504.77,49.274,13.898,684.80,33.930,30.526,0.071930,0.036986,0.011409,20.763,22.196,steady_run_3
21.180000,3,80,4756.42,23.6884,1.01769,506.90,49.279,13.801,680.10,33.933,30.528,0.032357,0.056613,0.027158,20.648,22.196,steady_run_3
21.185000,3,80,4770.30,23.9674,1.02325,511.16,49.286,13.846,682.41,33.936,30.530,0.030305,-0.001374,-0.033824,20.641,22.196,steady_run_3
21.190000,3,80,4773.68,23.8888,1.02786,513.83,49.276,13.819,680.93,33.940,30.533,-0.031344,0.013345,-0.013334,20.767,22.196,steady_run_3
21.195000,3,80,4766.24,23.7787,1.01749,507.85,49.253,13.853,682.33,33.943,30.535,-0.042337,-0.029409,0.006638,20.701,22.196,steady_run_3
21.200000,3,80,4773.22,23.8817,1.02917,514.43,49.281,13.880,684.01,33.946,30.537,-0.018349,-0.059214,0.029358,20.705,22.196,steady_run_3
21.205000,3,80,4771.27,23.9195,1.02013,509.70,49.274,13.803,680.11,33.950,30.539,0.050960,0.003246,-0.021125,20.757,22.196,steady_run_3
21.210000,3,80,4772.40,23.8021,1.01906,509.29,49.263,13.958,687.59,33.953,30.541,0.044544,0.059032,0.030865,20.691,22.196,steady_run_3
21.215000,3,80,4767.64,23.9531,1.02625,512.37,49.265,13.884,684.01,33.956,30.543,-0.058491,-0.002143,-0.025366,20.697,22.196,steady_run_3
21.220000,3,80,4770.24,23.9627,1.01789,508.48,49.248,13.952,687.14,33.960,30.545,0.057334,0.063296,0.031658,20.738,22.196,steady_run_3
21.225000,3,80,4771.07,23.8727,1.02211,510.67,49.271,13.871,683.42,33.963,30.547,-0.060458,-0.002996,-0.025027,20.717,22.196,steady_run_3
21.230000,3,80,4768.97,23.8005,1.03286,515.82,49.280,13.816,680.87,33.966,30.549,-0.003960,-0.015859,-0.010785,20.700,22.196,steady_run_3
21.235000,3,80,4773.48,23.8415,1.03347,516.61,49.250,13.935,686.31,33.970,30.551,0.000452,-0.012879,-0.009750,20.912,22.196,steady_run_3
21.240000,3,80,4768.93,23.8166,1.02496,511.87,49.258,13.980,688.62,33.973,30.553,0.064760,0.018248,-0.002893,20.800,22.196,steady_run_3
21.245000,3,80,4776.35,23.9520,1.03085,515.61,49.271,13.899,684.81,33.976,30.555,0.059657,0.009285,-0.011951,20.731,22.196,steady_run_3
21.250000,3,80,4782.17,23.9679,1.03245,517.04,49.252,13.887,683.97,33.980,30.558,-0.042602,-0.025930,0.000321,20.800,22.196,steady_run_3
21.255000,3,80,4778.95,23.9206,1.03124,516.09,49.264,13.884,683.99,33.983,30.560,-0.015582,0.022811,-0.000400,20.824,22.196,steady_run_3
21.260000,3,80,4777.98,24.0370,1.03291,516.82,49.229,14.079,693.09,33.986,30.562,0.019555,0.047887,0.020338,20.774,22.196,steady_run_3
21.265000,3,80,4763.28,23.7088,1.01928,508.43,49.285,13.822,681.21,33.990,30.564,0.071341,0.020423,0.000750,20.714,22.196,steady_run_3
21.270000,3,80,4765.57,23.8057,1.03885,518.44,49.275,13.880,683.95,33.993,30.566,0.001992,-0.007475,-0.015607,20.615,22.196,steady_run_3
21.275000,3,80,4776.44,23.9596,1.03188,516.14,49.285,13.885,684.31,33.996,30.568,-0.035130,-0.043806,0.017971,20.586,22.196,steady_run_3
21.280000,3,80,4758.42,23.8541,1.01430,505.43,49.261,13.831,681.35,33.999,30.570,-0.039225,-0.040511,0.012906,20.661,22.196,steady_run_3
21.285000,3,80,4770.85,23.9796,1.01813,508.66,49.237,13.869,682.86,34.003,30.572,-0.007426,-0.028511,0.007772,20.753,22.196,steady_run_3
21.290000,3,80,4769.06,23.8498,1.03138,515.09,49.261,13.867,683.11,34.006,30.574,0.059361,0.009893,-0.014875,20.658,22.196,steady_run_3
21.295000,3,80,4767.92,23.8242,1.03177,515.16,49.276,13.744,677.23,34.009,30.576,0.065330,0.014008,-0.007538,20.686,22.196,steady_run_3
21.300000,3,80,4773.88,23.9468,1.04218,521.01,49.273,13.803,680.11,34.012,30.578,-0.055020,-0.009979,-0.012427,20.804,22.196,steady_run_3
21.305000,3,80,4774.56,23.8414,1.01870,509.34,49.247,14.003,689.60,34.016,30.580,0.009503,-0.004641,-0.023974,20.782,22.196,steady_run_3
21.310000,3,80,4773.27,24.0220,1.02434,512.02,49.290,13.770,678.74,34.019,30.582,0.031589,-0.003004,-0.032148,20.836,22.196,steady_run_3
21.315000,3,80,4772.49,23.9266,1.02875,514.14,49.228,13.971,687.75,34.022,30.584,-0.005979,-0.017119,-0.004936,20.738,22.196,steady_run_3
21.320000,3,80,4765.83,23.9004,1.02450,511.30,49.274,13.874,683.62,34.026,30.586,-0.012459,-0.027917,0.010666,20.787,22.196,steady_run_3
21.325000,3,80,4772.78,23.8939,1.02714,513.37,49.247,13.970,687.99,34.029,30.588,0.022893,-0.000779,-0.034344,20.802,22.196,steady_run_3
21.330000,3,80,4771.04,23.8939,1.01404,506.64,49.292,13.744,677.48,34.032,30.590,0.068736,0.058337,0.030729,20.724,22.196,steady_run_3
21.335000,3,80,4763.44,23.8395,1.03419,515.88,49.264,13.806,680.15,34.035,30.592,-0.061833,0.003211,-0.033602,20.688,22.196,steady_run_3
21.340000,3,80,4771.43,23.9020,1.02437,511.84,49.240,13.934,686.08,34.039,30.594,0.042453,0.058467,0.028616,20.688,22.196,steady_run_3
21.345000,3,80,4785.17,24.0489,1.02668,514.47,49.271,13.957,687.65,34.042,30.596,0.025354,-0.002791,-0.033949,20.754,22.196,steady_run_3
21.350000,3,80,4767.55,23.8680,1.01578,507.13,49.279,13.813,680.68,34.045,30.598,-0.014051,-0.029403,0.004711,20.821,22.196,steady_run_3
21.355000,3,80,4774.97,24.0043,1.03581,517.94,49.265,13.866,683.10,34.048,30.600,-0.013189,-0.041709,0.018317,20.864,22.196,steady_run_3
21.360000,3,80,4763.35,23.7506,1.03222,514.89,49.259,13.788,679.20,34.052,30.602,-0.059130,-0.001495,-0.025390,20.747,22.196,steady_run_3
21.365000,3,80,4765.76,23.9196,1.02438,511.23,49.272,13.823,681.11,34.055,30.604,0.027544,0.050616,0.024500,20.690,22.196,steady_run_3
21.370000,3,80,4774.37,24.0172,1.03245,516.19,49.249,13.959,687.48,34.058,30.606,-0.008932,-0.032974,0.010708,20.775,22.196,steady_run_3
21.375000,3,80,4766.08,23.8954,1.01828,508.22,49.237,13.999,689.27,34.061,30.608,-0.029335,0.015177,-0.012088,20.693,22.196,steady_run_3
21.380000,3,80,4776.86,23.9111,1.02288,511.68,49.266,13.946,687.08,34.065,30.611,0.075699,0.040840,0.015106,20.829,22.196,steady_run_3
21.385000,3,80,4760.01,23.7218,1.02132,509.10,49.258,13.829,681.19,34.068,30.613,-0.017093,-0.063081,0.032775,20.690,22.196,steady_run_3
21.390000,3,80,4756.85,23.6711,1.01356,504.89,49.257,13.768,678.20,34.071,30.614,-0.059606,0.003611,-0.034709,20.642,22.196,steady_run_3
21.395000,3,80,4778.51,23.9023,1.03607,518.46,49.240,14.041,691.40,34.074,30.617,-0.017947,0.020446,-0.002426,20.734,22.196,steady_run_3
21.400000,3,80,4762.05,23.8214,1.01579,506.55,49.250,13.885,683.86,34.078,30.619,-0.011212,-0.032220,0.010533,20.762,22.196,steady_run_3
21.405000,3,80,4773.47,23.9603,1.03171,515.73,49.267,13.866,683.13,34.081,30.621,-0.018217,0.016957,-0.001510,20.831,22.196,steady_run_3
21.410000,3,80,4771.76,23.9535,1.03100,515.19,49.271,13.963,687.96,34.084,30.623,-0.055043,-0.011456,-0.013812,20.725,22.196,steady_run_3
21.415000,3,80,4762.91,23.9923,1.02700,512.24,49.242,13.858,682.41,34.087,30.625,0.001322,0.030072,0.009494,20.776,22.196,steady_run_3
21.420000,3,80,4777.18,23.9819,1.02255,511.54,49.247,13.846,681.88,34.091,30.627,-0.007316,-0.028969,0.002630,20.831,22.196,steady_run_3
21.425000,3,80,4770.07,23.8332,1.03162,515.31,49.258,13.877,683.56,34.094,30.629,0.025669,-0.004856,-0.033499,20.778,22.195,steady_run_3
21.430000,3,80,4770.00,23.8090,1.02419,511.60,49.265,13.821,680.91,34.097,30.631,-0.046328,-0.023712,0.000765,20.754,22.195,steady_run_3
21.435000,3,80,4777.89,24.0706,1.03853,519.62,49.250,13.913,685.22,34.100,30.633,-0.036700,0.007424,-0.017605,20.662,22.195,steady_run_3
21.440000,3,80,4766.13,23.7624,1.03132,514.74,49.278,13.798,679.93,34.103,30.635,0.064404,0.060922,0.032681,20.820,22.195,steady_run_3
21.445000,3,80,4763.28,23.8579,1.01393,505.76,49.276,13.813,680.66,34.107,30.636,-0.013238,-0.036983,0.016658,20.836,22.195,steady_run_3
21.450000,3,80,4772.00,23.9067,1.02037,509.90,49.258,13.872,683.28,34.110,30.638,0.017212,0.045292,0.020360,20.804,22.195,steady_run_3
21.455000,3,80,4776.71,23.9680,1.03686,518.66,49.260,13.909,685.18,34.113,30.640,0.057741,0.062172,0.033638,20.675,22.195,steady_run_3
21.460000,3,80,4765.28,23.9070,1.02316,510.58,49.248,13.865,682.83,34.116,30.642,0.003202,-0.007710,-0.021968,20.792,22.195,steady_run_3
21.465000,3,80,4772.96,23.9733,1.01209,505.87,49.256,13.881,683.71,34.119,30.644,-0.017384,-0.057026,0.028394,20.694,22.195,steady_run_3
21.470000,3,80,4770.68,23.9200,1.02290,511.03,49.233,13.883,683.51,34.123,30.646,0.069497,0.054593,0.025911,20.756,22.195,steady_run_3
21.475000,3,80,4759.31,23.8676,1.02433,510.52,49.266,13.730,676.43,34.126,30.648,-0.009632,-0.025221,0.001446,20.598,22.195,steady_run_3
21.480000,3,80,4763.11,23.8374,1.02481,511.17,49.278,13.817,680.87,34.129,30.650,0.065905,0.017992,-0.003312,20.752,22.195,steady_run_3
21.485000,3,80,4770.27,23.8850,1.02644,512.75,49.269,13.857,682.73,34.132,30.652,0.072747,0.037782,0.012538,20.810,22.195,steady_run_3
21.490000,3,80,4774.81,23.8472,1.02786,513.95,49.265,13.849,682.28,34.135,30.654,0.069886,0.026455,0.004779,20.723,22.195,steady_run_3
21.495000,3,80,4769.17,23.9793,1.02609,512.46,49.264,13.950,687.22,34.138,30.656,-0.021636,-0.062510,0.033975,20.714,22.195,steady_run_3
21.500000,3,80,4779.50,24.0031,1.02566,513.35,49.268,13.837,681.74,34.142,30.658,-0.038567,-0.038711,0.015617,20.625,22.195,steady_run_3
21.505000,3,80,4773.41,23.9231,1.03165,515.69,49.268,13.841,681.90,34.145,30.660,-0.046966,0.005548,-0.025003,20.836,22.195,steady_run_3
21.510000,3,80,4766.18,23.9085,1.02693,512.55,49.270,13.928,686.23,34.148,30.662,-0.043356,-0.030625,0.005101,20.826,22.195,steady_run_3
21.515000,3,80,4770.03,23.9470,1.01614,507.58,49.261,13.798,679.69,34.151,30.664,-0.008121,-0.028446,0.005961,20.758,22.195,steady_run_3
21.520000,3,80,4778.46,23.9967,1.02745,514.14,49.238,13.956,687.16,34.154,30.666,-0.047458,0.002880,-0.022894,20.838,22.195,steady_run_3
21.525000,3,80,4775.70,23.8505,1.01890,509.56,49.262,13.854,682.50,34.158,30.668,0.038831,-0.004667,-0.031239,20.770,22.195,steady_run_3
21.530000,3,80,4770.87,23.8395,1.01616,507.68,49.277,13.858,682.88,34.161,30.670,-0.010816,0.022794,0.001832,20.628,22.195,steady_run_3
21.535000,3,80,4782.52,23.9846,1.01923,510.46,49.278,13.894,684.68,34.164,30.672,-0.016450,-0.053426,0.027497,20.702,22.195,steady_run_3
21.540000,3,80,4769.40,23.8337,1.03539,517.13,49.228,14.009,689.63,34.167,30.674,0.061698,0.012990,-0.009304,20.721,22.195,steady_run_3
21.545000,3,80,4767.11,23.7823,1.01939,508.89,49.241,13.906,684.76,34.170,30.676,-0.062488,0.003133,-0.032919,20.677,22.195,steady_run_3
21.550000,3,80,4774.88,23.8814,1.02810,514.07,49.272,13.853,682.54,34.174,30.678,0.006091,0.035111,0.016383,20.831,22.195,steady_run_3
21.555000,3,80,4776.99,24.0398,1.01822,509.36,49.271,13.912,685.48,34.177,30.680,0.068560,0.051165,0.023015,20.748,22.195,steady_run_3
21.560000,3,80,4778.41,23.9490,1.02515,512.98,49.256,13.920,685.64,34.180,30.682,0.040893,0.059890,0.031008,20.844,22.195,steady_run_3
21.565000,3,80,4764.40,23.8866,1.02168,509.74,49.277,13.770,678.52,34.183,30.684,-0.003694,-0.010233,-0.012868,20.662,22.195,steady_run_3
21.570000,3,80,4764.30,23.8982,1.02312,510.45,49.263,13.749,677.33,34.186,30.685,-0.056906,0.001522,-0.026350,20.754,22.195,steady_run_3
21.575000,3,80,4771.40,23.7919,1.02621,512.76,49.240,13.900,684.43,34.189,30.687,-0.051195,-0.012577,-0.012316,20.721,22.195,steady_run_3
21.580000,3,80,4776.93,23.9464,1.02839,514.44,49.229,14.057,692.04,34.193,30.689,0.067839,0.055664,0.031426,20.809,22.195,steady_run_3
21.585000,3,80,4768.75,23.8795,1.01540,507.07,49.271,13.860,682.92,34.196,30.691,-0.022046,-0.061032,0.032789,20.727,22.195,steady_run_3
21.590000,3,80,4761.90,23.7592,1.01449,505.89,49.262,13.695,674.64,34.199,30.693,-0.016879,-0.042644,0.023129,20.760,22.195,steady_run_3
21.595000,3,80,4755.77,23.8161,1.01725,506.61,49.286,13.758,678.08,34.202,30.695,-0.048303,-0.024810,0.001050,20.616,22.195,steady_run_3
21.600000,3,80,4769.25,23.9078,1.02880,513.82,49.271,13.812,680.55,34.205,30.697,-0.022084,0.015348,-0.004893,20.710,22.195,steady_run_3
21.605000,3,80,4770.66,23.9069,1.02552,512.33,49.266,13.938,686.66,34.208,30.699,-0.055861,0.001319,-0.032638,20.829,22.195,steady_run_3
21.610000,3,80,4772.85,23.9155,1.01880,509.21,49.243,13.879,683.46,34.211,30.701,0.034299,0.057935,0.029100,20.635,22.195,steady_run_3
21.615000,3,80,4769.18,23.7733,1.02490,511.86,49.287,13.861,683.19,34.214,30.703,0.063275,0.056632,0.031874,20.806,22.195,steady_run_3
21.620000,3,80,4778.35,23.9908,1.02462,512.71,49.293,13.885,684.43,34.218,30.705,-0.062938,0.002328,-0.032842,20.704,22.195,steady_run_3
21.625000,3,80,4756.03,23.7387,1.02530,510.65,49.276,13.881,683.99,34.221,30.707,0.072734,0.040609,0.012929,20.737,22.195,steady_run_3
21.630000,3,80,4773.55,23.8646,1.02684,513.30,49.260,13.833,681.43,34.224,30.709,-0.049215,0.007112,-0.029224,20.775,22.195,steady_run_3
21.635000,3,80,4763.94,23.8112,1.02786,512.78,49.262,13.938,686.62,34.227,30.711,-0.059232,0.002098,-0.032285,20.751,22.195,steady_run_3
21.640000,3,80,4761.71,23.7524,1.02075,508.99,49.248,13.754,677.37,34.230,30.712,0.001029,-0.006562,-0.015275,20.826,22.195,steady_run_3
21.645000,3,80,4761.34,23.8262,1.03060,513.86,49.269,13.881,683.92,34.233,30.714,-0.038399,-0.039867,0.015081,20.745,22.195,steady_run_3
21.650000,3,80,4764.97,23.8251,1.01902,508.48,49.241,13.850,681.98,34.236,30.716,0.008082,-0.004406,-0.026587,20.751,22.195,steady_run_3
21.655000,3,80,4772.07,24.0169,1.01757,508.51,49.283,13.865,683.32,34.239,30.718,0.025688,-0.003558,-0.031219,20.720,22.195,steady_run_3
21.660000,3,80,4770.44,23.9087,1.02606,512.58,49.293,13.805,680.51,34.242,30.720,0.071169,0.050273,0.023516,20.786,22.195,steady_run_3
21.665000,3,80,4771.59,23.8188,1.00996,504.65,49.255,13.853,682.33,34.246,30.722,-0.011767,0.023415,-0.000040,20.625,22.195,steady_run_3
21.670000,3,80,4771.41,23.9054,1.03215,515.73,49.259,13.842,681.86,34.249,30.724,0.041971,-0.001986,-0.027221,20.745,22.195,steady_run_3
21.675000,3,80,4774.51,23.8327,1.03993,519.95,49.302,13.824,681.55,34.252,30.726,-0.059974,0.000175,-0.030765,20.665,22.195,steady_run_3
21.680000,3,80,4774.85,23.9447,1.03466,517.35,49.249,13.854,682.28,34.255,30.727,0.027570,-0.002902,-0.031096,20.729,22.195,steady_run_3
21.685000,3,80,4763.72,23.7598,1.03289,515.26,49.240,13.825,680.75,34.258,30.729,-0.047785,-0.021363,-0.002916,20.774,22.195,steady_run_3
21.690000,3,80,4766.20,23.9054,1.01662,507.41,49.260,13.973,688.31,34.261,30.731,0.012528,0.043531,0.016484,20.761,22.195,steady_run_3
21.695000,3,80,4772.38,23.8774,1.03488,517.19,49.269,13.904,685.04,34.264,30.733,-0.028003,-0.056475,0.027852,20.617,22.195,steady_run_3
21.700000,3,80,4767.71,23.7201,1.01750,508.01,49.260,13.850,682.25,34.267,30.735,0.021366,-0.003538,-0.034885,20.747,22.194,steady_run_3
21.705000,3,80,4770.74,23.8540,1.01746,508.32,49.256,13.935,686.37,34.270,30.737,-0.060422,0.005158,-0.033986,20.817,22.194,steady_run_3
21.710000,3,80,4768.80,23.7992,1.01525,507.00,49.276,13.969,688.33,34.274,30.739,-0.019142,-0.053357,0.026871,20.689,22.194,steady_run_3
21.715000,3,80,4772.55,24.0414,1.02729,513.42,49.264,13.853,682.47,34.277,30.741,0.047170,-0.002158,-0.026298,20.663,22.194,steady_run_3
21.720000,3,80,4767.53,23.8827,1.02038,509.43,49.276,13.844,682.17,34.280,30.743,-0.054772,0.001001,-0.030148,20.837,22.194,steady_run_3
21.725000,3,80,4775.44,23.8438,1.03249,516.33,49.290,13.733,676.87,34.283,30.745,0.067472,0.056752,0.029810,20.808,22.194,steady_run_3
21.730000,3,80,4772.78,23.7866,1.01724,508.42,49.276,13.934,686.63,34.286,30.746,-0.020901,-0.060173,0.032362,20.727,22.194,steady_run_3
21.735000,3,80,4767.11,23.7710,1.03103,514.70,49.254,13.869,683.09,34.289,30.748,-0.037426,0.002887,-0.021333,20.695,22.194,steady_run_3
21.740000,3,80,4761.99,23.7890,1.00882,503.07,49.286,13.798,680.03,34.292,30.750,-0.005252,-0.017913,-0.002985,20.759,22.194,steady_run_3
21.745000,3,80,4765.08,24.0363,1.01811,508.04,49.257,13.791,679.31,34.295,30.752,-0.010159,0.023430,0.002832,20.686,22.194,steady_run_3
21.750000,3,80,4774.54,23.9538,1.02672,513.35,49.276,13.928,686.30,34.298,30.754,-0.058242,-0.000645,-0.030185,20.690,22.194,steady_run_3
21.755000,3,80,4780.21,23.9384,1.02160,511.40,49.244,13.860,682.52,34.301,30.756,0.061846,0.007975,-0.013461,20.863,22.194,steady_run_3
21.760000,3,80,4768.63,24.0093,1.01193,505.33,49.260,13.922,685.79,34.304,30.758,-0.006713,-0.014977,-0.007427,20.695,22.194,steady_run_3
21.765000,3,80,4779.41,24.0160,1.02892,514.97,49.275,13.894,684.63,34.307,30.760,-0.058020,-0.010805,-0.016416,20.807,22.194,steady_run_3
21.770000,3,80,4770.00,23.9313,1.00881,503.92,49.240,13.932,686.02,34.311,30.762,-0.052389,-0.012546,-0.012188,20.852,22.194,steady_run_3
21.775000,3,80,4771.87,23.7883,1.01088,505.15,49.272,13.989,689.26,34.314,30.763,-0.061487,0.001041,-0.033293,20.812,22.194,steady_run_3
21.780000,3,80,4771.64,23.9477,1.01787,508.61,49.258,13.857,682.55,34.317,30.765,0.068207,0.058748,0.029725,20.751,22.194,steady_run_3
21.785000,3,80,4765.84,23.9621,1.02413,511.12,49.256,13.894,684.37,34.320,30.767,0.001158,-0.005647,-0.014275,20.620,22.194,steady_run_3
21.790000,3,80,4758.56,23.7978,1.01844,507.51,49.278,13.817,680.85,34.323,30.769,0.071553,0.040250,0.014065,20.731,22.194,steady_run_3
21.795000,3,80,4775.20,23.9846,1.03581,517.97,49.273,13.890,684.42,34.326,30.771,-0.026525,-0.059804,0.031057,20.819,22.194,steady_run_3
21.800000,3,80,4770.51,23.9271,1.02703,513.07,49.241,13.881,683.49,34.329,30.773,0.037745,-0.002878,-0.031614,20.786,22.194,steady_run_3
21.805000,3,80,4770.05,23.9330,1.03222,515.61,49.259,13.789,679.23,34.332,30.775,-0.013887,-0.053437,0.025814,20.738,22.194,steady_run_3
21.810000,3,80,4778.13,23.9260,1.04260,521.68,49.259,13.885,683.96,34.335,30.776,-0.052590,0.004759,-0.029949,20.788,22.194,steady_run_3
21.815000,3,80,4772.07,23.8834,1.02756,513.50,49.245,14.002,689.55,34.338,30.778,0.048376,0.062862,0.030357,20.898,22.194,steady_run_3
21.820000,3,80,4780.28,24.0072,1.02816,514.69,49.267,13.934,686.47,34.341,30.780,-0.009223,-0.016540,-0.006745,20.829,22.194,steady_run_3
21.825000,3,80,4774.11,24.0059,1.03245,516.16,49.266,13.853,682.51,34.344,30.782,-0.022916,-0.060791,0.033440,20.688,22.194,steady_run_3
21.830000,3,80,4771.65,23.9786,1.01106,505.21,49.254,13.927,685.94,34.348,30.784,0.064981,0.064072,0.031911,20.739,22.194,steady_run_3
21.835000,3,80,4764.53,23.8370,1.02519,511.51,49.261,13.866,683.07,34.351,30.786,-0.037772,0.008274,-0.018185,20.599,22.194,steady_run_3
21.840000,3,80,4772.54,23.9363,1.01466,507.10,49.264,13.957,687.58,34.354,30.788,0.065995,0.017072,-0.005633,20.782,22.194,steady_run_3
21.845000,3,80,4780.65,23.9324,1.03162,516.46,49.297,13.822,681.38,34.357,30.790,-0.020129,-0.062537,0.032064,20.649,22.194,steady_run_3
21.850000,3,80,4766.94,23.8780,1.03149,514.91,49.249,13.991,689.02,34.360,30.792,-0.001358,0.030668,0.006272,20.775,22.194,steady_run_3
21.855000,3,80,4769.45,23.9117,1.02564,512.26,49.281,13.731,676.66,34.363,30.793,0.042851,-0.000764,-0.028632,20.818,22.194,steady_run_3
21.860000,3,80,4757.71,23.6983,1.01862,507.50,49.260,13.840,681.76,34.366,30.795,0.000827,-0.006779,-0.018275,20.693,22.194,steady_run_3
21.865000,3,80,4781.76,23.9567,1.03031,515.92,49.236,13.827,680.81,34.369,30.797,-0.017576,-0.061190,0.030843,20.778,22.194,steady_run_3
21.870000,3,80,4765.49,23.9044,1.02308,510.56,49.266,13.774,678.58,34.372,30.799,0.037307,0.052326,0.026821,20.795,22.194,steady_run_3
21.875000,3,80,4775.52,23.9243,1.03190,516.05,49.261,13.764,678.02,34.375,30.800,0.059996,0.060135,0.031841,20.757,22.194,steady_run_3
21.880000,3,80,4764.57,23.7170,1.02406,510.95,49.258,13.852,682.30,34.378,30.802,-0.012672,-0.039656,0.018748,20.680,22.194,steady_run_3
21.885000,3,80,4770.38,23.9392,1.01279,505.94,49.267,13.824,681.07,34.381,30.804,0.021213,0.044253,0.023431,20.687,22.194,steady_run_3
21.890000,3,80,4776.43,23.9462,1.03127,515.83,49.264,13.862,682.87,34.384,30.806,-0.026326,-0.059926,0.030145,20.803,22.194,steady_run_3
21.895000,3,80,4771.73,23.8001,1.02483,512.10,49.267,13.918,685.70,34.387,30.808,0.041619,0.001038,-0.030136,20.795,22.194,steady_run_3
21.900000,3,80,4769.41,23.8028,1.01122,505.05,49.249,14.006,689.77,34.390,30.810,-0.057286,0.001173,-0.034233,20.702,22.194,steady_run_3
21.905000,3,80,4764.71,23.7361,1.02906,513.46,49.282,13.772,678.69,34.393,30.811,-0.016394,-0.052447,0.030815,20.735,22.194,steady_run_3
21.910000,3,80,4762.60,23.9007,1.02430,510.86,49.270,13.903,685.01,34.396,30.813,0.071378,0.042531,0.016389,20.712,22.194,steady_run_3
21.915000,3,80,4766.51,23.8609,1.01938,508.82,49.250,13.861,682.65,34.399,30.815,0.000495,0.032279,0.011132,20.681,22.194,steady_run_3
21.920000,3,80,4782.71,24.0455,1.03826,520.00,49.256,14.002,689.70,34.402,30.817,0.037624,0.000845,-0.030773,20.820,22.194,steady_run_3
21.925000,3,80,4764.67,23.8651,1.01840,508.14,49.256,13.865,682.94,34.405,30.819,0.061881,0.061996,0.031399,20.839,22.194,steady_run_3
21.930000,3,80,4774.52,23.8003,1.01414,507.05,49.251,13.874,683.32,34.408,30.821,0.063296,0.064298,0.032612,20.772,22.194,steady_run_3
21.935000,3,80,4766.82,23.7999,1.02280,510.56,49.283,13.774,678.80,34.411,30.822,-0.038118,-0.030945,0.008564,20.731,22.194,steady_run_3
21.940000,3,80,4765.36,23.8174,1.03611,517.05,49.250,13.699,674.66,34.414,30.824,-0.021431,-0.059990,0.029737,20.669,22.194,steady_run_3
21.945000,3,80,4767.98,23.9017,1.01937,508.97,49.260,13.777,678.67,34.417,30.826,-0.040728,0.006799,-0.019746,20.814,22.193,steady_run_3
21.950000,3,80,4769.76,23.8546,1.01005,504.51,49.242,13.853,682.13,34.420,30.828,-0.013250,0.022263,-0.000685,20.756,22.193,steady_run_3
21.955000,3,80,4774.27,24.0160,1.03003,514.97,49.294,13.786,679.56,34.423,30.829,0.008838,0.038098,0.015542,20.730,22.193,steady_run_3
21.960000,3,80,4771.45,23.9224,1.03090,515.10,49.267,13.799,679.85,34.426,30.831,0.013966,-0.001100,-0.030247,20.832,22.193,steady_run_3
21.965000,3,80,4771.36,23.9751,1.02001,509.65,49.261,13.916,685.50,34.429,30.833,-0.051297,-0.014493,-0.010543,20.797,22.193,steady_run_3
21.970000,3,80,4767.26,23.8221,1.01428,506.35,49.278,13.887,684.33,34.432,30.835,-0.028062,-0.055712,0.028239,20.759,22.193,steady_run_3
21.975000,3,80,4777.01,23.9063,1.01586,508.18,49.289,13.863,683.32,34.435,30.837,-0.026115,-0.064821,0.032481,20.726,22.193,steady_run_3
21.980000,3,80,4759.00,23.9000,1.03156,514.09,49.266,13.751,677.44,34.438,30.838,0.002165,-0.003964,-0.021222,20.771,22.193,steady_run_3
21.985000,3,80,4779.43,24.0497,1.02606,513.54,49.250,13.915,685.32,34.441,30.840,0.046058,0.003772,-0.026812,20.810,22.193,steady_run_3
21.990000,3,80,4762.07,23.7906,1.00749,502.42,49.271,13.748,677.39,34.443,30.842,0.030006,-0.002601,-0.031182,20.713,22.193,steady_run_3
21.995000,3,80,4770.70,23.9139,1.02239,510.77,49.240,13.822,680.57,34.446,30.844,-0.048901,0.005271,-0.026934,20.800,22.193,steady_run_3
22.000000,3,80,4769.77,23.7739,1.03103,514.99,49.252,13.854,682.32,34.449,30.845,-0.029846,0.017642,-0.008636,20.754,22.193,steady_run_3
22.005000,3,80,4777.29,23.9586,1.03329,516.93,49.261,13.914,685.40,34.452,30.847,0.060972,0.062393,0.033407,20.807,22.193,steady_run_3
22.010000,3,80,4769.39,24.0456,1.03300,515.93,49.261,13.870,683.24,34.455,30.849,-0.020632,-0.062144,0.034069,20.711,22.193,steady_run_3
22.015000,3,80,4778.32,24.0859,1.03475,517.77,49.243,13.975,688.19,34.458,30.851,0.055797,0.005177,-0.019478,20.890,22.193,steady_run_3
22.020000,3,80,4782.88,23.9531,1.04538,523.59,49.233,14.003,689.40,34.462,30.853,0.025824,-0.005590,-0.034324,20.835,22.193,steady_run_3
22.025000,3,80,4767.01,23.9093,1.02231,510.34,49.280,13.746,677.39,34.464,30.854,-0.038825,0.003767,-0.021348,20.758,22.193,steady_run_3
22.030000,3,80,4767.15,23.7839,1.01556,506.98,49.270,13.704,675.18,34.467,30.856,0.019237,-0.005118,-0.033717,20.737,22.193,steady_run_3
22.035000,3,80,4783.53,24.0129,1.02224,512.07,49.265,13.767,678.26,34.470,30.858,-0.057264,-0.002291,-0.021928,20.822,22.193,steady_run_3
22.040000,3,80,4760.64,23.8235,1.01442,505.72,49.274,13.867,683.27,34.473,30.860,-0.056580,-0.003429,-0.021643,20.643,22.193,steady_run_3
22.045000,3,80,4769.88,23.9822,1.02754,513.26,49.243,14.033,691.03,34.476,30.861,-0.017720,-0.058551,0.028919,20.789,22.193,steady_run_3
22.050000,3,80,4763.70,23.8325,1.01737,507.52,49.267,13.792,679.48,34.479,30.863,-0.039897,-0.035824,0.009596,20.770,22.193,steady_run_3
22.055000,3,80,4770.33,23.9249,1.01823,508.65,49.276,13.854,682.67,34.482,30.865,-0.013810,-0.043310,0.022211,20.648,22.193,steady_run_3
22.060000,3,80,4777.63,23.9939,1.03143,516.04,49.245,13.887,683.84,34.485,30.867,-0.025292,-0.067434,0.034118,20.666,22.193,steady_run_3
22.065000,3,80,4770.02,23.9206,1.02747,513.24,49.260,14.009,690.09,34.488,30.869,0.071935,0.030727,0.003624,20.723,22.193,steady_run_3
22.070000,3,80,4761.72,23.8437,1.02625,511.74,49.255,13.778,678.62,34.491,30.870,-0.017470,-0.055223,0.028411,20.634,22.193,steady_run_3
22.075000,3,80,4759.02,23.8355,1.03474,515.68,49.267,13.783,679.05,34.494,30.872,-0.020480,0.018271,-0.004484,20.764,22.193,steady_run_3
22.080000,3,80,4760.26,23.8222,1.03250,514.69,49.251,13.723,675.88,34.497,30.874,-0.059980,0.002569,-0.030891,20.775,22.193,steady_run_3
22.085000,3,80,4764.91,23.8474,1.03165,514.77,49.277,13.774,678.74,34.500,30.875,-0.045149,0.007115,-0.022923,20.778,22.193,steady_run_3
22.090000,3,80,4761.21,23.8617,1.01450,505.82,49.282,13.670,673.68,34.502,30.877,-0.023794,0.014224,-0.009347,20.695,22.193,steady_run_3
22.095000,3,80,4771.07,23.8783,1.02346,511.35,49.250,13.841,681.68,34.505,30.879,-0.010659,0.024473,0.003067,20.839,22.193,steady_run_3
22.100000,3,80,4768.08,23.9203,1.02156,510.08,49.271,13.823,681.07,34.508,30.881,0.053148,0.004963,-0.021148,20.659,22.193,steady_run_3
22.105000,3,80,4760.87,23.7646,1.01978,508.42,49.258,13.919,685.63,34.511,30.882,0.012951,0.041483,0.017983,20.654,22.193,steady_run_3
22.110000,3,80,4770.46,23.8410,1.02593,512.52,49.283,13.760,678.13,34.514,30.884,-0.025072,0.014060,-0.008001,20.743,22.193,steady_run_3
22.115000,3,80,4761.69,23.7975,1.02294,510.08,49.265,13.831,681.41,34.517,30.886,0.062641,0.060103,0.033448,20.839,22.193,steady_run_3
22.120000,3,80,4776.50,23.9150,1.03684,518.62,49.260,13.912,685.31,34.520,30.888,-0.016143,0.017316,-0.002330,20.702,22.193,steady_run_3
22.125000,3,80,4774.41,23.9044,1.02508,512.52,49.271,13.887,684.23,34.523,30.889,-0.019838,-0.065795,0.033116,20.681,22.193,steady_run_3
22.130000,3,80,4783.43,24.0364,1.02165,511.76,49.277,13.819,680.96,34.526,30.891,0.039477,-0.001834,-0.030079,20.818,22.193,steady_run_3
22.135000,3,80,4764.02,23.8424,1.01573,506.73,49.263,13.906,685.04,34.529,30.893,-0.017358,-0.058786,0.028594,20.656,22.193,steady_run_3
22.140000,3,80,4767.40,23.8300,1.00905,503.76,49.306,13.701,675.55,34.531,30.894,0.073757,0.030590,0.007916,20.702,22.193,steady_run_3
22.145000,3,80,4777.66,24.0355,1.01594,508.29,49.244,13.938,686.38,34.534,30.896,0.015531,-0.003687,-0.034105,20.798,22.193,steady_run_3
22.150000,3,80,4761.67,23.8415,1.00786,502.56,49.274,13.919,685.87,34.537,30.898,-0.050056,0.004494,-0.028802,20.612,22.193,steady_run_3
22.155000,3,80,4767.62,23.8556,1.02652,512.51,49.279,13.825,681.26,34.540,30.900,-0.010626,-0.024993,0.001972,20.795,22.193,steady_run_3
22.160000,3,80,4769.20,23.9729,1.01587,507.36,49.277,13.951,687.48,34.543,30.901,-0.007180,-0.015190,-0.004715,20.768,22.193,steady_run_3
22.165000,3,80,4765.67,23.8220,1.03171,514.89,49.261,13.960,687.69,34.546,30.903,-0.014693,-0.053180,0.026230,20.602,22.193,steady_run_3
22.170000,3,80,4778.75,24.0553,1.02679,513.84,49.276,13.790,679.54,34.549,30.905,-0.057107,-0.003580,-0.019802,20.748,22.193,steady_run_3
22.175000,3,80,4772.41,24.0187,1.03505,517.28,49.251,13.859,682.56,34.552,30.907,-0.060851,0.004258,-0.032132,20.856,22.192,steady_run_3
22.180000,3,80,4765.51,23.8317,1.01564,506.85,49.254,13.906,684.95,34.555,30.908,-0.039736,-0.040131,0.015477,20.603,22.192,steady_run_3
22.185000,3,80,4777.56,23.8863,1.01751,509.07,49.268,13.843,682.05,34.558,30.910,-0.014295,-0.047532,0.022568,20.792,22.192,steady_run_3
22.190000,3,80,4774.57,23.9649,1.01414,507.06,49.259,13.943,686.84,34.561,30.912,-0.060112,0.000939,-0.031472,20.763,22.192,steady_run_3
22.195000,3,80,4769.00,23.9856,1.01713,507.96,49.269,13.932,686.41,34.564,30.914,0.072491,0.046580,0.020458,20.740,22.192,steady_run_3
22.200000,3,80,4774.08,23.8440,1.03294,516.41,49.254,13.898,684.54,34.567,30.916,-0.001934,-0.012352,-0.014358,20.711,22.192,steady_run_3
22.205000,3,80,4770.94,23.8719,1.01426,506.73,49.243,13.872,683.10,34.570,30.917,-0.037349,-0.043332,0.019340,20.735,22.192,steady_run_3
22.210000,3,80,4778.33,23.9297,1.02796,514.38,49.273,13.882,684.03,34.572,30.919,-0.059401,0.002448,-0.027585,20.787,22.192,steady_run_3
22.215000,3,80,4762.85,23.7166,1.01959,508.54,49.281,13.857,682.87,34.575,30.921,-0.010035,-0.024021,0.004156,20.703,22.192,steady_run_3
22.220000,3,80,4768.11,24.0098,1.03105,514.82,49.277,13.849,682.43,34.578,30.922,-0.058167,0.003409,-0.031025,20.696,22.192,steady_run_3
22.225000,3,80,4764.90,23.8025,0.99967,498.81,49.257,13.900,684.67,34.581,30.924,0.017315,0.044819,0.022134,20.762,22.192,steady_run_3
22.230000,3,80,4764.12,23.8078,1.01639,507.08,49.264,13.812,680.46,34.584,30.926,0.072845,0.055963,0.027592,20.772,22.192,steady_run_3
22.235000,3,80,4775.27,24.0141,1.02293,511.53,49.245,13.820,680.54,34.587,30.928,-0.031388,-0.050440,0.018210,20.731,22.192,steady_run_3
22.240000,3,80,4769.80,23.8684,1.03527,517.11,49.288,13.724,676.40,34.590,30.929,0.027110,0.049100,0.024132,20.688,22.192,steady_run_3
22.245000,3,80,4773.16,24.0244,1.02879,514.23,49.240,14.007,689.71,34.593,30.931,-0.038160,-0.041342,0.015050,20.857,22.192,steady_run_3
22.250000,3,80,4766.83,23.9735,1.01960,508.96,49.269,13.919,685.77,34.596,30.933,-0.048696,-0.019696,-0.006032,20.801,22.192,steady_run_3
22.255000,3,80,4767.58,23.8965,1.02406,511.27,49.274,13.840,681.96,34.598,30.934,0.005999,-0.003325,-0.022602,20.826,22.192,steady_run_3
22.260000,3,80,4769.46,24.0240,1.01287,505.88,49.270,13.920,685.82,34.601,30.936,-0.008265,-0.034038,0.011931,20.754,22.192,steady_run_3
22.265000,3,80,4762.83,23.7692,1.02937,513.41,49.292,13.808,680.62,34.604,30.938,-0.002293,-0.010455,-0.010775,20.715,22.192,steady_run_3
22.270000,3,80,4762.74,23.6981,1.01903,508.24,49.234,13.978,688.19,34.607,30.940,-0.061781,0.001064,-0.027458,20.583,22.192,steady_run_3
22.275000,3,80,4772.33,23.8111,1.01600,507.75,49.277,13.835,681.78,34.610,30.941,-0.053617,-0.004060,-0.014064,20.781,22.192,steady_run_3
22.280000,3,80,4758.47,23.7318,1.03154,514.02,49.272,13.778,678.89,34.613,30.943,0.011401,0.037638,0.018993,20.667,22.192,steady_run_3
22.285000,3,80,4778.67,23.8769,1.01637,508.61,49.238,14.003,689.48,34.616,30.945,-0.046437,0.001453,-0.023125,20.859,22.192,steady_run_3
22.290000,3,80,4775.63,23.9913,1.01140,505.80,49.285,13.862,683.19,34.619,30.946,0.070842,0.043344,0.019407,20.914,22.192,steady_run_3
22.295000,3,80,4764.62,23.7228,1.01818,508.02,49.249,13.840,681.64,34.621,30.948,-0.010374,-0.027695,0.004642,20.716,22.192,steady_run_3
22.300000,3,80,4768.92,23.8223,1.02655,512.66,49.246,13.817,680.46,34.624,30.950,-0.010807,-0.026050,0.004967,20.718,22.192,steady_run_3
22.305000,3,80,4770.35,23.8582,1.01891,509.00,49.259,13.905,684.94,34.627,30.951,0.006018,-0.004318,-0.020920,20.723,22.192,steady_run_3
22.310000,3,80,4770.81,23.9184,1.02007,509.62,49.245,13.914,685.18,34.630,30.953,-0.008079,0.020889,0.004367,20.723,22.192,steady_run_3
22.315000,3,80,4771.37,23.8557,1.02779,513.54,49.242,13.907,684.81,34.633,30.955,-0.022696,-0.061451,0.031568,20.765,22.192,steady_run_3
22.320000,3,80,4780.71,24.0302,1.02372,512.51,49.268,13.829,681.33,34.636,30.957,-0.005707,-0.015010,-0.004984,20.820,22.192,steady_run_3
22.325000,3,80,4771.49,23.9109,1.02669,513.01,49.274,13.735,676.75,34.639,30.958,0.000550,-0.009433,-0.019072,20.856,22.192,steady_run_3
22.330000,3,80,4769.24,23.8140,1.02176,510.30,49.285,13.866,683.38,34.641,30.960,-0.006122,0.025092,0.005376,20.842,22.192,steady_run_3
22.335000,3,80,4771.60,23.9201,1.01788,508.62,49.229,14.039,691.14,34.644,30.962,0.058485,0.005993,-0.017636,20.760,22.192,steady_run_3
22.340000,3,80,4764.36,23.8597,1.01967,508.74,49.286,13.860,683.10,34.647,30.963,-0.018278,0.018132,-0.000512,20.592,22.192,steady_run_3
22.345000,3,80,4776.89,23.8901,1.02193,511.21,49.249,13.885,683.81,34.650,30.965,0.014125,0.042622,0.022847,20.800,22.192,steady_run_3
22.350000,3,80,4769.64,23.8708,1.01815,508.54,49.254,13.888,684.03,34.653,30.967,-0.045508,-0.020278,-0.003092,20.703,22.192,steady_run_3
22.355000,3,80,4769.08,23.9334,1.01929,509.05,49.256,13.907,685.00,34.656,30.968,-0.042561,0.005062,-0.021538,20.761,22.192,steady_run_3
22.360000,3,80,4777.11,24.0542,1.01708,508.80,49.255,13.942,686.71,34.659,30.970,0.046022,-0.000294,-0.025244,20.791,22.192,steady_run_3
22.365000,3,80,4773.19,23.9584,1.03809,518.89,49.257,13.850,682.18,34.662,30.972,0.062613,0.015579,-0.008650,20.742,22.192,steady_run_3
22.370000,3,80,4780.17,23.8616,1.01957,510.37,49.252,13.944,686.78,34.664,30.974,0.066476,0.018480,-0.006844,20.752,22.192,steady_run_3
22.375000,3,80,4758.86,23.7097,1.01376,505.20,49.237,13.869,682.89,34.667,30.975,-0.037768,-0.035203,0.010178,20.693,22.192,steady_run_3
22.380000,3,80,4774.24,23.9642,1.03235,516.13,49.247,13.906,684.83,34.670,30.977,-0.059235,-0.000281,-0.031799,20.832,22.192,steady_run_3
22.385000,3,80,4768.44,23.9332,1.03149,515.07,49.270,13.834,681.60,34.673,30.979,0.034984,0.057124,0.028183,20.740,22.192,steady_run_3
22.390000,3,80,4785.38,24.0518,1.03185,517.08,49.252,13.928,685.96,34.676,30.980,-0.054140,-0.006239,-0.018890,20.850,22.191,steady_run_3
22.395000,3,80,4766.94,23.8421,1.02205,510.20,49.258,13.908,685.10,34.679,30.982,0.045578,0.002410,-0.026692,20.748,22.191,steady_run_3
22.400000,3,80,4763.46,23.7804,1.02253,510.07,49.242,13.953,687.06,34.682,30.984,0.012569,-0.002493,-0.026067,20.794,22.191,steady_run_3
22.405000,3,80,4775.42,23.9915,1.02562,512.89,49.269,13.818,680.80,34.684,30.985,0.062010,0.011848,-0.011998,20.814,22.191,steady_run_3
22.410000,3,80,4766.00,23.8335,1.01797,508.06,49.241,13.910,684.92,34.687,30.987,0.067411,0.059674,0.031492,20.733,22.191,steady_run_3
22.415000,3,80,4776.39,24.0158,1.04020,520.29,49.266,13.990,689.25,34.690,30.989,0.004363,-0.001981,-0.022383,20.780,22.191,steady_run_3
22.420000,3,80,4766.79,23.7830,1.01891,508.61,49.268,13.882,683.94,34.693,30.990,0.069990,0.024860,-0.000661,20.735,22.191,steady_run_3
22.425000,3,80,4760.91,23.6637,1.01171,504.40,49.285,13.725,676.46,34.696,30.992,-0.001454,-0.005841,-0.020413,20.682,22.191,steady_run_3
22.430000,3,80,4765.42,23.7873,1.02284,510.43,49.253,13.780,678.72,34.698,30.994,-0.014596,-0.035972,0.013261,20.716,22.191,steady_run_3
22.435000,3,80,4770.49,23.9152,1.02122,510.16,49.253,13.902,684.71,34.701,30.995,-0.059406,-0.000176,-0.029894,20.730,22.191,steady_run_3
22.440000,3,80,4773.03,23.9563,1.03324,516.45,49.229,14.047,691.53,34.704,30.997,0.066684,0.058875,0.027284,20.774,22.191,steady_run_3
22.445000,3,80,4769.92,23.8218,1.02758,513.28,49.264,13.899,684.70,34.707,30.999,0.014087,-0.002327,-0.030559,20.679,22.191,steady_run_3
22.450000,3,80,4774.46,23.9555,1.04445,522.21,49.280,13.845,682.29,34.710,31.000,-0.008739,-0.023590,0.001410,20.799,22.191,steady_run_3
22.455000,3,80,4773.04,23.9403,1.03301,516.33,49.259,13.875,683.45,34.713,31.002,0.026677,-0.003107,-0.033223,20.692,22.191,steady_run_3
22.460000,3,80,4772.00,23.9486,1.02842,513.92,49.238,13.867,682.77,34.715,31.004,0.027823,-0.001991,-0.033464,20.787,22.191,steady_run_3
22.465000,3,80,4774.62,23.8164,1.03402,517.01,49.272,13.803,680.10,34.718,31.005,-0.050041,-0.019011,-0.000201,20.670,22.191,steady_run_3
22.470000,3,80,4767.05,23.9800,1.00489,501.65,49.250,13.945,686.81,34.721,31.007,0.047587,0.002424,-0.025807,20.714,22.191,steady_run_3
22.475000,3,80,4777.38,23.9642,1.04165,521.12,49.265,13.841,681.89,34.724,31.009,-0.021090,-0.055417,0.028831,20.766,22.191,steady_run_3
22.480000,3,80,4772.88,23.9994,1.04008,519.85,49.252,13.960,687.55,34.727,31.010,0.057791,0.005116,-0.020211,20.776,22.191,steady_run_3
22.485000,3,80,4785.08,24.0020,1.03785,520.06,49.297,13.761,678.40,34.729,31.012,0.067389,0.017326,-0.005323,20.813,22.191,steady_run_3
22.490000,3,80,4771.74,23.9478,1.03547,517.42,49.264,13.819,680.76,34.732,31.014,-0.026883,-0.054006,0.027011,20.625,22.191,steady_run_3
22.495000,3,80,4774.26,23.8192,1.03468,517.30,49.252,13.911,685.12,34.735,31.015,-0.012198,0.022896,0.003230,20.859,22.191,steady_run_3
22.500000,3,80,4762.70,23.7460,1.01705,507.25,49.248,13.895,684.28,34.738,31.017,0.029964,0.049698,0.030219,20.702,22.191,steady_run_3
22.505000,3,80,4785.71,24.1018,1.02495,513.66,49.251,13.960,687.53,34.741,31.019,0.039712,0.059901,0.029025,20.808,22.191,steady_run_3
22.510000,3,80,4761.58,23.7577,1.03621,516.69,49.262,13.783,678.96,34.743,31.020,-0.001299,-0.006308,-0.018565,20.749,22.191,steady_run_3
22.515000,3,80,4772.49,24.0267,1.03172,515.63,49.242,14.047,691.72,34.746,31.022,-0.046747,0.007985,-0.025007,20.832,22.191,steady_run_3
22.520000,3,80,4777.56,23.9740,1.03228,516.46,49.249,13.909,684.99,34.749,31.024,0.069716,0.029385,0.007632,20.848,22.191,steady_run_3
22.525000,0,0,4735.26,23.5926,1.01280,502.22,49.272,13.880,683.90,34.752,31.025,-0.047813,-0.013393,-0.010833,20.594,22.191,idle_or_transition
22.530000,0,0,4703.60,23.1884,1.00423,494.64,49.287,13.729,676.65,34.755,31.027,0.058023,0.009733,-0.017026,20.451,22.191,idle_or_transition
22.535000,0,0,4666.81,22.9380,0.98191,479.87,49.296,13.387,659.91,34.757,31.028,-0.057396,0.004029,-0.032411,20.401,22.191,idle_or_transition
22.540000,0,0,4633.23,22.5223,0.95655,464.11,49.314,13.293,655.52,34.759,31.029,-0.029624,-0.057100,0.029161,20.263,22.191,idle_or_transition
22.545000,0,0,4602.11,22.3325,0.95588,460.67,49.311,13.193,650.59,34.761,31.030,0.026009,-0.003852,-0.033905,20.077,22.191,idle_or_transition
22.550000,0,0,4557.54,21.9452,0.94118,449.19,49.333,12.997,641.19,34.764,31.031,0.002140,0.029897,0.010734,19.862,22.191,idle_or_transition
22.555000,0,0,4539.46,21.7216,0.92898,441.61,49.356,12.806,632.05,34.765,31.032,-0.019479,-0.060895,0.033814,19.670,22.191,idle_or_transition
22.560000,0,0,4511.03,21.3384,0.91174,430.70,49.351,12.803,631.85,34.767,31.033,0.047664,0.000665,-0.022936,19.621,22.191,idle_or_transition
22.565000,0,0,4486.25,21.1309,0.90109,423.33,49.356,12.606,622.18,34.769,31.034,0.021162,-0.002457,-0.031484,19.516,22.191,idle_or_transition
22.570000,0,0,4441.20,20.7266,0.88769,412.85,49.361,12.476,615.82,34.771,31.034,-0.057248,-0.000038,-0.026075,19.332,22.191,idle_or_transition
22.575000,0,0,4419.66,20.4511,0.89401,413.77,49.396,12.301,607.64,34.772,31.035,0.041574,0.057272,0.030521,19.226,22.191,idle_or_transition
22.580000,0,0,4380.77,20.0469,0.87953,403.49,49.401,12.317,608.50,34.774,31.036,-0.054382,-0.001051,-0.030629,19.073,22.191,idle_or_transition
22.585000,0,0,4353.66,19.9241,0.85657,390.52,49.437,12.067,596.55,34.775,31.036,-0.000688,0.031567,0.008604,18.941,22.191,idle_or_transition
22.590000,0,0,4314.93,19.4275,0.84556,382.07,49.427,11.870,586.68,34.776,31.036,-0.051732,0.001151,-0.024285,18.812,22.190,idle_or_transition
22.595000,0,0,4284.09,19.3231,0.82546,370.33,49.454,11.839,585.49,34.777,31.036,-0.017622,-0.044937,0.025161,18.673,22.190,idle_or_transition
22.600000,0,0,4261.48,19.0432,0.80712,360.19,49.431,11.707,578.67,34.778,31.036,0.005920,-0.000868,-0.023680,18.491,22.190,idle_or_transition
22.605000,0,0,4224.16,18.7275,0.80134,354.47,49.435,11.667,576.77,34.779,31.036,-0.038348,-0.022860,0.004187,18.379,22.190,idle_or_transition
22.610000,0,0,4196.76,18.5582,0.79036,347.35,49.466,11.463,567.03,34.780,31.036,-0.043534,-0.009735,-0.010830,18.300,22.190,idle_or_transition
22.615000,0,0,4170.52,18.2500,0.77546,338.67,49.482,11.297,558.99,34.781,31.036,0.062580,0.020136,0.001121,18.080,22.190,idle_or_transition
22.620000,0,0,4142.64,17.9986,0.77124,334.58,49.473,11.268,557.46,34.781,31.036,0.034031,0.055689,0.025971,18.059,22.190,idle_or_transition
22.625000,0,0,4119.36,17.9066,0.76220,328.79,49.491,11.237,556.13,34.782,31.036,-0.025548,-0.045931,0.023526,17.900,22.190,idle_or_transition
22.630000,0,0,4072.93,17.3775,0.73773,314.65,49.502,11.036,546.28,34.782,31.035,-0.008748,-0.028883,0.008185,17.658,22.190,idle_or_transition
22.635000,0,0,4055.48,17.2697,0.73373,311.61,49.503,10.957,542.42,34.783,31.035,0.053173,0.006249,-0.012156,17.638,22.190,idle_or_transition
22.640000,0,0,4022.24,17.0642,0.73076,307.80,49.529,10.807,535.24,34.783,31.034,0.035043,0.049128,0.026901,17.528,22.190,idle_or_transition
22.645000,0,0,3983.33,16.6754,0.71832,299.63,49.525,10.668,528.35,34.783,31.034,-0.040975,-0.016918,-0.007382,17.323,22.190,idle_or_transition
22.650000,0,0,3964.41,16.4147,0.70957,294.58,49.560,10.518,521.29,34.783,31.033,-0.028150,0.006199,-0.010079,17.234,22.190,idle_or_transition
22.655000,0,0,3925.11,16.1890,0.68071,279.79,49.525,10.483,519.19,34.783,31.032,0.000060,-0.009469,-0.012402,17.207,22.190,idle_or_transition
22.660000,0,0,3913.19,16.0236,0.68770,281.81,49.561,10.472,518.99,34.783,31.031,0.046919,-0.000284,-0.018291,17.030,22.190,idle_or_transition
22.665000,0,0,3870.82,15.6856,0.69325,281.01,49.573,10.168,504.04,34.783,31.030,-0.020420,-0.051132,0.028865,16.703,22.190,idle_or_transition
22.670000,0,0,3845.95,15.5048,0.68104,274.29,49.589,10.150,503.33,34.783,31.029,-0.011402,-0.043867,0.021313,16.754,22.190,idle_or_transition
22.675000,0,0,3826.64,15.3700,0.66195,265.26,49.568,10.051,498.20,34.782,31.028,-0.013494,-0.052059,0.026830,16.715,22.190,idle_or_transition
22.680000,0,0,3798.62,15.2252,0.65124,259.06,49.595,9.848,488.42,34.782,31.027,0.031616,-0.000486,-0.024299,16.582,22.190,idle_or_transition
22.685000,0,0,3766.43,14.9205,0.65148,256.96,49.608,9.884,490.31,34.781,31.026,-0.007436,-0.019751,-0.001057,16.407,22.190,idle_or_transition
22.690000,0,0,3734.10,14.5891,0.62314,243.67,49.618,9.625,477.59,34.781,31.024,-0.019801,-0.047152,0.024964,16.169,22.190,idle_or_transition
22.695000,0,0,3711.87,14.4045,0.61121,237.58,49.612,9.531,472.86,34.780,31.023,-0.005703,-0.025253,0.004945,16.040,22.190,idle_or_transition
22.700000,0,0,3694.51,14.2942,0.62513,241.86,49.612,9.532,472.88,34.779,31.021,0.053841,0.011295,-0.004156,16.173,22.190,idle_or_transition
22.705000,0,0,3655.48,14.0581,0.61265,234.52,49.610,9.462,469.39,34.778,31.020,-0.046217,-0.001724,-0.019840,15.936,22.190,idle_or_transition
22.710000,0,0,3639.80,13.9460,0.59190,225.61,49.614,9.479,470.29,34.778,31.019,0.058307,0.040556,0.015296,15.884,22.190,idle_or_transition
22.715000,0,0,3612.01,13.6596,0.58394,220.87,49.644,9.165,455.01,34.776,31.017,-0.014848,0.012455,-0.002197,15.666,22.190,idle_or_transition
22.720000,0,0,3589.93,13.5496,0.57791,217.26,49.643,9.130,453.24,34.775,31.015,-0.035374,0.003946,-0.019785,15.618,22.190,idle_or_transition
22.725000,0,0,3557.46,13.2976,0.57376,213.75,49.671,8.981,446.10,34.774,31.013,-0.028029,0.003248,-0.015110,15.443,22.190,idle_or_transition
22.730000,0,0,3533.75,13.1038,0.56302,208.35,49.670,8.915,442.79,34.773,31.011,0.046550,0.008943,-0.006767,15.349,22.190,idle_or_transition
22.735000,0,0,3511.59,12.9314,0.55156,202.83,49.654,8.964,445.10,34.772,31.010,0.056165,0.037950,0.017851,15.225,22.190,idle_or_transition
22.740000,0,0,3474.71,12.8308,0.53583,194.97,49.661,8.732,433.63,34.770,31.008,-0.008055,-0.018840,0.006264,15.199,22.190,idle_or_transition
22.745000,0,0,3454.87,12.6235,0.53122,192.19,49.672,8.740,434.13,34.769,31.006,0.041549,0.005730,-0.012365,15.011,22.190,idle_or_transition
22.750000,0,0,3435.00,12.4192,0.52917,190.35,49.675,8.644,429.37,34.767,31.004,0.014776,0.030269,0.017734,14.977,22.190,idle_or_transition
22.755000,0,0,3404.88,12.0489,0.52209,186.16,49.708,8.396,417.33,34.766,31.001,-0.032002,-0.000422,-0.015959,14.961,22.190,idle_or_transition
22.760000,0,0,3391.03,12.0243,0.51290,182.14,49.714,8.492,422.19,34.764,30.999,-0.021324,0.007577,-0.011560,14.769,22.190,idle_or_transition
22.765000,0,0,3359.35,11.8742,0.51023,179.50,49.695,8.408,417.85,34.762,30.997,0.051655,0.017810,0.001993,14.580,22.190,idle_or_transition
22.770000,0,0,3335.31,11.5956,0.49964,174.51,49.713,8.301,412.68,34.761,30.995,0.014179,-0.001944,-0.024982,14.605,22.190,idle_or_transition
22.775000,0,0,3305.20,11.4484,0.48931,169.36,49.712,8.198,407.53,34.759,30.992,0.050037,0.012894,-0.006133,14.353,22.190,idle_or_transition
22.780000,0,0,3291.37,11.4586,0.48512,167.21,49.706,8.131,404.15,34.757,30.990,0.040438,0.004613,-0.014717,14.390,22.190,idle_or_transition
22.785000,0,0,3263.98,11.2068,0.47654,162.88,49.727,8.098,402.69,34.755,30.987,0.052257,0.036722,0.017617,14.242,22.189,idle_or_transition
22.790000,0,0,3244.33,11.0444,0.47744,162.21,49.743,7.969,396.40,34.753,30.985,-0.009982,0.012883,-0.001744,14.083,22.189,idle_or_transition
22.795000,0,0,3214.70,10.8469,0.45575,153.42,49.738,7.847,390.29,34.751,30.982,0.000615,0.025299,0.006568,13.810,22.189,idle_or_transition
22.800000,0,0,3200.93,10.7230,0.46668,156.43,49.761,7.818,389.01,34.749,30.980,0.018220,0.035615,0.017617,14.036,22.189,idle_or_transition
22.805000,0,0,3173.54,10.5920,0.44934,149.33,49.744,7.832,389.61,34.747,30.977,-0.031829,0.003729,-0.015944,13.759,22.189,idle_or_transition
22.810000,0,0,3157.38,10.4805,0.45572,150.68,49.767,7.580,377.24,34.744,30.974,0.017460,0.032989,0.014158,13.709,22.189,idle_or_transition
22.815000,0,0,3130.07,10.2505,0.43853,143.74,49.771,7.653,380.89,34.742,30.972,-0.028976,0.003051,-0.014015,13.684,22.189,idle_or_transition
22.820000,0,0,3114.31,10.1879,0.43876,143.09,49.788,7.571,376.96,34.740,30.969,0.047027,0.024324,0.007014,13.532,22.189,idle_or_transition
22.825000,0,0,3080.12,9.8739,0.41931,135.25,49.802,7.391,368.07,34.737,30.966,-0.008382,-0.014994,-0.001411,13.351,22.189,idle_or_transition
22.830000,0,0,3058.66,9.9179,0.42284,135.44,49.793,7.348,365.87,34.735,30.963,-0.013944,-0.038153,0.021202,13.329,22.189,idle_or_transition
22.835000,0,0,3037.64,9.6536,0.41799,132.96,49.775,7.311,363.90,34.732,30.960,-0.037945,0.000556,-0.018097,13.228,22.189,idle_or_transition
22.840000,0,0,3025.80,9.6148,0.41119,130.29,49.821,7.387,368.05,34.730,30.957,-0.014691,-0.037846,0.023825,13.111,22.189,idle_or_transition
22.845000,0,0,2995.24,9.4605,0.42174,132.28,49.815,7.263,361.81,34.727,30.954,0.049433,0.020005,0.002550,12.959,22.189,idle_or_transition
22.850000,0,0,2987.75,9.3094,0.39712,124.25,49.797,7.209,358.98,34.724,30.951,-0.018477,-0.041614,0.022410,12.817,22.189,idle_or_transition
22.855000,0,0,2958.51,9.2313,0.39420,122.13,49.820,7.133,355.39,34.722,30.948,-0.031599,-0.010544,-0.002005,12.934,22.189,idle_or_transition
22.860000,0,0,2927.93,8.9547,0.38095,116.81,49.820,7.029,350.18,34.719,30.945,0.017551,0.001146,-0.020121,12.736,22.189,idle_or_transition
22.865000,0,0,2913.20,8.8296,0.37085,113.13,49.821,7.020,349.73,34.716,30.942,-0.004809,0.012073,0.001111,12.608,22.189,idle_or_transition
22.870000,0,0,2887.18,8.7431,0.37551,113.53,49.834,6.929,345.30,34.713,30.938,0.022739,-0.001712,-0.017618,12.623,22.189,idle_or_transition
22.875000,0,0,2874.78,8.8028,0.36261,109.16,49.819,6.975,347.47,34.711,30.935,-0.039192,0.002925,-0.023259,12.572,22.189,idle_or_transition
22.880000,0,0,2845.89,8.4783,0.36022,107.35,49.815,6.949,346.17,34.708,30.932,0.025302,0.038343,0.020820,12.535,22.189,idle_or_transition
22.885000,0,0,2834.67,8.4871,0.35654,105.84,49.829,6.728,335.24,34.705,30.929,0.013960,0.029247,0.013560,12.293,22.189,idle_or_transition
22.890000,0,0,2810.58,8.3351,0.35384,104.14,49.851,6.648,331.43,34.702,30.925,0.027776,0.039742,0.021382,12.293,22.189,idle_or_transition
22.895000,0,0,2780.62,8.1768,0.34086,99.25,49.842,6.455,321.73,34.699,30.922,-0.029398,0.004756,-0.014986,12.034,22.189,idle_or_transition
22.900000,0,0,2767.43,8.1134,0.33949,98.39,49.884,6.370,317.76,34.695,30.918,0.034638,0.038703,0.019175,12.136,22.189,idle_or_transition
22.905000,0,0,2745.97,7.9983,0.33046,95.03,49.867,6.431,320.72,34.692,30.915,0.042255,0.032201,0.015646,11.912,22.189,idle_or_transition
22.910000,0,0,2727.88,7.9098,0.32671,93.33,49.863,6.472,322.73,34.689,30.911,-0.006573,-0.014218,0.003225,11.910,22.189,idle_or_transition
22.915000,0,0,2710.54,7.6788,0.32874,93.31,49.871,6.383,318.33,34.686,30.908,0.028923,0.039933,0.019900,11.696,22.189,idle_or_transition
22.920000,0,0,2694.29,7.6301,0.33593,94.78,49.879,6.305,314.48,34.682,30.904,0.038070,0.037835,0.019913,11.762,22.189,idle_or_transition
22.925000,0,0,2668.61,7.5077,0.31867,89.05,49.850,6.392,318.63,34.679,30.900,-0.011594,-0.029470,0.018249,11.651,22.189,idle_or_transition
22.930000,0,0,2650.06,7.3253,0.30389,84.33,49.892,6.177,308.16,34.676,30.897,-0.022862,-0.027446,0.008615,11.551,22.189,idle_or_transition
22.935000,0,0,2639.03,7.3107,0.31046,85.80,49.911,6.088,303.85,34.672,30.893,-0.023563,-0.021644,0.009358,11.526,22.189,idle_or_transition
22.940000,0,0,2625.20,7.1835,0.31353,86.19,49.893,6.113,305.02,34.669,30.889,-0.017155,-0.037037,0.017313,11.335,22.189,idle_or_transition
22.945000,0,0,2604.88,7.0625,0.29640,80.85,49.926,6.067,302.88,34.665,30.885,0.028619,0.037334,0.020305,11.341,22.189,idle_or_transition
22.950000,0,0,2584.09,7.0230,0.29717,80.42,49.906,6.060,302.42,34.662,30.882,0.013379,-0.002032,-0.018363,11.407,22.189,idle_or_transition
22.955000,0,0,2558.65,7.0150,0.28824,77.23,49.906,6.021,300.49,34.658,30.878,-0.033570,0.001751,-0.020895,11.247,22.189,idle_or_transition
22.960000,0,0,2537.46,6.7614,0.28931,76.88,49.914,5.915,295.24,34.654,30.874,-0.008053,0.011268,-0.001789,11.080,22.189,idle_or_transition
22.965000,0,0,2525.96,6.6113,0.27674,73.20,49.932,5.756,287.43,34.651,30.870,-0.035078,-0.001942,-0.014752,11.004,22.188,idle_or_transition
22.970000,0,0,2509.12,6.7048,0.28159,73.99,49.929,5.863,292.76,34.647,30.866,-0.006717,-0.029786,0.015966,10.874,22.188,idle_or_transition
22.975000,0,0,2492.86,6.4820,0.28403,74.15,49.926,5.747,286.93,34.643,30.862,-0.007656,-0.025097,0.015628,10.796,22.188,idle_or_transition
22.980000,0,0,2477.57,6.4614,0.27567,71.52,49.952,5.730,286.20,34.639,30.858,-0.028242,0.003760,-0.015240,10.824,22.188,idle_or_transition
22.985000,0,0,2456.22,6.3359,0.27831,71.59,49.918,5.756,287.32,34.636,30.854,-0.022366,0.005322,-0.008715,10.606,22.188,idle_or_transition
22.990000,0,0,2434.55,6.1846,0.25367,64.67,49.960,5.453,272.43,34.632,30.850,-0.034368,0.000738,-0.020012,10.649,22.188,idle_or_transition
22.995000,0,0,2424.54,6.1432,0.26544,67.39,49.911,5.631,281.06,34.628,30.846,0.038936,0.014378,0.001321,10.542,22.188,idle_or_transition
23.000000,0,0,2407.23,5.9987,0.27200,68.57,49.940,5.517,275.50,34.624,30.842,-0.031512,-0.000981,-0.014744,10.505,22.188,idle_or_transition
23.005000,0,0,2389.97,6.0306,0.26374,66.01,49.967,5.455,272.56,34.620,30.838,0.008128,-0.000887,-0.015036,10.483,22.188,idle_or_transition
23.010000,0,0,2371.43,5.9714,0.25014,62.12,49.954,5.458,272.67,34.616,30.833,-0.006410,-0.012281,0.000958,10.430,22.188,idle_or_transition
23.015000,0,0,2355.00,5.9226,0.25811,63.65,49.961,5.421,270.81,34.612,30.829,0.008592,0.000005,-0.017036,10.144,22.188,idle_or_transition
23.020000,0,0,2324.83,5.5599,0.24707,60.15,49.953,5.304,264.94,34.608,30.825,0.002349,0.019061,0.005916,10.102,22.188,idle_or_transition
23.025000,0,0,2314.33,5.6485,0.24851,60.23,49.995,5.247,262.33,34.604,30.821,0.041825,0.022177,0.011339,10.021,22.188,idle_or_transition
23.030000,0,0,2303.18,5.5036,0.24140,58.22,49.992,5.208,260.38,34.600,30.816,0.030328,0.035961,0.018486,9.975,22.188,idle_or_transition
23.035000,0,0,2281.55,5.5340,0.23848,56.98,49.990,5.120,255.93,34.595,30.812,-0.000653,0.015117,0.005472,9.929,22.188,idle_or_transition
23.040000,0,0,2273.17,5.3966,0.23756,56.55,49.968,5.197,259.67,34.591,30.808,-0.007280,0.011023,0.000097,9.923,22.188,idle_or_transition
23.045000,0,0,2249.03,5.3404,0.22678,53.41,49.965,5.165,258.07,34.587,30.803,-0.024713,0.005000,-0.012665,9.611,22.188,idle_or_transition
23.050000,0,0,2241.17,5.2709,0.23023,54.03,49.993,5.034,251.64,34.583,30.799,0.022413,0.029944,0.017396,9.705,22.188,idle_or_transition
23.055000,0,0,2217.77,5.1578,0.23012,53.44,49.954,5.117,255.64,34.578,30.794,0.027082,0.002223,-0.012632,9.686,22.188,idle_or_transition
23.060000,0,0,2203.83,5.0343,0.20844,48.10,49.970,5.147,257.17,34.574,30.790,0.031201,0.029736,0.015498,9.588,22.188,idle_or_transition
23.065000,0,0,2190.26,5.0891,0.22164,50.84,49.991,4.975,248.69,34.570,30.786,0.023999,0.029513,0.016814,9.519,22.188,idle_or_transition
23.070000,0,0,2172.19,5.0327,0.20781,47.27,49.990,4.783,239.11,34.565,30.781,0.018447,-0.000359,-0.014731,9.481,22.188,idle_or_transition
23.075000,0,0,2159.66,4.9040,0.21243,48.04,49.995,4.860,242.97,34.561,30.777,-0.024018,-0.021847,0.007645,9.393,22.188,idle_or_transition
23.080000,0,0,2143.67,4.9007,0.20913,46.95,50.018,4.944,247.30,34.557,30.772,-0.023848,-0.007995,0.000852,9.345,22.188,idle_or_transition
23.085000,0,0,2131.57,4.8091,0.20350,45.43,49.989,4.781,239.02,34.552,30.767,0.030329,0.003156,-0.006583,9.271,22.188,idle_or_transition
23.090000,0,0,2114.84,4.6534,0.19864,43.99,49.977,4.788,239.29,34.548,30.763,-0.001594,0.016876,0.005550,9.166,22.188,idle_or_transition
23.095000,0,0,2096.71,4.6397,0.19568,42.97,50.027,4.737,237.00,34.543,30.758,0.034732,0.013626,0.003349,9.276,22.188,idle_or_transition
23.100000,0,0,2079.31,4.6024,0.20165,43.91,50.028,4.619,231.09,34.539,30.754,-0.017353,-0.015283,0.006779,9.144,22.188,idle_or_transition
23.105000,0,0,2070.27,4.5276,0.18829,40.82,50.038,4.628,231.59,34.534,30.749,0.004660,-0.003347,-0.014870,9.022,22.188,idle_or_transition
23.110000,0,0,2054.58,4.3570,0.19690,42.36,50.012,4.690,234.54,34.529,30.744,-0.006445,-0.019311,0.007864,8.990,22.188,idle_or_transition
23.115000,0,0,2037.81,4.4639,0.18647,39.79,50.037,4.454,222.85,34.525,30.740,0.032706,0.010321,-0.004096,8.757,22.188,idle_or_transition
23.120000,0,0,2024.67,4.2700,0.17807,37.76,50.026,4.634,231.81,34.520,30.735,0.012003,0.000831,-0.014555,8.754,22.188,idle_or_transition
23.125000,0,0,2001.34,4.2324,0.17870,37.45,50.043,4.506,225.51,34.515,30.730,-0.006494,-0.023625,0.010398,8.689,22.188,idle_or_transition
23.130000,0,0,1999.25,4.1909,0.18212,38.13,50.020,4.562,228.21,34.511,30.725,-0.024597,0.000914,-0.011534,8.863,22.188,idle_or_transition
23.135000,0,0,1979.02,4.1266,0.17594,36.46,50.013,4.417,220.88,34.506,30.721,0.025345,0.004777,-0.010569,8.639,22.188,idle_or_transition
23.140000,0,0,1969.88,4.1223,0.17270,35.63,50.023,4.473,223.78,34.501,30.716,-0.018732,0.000191,-0.011767,8.602,22.187,idle_or_transition
23.145000,0,0,1960.80,4.0170,0.17131,35.18,50.070,4.341,217.34,34.497,30.711,-0.012769,-0.027130,0.016549,8.555,22.187,idle_or_transition
23.150000,0,0,1941.23,3.9509,0.17348,35.26,50.037,4.389,219.60,34.492,30.706,0.032037,0.017281,0.004185,8.555,22.187,idle_or_transition
23.155000,0,0,1931.36,3.9589,0.16945,34.27,50.049,4.340,217.23,34.487,30.701,-0.010042,-0.027177,0.015367,8.433,22.187,idle_or_transition
23.160000,0,0,1911.80,3.9388,0.17016,34.07,50.025,4.239,212.05,34.482,30.696,0.033035,0.018789,0.009106,8.329,22.187,idle_or_transition
23.165000,0,0,1899.72,3.7792,0.16026,31.88,50.075,4.251,212.88,34.477,30.692,-0.013293,-0.016759,0.006345,8.225,22.187,idle_or_transition
23.170000,0,0,1885.98,3.7666,0.16062,31.72,50.051,4.247,212.56,34.472,30.687,-0.005298,-0.022833,0.012145,8.284,22.187,idle_or_transition
23.175000,0,0,1875.03,3.6512,0.15592,30.62,50.064,4.136,207.08,34.467,30.682,-0.002339,-0.007277,0.002117,8.133,22.187,idle_or_transition
23.180000,0,0,1850.52,3.5755,0.15713,30.45,50.080,4.136,207.14,34.463,30.677,0.035003,0.021003,0.008805,8.167,22.187,idle_or_transition
23.185000,0,0,1847.53,3.6799,0.14648,28.34,50.029,4.184,209.32,34.458,30.672,0.031688,0.021811,0.006904,7.943,22.187,idle_or_transition
23.190000,0,0,1832.68,3.5597,0.15110,29.00,50.075,4.028,201.70,34.453,30.667,-0.007384,-0.027348,0.014450,7.913,22.187,idle_or_transition
23.195000,0,0,1816.07,3.5270,0.15103,28.72,50.043,4.029,201.63,34.448,30.662,0.013538,-0.000095,-0.014110,7.977,22.187,idle_or_transition
23.200000,0,0,1805.57,3.4036,0.14542,27.49,50.051,4.121,206.25,34.443,30.657,0.002367,-0.004907,-0.009459,7.862,22.187,idle_or_transition
23.205000,0,0,1794.52,3.3588,0.14113,26.52,50.066,4.097,205.11,34.438,30.652,0.021169,0.000143,-0.014019,7.837,22.187,idle_or_transition
23.210000,0,0,1785.42,3.2817,0.14336,26.80,50.060,3.911,195.79,34.433,30.647,-0.012550,0.006386,-0.004702,7.657,22.187,idle_or_transition
23.215000,0,0,1764.62,3.1911,0.14492,26.78,50.086,4.007,200.71,34.428,30.642,0.011257,0.023510,0.011600,7.642,22.187,idle_or_transition
23.220000,0,0,1756.83,3.2791,0.13982,25.72,50.057,3.919,196.16,34.422,30.637,0.034261,0.015864,0.004998,7.551,22.187,idle_or_transition
23.225000,0,0,1739.99,3.2452,0.13907,25.34,50.099,3.780,189.37,34.417,30.632,-0.025624,0.000532,-0.011739,7.585,22.187,idle_or_transition
23.230000,0,0,1729.36,3.1274,0.13850,25.08,50.077,3.759,188.24,34.412,30.626,-0.025223,0.001079,-0.013878,7.472,22.187,idle_or_transition
23.235000,0,0,1716.22,3.0805,0.13309,23.92,50.072,3.805,190.55,34.407,30.621,-0.016644,0.002098,-0.009042,7.429,22.187,idle_or_transition
23.240000,0,0,1702.27,3.0334,0.13084,23.32,50.090,3.680,184.32,34.402,30.616,-0.013978,-0.025189,0.012722,7.450,22.187,idle_or_transition
23.245000,0,0,1696.89,3.0132,0.12949,23.01,50.100,3.691,184.90,34.396,30.611,-0.019231,-0.013089,0.002395,7.428,22.187,idle_or_transition
23.250000,0,0,1678.62,2.9817,0.12347,21.71,50.101,3.764,188.57,34.391,30.606,-0.024058,-0.004852,-0.009327,7.342,22.187,idle_or_transition
23.255000,0,0,1667.75,2.9093,0.12349,21.57,50.076,3.649,182.74,34.386,30.600,-0.019914,-0.011425,0.003664,7.220,22.187,idle_or_transition
23.260000,0,0,1650.34,2.8959,0.12639,21.84,50.103,3.701,185.43,34.381,30.595,0.021361,0.025365,0.013404,7.082,22.187,idle_or_transition
23.265000,0,0,1649.17,2.9104,0.12073,20.85,50.095,3.755,188.09,34.375,30.590,-0.022960,0.000807,-0.010935,7.221,22.187,idle_or_transition
23.270000,0,0,1625.19,2.7910,0.12051,20.51,50.076,3.776,189.09,34.370,30.585,-0.010833,-0.021869,0.011773,7.159,22.187,idle_or_transition
23.275000,0,0,1617.55,2.7881,0.12784,21.65,50.114,3.680,184.42,34.365,30.580,-0.023599,0.001509,-0.011395,6.961,22.187,idle_or_transition
23.280000,0,0,1603.23,2.6515,0.11252,18.89,50.109,3.494,175.09,34.360,30.574,0.002934,-0.002099,-0.011256,7.003,22.187,idle_or_transition
23.285000,0,0,1601.95,2.8269,0.11746,19.70,50.101,3.639,182.34,34.354,30.569,0.009961,0.017646,0.012198,6.968,22.187,idle_or_transition
23.290000,0,0,1589.45,2.6115,0.12309,20.49,50.126,3.645,182.72,34.349,30.564,0.014848,-0.000491,-0.012659,6.956,22.187,idle_or_transition
23.295000,0,0,1571.15,2.5308,0.11315,18.62,50.127,3.649,182.90,34.344,30.559,0.011007,-0.003794,-0.012469,6.873,22.187,idle_or_transition
23.300000,0,0,1569.82,2.6373,0.11422,18.78,50.125,3.579,179.37,34.338,30.554,-0.002527,0.010826,0.000382,6.951,22.187,idle_or_transition
23.305000,0,0,1549.88,2.4378,0.10245,16.63,50.126,3.425,171.70,34.333,30.548,0.009744,-0.000351,-0.011492,6.716,22.187,idle_or_transition
23.310000,0,0,1540.04,2.5622,0.10627,17.14,50.110,3.561,178.46,34.328,30.543,-0.013159,-0.017166,0.006416,6.664,22.186,idle_or_transition
23.315000,0,0,1534.56,2.5221,0.11010,17.69,50.113,3.538,177.32,34.322,30.538,-0.014990,-0.013311,0.004590,6.701,22.186,idle_or_transition
23.320000,0,0,1517.54,2.3775,0.11304,17.96,50.110,3.379,169.33,34.317,30.532,0.027854,0.012163,0.003025,6.684,22.186,idle_or_transition
23.325000,0,0,1513.34,2.3618,0.11545,18.30,50.136,3.417,171.31,34.311,30.527,-0.015684,-0.013222,0.005796,6.604,22.186,idle_or_transition
23.330000,0,0,1507.39,2.3181,0.10228,16.15,50.108,3.391,169.90,34.306,30.522,-0.002873,-0.014369,0.006715,6.567,22.186,idle_or_transition
23.335000,0,0,1486.81,2.2757,0.09424,14.67,50.127,3.222,161.53,34.300,30.516,-0.010895,-0.020828,0.008913,6.380,22.186,idle_or_transition
23.340000,0,0,1478.22,2.2973,0.09428,14.60,50.118,3.388,169.79,34.295,30.511,-0.002052,-0.002998,-0.004599,6.540,22.186,idle_or_transition
23.345000,0,0,1467.38,2.3115,0.10300,15.83,50.145,3.198,160.35,34.289,30.505,0.011380,-0.001131,-0.014514,6.302,22.186,idle_or_transition
23.350000,0,0,1455.00,2.2088,0.08713,13.28,50.137,3.445,172.72,34.284,30.500,-0.012149,-0.018879,0.008733,6.341,22.186,idle_or_transition
23.355000,0,0,1444.40,2.1441,0.09029,13.66,50.115,3.234,162.07,34.278,30.495,-0.011696,-0.022180,0.008722,6.266,22.186,idle_or_transition
23.360000,0,0,1432.56,2.1167,0.09241,13.86,50.143,3.205,160.70,34.273,30.489,0.028147,0.018602,0.009850,6.220,22.186,idle_or_transition
23.365000,0,0,1426.65,2.1120,0.09585,14.32,50.133,3.208,160.80,34.267,30.484,-0.005224,0.011563,0.001506,6.100,22.186,idle_or_transition
23.370000,0,0,1417.05,2.1824,0.09345,13.87,50.106,3.198,160.26,34.262,30.478,0.007614,0.000871,-0.011058,6.238,22.186,idle_or_transition
23.375000,0,0,1409.44,2.1800,0.09287,13.71,50.144,3.196,160.26,34.256,30.473,-0.004023,-0.019075,0.007387,6.207,22.186,idle_or_transition
23.380000,0,0,1398.66,2.0396,0.09780,14.32,50.134,3.270,163.93,34.251,30.468,-0.000994,-0.004299,-0.002502,6.063,22.186,idle_or_transition
23.385000,0,0,1388.95,2.0425,0.08624,12.54,50.161,3.130,156.99,34.245,30.462,-0.019855,-0.000433,-0.009354,6.086,22.186,idle_or_transition
23.390000,0,0,1375.89,1.9946,0.08606,12.40,50.158,3.132,157.12,34.239,30.457,-0.019467,0.002421,-0.012377,5.949,22.186,idle_or_transition
23.395000,0,0,1369.93,1.9960,0.09117,13.08,50.152,3.185,159.71,34.234,30.451,-0.007115,-0.022451,0.012327,6.016,22.186,idle_or_transition
23.400000,0,0,1354.84,1.9732,0.08167,11.59,50.139,3.177,159.28,34.228,30.446,-0.020365,0.004287,-0.011495,5.736,22.186,idle_or_transition
23.405000,0,0,1343.36,1.9103,0.07051,9.92,50.182,3.039,152.49,34.223,30.440,-0.003939,-0.007750,-0.000379,5.813,22.186,idle_or_transition
23.410000,0,0,1338.25,1.8845,0.08477,11.88,50.144,3.181,159.52,34.217,30.435,-0.006475,-0.020108,0.012041,5.834,22.186,idle_or_transition
23.415000,0,0,1326.44,1.8001,0.07015,9.74,50.151,3.124,156.67,34.211,30.429,0.019647,0.019442,0.011600,5.784,22.186,idle_or_transition
23.420000,0,0,1318.28,1.8184,0.07627,10.53,50.171,3.098,155.45,34.206,30.424,0.009089,0.015732,0.005463,5.658,22.186,idle_or_transition
23.425000,0,0,1303.96,1.8202,0.07993,10.91,50.145,2.912,146.02,34.200,30.418,-0.005480,-0.020004,0.012218,5.531,22.186,idle_or_transition
23.430000,0,0,1298.71,1.7578,0.07858,10.69,50.113,3.092,154.94,34.194,30.413,-0.009548,-0.024399,0.008856,5.658,22.186,idle_or_transition
23.435000,0,0,1285.68,1.7474,0.07700,10.37,50.169,2.938,147.38,34.189,30.407,-0.010005,-0.016771,0.009714,5.572,22.186,idle_or_transition
23.440000,0,0,1286.14,1.7920,0.07880,10.61,50.163,2.946,147.78,34.183,30.402,-0.011840,0.002639,-0.005483,5.584,22.186,idle_or_transition
23.445000,0,0,1272.14,1.7086,0.07514,10.01,50.162,2.880,144.46,34.177,30.396,-0.004971,-0.019401,0.011478,5.465,22.186,idle_or_transition
23.450000,0,0,1266.10,1.6391,0.07945,10.53,50.169,2.897,145.32,34.171,30.391,0.011045,-0.001281,-0.012227,5.469,22.186,idle_or_transition
23.455000,0,0,1251.67,1.6013,0.06355,8.33,50.157,2.915,146.20,34.166,30.385,-0.020192,-0.000692,-0.008961,5.450,22.186,idle_or_transition
23.460000,0,0,1244.24,1.5770,0.06848,8.92,50.151,2.895,145.16,34.160,30.379,-0.000871,0.011350,0.006048,5.347,22.186,idle_or_transition
23.465000,0,0,1237.09,1.6885,0.08200,10.62,50.146,2.996,150.25,34.154,30.374,0.010915,0.001068,-0.011115,5.281,22.186,idle_or_transition
23.470000,0,0,1224.85,1.5306,0.07846,10.06,50.165,2.829,141.94,34.148,30.368,-0.009865,-0.022184,0.010120,5.249,22.186,idle_or_transition
23.475000,0,0,1212.90,1.5062,0.06274,7.97,50.175,2.896,145.31,34.143,30.363,0.010003,0.017788,0.008942,5.328,22.185,idle_or_transition
23.480000,0,0,1202.66,1.5807,0.06257,7.88,50.167,2.876,144.29,34.137,30.357,0.021817,0.017760,0.009035,5.345,22.185,idle_or_transition
23.485000,0,0,1195.44,1.4771,0.06136,7.68,50.131,2.877,144.24,34.131,30.352,-0.003255,-0.005737,-0.005073,5.204,22.185,idle_or_transition
23.490000,0,0,1197.37,1.5564,0.06652,8.34,50.165,2.748,137.84,34.125,30.346,0.012888,0.001327,-0.005131,5.196,22.185,idle_or_transition
23.495000,0,0,1184.86,1.4058,0.05748,7.13,50.161,2.786,139.73,34.120,30.340,-0.002797,-0.012052,0.001083,5.129,22.185,idle_or_transition
23.500000,0,0,1181.13,1.3901,0.06168,7.63,50.173,2.790,139.97,34.114,30.335,0.021511,0.018723,0.007617,5.012,22.185,idle_or_transition
23.505000,0,0,1165.07,1.4246,0.06713,8.19,50.175,2.777,139.35,34.108,30.329,-0.007736,0.003744,-0.004914,5.160,22.185,idle_or_transition
23.510000,0,0,1156.09,1.4060,0.05777,6.99,50.147,2.748,137.82,34.102,30.324,-0.004329,-0.016607,0.007817,4.974,22.185,idle_or_transition
23.515000,0,0,1154.16,1.4302,0.05662,6.84,50.187,2.740,137.54,34.096,30.318,-0.014707,-0.000899,-0.010823,5.018,22.185,idle_or_transition
23.520000,0,0,1143.19,1.3410,0.06779,8.12,50.219,2.661,133.66,34.090,30.312,-0.012660,-0.009854,0.005976,4.943,22.185,idle_or_transition
23.525000,0,0,1139.02,1.3748,0.06278,7.49,50.206,2.656,133.36,34.084,30.307,0.018811,0.016608,0.010708,4.959,22.185,idle_or_transition
23.530000,0,0,1132.53,1.3469,0.06203,7.36,50.189,2.648,132.90,34.079,30.301,-0.012639,-0.012510,0.003918,4.961,22.185,idle_or_transition
23.535000,0,0,1117.25,1.2861,0.05258,6.15,50.190,2.657,133.36,34.073,30.295,-0.017014,0.000055,-0.007996,4.897,22.185,idle_or_transition
23.540000,0,0,1110.76,1.2799,0.05830,6.78,50.196,2.633,132.14,34.067,30.290,0.007296,0.001340,-0.010998,4.946,22.185,idle_or_transition
23.545000,0,0,1106.56,1.4173,0.04832,5.60,50.179,2.688,134.87,34.061,30.284,-0.015029,-0.004934,-0.007547,4.785,22.185,idle_or_transition
23.550000,0,0,1089.15,1.1711,0.06396,7.30,50.172,2.702,135.55,34.055,30.278,0.009931,0.020216,0.009706,4.752,22.185,idle_or_transition
23.555000,0,0,1086.68,1.2732,0.05421,6.17,50.155,2.601,130.47,34.049,30.273,0.018905,0.009173,0.006912,4.819,22.185,idle_or_transition
23.560000,0,0,1080.75,1.1832,0.04479,5.07,50.186,2.611,131.01,34.043,30.267,-0.006306,0.000798,-0.003120,4.671,22.185,idle_or_transition
23.565000,0,0,1074.42,1.2370,0.06068,6.83,50.188,2.619,131.43,34.037,30.261,-0.009031,-0.013930,0.007083,4.645,22.185,idle_or_transition
23.570000,0,0,1063.12,1.1674,0.05296,5.90,50.204,2.493,125.14,34.031,30.256,0.018192,0.009707,0.002448,4.699,22.185,idle_or_transition
23.575000,0,0,1055.04,1.1725,0.05418,5.99,50.216,2.559,128.52,34.025,30.250,0.020112,0.017515,0.008241,4.595,22.185,idle_or_transition
23.580000,0,0,1051.62,1.0947,0.04609,5.08,50.187,2.454,123.18,34.019,30.244,-0.015292,0.000813,-0.010187,4.581,22.185,idle_or_transition
23.585000,0,0,1036.88,1.0247,0.05382,5.84,50.192,2.535,127.26,34.013,30.239,0.020399,0.013265,0.004543,4.452,22.185,idle_or_transition
23.590000,0,0,1026.54,1.1199,0.04845,5.21,50.215,2.538,127.46,34.007,30.233,0.020250,0.011216,-0.000409,4.471,22.185,idle_or_transition
23.595000,0,0,1027.57,1.0076,0.04814,5.18,50.184,2.526,126.76,34.002,30.227,-0.011222,-0.009809,0.004099,4.456,22.185,idle_or_transition
23.600000,0,0,1026.39,1.1922,0.04763,5.12,50.219,2.366,118.84,33.995,30.221,0.013583,0.001279,-0.008641,4.365,22.185,idle_or_transition
23.605000,0,0,1017.47,1.0488,0.03965,4.22,50.192,2.447,122.80,33.989,30.216,-0.017353,-0.001846,-0.007678,4.537,22.185,idle_or_transition
23.610000,0,0,1007.95,1.0026,0.03645,3.85,50.181,2.528,126.87,33.984,30.210,0.018251,0.005453,0.001680,4.438,22.185,idle_or_transition
23.615000,0,0,997.01,0.9706,0.04740,4.95,50.184,2.549,127.92,33.978,30.204,-0.000062,0.011639,0.001660,4.317,22.185,idle_or_transition
23.620000,0,0,988.35,1.0696,0.04034,4.17,50.219,2.394,120.23,33.972,30.199,-0.012072,-0.012326,0.003225,4.378,22.185,idle_or_transition
23.625000,0,0,980.63,0.9300,0.04188,4.30,50.196,2.456,123.29,33.966,30.193,-0.015264,-0.005628,0.000817,4.243,22.185,idle_or_transition
23.630000,0,0,971.10,1.0694,0.04567,4.64,50.219,2.454,123.23,33.960,30.187,0.011987,0.013578,0.007667,4.187,22.185,idle_or_transition
23.635000,0,0,964.20,0.9836,0.04424,4.47,50.201,2.341,117.50,33.954,30.181,0.000495,-0.001304,-0.002130,4.136,22.184,idle_or_transition
23.640000,0,0,962.36,0.9559,0.05171,5.21,50.211,2.379,119.47,33.947,30.176,-0.013733,-0.001891,-0.004267,4.126,22.184,idle_or_transition
23.645000,0,0,953.83,0.9143,0.04219,4.21,50.186,2.376,119.24,33.941,30.170,-0.002774,-0.010640,0.004643,4.201,22.184,idle_or_transition
23.650000,0,0,954.44,0.9467,0.04790,4.79,50.181,2.437,122.29,33.935,30.164,-0.015212,0.001916,-0.007879,4.091,22.184,idle_or_transition
23.655000,0,0,944.80,0.9089,0.04635,4.59,50.231,2.375,119.28,33.929,30.158,0.015896,0.018207,0.007705,4.042,22.184,idle_or_transition
23.660000,0,0,938.11,0.9695,0.04081,4.01,50.208,2.389,119.96,33.923,30.153,-0.005630,-0.013533,0.006823,4.172,22.184,idle_or_transition
23.665000,0,0,930.77,0.8670,0.04113,4.01,50.235,2.342,117.67,33.917,30.147,-0.011794,-0.004219,-0.002292,4.101,22.184,idle_or_transition
23.670000,0,0,920.23,0.8847,0.04426,4.27,50.196,2.391,119.99,33.911,30.141,-0.008370,-0.010052,0.004634,3.883,22.184,idle_or_transition
23.675000,0,0,924.45,0.8581,0.03541,3.43,50.233,2.189,109.95,33.905,30.135,0.003988,-0.001838,-0.006700,4.104,22.184,idle_or_transition
23.680000,0,0,918.12,0.9371,0.04267,4.10,50.196,2.343,117.62,33.899,30.130,-0.002057,0.008240,0.001099,3.919,22.184,idle_or_transition
23.685000,0,0,901.19,0.8059,0.03534,3.34,50.225,2.396,120.32,33.893,30.124,0.005349,0.000679,-0.008790,3.908,22.184,idle_or_transition
23.690000,0,0,896.47,0.9247,0.03914,3.67,50.205,2.362,118.58,33.887,30.118,-0.006400,-0.013092,0.007207,3.847,22.184,idle_or_transition
23.695000,0,0,891.87,0.8592,0.04648,4.34,50.226,2.300,115.51,33.881,30.113,-0.016981,-0.000417,-0.008452,3.929,22.184,idle_or_transition
23.700000,0,0,889.99,0.8523,0.02929,2.73,50.235,2.360,118.57,33.875,30.107,0.016651,0.005925,0.003470,3.986,22.184,idle_or_transition
23.705000,0,0,878.34,0.8146,0.04106,3.78,50.230,2.306,115.83,33.869,30.101,-0.008840,-0.011280,0.005670,3.744,22.184,idle_or_transition
23.710000,0,0,872.10,0.7879,0.03858,3.52,50.211,2.206,110.79,33.863,30.095,0.015226,0.000713,-0.004049,3.824,22.184,idle_or_transition
23.715000,0,0,862.87,0.7403,0.03089,2.79,50.213,2.383,119.65,33.857,30.090,-0.010144,-0.004263,0.001783,3.738,22.184,idle_or_transition
23.720000,0,0,857.02,0.7657,0.03294,2.96,50.219,2.338,117.41,33.851,30.084,-0.004535,-0.002066,0.001742,3.683,22.184,idle_or_transition
23.725000,0,0,856.33,0.7085,0.03335,2.99,50.214,2.268,113.90,33.845,30.078,0.013809,0.001280,-0.005127,3.636,22.184,idle_or_transition
23.730000,0,0,844.71,0.7424,0.03091,2.73,50.242,2.123,106.67,33.839,30.072,-0.015712,0.000002,-0.003738,3.599,22.184,idle_or_transition
23.735000,0,0,842.87,0.6991,0.03288,2.90,50.238,2.252,113.14,33.833,30.067,0.011779,0.016477,0.010693,3.641,22.184,idle_or_transition
23.740000,0,0,833.48,0.8627,0.02285,1.99,50.215,2.173,109.13,33.827,30.061,-0.002968,-0.004580,-0.002292,3.619,22.184,idle_or_transition
23.745000,0,0,823.48,0.6548,0.03001,2.59,50.198,2.231,112.01,33.821,30.055,-0.005385,-0.011916,0.006027,3.533,22.184,idle_or_transition
23.750000,0,0,827.34,0.7771,0.03522,3.05,50.234,2.123,106.62,33.814,30.049,0.018525,0.009146,0.004294,3.675,22.184,idle_or_transition
23.755000,0,0,815.58,0.7260,0.01956,1.67,50.193,2.211,110.99,33.808,30.044,-0.003159,-0.015236,0.005666,3.581,22.184,idle_or_transition
23.760000,0,0,805.64,0.7270,0.02701,2.28,50.224,2.145,107.73,33.802,30.038,-0.010596,-0.007462,-0.002669,3.578,22.184,idle_or_transition
23.765000,0,0,809.29,0.6804,0.03608,3.06,50.208,2.109,105.90,33.796,30.032,0.018755,0.001893,-0.002638,3.511,22.184,idle_or_transition
23.770000,0,0,804.05,0.7492,0.03168,2.67,50.212,2.176,109.27,33.790,30.026,0.017927,0.005975,-0.002087,3.551,22.184,idle_or_transition
23.775000,0,0,795.44,0.6740,0.02229,1.86,50.213,2.185,109.70,33.784,30.020,-0.011196,-0.000796,-0.007078,3.527,22.184,idle_or_transition
23.780000,0,0,783.57,0.6626,0.02239,1.84,50.208,2.120,106.46,33.778,30.015,0.014246,0.001719,-0.001282,3.359,22.184,idle_or_transition
23.785000,0,0,780.42,0.7576,0.03632,2.97,50.224,2.201,110.55,33.772,30.009,0.008283,0.010872,0.007194,3.302,22.183,idle_or_transition
23.790000,0,0,777.37,0.6189,0.02974,2.42,50.226,2.058,103.37,33.766,30.003,-0.008959,0.005251,-0.002842,3.422,22.183,idle_or_transition
23.795000,0,0,776.57,0.6773,0.02478,2.01,50.213,2.070,103.93,33.759,29.997,-0.004795,-0.014153,0.003851,3.543,22.183,idle_or_transition
23.800000,0,0,769.87,0.5710,0.03631,2.93,50.236,2.080,104.51,33.753,29.991,0.008363,0.016205,0.008072,3.385,22.183,idle_or_transition
23.805000,0,0,754.16,0.6438,0.02137,1.69,50.226,2.079,104.41,33.747,29.986,-0.013015,0.001804,-0.002799,3.300,22.183,idle_or_transition
23.810000,0,0,754.08,0.6846,0.02446,1.93,50.215,2.160,108.46,33.741,29.980,-0.003070,0.003733,-0.004005,3.257,22.183,idle_or_transition
23.815000,0,0,746.79,0.6353,0.02661,2.08,50.204,2.083,104.58,33.735,29.974,0.014159,0.013749,0.009100,3.298,22.183,idle_or_transition
23.820000,0,0,741.08,0.5772,0.02343,1.82,50.220,1.971,98.99,33.729,29.968,-0.010398,0.002679,-0.003248,3.107,22.183,idle_or_transition
23.825000,0,0,735.83,0.6147,0.02079,1.60,50.245,1.914,96.19,33.722,29.962,-0.007303,0.000661,-0.005745,3.124,22.183,idle_or_transition
23.830000,0,0,736.59,0.6133,0.03078,2.37,50.210,2.126,106.76,33.716,29.957,0.011918,0.001206,-0.006067,3.177,22.183,idle_or_transition
23.835000,0,0,724.69,0.5698,0.01885,1.43,50.227,2.108,105.89,33.710,29.951,-0.002718,-0.015982,0.009015,3.109,22.183,idle_or_transition
23.840000,0,0,717.95,0.4893,0.01839,1.38,50.234,2.030,101.98,33.704,29.945,-0.002984,0.006343,0.002230,3.199,22.183,idle_or_transition
23.845000,0,0,714.58,0.5486,0.02507,1.88,50.242,2.040,102.50,33.698,29.939,-0.011104,-0.006844,0.000711,3.287,22.183,idle_or_transition
23.850000,0,0,722.40,0.5053,0.02237,1.69,50.244,2.025,101.76,33.692,29.934,-0.012009,0.001262,-0.007041,3.164,22.183,idle_or_transition
23.855000,0,0,708.71,0.5007,0.02004,1.49,50.247,1.952,98.06,33.686,29.928,-0.003893,-0.007376,0.005211,3.012,22.183,idle_or_transition
23.860000,0,0,695.56,0.4937,0.02640,1.92,50.230,2.071,104.01,33.679,29.922,0.004411,0.000134,-0.010510,3.105,22.183,idle_or_transition
23.865000,0,0,697.20,0.5766,0.02801,2.05,50.214,2.033,102.08,33.673,29.916,0.005945,0.010067,0.006453,3.109,22.183,idle_or_transition
23.870000,0,0,692.49,0.4228,0.02474,1.79,50.259,2.040,102.54,33.667,29.911,0.013876,0.005341,-0.000346,3.038,22.183,idle_or_transition
23.875000,0,0,690.44,0.4383,0.01534,1.11,50.213,1.999,100.39,33.661,29.905,-0.002053,-0.006337,0.000185,2.961,22.183,idle_or_transition
23.880000,0,0,685.60,0.4904,0.02642,1.90,50.243,2.028,101.88,33.655,29.899,-0.003643,-0.013564,0.004194,2.985,22.183,idle_or_transition
23.885000,0,0,679.49,0.4569,0.02506,1.78,50.245,1.955,98.22,33.649,29.893,0.014688,0.005346,-0.001341,2.885,22.183,idle_or_transition
23.890000,0,0,675.66,0.5502,0.01509,1.07,50.242,1.951,98.00,33.643,29.888,-0.010592,-0.000644,-0.003368,2.953,22.183,idle_or_transition
23.895000,0,0,665.79,0.4474,0.01946,1.36,50.250,1.897,95.33,33.636,29.882,-0.007680,-0.002261,-0.006071,2.931,22.183,idle_or_transition
23.900000,0,0,663.39,0.5109,0.00664,0.46,50.254,1.862,93.59,33.630,29.876,-0.001499,0.010128,0.000323,2.909,22.183,idle_or_transition
23.905000,0,0,662.16,0.3460,0.00864,0.60,50.233,1.882,94.52,33.624,29.870,-0.005788,-0.013083,0.005681,2.852,22.183,idle_or_transition
23.910000,0,0,654.26,0.4769,0.01883,1.29,50.237,1.925,96.71,33.618,29.864,-0.002377,-0.001883,-0.000478,2.955,22.183,idle_or_transition
23.915000,0,0,650.58,0.4822,0.02613,1.78,50.254,1.833,92.12,33.612,29.858,0.006095,0.011979,0.005823,2.872,22.183,idle_or_transition
23.920000,0,0,641.71,0.4974,0.00907,0.61,50.246,1.851,93.01,33.605,29.853,-0.001514,-0.014750,0.004097,2.937,22.183,idle_or_transition
23.925000,0,0,634.29,0.3982,0.01713,1.14,50.241,1.975,99.20,33.599,29.847,-0.007683,-0.007427,0.004656,2.651,22.183,idle_or_transition
23.930000,0,0,639.39,0.3804,0.02524,1.69,50.242,1.790,89.94,33.593,29.841,-0.011119,0.000509,-0.006207,2.803,22.183,idle_or_transition
23.935000,0,0,626.87,0.3689,0.00905,0.59,50.220,1.952,98.03,33.587,29.835,-0.015105,-0.002487,-0.008631,2.628,22.182,idle_or_transition
23.940000,0,0,627.78,0.3818,0.01816,1.19,50.260,1.858,93.39,33.581,29.829,0.014101,0.002598,-0.001476,2.791,22.182,idle_or_transition
23.945000,0,0,622.37,0.4003,0.01567,1.02,50.225,2.065,103.74,33.574,29.824,0.012958,0.014322,0.006021,2.640,22.182,idle_or_transition
23.950000,0,0,622.20,0.4429,0.01104,0.72,50.221,1.946,97.73,33.568,29.818,0.012739,0.010387,0.006450,2.640,22.182,idle_or_transition
23.955000,0,0,610.87,0.4801,0.00536,0.34,50.242,1.982,99.59,33.562,29.812,-0.008401,-0.009761,0.003928,2.709,22.182,idle_or_transition
23.960000,0,0,605.20,0.4096,0.02246,1.42,50.229,1.828,91.84,33.556,29.807,0.002677,-0.004756,-0.003890,2.480,22.182,idle_or_transition
23.965000,0,0,602.31,0.4792,0.01756,1.11,50.253,1.797,90.28,33.550,29.801,0.007411,0.000730,-0.006275,2.546,22.182,idle_or_transition
23.970000,0,0,603.82,0.3926,0.01131,0.72,50.267,1.801,90.51,33.544,29.795,-0.002022,0.003957,0.002024,2.625,22.182,idle_or_transition
23.975000,0,0,598.87,0.3165,0.01698,1.06,50.247,1.725,86.66,33.537,29.789,0.007200,0.009413,0.006346,2.563,22.182,idle_or_transition
23.980000,0,0,588.62,0.4387,0.01701,1.05,50.254,1.894,95.17,33.531,29.783,0.002587,0.007603,0.002866,2.500,22.182,idle_or_transition
23.985000,0,0,590.34,0.4263,0.00729,0.45,50.253,1.936,97.27,33.525,29.778,-0.010759,-0.002718,-0.000905,2.540,22.182,idle_or_transition
23.990000,0,0,589.36,0.3789,0.02255,1.39,50.255,1.912,96.07,33.519,29.772,0.000846,-0.001460,-0.005031,2.725,22.182,idle_or_transition
23.995000,0,0,582.73,0.3825,0.01039,0.63,50.253,1.957,98.36,33.513,29.766,-0.012023,0.000636,-0.008458,2.497,22.182,idle_or_transition
24.000000,0,0,573.16,0.3400,0.01353,0.81,50.264,1.915,96.26,33.507,29.761,0.008544,0.009543,0.005043,2.457,22.182,idle_or_transition
24.005000,0,0,574.84,0.3741,0.01905,1.15,50.245,1.840,92.44,33.501,29.755,-0.013050,-0.002592,-0.005392,2.543,22.182,idle_or_transition
24.010000,0,0,563.06,0.3411,0.00954,0.56,50.265,1.744,87.65,33.494,29.749,0.009666,0.012748,0.006444,2.329,22.182,idle_or_transition
24.015000,0,0,559.63,0.3543,0.01262,0.74,50.256,1.800,90.47,33.488,29.743,-0.013613,0.000521,-0.002146,2.342,22.182,idle_or_transition
24.020000,0,0,555.21,0.3018,0.01327,0.77,50.244,1.651,82.93,33.482,29.737,0.007159,0.013384,0.005695,2.457,22.182,idle_or_transition
